[2026-08-25 13:37:43] GPU1 START J3 coco adversarial
{
  "protocol_version": "instructblip-ricd-j3-fixed-popular-adversarial-v1",
  "model": "instructblip",
  "benchmark": "pope",
  "method": "ricd",
  "dataset": "coco",
  "setting": "adversarial",
  "seed": 1,
  "samples": 3000,
  "image_root": "/root/autodl-tmp/CCR-master/data/coco/val2014",
  "completed": 0,
  "job_dir": "/root/autodl-tmp/CCR-master/outputs/instructblip_ricd_j3_fixed_popular_adversarial_v1/instructblip/pope/ricd/coco/adversarial/seed1",
  "config_path": "/root/autodl-tmp/CCR-master/configs/instructblip_j3_popular_adversarial/j3_fixed.json",
  "generation": {
    "do_sample": false,
    "temperature": 1.0,
    "top_p": 1.0,
    "top_k": null,
    "max_new_tokens": 32,
    "use_cache": true
  }
}
[InstructBLIP] Loading via HF: Salesforce/instructblip-vicuna-7b...
/root/miniconda3/lib/python3.10/site-packages/huggingface_hub/file_download.py:942: FutureWarning: `resume_download` is deprecated and will be removed in version 1.0.0. Downloads always resume when possible. If you want to force a new download, use `force_download=True`.
  warnings.warn(
You are using the legacy behaviour of the <class 'transformers.models.llama.tokenization_llama.LlamaTokenizer'>. This means that tokens that come after special tokens will not be properly handled. We recommend you to read the related pull request available at https://github.com/huggingface/transformers/pull/24565

Loading checkpoint shards:   0%|          | 0/4 [00:00<?, ?it/s]
Loading checkpoint shards:  25%|██▌       | 1/4 [00:04<00:12,  4.18s/it]
Loading checkpoint shards:  50%|█████     | 2/4 [00:06<00:06,  3.19s/it]
Loading checkpoint shards:  75%|███████▌  | 3/4 [00:08<00:02,  2.60s/it]
Loading checkpoint shards: 100%|██████████| 4/4 [00:09<00:00,  1.74s/it]
Loading checkpoint shards: 100%|██████████| 4/4 [00:09<00:00,  2.25s/it]
Some weights of InstructBlipForConditionalGeneration were not initialized from the model checkpoint at Salesforce/instructblip-vicuna-7b and are newly initialized: ['language_model.model.layers.17.self_attn.rotary_emb.inv_freq', 'language_model.model.layers.12.self_attn.rotary_emb.inv_freq', 'language_model.model.layers.10.self_attn.rotary_emb.inv_freq', 'language_model.model.layers.28.self_attn.rotary_emb.inv_freq', 'language_model.model.layers.6.self_attn.rotary_emb.inv_freq', 'language_model.model.layers.31.self_attn.rotary_emb.inv_freq', 'language_model.model.layers.7.self_attn.rotary_emb.inv_freq', 'language_model.model.layers.26.self_attn.rotary_emb.inv_freq', 'language_model.model.layers.1.self_attn.rotary_emb.inv_freq', 'language_model.model.layers.21.self_attn.rotary_emb.inv_freq', 'language_model.model.layers.0.self_attn.rotary_emb.inv_freq', 'language_model.model.layers.30.self_attn.rotary_emb.inv_freq', 'language_model.model.layers.15.self_attn.rotary_emb.inv_freq', 'language_model.model.layers.20.self_attn.rotary_emb.inv_freq', 'language_model.model.layers.22.self_attn.rotary_emb.inv_freq', 'language_model.model.layers.24.self_attn.rotary_emb.inv_freq', 'language_model.model.layers.19.self_attn.rotary_emb.inv_freq', 'language_model.model.layers.18.self_attn.rotary_emb.inv_freq', 'language_model.model.layers.11.self_attn.rotary_emb.inv_freq', 'language_model.model.layers.14.self_attn.rotary_emb.inv_freq', 'language_model.model.layers.29.self_attn.rotary_emb.inv_freq', 'language_model.model.layers.23.self_attn.rotary_emb.inv_freq', 'language_model.model.layers.5.self_attn.rotary_emb.inv_freq', 'language_model.model.layers.16.self_attn.rotary_emb.inv_freq', 'language_model.model.layers.2.self_attn.rotary_emb.inv_freq', 'language_model.model.layers.9.self_attn.rotary_emb.inv_freq', 'language_model.model.layers.4.self_attn.rotary_emb.inv_freq', 'language_model.model.layers.8.self_attn.rotary_emb.inv_freq', 'language_model.model.layers.3.self_attn.rotary_emb.inv_freq', 'language_model.model.layers.25.self_attn.rotary_emb.inv_freq', 'language_model.model.layers.13.self_attn.rotary_emb.inv_freq', 'language_model.model.layers.27.self_attn.rotary_emb.inv_freq']
You should probably TRAIN this model on a down-stream task to be able to use it for predictions and inference.
[InstructBLIP] Loaded (HF).

instructblip/pope/ricd/coco/adversarial/seed1:   0%|          | 0/3000 [00:00<?, ?it/s]
instructblip/pope/ricd/coco/adversarial/seed1:   0%|          | 1/3000 [00:01<1:13:29,  1.47s/it]
instructblip/pope/ricd/coco/adversarial/seed1:   0%|          | 2/3000 [00:01<35:05,  1.42it/s]  
instructblip/pope/ricd/coco/adversarial/seed1:   0%|          | 3/3000 [00:01<22:52,  2.18it/s]
instructblip/pope/ricd/coco/adversarial/seed1:   0%|          | 4/3000 [00:01<17:06,  2.92it/s]
instructblip/pope/ricd/coco/adversarial/seed1:   0%|          | 5/3000 [00:02<14:06,  3.54it/s]
instructblip/pope/ricd/coco/adversarial/seed1:   0%|          | 6/3000 [00:02<12:09,  4.10it/s]
instructblip/pope/ricd/coco/adversarial/seed1:   0%|          | 7/3000 [00:02<10:53,  4.58it/s]
instructblip/pope/ricd/coco/adversarial/seed1:   0%|          | 8/3000 [00:02<10:06,  4.94it/s]
instructblip/pope/ricd/coco/adversarial/seed1:   0%|          | 9/3000 [00:02<09:40,  5.15it/s]
instructblip/pope/ricd/coco/adversarial/seed1:   0%|          | 10/3000 [00:02<09:22,  5.32it/s]
instructblip/pope/ricd/coco/adversarial/seed1:   0%|          | 11/3000 [00:03<09:06,  5.47it/s]
instructblip/pope/ricd/coco/adversarial/seed1:   0%|          | 12/3000 [00:03<08:58,  5.55it/s]
instructblip/pope/ricd/coco/adversarial/seed1:   0%|          | 13/3000 [00:03<08:55,  5.58it/s]
instructblip/pope/ricd/coco/adversarial/seed1:   0%|          | 14/3000 [00:03<08:53,  5.60it/s]
instructblip/pope/ricd/coco/adversarial/seed1:   0%|          | 15/3000 [00:03<08:48,  5.64it/s]
instructblip/pope/ricd/coco/adversarial/seed1:   1%|          | 16/3000 [00:04<08:53,  5.59it/s]
instructblip/pope/ricd/coco/adversarial/seed1:   1%|          | 17/3000 [00:04<08:47,  5.66it/s]
instructblip/pope/ricd/coco/adversarial/seed1:   1%|          | 18/3000 [00:04<08:48,  5.64it/s]
instructblip/pope/ricd/coco/adversarial/seed1:   1%|          | 19/3000 [00:04<08:39,  5.74it/s]
instructblip/pope/ricd/coco/adversarial/seed1:   1%|          | 20/3000 [00:04<08:34,  5.79it/s]
instructblip/pope/ricd/coco/adversarial/seed1:   1%|          | 21/3000 [00:04<08:31,  5.82it/s]
instructblip/pope/ricd/coco/adversarial/seed1:   1%|          | 22/3000 [00:05<08:33,  5.80it/s]
instructblip/pope/ricd/coco/adversarial/seed1:   1%|          | 23/3000 [00:05<08:30,  5.83it/s]
instructblip/pope/ricd/coco/adversarial/seed1:   1%|          | 24/3000 [00:05<08:27,  5.86it/s]
instructblip/pope/ricd/coco/adversarial/seed1:   1%|          | 25/3000 [00:05<08:32,  5.80it/s]
instructblip/pope/ricd/coco/adversarial/seed1:   1%|          | 26/3000 [00:05<08:23,  5.91it/s]
instructblip/pope/ricd/coco/adversarial/seed1:   1%|          | 27/3000 [00:05<08:23,  5.90it/s]
instructblip/pope/ricd/coco/adversarial/seed1:   1%|          | 28/3000 [00:06<08:31,  5.81it/s]
instructblip/pope/ricd/coco/adversarial/seed1:   1%|          | 29/3000 [00:06<08:33,  5.78it/s]
instructblip/pope/ricd/coco/adversarial/seed1:   1%|          | 30/3000 [00:06<08:26,  5.86it/s]
instructblip/pope/ricd/coco/adversarial/seed1:   1%|          | 31/3000 [00:06<08:24,  5.89it/s]
instructblip/pope/ricd/coco/adversarial/seed1:   1%|          | 32/3000 [00:06<08:41,  5.69it/s]
instructblip/pope/ricd/coco/adversarial/seed1:   1%|          | 33/3000 [00:06<08:32,  5.79it/s]
instructblip/pope/ricd/coco/adversarial/seed1:   1%|          | 34/3000 [00:07<08:45,  5.65it/s]
instructblip/pope/ricd/coco/adversarial/seed1:   1%|          | 35/3000 [00:07<08:41,  5.69it/s]
instructblip/pope/ricd/coco/adversarial/seed1:   1%|          | 36/3000 [00:07<08:32,  5.78it/s]
instructblip/pope/ricd/coco/adversarial/seed1:   1%|          | 37/3000 [00:07<08:30,  5.81it/s]
instructblip/pope/ricd/coco/adversarial/seed1:   1%|▏         | 38/3000 [00:07<08:27,  5.84it/s]
instructblip/pope/ricd/coco/adversarial/seed1:   1%|▏         | 39/3000 [00:08<08:28,  5.82it/s]
instructblip/pope/ricd/coco/adversarial/seed1:   1%|▏         | 40/3000 [00:08<08:29,  5.81it/s]
instructblip/pope/ricd/coco/adversarial/seed1:   1%|▏         | 41/3000 [00:08<08:30,  5.80it/s]
instructblip/pope/ricd/coco/adversarial/seed1:   1%|▏         | 42/3000 [00:08<08:33,  5.76it/s]
instructblip/pope/ricd/coco/adversarial/seed1:   1%|▏         | 43/3000 [00:08<08:37,  5.71it/s]
instructblip/pope/ricd/coco/adversarial/seed1:   1%|▏         | 44/3000 [00:08<08:35,  5.74it/s]
instructblip/pope/ricd/coco/adversarial/seed1:   2%|▏         | 45/3000 [00:09<08:30,  5.79it/s]
instructblip/pope/ricd/coco/adversarial/seed1:   2%|▏         | 46/3000 [00:09<08:25,  5.85it/s]
instructblip/pope/ricd/coco/adversarial/seed1:   2%|▏         | 47/3000 [00:09<08:32,  5.76it/s]
instructblip/pope/ricd/coco/adversarial/seed1:   2%|▏         | 48/3000 [00:09<08:28,  5.80it/s]
instructblip/pope/ricd/coco/adversarial/seed1:   2%|▏         | 49/3000 [00:09<08:26,  5.82it/s]
instructblip/pope/ricd/coco/adversarial/seed1:   2%|▏         | 50/3000 [00:09<08:25,  5.83it/s]
instructblip/pope/ricd/coco/adversarial/seed1:   2%|▏         | 51/3000 [00:10<08:21,  5.88it/s]
instructblip/pope/ricd/coco/adversarial/seed1:   2%|▏         | 52/3000 [00:10<08:18,  5.91it/s]
instructblip/pope/ricd/coco/adversarial/seed1:   2%|▏         | 53/3000 [00:10<08:26,  5.82it/s]
instructblip/pope/ricd/coco/adversarial/seed1:   2%|▏         | 54/3000 [00:10<08:30,  5.77it/s]
instructblip/pope/ricd/coco/adversarial/seed1:   2%|▏         | 55/3000 [00:10<08:27,  5.80it/s]
instructblip/pope/ricd/coco/adversarial/seed1:   2%|▏         | 56/3000 [00:10<08:46,  5.59it/s]
instructblip/pope/ricd/coco/adversarial/seed1:   2%|▏         | 57/3000 [00:11<08:38,  5.67it/s]
instructblip/pope/ricd/coco/adversarial/seed1:   2%|▏         | 58/3000 [00:11<08:42,  5.63it/s]
instructblip/pope/ricd/coco/adversarial/seed1:   2%|▏         | 59/3000 [00:11<08:42,  5.63it/s]
instructblip/pope/ricd/coco/adversarial/seed1:   2%|▏         | 60/3000 [00:11<08:34,  5.71it/s]
instructblip/pope/ricd/coco/adversarial/seed1:   2%|▏         | 61/3000 [00:11<08:30,  5.76it/s]
instructblip/pope/ricd/coco/adversarial/seed1:   2%|▏         | 62/3000 [00:12<08:34,  5.71it/s]
instructblip/pope/ricd/coco/adversarial/seed1:   2%|▏         | 63/3000 [00:12<08:37,  5.67it/s]
instructblip/pope/ricd/coco/adversarial/seed1:   2%|▏         | 64/3000 [00:12<08:31,  5.74it/s]
instructblip/pope/ricd/coco/adversarial/seed1:   2%|▏         | 65/3000 [00:12<08:24,  5.82it/s]
instructblip/pope/ricd/coco/adversarial/seed1:   2%|▏         | 66/3000 [00:12<08:33,  5.72it/s]
instructblip/pope/ricd/coco/adversarial/seed1:   2%|▏         | 67/3000 [00:12<08:24,  5.81it/s]
instructblip/pope/ricd/coco/adversarial/seed1:   2%|▏         | 68/3000 [00:13<08:28,  5.77it/s]
instructblip/pope/ricd/coco/adversarial/seed1:   2%|▏         | 69/3000 [00:13<08:23,  5.82it/s]
instructblip/pope/ricd/coco/adversarial/seed1:   2%|▏         | 70/3000 [00:13<08:20,  5.85it/s]
instructblip/pope/ricd/coco/adversarial/seed1:   2%|▏         | 71/3000 [00:13<08:15,  5.91it/s]
instructblip/pope/ricd/coco/adversarial/seed1:   2%|▏         | 72/3000 [00:13<08:13,  5.93it/s]
instructblip/pope/ricd/coco/adversarial/seed1:   2%|▏         | 73/3000 [00:13<08:23,  5.82it/s]
instructblip/pope/ricd/coco/adversarial/seed1:   2%|▏         | 74/3000 [00:14<08:18,  5.88it/s]
instructblip/pope/ricd/coco/adversarial/seed1:   2%|▎         | 75/3000 [00:14<08:15,  5.90it/s]
instructblip/pope/ricd/coco/adversarial/seed1:   3%|▎         | 76/3000 [00:14<08:10,  5.96it/s]
instructblip/pope/ricd/coco/adversarial/seed1:   3%|▎         | 77/3000 [00:14<08:19,  5.85it/s]
instructblip/pope/ricd/coco/adversarial/seed1:   3%|▎         | 78/3000 [00:14<08:14,  5.91it/s]
instructblip/pope/ricd/coco/adversarial/seed1:   3%|▎         | 79/3000 [00:14<08:21,  5.83it/s]
instructblip/pope/ricd/coco/adversarial/seed1:   3%|▎         | 80/3000 [00:15<08:14,  5.90it/s]
instructblip/pope/ricd/coco/adversarial/seed1:   3%|▎         | 81/3000 [00:15<08:11,  5.94it/s]
instructblip/pope/ricd/coco/adversarial/seed1:   3%|▎         | 82/3000 [00:15<08:06,  6.00it/s]
instructblip/pope/ricd/coco/adversarial/seed1:   3%|▎         | 83/3000 [00:15<08:06,  5.99it/s]
instructblip/pope/ricd/coco/adversarial/seed1:   3%|▎         | 84/3000 [00:15<08:08,  5.97it/s]
instructblip/pope/ricd/coco/adversarial/seed1:   3%|▎         | 85/3000 [00:15<08:01,  6.05it/s]
instructblip/pope/ricd/coco/adversarial/seed1:   3%|▎         | 86/3000 [00:16<07:58,  6.09it/s]
instructblip/pope/ricd/coco/adversarial/seed1:   3%|▎         | 87/3000 [00:16<07:54,  6.14it/s]
instructblip/pope/ricd/coco/adversarial/seed1:   3%|▎         | 88/3000 [00:16<07:54,  6.14it/s]
instructblip/pope/ricd/coco/adversarial/seed1:   3%|▎         | 89/3000 [00:16<07:53,  6.14it/s]
instructblip/pope/ricd/coco/adversarial/seed1:   3%|▎         | 90/3000 [00:16<07:53,  6.14it/s]
instructblip/pope/ricd/coco/adversarial/seed1:   3%|▎         | 91/3000 [00:16<08:01,  6.04it/s]
instructblip/pope/ricd/coco/adversarial/seed1:   3%|▎         | 92/3000 [00:17<08:06,  5.98it/s]
instructblip/pope/ricd/coco/adversarial/seed1:   3%|▎         | 93/3000 [00:17<08:08,  5.95it/s]
instructblip/pope/ricd/coco/adversarial/seed1:   3%|▎         | 94/3000 [00:17<08:08,  5.95it/s]
instructblip/pope/ricd/coco/adversarial/seed1:   3%|▎         | 95/3000 [00:17<08:21,  5.80it/s]
instructblip/pope/ricd/coco/adversarial/seed1:   3%|▎         | 96/3000 [00:17<08:14,  5.87it/s]
instructblip/pope/ricd/coco/adversarial/seed1:   3%|▎         | 97/3000 [00:17<08:09,  5.93it/s]
instructblip/pope/ricd/coco/adversarial/seed1:   3%|▎         | 98/3000 [00:18<08:06,  5.96it/s]
instructblip/pope/ricd/coco/adversarial/seed1:   3%|▎         | 99/3000 [00:18<08:03,  6.00it/s]
instructblip/pope/ricd/coco/adversarial/seed1:   3%|▎         | 100/3000 [00:18<08:06,  5.96it/s]
instructblip/pope/ricd/coco/adversarial/seed1:   3%|▎         | 101/3000 [00:18<08:07,  5.95it/s]
instructblip/pope/ricd/coco/adversarial/seed1:   3%|▎         | 102/3000 [00:18<08:02,  6.00it/s]
instructblip/pope/ricd/coco/adversarial/seed1:   3%|▎         | 103/3000 [00:18<08:07,  5.94it/s]
instructblip/pope/ricd/coco/adversarial/seed1:   3%|▎         | 104/3000 [00:19<08:11,  5.89it/s]
instructblip/pope/ricd/coco/adversarial/seed1:   4%|▎         | 105/3000 [00:19<08:10,  5.90it/s]
instructblip/pope/ricd/coco/adversarial/seed1:   4%|▎         | 106/3000 [00:19<08:08,  5.93it/s]
instructblip/pope/ricd/coco/adversarial/seed1:   4%|▎         | 107/3000 [00:19<08:14,  5.85it/s]
instructblip/pope/ricd/coco/adversarial/seed1:   4%|▎         | 108/3000 [00:19<08:16,  5.82it/s]
instructblip/pope/ricd/coco/adversarial/seed1:   4%|▎         | 109/3000 [00:19<08:14,  5.84it/s]
instructblip/pope/ricd/coco/adversarial/seed1:   4%|▎         | 110/3000 [00:20<08:10,  5.90it/s]
instructblip/pope/ricd/coco/adversarial/seed1:   4%|▎         | 111/3000 [00:20<08:09,  5.91it/s]
instructblip/pope/ricd/coco/adversarial/seed1:   4%|▎         | 112/3000 [00:20<08:10,  5.89it/s]
instructblip/pope/ricd/coco/adversarial/seed1:   4%|▍         | 113/3000 [00:20<08:10,  5.88it/s]
instructblip/pope/ricd/coco/adversarial/seed1:   4%|▍         | 114/3000 [00:20<08:10,  5.89it/s]
instructblip/pope/ricd/coco/adversarial/seed1:   4%|▍         | 115/3000 [00:20<08:06,  5.93it/s]
instructblip/pope/ricd/coco/adversarial/seed1:   4%|▍         | 116/3000 [00:21<08:02,  5.98it/s]
instructblip/pope/ricd/coco/adversarial/seed1:   4%|▍         | 117/3000 [00:21<08:05,  5.94it/s]
instructblip/pope/ricd/coco/adversarial/seed1:   4%|▍         | 118/3000 [00:21<08:01,  5.98it/s]
instructblip/pope/ricd/coco/adversarial/seed1:   4%|▍         | 119/3000 [00:21<08:00,  5.99it/s]
instructblip/pope/ricd/coco/adversarial/seed1:   4%|▍         | 120/3000 [00:21<08:10,  5.87it/s]
instructblip/pope/ricd/coco/adversarial/seed1:   4%|▍         | 121/3000 [00:21<08:14,  5.83it/s]
instructblip/pope/ricd/coco/adversarial/seed1:   4%|▍         | 122/3000 [00:22<08:11,  5.85it/s]
instructblip/pope/ricd/coco/adversarial/seed1:   4%|▍         | 123/3000 [00:22<08:09,  5.88it/s]
instructblip/pope/ricd/coco/adversarial/seed1:   4%|▍         | 124/3000 [00:22<08:04,  5.93it/s]
instructblip/pope/ricd/coco/adversarial/seed1:   4%|▍         | 125/3000 [00:22<08:16,  5.80it/s]
instructblip/pope/ricd/coco/adversarial/seed1:   4%|▍         | 126/3000 [00:22<08:21,  5.74it/s]
instructblip/pope/ricd/coco/adversarial/seed1:   4%|▍         | 127/3000 [00:23<08:21,  5.73it/s]
instructblip/pope/ricd/coco/adversarial/seed1:   4%|▍         | 128/3000 [00:23<08:22,  5.72it/s]
instructblip/pope/ricd/coco/adversarial/seed1:   4%|▍         | 129/3000 [00:23<08:18,  5.76it/s]
instructblip/pope/ricd/coco/adversarial/seed1:   4%|▍         | 130/3000 [00:23<08:17,  5.77it/s]
instructblip/pope/ricd/coco/adversarial/seed1:   4%|▍         | 131/3000 [00:23<08:22,  5.71it/s]
instructblip/pope/ricd/coco/adversarial/seed1:   4%|▍         | 132/3000 [00:23<08:21,  5.72it/s]
instructblip/pope/ricd/coco/adversarial/seed1:   4%|▍         | 133/3000 [00:24<08:15,  5.78it/s]
instructblip/pope/ricd/coco/adversarial/seed1:   4%|▍         | 134/3000 [00:24<08:08,  5.87it/s]
instructblip/pope/ricd/coco/adversarial/seed1:   4%|▍         | 135/3000 [00:24<08:03,  5.93it/s]
instructblip/pope/ricd/coco/adversarial/seed1:   5%|▍         | 136/3000 [00:24<08:05,  5.90it/s]
instructblip/pope/ricd/coco/adversarial/seed1:   5%|▍         | 137/3000 [00:24<08:07,  5.87it/s]
instructblip/pope/ricd/coco/adversarial/seed1:   5%|▍         | 138/3000 [00:24<08:13,  5.80it/s]
instructblip/pope/ricd/coco/adversarial/seed1:   5%|▍         | 139/3000 [00:25<08:09,  5.84it/s]
instructblip/pope/ricd/coco/adversarial/seed1:   5%|▍         | 140/3000 [00:25<08:07,  5.87it/s]
instructblip/pope/ricd/coco/adversarial/seed1:   5%|▍         | 141/3000 [00:25<08:05,  5.89it/s]
instructblip/pope/ricd/coco/adversarial/seed1:   5%|▍         | 142/3000 [00:25<08:24,  5.66it/s]
instructblip/pope/ricd/coco/adversarial/seed1:   5%|▍         | 143/3000 [00:25<08:23,  5.68it/s]
instructblip/pope/ricd/coco/adversarial/seed1:   5%|▍         | 144/3000 [00:25<08:13,  5.78it/s]
instructblip/pope/ricd/coco/adversarial/seed1:   5%|▍         | 145/3000 [00:26<08:09,  5.84it/s]
instructblip/pope/ricd/coco/adversarial/seed1:   5%|▍         | 146/3000 [00:26<08:03,  5.90it/s]
instructblip/pope/ricd/coco/adversarial/seed1:   5%|▍         | 147/3000 [00:26<07:58,  5.97it/s]
instructblip/pope/ricd/coco/adversarial/seed1:   5%|▍         | 148/3000 [00:26<08:03,  5.90it/s]
instructblip/pope/ricd/coco/adversarial/seed1:   5%|▍         | 149/3000 [00:26<07:59,  5.95it/s]
instructblip/pope/ricd/coco/adversarial/seed1:   5%|▌         | 150/3000 [00:26<07:57,  5.97it/s]
instructblip/pope/ricd/coco/adversarial/seed1:   5%|▌         | 151/3000 [00:27<08:00,  5.93it/s]
instructblip/pope/ricd/coco/adversarial/seed1:   5%|▌         | 152/3000 [00:27<07:59,  5.94it/s]
instructblip/pope/ricd/coco/adversarial/seed1:   5%|▌         | 153/3000 [00:27<07:53,  6.02it/s]
instructblip/pope/ricd/coco/adversarial/seed1:   5%|▌         | 154/3000 [00:27<07:48,  6.07it/s]
instructblip/pope/ricd/coco/adversarial/seed1:   5%|▌         | 155/3000 [00:27<07:52,  6.03it/s]
instructblip/pope/ricd/coco/adversarial/seed1:   5%|▌         | 156/3000 [00:27<07:47,  6.08it/s]
instructblip/pope/ricd/coco/adversarial/seed1:   5%|▌         | 157/3000 [00:28<07:47,  6.09it/s]
instructblip/pope/ricd/coco/adversarial/seed1:   5%|▌         | 158/3000 [00:28<07:47,  6.08it/s]
instructblip/pope/ricd/coco/adversarial/seed1:   5%|▌         | 159/3000 [00:28<07:46,  6.09it/s]
instructblip/pope/ricd/coco/adversarial/seed1:   5%|▌         | 160/3000 [00:28<07:51,  6.03it/s]
instructblip/pope/ricd/coco/adversarial/seed1:   5%|▌         | 161/3000 [00:28<07:50,  6.04it/s]
instructblip/pope/ricd/coco/adversarial/seed1:   5%|▌         | 162/3000 [00:28<07:55,  5.96it/s]
instructblip/pope/ricd/coco/adversarial/seed1:   5%|▌         | 163/3000 [00:29<07:54,  5.98it/s]
instructblip/pope/ricd/coco/adversarial/seed1:   5%|▌         | 164/3000 [00:29<07:53,  5.98it/s]
instructblip/pope/ricd/coco/adversarial/seed1:   6%|▌         | 165/3000 [00:29<07:53,  5.99it/s]
instructblip/pope/ricd/coco/adversarial/seed1:   6%|▌         | 166/3000 [00:29<07:55,  5.96it/s]
instructblip/pope/ricd/coco/adversarial/seed1:   6%|▌         | 167/3000 [00:29<07:53,  5.98it/s]
instructblip/pope/ricd/coco/adversarial/seed1:   6%|▌         | 168/3000 [00:29<07:52,  6.00it/s]
instructblip/pope/ricd/coco/adversarial/seed1:   6%|▌         | 169/3000 [00:30<07:48,  6.04it/s]
instructblip/pope/ricd/coco/adversarial/seed1:   6%|▌         | 170/3000 [00:30<07:47,  6.06it/s]
instructblip/pope/ricd/coco/adversarial/seed1:   6%|▌         | 171/3000 [00:30<07:45,  6.07it/s]
instructblip/pope/ricd/coco/adversarial/seed1:   6%|▌         | 172/3000 [00:30<07:51,  6.00it/s]
instructblip/pope/ricd/coco/adversarial/seed1:   6%|▌         | 173/3000 [00:30<07:56,  5.93it/s]
instructblip/pope/ricd/coco/adversarial/seed1:   6%|▌         | 174/3000 [00:30<08:00,  5.88it/s]
instructblip/pope/ricd/coco/adversarial/seed1:   6%|▌         | 175/3000 [00:31<07:59,  5.89it/s]
instructblip/pope/ricd/coco/adversarial/seed1:   6%|▌         | 176/3000 [00:31<07:59,  5.89it/s]
instructblip/pope/ricd/coco/adversarial/seed1:   6%|▌         | 177/3000 [00:31<08:04,  5.83it/s]
instructblip/pope/ricd/coco/adversarial/seed1:   6%|▌         | 178/3000 [00:31<08:03,  5.84it/s]
instructblip/pope/ricd/coco/adversarial/seed1:   6%|▌         | 179/3000 [00:31<08:03,  5.84it/s]
instructblip/pope/ricd/coco/adversarial/seed1:   6%|▌         | 180/3000 [00:31<07:55,  5.93it/s]
instructblip/pope/ricd/coco/adversarial/seed1:   6%|▌         | 181/3000 [00:32<08:05,  5.81it/s]
instructblip/pope/ricd/coco/adversarial/seed1:   6%|▌         | 182/3000 [00:32<08:10,  5.75it/s]
instructblip/pope/ricd/coco/adversarial/seed1:   6%|▌         | 183/3000 [00:32<08:09,  5.76it/s]
instructblip/pope/ricd/coco/adversarial/seed1:   6%|▌         | 184/3000 [00:32<08:18,  5.65it/s]
instructblip/pope/ricd/coco/adversarial/seed1:   6%|▌         | 185/3000 [00:32<08:12,  5.71it/s]
instructblip/pope/ricd/coco/adversarial/seed1:   6%|▌         | 186/3000 [00:33<08:13,  5.70it/s]
instructblip/pope/ricd/coco/adversarial/seed1:   6%|▌         | 187/3000 [00:33<08:17,  5.65it/s]
instructblip/pope/ricd/coco/adversarial/seed1:   6%|▋         | 188/3000 [00:33<08:07,  5.77it/s]
instructblip/pope/ricd/coco/adversarial/seed1:   6%|▋         | 189/3000 [00:33<08:12,  5.71it/s]
instructblip/pope/ricd/coco/adversarial/seed1:   6%|▋         | 190/3000 [00:33<08:20,  5.61it/s]
instructblip/pope/ricd/coco/adversarial/seed1:   6%|▋         | 191/3000 [00:33<08:19,  5.63it/s]
instructblip/pope/ricd/coco/adversarial/seed1:   6%|▋         | 192/3000 [00:34<08:15,  5.66it/s]
instructblip/pope/ricd/coco/adversarial/seed1:   6%|▋         | 193/3000 [00:34<08:15,  5.67it/s]
instructblip/pope/ricd/coco/adversarial/seed1:   6%|▋         | 194/3000 [00:34<08:09,  5.74it/s]
instructblip/pope/ricd/coco/adversarial/seed1:   6%|▋         | 195/3000 [00:34<07:58,  5.86it/s]
instructblip/pope/ricd/coco/adversarial/seed1:   7%|▋         | 196/3000 [00:34<07:50,  5.96it/s]
instructblip/pope/ricd/coco/adversarial/seed1:   7%|▋         | 197/3000 [00:34<07:46,  6.01it/s]
instructblip/pope/ricd/coco/adversarial/seed1:   7%|▋         | 198/3000 [00:35<07:42,  6.06it/s]
instructblip/pope/ricd/coco/adversarial/seed1:   7%|▋         | 199/3000 [00:35<07:57,  5.87it/s]
instructblip/pope/ricd/coco/adversarial/seed1:   7%|▋         | 200/3000 [00:35<07:54,  5.90it/s]
instructblip/pope/ricd/coco/adversarial/seed1:   7%|▋         | 201/3000 [00:35<08:02,  5.80it/s]
instructblip/pope/ricd/coco/adversarial/seed1:   7%|▋         | 202/3000 [00:35<08:01,  5.82it/s]
instructblip/pope/ricd/coco/adversarial/seed1:   7%|▋         | 203/3000 [00:35<07:55,  5.89it/s]
instructblip/pope/ricd/coco/adversarial/seed1:   7%|▋         | 204/3000 [00:36<07:57,  5.85it/s]
instructblip/pope/ricd/coco/adversarial/seed1:   7%|▋         | 205/3000 [00:36<07:47,  5.97it/s]
instructblip/pope/ricd/coco/adversarial/seed1:   7%|▋         | 206/3000 [00:36<07:52,  5.92it/s]
instructblip/pope/ricd/coco/adversarial/seed1:   7%|▋         | 207/3000 [00:36<07:51,  5.93it/s]
instructblip/pope/ricd/coco/adversarial/seed1:   7%|▋         | 208/3000 [00:36<07:43,  6.03it/s]
instructblip/pope/ricd/coco/adversarial/seed1:   7%|▋         | 209/3000 [00:36<07:46,  5.99it/s]
instructblip/pope/ricd/coco/adversarial/seed1:   7%|▋         | 210/3000 [00:37<07:58,  5.84it/s]
instructblip/pope/ricd/coco/adversarial/seed1:   7%|▋         | 211/3000 [00:37<08:12,  5.66it/s]
instructblip/pope/ricd/coco/adversarial/seed1:   7%|▋         | 212/3000 [00:37<08:11,  5.68it/s]
instructblip/pope/ricd/coco/adversarial/seed1:   7%|▋         | 213/3000 [00:37<08:09,  5.69it/s]
instructblip/pope/ricd/coco/adversarial/seed1:   7%|▋         | 214/3000 [00:37<08:02,  5.78it/s]
instructblip/pope/ricd/coco/adversarial/seed1:   7%|▋         | 215/3000 [00:38<08:10,  5.67it/s]
instructblip/pope/ricd/coco/adversarial/seed1:   7%|▋         | 216/3000 [00:38<07:59,  5.80it/s]
instructblip/pope/ricd/coco/adversarial/seed1:   7%|▋         | 217/3000 [00:38<07:56,  5.84it/s]
instructblip/pope/ricd/coco/adversarial/seed1:   7%|▋         | 218/3000 [00:38<07:50,  5.92it/s]
instructblip/pope/ricd/coco/adversarial/seed1:   7%|▋         | 219/3000 [00:38<07:56,  5.84it/s]
instructblip/pope/ricd/coco/adversarial/seed1:   7%|▋         | 220/3000 [00:38<07:56,  5.84it/s]
instructblip/pope/ricd/coco/adversarial/seed1:   7%|▋         | 221/3000 [00:39<08:01,  5.77it/s]
instructblip/pope/ricd/coco/adversarial/seed1:   7%|▋         | 222/3000 [00:39<08:08,  5.69it/s]
instructblip/pope/ricd/coco/adversarial/seed1:   7%|▋         | 223/3000 [00:39<08:17,  5.58it/s]
instructblip/pope/ricd/coco/adversarial/seed1:   7%|▋         | 224/3000 [00:39<08:23,  5.51it/s]
instructblip/pope/ricd/coco/adversarial/seed1:   8%|▊         | 225/3000 [00:39<08:16,  5.58it/s]
instructblip/pope/ricd/coco/adversarial/seed1:   8%|▊         | 226/3000 [00:39<08:15,  5.59it/s]
instructblip/pope/ricd/coco/adversarial/seed1:   8%|▊         | 227/3000 [00:40<08:13,  5.62it/s]
instructblip/pope/ricd/coco/adversarial/seed1:   8%|▊         | 228/3000 [00:40<08:22,  5.52it/s]
instructblip/pope/ricd/coco/adversarial/seed1:   8%|▊         | 229/3000 [00:40<08:23,  5.50it/s]
instructblip/pope/ricd/coco/adversarial/seed1:   8%|▊         | 230/3000 [00:40<08:12,  5.62it/s]
instructblip/pope/ricd/coco/adversarial/seed1:   8%|▊         | 231/3000 [00:40<08:07,  5.68it/s]
instructblip/pope/ricd/coco/adversarial/seed1:   8%|▊         | 232/3000 [00:41<08:09,  5.65it/s]
instructblip/pope/ricd/coco/adversarial/seed1:   8%|▊         | 233/3000 [00:41<08:03,  5.73it/s]
instructblip/pope/ricd/coco/adversarial/seed1:   8%|▊         | 234/3000 [00:41<08:47,  5.24it/s]
instructblip/pope/ricd/coco/adversarial/seed1:   8%|▊         | 235/3000 [00:41<08:47,  5.24it/s]
instructblip/pope/ricd/coco/adversarial/seed1:   8%|▊         | 236/3000 [00:41<08:39,  5.32it/s]
instructblip/pope/ricd/coco/adversarial/seed1:   8%|▊         | 237/3000 [00:41<08:20,  5.52it/s]
instructblip/pope/ricd/coco/adversarial/seed1:   8%|▊         | 238/3000 [00:42<08:06,  5.68it/s]
instructblip/pope/ricd/coco/adversarial/seed1:   8%|▊         | 239/3000 [00:42<07:58,  5.76it/s]
instructblip/pope/ricd/coco/adversarial/seed1:   8%|▊         | 240/3000 [00:42<07:56,  5.79it/s]
instructblip/pope/ricd/coco/adversarial/seed1:   8%|▊         | 241/3000 [00:42<07:52,  5.84it/s]
instructblip/pope/ricd/coco/adversarial/seed1:   8%|▊         | 242/3000 [00:42<07:48,  5.89it/s]
instructblip/pope/ricd/coco/adversarial/seed1:   8%|▊         | 243/3000 [00:42<07:44,  5.94it/s]
instructblip/pope/ricd/coco/adversarial/seed1:   8%|▊         | 244/3000 [00:43<07:42,  5.96it/s]
instructblip/pope/ricd/coco/adversarial/seed1:   8%|▊         | 245/3000 [00:43<07:41,  5.97it/s]
instructblip/pope/ricd/coco/adversarial/seed1:   8%|▊         | 246/3000 [00:43<07:40,  5.98it/s]
instructblip/pope/ricd/coco/adversarial/seed1:   8%|▊         | 247/3000 [00:43<07:39,  5.99it/s]
instructblip/pope/ricd/coco/adversarial/seed1:   8%|▊         | 248/3000 [00:43<07:39,  5.99it/s]
instructblip/pope/ricd/coco/adversarial/seed1:   8%|▊         | 249/3000 [00:43<07:53,  5.81it/s]
instructblip/pope/ricd/coco/adversarial/seed1:   8%|▊         | 250/3000 [00:44<07:57,  5.76it/s]
instructblip/pope/ricd/coco/adversarial/seed1:   8%|▊         | 251/3000 [00:44<07:56,  5.77it/s]
instructblip/pope/ricd/coco/adversarial/seed1:   8%|▊         | 252/3000 [00:44<08:01,  5.71it/s]
instructblip/pope/ricd/coco/adversarial/seed1:   8%|▊         | 253/3000 [00:44<08:00,  5.72it/s]
instructblip/pope/ricd/coco/adversarial/seed1:   8%|▊         | 254/3000 [00:44<07:58,  5.74it/s]
instructblip/pope/ricd/coco/adversarial/seed1:   8%|▊         | 255/3000 [00:45<07:56,  5.76it/s]
instructblip/pope/ricd/coco/adversarial/seed1:   9%|▊         | 256/3000 [00:45<07:46,  5.88it/s]
instructblip/pope/ricd/coco/adversarial/seed1:   9%|▊         | 257/3000 [00:45<07:45,  5.89it/s]
instructblip/pope/ricd/coco/adversarial/seed1:   9%|▊         | 258/3000 [00:45<07:48,  5.86it/s]
instructblip/pope/ricd/coco/adversarial/seed1:   9%|▊         | 259/3000 [00:45<07:58,  5.73it/s]
instructblip/pope/ricd/coco/adversarial/seed1:   9%|▊         | 260/3000 [00:45<07:57,  5.74it/s]
instructblip/pope/ricd/coco/adversarial/seed1:   9%|▊         | 261/3000 [00:46<07:47,  5.86it/s]
instructblip/pope/ricd/coco/adversarial/seed1:   9%|▊         | 262/3000 [00:46<07:57,  5.73it/s]
instructblip/pope/ricd/coco/adversarial/seed1:   9%|▉         | 263/3000 [00:46<08:02,  5.68it/s]
instructblip/pope/ricd/coco/adversarial/seed1:   9%|▉         | 264/3000 [00:46<08:02,  5.67it/s]
instructblip/pope/ricd/coco/adversarial/seed1:   9%|▉         | 265/3000 [00:46<07:51,  5.80it/s]
instructblip/pope/ricd/coco/adversarial/seed1:   9%|▉         | 266/3000 [00:46<07:49,  5.82it/s]
instructblip/pope/ricd/coco/adversarial/seed1:   9%|▉         | 267/3000 [00:47<07:45,  5.87it/s]
instructblip/pope/ricd/coco/adversarial/seed1:   9%|▉         | 268/3000 [00:47<07:41,  5.92it/s]
instructblip/pope/ricd/coco/adversarial/seed1:   9%|▉         | 269/3000 [00:47<07:43,  5.90it/s]
instructblip/pope/ricd/coco/adversarial/seed1:   9%|▉         | 270/3000 [00:47<07:44,  5.87it/s]
instructblip/pope/ricd/coco/adversarial/seed1:   9%|▉         | 271/3000 [00:47<07:47,  5.83it/s]
instructblip/pope/ricd/coco/adversarial/seed1:   9%|▉         | 272/3000 [00:47<07:46,  5.85it/s]
instructblip/pope/ricd/coco/adversarial/seed1:   9%|▉         | 273/3000 [00:48<07:48,  5.82it/s]
instructblip/pope/ricd/coco/adversarial/seed1:   9%|▉         | 274/3000 [00:48<07:47,  5.83it/s]
instructblip/pope/ricd/coco/adversarial/seed1:   9%|▉         | 275/3000 [00:48<07:48,  5.82it/s]
instructblip/pope/ricd/coco/adversarial/seed1:   9%|▉         | 276/3000 [00:48<07:54,  5.74it/s]
instructblip/pope/ricd/coco/adversarial/seed1:   9%|▉         | 277/3000 [00:48<08:09,  5.56it/s]
instructblip/pope/ricd/coco/adversarial/seed1:   9%|▉         | 278/3000 [00:48<08:05,  5.60it/s]
instructblip/pope/ricd/coco/adversarial/seed1:   9%|▉         | 279/3000 [00:49<08:03,  5.63it/s]
instructblip/pope/ricd/coco/adversarial/seed1:   9%|▉         | 280/3000 [00:49<08:02,  5.64it/s]
instructblip/pope/ricd/coco/adversarial/seed1:   9%|▉         | 281/3000 [00:49<07:55,  5.71it/s]
instructblip/pope/ricd/coco/adversarial/seed1:   9%|▉         | 282/3000 [00:49<08:09,  5.56it/s]
instructblip/pope/ricd/coco/adversarial/seed1:   9%|▉         | 283/3000 [00:49<07:59,  5.66it/s]
instructblip/pope/ricd/coco/adversarial/seed1:   9%|▉         | 284/3000 [00:50<07:56,  5.71it/s]
instructblip/pope/ricd/coco/adversarial/seed1:  10%|▉         | 285/3000 [00:50<07:56,  5.69it/s]
instructblip/pope/ricd/coco/adversarial/seed1:  10%|▉         | 286/3000 [00:50<08:04,  5.61it/s]
instructblip/pope/ricd/coco/adversarial/seed1:  10%|▉         | 287/3000 [00:50<08:00,  5.65it/s]
instructblip/pope/ricd/coco/adversarial/seed1:  10%|▉         | 288/3000 [00:50<07:56,  5.69it/s]
instructblip/pope/ricd/coco/adversarial/seed1:  10%|▉         | 289/3000 [00:50<07:56,  5.69it/s]
instructblip/pope/ricd/coco/adversarial/seed1:  10%|▉         | 290/3000 [00:51<07:59,  5.65it/s]
instructblip/pope/ricd/coco/adversarial/seed1:  10%|▉         | 291/3000 [00:51<07:53,  5.72it/s]
instructblip/pope/ricd/coco/adversarial/seed1:  10%|▉         | 292/3000 [00:51<07:49,  5.77it/s]
instructblip/pope/ricd/coco/adversarial/seed1:  10%|▉         | 293/3000 [00:51<07:45,  5.81it/s]
instructblip/pope/ricd/coco/adversarial/seed1:  10%|▉         | 294/3000 [00:51<07:43,  5.83it/s]
instructblip/pope/ricd/coco/adversarial/seed1:  10%|▉         | 295/3000 [00:51<07:44,  5.83it/s]
instructblip/pope/ricd/coco/adversarial/seed1:  10%|▉         | 296/3000 [00:52<07:44,  5.82it/s]
instructblip/pope/ricd/coco/adversarial/seed1:  10%|▉         | 297/3000 [00:52<07:50,  5.74it/s]
instructblip/pope/ricd/coco/adversarial/seed1:  10%|▉         | 298/3000 [00:52<08:02,  5.60it/s]
instructblip/pope/ricd/coco/adversarial/seed1:  10%|▉         | 299/3000 [00:52<08:17,  5.43it/s]
instructblip/pope/ricd/coco/adversarial/seed1:  10%|█         | 300/3000 [00:52<08:26,  5.33it/s]
instructblip/pope/ricd/coco/adversarial/seed1:  10%|█         | 301/3000 [00:53<08:23,  5.36it/s]
instructblip/pope/ricd/coco/adversarial/seed1:  10%|█         | 302/3000 [00:53<08:18,  5.41it/s]
instructblip/pope/ricd/coco/adversarial/seed1:  10%|█         | 303/3000 [00:53<08:09,  5.51it/s]
instructblip/pope/ricd/coco/adversarial/seed1:  10%|█         | 304/3000 [00:53<08:03,  5.58it/s]
instructblip/pope/ricd/coco/adversarial/seed1:  10%|█         | 305/3000 [00:53<07:57,  5.64it/s]
instructblip/pope/ricd/coco/adversarial/seed1:  10%|█         | 306/3000 [00:53<07:52,  5.70it/s]
instructblip/pope/ricd/coco/adversarial/seed1:  10%|█         | 307/3000 [00:54<07:58,  5.62it/s]
instructblip/pope/ricd/coco/adversarial/seed1:  10%|█         | 308/3000 [00:54<08:02,  5.57it/s]
instructblip/pope/ricd/coco/adversarial/seed1:  10%|█         | 309/3000 [00:54<08:04,  5.56it/s]
instructblip/pope/ricd/coco/adversarial/seed1:  10%|█         | 310/3000 [00:54<08:02,  5.57it/s]
instructblip/pope/ricd/coco/adversarial/seed1:  10%|█         | 311/3000 [00:54<07:57,  5.63it/s]
instructblip/pope/ricd/coco/adversarial/seed1:  10%|█         | 312/3000 [00:55<07:57,  5.62it/s]
instructblip/pope/ricd/coco/adversarial/seed1:  10%|█         | 313/3000 [00:55<07:55,  5.65it/s]
instructblip/pope/ricd/coco/adversarial/seed1:  10%|█         | 314/3000 [00:55<07:53,  5.67it/s]
instructblip/pope/ricd/coco/adversarial/seed1:  10%|█         | 315/3000 [00:55<07:54,  5.66it/s]
instructblip/pope/ricd/coco/adversarial/seed1:  11%|█         | 316/3000 [00:55<07:52,  5.69it/s]
instructblip/pope/ricd/coco/adversarial/seed1:  11%|█         | 317/3000 [00:55<07:51,  5.69it/s]
instructblip/pope/ricd/coco/adversarial/seed1:  11%|█         | 318/3000 [00:56<07:49,  5.71it/s]
instructblip/pope/ricd/coco/adversarial/seed1:  11%|█         | 319/3000 [00:56<07:44,  5.77it/s]
instructblip/pope/ricd/coco/adversarial/seed1:  11%|█         | 320/3000 [00:56<07:41,  5.81it/s]
instructblip/pope/ricd/coco/adversarial/seed1:  11%|█         | 321/3000 [00:56<07:44,  5.77it/s]
instructblip/pope/ricd/coco/adversarial/seed1:  11%|█         | 322/3000 [00:56<07:48,  5.72it/s]
instructblip/pope/ricd/coco/adversarial/seed1:  11%|█         | 323/3000 [00:56<07:44,  5.76it/s]
instructblip/pope/ricd/coco/adversarial/seed1:  11%|█         | 324/3000 [00:57<07:44,  5.76it/s]
instructblip/pope/ricd/coco/adversarial/seed1:  11%|█         | 325/3000 [00:57<07:50,  5.68it/s]
instructblip/pope/ricd/coco/adversarial/seed1:  11%|█         | 326/3000 [00:57<07:54,  5.64it/s]
instructblip/pope/ricd/coco/adversarial/seed1:  11%|█         | 327/3000 [00:57<07:55,  5.62it/s]
instructblip/pope/ricd/coco/adversarial/seed1:  11%|█         | 328/3000 [00:57<07:47,  5.72it/s]
instructblip/pope/ricd/coco/adversarial/seed1:  11%|█         | 329/3000 [00:57<07:41,  5.79it/s]
instructblip/pope/ricd/coco/adversarial/seed1:  11%|█         | 330/3000 [00:58<07:36,  5.85it/s]
instructblip/pope/ricd/coco/adversarial/seed1:  11%|█         | 331/3000 [00:58<07:32,  5.90it/s]
instructblip/pope/ricd/coco/adversarial/seed1:  11%|█         | 332/3000 [00:58<07:35,  5.86it/s]
instructblip/pope/ricd/coco/adversarial/seed1:  11%|█         | 333/3000 [00:58<07:31,  5.91it/s]
instructblip/pope/ricd/coco/adversarial/seed1:  11%|█         | 334/3000 [00:58<07:29,  5.93it/s]
instructblip/pope/ricd/coco/adversarial/seed1:  11%|█         | 335/3000 [00:59<07:34,  5.87it/s]
instructblip/pope/ricd/coco/adversarial/seed1:  11%|█         | 336/3000 [00:59<07:57,  5.58it/s]
instructblip/pope/ricd/coco/adversarial/seed1:  11%|█         | 337/3000 [00:59<07:50,  5.66it/s]
instructblip/pope/ricd/coco/adversarial/seed1:  11%|█▏        | 338/3000 [00:59<07:46,  5.70it/s]
instructblip/pope/ricd/coco/adversarial/seed1:  11%|█▏        | 339/3000 [00:59<07:52,  5.63it/s]
instructblip/pope/ricd/coco/adversarial/seed1:  11%|█▏        | 340/3000 [00:59<07:46,  5.70it/s]
instructblip/pope/ricd/coco/adversarial/seed1:  11%|█▏        | 341/3000 [01:00<07:48,  5.67it/s]
instructblip/pope/ricd/coco/adversarial/seed1:  11%|█▏        | 342/3000 [01:00<07:42,  5.75it/s]
instructblip/pope/ricd/coco/adversarial/seed1:  11%|█▏        | 343/3000 [01:00<07:36,  5.82it/s]
instructblip/pope/ricd/coco/adversarial/seed1:  11%|█▏        | 344/3000 [01:00<07:32,  5.87it/s]
instructblip/pope/ricd/coco/adversarial/seed1:  12%|█▏        | 345/3000 [01:00<07:33,  5.86it/s]
instructblip/pope/ricd/coco/adversarial/seed1:  12%|█▏        | 346/3000 [01:00<07:32,  5.87it/s]
instructblip/pope/ricd/coco/adversarial/seed1:  12%|█▏        | 347/3000 [01:01<07:28,  5.92it/s]
instructblip/pope/ricd/coco/adversarial/seed1:  12%|█▏        | 348/3000 [01:01<07:27,  5.92it/s]
instructblip/pope/ricd/coco/adversarial/seed1:  12%|█▏        | 349/3000 [01:01<07:29,  5.89it/s]
instructblip/pope/ricd/coco/adversarial/seed1:  12%|█▏        | 350/3000 [01:01<07:41,  5.75it/s]
instructblip/pope/ricd/coco/adversarial/seed1:  12%|█▏        | 351/3000 [01:01<07:48,  5.66it/s]
instructblip/pope/ricd/coco/adversarial/seed1:  12%|█▏        | 352/3000 [01:01<07:43,  5.71it/s]
instructblip/pope/ricd/coco/adversarial/seed1:  12%|█▏        | 353/3000 [01:02<07:43,  5.70it/s]
instructblip/pope/ricd/coco/adversarial/seed1:  12%|█▏        | 354/3000 [01:02<07:43,  5.71it/s]
instructblip/pope/ricd/coco/adversarial/seed1:  12%|█▏        | 355/3000 [01:02<07:38,  5.77it/s]
instructblip/pope/ricd/coco/adversarial/seed1:  12%|█▏        | 356/3000 [01:02<07:34,  5.82it/s]
instructblip/pope/ricd/coco/adversarial/seed1:  12%|█▏        | 357/3000 [01:02<07:31,  5.85it/s]
instructblip/pope/ricd/coco/adversarial/seed1:  12%|█▏        | 358/3000 [01:02<07:28,  5.89it/s]
instructblip/pope/ricd/coco/adversarial/seed1:  12%|█▏        | 359/3000 [01:03<07:36,  5.79it/s]
instructblip/pope/ricd/coco/adversarial/seed1:  12%|█▏        | 360/3000 [01:03<07:33,  5.83it/s]
instructblip/pope/ricd/coco/adversarial/seed1:  12%|█▏        | 361/3000 [01:03<07:29,  5.87it/s]
instructblip/pope/ricd/coco/adversarial/seed1:  12%|█▏        | 362/3000 [01:03<07:31,  5.84it/s]
instructblip/pope/ricd/coco/adversarial/seed1:  12%|█▏        | 363/3000 [01:03<07:29,  5.87it/s]
instructblip/pope/ricd/coco/adversarial/seed1:  12%|█▏        | 364/3000 [01:04<07:33,  5.82it/s]
instructblip/pope/ricd/coco/adversarial/seed1:  12%|█▏        | 365/3000 [01:04<07:35,  5.78it/s]
instructblip/pope/ricd/coco/adversarial/seed1:  12%|█▏        | 366/3000 [01:04<07:33,  5.80it/s]
instructblip/pope/ricd/coco/adversarial/seed1:  12%|█▏        | 367/3000 [01:04<07:31,  5.83it/s]
instructblip/pope/ricd/coco/adversarial/seed1:  12%|█▏        | 368/3000 [01:04<07:32,  5.82it/s]
instructblip/pope/ricd/coco/adversarial/seed1:  12%|█▏        | 369/3000 [01:04<07:35,  5.78it/s]
instructblip/pope/ricd/coco/adversarial/seed1:  12%|█▏        | 370/3000 [01:05<07:31,  5.82it/s]
instructblip/pope/ricd/coco/adversarial/seed1:  12%|█▏        | 371/3000 [01:05<07:35,  5.77it/s]
instructblip/pope/ricd/coco/adversarial/seed1:  12%|█▏        | 372/3000 [01:05<07:32,  5.80it/s]
instructblip/pope/ricd/coco/adversarial/seed1:  12%|█▏        | 373/3000 [01:05<07:32,  5.81it/s]
instructblip/pope/ricd/coco/adversarial/seed1:  12%|█▏        | 374/3000 [01:05<07:40,  5.70it/s]
instructblip/pope/ricd/coco/adversarial/seed1:  12%|█▎        | 375/3000 [01:05<07:38,  5.73it/s]
instructblip/pope/ricd/coco/adversarial/seed1:  13%|█▎        | 376/3000 [01:06<07:40,  5.70it/s]
instructblip/pope/ricd/coco/adversarial/seed1:  13%|█▎        | 377/3000 [01:06<07:45,  5.64it/s]
instructblip/pope/ricd/coco/adversarial/seed1:  13%|█▎        | 378/3000 [01:06<07:39,  5.70it/s]
instructblip/pope/ricd/coco/adversarial/seed1:  13%|█▎        | 379/3000 [01:06<07:36,  5.75it/s]
instructblip/pope/ricd/coco/adversarial/seed1:  13%|█▎        | 380/3000 [01:06<07:37,  5.72it/s]
instructblip/pope/ricd/coco/adversarial/seed1:  13%|█▎        | 381/3000 [01:06<07:42,  5.66it/s]
instructblip/pope/ricd/coco/adversarial/seed1:  13%|█▎        | 382/3000 [01:07<07:37,  5.72it/s]
instructblip/pope/ricd/coco/adversarial/seed1:  13%|█▎        | 383/3000 [01:07<07:34,  5.75it/s]
instructblip/pope/ricd/coco/adversarial/seed1:  13%|█▎        | 384/3000 [01:07<07:34,  5.75it/s]
instructblip/pope/ricd/coco/adversarial/seed1:  13%|█▎        | 385/3000 [01:07<07:32,  5.78it/s]
instructblip/pope/ricd/coco/adversarial/seed1:  13%|█▎        | 386/3000 [01:07<07:32,  5.78it/s]
instructblip/pope/ricd/coco/adversarial/seed1:  13%|█▎        | 387/3000 [01:08<07:34,  5.75it/s]
instructblip/pope/ricd/coco/adversarial/seed1:  13%|█▎        | 388/3000 [01:08<07:46,  5.60it/s]
instructblip/pope/ricd/coco/adversarial/seed1:  13%|█▎        | 389/3000 [01:08<07:43,  5.64it/s]
instructblip/pope/ricd/coco/adversarial/seed1:  13%|█▎        | 390/3000 [01:08<07:34,  5.74it/s]
instructblip/pope/ricd/coco/adversarial/seed1:  13%|█▎        | 391/3000 [01:08<07:29,  5.80it/s]
instructblip/pope/ricd/coco/adversarial/seed1:  13%|█▎        | 392/3000 [01:08<07:26,  5.84it/s]
instructblip/pope/ricd/coco/adversarial/seed1:  13%|█▎        | 393/3000 [01:09<07:31,  5.78it/s]
instructblip/pope/ricd/coco/adversarial/seed1:  13%|█▎        | 394/3000 [01:09<07:29,  5.80it/s]
instructblip/pope/ricd/coco/adversarial/seed1:  13%|█▎        | 395/3000 [01:09<07:25,  5.85it/s]
instructblip/pope/ricd/coco/adversarial/seed1:  13%|█▎        | 396/3000 [01:09<07:20,  5.91it/s]
instructblip/pope/ricd/coco/adversarial/seed1:  13%|█▎        | 397/3000 [01:09<07:14,  5.99it/s]
instructblip/pope/ricd/coco/adversarial/seed1:  13%|█▎        | 398/3000 [01:09<07:13,  6.00it/s]
instructblip/pope/ricd/coco/adversarial/seed1:  13%|█▎        | 399/3000 [01:10<07:16,  5.96it/s]
instructblip/pope/ricd/coco/adversarial/seed1:  13%|█▎        | 400/3000 [01:10<07:18,  5.93it/s]
instructblip/pope/ricd/coco/adversarial/seed1:  13%|█▎        | 401/3000 [01:10<07:21,  5.88it/s]
instructblip/pope/ricd/coco/adversarial/seed1:  13%|█▎        | 402/3000 [01:10<07:24,  5.85it/s]
instructblip/pope/ricd/coco/adversarial/seed1:  13%|█▎        | 403/3000 [01:10<07:24,  5.85it/s]
instructblip/pope/ricd/coco/adversarial/seed1:  13%|█▎        | 404/3000 [01:10<07:24,  5.84it/s]
instructblip/pope/ricd/coco/adversarial/seed1:  14%|█▎        | 405/3000 [01:11<07:35,  5.70it/s]
instructblip/pope/ricd/coco/adversarial/seed1:  14%|█▎        | 406/3000 [01:11<07:42,  5.61it/s]
instructblip/pope/ricd/coco/adversarial/seed1:  14%|█▎        | 407/3000 [01:11<07:33,  5.71it/s]
instructblip/pope/ricd/coco/adversarial/seed1:  14%|█▎        | 408/3000 [01:11<07:30,  5.75it/s]
instructblip/pope/ricd/coco/adversarial/seed1:  14%|█▎        | 409/3000 [01:11<07:40,  5.62it/s]
instructblip/pope/ricd/coco/adversarial/seed1:  14%|█▎        | 410/3000 [01:12<07:45,  5.56it/s]
instructblip/pope/ricd/coco/adversarial/seed1:  14%|█▎        | 411/3000 [01:12<07:40,  5.62it/s]
instructblip/pope/ricd/coco/adversarial/seed1:  14%|█▎        | 412/3000 [01:12<07:44,  5.57it/s]
instructblip/pope/ricd/coco/adversarial/seed1:  14%|█▍        | 413/3000 [01:12<07:49,  5.52it/s]
instructblip/pope/ricd/coco/adversarial/seed1:  14%|█▍        | 414/3000 [01:12<07:39,  5.63it/s]
instructblip/pope/ricd/coco/adversarial/seed1:  14%|█▍        | 415/3000 [01:12<07:29,  5.75it/s]
instructblip/pope/ricd/coco/adversarial/seed1:  14%|█▍        | 416/3000 [01:13<07:24,  5.82it/s]
instructblip/pope/ricd/coco/adversarial/seed1:  14%|█▍        | 417/3000 [01:13<07:26,  5.78it/s]
instructblip/pope/ricd/coco/adversarial/seed1:  14%|█▍        | 418/3000 [01:13<07:20,  5.87it/s]
instructblip/pope/ricd/coco/adversarial/seed1:  14%|█▍        | 419/3000 [01:13<07:16,  5.91it/s]
instructblip/pope/ricd/coco/adversarial/seed1:  14%|█▍        | 420/3000 [01:13<07:14,  5.93it/s]
instructblip/pope/ricd/coco/adversarial/seed1:  14%|█▍        | 421/3000 [01:13<07:55,  5.42it/s]
instructblip/pope/ricd/coco/adversarial/seed1:  14%|█▍        | 422/3000 [01:14<07:40,  5.60it/s]
instructblip/pope/ricd/coco/adversarial/seed1:  14%|█▍        | 423/3000 [01:14<07:35,  5.66it/s]
instructblip/pope/ricd/coco/adversarial/seed1:  14%|█▍        | 424/3000 [01:14<07:23,  5.80it/s]
instructblip/pope/ricd/coco/adversarial/seed1:  14%|█▍        | 425/3000 [01:14<07:20,  5.85it/s]
instructblip/pope/ricd/coco/adversarial/seed1:  14%|█▍        | 426/3000 [01:14<07:19,  5.86it/s]
instructblip/pope/ricd/coco/adversarial/seed1:  14%|█▍        | 427/3000 [01:14<07:16,  5.89it/s]
instructblip/pope/ricd/coco/adversarial/seed1:  14%|█▍        | 428/3000 [01:15<07:16,  5.90it/s]
instructblip/pope/ricd/coco/adversarial/seed1:  14%|█▍        | 429/3000 [01:15<07:14,  5.92it/s]
instructblip/pope/ricd/coco/adversarial/seed1:  14%|█▍        | 430/3000 [01:15<07:12,  5.95it/s]
instructblip/pope/ricd/coco/adversarial/seed1:  14%|█▍        | 431/3000 [01:15<07:13,  5.92it/s]
instructblip/pope/ricd/coco/adversarial/seed1:  14%|█▍        | 432/3000 [01:15<07:16,  5.88it/s]
instructblip/pope/ricd/coco/adversarial/seed1:  14%|█▍        | 433/3000 [01:15<07:19,  5.84it/s]
instructblip/pope/ricd/coco/adversarial/seed1:  14%|█▍        | 434/3000 [01:16<07:14,  5.91it/s]
instructblip/pope/ricd/coco/adversarial/seed1:  14%|█▍        | 435/3000 [01:16<07:11,  5.94it/s]
instructblip/pope/ricd/coco/adversarial/seed1:  15%|█▍        | 436/3000 [01:16<07:23,  5.78it/s]
instructblip/pope/ricd/coco/adversarial/seed1:  15%|█▍        | 437/3000 [01:16<08:18,  5.14it/s]
instructblip/pope/ricd/coco/adversarial/seed1:  15%|█▍        | 438/3000 [01:16<08:06,  5.26it/s]
instructblip/pope/ricd/coco/adversarial/seed1:  15%|█▍        | 439/3000 [01:17<08:00,  5.33it/s]
instructblip/pope/ricd/coco/adversarial/seed1:  15%|█▍        | 440/3000 [01:17<07:48,  5.46it/s]
instructblip/pope/ricd/coco/adversarial/seed1:  15%|█▍        | 441/3000 [01:17<07:42,  5.53it/s]
instructblip/pope/ricd/coco/adversarial/seed1:  15%|█▍        | 442/3000 [01:17<07:33,  5.64it/s]
instructblip/pope/ricd/coco/adversarial/seed1:  15%|█▍        | 443/3000 [01:17<07:27,  5.71it/s]
instructblip/pope/ricd/coco/adversarial/seed1:  15%|█▍        | 444/3000 [01:17<07:31,  5.67it/s]
instructblip/pope/ricd/coco/adversarial/seed1:  15%|█▍        | 445/3000 [01:18<07:33,  5.63it/s]
instructblip/pope/ricd/coco/adversarial/seed1:  15%|█▍        | 446/3000 [01:18<07:31,  5.66it/s]
instructblip/pope/ricd/coco/adversarial/seed1:  15%|█▍        | 447/3000 [01:18<07:26,  5.72it/s]
instructblip/pope/ricd/coco/adversarial/seed1:  15%|█▍        | 448/3000 [01:18<07:22,  5.77it/s]
instructblip/pope/ricd/coco/adversarial/seed1:  15%|█▍        | 449/3000 [01:18<07:32,  5.64it/s]
instructblip/pope/ricd/coco/adversarial/seed1:  15%|█▌        | 450/3000 [01:19<07:29,  5.67it/s]
instructblip/pope/ricd/coco/adversarial/seed1:  15%|█▌        | 451/3000 [01:19<07:29,  5.68it/s]
instructblip/pope/ricd/coco/adversarial/seed1:  15%|█▌        | 452/3000 [01:19<07:26,  5.70it/s]
instructblip/pope/ricd/coco/adversarial/seed1:  15%|█▌        | 453/3000 [01:19<07:21,  5.77it/s]
instructblip/pope/ricd/coco/adversarial/seed1:  15%|█▌        | 454/3000 [01:19<07:16,  5.83it/s]
instructblip/pope/ricd/coco/adversarial/seed1:  15%|█▌        | 455/3000 [01:19<07:26,  5.69it/s]
instructblip/pope/ricd/coco/adversarial/seed1:  15%|█▌        | 456/3000 [01:20<07:22,  5.75it/s]
instructblip/pope/ricd/coco/adversarial/seed1:  15%|█▌        | 457/3000 [01:20<07:31,  5.64it/s]
instructblip/pope/ricd/coco/adversarial/seed1:  15%|█▌        | 458/3000 [01:20<07:30,  5.64it/s]
instructblip/pope/ricd/coco/adversarial/seed1:  15%|█▌        | 459/3000 [01:20<07:29,  5.65it/s]
instructblip/pope/ricd/coco/adversarial/seed1:  15%|█▌        | 460/3000 [01:20<07:36,  5.56it/s]
instructblip/pope/ricd/coco/adversarial/seed1:  15%|█▌        | 461/3000 [01:20<07:35,  5.58it/s]
instructblip/pope/ricd/coco/adversarial/seed1:  15%|█▌        | 462/3000 [01:21<07:25,  5.70it/s]
instructblip/pope/ricd/coco/adversarial/seed1:  15%|█▌        | 463/3000 [01:21<07:27,  5.67it/s]
instructblip/pope/ricd/coco/adversarial/seed1:  15%|█▌        | 464/3000 [01:21<07:39,  5.52it/s]
instructblip/pope/ricd/coco/adversarial/seed1:  16%|█▌        | 465/3000 [01:21<07:33,  5.59it/s]
instructblip/pope/ricd/coco/adversarial/seed1:  16%|█▌        | 466/3000 [01:21<07:26,  5.67it/s]
instructblip/pope/ricd/coco/adversarial/seed1:  16%|█▌        | 467/3000 [01:22<07:28,  5.64it/s]
instructblip/pope/ricd/coco/adversarial/seed1:  16%|█▌        | 468/3000 [01:22<07:36,  5.54it/s]
instructblip/pope/ricd/coco/adversarial/seed1:  16%|█▌        | 469/3000 [01:22<07:39,  5.51it/s]
instructblip/pope/ricd/coco/adversarial/seed1:  16%|█▌        | 470/3000 [01:22<07:46,  5.43it/s]
instructblip/pope/ricd/coco/adversarial/seed1:  16%|█▌        | 471/3000 [01:22<07:46,  5.42it/s]
instructblip/pope/ricd/coco/adversarial/seed1:  16%|█▌        | 472/3000 [01:22<07:34,  5.57it/s]
instructblip/pope/ricd/coco/adversarial/seed1:  16%|█▌        | 473/3000 [01:23<07:27,  5.65it/s]
instructblip/pope/ricd/coco/adversarial/seed1:  16%|█▌        | 474/3000 [01:23<07:32,  5.59it/s]
instructblip/pope/ricd/coco/adversarial/seed1:  16%|█▌        | 475/3000 [01:23<07:29,  5.61it/s]
instructblip/pope/ricd/coco/adversarial/seed1:  16%|█▌        | 476/3000 [01:23<07:23,  5.69it/s]
instructblip/pope/ricd/coco/adversarial/seed1:  16%|█▌        | 477/3000 [01:23<07:18,  5.75it/s]
instructblip/pope/ricd/coco/adversarial/seed1:  16%|█▌        | 478/3000 [01:24<07:24,  5.68it/s]
instructblip/pope/ricd/coco/adversarial/seed1:  16%|█▌        | 479/3000 [01:24<07:19,  5.74it/s]
instructblip/pope/ricd/coco/adversarial/seed1:  16%|█▌        | 480/3000 [01:24<07:14,  5.80it/s]
instructblip/pope/ricd/coco/adversarial/seed1:  16%|█▌        | 481/3000 [01:24<07:11,  5.84it/s]
instructblip/pope/ricd/coco/adversarial/seed1:  16%|█▌        | 482/3000 [01:24<07:07,  5.90it/s]
instructblip/pope/ricd/coco/adversarial/seed1:  16%|█▌        | 483/3000 [01:24<07:06,  5.90it/s]
instructblip/pope/ricd/coco/adversarial/seed1:  16%|█▌        | 484/3000 [01:25<07:07,  5.88it/s]
instructblip/pope/ricd/coco/adversarial/seed1:  16%|█▌        | 485/3000 [01:25<07:07,  5.88it/s]
instructblip/pope/ricd/coco/adversarial/seed1:  16%|█▌        | 486/3000 [01:25<07:11,  5.83it/s]
instructblip/pope/ricd/coco/adversarial/seed1:  16%|█▌        | 487/3000 [01:25<07:11,  5.83it/s]
instructblip/pope/ricd/coco/adversarial/seed1:  16%|█▋        | 488/3000 [01:25<07:14,  5.79it/s]
instructblip/pope/ricd/coco/adversarial/seed1:  16%|█▋        | 489/3000 [01:25<07:15,  5.77it/s]
instructblip/pope/ricd/coco/adversarial/seed1:  16%|█▋        | 490/3000 [01:26<07:13,  5.79it/s]
instructblip/pope/ricd/coco/adversarial/seed1:  16%|█▋        | 491/3000 [01:26<07:21,  5.68it/s]
instructblip/pope/ricd/coco/adversarial/seed1:  16%|█▋        | 492/3000 [01:26<07:25,  5.63it/s]
instructblip/pope/ricd/coco/adversarial/seed1:  16%|█▋        | 493/3000 [01:26<07:24,  5.64it/s]
instructblip/pope/ricd/coco/adversarial/seed1:  16%|█▋        | 494/3000 [01:26<07:19,  5.71it/s]
instructblip/pope/ricd/coco/adversarial/seed1:  16%|█▋        | 495/3000 [01:26<07:19,  5.70it/s]
instructblip/pope/ricd/coco/adversarial/seed1:  17%|█▋        | 496/3000 [01:27<07:23,  5.65it/s]
instructblip/pope/ricd/coco/adversarial/seed1:  17%|█▋        | 497/3000 [01:27<07:30,  5.56it/s]
instructblip/pope/ricd/coco/adversarial/seed1:  17%|█▋        | 498/3000 [01:27<07:26,  5.61it/s]
instructblip/pope/ricd/coco/adversarial/seed1:  17%|█▋        | 499/3000 [01:27<07:21,  5.66it/s]
instructblip/pope/ricd/coco/adversarial/seed1:  17%|█▋        | 500/3000 [01:27<07:13,  5.76it/s]
instructblip/pope/ricd/coco/adversarial/seed1:  17%|█▋        | 501/3000 [01:27<07:15,  5.74it/s]
instructblip/pope/ricd/coco/adversarial/seed1:  17%|█▋        | 502/3000 [01:28<07:12,  5.78it/s]
instructblip/pope/ricd/coco/adversarial/seed1:  17%|█▋        | 503/3000 [01:28<07:05,  5.86it/s]
instructblip/pope/ricd/coco/adversarial/seed1:  17%|█▋        | 504/3000 [01:28<07:02,  5.90it/s]
instructblip/pope/ricd/coco/adversarial/seed1:  17%|█▋        | 505/3000 [01:28<06:59,  5.94it/s]
instructblip/pope/ricd/coco/adversarial/seed1:  17%|█▋        | 506/3000 [01:28<07:00,  5.93it/s]
instructblip/pope/ricd/coco/adversarial/seed1:  17%|█▋        | 507/3000 [01:28<06:58,  5.96it/s]
instructblip/pope/ricd/coco/adversarial/seed1:  17%|█▋        | 508/3000 [01:29<06:56,  5.99it/s]
instructblip/pope/ricd/coco/adversarial/seed1:  17%|█▋        | 509/3000 [01:29<06:59,  5.94it/s]
instructblip/pope/ricd/coco/adversarial/seed1:  17%|█▋        | 510/3000 [01:29<07:02,  5.89it/s]
instructblip/pope/ricd/coco/adversarial/seed1:  17%|█▋        | 511/3000 [01:29<06:59,  5.93it/s]
instructblip/pope/ricd/coco/adversarial/seed1:  17%|█▋        | 512/3000 [01:29<06:56,  5.97it/s]
instructblip/pope/ricd/coco/adversarial/seed1:  17%|█▋        | 513/3000 [01:30<07:02,  5.88it/s]
instructblip/pope/ricd/coco/adversarial/seed1:  17%|█▋        | 514/3000 [01:30<07:05,  5.84it/s]
instructblip/pope/ricd/coco/adversarial/seed1:  17%|█▋        | 515/3000 [01:30<07:00,  5.91it/s]
instructblip/pope/ricd/coco/adversarial/seed1:  17%|█▋        | 516/3000 [01:30<06:56,  5.96it/s]
instructblip/pope/ricd/coco/adversarial/seed1:  17%|█▋        | 517/3000 [01:30<07:01,  5.89it/s]
instructblip/pope/ricd/coco/adversarial/seed1:  17%|█▋        | 518/3000 [01:30<07:04,  5.85it/s]
instructblip/pope/ricd/coco/adversarial/seed1:  17%|█▋        | 519/3000 [01:31<07:08,  5.80it/s]
instructblip/pope/ricd/coco/adversarial/seed1:  17%|█▋        | 520/3000 [01:31<07:02,  5.87it/s]
instructblip/pope/ricd/coco/adversarial/seed1:  17%|█▋        | 521/3000 [01:31<07:01,  5.88it/s]
instructblip/pope/ricd/coco/adversarial/seed1:  17%|█▋        | 522/3000 [01:31<06:58,  5.92it/s]
instructblip/pope/ricd/coco/adversarial/seed1:  17%|█▋        | 523/3000 [01:31<06:59,  5.91it/s]
instructblip/pope/ricd/coco/adversarial/seed1:  17%|█▋        | 524/3000 [01:31<07:00,  5.88it/s]
instructblip/pope/ricd/coco/adversarial/seed1:  18%|█▊        | 525/3000 [01:32<07:01,  5.87it/s]
instructblip/pope/ricd/coco/adversarial/seed1:  18%|█▊        | 526/3000 [01:32<07:04,  5.83it/s]
instructblip/pope/ricd/coco/adversarial/seed1:  18%|█▊        | 527/3000 [01:32<07:03,  5.85it/s]
instructblip/pope/ricd/coco/adversarial/seed1:  18%|█▊        | 528/3000 [01:32<07:01,  5.87it/s]
instructblip/pope/ricd/coco/adversarial/seed1:  18%|█▊        | 529/3000 [01:32<07:02,  5.85it/s]
instructblip/pope/ricd/coco/adversarial/seed1:  18%|█▊        | 530/3000 [01:32<07:03,  5.83it/s]
instructblip/pope/ricd/coco/adversarial/seed1:  18%|█▊        | 531/3000 [01:33<07:02,  5.84it/s]
instructblip/pope/ricd/coco/adversarial/seed1:  18%|█▊        | 532/3000 [01:33<07:02,  5.84it/s]
instructblip/pope/ricd/coco/adversarial/seed1:  18%|█▊        | 533/3000 [01:33<07:08,  5.75it/s]
instructblip/pope/ricd/coco/adversarial/seed1:  18%|█▊        | 534/3000 [01:33<07:06,  5.79it/s]
instructblip/pope/ricd/coco/adversarial/seed1:  18%|█▊        | 535/3000 [01:33<07:03,  5.82it/s]
instructblip/pope/ricd/coco/adversarial/seed1:  18%|█▊        | 536/3000 [01:33<07:09,  5.74it/s]
instructblip/pope/ricd/coco/adversarial/seed1:  18%|█▊        | 537/3000 [01:34<07:04,  5.80it/s]
instructblip/pope/ricd/coco/adversarial/seed1:  18%|█▊        | 538/3000 [01:34<07:02,  5.83it/s]
instructblip/pope/ricd/coco/adversarial/seed1:  18%|█▊        | 539/3000 [01:34<07:00,  5.85it/s]
instructblip/pope/ricd/coco/adversarial/seed1:  18%|█▊        | 540/3000 [01:34<07:02,  5.83it/s]
instructblip/pope/ricd/coco/adversarial/seed1:  18%|█▊        | 541/3000 [01:34<07:00,  5.84it/s]
instructblip/pope/ricd/coco/adversarial/seed1:  18%|█▊        | 542/3000 [01:34<06:57,  5.88it/s]
instructblip/pope/ricd/coco/adversarial/seed1:  18%|█▊        | 543/3000 [01:35<06:54,  5.92it/s]
instructblip/pope/ricd/coco/adversarial/seed1:  18%|█▊        | 544/3000 [01:35<06:53,  5.95it/s]
instructblip/pope/ricd/coco/adversarial/seed1:  18%|█▊        | 545/3000 [01:35<06:52,  5.96it/s]
instructblip/pope/ricd/coco/adversarial/seed1:  18%|█▊        | 546/3000 [01:35<06:50,  5.98it/s]
instructblip/pope/ricd/coco/adversarial/seed1:  18%|█▊        | 547/3000 [01:35<06:49,  5.99it/s]
instructblip/pope/ricd/coco/adversarial/seed1:  18%|█▊        | 548/3000 [01:35<06:49,  5.99it/s]
instructblip/pope/ricd/coco/adversarial/seed1:  18%|█▊        | 549/3000 [01:36<07:05,  5.77it/s]
instructblip/pope/ricd/coco/adversarial/seed1:  18%|█▊        | 550/3000 [01:36<07:06,  5.74it/s]
instructblip/pope/ricd/coco/adversarial/seed1:  18%|█▊        | 551/3000 [01:36<07:02,  5.79it/s]
instructblip/pope/ricd/coco/adversarial/seed1:  18%|█▊        | 552/3000 [01:36<07:03,  5.78it/s]
instructblip/pope/ricd/coco/adversarial/seed1:  18%|█▊        | 553/3000 [01:36<07:06,  5.74it/s]
instructblip/pope/ricd/coco/adversarial/seed1:  18%|█▊        | 554/3000 [01:37<07:02,  5.79it/s]
instructblip/pope/ricd/coco/adversarial/seed1:  18%|█▊        | 555/3000 [01:37<07:04,  5.77it/s]
instructblip/pope/ricd/coco/adversarial/seed1:  19%|█▊        | 556/3000 [01:37<06:57,  5.85it/s]
instructblip/pope/ricd/coco/adversarial/seed1:  19%|█▊        | 557/3000 [01:37<06:54,  5.90it/s]
instructblip/pope/ricd/coco/adversarial/seed1:  19%|█▊        | 558/3000 [01:37<06:55,  5.87it/s]
instructblip/pope/ricd/coco/adversarial/seed1:  19%|█▊        | 559/3000 [01:37<06:55,  5.88it/s]
instructblip/pope/ricd/coco/adversarial/seed1:  19%|█▊        | 560/3000 [01:38<06:51,  5.93it/s]
instructblip/pope/ricd/coco/adversarial/seed1:  19%|█▊        | 561/3000 [01:38<06:52,  5.91it/s]
instructblip/pope/ricd/coco/adversarial/seed1:  19%|█▊        | 562/3000 [01:38<06:51,  5.93it/s]
instructblip/pope/ricd/coco/adversarial/seed1:  19%|█▉        | 563/3000 [01:38<06:54,  5.88it/s]
instructblip/pope/ricd/coco/adversarial/seed1:  19%|█▉        | 564/3000 [01:38<06:51,  5.92it/s]
instructblip/pope/ricd/coco/adversarial/seed1:  19%|█▉        | 565/3000 [01:38<06:47,  5.97it/s]
instructblip/pope/ricd/coco/adversarial/seed1:  19%|█▉        | 566/3000 [01:39<06:46,  5.99it/s]
instructblip/pope/ricd/coco/adversarial/seed1:  19%|█▉        | 567/3000 [01:39<06:51,  5.91it/s]
instructblip/pope/ricd/coco/adversarial/seed1:  19%|█▉        | 568/3000 [01:39<06:54,  5.87it/s]
instructblip/pope/ricd/coco/adversarial/seed1:  19%|█▉        | 569/3000 [01:39<06:53,  5.88it/s]
instructblip/pope/ricd/coco/adversarial/seed1:  19%|█▉        | 570/3000 [01:39<06:50,  5.93it/s]
instructblip/pope/ricd/coco/adversarial/seed1:  19%|█▉        | 571/3000 [01:39<06:51,  5.90it/s]
instructblip/pope/ricd/coco/adversarial/seed1:  19%|█▉        | 572/3000 [01:40<06:51,  5.91it/s]
instructblip/pope/ricd/coco/adversarial/seed1:  19%|█▉        | 573/3000 [01:40<06:56,  5.83it/s]
instructblip/pope/ricd/coco/adversarial/seed1:  19%|█▉        | 574/3000 [01:40<06:59,  5.79it/s]
instructblip/pope/ricd/coco/adversarial/seed1:  19%|█▉        | 575/3000 [01:40<06:57,  5.80it/s]
instructblip/pope/ricd/coco/adversarial/seed1:  19%|█▉        | 576/3000 [01:40<06:57,  5.80it/s]
instructblip/pope/ricd/coco/adversarial/seed1:  19%|█▉        | 577/3000 [01:40<06:56,  5.82it/s]
instructblip/pope/ricd/coco/adversarial/seed1:  19%|█▉        | 578/3000 [01:41<07:09,  5.63it/s]
instructblip/pope/ricd/coco/adversarial/seed1:  19%|█▉        | 579/3000 [01:41<07:12,  5.59it/s]
instructblip/pope/ricd/coco/adversarial/seed1:  19%|█▉        | 580/3000 [01:41<07:06,  5.68it/s]
instructblip/pope/ricd/coco/adversarial/seed1:  19%|█▉        | 581/3000 [01:41<07:12,  5.60it/s]
instructblip/pope/ricd/coco/adversarial/seed1:  19%|█▉        | 582/3000 [01:41<07:03,  5.71it/s]
instructblip/pope/ricd/coco/adversarial/seed1:  19%|█▉        | 583/3000 [01:41<06:54,  5.83it/s]
instructblip/pope/ricd/coco/adversarial/seed1:  19%|█▉        | 584/3000 [01:42<06:48,  5.92it/s]
instructblip/pope/ricd/coco/adversarial/seed1:  20%|█▉        | 585/3000 [01:42<06:44,  5.97it/s]
instructblip/pope/ricd/coco/adversarial/seed1:  20%|█▉        | 586/3000 [01:42<06:40,  6.02it/s]
instructblip/pope/ricd/coco/adversarial/seed1:  20%|█▉        | 587/3000 [01:42<06:37,  6.06it/s]
instructblip/pope/ricd/coco/adversarial/seed1:  20%|█▉        | 588/3000 [01:42<06:47,  5.92it/s]
instructblip/pope/ricd/coco/adversarial/seed1:  20%|█▉        | 589/3000 [01:42<06:44,  5.96it/s]
instructblip/pope/ricd/coco/adversarial/seed1:  20%|█▉        | 590/3000 [01:43<06:49,  5.89it/s]
instructblip/pope/ricd/coco/adversarial/seed1:  20%|█▉        | 591/3000 [01:43<06:47,  5.91it/s]
instructblip/pope/ricd/coco/adversarial/seed1:  20%|█▉        | 592/3000 [01:43<06:51,  5.85it/s]
instructblip/pope/ricd/coco/adversarial/seed1:  20%|█▉        | 593/3000 [01:43<06:51,  5.85it/s]
instructblip/pope/ricd/coco/adversarial/seed1:  20%|█▉        | 594/3000 [01:43<06:46,  5.92it/s]
instructblip/pope/ricd/coco/adversarial/seed1:  20%|█▉        | 595/3000 [01:44<06:48,  5.88it/s]
instructblip/pope/ricd/coco/adversarial/seed1:  20%|█▉        | 596/3000 [01:44<06:46,  5.91it/s]
instructblip/pope/ricd/coco/adversarial/seed1:  20%|█▉        | 597/3000 [01:44<06:46,  5.91it/s]
instructblip/pope/ricd/coco/adversarial/seed1:  20%|█▉        | 598/3000 [01:44<06:46,  5.91it/s]
instructblip/pope/ricd/coco/adversarial/seed1:  20%|█▉        | 599/3000 [01:44<06:43,  5.94it/s]
instructblip/pope/ricd/coco/adversarial/seed1:  20%|██        | 600/3000 [01:44<06:41,  5.98it/s]
instructblip/pope/ricd/coco/adversarial/seed1:  20%|██        | 601/3000 [01:45<06:42,  5.97it/s]
instructblip/pope/ricd/coco/adversarial/seed1:  20%|██        | 602/3000 [01:45<06:50,  5.84it/s]
instructblip/pope/ricd/coco/adversarial/seed1:  20%|██        | 603/3000 [01:45<06:46,  5.90it/s]
instructblip/pope/ricd/coco/adversarial/seed1:  20%|██        | 604/3000 [01:45<06:53,  5.79it/s]
instructblip/pope/ricd/coco/adversarial/seed1:  20%|██        | 605/3000 [01:45<06:52,  5.80it/s]
instructblip/pope/ricd/coco/adversarial/seed1:  20%|██        | 606/3000 [01:45<06:53,  5.79it/s]
instructblip/pope/ricd/coco/adversarial/seed1:  20%|██        | 607/3000 [01:46<06:54,  5.77it/s]
instructblip/pope/ricd/coco/adversarial/seed1:  20%|██        | 608/3000 [01:46<06:56,  5.75it/s]
instructblip/pope/ricd/coco/adversarial/seed1:  20%|██        | 609/3000 [01:46<06:52,  5.79it/s]
instructblip/pope/ricd/coco/adversarial/seed1:  20%|██        | 610/3000 [01:46<06:52,  5.80it/s]
instructblip/pope/ricd/coco/adversarial/seed1:  20%|██        | 611/3000 [01:46<06:56,  5.73it/s]
instructblip/pope/ricd/coco/adversarial/seed1:  20%|██        | 612/3000 [01:46<06:52,  5.79it/s]
instructblip/pope/ricd/coco/adversarial/seed1:  20%|██        | 613/3000 [01:47<07:06,  5.59it/s]
instructblip/pope/ricd/coco/adversarial/seed1:  20%|██        | 614/3000 [01:47<07:10,  5.54it/s]
instructblip/pope/ricd/coco/adversarial/seed1:  20%|██        | 615/3000 [01:47<07:02,  5.65it/s]
instructblip/pope/ricd/coco/adversarial/seed1:  21%|██        | 616/3000 [01:47<07:06,  5.59it/s]
instructblip/pope/ricd/coco/adversarial/seed1:  21%|██        | 617/3000 [01:47<06:55,  5.74it/s]
instructblip/pope/ricd/coco/adversarial/seed1:  21%|██        | 618/3000 [01:47<06:54,  5.75it/s]
instructblip/pope/ricd/coco/adversarial/seed1:  21%|██        | 619/3000 [01:48<06:52,  5.77it/s]
instructblip/pope/ricd/coco/adversarial/seed1:  21%|██        | 620/3000 [01:48<06:46,  5.85it/s]
instructblip/pope/ricd/coco/adversarial/seed1:  21%|██        | 621/3000 [01:48<06:51,  5.78it/s]
instructblip/pope/ricd/coco/adversarial/seed1:  21%|██        | 622/3000 [01:48<06:53,  5.76it/s]
instructblip/pope/ricd/coco/adversarial/seed1:  21%|██        | 623/3000 [01:48<06:56,  5.70it/s]
instructblip/pope/ricd/coco/adversarial/seed1:  21%|██        | 624/3000 [01:49<06:55,  5.71it/s]
instructblip/pope/ricd/coco/adversarial/seed1:  21%|██        | 625/3000 [01:49<06:57,  5.69it/s]
instructblip/pope/ricd/coco/adversarial/seed1:  21%|██        | 626/3000 [01:49<07:13,  5.48it/s]
instructblip/pope/ricd/coco/adversarial/seed1:  21%|██        | 627/3000 [01:49<07:09,  5.53it/s]
instructblip/pope/ricd/coco/adversarial/seed1:  21%|██        | 628/3000 [01:49<07:06,  5.56it/s]
instructblip/pope/ricd/coco/adversarial/seed1:  21%|██        | 629/3000 [01:49<07:02,  5.62it/s]
instructblip/pope/ricd/coco/adversarial/seed1:  21%|██        | 630/3000 [01:50<06:58,  5.66it/s]
instructblip/pope/ricd/coco/adversarial/seed1:  21%|██        | 631/3000 [01:50<07:00,  5.63it/s]
instructblip/pope/ricd/coco/adversarial/seed1:  21%|██        | 632/3000 [01:50<06:55,  5.69it/s]
instructblip/pope/ricd/coco/adversarial/seed1:  21%|██        | 633/3000 [01:50<06:49,  5.78it/s]
instructblip/pope/ricd/coco/adversarial/seed1:  21%|██        | 634/3000 [01:50<06:45,  5.84it/s]
instructblip/pope/ricd/coco/adversarial/seed1:  21%|██        | 635/3000 [01:50<06:53,  5.71it/s]
instructblip/pope/ricd/coco/adversarial/seed1:  21%|██        | 636/3000 [01:51<06:47,  5.80it/s]
instructblip/pope/ricd/coco/adversarial/seed1:  21%|██        | 637/3000 [01:51<06:45,  5.83it/s]
instructblip/pope/ricd/coco/adversarial/seed1:  21%|██▏       | 638/3000 [01:51<06:57,  5.66it/s]
instructblip/pope/ricd/coco/adversarial/seed1:  21%|██▏       | 639/3000 [01:51<06:50,  5.76it/s]
instructblip/pope/ricd/coco/adversarial/seed1:  21%|██▏       | 640/3000 [01:51<06:46,  5.80it/s]
instructblip/pope/ricd/coco/adversarial/seed1:  21%|██▏       | 641/3000 [01:52<06:42,  5.85it/s]
instructblip/pope/ricd/coco/adversarial/seed1:  21%|██▏       | 642/3000 [01:52<06:42,  5.86it/s]
instructblip/pope/ricd/coco/adversarial/seed1:  21%|██▏       | 643/3000 [01:52<06:43,  5.84it/s]
instructblip/pope/ricd/coco/adversarial/seed1:  21%|██▏       | 644/3000 [01:52<06:58,  5.63it/s]
instructblip/pope/ricd/coco/adversarial/seed1:  22%|██▏       | 645/3000 [01:52<07:02,  5.57it/s]
instructblip/pope/ricd/coco/adversarial/seed1:  22%|██▏       | 646/3000 [01:52<06:56,  5.66it/s]
instructblip/pope/ricd/coco/adversarial/seed1:  22%|██▏       | 647/3000 [01:53<06:50,  5.73it/s]
instructblip/pope/ricd/coco/adversarial/seed1:  22%|██▏       | 648/3000 [01:53<06:45,  5.80it/s]
instructblip/pope/ricd/coco/adversarial/seed1:  22%|██▏       | 649/3000 [01:53<06:49,  5.74it/s]
instructblip/pope/ricd/coco/adversarial/seed1:  22%|██▏       | 650/3000 [01:53<06:45,  5.79it/s]
instructblip/pope/ricd/coco/adversarial/seed1:  22%|██▏       | 651/3000 [01:53<06:52,  5.70it/s]
instructblip/pope/ricd/coco/adversarial/seed1:  22%|██▏       | 652/3000 [01:53<06:57,  5.63it/s]
instructblip/pope/ricd/coco/adversarial/seed1:  22%|██▏       | 653/3000 [01:54<07:11,  5.44it/s]
instructblip/pope/ricd/coco/adversarial/seed1:  22%|██▏       | 654/3000 [01:54<07:21,  5.32it/s]
instructblip/pope/ricd/coco/adversarial/seed1:  22%|██▏       | 655/3000 [01:54<07:15,  5.38it/s]
instructblip/pope/ricd/coco/adversarial/seed1:  22%|██▏       | 656/3000 [01:54<07:09,  5.46it/s]
instructblip/pope/ricd/coco/adversarial/seed1:  22%|██▏       | 657/3000 [01:54<07:07,  5.49it/s]
instructblip/pope/ricd/coco/adversarial/seed1:  22%|██▏       | 658/3000 [01:55<06:57,  5.61it/s]
instructblip/pope/ricd/coco/adversarial/seed1:  22%|██▏       | 659/3000 [01:55<06:46,  5.75it/s]
instructblip/pope/ricd/coco/adversarial/seed1:  22%|██▏       | 660/3000 [01:55<06:42,  5.81it/s]
instructblip/pope/ricd/coco/adversarial/seed1:  22%|██▏       | 661/3000 [01:55<06:40,  5.85it/s]
instructblip/pope/ricd/coco/adversarial/seed1:  22%|██▏       | 662/3000 [01:55<06:38,  5.86it/s]
instructblip/pope/ricd/coco/adversarial/seed1:  22%|██▏       | 663/3000 [01:55<06:42,  5.81it/s]
instructblip/pope/ricd/coco/adversarial/seed1:  22%|██▏       | 664/3000 [01:56<06:42,  5.81it/s]
instructblip/pope/ricd/coco/adversarial/seed1:  22%|██▏       | 665/3000 [01:56<06:41,  5.82it/s]
instructblip/pope/ricd/coco/adversarial/seed1:  22%|██▏       | 666/3000 [01:56<06:36,  5.88it/s]
instructblip/pope/ricd/coco/adversarial/seed1:  22%|██▏       | 667/3000 [01:56<06:48,  5.72it/s]
instructblip/pope/ricd/coco/adversarial/seed1:  22%|██▏       | 668/3000 [01:56<06:51,  5.67it/s]
instructblip/pope/ricd/coco/adversarial/seed1:  22%|██▏       | 669/3000 [01:56<06:45,  5.75it/s]
instructblip/pope/ricd/coco/adversarial/seed1:  22%|██▏       | 670/3000 [01:57<06:44,  5.76it/s]
instructblip/pope/ricd/coco/adversarial/seed1:  22%|██▏       | 671/3000 [01:57<06:48,  5.69it/s]
instructblip/pope/ricd/coco/adversarial/seed1:  22%|██▏       | 672/3000 [01:57<06:43,  5.77it/s]
instructblip/pope/ricd/coco/adversarial/seed1:  22%|██▏       | 673/3000 [01:57<06:39,  5.83it/s]
instructblip/pope/ricd/coco/adversarial/seed1:  22%|██▏       | 674/3000 [01:57<06:35,  5.88it/s]
instructblip/pope/ricd/coco/adversarial/seed1:  22%|██▎       | 675/3000 [01:57<06:40,  5.80it/s]
instructblip/pope/ricd/coco/adversarial/seed1:  23%|██▎       | 676/3000 [01:58<06:47,  5.71it/s]
instructblip/pope/ricd/coco/adversarial/seed1:  23%|██▎       | 677/3000 [01:58<06:40,  5.79it/s]
instructblip/pope/ricd/coco/adversarial/seed1:  23%|██▎       | 678/3000 [01:58<06:37,  5.85it/s]
instructblip/pope/ricd/coco/adversarial/seed1:  23%|██▎       | 679/3000 [01:58<06:37,  5.84it/s]
instructblip/pope/ricd/coco/adversarial/seed1:  23%|██▎       | 680/3000 [01:58<06:44,  5.74it/s]
instructblip/pope/ricd/coco/adversarial/seed1:  23%|██▎       | 681/3000 [01:59<06:40,  5.79it/s]
instructblip/pope/ricd/coco/adversarial/seed1:  23%|██▎       | 682/3000 [01:59<06:38,  5.81it/s]
instructblip/pope/ricd/coco/adversarial/seed1:  23%|██▎       | 683/3000 [01:59<06:38,  5.81it/s]
instructblip/pope/ricd/coco/adversarial/seed1:  23%|██▎       | 684/3000 [01:59<06:44,  5.73it/s]
instructblip/pope/ricd/coco/adversarial/seed1:  23%|██▎       | 685/3000 [01:59<06:40,  5.78it/s]
instructblip/pope/ricd/coco/adversarial/seed1:  23%|██▎       | 686/3000 [01:59<06:36,  5.84it/s]
instructblip/pope/ricd/coco/adversarial/seed1:  23%|██▎       | 687/3000 [02:00<06:37,  5.82it/s]
instructblip/pope/ricd/coco/adversarial/seed1:  23%|██▎       | 688/3000 [02:00<06:36,  5.83it/s]
instructblip/pope/ricd/coco/adversarial/seed1:  23%|██▎       | 689/3000 [02:00<06:38,  5.79it/s]
instructblip/pope/ricd/coco/adversarial/seed1:  23%|██▎       | 690/3000 [02:00<06:41,  5.75it/s]
instructblip/pope/ricd/coco/adversarial/seed1:  23%|██▎       | 691/3000 [02:00<06:42,  5.73it/s]
instructblip/pope/ricd/coco/adversarial/seed1:  23%|██▎       | 692/3000 [02:00<06:40,  5.76it/s]
instructblip/pope/ricd/coco/adversarial/seed1:  23%|██▎       | 693/3000 [02:01<06:46,  5.67it/s]
instructblip/pope/ricd/coco/adversarial/seed1:  23%|██▎       | 694/3000 [02:01<06:53,  5.58it/s]
instructblip/pope/ricd/coco/adversarial/seed1:  23%|██▎       | 695/3000 [02:01<06:55,  5.55it/s]
instructblip/pope/ricd/coco/adversarial/seed1:  23%|██▎       | 696/3000 [02:01<06:53,  5.57it/s]
instructblip/pope/ricd/coco/adversarial/seed1:  23%|██▎       | 697/3000 [02:01<06:53,  5.56it/s]
instructblip/pope/ricd/coco/adversarial/seed1:  23%|██▎       | 698/3000 [02:02<06:53,  5.56it/s]
instructblip/pope/ricd/coco/adversarial/seed1:  23%|██▎       | 699/3000 [02:02<06:55,  5.54it/s]
instructblip/pope/ricd/coco/adversarial/seed1:  23%|██▎       | 700/3000 [02:02<07:00,  5.47it/s]
instructblip/pope/ricd/coco/adversarial/seed1:  23%|██▎       | 701/3000 [02:02<06:55,  5.54it/s]
instructblip/pope/ricd/coco/adversarial/seed1:  23%|██▎       | 702/3000 [02:02<06:49,  5.61it/s]
instructblip/pope/ricd/coco/adversarial/seed1:  23%|██▎       | 703/3000 [02:02<06:39,  5.75it/s]
instructblip/pope/ricd/coco/adversarial/seed1:  23%|██▎       | 704/3000 [02:03<06:33,  5.84it/s]
instructblip/pope/ricd/coco/adversarial/seed1:  24%|██▎       | 705/3000 [02:03<06:28,  5.91it/s]
instructblip/pope/ricd/coco/adversarial/seed1:  24%|██▎       | 706/3000 [02:03<06:24,  5.97it/s]
instructblip/pope/ricd/coco/adversarial/seed1:  24%|██▎       | 707/3000 [02:03<06:20,  6.02it/s]
instructblip/pope/ricd/coco/adversarial/seed1:  24%|██▎       | 708/3000 [02:03<06:18,  6.06it/s]
instructblip/pope/ricd/coco/adversarial/seed1:  24%|██▎       | 709/3000 [02:03<06:18,  6.05it/s]
instructblip/pope/ricd/coco/adversarial/seed1:  24%|██▎       | 710/3000 [02:04<06:19,  6.04it/s]
instructblip/pope/ricd/coco/adversarial/seed1:  24%|██▎       | 711/3000 [02:04<06:22,  5.98it/s]
instructblip/pope/ricd/coco/adversarial/seed1:  24%|██▎       | 712/3000 [02:04<06:21,  6.00it/s]
instructblip/pope/ricd/coco/adversarial/seed1:  24%|██▍       | 713/3000 [02:04<06:20,  6.01it/s]
instructblip/pope/ricd/coco/adversarial/seed1:  24%|██▍       | 714/3000 [02:04<06:23,  5.97it/s]
instructblip/pope/ricd/coco/adversarial/seed1:  24%|██▍       | 715/3000 [02:04<06:19,  6.02it/s]
instructblip/pope/ricd/coco/adversarial/seed1:  24%|██▍       | 716/3000 [02:05<06:18,  6.03it/s]
instructblip/pope/ricd/coco/adversarial/seed1:  24%|██▍       | 717/3000 [02:05<06:17,  6.05it/s]
instructblip/pope/ricd/coco/adversarial/seed1:  24%|██▍       | 718/3000 [02:05<06:16,  6.06it/s]
instructblip/pope/ricd/coco/adversarial/seed1:  24%|██▍       | 719/3000 [02:05<06:15,  6.07it/s]
instructblip/pope/ricd/coco/adversarial/seed1:  24%|██▍       | 720/3000 [02:05<06:16,  6.06it/s]
instructblip/pope/ricd/coco/adversarial/seed1:  24%|██▍       | 721/3000 [02:05<06:20,  5.99it/s]
instructblip/pope/ricd/coco/adversarial/seed1:  24%|██▍       | 722/3000 [02:06<06:20,  5.98it/s]
instructblip/pope/ricd/coco/adversarial/seed1:  24%|██▍       | 723/3000 [02:06<06:28,  5.87it/s]
instructblip/pope/ricd/coco/adversarial/seed1:  24%|██▍       | 724/3000 [02:06<06:31,  5.81it/s]
instructblip/pope/ricd/coco/adversarial/seed1:  24%|██▍       | 725/3000 [02:06<06:33,  5.79it/s]
instructblip/pope/ricd/coco/adversarial/seed1:  24%|██▍       | 726/3000 [02:06<06:32,  5.80it/s]
instructblip/pope/ricd/coco/adversarial/seed1:  24%|██▍       | 727/3000 [02:06<06:27,  5.87it/s]
instructblip/pope/ricd/coco/adversarial/seed1:  24%|██▍       | 728/3000 [02:07<06:25,  5.90it/s]
instructblip/pope/ricd/coco/adversarial/seed1:  24%|██▍       | 729/3000 [02:07<06:24,  5.91it/s]
instructblip/pope/ricd/coco/adversarial/seed1:  24%|██▍       | 730/3000 [02:07<06:31,  5.79it/s]
instructblip/pope/ricd/coco/adversarial/seed1:  24%|██▍       | 731/3000 [02:07<06:32,  5.79it/s]
instructblip/pope/ricd/coco/adversarial/seed1:  24%|██▍       | 732/3000 [02:07<06:34,  5.75it/s]
instructblip/pope/ricd/coco/adversarial/seed1:  24%|██▍       | 733/3000 [02:07<06:38,  5.69it/s]
instructblip/pope/ricd/coco/adversarial/seed1:  24%|██▍       | 734/3000 [02:08<06:39,  5.68it/s]
instructblip/pope/ricd/coco/adversarial/seed1:  24%|██▍       | 735/3000 [02:08<06:36,  5.71it/s]
instructblip/pope/ricd/coco/adversarial/seed1:  25%|██▍       | 736/3000 [02:08<06:40,  5.65it/s]
instructblip/pope/ricd/coco/adversarial/seed1:  25%|██▍       | 737/3000 [02:08<06:40,  5.65it/s]
instructblip/pope/ricd/coco/adversarial/seed1:  25%|██▍       | 738/3000 [02:08<06:56,  5.43it/s]
instructblip/pope/ricd/coco/adversarial/seed1:  25%|██▍       | 739/3000 [02:09<06:43,  5.60it/s]
instructblip/pope/ricd/coco/adversarial/seed1:  25%|██▍       | 740/3000 [02:09<06:38,  5.67it/s]
instructblip/pope/ricd/coco/adversarial/seed1:  25%|██▍       | 741/3000 [02:09<06:37,  5.68it/s]
instructblip/pope/ricd/coco/adversarial/seed1:  25%|██▍       | 742/3000 [02:09<06:38,  5.66it/s]
instructblip/pope/ricd/coco/adversarial/seed1:  25%|██▍       | 743/3000 [02:09<06:30,  5.78it/s]
instructblip/pope/ricd/coco/adversarial/seed1:  25%|██▍       | 744/3000 [02:09<06:29,  5.79it/s]
instructblip/pope/ricd/coco/adversarial/seed1:  25%|██▍       | 745/3000 [02:10<06:33,  5.73it/s]
instructblip/pope/ricd/coco/adversarial/seed1:  25%|██▍       | 746/3000 [02:10<06:30,  5.77it/s]
instructblip/pope/ricd/coco/adversarial/seed1:  25%|██▍       | 747/3000 [02:10<06:30,  5.77it/s]
instructblip/pope/ricd/coco/adversarial/seed1:  25%|██▍       | 748/3000 [02:10<06:27,  5.81it/s]
instructblip/pope/ricd/coco/adversarial/seed1:  25%|██▍       | 749/3000 [02:10<06:21,  5.90it/s]
instructblip/pope/ricd/coco/adversarial/seed1:  25%|██▌       | 750/3000 [02:10<06:34,  5.70it/s]
instructblip/pope/ricd/coco/adversarial/seed1:  25%|██▌       | 751/3000 [02:11<06:29,  5.77it/s]
instructblip/pope/ricd/coco/adversarial/seed1:  25%|██▌       | 752/3000 [02:11<06:22,  5.88it/s]
instructblip/pope/ricd/coco/adversarial/seed1:  25%|██▌       | 753/3000 [02:11<06:15,  5.98it/s]
instructblip/pope/ricd/coco/adversarial/seed1:  25%|██▌       | 754/3000 [02:11<06:21,  5.88it/s]
instructblip/pope/ricd/coco/adversarial/seed1:  25%|██▌       | 755/3000 [02:11<06:20,  5.90it/s]
instructblip/pope/ricd/coco/adversarial/seed1:  25%|██▌       | 756/3000 [02:11<06:21,  5.88it/s]
instructblip/pope/ricd/coco/adversarial/seed1:  25%|██▌       | 757/3000 [02:12<06:17,  5.95it/s]
instructblip/pope/ricd/coco/adversarial/seed1:  25%|██▌       | 758/3000 [02:12<06:13,  6.00it/s]
instructblip/pope/ricd/coco/adversarial/seed1:  25%|██▌       | 759/3000 [02:12<06:15,  5.96it/s]
instructblip/pope/ricd/coco/adversarial/seed1:  25%|██▌       | 760/3000 [02:12<06:21,  5.87it/s]
instructblip/pope/ricd/coco/adversarial/seed1:  25%|██▌       | 761/3000 [02:12<06:15,  5.96it/s]
instructblip/pope/ricd/coco/adversarial/seed1:  25%|██▌       | 762/3000 [02:12<06:11,  6.02it/s]
instructblip/pope/ricd/coco/adversarial/seed1:  25%|██▌       | 763/3000 [02:13<06:09,  6.05it/s]
instructblip/pope/ricd/coco/adversarial/seed1:  25%|██▌       | 764/3000 [02:13<06:14,  5.97it/s]
instructblip/pope/ricd/coco/adversarial/seed1:  26%|██▌       | 765/3000 [02:13<06:10,  6.03it/s]
instructblip/pope/ricd/coco/adversarial/seed1:  26%|██▌       | 766/3000 [02:13<06:15,  5.95it/s]
instructblip/pope/ricd/coco/adversarial/seed1:  26%|██▌       | 767/3000 [02:13<06:13,  5.98it/s]
instructblip/pope/ricd/coco/adversarial/seed1:  26%|██▌       | 768/3000 [02:13<06:10,  6.02it/s]
instructblip/pope/ricd/coco/adversarial/seed1:  26%|██▌       | 769/3000 [02:14<06:09,  6.03it/s]
instructblip/pope/ricd/coco/adversarial/seed1:  26%|██▌       | 770/3000 [02:14<06:08,  6.06it/s]
instructblip/pope/ricd/coco/adversarial/seed1:  26%|██▌       | 771/3000 [02:14<06:05,  6.10it/s]
instructblip/pope/ricd/coco/adversarial/seed1:  26%|██▌       | 772/3000 [02:14<06:03,  6.13it/s]
instructblip/pope/ricd/coco/adversarial/seed1:  26%|██▌       | 773/3000 [02:14<06:02,  6.15it/s]
instructblip/pope/ricd/coco/adversarial/seed1:  26%|██▌       | 774/3000 [02:14<06:00,  6.17it/s]
instructblip/pope/ricd/coco/adversarial/seed1:  26%|██▌       | 775/3000 [02:15<06:00,  6.17it/s]
instructblip/pope/ricd/coco/adversarial/seed1:  26%|██▌       | 776/3000 [02:15<06:02,  6.13it/s]
instructblip/pope/ricd/coco/adversarial/seed1:  26%|██▌       | 777/3000 [02:15<06:06,  6.06it/s]
instructblip/pope/ricd/coco/adversarial/seed1:  26%|██▌       | 778/3000 [02:15<06:05,  6.08it/s]
instructblip/pope/ricd/coco/adversarial/seed1:  26%|██▌       | 779/3000 [02:15<06:07,  6.05it/s]
instructblip/pope/ricd/coco/adversarial/seed1:  26%|██▌       | 780/3000 [02:15<06:07,  6.04it/s]
instructblip/pope/ricd/coco/adversarial/seed1:  26%|██▌       | 781/3000 [02:16<06:12,  5.96it/s]
instructblip/pope/ricd/coco/adversarial/seed1:  26%|██▌       | 782/3000 [02:16<06:09,  6.00it/s]
instructblip/pope/ricd/coco/adversarial/seed1:  26%|██▌       | 783/3000 [02:16<06:08,  6.02it/s]
instructblip/pope/ricd/coco/adversarial/seed1:  26%|██▌       | 784/3000 [02:16<06:09,  6.00it/s]
instructblip/pope/ricd/coco/adversarial/seed1:  26%|██▌       | 785/3000 [02:16<06:11,  5.96it/s]
instructblip/pope/ricd/coco/adversarial/seed1:  26%|██▌       | 786/3000 [02:16<06:11,  5.95it/s]
instructblip/pope/ricd/coco/adversarial/seed1:  26%|██▌       | 787/3000 [02:17<06:08,  6.00it/s]
instructblip/pope/ricd/coco/adversarial/seed1:  26%|██▋       | 788/3000 [02:17<06:05,  6.05it/s]
instructblip/pope/ricd/coco/adversarial/seed1:  26%|██▋       | 789/3000 [02:17<06:11,  5.95it/s]
instructblip/pope/ricd/coco/adversarial/seed1:  26%|██▋       | 790/3000 [02:17<06:12,  5.93it/s]
instructblip/pope/ricd/coco/adversarial/seed1:  26%|██▋       | 791/3000 [02:17<06:12,  5.93it/s]
instructblip/pope/ricd/coco/adversarial/seed1:  26%|██▋       | 792/3000 [02:17<06:09,  5.97it/s]
instructblip/pope/ricd/coco/adversarial/seed1:  26%|██▋       | 793/3000 [02:18<06:12,  5.93it/s]
instructblip/pope/ricd/coco/adversarial/seed1:  26%|██▋       | 794/3000 [02:18<06:08,  5.99it/s]
instructblip/pope/ricd/coco/adversarial/seed1:  26%|██▋       | 795/3000 [02:18<06:15,  5.87it/s]
instructblip/pope/ricd/coco/adversarial/seed1:  27%|██▋       | 796/3000 [02:18<06:15,  5.86it/s]
instructblip/pope/ricd/coco/adversarial/seed1:  27%|██▋       | 797/3000 [02:18<06:11,  5.94it/s]
instructblip/pope/ricd/coco/adversarial/seed1:  27%|██▋       | 798/3000 [02:18<06:07,  5.99it/s]
instructblip/pope/ricd/coco/adversarial/seed1:  27%|██▋       | 799/3000 [02:19<06:14,  5.87it/s]
instructblip/pope/ricd/coco/adversarial/seed1:  27%|██▋       | 800/3000 [02:19<06:14,  5.88it/s]
instructblip/pope/ricd/coco/adversarial/seed1:  27%|██▋       | 801/3000 [02:19<06:13,  5.89it/s]
instructblip/pope/ricd/coco/adversarial/seed1:  27%|██▋       | 802/3000 [02:19<06:18,  5.80it/s]
instructblip/pope/ricd/coco/adversarial/seed1:  27%|██▋       | 803/3000 [02:19<06:23,  5.72it/s]
instructblip/pope/ricd/coco/adversarial/seed1:  27%|██▋       | 804/3000 [02:19<06:28,  5.65it/s]
instructblip/pope/ricd/coco/adversarial/seed1:  27%|██▋       | 805/3000 [02:20<06:30,  5.63it/s]
instructblip/pope/ricd/coco/adversarial/seed1:  27%|██▋       | 806/3000 [02:20<06:24,  5.70it/s]
instructblip/pope/ricd/coco/adversarial/seed1:  27%|██▋       | 807/3000 [02:20<06:25,  5.68it/s]
instructblip/pope/ricd/coco/adversarial/seed1:  27%|██▋       | 808/3000 [02:20<06:17,  5.81it/s]
instructblip/pope/ricd/coco/adversarial/seed1:  27%|██▋       | 809/3000 [02:20<06:16,  5.82it/s]
instructblip/pope/ricd/coco/adversarial/seed1:  27%|██▋       | 810/3000 [02:21<06:12,  5.88it/s]
instructblip/pope/ricd/coco/adversarial/seed1:  27%|██▋       | 811/3000 [02:21<06:13,  5.86it/s]
instructblip/pope/ricd/coco/adversarial/seed1:  27%|██▋       | 812/3000 [02:21<06:12,  5.87it/s]
instructblip/pope/ricd/coco/adversarial/seed1:  27%|██▋       | 813/3000 [02:21<06:11,  5.89it/s]
instructblip/pope/ricd/coco/adversarial/seed1:  27%|██▋       | 814/3000 [02:21<06:19,  5.77it/s]
instructblip/pope/ricd/coco/adversarial/seed1:  27%|██▋       | 815/3000 [02:21<06:25,  5.66it/s]
instructblip/pope/ricd/coco/adversarial/seed1:  27%|██▋       | 816/3000 [02:22<06:22,  5.71it/s]
instructblip/pope/ricd/coco/adversarial/seed1:  27%|██▋       | 817/3000 [02:22<06:18,  5.77it/s]
instructblip/pope/ricd/coco/adversarial/seed1:  27%|██▋       | 818/3000 [02:22<06:17,  5.79it/s]
instructblip/pope/ricd/coco/adversarial/seed1:  27%|██▋       | 819/3000 [02:22<06:16,  5.79it/s]
instructblip/pope/ricd/coco/adversarial/seed1:  27%|██▋       | 820/3000 [02:22<06:12,  5.86it/s]
instructblip/pope/ricd/coco/adversarial/seed1:  27%|██▋       | 821/3000 [02:22<06:13,  5.84it/s]
instructblip/pope/ricd/coco/adversarial/seed1:  27%|██▋       | 822/3000 [02:23<06:15,  5.80it/s]
instructblip/pope/ricd/coco/adversarial/seed1:  27%|██▋       | 823/3000 [02:23<06:08,  5.90it/s]
instructblip/pope/ricd/coco/adversarial/seed1:  27%|██▋       | 824/3000 [02:23<06:08,  5.90it/s]
instructblip/pope/ricd/coco/adversarial/seed1:  28%|██▊       | 825/3000 [02:23<06:04,  5.96it/s]
instructblip/pope/ricd/coco/adversarial/seed1:  28%|██▊       | 826/3000 [02:23<06:03,  5.97it/s]
instructblip/pope/ricd/coco/adversarial/seed1:  28%|██▊       | 827/3000 [02:23<06:09,  5.88it/s]
instructblip/pope/ricd/coco/adversarial/seed1:  28%|██▊       | 828/3000 [02:24<06:12,  5.83it/s]
instructblip/pope/ricd/coco/adversarial/seed1:  28%|██▊       | 829/3000 [02:24<06:11,  5.84it/s]
instructblip/pope/ricd/coco/adversarial/seed1:  28%|██▊       | 830/3000 [02:24<06:14,  5.79it/s]
instructblip/pope/ricd/coco/adversarial/seed1:  28%|██▊       | 831/3000 [02:24<06:18,  5.73it/s]
instructblip/pope/ricd/coco/adversarial/seed1:  28%|██▊       | 832/3000 [02:24<06:20,  5.69it/s]
instructblip/pope/ricd/coco/adversarial/seed1:  28%|██▊       | 833/3000 [02:24<06:18,  5.73it/s]
instructblip/pope/ricd/coco/adversarial/seed1:  28%|██▊       | 834/3000 [02:25<06:20,  5.70it/s]
instructblip/pope/ricd/coco/adversarial/seed1:  28%|██▊       | 835/3000 [02:25<06:16,  5.76it/s]
instructblip/pope/ricd/coco/adversarial/seed1:  28%|██▊       | 836/3000 [02:25<06:19,  5.70it/s]
instructblip/pope/ricd/coco/adversarial/seed1:  28%|██▊       | 837/3000 [02:25<06:18,  5.72it/s]
instructblip/pope/ricd/coco/adversarial/seed1:  28%|██▊       | 838/3000 [02:25<06:20,  5.69it/s]
instructblip/pope/ricd/coco/adversarial/seed1:  28%|██▊       | 839/3000 [02:26<06:16,  5.74it/s]
instructblip/pope/ricd/coco/adversarial/seed1:  28%|██▊       | 840/3000 [02:26<06:17,  5.72it/s]
instructblip/pope/ricd/coco/adversarial/seed1:  28%|██▊       | 841/3000 [02:26<06:16,  5.74it/s]
instructblip/pope/ricd/coco/adversarial/seed1:  28%|██▊       | 842/3000 [02:26<06:12,  5.80it/s]
instructblip/pope/ricd/coco/adversarial/seed1:  28%|██▊       | 843/3000 [02:26<06:14,  5.75it/s]
instructblip/pope/ricd/coco/adversarial/seed1:  28%|██▊       | 844/3000 [02:26<06:17,  5.71it/s]
instructblip/pope/ricd/coco/adversarial/seed1:  28%|██▊       | 845/3000 [02:27<06:14,  5.75it/s]
instructblip/pope/ricd/coco/adversarial/seed1:  28%|██▊       | 846/3000 [02:27<06:17,  5.71it/s]
instructblip/pope/ricd/coco/adversarial/seed1:  28%|██▊       | 847/3000 [02:27<06:12,  5.78it/s]
instructblip/pope/ricd/coco/adversarial/seed1:  28%|██▊       | 848/3000 [02:27<06:11,  5.79it/s]
instructblip/pope/ricd/coco/adversarial/seed1:  28%|██▊       | 849/3000 [02:27<06:09,  5.83it/s]
instructblip/pope/ricd/coco/adversarial/seed1:  28%|██▊       | 850/3000 [02:27<06:03,  5.91it/s]
instructblip/pope/ricd/coco/adversarial/seed1:  28%|██▊       | 851/3000 [02:28<06:08,  5.82it/s]
instructblip/pope/ricd/coco/adversarial/seed1:  28%|██▊       | 852/3000 [02:28<06:08,  5.83it/s]
instructblip/pope/ricd/coco/adversarial/seed1:  28%|██▊       | 853/3000 [02:28<06:04,  5.90it/s]
instructblip/pope/ricd/coco/adversarial/seed1:  28%|██▊       | 854/3000 [02:28<06:06,  5.86it/s]
instructblip/pope/ricd/coco/adversarial/seed1:  28%|██▊       | 855/3000 [02:28<06:08,  5.83it/s]
instructblip/pope/ricd/coco/adversarial/seed1:  29%|██▊       | 856/3000 [02:28<06:30,  5.49it/s]
instructblip/pope/ricd/coco/adversarial/seed1:  29%|██▊       | 857/3000 [02:29<06:21,  5.62it/s]
instructblip/pope/ricd/coco/adversarial/seed1:  29%|██▊       | 858/3000 [02:29<06:18,  5.66it/s]
instructblip/pope/ricd/coco/adversarial/seed1:  29%|██▊       | 859/3000 [02:29<06:17,  5.67it/s]
instructblip/pope/ricd/coco/adversarial/seed1:  29%|██▊       | 860/3000 [02:29<06:14,  5.72it/s]
instructblip/pope/ricd/coco/adversarial/seed1:  29%|██▊       | 861/3000 [02:29<06:17,  5.67it/s]
instructblip/pope/ricd/coco/adversarial/seed1:  29%|██▊       | 862/3000 [02:30<06:22,  5.59it/s]
instructblip/pope/ricd/coco/adversarial/seed1:  29%|██▉       | 863/3000 [02:30<06:35,  5.40it/s]
instructblip/pope/ricd/coco/adversarial/seed1:  29%|██▉       | 864/3000 [02:30<06:32,  5.44it/s]
instructblip/pope/ricd/coco/adversarial/seed1:  29%|██▉       | 865/3000 [02:30<06:33,  5.42it/s]
instructblip/pope/ricd/coco/adversarial/seed1:  29%|██▉       | 866/3000 [02:30<06:39,  5.34it/s]
instructblip/pope/ricd/coco/adversarial/seed1:  29%|██▉       | 867/3000 [02:30<06:40,  5.32it/s]
instructblip/pope/ricd/coco/adversarial/seed1:  29%|██▉       | 868/3000 [02:31<06:27,  5.50it/s]
instructblip/pope/ricd/coco/adversarial/seed1:  29%|██▉       | 869/3000 [02:31<06:23,  5.56it/s]
instructblip/pope/ricd/coco/adversarial/seed1:  29%|██▉       | 870/3000 [02:31<06:15,  5.67it/s]
instructblip/pope/ricd/coco/adversarial/seed1:  29%|██▉       | 871/3000 [02:31<06:13,  5.70it/s]
instructblip/pope/ricd/coco/adversarial/seed1:  29%|██▉       | 872/3000 [02:31<06:11,  5.73it/s]
instructblip/pope/ricd/coco/adversarial/seed1:  29%|██▉       | 873/3000 [02:32<06:07,  5.79it/s]
instructblip/pope/ricd/coco/adversarial/seed1:  29%|██▉       | 874/3000 [02:32<06:10,  5.74it/s]
instructblip/pope/ricd/coco/adversarial/seed1:  29%|██▉       | 875/3000 [02:32<06:06,  5.80it/s]
instructblip/pope/ricd/coco/adversarial/seed1:  29%|██▉       | 876/3000 [02:32<06:14,  5.67it/s]
instructblip/pope/ricd/coco/adversarial/seed1:  29%|██▉       | 877/3000 [02:32<06:14,  5.67it/s]
instructblip/pope/ricd/coco/adversarial/seed1:  29%|██▉       | 878/3000 [02:32<06:13,  5.68it/s]
instructblip/pope/ricd/coco/adversarial/seed1:  29%|██▉       | 879/3000 [02:33<06:07,  5.77it/s]
instructblip/pope/ricd/coco/adversarial/seed1:  29%|██▉       | 880/3000 [02:33<06:09,  5.74it/s]
instructblip/pope/ricd/coco/adversarial/seed1:  29%|██▉       | 881/3000 [02:33<06:04,  5.81it/s]
instructblip/pope/ricd/coco/adversarial/seed1:  29%|██▉       | 882/3000 [02:33<06:02,  5.85it/s]
instructblip/pope/ricd/coco/adversarial/seed1:  29%|██▉       | 883/3000 [02:33<06:00,  5.88it/s]
instructblip/pope/ricd/coco/adversarial/seed1:  29%|██▉       | 884/3000 [02:33<05:59,  5.88it/s]
instructblip/pope/ricd/coco/adversarial/seed1:  30%|██▉       | 885/3000 [02:34<06:05,  5.78it/s]
instructblip/pope/ricd/coco/adversarial/seed1:  30%|██▉       | 886/3000 [02:34<06:05,  5.79it/s]
instructblip/pope/ricd/coco/adversarial/seed1:  30%|██▉       | 887/3000 [02:34<05:59,  5.87it/s]
instructblip/pope/ricd/coco/adversarial/seed1:  30%|██▉       | 888/3000 [02:34<06:04,  5.79it/s]
instructblip/pope/ricd/coco/adversarial/seed1:  30%|██▉       | 889/3000 [02:34<06:02,  5.83it/s]
instructblip/pope/ricd/coco/adversarial/seed1:  30%|██▉       | 890/3000 [02:34<06:00,  5.86it/s]
instructblip/pope/ricd/coco/adversarial/seed1:  30%|██▉       | 891/3000 [02:35<06:06,  5.76it/s]
instructblip/pope/ricd/coco/adversarial/seed1:  30%|██▉       | 892/3000 [02:35<06:01,  5.83it/s]
instructblip/pope/ricd/coco/adversarial/seed1:  30%|██▉       | 893/3000 [02:35<05:57,  5.89it/s]
instructblip/pope/ricd/coco/adversarial/seed1:  30%|██▉       | 894/3000 [02:35<05:54,  5.94it/s]
instructblip/pope/ricd/coco/adversarial/seed1:  30%|██▉       | 895/3000 [02:35<05:55,  5.92it/s]
instructblip/pope/ricd/coco/adversarial/seed1:  30%|██▉       | 896/3000 [02:35<05:55,  5.92it/s]
instructblip/pope/ricd/coco/adversarial/seed1:  30%|██▉       | 897/3000 [02:36<05:58,  5.86it/s]
instructblip/pope/ricd/coco/adversarial/seed1:  30%|██▉       | 898/3000 [02:36<06:02,  5.80it/s]
instructblip/pope/ricd/coco/adversarial/seed1:  30%|██▉       | 899/3000 [02:36<06:09,  5.68it/s]
instructblip/pope/ricd/coco/adversarial/seed1:  30%|███       | 900/3000 [02:36<06:09,  5.69it/s]
instructblip/pope/ricd/coco/adversarial/seed1:  30%|███       | 901/3000 [02:36<06:25,  5.44it/s]
instructblip/pope/ricd/coco/adversarial/seed1:  30%|███       | 902/3000 [02:37<06:24,  5.46it/s]
instructblip/pope/ricd/coco/adversarial/seed1:  30%|███       | 903/3000 [02:37<06:16,  5.58it/s]
instructblip/pope/ricd/coco/adversarial/seed1:  30%|███       | 904/3000 [02:37<06:13,  5.61it/s]
instructblip/pope/ricd/coco/adversarial/seed1:  30%|███       | 905/3000 [02:37<06:10,  5.66it/s]
instructblip/pope/ricd/coco/adversarial/seed1:  30%|███       | 906/3000 [02:37<06:10,  5.65it/s]
instructblip/pope/ricd/coco/adversarial/seed1:  30%|███       | 907/3000 [02:37<06:08,  5.69it/s]
instructblip/pope/ricd/coco/adversarial/seed1:  30%|███       | 908/3000 [02:38<06:12,  5.61it/s]
instructblip/pope/ricd/coco/adversarial/seed1:  30%|███       | 909/3000 [02:38<06:13,  5.60it/s]
instructblip/pope/ricd/coco/adversarial/seed1:  30%|███       | 910/3000 [02:38<06:11,  5.63it/s]
instructblip/pope/ricd/coco/adversarial/seed1:  30%|███       | 911/3000 [02:38<06:03,  5.74it/s]
instructblip/pope/ricd/coco/adversarial/seed1:  30%|███       | 912/3000 [02:38<06:03,  5.75it/s]
instructblip/pope/ricd/coco/adversarial/seed1:  30%|███       | 913/3000 [02:38<06:07,  5.68it/s]
instructblip/pope/ricd/coco/adversarial/seed1:  30%|███       | 914/3000 [02:39<06:11,  5.62it/s]
instructblip/pope/ricd/coco/adversarial/seed1:  30%|███       | 915/3000 [02:39<06:15,  5.56it/s]
instructblip/pope/ricd/coco/adversarial/seed1:  31%|███       | 916/3000 [02:39<06:07,  5.67it/s]
instructblip/pope/ricd/coco/adversarial/seed1:  31%|███       | 917/3000 [02:39<06:11,  5.61it/s]
instructblip/pope/ricd/coco/adversarial/seed1:  31%|███       | 918/3000 [02:39<06:04,  5.71it/s]
instructblip/pope/ricd/coco/adversarial/seed1:  31%|███       | 919/3000 [02:40<06:02,  5.74it/s]
instructblip/pope/ricd/coco/adversarial/seed1:  31%|███       | 920/3000 [02:40<06:04,  5.70it/s]
instructblip/pope/ricd/coco/adversarial/seed1:  31%|███       | 921/3000 [02:40<06:09,  5.62it/s]
instructblip/pope/ricd/coco/adversarial/seed1:  31%|███       | 922/3000 [02:40<06:06,  5.67it/s]
instructblip/pope/ricd/coco/adversarial/seed1:  31%|███       | 923/3000 [02:40<06:09,  5.62it/s]
instructblip/pope/ricd/coco/adversarial/seed1:  31%|███       | 924/3000 [02:40<06:12,  5.58it/s]
instructblip/pope/ricd/coco/adversarial/seed1:  31%|███       | 925/3000 [02:41<06:06,  5.66it/s]
instructblip/pope/ricd/coco/adversarial/seed1:  31%|███       | 926/3000 [02:41<06:03,  5.71it/s]
instructblip/pope/ricd/coco/adversarial/seed1:  31%|███       | 927/3000 [02:41<06:03,  5.70it/s]
instructblip/pope/ricd/coco/adversarial/seed1:  31%|███       | 928/3000 [02:41<06:03,  5.70it/s]
instructblip/pope/ricd/coco/adversarial/seed1:  31%|███       | 929/3000 [02:41<06:02,  5.71it/s]
instructblip/pope/ricd/coco/adversarial/seed1:  31%|███       | 930/3000 [02:41<05:58,  5.78it/s]
instructblip/pope/ricd/coco/adversarial/seed1:  31%|███       | 931/3000 [02:42<05:56,  5.81it/s]
instructblip/pope/ricd/coco/adversarial/seed1:  31%|███       | 932/3000 [02:42<05:56,  5.80it/s]
instructblip/pope/ricd/coco/adversarial/seed1:  31%|███       | 933/3000 [02:42<05:58,  5.77it/s]
instructblip/pope/ricd/coco/adversarial/seed1:  31%|███       | 934/3000 [02:42<06:01,  5.71it/s]
instructblip/pope/ricd/coco/adversarial/seed1:  31%|███       | 935/3000 [02:42<05:57,  5.77it/s]
instructblip/pope/ricd/coco/adversarial/seed1:  31%|███       | 936/3000 [02:43<05:58,  5.75it/s]
instructblip/pope/ricd/coco/adversarial/seed1:  31%|███       | 937/3000 [02:43<06:01,  5.70it/s]
instructblip/pope/ricd/coco/adversarial/seed1:  31%|███▏      | 938/3000 [02:43<06:01,  5.70it/s]
instructblip/pope/ricd/coco/adversarial/seed1:  31%|███▏      | 939/3000 [02:43<06:01,  5.69it/s]
instructblip/pope/ricd/coco/adversarial/seed1:  31%|███▏      | 940/3000 [02:43<05:59,  5.72it/s]
instructblip/pope/ricd/coco/adversarial/seed1:  31%|███▏      | 941/3000 [02:43<06:03,  5.66it/s]
instructblip/pope/ricd/coco/adversarial/seed1:  31%|███▏      | 942/3000 [02:44<06:02,  5.67it/s]
instructblip/pope/ricd/coco/adversarial/seed1:  31%|███▏      | 943/3000 [02:44<06:23,  5.37it/s]
instructblip/pope/ricd/coco/adversarial/seed1:  31%|███▏      | 944/3000 [02:44<06:16,  5.46it/s]
instructblip/pope/ricd/coco/adversarial/seed1:  32%|███▏      | 945/3000 [02:44<06:18,  5.42it/s]
instructblip/pope/ricd/coco/adversarial/seed1:  32%|███▏      | 946/3000 [02:44<06:10,  5.55it/s]
instructblip/pope/ricd/coco/adversarial/seed1:  32%|███▏      | 947/3000 [02:45<06:22,  5.37it/s]
instructblip/pope/ricd/coco/adversarial/seed1:  32%|███▏      | 948/3000 [02:45<06:11,  5.52it/s]
instructblip/pope/ricd/coco/adversarial/seed1:  32%|███▏      | 949/3000 [02:45<06:09,  5.54it/s]
instructblip/pope/ricd/coco/adversarial/seed1:  32%|███▏      | 950/3000 [02:45<06:07,  5.57it/s]
instructblip/pope/ricd/coco/adversarial/seed1:  32%|███▏      | 951/3000 [02:45<06:07,  5.57it/s]
instructblip/pope/ricd/coco/adversarial/seed1:  32%|███▏      | 952/3000 [02:45<06:06,  5.59it/s]
instructblip/pope/ricd/coco/adversarial/seed1:  32%|███▏      | 953/3000 [02:46<06:05,  5.60it/s]
instructblip/pope/ricd/coco/adversarial/seed1:  32%|███▏      | 954/3000 [02:46<06:35,  5.18it/s]
instructblip/pope/ricd/coco/adversarial/seed1:  32%|███▏      | 955/3000 [02:46<06:25,  5.30it/s]
instructblip/pope/ricd/coco/adversarial/seed1:  32%|███▏      | 956/3000 [02:46<06:19,  5.39it/s]
instructblip/pope/ricd/coco/adversarial/seed1:  32%|███▏      | 957/3000 [02:46<06:10,  5.51it/s]
instructblip/pope/ricd/coco/adversarial/seed1:  32%|███▏      | 958/3000 [02:47<06:09,  5.52it/s]
instructblip/pope/ricd/coco/adversarial/seed1:  32%|███▏      | 959/3000 [02:47<06:09,  5.52it/s]
instructblip/pope/ricd/coco/adversarial/seed1:  32%|███▏      | 960/3000 [02:47<06:01,  5.64it/s]
instructblip/pope/ricd/coco/adversarial/seed1:  32%|███▏      | 961/3000 [02:47<06:01,  5.64it/s]
instructblip/pope/ricd/coco/adversarial/seed1:  32%|███▏      | 962/3000 [02:47<06:07,  5.54it/s]
instructblip/pope/ricd/coco/adversarial/seed1:  32%|███▏      | 963/3000 [02:47<06:10,  5.50it/s]
instructblip/pope/ricd/coco/adversarial/seed1:  32%|███▏      | 964/3000 [02:48<06:12,  5.47it/s]
instructblip/pope/ricd/coco/adversarial/seed1:  32%|███▏      | 965/3000 [02:48<06:06,  5.56it/s]
instructblip/pope/ricd/coco/adversarial/seed1:  32%|███▏      | 966/3000 [02:48<06:00,  5.65it/s]
instructblip/pope/ricd/coco/adversarial/seed1:  32%|███▏      | 967/3000 [02:48<05:52,  5.77it/s]
instructblip/pope/ricd/coco/adversarial/seed1:  32%|███▏      | 968/3000 [02:48<05:48,  5.82it/s]
instructblip/pope/ricd/coco/adversarial/seed1:  32%|███▏      | 969/3000 [02:48<05:47,  5.84it/s]
instructblip/pope/ricd/coco/adversarial/seed1:  32%|███▏      | 970/3000 [02:49<05:50,  5.79it/s]
instructblip/pope/ricd/coco/adversarial/seed1:  32%|███▏      | 971/3000 [02:49<05:44,  5.90it/s]
instructblip/pope/ricd/coco/adversarial/seed1:  32%|███▏      | 972/3000 [02:49<05:40,  5.96it/s]
instructblip/pope/ricd/coco/adversarial/seed1:  32%|███▏      | 973/3000 [02:49<05:40,  5.96it/s]
instructblip/pope/ricd/coco/adversarial/seed1:  32%|███▏      | 974/3000 [02:49<05:45,  5.87it/s]
instructblip/pope/ricd/coco/adversarial/seed1:  32%|███▎      | 975/3000 [02:49<05:43,  5.90it/s]
instructblip/pope/ricd/coco/adversarial/seed1:  33%|███▎      | 976/3000 [02:50<05:41,  5.93it/s]
instructblip/pope/ricd/coco/adversarial/seed1:  33%|███▎      | 977/3000 [02:50<05:51,  5.76it/s]
instructblip/pope/ricd/coco/adversarial/seed1:  33%|███▎      | 978/3000 [02:50<06:01,  5.59it/s]
instructblip/pope/ricd/coco/adversarial/seed1:  33%|███▎      | 979/3000 [02:50<05:57,  5.65it/s]
instructblip/pope/ricd/coco/adversarial/seed1:  33%|███▎      | 980/3000 [02:50<05:49,  5.78it/s]
instructblip/pope/ricd/coco/adversarial/seed1:  33%|███▎      | 981/3000 [02:51<05:52,  5.72it/s]
instructblip/pope/ricd/coco/adversarial/seed1:  33%|███▎      | 982/3000 [02:51<05:51,  5.74it/s]
instructblip/pope/ricd/coco/adversarial/seed1:  33%|███▎      | 983/3000 [02:51<05:50,  5.75it/s]
instructblip/pope/ricd/coco/adversarial/seed1:  33%|███▎      | 984/3000 [02:51<05:57,  5.64it/s]
instructblip/pope/ricd/coco/adversarial/seed1:  33%|███▎      | 985/3000 [02:51<05:57,  5.63it/s]
instructblip/pope/ricd/coco/adversarial/seed1:  33%|███▎      | 986/3000 [02:51<06:01,  5.57it/s]
instructblip/pope/ricd/coco/adversarial/seed1:  33%|███▎      | 987/3000 [02:52<05:58,  5.61it/s]
instructblip/pope/ricd/coco/adversarial/seed1:  33%|███▎      | 988/3000 [02:52<06:00,  5.58it/s]
instructblip/pope/ricd/coco/adversarial/seed1:  33%|███▎      | 989/3000 [02:52<05:58,  5.60it/s]
instructblip/pope/ricd/coco/adversarial/seed1:  33%|███▎      | 990/3000 [02:52<05:55,  5.66it/s]
instructblip/pope/ricd/coco/adversarial/seed1:  33%|███▎      | 991/3000 [02:52<05:57,  5.62it/s]
instructblip/pope/ricd/coco/adversarial/seed1:  33%|███▎      | 992/3000 [02:52<06:00,  5.57it/s]
instructblip/pope/ricd/coco/adversarial/seed1:  33%|███▎      | 993/3000 [02:53<05:54,  5.65it/s]
instructblip/pope/ricd/coco/adversarial/seed1:  33%|███▎      | 994/3000 [02:53<05:56,  5.63it/s]
instructblip/pope/ricd/coco/adversarial/seed1:  33%|███▎      | 995/3000 [02:53<05:51,  5.70it/s]
instructblip/pope/ricd/coco/adversarial/seed1:  33%|███▎      | 996/3000 [02:53<05:47,  5.77it/s]
instructblip/pope/ricd/coco/adversarial/seed1:  33%|███▎      | 997/3000 [02:53<05:47,  5.77it/s]
instructblip/pope/ricd/coco/adversarial/seed1:  33%|███▎      | 998/3000 [02:54<05:48,  5.74it/s]
instructblip/pope/ricd/coco/adversarial/seed1:  33%|███▎      | 999/3000 [02:54<05:51,  5.69it/s]
instructblip/pope/ricd/coco/adversarial/seed1:  33%|███▎      | 1000/3000 [02:54<05:48,  5.73it/s]
instructblip/pope/ricd/coco/adversarial/seed1:  33%|███▎      | 1001/3000 [02:54<05:45,  5.79it/s]
instructblip/pope/ricd/coco/adversarial/seed1:  33%|███▎      | 1002/3000 [02:54<05:41,  5.85it/s]
instructblip/pope/ricd/coco/adversarial/seed1:  33%|███▎      | 1003/3000 [02:54<05:41,  5.84it/s]
instructblip/pope/ricd/coco/adversarial/seed1:  33%|███▎      | 1004/3000 [02:55<05:41,  5.84it/s]
instructblip/pope/ricd/coco/adversarial/seed1:  34%|███▎      | 1005/3000 [02:55<05:45,  5.77it/s]
instructblip/pope/ricd/coco/adversarial/seed1:  34%|███▎      | 1006/3000 [02:55<05:45,  5.77it/s]
instructblip/pope/ricd/coco/adversarial/seed1:  34%|███▎      | 1007/3000 [02:55<05:42,  5.81it/s]
instructblip/pope/ricd/coco/adversarial/seed1:  34%|███▎      | 1008/3000 [02:55<05:50,  5.68it/s]
instructblip/pope/ricd/coco/adversarial/seed1:  34%|███▎      | 1009/3000 [02:55<05:56,  5.58it/s]
instructblip/pope/ricd/coco/adversarial/seed1:  34%|███▎      | 1010/3000 [02:56<05:53,  5.63it/s]
instructblip/pope/ricd/coco/adversarial/seed1:  34%|███▎      | 1011/3000 [02:56<05:52,  5.64it/s]
instructblip/pope/ricd/coco/adversarial/seed1:  34%|███▎      | 1012/3000 [02:56<05:48,  5.70it/s]
instructblip/pope/ricd/coco/adversarial/seed1:  34%|███▍      | 1013/3000 [02:56<05:46,  5.74it/s]
instructblip/pope/ricd/coco/adversarial/seed1:  34%|███▍      | 1014/3000 [02:56<05:47,  5.72it/s]
instructblip/pope/ricd/coco/adversarial/seed1:  34%|███▍      | 1015/3000 [02:56<05:46,  5.73it/s]
instructblip/pope/ricd/coco/adversarial/seed1:  34%|███▍      | 1016/3000 [02:57<05:44,  5.76it/s]
instructblip/pope/ricd/coco/adversarial/seed1:  34%|███▍      | 1017/3000 [02:57<05:43,  5.78it/s]
instructblip/pope/ricd/coco/adversarial/seed1:  34%|███▍      | 1018/3000 [02:57<05:44,  5.75it/s]
instructblip/pope/ricd/coco/adversarial/seed1:  34%|███▍      | 1019/3000 [02:57<05:41,  5.79it/s]
instructblip/pope/ricd/coco/adversarial/seed1:  34%|███▍      | 1020/3000 [02:57<05:47,  5.69it/s]
instructblip/pope/ricd/coco/adversarial/seed1:  34%|███▍      | 1021/3000 [02:58<05:42,  5.78it/s]
instructblip/pope/ricd/coco/adversarial/seed1:  34%|███▍      | 1022/3000 [02:58<05:38,  5.85it/s]
instructblip/pope/ricd/coco/adversarial/seed1:  34%|███▍      | 1023/3000 [02:58<05:38,  5.83it/s]
instructblip/pope/ricd/coco/adversarial/seed1:  34%|███▍      | 1024/3000 [02:58<05:35,  5.89it/s]
instructblip/pope/ricd/coco/adversarial/seed1:  34%|███▍      | 1025/3000 [02:58<05:36,  5.87it/s]
instructblip/pope/ricd/coco/adversarial/seed1:  34%|███▍      | 1026/3000 [02:58<05:38,  5.83it/s]
instructblip/pope/ricd/coco/adversarial/seed1:  34%|███▍      | 1027/3000 [02:59<05:37,  5.85it/s]
instructblip/pope/ricd/coco/adversarial/seed1:  34%|███▍      | 1028/3000 [02:59<05:34,  5.89it/s]
instructblip/pope/ricd/coco/adversarial/seed1:  34%|███▍      | 1029/3000 [02:59<05:42,  5.75it/s]
instructblip/pope/ricd/coco/adversarial/seed1:  34%|███▍      | 1030/3000 [02:59<05:43,  5.73it/s]
instructblip/pope/ricd/coco/adversarial/seed1:  34%|███▍      | 1031/3000 [02:59<05:43,  5.74it/s]
instructblip/pope/ricd/coco/adversarial/seed1:  34%|███▍      | 1032/3000 [02:59<05:42,  5.75it/s]
instructblip/pope/ricd/coco/adversarial/seed1:  34%|███▍      | 1033/3000 [03:00<05:45,  5.69it/s]
instructblip/pope/ricd/coco/adversarial/seed1:  34%|███▍      | 1034/3000 [03:00<05:40,  5.78it/s]
instructblip/pope/ricd/coco/adversarial/seed1:  34%|███▍      | 1035/3000 [03:00<05:37,  5.82it/s]
instructblip/pope/ricd/coco/adversarial/seed1:  35%|███▍      | 1036/3000 [03:00<05:41,  5.76it/s]
instructblip/pope/ricd/coco/adversarial/seed1:  35%|███▍      | 1037/3000 [03:00<05:41,  5.75it/s]
instructblip/pope/ricd/coco/adversarial/seed1:  35%|███▍      | 1038/3000 [03:00<05:37,  5.81it/s]
instructblip/pope/ricd/coco/adversarial/seed1:  35%|███▍      | 1039/3000 [03:01<05:33,  5.88it/s]
instructblip/pope/ricd/coco/adversarial/seed1:  35%|███▍      | 1040/3000 [03:01<05:34,  5.87it/s]
instructblip/pope/ricd/coco/adversarial/seed1:  35%|███▍      | 1041/3000 [03:01<05:32,  5.90it/s]
instructblip/pope/ricd/coco/adversarial/seed1:  35%|███▍      | 1042/3000 [03:01<05:29,  5.94it/s]
instructblip/pope/ricd/coco/adversarial/seed1:  35%|███▍      | 1043/3000 [03:01<05:28,  5.95it/s]
instructblip/pope/ricd/coco/adversarial/seed1:  35%|███▍      | 1044/3000 [03:01<05:27,  5.97it/s]
instructblip/pope/ricd/coco/adversarial/seed1:  35%|███▍      | 1045/3000 [03:02<05:27,  5.98it/s]
instructblip/pope/ricd/coco/adversarial/seed1:  35%|███▍      | 1046/3000 [03:02<05:40,  5.74it/s]
instructblip/pope/ricd/coco/adversarial/seed1:  35%|███▍      | 1047/3000 [03:02<06:03,  5.37it/s]
instructblip/pope/ricd/coco/adversarial/seed1:  35%|███▍      | 1048/3000 [03:02<05:55,  5.49it/s]
instructblip/pope/ricd/coco/adversarial/seed1:  35%|███▍      | 1049/3000 [03:02<05:48,  5.60it/s]
instructblip/pope/ricd/coco/adversarial/seed1:  35%|███▌      | 1050/3000 [03:03<05:44,  5.66it/s]
instructblip/pope/ricd/coco/adversarial/seed1:  35%|███▌      | 1051/3000 [03:03<05:45,  5.65it/s]
instructblip/pope/ricd/coco/adversarial/seed1:  35%|███▌      | 1052/3000 [03:03<05:41,  5.70it/s]
instructblip/pope/ricd/coco/adversarial/seed1:  35%|███▌      | 1053/3000 [03:03<05:38,  5.75it/s]
instructblip/pope/ricd/coco/adversarial/seed1:  35%|███▌      | 1054/3000 [03:03<05:36,  5.78it/s]
instructblip/pope/ricd/coco/adversarial/seed1:  35%|███▌      | 1055/3000 [03:03<05:36,  5.79it/s]
instructblip/pope/ricd/coco/adversarial/seed1:  35%|███▌      | 1056/3000 [03:04<05:36,  5.78it/s]
instructblip/pope/ricd/coco/adversarial/seed1:  35%|███▌      | 1057/3000 [03:04<05:57,  5.44it/s]
instructblip/pope/ricd/coco/adversarial/seed1:  35%|███▌      | 1058/3000 [03:04<05:45,  5.63it/s]
instructblip/pope/ricd/coco/adversarial/seed1:  35%|███▌      | 1059/3000 [03:04<05:41,  5.68it/s]
instructblip/pope/ricd/coco/adversarial/seed1:  35%|███▌      | 1060/3000 [03:04<05:36,  5.76it/s]
instructblip/pope/ricd/coco/adversarial/seed1:  35%|███▌      | 1061/3000 [03:04<05:33,  5.81it/s]
instructblip/pope/ricd/coco/adversarial/seed1:  35%|███▌      | 1062/3000 [03:05<05:47,  5.58it/s]
instructblip/pope/ricd/coco/adversarial/seed1:  35%|███▌      | 1063/3000 [03:05<05:45,  5.60it/s]
instructblip/pope/ricd/coco/adversarial/seed1:  35%|███▌      | 1064/3000 [03:05<05:42,  5.65it/s]
instructblip/pope/ricd/coco/adversarial/seed1:  36%|███▌      | 1065/3000 [03:05<05:38,  5.71it/s]
instructblip/pope/ricd/coco/adversarial/seed1:  36%|███▌      | 1066/3000 [03:05<05:42,  5.65it/s]
instructblip/pope/ricd/coco/adversarial/seed1:  36%|███▌      | 1067/3000 [03:06<05:43,  5.63it/s]
instructblip/pope/ricd/coco/adversarial/seed1:  36%|███▌      | 1068/3000 [03:06<05:39,  5.70it/s]
instructblip/pope/ricd/coco/adversarial/seed1:  36%|███▌      | 1069/3000 [03:06<05:41,  5.66it/s]
instructblip/pope/ricd/coco/adversarial/seed1:  36%|███▌      | 1070/3000 [03:06<05:35,  5.75it/s]
instructblip/pope/ricd/coco/adversarial/seed1:  36%|███▌      | 1071/3000 [03:06<05:33,  5.78it/s]
instructblip/pope/ricd/coco/adversarial/seed1:  36%|███▌      | 1072/3000 [03:06<06:01,  5.34it/s]
instructblip/pope/ricd/coco/adversarial/seed1:  36%|███▌      | 1073/3000 [03:07<05:54,  5.43it/s]
instructblip/pope/ricd/coco/adversarial/seed1:  36%|███▌      | 1074/3000 [03:07<05:50,  5.49it/s]
instructblip/pope/ricd/coco/adversarial/seed1:  36%|███▌      | 1075/3000 [03:07<05:48,  5.52it/s]
instructblip/pope/ricd/coco/adversarial/seed1:  36%|███▌      | 1076/3000 [03:07<05:43,  5.59it/s]
instructblip/pope/ricd/coco/adversarial/seed1:  36%|███▌      | 1077/3000 [03:07<05:39,  5.67it/s]
instructblip/pope/ricd/coco/adversarial/seed1:  36%|███▌      | 1078/3000 [03:08<05:37,  5.69it/s]
instructblip/pope/ricd/coco/adversarial/seed1:  36%|███▌      | 1079/3000 [03:08<05:38,  5.67it/s]
instructblip/pope/ricd/coco/adversarial/seed1:  36%|███▌      | 1080/3000 [03:08<05:36,  5.71it/s]
instructblip/pope/ricd/coco/adversarial/seed1:  36%|███▌      | 1081/3000 [03:08<05:33,  5.76it/s]
instructblip/pope/ricd/coco/adversarial/seed1:  36%|███▌      | 1082/3000 [03:08<05:33,  5.75it/s]
instructblip/pope/ricd/coco/adversarial/seed1:  36%|███▌      | 1083/3000 [03:08<05:38,  5.65it/s]
instructblip/pope/ricd/coco/adversarial/seed1:  36%|███▌      | 1084/3000 [03:09<05:35,  5.72it/s]
instructblip/pope/ricd/coco/adversarial/seed1:  36%|███▌      | 1085/3000 [03:09<05:35,  5.70it/s]
instructblip/pope/ricd/coco/adversarial/seed1:  36%|███▌      | 1086/3000 [03:09<05:38,  5.65it/s]
instructblip/pope/ricd/coco/adversarial/seed1:  36%|███▌      | 1087/3000 [03:09<05:35,  5.71it/s]
instructblip/pope/ricd/coco/adversarial/seed1:  36%|███▋      | 1088/3000 [03:09<05:31,  5.77it/s]
instructblip/pope/ricd/coco/adversarial/seed1:  36%|███▋      | 1089/3000 [03:09<05:34,  5.72it/s]
instructblip/pope/ricd/coco/adversarial/seed1:  36%|███▋      | 1090/3000 [03:10<05:37,  5.66it/s]
instructblip/pope/ricd/coco/adversarial/seed1:  36%|███▋      | 1091/3000 [03:10<05:34,  5.70it/s]
instructblip/pope/ricd/coco/adversarial/seed1:  36%|███▋      | 1092/3000 [03:10<05:34,  5.71it/s]
instructblip/pope/ricd/coco/adversarial/seed1:  36%|███▋      | 1093/3000 [03:10<05:29,  5.78it/s]
instructblip/pope/ricd/coco/adversarial/seed1:  36%|███▋      | 1094/3000 [03:10<05:32,  5.74it/s]
instructblip/pope/ricd/coco/adversarial/seed1:  36%|███▋      | 1095/3000 [03:10<05:27,  5.81it/s]
instructblip/pope/ricd/coco/adversarial/seed1:  37%|███▋      | 1096/3000 [03:11<05:29,  5.77it/s]
instructblip/pope/ricd/coco/adversarial/seed1:  37%|███▋      | 1097/3000 [03:11<05:26,  5.83it/s]
instructblip/pope/ricd/coco/adversarial/seed1:  37%|███▋      | 1098/3000 [03:11<05:25,  5.85it/s]
instructblip/pope/ricd/coco/adversarial/seed1:  37%|███▋      | 1099/3000 [03:11<05:29,  5.77it/s]
instructblip/pope/ricd/coco/adversarial/seed1:  37%|███▋      | 1100/3000 [03:11<05:26,  5.82it/s]
instructblip/pope/ricd/coco/adversarial/seed1:  37%|███▋      | 1101/3000 [03:12<05:30,  5.75it/s]
instructblip/pope/ricd/coco/adversarial/seed1:  37%|███▋      | 1102/3000 [03:12<05:31,  5.73it/s]
instructblip/pope/ricd/coco/adversarial/seed1:  37%|███▋      | 1103/3000 [03:12<05:31,  5.72it/s]
instructblip/pope/ricd/coco/adversarial/seed1:  37%|███▋      | 1104/3000 [03:12<05:29,  5.75it/s]
instructblip/pope/ricd/coco/adversarial/seed1:  37%|███▋      | 1105/3000 [03:12<05:25,  5.82it/s]
instructblip/pope/ricd/coco/adversarial/seed1:  37%|███▋      | 1106/3000 [03:12<05:25,  5.82it/s]
instructblip/pope/ricd/coco/adversarial/seed1:  37%|███▋      | 1107/3000 [03:13<05:28,  5.76it/s]
instructblip/pope/ricd/coco/adversarial/seed1:  37%|███▋      | 1108/3000 [03:13<05:25,  5.82it/s]
instructblip/pope/ricd/coco/adversarial/seed1:  37%|███▋      | 1109/3000 [03:13<05:27,  5.77it/s]
instructblip/pope/ricd/coco/adversarial/seed1:  37%|███▋      | 1110/3000 [03:13<05:26,  5.79it/s]
instructblip/pope/ricd/coco/adversarial/seed1:  37%|███▋      | 1111/3000 [03:13<05:36,  5.61it/s]
instructblip/pope/ricd/coco/adversarial/seed1:  37%|███▋      | 1112/3000 [03:13<05:49,  5.40it/s]
instructblip/pope/ricd/coco/adversarial/seed1:  37%|███▋      | 1113/3000 [03:14<06:00,  5.23it/s]
instructblip/pope/ricd/coco/adversarial/seed1:  37%|███▋      | 1114/3000 [03:14<05:55,  5.31it/s]
instructblip/pope/ricd/coco/adversarial/seed1:  37%|███▋      | 1115/3000 [03:14<06:03,  5.18it/s]
instructblip/pope/ricd/coco/adversarial/seed1:  37%|███▋      | 1116/3000 [03:14<05:51,  5.36it/s]
instructblip/pope/ricd/coco/adversarial/seed1:  37%|███▋      | 1117/3000 [03:14<05:45,  5.45it/s]
instructblip/pope/ricd/coco/adversarial/seed1:  37%|███▋      | 1118/3000 [03:15<05:42,  5.49it/s]
instructblip/pope/ricd/coco/adversarial/seed1:  37%|███▋      | 1119/3000 [03:15<05:36,  5.59it/s]
instructblip/pope/ricd/coco/adversarial/seed1:  37%|███▋      | 1120/3000 [03:15<05:35,  5.60it/s]
instructblip/pope/ricd/coco/adversarial/seed1:  37%|███▋      | 1121/3000 [03:15<05:30,  5.69it/s]
instructblip/pope/ricd/coco/adversarial/seed1:  37%|███▋      | 1122/3000 [03:15<05:26,  5.76it/s]
instructblip/pope/ricd/coco/adversarial/seed1:  37%|███▋      | 1123/3000 [03:15<05:24,  5.79it/s]
instructblip/pope/ricd/coco/adversarial/seed1:  37%|███▋      | 1124/3000 [03:16<05:22,  5.82it/s]
instructblip/pope/ricd/coco/adversarial/seed1:  38%|███▊      | 1125/3000 [03:16<05:19,  5.86it/s]
instructblip/pope/ricd/coco/adversarial/seed1:  38%|███▊      | 1126/3000 [03:16<05:20,  5.84it/s]
instructblip/pope/ricd/coco/adversarial/seed1:  38%|███▊      | 1127/3000 [03:16<05:18,  5.89it/s]
instructblip/pope/ricd/coco/adversarial/seed1:  38%|███▊      | 1128/3000 [03:16<05:15,  5.93it/s]
instructblip/pope/ricd/coco/adversarial/seed1:  38%|███▊      | 1129/3000 [03:16<05:14,  5.95it/s]
instructblip/pope/ricd/coco/adversarial/seed1:  38%|███▊      | 1130/3000 [03:17<05:15,  5.92it/s]
instructblip/pope/ricd/coco/adversarial/seed1:  38%|███▊      | 1131/3000 [03:17<05:14,  5.94it/s]
instructblip/pope/ricd/coco/adversarial/seed1:  38%|███▊      | 1132/3000 [03:17<05:13,  5.96it/s]
instructblip/pope/ricd/coco/adversarial/seed1:  38%|███▊      | 1133/3000 [03:17<05:13,  5.95it/s]
instructblip/pope/ricd/coco/adversarial/seed1:  38%|███▊      | 1134/3000 [03:17<05:13,  5.95it/s]
instructblip/pope/ricd/coco/adversarial/seed1:  38%|███▊      | 1135/3000 [03:17<05:12,  5.96it/s]
instructblip/pope/ricd/coco/adversarial/seed1:  38%|███▊      | 1136/3000 [03:18<05:14,  5.92it/s]
instructblip/pope/ricd/coco/adversarial/seed1:  38%|███▊      | 1137/3000 [03:18<05:17,  5.87it/s]
instructblip/pope/ricd/coco/adversarial/seed1:  38%|███▊      | 1138/3000 [03:18<05:17,  5.86it/s]
instructblip/pope/ricd/coco/adversarial/seed1:  38%|███▊      | 1139/3000 [03:18<05:16,  5.89it/s]
instructblip/pope/ricd/coco/adversarial/seed1:  38%|███▊      | 1140/3000 [03:18<05:15,  5.90it/s]
instructblip/pope/ricd/coco/adversarial/seed1:  38%|███▊      | 1141/3000 [03:18<05:16,  5.87it/s]
instructblip/pope/ricd/coco/adversarial/seed1:  38%|███▊      | 1142/3000 [03:19<05:20,  5.80it/s]
instructblip/pope/ricd/coco/adversarial/seed1:  38%|███▊      | 1143/3000 [03:19<05:24,  5.71it/s]
instructblip/pope/ricd/coco/adversarial/seed1:  38%|███▊      | 1144/3000 [03:19<05:26,  5.68it/s]
instructblip/pope/ricd/coco/adversarial/seed1:  38%|███▊      | 1145/3000 [03:19<05:22,  5.75it/s]
instructblip/pope/ricd/coco/adversarial/seed1:  38%|███▊      | 1146/3000 [03:19<05:18,  5.83it/s]
instructblip/pope/ricd/coco/adversarial/seed1:  38%|███▊      | 1147/3000 [03:20<05:19,  5.80it/s]
instructblip/pope/ricd/coco/adversarial/seed1:  38%|███▊      | 1148/3000 [03:20<05:20,  5.78it/s]
instructblip/pope/ricd/coco/adversarial/seed1:  38%|███▊      | 1149/3000 [03:20<05:25,  5.69it/s]
instructblip/pope/ricd/coco/adversarial/seed1:  38%|███▊      | 1150/3000 [03:20<05:23,  5.73it/s]
instructblip/pope/ricd/coco/adversarial/seed1:  38%|███▊      | 1151/3000 [03:20<05:16,  5.83it/s]
instructblip/pope/ricd/coco/adversarial/seed1:  38%|███▊      | 1152/3000 [03:20<05:14,  5.88it/s]
instructblip/pope/ricd/coco/adversarial/seed1:  38%|███▊      | 1153/3000 [03:21<05:12,  5.90it/s]
instructblip/pope/ricd/coco/adversarial/seed1:  38%|███▊      | 1154/3000 [03:21<05:13,  5.89it/s]
instructblip/pope/ricd/coco/adversarial/seed1:  38%|███▊      | 1155/3000 [03:21<05:15,  5.85it/s]
instructblip/pope/ricd/coco/adversarial/seed1:  39%|███▊      | 1156/3000 [03:21<05:14,  5.86it/s]
instructblip/pope/ricd/coco/adversarial/seed1:  39%|███▊      | 1157/3000 [03:21<05:17,  5.80it/s]
instructblip/pope/ricd/coco/adversarial/seed1:  39%|███▊      | 1158/3000 [03:21<05:14,  5.85it/s]
instructblip/pope/ricd/coco/adversarial/seed1:  39%|███▊      | 1159/3000 [03:22<05:12,  5.88it/s]
instructblip/pope/ricd/coco/adversarial/seed1:  39%|███▊      | 1160/3000 [03:22<05:13,  5.88it/s]
instructblip/pope/ricd/coco/adversarial/seed1:  39%|███▊      | 1161/3000 [03:22<05:12,  5.88it/s]
instructblip/pope/ricd/coco/adversarial/seed1:  39%|███▊      | 1162/3000 [03:22<05:12,  5.88it/s]
instructblip/pope/ricd/coco/adversarial/seed1:  39%|███▉      | 1163/3000 [03:22<05:17,  5.78it/s]
instructblip/pope/ricd/coco/adversarial/seed1:  39%|███▉      | 1164/3000 [03:22<05:18,  5.76it/s]
instructblip/pope/ricd/coco/adversarial/seed1:  39%|███▉      | 1165/3000 [03:23<05:17,  5.78it/s]
instructblip/pope/ricd/coco/adversarial/seed1:  39%|███▉      | 1166/3000 [03:23<05:12,  5.86it/s]
instructblip/pope/ricd/coco/adversarial/seed1:  39%|███▉      | 1167/3000 [03:23<05:08,  5.95it/s]
instructblip/pope/ricd/coco/adversarial/seed1:  39%|███▉      | 1168/3000 [03:23<05:08,  5.94it/s]
instructblip/pope/ricd/coco/adversarial/seed1:  39%|███▉      | 1169/3000 [03:23<05:05,  6.00it/s]
instructblip/pope/ricd/coco/adversarial/seed1:  39%|███▉      | 1170/3000 [03:23<05:09,  5.91it/s]
instructblip/pope/ricd/coco/adversarial/seed1:  39%|███▉      | 1171/3000 [03:24<05:14,  5.81it/s]
instructblip/pope/ricd/coco/adversarial/seed1:  39%|███▉      | 1172/3000 [03:24<05:14,  5.81it/s]
instructblip/pope/ricd/coco/adversarial/seed1:  39%|███▉      | 1173/3000 [03:24<05:13,  5.83it/s]
instructblip/pope/ricd/coco/adversarial/seed1:  39%|███▉      | 1174/3000 [03:24<05:10,  5.88it/s]
instructblip/pope/ricd/coco/adversarial/seed1:  39%|███▉      | 1175/3000 [03:24<05:14,  5.81it/s]
instructblip/pope/ricd/coco/adversarial/seed1:  39%|███▉      | 1176/3000 [03:24<05:12,  5.83it/s]
instructblip/pope/ricd/coco/adversarial/seed1:  39%|███▉      | 1177/3000 [03:25<05:14,  5.79it/s]
instructblip/pope/ricd/coco/adversarial/seed1:  39%|███▉      | 1178/3000 [03:25<05:11,  5.85it/s]
instructblip/pope/ricd/coco/adversarial/seed1:  39%|███▉      | 1179/3000 [03:25<05:13,  5.81it/s]
instructblip/pope/ricd/coco/adversarial/seed1:  39%|███▉      | 1180/3000 [03:25<05:13,  5.80it/s]
instructblip/pope/ricd/coco/adversarial/seed1:  39%|███▉      | 1181/3000 [03:25<05:10,  5.86it/s]
instructblip/pope/ricd/coco/adversarial/seed1:  39%|███▉      | 1182/3000 [03:26<05:09,  5.88it/s]
instructblip/pope/ricd/coco/adversarial/seed1:  39%|███▉      | 1183/3000 [03:26<05:10,  5.85it/s]
instructblip/pope/ricd/coco/adversarial/seed1:  39%|███▉      | 1184/3000 [03:26<05:13,  5.80it/s]
instructblip/pope/ricd/coco/adversarial/seed1:  40%|███▉      | 1185/3000 [03:26<05:12,  5.81it/s]
instructblip/pope/ricd/coco/adversarial/seed1:  40%|███▉      | 1186/3000 [03:26<05:12,  5.81it/s]
instructblip/pope/ricd/coco/adversarial/seed1:  40%|███▉      | 1187/3000 [03:26<05:11,  5.81it/s]
instructblip/pope/ricd/coco/adversarial/seed1:  40%|███▉      | 1188/3000 [03:27<05:16,  5.72it/s]
instructblip/pope/ricd/coco/adversarial/seed1:  40%|███▉      | 1189/3000 [03:27<05:14,  5.75it/s]
instructblip/pope/ricd/coco/adversarial/seed1:  40%|███▉      | 1190/3000 [03:27<05:12,  5.79it/s]
instructblip/pope/ricd/coco/adversarial/seed1:  40%|███▉      | 1191/3000 [03:27<05:09,  5.85it/s]
instructblip/pope/ricd/coco/adversarial/seed1:  40%|███▉      | 1192/3000 [03:27<05:19,  5.66it/s]
instructblip/pope/ricd/coco/adversarial/seed1:  40%|███▉      | 1193/3000 [03:27<05:14,  5.74it/s]
instructblip/pope/ricd/coco/adversarial/seed1:  40%|███▉      | 1194/3000 [03:28<05:09,  5.83it/s]
instructblip/pope/ricd/coco/adversarial/seed1:  40%|███▉      | 1195/3000 [03:28<05:09,  5.83it/s]
instructblip/pope/ricd/coco/adversarial/seed1:  40%|███▉      | 1196/3000 [03:28<05:05,  5.91it/s]
instructblip/pope/ricd/coco/adversarial/seed1:  40%|███▉      | 1197/3000 [03:28<05:07,  5.86it/s]
instructblip/pope/ricd/coco/adversarial/seed1:  40%|███▉      | 1198/3000 [03:28<05:06,  5.88it/s]
instructblip/pope/ricd/coco/adversarial/seed1:  40%|███▉      | 1199/3000 [03:28<05:07,  5.86it/s]
instructblip/pope/ricd/coco/adversarial/seed1:  40%|████      | 1200/3000 [03:29<05:06,  5.87it/s]
instructblip/pope/ricd/coco/adversarial/seed1:  40%|████      | 1201/3000 [03:29<05:05,  5.89it/s]
instructblip/pope/ricd/coco/adversarial/seed1:  40%|████      | 1202/3000 [03:29<05:04,  5.91it/s]
instructblip/pope/ricd/coco/adversarial/seed1:  40%|████      | 1203/3000 [03:29<05:03,  5.92it/s]
instructblip/pope/ricd/coco/adversarial/seed1:  40%|████      | 1204/3000 [03:29<05:06,  5.86it/s]
instructblip/pope/ricd/coco/adversarial/seed1:  40%|████      | 1205/3000 [03:29<05:06,  5.86it/s]
instructblip/pope/ricd/coco/adversarial/seed1:  40%|████      | 1206/3000 [03:30<05:05,  5.87it/s]
instructblip/pope/ricd/coco/adversarial/seed1:  40%|████      | 1207/3000 [03:30<06:00,  4.97it/s]
instructblip/pope/ricd/coco/adversarial/seed1:  40%|████      | 1208/3000 [03:30<05:43,  5.21it/s]
instructblip/pope/ricd/coco/adversarial/seed1:  40%|████      | 1209/3000 [03:30<05:30,  5.42it/s]
instructblip/pope/ricd/coco/adversarial/seed1:  40%|████      | 1210/3000 [03:30<05:25,  5.50it/s]
instructblip/pope/ricd/coco/adversarial/seed1:  40%|████      | 1211/3000 [03:31<05:16,  5.65it/s]
instructblip/pope/ricd/coco/adversarial/seed1:  40%|████      | 1212/3000 [03:31<05:10,  5.75it/s]
instructblip/pope/ricd/coco/adversarial/seed1:  40%|████      | 1213/3000 [03:31<05:05,  5.84it/s]
instructblip/pope/ricd/coco/adversarial/seed1:  40%|████      | 1214/3000 [03:31<05:03,  5.88it/s]
instructblip/pope/ricd/coco/adversarial/seed1:  40%|████      | 1215/3000 [03:31<05:00,  5.94it/s]
instructblip/pope/ricd/coco/adversarial/seed1:  41%|████      | 1216/3000 [03:31<04:58,  5.98it/s]
instructblip/pope/ricd/coco/adversarial/seed1:  41%|████      | 1217/3000 [03:32<04:56,  6.02it/s]
instructblip/pope/ricd/coco/adversarial/seed1:  41%|████      | 1218/3000 [03:32<05:01,  5.92it/s]
instructblip/pope/ricd/coco/adversarial/seed1:  41%|████      | 1219/3000 [03:32<05:00,  5.93it/s]
instructblip/pope/ricd/coco/adversarial/seed1:  41%|████      | 1220/3000 [03:32<04:59,  5.93it/s]
instructblip/pope/ricd/coco/adversarial/seed1:  41%|████      | 1221/3000 [03:32<04:59,  5.94it/s]
instructblip/pope/ricd/coco/adversarial/seed1:  41%|████      | 1222/3000 [03:32<05:02,  5.88it/s]
instructblip/pope/ricd/coco/adversarial/seed1:  41%|████      | 1223/3000 [03:33<05:03,  5.86it/s]
instructblip/pope/ricd/coco/adversarial/seed1:  41%|████      | 1224/3000 [03:33<05:03,  5.86it/s]
instructblip/pope/ricd/coco/adversarial/seed1:  41%|████      | 1225/3000 [03:33<05:08,  5.75it/s]
instructblip/pope/ricd/coco/adversarial/seed1:  41%|████      | 1226/3000 [03:33<05:06,  5.78it/s]
instructblip/pope/ricd/coco/adversarial/seed1:  41%|████      | 1227/3000 [03:33<05:05,  5.81it/s]
instructblip/pope/ricd/coco/adversarial/seed1:  41%|████      | 1228/3000 [03:33<05:05,  5.80it/s]
instructblip/pope/ricd/coco/adversarial/seed1:  41%|████      | 1229/3000 [03:34<05:02,  5.86it/s]
instructblip/pope/ricd/coco/adversarial/seed1:  41%|████      | 1230/3000 [03:34<05:15,  5.61it/s]
instructblip/pope/ricd/coco/adversarial/seed1:  41%|████      | 1231/3000 [03:34<05:22,  5.49it/s]
instructblip/pope/ricd/coco/adversarial/seed1:  41%|████      | 1232/3000 [03:34<05:14,  5.62it/s]
instructblip/pope/ricd/coco/adversarial/seed1:  41%|████      | 1233/3000 [03:34<05:06,  5.76it/s]
instructblip/pope/ricd/coco/adversarial/seed1:  41%|████      | 1234/3000 [03:35<05:04,  5.81it/s]
instructblip/pope/ricd/coco/adversarial/seed1:  41%|████      | 1235/3000 [03:35<05:09,  5.71it/s]
instructblip/pope/ricd/coco/adversarial/seed1:  41%|████      | 1236/3000 [03:35<05:11,  5.66it/s]
instructblip/pope/ricd/coco/adversarial/seed1:  41%|████      | 1237/3000 [03:35<05:05,  5.77it/s]
instructblip/pope/ricd/coco/adversarial/seed1:  41%|████▏     | 1238/3000 [03:35<05:00,  5.86it/s]
instructblip/pope/ricd/coco/adversarial/seed1:  41%|████▏     | 1239/3000 [03:35<04:57,  5.91it/s]
instructblip/pope/ricd/coco/adversarial/seed1:  41%|████▏     | 1240/3000 [03:36<04:55,  5.96it/s]
instructblip/pope/ricd/coco/adversarial/seed1:  41%|████▏     | 1241/3000 [03:36<04:59,  5.86it/s]
instructblip/pope/ricd/coco/adversarial/seed1:  41%|████▏     | 1242/3000 [03:36<05:01,  5.84it/s]
instructblip/pope/ricd/coco/adversarial/seed1:  41%|████▏     | 1243/3000 [03:36<05:00,  5.84it/s]
instructblip/pope/ricd/coco/adversarial/seed1:  41%|████▏     | 1244/3000 [03:36<04:58,  5.89it/s]
instructblip/pope/ricd/coco/adversarial/seed1:  42%|████▏     | 1245/3000 [03:36<04:59,  5.86it/s]
instructblip/pope/ricd/coco/adversarial/seed1:  42%|████▏     | 1246/3000 [03:37<05:03,  5.77it/s]
instructblip/pope/ricd/coco/adversarial/seed1:  42%|████▏     | 1247/3000 [03:37<05:00,  5.84it/s]
instructblip/pope/ricd/coco/adversarial/seed1:  42%|████▏     | 1248/3000 [03:37<05:04,  5.76it/s]
instructblip/pope/ricd/coco/adversarial/seed1:  42%|████▏     | 1249/3000 [03:37<05:07,  5.70it/s]
instructblip/pope/ricd/coco/adversarial/seed1:  42%|████▏     | 1250/3000 [03:37<05:01,  5.81it/s]
instructblip/pope/ricd/coco/adversarial/seed1:  42%|████▏     | 1251/3000 [03:37<04:59,  5.85it/s]
instructblip/pope/ricd/coco/adversarial/seed1:  42%|████▏     | 1252/3000 [03:38<05:02,  5.77it/s]
instructblip/pope/ricd/coco/adversarial/seed1:  42%|████▏     | 1253/3000 [03:38<05:00,  5.82it/s]
instructblip/pope/ricd/coco/adversarial/seed1:  42%|████▏     | 1254/3000 [03:38<05:00,  5.81it/s]
instructblip/pope/ricd/coco/adversarial/seed1:  42%|████▏     | 1255/3000 [03:38<04:57,  5.86it/s]
instructblip/pope/ricd/coco/adversarial/seed1:  42%|████▏     | 1256/3000 [03:38<04:59,  5.83it/s]
instructblip/pope/ricd/coco/adversarial/seed1:  42%|████▏     | 1257/3000 [03:38<05:00,  5.80it/s]
instructblip/pope/ricd/coco/adversarial/seed1:  42%|████▏     | 1258/3000 [03:39<05:00,  5.80it/s]
instructblip/pope/ricd/coco/adversarial/seed1:  42%|████▏     | 1259/3000 [03:39<05:01,  5.78it/s]
instructblip/pope/ricd/coco/adversarial/seed1:  42%|████▏     | 1260/3000 [03:39<04:58,  5.82it/s]
instructblip/pope/ricd/coco/adversarial/seed1:  42%|████▏     | 1261/3000 [03:39<04:58,  5.83it/s]
instructblip/pope/ricd/coco/adversarial/seed1:  42%|████▏     | 1262/3000 [03:39<05:01,  5.77it/s]
instructblip/pope/ricd/coco/adversarial/seed1:  42%|████▏     | 1263/3000 [03:39<04:58,  5.82it/s]
instructblip/pope/ricd/coco/adversarial/seed1:  42%|████▏     | 1264/3000 [03:40<04:54,  5.89it/s]
instructblip/pope/ricd/coco/adversarial/seed1:  42%|████▏     | 1265/3000 [03:40<04:55,  5.88it/s]
instructblip/pope/ricd/coco/adversarial/seed1:  42%|████▏     | 1266/3000 [03:40<04:56,  5.84it/s]
instructblip/pope/ricd/coco/adversarial/seed1:  42%|████▏     | 1267/3000 [03:40<04:56,  5.84it/s]
instructblip/pope/ricd/coco/adversarial/seed1:  42%|████▏     | 1268/3000 [03:40<04:54,  5.88it/s]
instructblip/pope/ricd/coco/adversarial/seed1:  42%|████▏     | 1269/3000 [03:41<04:51,  5.94it/s]
instructblip/pope/ricd/coco/adversarial/seed1:  42%|████▏     | 1270/3000 [03:41<05:01,  5.74it/s]
instructblip/pope/ricd/coco/adversarial/seed1:  42%|████▏     | 1271/3000 [03:41<04:58,  5.80it/s]
instructblip/pope/ricd/coco/adversarial/seed1:  42%|████▏     | 1272/3000 [03:41<04:57,  5.81it/s]
instructblip/pope/ricd/coco/adversarial/seed1:  42%|████▏     | 1273/3000 [03:41<05:00,  5.76it/s]
instructblip/pope/ricd/coco/adversarial/seed1:  42%|████▏     | 1274/3000 [03:41<05:00,  5.74it/s]
instructblip/pope/ricd/coco/adversarial/seed1:  42%|████▎     | 1275/3000 [03:42<04:56,  5.81it/s]
instructblip/pope/ricd/coco/adversarial/seed1:  43%|████▎     | 1276/3000 [03:42<04:55,  5.83it/s]
instructblip/pope/ricd/coco/adversarial/seed1:  43%|████▎     | 1277/3000 [03:42<04:55,  5.84it/s]
instructblip/pope/ricd/coco/adversarial/seed1:  43%|████▎     | 1278/3000 [03:42<04:55,  5.82it/s]
instructblip/pope/ricd/coco/adversarial/seed1:  43%|████▎     | 1279/3000 [03:42<05:02,  5.69it/s]
instructblip/pope/ricd/coco/adversarial/seed1:  43%|████▎     | 1280/3000 [03:42<05:00,  5.72it/s]
instructblip/pope/ricd/coco/adversarial/seed1:  43%|████▎     | 1281/3000 [03:43<04:57,  5.77it/s]
instructblip/pope/ricd/coco/adversarial/seed1:  43%|████▎     | 1282/3000 [03:43<04:55,  5.81it/s]
instructblip/pope/ricd/coco/adversarial/seed1:  43%|████▎     | 1283/3000 [03:43<04:57,  5.76it/s]
instructblip/pope/ricd/coco/adversarial/seed1:  43%|████▎     | 1284/3000 [03:43<04:55,  5.80it/s]
instructblip/pope/ricd/coco/adversarial/seed1:  43%|████▎     | 1285/3000 [03:43<04:52,  5.87it/s]
instructblip/pope/ricd/coco/adversarial/seed1:  43%|████▎     | 1286/3000 [03:43<05:02,  5.67it/s]
instructblip/pope/ricd/coco/adversarial/seed1:  43%|████▎     | 1287/3000 [03:44<04:57,  5.76it/s]
instructblip/pope/ricd/coco/adversarial/seed1:  43%|████▎     | 1288/3000 [03:44<04:56,  5.77it/s]
instructblip/pope/ricd/coco/adversarial/seed1:  43%|████▎     | 1289/3000 [03:44<04:51,  5.87it/s]
instructblip/pope/ricd/coco/adversarial/seed1:  43%|████▎     | 1290/3000 [03:44<04:52,  5.85it/s]
instructblip/pope/ricd/coco/adversarial/seed1:  43%|████▎     | 1291/3000 [03:44<04:50,  5.88it/s]
instructblip/pope/ricd/coco/adversarial/seed1:  43%|████▎     | 1292/3000 [03:44<04:48,  5.93it/s]
instructblip/pope/ricd/coco/adversarial/seed1:  43%|████▎     | 1293/3000 [03:45<04:45,  5.97it/s]
instructblip/pope/ricd/coco/adversarial/seed1:  43%|████▎     | 1294/3000 [03:45<04:44,  6.01it/s]
instructblip/pope/ricd/coco/adversarial/seed1:  43%|████▎     | 1295/3000 [03:45<04:42,  6.03it/s]
instructblip/pope/ricd/coco/adversarial/seed1:  43%|████▎     | 1296/3000 [03:45<04:41,  6.05it/s]
instructblip/pope/ricd/coco/adversarial/seed1:  43%|████▎     | 1297/3000 [03:45<04:41,  6.05it/s]
instructblip/pope/ricd/coco/adversarial/seed1:  43%|████▎     | 1298/3000 [03:45<04:41,  6.05it/s]
instructblip/pope/ricd/coco/adversarial/seed1:  43%|████▎     | 1299/3000 [03:46<04:40,  6.06it/s]
instructblip/pope/ricd/coco/adversarial/seed1:  43%|████▎     | 1300/3000 [03:46<04:41,  6.04it/s]
instructblip/pope/ricd/coco/adversarial/seed1:  43%|████▎     | 1301/3000 [03:46<04:41,  6.04it/s]
instructblip/pope/ricd/coco/adversarial/seed1:  43%|████▎     | 1302/3000 [03:46<04:41,  6.03it/s]
instructblip/pope/ricd/coco/adversarial/seed1:  43%|████▎     | 1303/3000 [03:46<04:43,  5.99it/s]
instructblip/pope/ricd/coco/adversarial/seed1:  43%|████▎     | 1304/3000 [03:46<04:42,  6.01it/s]
instructblip/pope/ricd/coco/adversarial/seed1:  44%|████▎     | 1305/3000 [03:47<04:43,  5.98it/s]
instructblip/pope/ricd/coco/adversarial/seed1:  44%|████▎     | 1306/3000 [03:47<04:52,  5.80it/s]
instructblip/pope/ricd/coco/adversarial/seed1:  44%|████▎     | 1307/3000 [03:47<04:53,  5.77it/s]
instructblip/pope/ricd/coco/adversarial/seed1:  44%|████▎     | 1308/3000 [03:47<04:49,  5.85it/s]
instructblip/pope/ricd/coco/adversarial/seed1:  44%|████▎     | 1309/3000 [03:47<04:55,  5.72it/s]
instructblip/pope/ricd/coco/adversarial/seed1:  44%|████▎     | 1310/3000 [03:48<04:52,  5.78it/s]
instructblip/pope/ricd/coco/adversarial/seed1:  44%|████▎     | 1311/3000 [03:48<04:51,  5.79it/s]
instructblip/pope/ricd/coco/adversarial/seed1:  44%|████▎     | 1312/3000 [03:48<04:54,  5.73it/s]
instructblip/pope/ricd/coco/adversarial/seed1:  44%|████▍     | 1313/3000 [03:48<04:51,  5.79it/s]
instructblip/pope/ricd/coco/adversarial/seed1:  44%|████▍     | 1314/3000 [03:48<04:53,  5.74it/s]
instructblip/pope/ricd/coco/adversarial/seed1:  44%|████▍     | 1315/3000 [03:48<04:49,  5.81it/s]
instructblip/pope/ricd/coco/adversarial/seed1:  44%|████▍     | 1316/3000 [03:49<04:56,  5.68it/s]
instructblip/pope/ricd/coco/adversarial/seed1:  44%|████▍     | 1317/3000 [03:49<04:51,  5.77it/s]
instructblip/pope/ricd/coco/adversarial/seed1:  44%|████▍     | 1318/3000 [03:49<04:50,  5.79it/s]
instructblip/pope/ricd/coco/adversarial/seed1:  44%|████▍     | 1319/3000 [03:49<04:52,  5.74it/s]
instructblip/pope/ricd/coco/adversarial/seed1:  44%|████▍     | 1320/3000 [03:49<04:49,  5.80it/s]
instructblip/pope/ricd/coco/adversarial/seed1:  44%|████▍     | 1321/3000 [03:49<04:46,  5.86it/s]
instructblip/pope/ricd/coco/adversarial/seed1:  44%|████▍     | 1322/3000 [03:50<04:51,  5.76it/s]
instructblip/pope/ricd/coco/adversarial/seed1:  44%|████▍     | 1323/3000 [03:50<04:52,  5.72it/s]
instructblip/pope/ricd/coco/adversarial/seed1:  44%|████▍     | 1324/3000 [03:50<04:54,  5.69it/s]
instructblip/pope/ricd/coco/adversarial/seed1:  44%|████▍     | 1325/3000 [03:50<04:56,  5.66it/s]
instructblip/pope/ricd/coco/adversarial/seed1:  44%|████▍     | 1326/3000 [03:50<04:51,  5.74it/s]
instructblip/pope/ricd/coco/adversarial/seed1:  44%|████▍     | 1327/3000 [03:50<04:46,  5.83it/s]
instructblip/pope/ricd/coco/adversarial/seed1:  44%|████▍     | 1328/3000 [03:51<04:49,  5.77it/s]
instructblip/pope/ricd/coco/adversarial/seed1:  44%|████▍     | 1329/3000 [03:51<04:54,  5.67it/s]
instructblip/pope/ricd/coco/adversarial/seed1:  44%|████▍     | 1330/3000 [03:51<04:55,  5.66it/s]
instructblip/pope/ricd/coco/adversarial/seed1:  44%|████▍     | 1331/3000 [03:51<04:50,  5.75it/s]
instructblip/pope/ricd/coco/adversarial/seed1:  44%|████▍     | 1332/3000 [03:51<04:48,  5.78it/s]
instructblip/pope/ricd/coco/adversarial/seed1:  44%|████▍     | 1333/3000 [03:52<04:50,  5.74it/s]
instructblip/pope/ricd/coco/adversarial/seed1:  44%|████▍     | 1334/3000 [03:52<04:49,  5.75it/s]
instructblip/pope/ricd/coco/adversarial/seed1:  44%|████▍     | 1335/3000 [03:52<04:47,  5.78it/s]
instructblip/pope/ricd/coco/adversarial/seed1:  45%|████▍     | 1336/3000 [03:52<04:45,  5.82it/s]
instructblip/pope/ricd/coco/adversarial/seed1:  45%|████▍     | 1337/3000 [03:52<04:42,  5.89it/s]
instructblip/pope/ricd/coco/adversarial/seed1:  45%|████▍     | 1338/3000 [03:52<04:48,  5.75it/s]
instructblip/pope/ricd/coco/adversarial/seed1:  45%|████▍     | 1339/3000 [03:53<04:53,  5.66it/s]
instructblip/pope/ricd/coco/adversarial/seed1:  45%|████▍     | 1340/3000 [03:53<04:47,  5.78it/s]
instructblip/pope/ricd/coco/adversarial/seed1:  45%|████▍     | 1341/3000 [03:53<04:42,  5.87it/s]
instructblip/pope/ricd/coco/adversarial/seed1:  45%|████▍     | 1342/3000 [03:53<04:39,  5.94it/s]
instructblip/pope/ricd/coco/adversarial/seed1:  45%|████▍     | 1343/3000 [03:53<04:36,  5.99it/s]
instructblip/pope/ricd/coco/adversarial/seed1:  45%|████▍     | 1344/3000 [03:53<04:39,  5.93it/s]
instructblip/pope/ricd/coco/adversarial/seed1:  45%|████▍     | 1345/3000 [03:54<04:39,  5.93it/s]
instructblip/pope/ricd/coco/adversarial/seed1:  45%|████▍     | 1346/3000 [03:54<04:38,  5.94it/s]
instructblip/pope/ricd/coco/adversarial/seed1:  45%|████▍     | 1347/3000 [03:54<04:40,  5.90it/s]
instructblip/pope/ricd/coco/adversarial/seed1:  45%|████▍     | 1348/3000 [03:54<04:41,  5.87it/s]
instructblip/pope/ricd/coco/adversarial/seed1:  45%|████▍     | 1349/3000 [03:54<04:41,  5.87it/s]
instructblip/pope/ricd/coco/adversarial/seed1:  45%|████▌     | 1350/3000 [03:54<04:42,  5.85it/s]
instructblip/pope/ricd/coco/adversarial/seed1:  45%|████▌     | 1351/3000 [03:55<04:39,  5.89it/s]
instructblip/pope/ricd/coco/adversarial/seed1:  45%|████▌     | 1352/3000 [03:55<04:44,  5.79it/s]
instructblip/pope/ricd/coco/adversarial/seed1:  45%|████▌     | 1353/3000 [03:55<04:42,  5.84it/s]
instructblip/pope/ricd/coco/adversarial/seed1:  45%|████▌     | 1354/3000 [03:55<04:42,  5.82it/s]
instructblip/pope/ricd/coco/adversarial/seed1:  45%|████▌     | 1355/3000 [03:55<04:38,  5.91it/s]
instructblip/pope/ricd/coco/adversarial/seed1:  45%|████▌     | 1356/3000 [03:55<04:49,  5.68it/s]
instructblip/pope/ricd/coco/adversarial/seed1:  45%|████▌     | 1357/3000 [03:56<04:55,  5.56it/s]
instructblip/pope/ricd/coco/adversarial/seed1:  45%|████▌     | 1358/3000 [03:56<04:50,  5.66it/s]
instructblip/pope/ricd/coco/adversarial/seed1:  45%|████▌     | 1359/3000 [03:56<04:50,  5.65it/s]
instructblip/pope/ricd/coco/adversarial/seed1:  45%|████▌     | 1360/3000 [03:56<04:50,  5.64it/s]
instructblip/pope/ricd/coco/adversarial/seed1:  45%|████▌     | 1361/3000 [03:56<04:48,  5.68it/s]
instructblip/pope/ricd/coco/adversarial/seed1:  45%|████▌     | 1362/3000 [03:57<04:48,  5.68it/s]
instructblip/pope/ricd/coco/adversarial/seed1:  45%|████▌     | 1363/3000 [03:57<04:49,  5.65it/s]
instructblip/pope/ricd/coco/adversarial/seed1:  45%|████▌     | 1364/3000 [03:57<04:49,  5.66it/s]
instructblip/pope/ricd/coco/adversarial/seed1:  46%|████▌     | 1365/3000 [03:57<04:50,  5.63it/s]
instructblip/pope/ricd/coco/adversarial/seed1:  46%|████▌     | 1366/3000 [03:57<04:48,  5.67it/s]
instructblip/pope/ricd/coco/adversarial/seed1:  46%|████▌     | 1367/3000 [03:57<04:49,  5.64it/s]
instructblip/pope/ricd/coco/adversarial/seed1:  46%|████▌     | 1368/3000 [03:58<04:45,  5.72it/s]
instructblip/pope/ricd/coco/adversarial/seed1:  46%|████▌     | 1369/3000 [03:58<04:39,  5.83it/s]
instructblip/pope/ricd/coco/adversarial/seed1:  46%|████▌     | 1370/3000 [03:58<04:35,  5.92it/s]
instructblip/pope/ricd/coco/adversarial/seed1:  46%|████▌     | 1371/3000 [03:58<04:32,  5.98it/s]
instructblip/pope/ricd/coco/adversarial/seed1:  46%|████▌     | 1372/3000 [03:58<04:32,  5.99it/s]
instructblip/pope/ricd/coco/adversarial/seed1:  46%|████▌     | 1373/3000 [03:58<04:30,  6.02it/s]
instructblip/pope/ricd/coco/adversarial/seed1:  46%|████▌     | 1374/3000 [03:59<04:29,  6.04it/s]
instructblip/pope/ricd/coco/adversarial/seed1:  46%|████▌     | 1375/3000 [03:59<04:31,  5.99it/s]
instructblip/pope/ricd/coco/adversarial/seed1:  46%|████▌     | 1376/3000 [03:59<04:30,  6.01it/s]
instructblip/pope/ricd/coco/adversarial/seed1:  46%|████▌     | 1377/3000 [03:59<04:29,  6.03it/s]
instructblip/pope/ricd/coco/adversarial/seed1:  46%|████▌     | 1378/3000 [03:59<04:28,  6.04it/s]
instructblip/pope/ricd/coco/adversarial/seed1:  46%|████▌     | 1379/3000 [03:59<04:27,  6.05it/s]
instructblip/pope/ricd/coco/adversarial/seed1:  46%|████▌     | 1380/3000 [04:00<04:30,  5.98it/s]
instructblip/pope/ricd/coco/adversarial/seed1:  46%|████▌     | 1381/3000 [04:00<04:29,  6.01it/s]
instructblip/pope/ricd/coco/adversarial/seed1:  46%|████▌     | 1382/3000 [04:00<04:37,  5.83it/s]
instructblip/pope/ricd/coco/adversarial/seed1:  46%|████▌     | 1383/3000 [04:00<04:41,  5.74it/s]
instructblip/pope/ricd/coco/adversarial/seed1:  46%|████▌     | 1384/3000 [04:00<04:40,  5.76it/s]
instructblip/pope/ricd/coco/adversarial/seed1:  46%|████▌     | 1385/3000 [04:00<04:52,  5.51it/s]
instructblip/pope/ricd/coco/adversarial/seed1:  46%|████▌     | 1386/3000 [04:01<04:46,  5.64it/s]
instructblip/pope/ricd/coco/adversarial/seed1:  46%|████▌     | 1387/3000 [04:01<04:47,  5.61it/s]
instructblip/pope/ricd/coco/adversarial/seed1:  46%|████▋     | 1388/3000 [04:01<04:46,  5.62it/s]
instructblip/pope/ricd/coco/adversarial/seed1:  46%|████▋     | 1389/3000 [04:01<04:43,  5.68it/s]
instructblip/pope/ricd/coco/adversarial/seed1:  46%|████▋     | 1390/3000 [04:01<04:38,  5.79it/s]
instructblip/pope/ricd/coco/adversarial/seed1:  46%|████▋     | 1391/3000 [04:02<04:40,  5.74it/s]
instructblip/pope/ricd/coco/adversarial/seed1:  46%|████▋     | 1392/3000 [04:02<04:45,  5.64it/s]
instructblip/pope/ricd/coco/adversarial/seed1:  46%|████▋     | 1393/3000 [04:02<04:45,  5.63it/s]
instructblip/pope/ricd/coco/adversarial/seed1:  46%|████▋     | 1394/3000 [04:02<04:42,  5.68it/s]
instructblip/pope/ricd/coco/adversarial/seed1:  46%|████▋     | 1395/3000 [04:02<04:41,  5.69it/s]
instructblip/pope/ricd/coco/adversarial/seed1:  47%|████▋     | 1396/3000 [04:02<04:47,  5.57it/s]
instructblip/pope/ricd/coco/adversarial/seed1:  47%|████▋     | 1397/3000 [04:03<04:44,  5.64it/s]
instructblip/pope/ricd/coco/adversarial/seed1:  47%|████▋     | 1398/3000 [04:03<04:39,  5.73it/s]
instructblip/pope/ricd/coco/adversarial/seed1:  47%|████▋     | 1399/3000 [04:03<04:43,  5.65it/s]
instructblip/pope/ricd/coco/adversarial/seed1:  47%|████▋     | 1400/3000 [04:03<04:42,  5.67it/s]
instructblip/pope/ricd/coco/adversarial/seed1:  47%|████▋     | 1401/3000 [04:03<04:39,  5.72it/s]
instructblip/pope/ricd/coco/adversarial/seed1:  47%|████▋     | 1402/3000 [04:03<04:43,  5.63it/s]
instructblip/pope/ricd/coco/adversarial/seed1:  47%|████▋     | 1403/3000 [04:04<04:39,  5.72it/s]
instructblip/pope/ricd/coco/adversarial/seed1:  47%|████▋     | 1404/3000 [04:04<04:43,  5.64it/s]
instructblip/pope/ricd/coco/adversarial/seed1:  47%|████▋     | 1405/3000 [04:04<04:39,  5.70it/s]
instructblip/pope/ricd/coco/adversarial/seed1:  47%|████▋     | 1406/3000 [04:04<04:41,  5.66it/s]
instructblip/pope/ricd/coco/adversarial/seed1:  47%|████▋     | 1407/3000 [04:04<04:38,  5.72it/s]
instructblip/pope/ricd/coco/adversarial/seed1:  47%|████▋     | 1408/3000 [04:05<04:44,  5.59it/s]
instructblip/pope/ricd/coco/adversarial/seed1:  47%|████▋     | 1409/3000 [04:05<04:45,  5.58it/s]
instructblip/pope/ricd/coco/adversarial/seed1:  47%|████▋     | 1410/3000 [04:05<04:42,  5.63it/s]
instructblip/pope/ricd/coco/adversarial/seed1:  47%|████▋     | 1411/3000 [04:05<04:40,  5.66it/s]
instructblip/pope/ricd/coco/adversarial/seed1:  47%|████▋     | 1412/3000 [04:05<04:42,  5.63it/s]
instructblip/pope/ricd/coco/adversarial/seed1:  47%|████▋     | 1413/3000 [04:05<04:42,  5.62it/s]
instructblip/pope/ricd/coco/adversarial/seed1:  47%|████▋     | 1414/3000 [04:06<04:36,  5.73it/s]
instructblip/pope/ricd/coco/adversarial/seed1:  47%|████▋     | 1415/3000 [04:06<04:35,  5.75it/s]
instructblip/pope/ricd/coco/adversarial/seed1:  47%|████▋     | 1416/3000 [04:06<04:30,  5.86it/s]
instructblip/pope/ricd/coco/adversarial/seed1:  47%|████▋     | 1417/3000 [04:06<04:27,  5.93it/s]
instructblip/pope/ricd/coco/adversarial/seed1:  47%|████▋     | 1418/3000 [04:06<04:24,  5.99it/s]
instructblip/pope/ricd/coco/adversarial/seed1:  47%|████▋     | 1419/3000 [04:06<04:29,  5.87it/s]
instructblip/pope/ricd/coco/adversarial/seed1:  47%|████▋     | 1420/3000 [04:07<04:28,  5.89it/s]
instructblip/pope/ricd/coco/adversarial/seed1:  47%|████▋     | 1421/3000 [04:07<04:32,  5.80it/s]
instructblip/pope/ricd/coco/adversarial/seed1:  47%|████▋     | 1422/3000 [04:07<04:29,  5.86it/s]
instructblip/pope/ricd/coco/adversarial/seed1:  47%|████▋     | 1423/3000 [04:07<04:27,  5.89it/s]
instructblip/pope/ricd/coco/adversarial/seed1:  47%|████▋     | 1424/3000 [04:07<04:29,  5.85it/s]
instructblip/pope/ricd/coco/adversarial/seed1:  48%|████▊     | 1425/3000 [04:07<04:31,  5.79it/s]
instructblip/pope/ricd/coco/adversarial/seed1:  48%|████▊     | 1426/3000 [04:08<04:31,  5.79it/s]
instructblip/pope/ricd/coco/adversarial/seed1:  48%|████▊     | 1427/3000 [04:08<04:28,  5.85it/s]
instructblip/pope/ricd/coco/adversarial/seed1:  48%|████▊     | 1428/3000 [04:08<04:32,  5.78it/s]
instructblip/pope/ricd/coco/adversarial/seed1:  48%|████▊     | 1429/3000 [04:08<04:28,  5.85it/s]
instructblip/pope/ricd/coco/adversarial/seed1:  48%|████▊     | 1430/3000 [04:08<04:29,  5.83it/s]
instructblip/pope/ricd/coco/adversarial/seed1:  48%|████▊     | 1431/3000 [04:08<04:27,  5.86it/s]
instructblip/pope/ricd/coco/adversarial/seed1:  48%|████▊     | 1432/3000 [04:09<04:34,  5.71it/s]
instructblip/pope/ricd/coco/adversarial/seed1:  48%|████▊     | 1433/3000 [04:09<04:31,  5.78it/s]
instructblip/pope/ricd/coco/adversarial/seed1:  48%|████▊     | 1434/3000 [04:09<04:33,  5.73it/s]
instructblip/pope/ricd/coco/adversarial/seed1:  48%|████▊     | 1435/3000 [04:09<04:44,  5.50it/s]
instructblip/pope/ricd/coco/adversarial/seed1:  48%|████▊     | 1436/3000 [04:09<04:41,  5.56it/s]
instructblip/pope/ricd/coco/adversarial/seed1:  48%|████▊     | 1437/3000 [04:10<04:43,  5.51it/s]
instructblip/pope/ricd/coco/adversarial/seed1:  48%|████▊     | 1438/3000 [04:10<04:37,  5.64it/s]
instructblip/pope/ricd/coco/adversarial/seed1:  48%|████▊     | 1439/3000 [04:10<04:41,  5.54it/s]
instructblip/pope/ricd/coco/adversarial/seed1:  48%|████▊     | 1440/3000 [04:10<04:45,  5.47it/s]
instructblip/pope/ricd/coco/adversarial/seed1:  48%|████▊     | 1441/3000 [04:10<04:41,  5.53it/s]
instructblip/pope/ricd/coco/adversarial/seed1:  48%|████▊     | 1442/3000 [04:10<04:36,  5.64it/s]
instructblip/pope/ricd/coco/adversarial/seed1:  48%|████▊     | 1443/3000 [04:11<04:35,  5.64it/s]
instructblip/pope/ricd/coco/adversarial/seed1:  48%|████▊     | 1444/3000 [04:11<04:41,  5.54it/s]
instructblip/pope/ricd/coco/adversarial/seed1:  48%|████▊     | 1445/3000 [04:11<04:38,  5.58it/s]
instructblip/pope/ricd/coco/adversarial/seed1:  48%|████▊     | 1446/3000 [04:11<04:31,  5.72it/s]
instructblip/pope/ricd/coco/adversarial/seed1:  48%|████▊     | 1447/3000 [04:11<04:27,  5.81it/s]
instructblip/pope/ricd/coco/adversarial/seed1:  48%|████▊     | 1448/3000 [04:11<04:23,  5.88it/s]
instructblip/pope/ricd/coco/adversarial/seed1:  48%|████▊     | 1449/3000 [04:12<04:21,  5.93it/s]
instructblip/pope/ricd/coco/adversarial/seed1:  48%|████▊     | 1450/3000 [04:12<04:23,  5.88it/s]
instructblip/pope/ricd/coco/adversarial/seed1:  48%|████▊     | 1451/3000 [04:12<04:24,  5.86it/s]
instructblip/pope/ricd/coco/adversarial/seed1:  48%|████▊     | 1452/3000 [04:12<04:22,  5.90it/s]
instructblip/pope/ricd/coco/adversarial/seed1:  48%|████▊     | 1453/3000 [04:12<04:20,  5.94it/s]
instructblip/pope/ricd/coco/adversarial/seed1:  48%|████▊     | 1454/3000 [04:13<04:22,  5.88it/s]
instructblip/pope/ricd/coco/adversarial/seed1:  48%|████▊     | 1455/3000 [04:13<04:27,  5.77it/s]
instructblip/pope/ricd/coco/adversarial/seed1:  49%|████▊     | 1456/3000 [04:13<04:23,  5.86it/s]
instructblip/pope/ricd/coco/adversarial/seed1:  49%|████▊     | 1457/3000 [04:13<04:19,  5.93it/s]
instructblip/pope/ricd/coco/adversarial/seed1:  49%|████▊     | 1458/3000 [04:13<04:20,  5.91it/s]
instructblip/pope/ricd/coco/adversarial/seed1:  49%|████▊     | 1459/3000 [04:13<04:27,  5.77it/s]
instructblip/pope/ricd/coco/adversarial/seed1:  49%|████▊     | 1460/3000 [04:14<04:33,  5.63it/s]
instructblip/pope/ricd/coco/adversarial/seed1:  49%|████▊     | 1461/3000 [04:14<04:44,  5.41it/s]
instructblip/pope/ricd/coco/adversarial/seed1:  49%|████▊     | 1462/3000 [04:14<04:39,  5.51it/s]
instructblip/pope/ricd/coco/adversarial/seed1:  49%|████▉     | 1463/3000 [04:14<04:35,  5.58it/s]
instructblip/pope/ricd/coco/adversarial/seed1:  49%|████▉     | 1464/3000 [04:14<04:32,  5.63it/s]
instructblip/pope/ricd/coco/adversarial/seed1:  49%|████▉     | 1465/3000 [04:14<04:27,  5.74it/s]
instructblip/pope/ricd/coco/adversarial/seed1:  49%|████▉     | 1466/3000 [04:15<04:32,  5.64it/s]
instructblip/pope/ricd/coco/adversarial/seed1:  49%|████▉     | 1467/3000 [04:15<04:33,  5.61it/s]
instructblip/pope/ricd/coco/adversarial/seed1:  49%|████▉     | 1468/3000 [04:15<04:38,  5.49it/s]
instructblip/pope/ricd/coco/adversarial/seed1:  49%|████▉     | 1469/3000 [04:15<04:37,  5.52it/s]
instructblip/pope/ricd/coco/adversarial/seed1:  49%|████▉     | 1470/3000 [04:15<04:40,  5.46it/s]
instructblip/pope/ricd/coco/adversarial/seed1:  49%|████▉     | 1471/3000 [04:16<04:38,  5.50it/s]
instructblip/pope/ricd/coco/adversarial/seed1:  49%|████▉     | 1472/3000 [04:16<04:37,  5.50it/s]
instructblip/pope/ricd/coco/adversarial/seed1:  49%|████▉     | 1473/3000 [04:16<04:37,  5.49it/s]
instructblip/pope/ricd/coco/adversarial/seed1:  49%|████▉     | 1474/3000 [04:16<04:34,  5.57it/s]
instructblip/pope/ricd/coco/adversarial/seed1:  49%|████▉     | 1475/3000 [04:16<04:29,  5.66it/s]
instructblip/pope/ricd/coco/adversarial/seed1:  49%|████▉     | 1476/3000 [04:16<04:26,  5.72it/s]
instructblip/pope/ricd/coco/adversarial/seed1:  49%|████▉     | 1477/3000 [04:17<04:24,  5.76it/s]
instructblip/pope/ricd/coco/adversarial/seed1:  49%|████▉     | 1478/3000 [04:17<04:24,  5.75it/s]
instructblip/pope/ricd/coco/adversarial/seed1:  49%|████▉     | 1479/3000 [04:17<04:20,  5.84it/s]
instructblip/pope/ricd/coco/adversarial/seed1:  49%|████▉     | 1480/3000 [04:17<04:23,  5.78it/s]
instructblip/pope/ricd/coco/adversarial/seed1:  49%|████▉     | 1481/3000 [04:17<04:18,  5.87it/s]
instructblip/pope/ricd/coco/adversarial/seed1:  49%|████▉     | 1482/3000 [04:17<04:16,  5.92it/s]
instructblip/pope/ricd/coco/adversarial/seed1:  49%|████▉     | 1483/3000 [04:18<04:18,  5.86it/s]
instructblip/pope/ricd/coco/adversarial/seed1:  49%|████▉     | 1484/3000 [04:18<04:19,  5.85it/s]
instructblip/pope/ricd/coco/adversarial/seed1:  50%|████▉     | 1485/3000 [04:18<04:17,  5.89it/s]
instructblip/pope/ricd/coco/adversarial/seed1:  50%|████▉     | 1486/3000 [04:18<04:15,  5.92it/s]
instructblip/pope/ricd/coco/adversarial/seed1:  50%|████▉     | 1487/3000 [04:18<04:19,  5.83it/s]
instructblip/pope/ricd/coco/adversarial/seed1:  50%|████▉     | 1488/3000 [04:18<04:17,  5.87it/s]
instructblip/pope/ricd/coco/adversarial/seed1:  50%|████▉     | 1489/3000 [04:19<04:13,  5.95it/s]
instructblip/pope/ricd/coco/adversarial/seed1:  50%|████▉     | 1490/3000 [04:19<04:17,  5.87it/s]
instructblip/pope/ricd/coco/adversarial/seed1:  50%|████▉     | 1491/3000 [04:19<04:17,  5.85it/s]
instructblip/pope/ricd/coco/adversarial/seed1:  50%|████▉     | 1492/3000 [04:19<04:18,  5.83it/s]
instructblip/pope/ricd/coco/adversarial/seed1:  50%|████▉     | 1493/3000 [04:19<04:15,  5.91it/s]
instructblip/pope/ricd/coco/adversarial/seed1:  50%|████▉     | 1494/3000 [04:19<04:19,  5.80it/s]
instructblip/pope/ricd/coco/adversarial/seed1:  50%|████▉     | 1495/3000 [04:20<04:21,  5.75it/s]
instructblip/pope/ricd/coco/adversarial/seed1:  50%|████▉     | 1496/3000 [04:20<04:19,  5.79it/s]
instructblip/pope/ricd/coco/adversarial/seed1:  50%|████▉     | 1497/3000 [04:20<04:21,  5.74it/s]
instructblip/pope/ricd/coco/adversarial/seed1:  50%|████▉     | 1498/3000 [04:20<04:21,  5.73it/s]
instructblip/pope/ricd/coco/adversarial/seed1:  50%|████▉     | 1499/3000 [04:20<04:19,  5.79it/s]
instructblip/pope/ricd/coco/adversarial/seed1:  50%|█████     | 1500/3000 [04:21<04:16,  5.84it/s]
instructblip/pope/ricd/coco/adversarial/seed1:  50%|█████     | 1501/3000 [04:21<04:22,  5.71it/s]
instructblip/pope/ricd/coco/adversarial/seed1:  50%|█████     | 1502/3000 [04:21<04:23,  5.68it/s]
instructblip/pope/ricd/coco/adversarial/seed1:  50%|█████     | 1503/3000 [04:21<04:24,  5.66it/s]
instructblip/pope/ricd/coco/adversarial/seed1:  50%|█████     | 1504/3000 [04:21<04:20,  5.74it/s]
instructblip/pope/ricd/coco/adversarial/seed1:  50%|█████     | 1505/3000 [04:21<04:19,  5.75it/s]
instructblip/pope/ricd/coco/adversarial/seed1:  50%|█████     | 1506/3000 [04:22<04:20,  5.74it/s]
instructblip/pope/ricd/coco/adversarial/seed1:  50%|█████     | 1507/3000 [04:22<04:20,  5.74it/s]
instructblip/pope/ricd/coco/adversarial/seed1:  50%|█████     | 1508/3000 [04:22<04:16,  5.81it/s]
instructblip/pope/ricd/coco/adversarial/seed1:  50%|█████     | 1509/3000 [04:22<04:23,  5.66it/s]
instructblip/pope/ricd/coco/adversarial/seed1:  50%|█████     | 1510/3000 [04:22<04:25,  5.62it/s]
instructblip/pope/ricd/coco/adversarial/seed1:  50%|█████     | 1511/3000 [04:22<04:21,  5.69it/s]
instructblip/pope/ricd/coco/adversarial/seed1:  50%|█████     | 1512/3000 [04:23<04:19,  5.74it/s]
instructblip/pope/ricd/coco/adversarial/seed1:  50%|█████     | 1513/3000 [04:23<04:18,  5.76it/s]
instructblip/pope/ricd/coco/adversarial/seed1:  50%|█████     | 1514/3000 [04:23<04:15,  5.82it/s]
instructblip/pope/ricd/coco/adversarial/seed1:  50%|█████     | 1515/3000 [04:23<04:12,  5.88it/s]
instructblip/pope/ricd/coco/adversarial/seed1:  51%|█████     | 1516/3000 [04:23<04:13,  5.85it/s]
instructblip/pope/ricd/coco/adversarial/seed1:  51%|█████     | 1517/3000 [04:23<04:14,  5.83it/s]
instructblip/pope/ricd/coco/adversarial/seed1:  51%|█████     | 1518/3000 [04:24<04:14,  5.82it/s]
instructblip/pope/ricd/coco/adversarial/seed1:  51%|█████     | 1519/3000 [04:24<04:13,  5.85it/s]
instructblip/pope/ricd/coco/adversarial/seed1:  51%|█████     | 1520/3000 [04:24<04:17,  5.74it/s]
instructblip/pope/ricd/coco/adversarial/seed1:  51%|█████     | 1521/3000 [04:24<04:15,  5.79it/s]
instructblip/pope/ricd/coco/adversarial/seed1:  51%|█████     | 1522/3000 [04:24<04:14,  5.80it/s]
instructblip/pope/ricd/coco/adversarial/seed1:  51%|█████     | 1523/3000 [04:25<04:14,  5.80it/s]
instructblip/pope/ricd/coco/adversarial/seed1:  51%|█████     | 1524/3000 [04:25<04:16,  5.75it/s]
instructblip/pope/ricd/coco/adversarial/seed1:  51%|█████     | 1525/3000 [04:25<04:13,  5.83it/s]
instructblip/pope/ricd/coco/adversarial/seed1:  51%|█████     | 1526/3000 [04:25<04:20,  5.66it/s]
instructblip/pope/ricd/coco/adversarial/seed1:  51%|█████     | 1527/3000 [04:25<04:16,  5.73it/s]
instructblip/pope/ricd/coco/adversarial/seed1:  51%|█████     | 1528/3000 [04:25<04:20,  5.64it/s]
instructblip/pope/ricd/coco/adversarial/seed1:  51%|█████     | 1529/3000 [04:26<04:17,  5.71it/s]
instructblip/pope/ricd/coco/adversarial/seed1:  51%|█████     | 1530/3000 [04:26<04:15,  5.75it/s]
instructblip/pope/ricd/coco/adversarial/seed1:  51%|█████     | 1531/3000 [04:26<04:19,  5.66it/s]
instructblip/pope/ricd/coco/adversarial/seed1:  51%|█████     | 1532/3000 [04:26<04:21,  5.62it/s]
instructblip/pope/ricd/coco/adversarial/seed1:  51%|█████     | 1533/3000 [04:26<04:19,  5.66it/s]
instructblip/pope/ricd/coco/adversarial/seed1:  51%|█████     | 1534/3000 [04:26<04:15,  5.73it/s]
instructblip/pope/ricd/coco/adversarial/seed1:  51%|█████     | 1535/3000 [04:27<04:17,  5.70it/s]
instructblip/pope/ricd/coco/adversarial/seed1:  51%|█████     | 1536/3000 [04:27<04:19,  5.63it/s]
instructblip/pope/ricd/coco/adversarial/seed1:  51%|█████     | 1537/3000 [04:27<04:15,  5.72it/s]
instructblip/pope/ricd/coco/adversarial/seed1:  51%|█████▏    | 1538/3000 [04:27<04:15,  5.72it/s]
instructblip/pope/ricd/coco/adversarial/seed1:  51%|█████▏    | 1539/3000 [04:27<04:13,  5.76it/s]
instructblip/pope/ricd/coco/adversarial/seed1:  51%|█████▏    | 1540/3000 [04:28<04:16,  5.69it/s]
instructblip/pope/ricd/coco/adversarial/seed1:  51%|█████▏    | 1541/3000 [04:28<04:18,  5.64it/s]
instructblip/pope/ricd/coco/adversarial/seed1:  51%|█████▏    | 1542/3000 [04:28<04:14,  5.72it/s]
instructblip/pope/ricd/coco/adversarial/seed1:  51%|█████▏    | 1543/3000 [04:28<04:19,  5.60it/s]
instructblip/pope/ricd/coco/adversarial/seed1:  51%|█████▏    | 1544/3000 [04:28<04:18,  5.63it/s]
instructblip/pope/ricd/coco/adversarial/seed1:  52%|█████▏    | 1545/3000 [04:28<04:21,  5.57it/s]
instructblip/pope/ricd/coco/adversarial/seed1:  52%|█████▏    | 1546/3000 [04:29<04:23,  5.52it/s]
instructblip/pope/ricd/coco/adversarial/seed1:  52%|█████▏    | 1547/3000 [04:29<04:23,  5.50it/s]
instructblip/pope/ricd/coco/adversarial/seed1:  52%|█████▏    | 1548/3000 [04:29<04:28,  5.40it/s]
instructblip/pope/ricd/coco/adversarial/seed1:  52%|█████▏    | 1549/3000 [04:29<04:29,  5.38it/s]
instructblip/pope/ricd/coco/adversarial/seed1:  52%|█████▏    | 1550/3000 [04:29<04:24,  5.48it/s]
instructblip/pope/ricd/coco/adversarial/seed1:  52%|█████▏    | 1551/3000 [04:30<04:25,  5.45it/s]
instructblip/pope/ricd/coco/adversarial/seed1:  52%|█████▏    | 1552/3000 [04:30<04:23,  5.49it/s]
instructblip/pope/ricd/coco/adversarial/seed1:  52%|█████▏    | 1553/3000 [04:30<04:18,  5.61it/s]
instructblip/pope/ricd/coco/adversarial/seed1:  52%|█████▏    | 1554/3000 [04:30<04:14,  5.68it/s]
instructblip/pope/ricd/coco/adversarial/seed1:  52%|█████▏    | 1555/3000 [04:30<04:15,  5.66it/s]
instructblip/pope/ricd/coco/adversarial/seed1:  52%|█████▏    | 1556/3000 [04:30<04:15,  5.65it/s]
instructblip/pope/ricd/coco/adversarial/seed1:  52%|█████▏    | 1557/3000 [04:31<04:12,  5.72it/s]
instructblip/pope/ricd/coco/adversarial/seed1:  52%|█████▏    | 1558/3000 [04:31<04:10,  5.75it/s]
instructblip/pope/ricd/coco/adversarial/seed1:  52%|█████▏    | 1559/3000 [04:31<04:13,  5.69it/s]
instructblip/pope/ricd/coco/adversarial/seed1:  52%|█████▏    | 1560/3000 [04:31<04:11,  5.73it/s]
instructblip/pope/ricd/coco/adversarial/seed1:  52%|█████▏    | 1561/3000 [04:31<04:09,  5.77it/s]
instructblip/pope/ricd/coco/adversarial/seed1:  52%|█████▏    | 1562/3000 [04:31<04:07,  5.80it/s]
instructblip/pope/ricd/coco/adversarial/seed1:  52%|█████▏    | 1563/3000 [04:32<04:08,  5.79it/s]
instructblip/pope/ricd/coco/adversarial/seed1:  52%|█████▏    | 1564/3000 [04:32<04:08,  5.79it/s]
instructblip/pope/ricd/coco/adversarial/seed1:  52%|█████▏    | 1565/3000 [04:32<04:11,  5.71it/s]
instructblip/pope/ricd/coco/adversarial/seed1:  52%|█████▏    | 1566/3000 [04:32<04:07,  5.79it/s]
instructblip/pope/ricd/coco/adversarial/seed1:  52%|█████▏    | 1567/3000 [04:32<04:06,  5.80it/s]
instructblip/pope/ricd/coco/adversarial/seed1:  52%|█████▏    | 1568/3000 [04:32<04:06,  5.81it/s]
instructblip/pope/ricd/coco/adversarial/seed1:  52%|█████▏    | 1569/3000 [04:33<04:06,  5.81it/s]
instructblip/pope/ricd/coco/adversarial/seed1:  52%|█████▏    | 1570/3000 [04:33<04:09,  5.74it/s]
instructblip/pope/ricd/coco/adversarial/seed1:  52%|█████▏    | 1571/3000 [04:33<04:11,  5.69it/s]
instructblip/pope/ricd/coco/adversarial/seed1:  52%|█████▏    | 1572/3000 [04:33<04:09,  5.73it/s]
instructblip/pope/ricd/coco/adversarial/seed1:  52%|█████▏    | 1573/3000 [04:33<04:05,  5.80it/s]
instructblip/pope/ricd/coco/adversarial/seed1:  52%|█████▏    | 1574/3000 [04:33<04:02,  5.88it/s]
instructblip/pope/ricd/coco/adversarial/seed1:  52%|█████▎    | 1575/3000 [04:34<03:59,  5.95it/s]
instructblip/pope/ricd/coco/adversarial/seed1:  53%|█████▎    | 1576/3000 [04:34<04:01,  5.89it/s]
instructblip/pope/ricd/coco/adversarial/seed1:  53%|█████▎    | 1577/3000 [04:34<04:27,  5.33it/s]
instructblip/pope/ricd/coco/adversarial/seed1:  53%|█████▎    | 1578/3000 [04:34<04:29,  5.27it/s]
instructblip/pope/ricd/coco/adversarial/seed1:  53%|█████▎    | 1579/3000 [04:34<04:20,  5.45it/s]
instructblip/pope/ricd/coco/adversarial/seed1:  53%|█████▎    | 1580/3000 [04:35<04:16,  5.54it/s]
instructblip/pope/ricd/coco/adversarial/seed1:  53%|█████▎    | 1581/3000 [04:35<04:11,  5.64it/s]
instructblip/pope/ricd/coco/adversarial/seed1:  53%|█████▎    | 1582/3000 [04:35<04:14,  5.58it/s]
instructblip/pope/ricd/coco/adversarial/seed1:  53%|█████▎    | 1583/3000 [04:35<04:10,  5.66it/s]
instructblip/pope/ricd/coco/adversarial/seed1:  53%|█████▎    | 1584/3000 [04:35<04:10,  5.65it/s]
instructblip/pope/ricd/coco/adversarial/seed1:  53%|█████▎    | 1585/3000 [04:35<04:07,  5.71it/s]
instructblip/pope/ricd/coco/adversarial/seed1:  53%|█████▎    | 1586/3000 [04:36<04:06,  5.73it/s]
instructblip/pope/ricd/coco/adversarial/seed1:  53%|█████▎    | 1587/3000 [04:36<04:05,  5.77it/s]
instructblip/pope/ricd/coco/adversarial/seed1:  53%|█████▎    | 1588/3000 [04:36<04:08,  5.69it/s]
instructblip/pope/ricd/coco/adversarial/seed1:  53%|█████▎    | 1589/3000 [04:36<04:30,  5.22it/s]
instructblip/pope/ricd/coco/adversarial/seed1:  53%|█████▎    | 1590/3000 [04:36<04:20,  5.42it/s]
instructblip/pope/ricd/coco/adversarial/seed1:  53%|█████▎    | 1591/3000 [04:37<04:14,  5.54it/s]
instructblip/pope/ricd/coco/adversarial/seed1:  53%|█████▎    | 1592/3000 [04:37<04:10,  5.62it/s]
instructblip/pope/ricd/coco/adversarial/seed1:  53%|█████▎    | 1593/3000 [04:37<04:06,  5.70it/s]
instructblip/pope/ricd/coco/adversarial/seed1:  53%|█████▎    | 1594/3000 [04:37<04:06,  5.71it/s]
instructblip/pope/ricd/coco/adversarial/seed1:  53%|█████▎    | 1595/3000 [04:37<04:07,  5.68it/s]
instructblip/pope/ricd/coco/adversarial/seed1:  53%|█████▎    | 1596/3000 [04:37<04:06,  5.71it/s]
instructblip/pope/ricd/coco/adversarial/seed1:  53%|█████▎    | 1597/3000 [04:38<04:07,  5.66it/s]
instructblip/pope/ricd/coco/adversarial/seed1:  53%|█████▎    | 1598/3000 [04:38<04:09,  5.62it/s]
instructblip/pope/ricd/coco/adversarial/seed1:  53%|█████▎    | 1599/3000 [04:38<04:09,  5.62it/s]
instructblip/pope/ricd/coco/adversarial/seed1:  53%|█████▎    | 1600/3000 [04:38<04:06,  5.67it/s]
instructblip/pope/ricd/coco/adversarial/seed1:  53%|█████▎    | 1601/3000 [04:38<04:16,  5.44it/s]
instructblip/pope/ricd/coco/adversarial/seed1:  53%|█████▎    | 1602/3000 [04:39<04:13,  5.50it/s]
instructblip/pope/ricd/coco/adversarial/seed1:  53%|█████▎    | 1603/3000 [04:39<04:14,  5.49it/s]
instructblip/pope/ricd/coco/adversarial/seed1:  53%|█████▎    | 1604/3000 [04:39<04:14,  5.49it/s]
instructblip/pope/ricd/coco/adversarial/seed1:  54%|█████▎    | 1605/3000 [04:39<04:15,  5.47it/s]
instructblip/pope/ricd/coco/adversarial/seed1:  54%|█████▎    | 1606/3000 [04:39<04:13,  5.50it/s]
instructblip/pope/ricd/coco/adversarial/seed1:  54%|█████▎    | 1607/3000 [04:39<04:14,  5.48it/s]
instructblip/pope/ricd/coco/adversarial/seed1:  54%|█████▎    | 1608/3000 [04:40<04:12,  5.52it/s]
instructblip/pope/ricd/coco/adversarial/seed1:  54%|█████▎    | 1609/3000 [04:40<04:06,  5.65it/s]
instructblip/pope/ricd/coco/adversarial/seed1:  54%|█████▎    | 1610/3000 [04:40<04:02,  5.74it/s]
instructblip/pope/ricd/coco/adversarial/seed1:  54%|█████▎    | 1611/3000 [04:40<03:59,  5.81it/s]
instructblip/pope/ricd/coco/adversarial/seed1:  54%|█████▎    | 1612/3000 [04:40<04:03,  5.70it/s]
instructblip/pope/ricd/coco/adversarial/seed1:  54%|█████▍    | 1613/3000 [04:40<04:06,  5.63it/s]
instructblip/pope/ricd/coco/adversarial/seed1:  54%|█████▍    | 1614/3000 [04:41<04:00,  5.76it/s]
instructblip/pope/ricd/coco/adversarial/seed1:  54%|█████▍    | 1615/3000 [04:41<04:04,  5.67it/s]
instructblip/pope/ricd/coco/adversarial/seed1:  54%|█████▍    | 1616/3000 [04:41<04:05,  5.63it/s]
instructblip/pope/ricd/coco/adversarial/seed1:  54%|█████▍    | 1617/3000 [04:41<04:03,  5.68it/s]
instructblip/pope/ricd/coco/adversarial/seed1:  54%|█████▍    | 1618/3000 [04:41<04:06,  5.61it/s]
instructblip/pope/ricd/coco/adversarial/seed1:  54%|█████▍    | 1619/3000 [04:42<04:05,  5.63it/s]
instructblip/pope/ricd/coco/adversarial/seed1:  54%|█████▍    | 1620/3000 [04:42<04:03,  5.67it/s]
instructblip/pope/ricd/coco/adversarial/seed1:  54%|█████▍    | 1621/3000 [04:42<04:05,  5.61it/s]
instructblip/pope/ricd/coco/adversarial/seed1:  54%|█████▍    | 1622/3000 [04:42<04:06,  5.60it/s]
instructblip/pope/ricd/coco/adversarial/seed1:  54%|█████▍    | 1623/3000 [04:42<04:05,  5.61it/s]
instructblip/pope/ricd/coco/adversarial/seed1:  54%|█████▍    | 1624/3000 [04:42<04:03,  5.65it/s]
instructblip/pope/ricd/coco/adversarial/seed1:  54%|█████▍    | 1625/3000 [04:43<04:02,  5.66it/s]
instructblip/pope/ricd/coco/adversarial/seed1:  54%|█████▍    | 1626/3000 [04:43<04:01,  5.68it/s]
instructblip/pope/ricd/coco/adversarial/seed1:  54%|█████▍    | 1627/3000 [04:43<04:03,  5.64it/s]
instructblip/pope/ricd/coco/adversarial/seed1:  54%|█████▍    | 1628/3000 [04:43<04:01,  5.69it/s]
instructblip/pope/ricd/coco/adversarial/seed1:  54%|█████▍    | 1629/3000 [04:43<03:58,  5.75it/s]
instructblip/pope/ricd/coco/adversarial/seed1:  54%|█████▍    | 1630/3000 [04:43<03:58,  5.76it/s]
instructblip/pope/ricd/coco/adversarial/seed1:  54%|█████▍    | 1631/3000 [04:44<03:56,  5.80it/s]
instructblip/pope/ricd/coco/adversarial/seed1:  54%|█████▍    | 1632/3000 [04:44<03:56,  5.79it/s]
instructblip/pope/ricd/coco/adversarial/seed1:  54%|█████▍    | 1633/3000 [04:44<03:54,  5.84it/s]
instructblip/pope/ricd/coco/adversarial/seed1:  54%|█████▍    | 1634/3000 [04:44<03:52,  5.88it/s]
instructblip/pope/ricd/coco/adversarial/seed1:  55%|█████▍    | 1635/3000 [04:44<03:51,  5.90it/s]
instructblip/pope/ricd/coco/adversarial/seed1:  55%|█████▍    | 1636/3000 [04:45<03:55,  5.78it/s]
instructblip/pope/ricd/coco/adversarial/seed1:  55%|█████▍    | 1637/3000 [04:45<03:57,  5.73it/s]
instructblip/pope/ricd/coco/adversarial/seed1:  55%|█████▍    | 1638/3000 [04:45<03:55,  5.78it/s]
instructblip/pope/ricd/coco/adversarial/seed1:  55%|█████▍    | 1639/3000 [04:45<03:57,  5.74it/s]
instructblip/pope/ricd/coco/adversarial/seed1:  55%|█████▍    | 1640/3000 [04:45<03:58,  5.70it/s]
instructblip/pope/ricd/coco/adversarial/seed1:  55%|█████▍    | 1641/3000 [04:45<03:56,  5.75it/s]
instructblip/pope/ricd/coco/adversarial/seed1:  55%|█████▍    | 1642/3000 [04:46<03:55,  5.77it/s]
instructblip/pope/ricd/coco/adversarial/seed1:  55%|█████▍    | 1643/3000 [04:46<03:54,  5.78it/s]
instructblip/pope/ricd/coco/adversarial/seed1:  55%|█████▍    | 1644/3000 [04:46<03:55,  5.76it/s]
instructblip/pope/ricd/coco/adversarial/seed1:  55%|█████▍    | 1645/3000 [04:46<03:53,  5.81it/s]
instructblip/pope/ricd/coco/adversarial/seed1:  55%|█████▍    | 1646/3000 [04:46<03:51,  5.85it/s]
instructblip/pope/ricd/coco/adversarial/seed1:  55%|█████▍    | 1647/3000 [04:46<03:53,  5.81it/s]
instructblip/pope/ricd/coco/adversarial/seed1:  55%|█████▍    | 1648/3000 [04:47<03:53,  5.80it/s]
instructblip/pope/ricd/coco/adversarial/seed1:  55%|█████▍    | 1649/3000 [04:47<03:56,  5.72it/s]
instructblip/pope/ricd/coco/adversarial/seed1:  55%|█████▌    | 1650/3000 [04:47<03:54,  5.75it/s]
instructblip/pope/ricd/coco/adversarial/seed1:  55%|█████▌    | 1651/3000 [04:47<03:54,  5.76it/s]
instructblip/pope/ricd/coco/adversarial/seed1:  55%|█████▌    | 1652/3000 [04:47<03:54,  5.75it/s]
instructblip/pope/ricd/coco/adversarial/seed1:  55%|█████▌    | 1653/3000 [04:47<03:53,  5.77it/s]
instructblip/pope/ricd/coco/adversarial/seed1:  55%|█████▌    | 1654/3000 [04:48<03:55,  5.72it/s]
instructblip/pope/ricd/coco/adversarial/seed1:  55%|█████▌    | 1655/3000 [04:48<03:53,  5.75it/s]
instructblip/pope/ricd/coco/adversarial/seed1:  55%|█████▌    | 1656/3000 [04:48<03:53,  5.75it/s]
instructblip/pope/ricd/coco/adversarial/seed1:  55%|█████▌    | 1657/3000 [04:48<03:53,  5.76it/s]
instructblip/pope/ricd/coco/adversarial/seed1:  55%|█████▌    | 1658/3000 [04:48<03:50,  5.81it/s]
instructblip/pope/ricd/coco/adversarial/seed1:  55%|█████▌    | 1659/3000 [04:49<03:55,  5.69it/s]
instructblip/pope/ricd/coco/adversarial/seed1:  55%|█████▌    | 1660/3000 [04:49<03:58,  5.61it/s]
instructblip/pope/ricd/coco/adversarial/seed1:  55%|█████▌    | 1661/3000 [04:49<03:59,  5.60it/s]
instructblip/pope/ricd/coco/adversarial/seed1:  55%|█████▌    | 1662/3000 [04:49<04:02,  5.51it/s]
instructblip/pope/ricd/coco/adversarial/seed1:  55%|█████▌    | 1663/3000 [04:49<04:03,  5.49it/s]
instructblip/pope/ricd/coco/adversarial/seed1:  55%|█████▌    | 1664/3000 [04:49<04:09,  5.36it/s]
instructblip/pope/ricd/coco/adversarial/seed1:  56%|█████▌    | 1665/3000 [04:50<04:06,  5.41it/s]
instructblip/pope/ricd/coco/adversarial/seed1:  56%|█████▌    | 1666/3000 [04:50<04:06,  5.41it/s]
instructblip/pope/ricd/coco/adversarial/seed1:  56%|█████▌    | 1667/3000 [04:50<04:03,  5.48it/s]
instructblip/pope/ricd/coco/adversarial/seed1:  56%|█████▌    | 1668/3000 [04:50<04:03,  5.46it/s]
instructblip/pope/ricd/coco/adversarial/seed1:  56%|█████▌    | 1669/3000 [04:50<04:03,  5.47it/s]
instructblip/pope/ricd/coco/adversarial/seed1:  56%|█████▌    | 1670/3000 [04:51<04:04,  5.45it/s]
instructblip/pope/ricd/coco/adversarial/seed1:  56%|█████▌    | 1671/3000 [04:51<03:59,  5.55it/s]
instructblip/pope/ricd/coco/adversarial/seed1:  56%|█████▌    | 1672/3000 [04:51<04:00,  5.51it/s]
instructblip/pope/ricd/coco/adversarial/seed1:  56%|█████▌    | 1673/3000 [04:51<04:00,  5.51it/s]
instructblip/pope/ricd/coco/adversarial/seed1:  56%|█████▌    | 1674/3000 [04:51<03:57,  5.58it/s]
instructblip/pope/ricd/coco/adversarial/seed1:  56%|█████▌    | 1675/3000 [04:51<03:59,  5.53it/s]
instructblip/pope/ricd/coco/adversarial/seed1:  56%|█████▌    | 1676/3000 [04:52<03:55,  5.63it/s]
instructblip/pope/ricd/coco/adversarial/seed1:  56%|█████▌    | 1677/3000 [04:52<04:25,  4.98it/s]
instructblip/pope/ricd/coco/adversarial/seed1:  56%|█████▌    | 1678/3000 [04:52<04:18,  5.12it/s]
instructblip/pope/ricd/coco/adversarial/seed1:  56%|█████▌    | 1679/3000 [04:52<04:08,  5.32it/s]
instructblip/pope/ricd/coco/adversarial/seed1:  56%|█████▌    | 1680/3000 [04:52<04:01,  5.47it/s]
instructblip/pope/ricd/coco/adversarial/seed1:  56%|█████▌    | 1681/3000 [04:53<03:53,  5.64it/s]
instructblip/pope/ricd/coco/adversarial/seed1:  56%|█████▌    | 1682/3000 [04:53<03:50,  5.73it/s]
instructblip/pope/ricd/coco/adversarial/seed1:  56%|█████▌    | 1683/3000 [04:53<03:47,  5.78it/s]
instructblip/pope/ricd/coco/adversarial/seed1:  56%|█████▌    | 1684/3000 [04:53<03:45,  5.83it/s]
instructblip/pope/ricd/coco/adversarial/seed1:  56%|█████▌    | 1685/3000 [04:53<03:42,  5.92it/s]
instructblip/pope/ricd/coco/adversarial/seed1:  56%|█████▌    | 1686/3000 [04:53<03:39,  5.99it/s]
instructblip/pope/ricd/coco/adversarial/seed1:  56%|█████▌    | 1687/3000 [04:54<03:39,  5.98it/s]
instructblip/pope/ricd/coco/adversarial/seed1:  56%|█████▋    | 1688/3000 [04:54<03:40,  5.95it/s]
instructblip/pope/ricd/coco/adversarial/seed1:  56%|█████▋    | 1689/3000 [04:54<03:41,  5.93it/s]
instructblip/pope/ricd/coco/adversarial/seed1:  56%|█████▋    | 1690/3000 [04:54<03:40,  5.94it/s]
instructblip/pope/ricd/coco/adversarial/seed1:  56%|█████▋    | 1691/3000 [04:54<03:40,  5.93it/s]
instructblip/pope/ricd/coco/adversarial/seed1:  56%|█████▋    | 1692/3000 [04:54<03:39,  5.96it/s]
instructblip/pope/ricd/coco/adversarial/seed1:  56%|█████▋    | 1693/3000 [04:55<03:42,  5.89it/s]
instructblip/pope/ricd/coco/adversarial/seed1:  56%|█████▋    | 1694/3000 [04:55<03:42,  5.88it/s]
instructblip/pope/ricd/coco/adversarial/seed1:  56%|█████▋    | 1695/3000 [04:55<03:45,  5.78it/s]
instructblip/pope/ricd/coco/adversarial/seed1:  57%|█████▋    | 1696/3000 [04:55<03:50,  5.66it/s]
instructblip/pope/ricd/coco/adversarial/seed1:  57%|█████▋    | 1697/3000 [04:55<03:51,  5.63it/s]
instructblip/pope/ricd/coco/adversarial/seed1:  57%|█████▋    | 1698/3000 [04:55<03:48,  5.71it/s]
instructblip/pope/ricd/coco/adversarial/seed1:  57%|█████▋    | 1699/3000 [04:56<03:47,  5.72it/s]
instructblip/pope/ricd/coco/adversarial/seed1:  57%|█████▋    | 1700/3000 [04:56<03:43,  5.81it/s]
instructblip/pope/ricd/coco/adversarial/seed1:  57%|█████▋    | 1701/3000 [04:56<03:50,  5.64it/s]
instructblip/pope/ricd/coco/adversarial/seed1:  57%|█████▋    | 1702/3000 [04:56<03:52,  5.59it/s]
instructblip/pope/ricd/coco/adversarial/seed1:  57%|█████▋    | 1703/3000 [04:56<03:51,  5.61it/s]
instructblip/pope/ricd/coco/adversarial/seed1:  57%|█████▋    | 1704/3000 [04:57<03:54,  5.53it/s]
instructblip/pope/ricd/coco/adversarial/seed1:  57%|█████▋    | 1705/3000 [04:57<03:57,  5.45it/s]
instructblip/pope/ricd/coco/adversarial/seed1:  57%|█████▋    | 1706/3000 [04:57<03:53,  5.55it/s]
instructblip/pope/ricd/coco/adversarial/seed1:  57%|█████▋    | 1707/3000 [04:57<03:49,  5.63it/s]
instructblip/pope/ricd/coco/adversarial/seed1:  57%|█████▋    | 1708/3000 [04:57<03:49,  5.62it/s]
instructblip/pope/ricd/coco/adversarial/seed1:  57%|█████▋    | 1709/3000 [04:57<03:50,  5.59it/s]
instructblip/pope/ricd/coco/adversarial/seed1:  57%|█████▋    | 1710/3000 [04:58<03:51,  5.58it/s]
instructblip/pope/ricd/coco/adversarial/seed1:  57%|█████▋    | 1711/3000 [04:58<03:53,  5.53it/s]
instructblip/pope/ricd/coco/adversarial/seed1:  57%|█████▋    | 1712/3000 [04:58<03:55,  5.47it/s]
instructblip/pope/ricd/coco/adversarial/seed1:  57%|█████▋    | 1713/3000 [04:58<03:51,  5.56it/s]
instructblip/pope/ricd/coco/adversarial/seed1:  57%|█████▋    | 1714/3000 [04:58<03:49,  5.61it/s]
instructblip/pope/ricd/coco/adversarial/seed1:  57%|█████▋    | 1715/3000 [04:58<03:46,  5.68it/s]
instructblip/pope/ricd/coco/adversarial/seed1:  57%|█████▋    | 1716/3000 [04:59<03:47,  5.65it/s]
instructblip/pope/ricd/coco/adversarial/seed1:  57%|█████▋    | 1717/3000 [04:59<03:44,  5.71it/s]
instructblip/pope/ricd/coco/adversarial/seed1:  57%|█████▋    | 1718/3000 [04:59<03:45,  5.68it/s]
instructblip/pope/ricd/coco/adversarial/seed1:  57%|█████▋    | 1719/3000 [04:59<03:41,  5.77it/s]
instructblip/pope/ricd/coco/adversarial/seed1:  57%|█████▋    | 1720/3000 [04:59<03:41,  5.78it/s]
instructblip/pope/ricd/coco/adversarial/seed1:  57%|█████▋    | 1721/3000 [05:00<03:43,  5.73it/s]
instructblip/pope/ricd/coco/adversarial/seed1:  57%|█████▋    | 1722/3000 [05:00<03:44,  5.70it/s]
instructblip/pope/ricd/coco/adversarial/seed1:  57%|█████▋    | 1723/3000 [05:00<03:44,  5.70it/s]
instructblip/pope/ricd/coco/adversarial/seed1:  57%|█████▋    | 1724/3000 [05:00<03:44,  5.68it/s]
instructblip/pope/ricd/coco/adversarial/seed1:  57%|█████▊    | 1725/3000 [05:00<03:42,  5.74it/s]
instructblip/pope/ricd/coco/adversarial/seed1:  58%|█████▊    | 1726/3000 [05:00<03:45,  5.64it/s]
instructblip/pope/ricd/coco/adversarial/seed1:  58%|█████▊    | 1727/3000 [05:01<03:46,  5.63it/s]
instructblip/pope/ricd/coco/adversarial/seed1:  58%|█████▊    | 1728/3000 [05:01<03:47,  5.58it/s]
instructblip/pope/ricd/coco/adversarial/seed1:  58%|█████▊    | 1729/3000 [05:01<03:43,  5.68it/s]
instructblip/pope/ricd/coco/adversarial/seed1:  58%|█████▊    | 1730/3000 [05:01<03:39,  5.79it/s]
instructblip/pope/ricd/coco/adversarial/seed1:  58%|█████▊    | 1731/3000 [05:01<03:44,  5.66it/s]
instructblip/pope/ricd/coco/adversarial/seed1:  58%|█████▊    | 1732/3000 [05:01<03:43,  5.68it/s]
instructblip/pope/ricd/coco/adversarial/seed1:  58%|█████▊    | 1733/3000 [05:02<03:42,  5.68it/s]
instructblip/pope/ricd/coco/adversarial/seed1:  58%|█████▊    | 1734/3000 [05:02<03:42,  5.69it/s]
instructblip/pope/ricd/coco/adversarial/seed1:  58%|█████▊    | 1735/3000 [05:02<03:42,  5.68it/s]
instructblip/pope/ricd/coco/adversarial/seed1:  58%|█████▊    | 1736/3000 [05:02<03:42,  5.68it/s]
instructblip/pope/ricd/coco/adversarial/seed1:  58%|█████▊    | 1737/3000 [05:02<03:52,  5.43it/s]
instructblip/pope/ricd/coco/adversarial/seed1:  58%|█████▊    | 1738/3000 [05:03<03:52,  5.43it/s]
instructblip/pope/ricd/coco/adversarial/seed1:  58%|█████▊    | 1739/3000 [05:03<03:50,  5.46it/s]
instructblip/pope/ricd/coco/adversarial/seed1:  58%|█████▊    | 1740/3000 [05:03<03:52,  5.42it/s]
instructblip/pope/ricd/coco/adversarial/seed1:  58%|█████▊    | 1741/3000 [05:03<03:53,  5.39it/s]
instructblip/pope/ricd/coco/adversarial/seed1:  58%|█████▊    | 1742/3000 [05:03<03:51,  5.44it/s]
instructblip/pope/ricd/coco/adversarial/seed1:  58%|█████▊    | 1743/3000 [05:03<03:49,  5.48it/s]
instructblip/pope/ricd/coco/adversarial/seed1:  58%|█████▊    | 1744/3000 [05:04<03:44,  5.60it/s]
instructblip/pope/ricd/coco/adversarial/seed1:  58%|█████▊    | 1745/3000 [05:04<03:41,  5.67it/s]
instructblip/pope/ricd/coco/adversarial/seed1:  58%|█████▊    | 1746/3000 [05:04<03:37,  5.77it/s]
instructblip/pope/ricd/coco/adversarial/seed1:  58%|█████▊    | 1747/3000 [05:04<03:38,  5.73it/s]
instructblip/pope/ricd/coco/adversarial/seed1:  58%|█████▊    | 1748/3000 [05:04<03:39,  5.70it/s]
instructblip/pope/ricd/coco/adversarial/seed1:  58%|█████▊    | 1749/3000 [05:05<03:36,  5.77it/s]
instructblip/pope/ricd/coco/adversarial/seed1:  58%|█████▊    | 1750/3000 [05:05<03:35,  5.80it/s]
instructblip/pope/ricd/coco/adversarial/seed1:  58%|█████▊    | 1751/3000 [05:05<03:35,  5.79it/s]
instructblip/pope/ricd/coco/adversarial/seed1:  58%|█████▊    | 1752/3000 [05:05<03:34,  5.82it/s]
instructblip/pope/ricd/coco/adversarial/seed1:  58%|█████▊    | 1753/3000 [05:05<03:30,  5.92it/s]
instructblip/pope/ricd/coco/adversarial/seed1:  58%|█████▊    | 1754/3000 [05:05<03:32,  5.87it/s]
instructblip/pope/ricd/coco/adversarial/seed1:  58%|█████▊    | 1755/3000 [05:06<03:34,  5.81it/s]
instructblip/pope/ricd/coco/adversarial/seed1:  59%|█████▊    | 1756/3000 [05:06<03:30,  5.92it/s]
instructblip/pope/ricd/coco/adversarial/seed1:  59%|█████▊    | 1757/3000 [05:06<03:28,  5.95it/s]
instructblip/pope/ricd/coco/adversarial/seed1:  59%|█████▊    | 1758/3000 [05:06<03:27,  5.99it/s]
instructblip/pope/ricd/coco/adversarial/seed1:  59%|█████▊    | 1759/3000 [05:06<03:27,  5.97it/s]
instructblip/pope/ricd/coco/adversarial/seed1:  59%|█████▊    | 1760/3000 [05:06<03:24,  6.06it/s]
instructblip/pope/ricd/coco/adversarial/seed1:  59%|█████▊    | 1761/3000 [05:07<03:22,  6.12it/s]
instructblip/pope/ricd/coco/adversarial/seed1:  59%|█████▊    | 1762/3000 [05:07<03:20,  6.16it/s]
instructblip/pope/ricd/coco/adversarial/seed1:  59%|█████▉    | 1763/3000 [05:07<03:20,  6.18it/s]
instructblip/pope/ricd/coco/adversarial/seed1:  59%|█████▉    | 1764/3000 [05:07<03:19,  6.21it/s]
instructblip/pope/ricd/coco/adversarial/seed1:  59%|█████▉    | 1765/3000 [05:07<03:19,  6.20it/s]
instructblip/pope/ricd/coco/adversarial/seed1:  59%|█████▉    | 1766/3000 [05:07<03:19,  6.20it/s]
instructblip/pope/ricd/coco/adversarial/seed1:  59%|█████▉    | 1767/3000 [05:07<03:18,  6.21it/s]
instructblip/pope/ricd/coco/adversarial/seed1:  59%|█████▉    | 1768/3000 [05:08<03:18,  6.21it/s]
instructblip/pope/ricd/coco/adversarial/seed1:  59%|█████▉    | 1769/3000 [05:08<03:23,  6.04it/s]
instructblip/pope/ricd/coco/adversarial/seed1:  59%|█████▉    | 1770/3000 [05:08<03:25,  5.98it/s]
instructblip/pope/ricd/coco/adversarial/seed1:  59%|█████▉    | 1771/3000 [05:08<03:27,  5.93it/s]
instructblip/pope/ricd/coco/adversarial/seed1:  59%|█████▉    | 1772/3000 [05:08<03:25,  5.99it/s]
instructblip/pope/ricd/coco/adversarial/seed1:  59%|█████▉    | 1773/3000 [05:08<03:23,  6.02it/s]
instructblip/pope/ricd/coco/adversarial/seed1:  59%|█████▉    | 1774/3000 [05:09<03:23,  6.02it/s]
instructblip/pope/ricd/coco/adversarial/seed1:  59%|█████▉    | 1775/3000 [05:09<03:25,  5.95it/s]
instructblip/pope/ricd/coco/adversarial/seed1:  59%|█████▉    | 1776/3000 [05:09<03:43,  5.47it/s]
instructblip/pope/ricd/coco/adversarial/seed1:  59%|█████▉    | 1777/3000 [05:09<03:40,  5.54it/s]
instructblip/pope/ricd/coco/adversarial/seed1:  59%|█████▉    | 1778/3000 [05:09<03:37,  5.61it/s]
instructblip/pope/ricd/coco/adversarial/seed1:  59%|█████▉    | 1779/3000 [05:10<03:34,  5.68it/s]
instructblip/pope/ricd/coco/adversarial/seed1:  59%|█████▉    | 1780/3000 [05:10<03:31,  5.78it/s]
instructblip/pope/ricd/coco/adversarial/seed1:  59%|█████▉    | 1781/3000 [05:10<03:29,  5.83it/s]
instructblip/pope/ricd/coco/adversarial/seed1:  59%|█████▉    | 1782/3000 [05:10<03:28,  5.85it/s]
instructblip/pope/ricd/coco/adversarial/seed1:  59%|█████▉    | 1783/3000 [05:10<03:31,  5.74it/s]
instructblip/pope/ricd/coco/adversarial/seed1:  59%|█████▉    | 1784/3000 [05:10<03:30,  5.77it/s]
instructblip/pope/ricd/coco/adversarial/seed1:  60%|█████▉    | 1785/3000 [05:11<03:28,  5.82it/s]
instructblip/pope/ricd/coco/adversarial/seed1:  60%|█████▉    | 1786/3000 [05:11<03:28,  5.83it/s]
instructblip/pope/ricd/coco/adversarial/seed1:  60%|█████▉    | 1787/3000 [05:11<03:29,  5.78it/s]
instructblip/pope/ricd/coco/adversarial/seed1:  60%|█████▉    | 1788/3000 [05:11<03:28,  5.81it/s]
instructblip/pope/ricd/coco/adversarial/seed1:  60%|█████▉    | 1789/3000 [05:11<03:26,  5.86it/s]
instructblip/pope/ricd/coco/adversarial/seed1:  60%|█████▉    | 1790/3000 [05:11<03:29,  5.77it/s]
instructblip/pope/ricd/coco/adversarial/seed1:  60%|█████▉    | 1791/3000 [05:12<03:26,  5.85it/s]
instructblip/pope/ricd/coco/adversarial/seed1:  60%|█████▉    | 1792/3000 [05:12<03:24,  5.92it/s]
instructblip/pope/ricd/coco/adversarial/seed1:  60%|█████▉    | 1793/3000 [05:12<03:22,  5.97it/s]
instructblip/pope/ricd/coco/adversarial/seed1:  60%|█████▉    | 1794/3000 [05:12<03:26,  5.83it/s]
instructblip/pope/ricd/coco/adversarial/seed1:  60%|█████▉    | 1795/3000 [05:12<03:29,  5.74it/s]
instructblip/pope/ricd/coco/adversarial/seed1:  60%|█████▉    | 1796/3000 [05:12<03:30,  5.71it/s]
instructblip/pope/ricd/coco/adversarial/seed1:  60%|█████▉    | 1797/3000 [05:13<03:27,  5.81it/s]
instructblip/pope/ricd/coco/adversarial/seed1:  60%|█████▉    | 1798/3000 [05:13<03:28,  5.77it/s]
instructblip/pope/ricd/coco/adversarial/seed1:  60%|█████▉    | 1799/3000 [05:13<03:30,  5.70it/s]
instructblip/pope/ricd/coco/adversarial/seed1:  60%|██████    | 1800/3000 [05:13<03:29,  5.72it/s]
instructblip/pope/ricd/coco/adversarial/seed1:  60%|██████    | 1801/3000 [05:13<03:25,  5.83it/s]
instructblip/pope/ricd/coco/adversarial/seed1:  60%|██████    | 1802/3000 [05:14<03:24,  5.85it/s]
instructblip/pope/ricd/coco/adversarial/seed1:  60%|██████    | 1803/3000 [05:14<03:22,  5.92it/s]
instructblip/pope/ricd/coco/adversarial/seed1:  60%|██████    | 1804/3000 [05:14<03:21,  5.95it/s]
instructblip/pope/ricd/coco/adversarial/seed1:  60%|██████    | 1805/3000 [05:14<03:21,  5.93it/s]
instructblip/pope/ricd/coco/adversarial/seed1:  60%|██████    | 1806/3000 [05:14<03:20,  5.95it/s]
instructblip/pope/ricd/coco/adversarial/seed1:  60%|██████    | 1807/3000 [05:14<03:20,  5.95it/s]
instructblip/pope/ricd/coco/adversarial/seed1:  60%|██████    | 1808/3000 [05:15<03:24,  5.83it/s]
instructblip/pope/ricd/coco/adversarial/seed1:  60%|██████    | 1809/3000 [05:15<03:28,  5.71it/s]
instructblip/pope/ricd/coco/adversarial/seed1:  60%|██████    | 1810/3000 [05:15<03:25,  5.79it/s]
instructblip/pope/ricd/coco/adversarial/seed1:  60%|██████    | 1811/3000 [05:15<03:25,  5.80it/s]
instructblip/pope/ricd/coco/adversarial/seed1:  60%|██████    | 1812/3000 [05:15<03:24,  5.82it/s]
instructblip/pope/ricd/coco/adversarial/seed1:  60%|██████    | 1813/3000 [05:15<03:25,  5.76it/s]
instructblip/pope/ricd/coco/adversarial/seed1:  60%|██████    | 1814/3000 [05:16<03:27,  5.72it/s]
instructblip/pope/ricd/coco/adversarial/seed1:  60%|██████    | 1815/3000 [05:16<03:23,  5.82it/s]
instructblip/pope/ricd/coco/adversarial/seed1:  61%|██████    | 1816/3000 [05:16<03:25,  5.75it/s]
instructblip/pope/ricd/coco/adversarial/seed1:  61%|██████    | 1817/3000 [05:16<03:22,  5.85it/s]
instructblip/pope/ricd/coco/adversarial/seed1:  61%|██████    | 1818/3000 [05:16<03:20,  5.91it/s]
instructblip/pope/ricd/coco/adversarial/seed1:  61%|██████    | 1819/3000 [05:16<03:21,  5.87it/s]
instructblip/pope/ricd/coco/adversarial/seed1:  61%|██████    | 1820/3000 [05:17<03:21,  5.85it/s]
instructblip/pope/ricd/coco/adversarial/seed1:  61%|██████    | 1821/3000 [05:17<03:22,  5.82it/s]
instructblip/pope/ricd/coco/adversarial/seed1:  61%|██████    | 1822/3000 [05:17<03:23,  5.79it/s]
instructblip/pope/ricd/coco/adversarial/seed1:  61%|██████    | 1823/3000 [05:17<03:31,  5.57it/s]
instructblip/pope/ricd/coco/adversarial/seed1:  61%|██████    | 1824/3000 [05:17<03:39,  5.37it/s]
instructblip/pope/ricd/coco/adversarial/seed1:  61%|██████    | 1825/3000 [05:18<03:34,  5.47it/s]
instructblip/pope/ricd/coco/adversarial/seed1:  61%|██████    | 1826/3000 [05:18<03:37,  5.39it/s]
instructblip/pope/ricd/coco/adversarial/seed1:  61%|██████    | 1827/3000 [05:18<03:34,  5.48it/s]
instructblip/pope/ricd/coco/adversarial/seed1:  61%|██████    | 1828/3000 [05:18<03:28,  5.61it/s]
instructblip/pope/ricd/coco/adversarial/seed1:  61%|██████    | 1829/3000 [05:18<03:26,  5.67it/s]
instructblip/pope/ricd/coco/adversarial/seed1:  61%|██████    | 1830/3000 [05:18<03:24,  5.72it/s]
instructblip/pope/ricd/coco/adversarial/seed1:  61%|██████    | 1831/3000 [05:19<03:21,  5.79it/s]
instructblip/pope/ricd/coco/adversarial/seed1:  61%|██████    | 1832/3000 [05:19<03:19,  5.86it/s]
instructblip/pope/ricd/coco/adversarial/seed1:  61%|██████    | 1833/3000 [05:19<03:22,  5.76it/s]
instructblip/pope/ricd/coco/adversarial/seed1:  61%|██████    | 1834/3000 [05:19<03:22,  5.77it/s]
instructblip/pope/ricd/coco/adversarial/seed1:  61%|██████    | 1835/3000 [05:19<03:18,  5.86it/s]
instructblip/pope/ricd/coco/adversarial/seed1:  61%|██████    | 1836/3000 [05:19<03:16,  5.93it/s]
instructblip/pope/ricd/coco/adversarial/seed1:  61%|██████    | 1837/3000 [05:20<03:16,  5.91it/s]
instructblip/pope/ricd/coco/adversarial/seed1:  61%|██████▏   | 1838/3000 [05:20<03:15,  5.93it/s]
instructblip/pope/ricd/coco/adversarial/seed1:  61%|██████▏   | 1839/3000 [05:20<03:15,  5.95it/s]
instructblip/pope/ricd/coco/adversarial/seed1:  61%|██████▏   | 1840/3000 [05:20<03:17,  5.87it/s]
instructblip/pope/ricd/coco/adversarial/seed1:  61%|██████▏   | 1841/3000 [05:20<03:24,  5.68it/s]
instructblip/pope/ricd/coco/adversarial/seed1:  61%|██████▏   | 1842/3000 [05:20<03:24,  5.67it/s]
instructblip/pope/ricd/coco/adversarial/seed1:  61%|██████▏   | 1843/3000 [05:21<03:21,  5.74it/s]
instructblip/pope/ricd/coco/adversarial/seed1:  61%|██████▏   | 1844/3000 [05:21<03:17,  5.86it/s]
instructblip/pope/ricd/coco/adversarial/seed1:  62%|██████▏   | 1845/3000 [05:21<03:19,  5.79it/s]
instructblip/pope/ricd/coco/adversarial/seed1:  62%|██████▏   | 1846/3000 [05:21<03:16,  5.87it/s]
instructblip/pope/ricd/coco/adversarial/seed1:  62%|██████▏   | 1847/3000 [05:21<03:14,  5.93it/s]
instructblip/pope/ricd/coco/adversarial/seed1:  62%|██████▏   | 1848/3000 [05:21<03:12,  5.98it/s]
instructblip/pope/ricd/coco/adversarial/seed1:  62%|██████▏   | 1849/3000 [05:22<03:12,  5.98it/s]
instructblip/pope/ricd/coco/adversarial/seed1:  62%|██████▏   | 1850/3000 [05:22<03:10,  6.03it/s]
instructblip/pope/ricd/coco/adversarial/seed1:  62%|██████▏   | 1851/3000 [05:22<03:10,  6.04it/s]
instructblip/pope/ricd/coco/adversarial/seed1:  62%|██████▏   | 1852/3000 [05:22<03:12,  5.96it/s]
instructblip/pope/ricd/coco/adversarial/seed1:  62%|██████▏   | 1853/3000 [05:22<03:15,  5.87it/s]
instructblip/pope/ricd/coco/adversarial/seed1:  62%|██████▏   | 1854/3000 [05:22<03:15,  5.88it/s]
instructblip/pope/ricd/coco/adversarial/seed1:  62%|██████▏   | 1855/3000 [05:23<03:17,  5.79it/s]
instructblip/pope/ricd/coco/adversarial/seed1:  62%|██████▏   | 1856/3000 [05:23<03:19,  5.74it/s]
instructblip/pope/ricd/coco/adversarial/seed1:  62%|██████▏   | 1857/3000 [05:23<03:19,  5.73it/s]
instructblip/pope/ricd/coco/adversarial/seed1:  62%|██████▏   | 1858/3000 [05:23<03:16,  5.82it/s]
instructblip/pope/ricd/coco/adversarial/seed1:  62%|██████▏   | 1859/3000 [05:23<03:16,  5.81it/s]
instructblip/pope/ricd/coco/adversarial/seed1:  62%|██████▏   | 1860/3000 [05:23<03:14,  5.87it/s]
instructblip/pope/ricd/coco/adversarial/seed1:  62%|██████▏   | 1861/3000 [05:24<03:15,  5.81it/s]
instructblip/pope/ricd/coco/adversarial/seed1:  62%|██████▏   | 1862/3000 [05:24<03:13,  5.88it/s]
instructblip/pope/ricd/coco/adversarial/seed1:  62%|██████▏   | 1863/3000 [05:24<03:14,  5.84it/s]
instructblip/pope/ricd/coco/adversarial/seed1:  62%|██████▏   | 1864/3000 [05:24<03:12,  5.91it/s]
instructblip/pope/ricd/coco/adversarial/seed1:  62%|██████▏   | 1865/3000 [05:24<03:10,  5.95it/s]
instructblip/pope/ricd/coco/adversarial/seed1:  62%|██████▏   | 1866/3000 [05:25<03:08,  6.02it/s]
instructblip/pope/ricd/coco/adversarial/seed1:  62%|██████▏   | 1867/3000 [05:25<03:08,  6.03it/s]
instructblip/pope/ricd/coco/adversarial/seed1:  62%|██████▏   | 1868/3000 [05:25<03:11,  5.90it/s]
instructblip/pope/ricd/coco/adversarial/seed1:  62%|██████▏   | 1869/3000 [05:25<03:13,  5.86it/s]
instructblip/pope/ricd/coco/adversarial/seed1:  62%|██████▏   | 1870/3000 [05:25<03:13,  5.85it/s]
instructblip/pope/ricd/coco/adversarial/seed1:  62%|██████▏   | 1871/3000 [05:25<03:15,  5.77it/s]
instructblip/pope/ricd/coco/adversarial/seed1:  62%|██████▏   | 1872/3000 [05:26<03:17,  5.70it/s]
instructblip/pope/ricd/coco/adversarial/seed1:  62%|██████▏   | 1873/3000 [05:26<03:15,  5.78it/s]
instructblip/pope/ricd/coco/adversarial/seed1:  62%|██████▏   | 1874/3000 [05:26<03:12,  5.86it/s]
instructblip/pope/ricd/coco/adversarial/seed1:  62%|██████▎   | 1875/3000 [05:26<03:10,  5.90it/s]
instructblip/pope/ricd/coco/adversarial/seed1:  63%|██████▎   | 1876/3000 [05:26<03:09,  5.93it/s]
instructblip/pope/ricd/coco/adversarial/seed1:  63%|██████▎   | 1877/3000 [05:26<03:12,  5.82it/s]
instructblip/pope/ricd/coco/adversarial/seed1:  63%|██████▎   | 1878/3000 [05:27<03:11,  5.86it/s]
instructblip/pope/ricd/coco/adversarial/seed1:  63%|██████▎   | 1879/3000 [05:27<03:13,  5.80it/s]
instructblip/pope/ricd/coco/adversarial/seed1:  63%|██████▎   | 1880/3000 [05:27<03:15,  5.72it/s]
instructblip/pope/ricd/coco/adversarial/seed1:  63%|██████▎   | 1881/3000 [05:27<03:17,  5.68it/s]
instructblip/pope/ricd/coco/adversarial/seed1:  63%|██████▎   | 1882/3000 [05:27<03:14,  5.73it/s]
instructblip/pope/ricd/coco/adversarial/seed1:  63%|██████▎   | 1883/3000 [05:27<03:12,  5.81it/s]
instructblip/pope/ricd/coco/adversarial/seed1:  63%|██████▎   | 1884/3000 [05:28<03:11,  5.82it/s]
instructblip/pope/ricd/coco/adversarial/seed1:  63%|██████▎   | 1885/3000 [05:28<03:10,  5.85it/s]
instructblip/pope/ricd/coco/adversarial/seed1:  63%|██████▎   | 1886/3000 [05:28<03:11,  5.82it/s]
instructblip/pope/ricd/coco/adversarial/seed1:  63%|██████▎   | 1887/3000 [05:28<03:09,  5.88it/s]
instructblip/pope/ricd/coco/adversarial/seed1:  63%|██████▎   | 1888/3000 [05:28<03:10,  5.83it/s]
instructblip/pope/ricd/coco/adversarial/seed1:  63%|██████▎   | 1889/3000 [05:28<03:10,  5.83it/s]
instructblip/pope/ricd/coco/adversarial/seed1:  63%|██████▎   | 1890/3000 [05:29<03:12,  5.75it/s]
instructblip/pope/ricd/coco/adversarial/seed1:  63%|██████▎   | 1891/3000 [05:29<03:13,  5.74it/s]
instructblip/pope/ricd/coco/adversarial/seed1:  63%|██████▎   | 1892/3000 [05:29<03:14,  5.70it/s]
instructblip/pope/ricd/coco/adversarial/seed1:  63%|██████▎   | 1893/3000 [05:29<03:14,  5.71it/s]
instructblip/pope/ricd/coco/adversarial/seed1:  63%|██████▎   | 1894/3000 [05:29<03:17,  5.61it/s]
instructblip/pope/ricd/coco/adversarial/seed1:  63%|██████▎   | 1895/3000 [05:30<03:14,  5.67it/s]
instructblip/pope/ricd/coco/adversarial/seed1:  63%|██████▎   | 1896/3000 [05:30<03:17,  5.60it/s]
instructblip/pope/ricd/coco/adversarial/seed1:  63%|██████▎   | 1897/3000 [05:30<03:16,  5.61it/s]
instructblip/pope/ricd/coco/adversarial/seed1:  63%|██████▎   | 1898/3000 [05:30<03:15,  5.62it/s]
instructblip/pope/ricd/coco/adversarial/seed1:  63%|██████▎   | 1899/3000 [05:30<03:13,  5.70it/s]
instructblip/pope/ricd/coco/adversarial/seed1:  63%|██████▎   | 1900/3000 [05:30<03:10,  5.77it/s]
instructblip/pope/ricd/coco/adversarial/seed1:  63%|██████▎   | 1901/3000 [05:31<03:09,  5.81it/s]
instructblip/pope/ricd/coco/adversarial/seed1:  63%|██████▎   | 1902/3000 [05:31<03:08,  5.83it/s]
instructblip/pope/ricd/coco/adversarial/seed1:  63%|██████▎   | 1903/3000 [05:31<03:07,  5.85it/s]
instructblip/pope/ricd/coco/adversarial/seed1:  63%|██████▎   | 1904/3000 [05:31<03:06,  5.88it/s]
instructblip/pope/ricd/coco/adversarial/seed1:  64%|██████▎   | 1905/3000 [05:31<03:04,  5.93it/s]
instructblip/pope/ricd/coco/adversarial/seed1:  64%|██████▎   | 1906/3000 [05:31<03:03,  5.97it/s]
instructblip/pope/ricd/coco/adversarial/seed1:  64%|██████▎   | 1907/3000 [05:32<03:01,  6.01it/s]
instructblip/pope/ricd/coco/adversarial/seed1:  64%|██████▎   | 1908/3000 [05:32<03:00,  6.04it/s]
instructblip/pope/ricd/coco/adversarial/seed1:  64%|██████▎   | 1909/3000 [05:32<03:00,  6.03it/s]
instructblip/pope/ricd/coco/adversarial/seed1:  64%|██████▎   | 1910/3000 [05:32<03:00,  6.04it/s]
instructblip/pope/ricd/coco/adversarial/seed1:  64%|██████▎   | 1911/3000 [05:32<03:00,  6.04it/s]
instructblip/pope/ricd/coco/adversarial/seed1:  64%|██████▎   | 1912/3000 [05:32<03:02,  5.97it/s]
instructblip/pope/ricd/coco/adversarial/seed1:  64%|██████▍   | 1913/3000 [05:33<03:01,  5.98it/s]
instructblip/pope/ricd/coco/adversarial/seed1:  64%|██████▍   | 1914/3000 [05:33<03:01,  5.99it/s]
instructblip/pope/ricd/coco/adversarial/seed1:  64%|██████▍   | 1915/3000 [05:33<03:04,  5.89it/s]
instructblip/pope/ricd/coco/adversarial/seed1:  64%|██████▍   | 1916/3000 [05:33<03:05,  5.83it/s]
instructblip/pope/ricd/coco/adversarial/seed1:  64%|██████▍   | 1917/3000 [05:33<03:06,  5.81it/s]
instructblip/pope/ricd/coco/adversarial/seed1:  64%|██████▍   | 1918/3000 [05:33<03:11,  5.65it/s]
instructblip/pope/ricd/coco/adversarial/seed1:  64%|██████▍   | 1919/3000 [05:34<03:07,  5.75it/s]
instructblip/pope/ricd/coco/adversarial/seed1:  64%|██████▍   | 1920/3000 [05:34<03:05,  5.83it/s]
instructblip/pope/ricd/coco/adversarial/seed1:  64%|██████▍   | 1921/3000 [05:34<03:07,  5.75it/s]
instructblip/pope/ricd/coco/adversarial/seed1:  64%|██████▍   | 1922/3000 [05:34<03:06,  5.77it/s]
instructblip/pope/ricd/coco/adversarial/seed1:  64%|██████▍   | 1923/3000 [05:34<03:10,  5.66it/s]
instructblip/pope/ricd/coco/adversarial/seed1:  64%|██████▍   | 1924/3000 [05:34<03:09,  5.69it/s]
instructblip/pope/ricd/coco/adversarial/seed1:  64%|██████▍   | 1925/3000 [05:35<03:09,  5.68it/s]
instructblip/pope/ricd/coco/adversarial/seed1:  64%|██████▍   | 1926/3000 [05:35<03:09,  5.67it/s]
instructblip/pope/ricd/coco/adversarial/seed1:  64%|██████▍   | 1927/3000 [05:35<03:09,  5.67it/s]
instructblip/pope/ricd/coco/adversarial/seed1:  64%|██████▍   | 1928/3000 [05:35<03:09,  5.66it/s]
instructblip/pope/ricd/coco/adversarial/seed1:  64%|██████▍   | 1929/3000 [05:35<03:07,  5.71it/s]
instructblip/pope/ricd/coco/adversarial/seed1:  64%|██████▍   | 1930/3000 [05:36<03:05,  5.77it/s]
instructblip/pope/ricd/coco/adversarial/seed1:  64%|██████▍   | 1931/3000 [05:36<03:04,  5.80it/s]
instructblip/pope/ricd/coco/adversarial/seed1:  64%|██████▍   | 1932/3000 [05:36<03:07,  5.69it/s]
instructblip/pope/ricd/coco/adversarial/seed1:  64%|██████▍   | 1933/3000 [05:36<03:06,  5.72it/s]
instructblip/pope/ricd/coco/adversarial/seed1:  64%|██████▍   | 1934/3000 [05:36<03:07,  5.67it/s]
instructblip/pope/ricd/coco/adversarial/seed1:  64%|██████▍   | 1935/3000 [05:36<03:05,  5.73it/s]
instructblip/pope/ricd/coco/adversarial/seed1:  65%|██████▍   | 1936/3000 [05:37<03:04,  5.77it/s]
instructblip/pope/ricd/coco/adversarial/seed1:  65%|██████▍   | 1937/3000 [05:37<03:02,  5.82it/s]
instructblip/pope/ricd/coco/adversarial/seed1:  65%|██████▍   | 1938/3000 [05:37<03:00,  5.87it/s]
instructblip/pope/ricd/coco/adversarial/seed1:  65%|██████▍   | 1939/3000 [05:37<03:03,  5.77it/s]
instructblip/pope/ricd/coco/adversarial/seed1:  65%|██████▍   | 1940/3000 [05:37<03:02,  5.80it/s]
instructblip/pope/ricd/coco/adversarial/seed1:  65%|██████▍   | 1941/3000 [05:37<03:01,  5.82it/s]
instructblip/pope/ricd/coco/adversarial/seed1:  65%|██████▍   | 1942/3000 [05:38<03:01,  5.83it/s]
instructblip/pope/ricd/coco/adversarial/seed1:  65%|██████▍   | 1943/3000 [05:38<03:03,  5.77it/s]
instructblip/pope/ricd/coco/adversarial/seed1:  65%|██████▍   | 1944/3000 [05:38<03:01,  5.83it/s]
instructblip/pope/ricd/coco/adversarial/seed1:  65%|██████▍   | 1945/3000 [05:38<02:58,  5.91it/s]
instructblip/pope/ricd/coco/adversarial/seed1:  65%|██████▍   | 1946/3000 [05:38<02:58,  5.89it/s]
instructblip/pope/ricd/coco/adversarial/seed1:  65%|██████▍   | 1947/3000 [05:38<02:57,  5.94it/s]
instructblip/pope/ricd/coco/adversarial/seed1:  65%|██████▍   | 1948/3000 [05:39<02:55,  6.00it/s]
instructblip/pope/ricd/coco/adversarial/seed1:  65%|██████▍   | 1949/3000 [05:39<02:58,  5.89it/s]
instructblip/pope/ricd/coco/adversarial/seed1:  65%|██████▌   | 1950/3000 [05:39<02:59,  5.84it/s]
instructblip/pope/ricd/coco/adversarial/seed1:  65%|██████▌   | 1951/3000 [05:39<02:59,  5.84it/s]
instructblip/pope/ricd/coco/adversarial/seed1:  65%|██████▌   | 1952/3000 [05:39<02:57,  5.92it/s]
instructblip/pope/ricd/coco/adversarial/seed1:  65%|██████▌   | 1953/3000 [05:39<02:56,  5.92it/s]
instructblip/pope/ricd/coco/adversarial/seed1:  65%|██████▌   | 1954/3000 [05:40<03:03,  5.70it/s]
instructblip/pope/ricd/coco/adversarial/seed1:  65%|██████▌   | 1955/3000 [05:40<03:02,  5.73it/s]
instructblip/pope/ricd/coco/adversarial/seed1:  65%|██████▌   | 1956/3000 [05:40<03:03,  5.70it/s]
instructblip/pope/ricd/coco/adversarial/seed1:  65%|██████▌   | 1957/3000 [05:40<03:03,  5.67it/s]
instructblip/pope/ricd/coco/adversarial/seed1:  65%|██████▌   | 1958/3000 [05:40<03:06,  5.60it/s]
instructblip/pope/ricd/coco/adversarial/seed1:  65%|██████▌   | 1959/3000 [05:41<03:08,  5.53it/s]
instructblip/pope/ricd/coco/adversarial/seed1:  65%|██████▌   | 1960/3000 [05:41<03:11,  5.43it/s]
instructblip/pope/ricd/coco/adversarial/seed1:  65%|██████▌   | 1961/3000 [05:41<03:07,  5.55it/s]
instructblip/pope/ricd/coco/adversarial/seed1:  65%|██████▌   | 1962/3000 [05:41<03:06,  5.56it/s]
instructblip/pope/ricd/coco/adversarial/seed1:  65%|██████▌   | 1963/3000 [05:41<03:02,  5.69it/s]
instructblip/pope/ricd/coco/adversarial/seed1:  65%|██████▌   | 1964/3000 [05:41<02:58,  5.80it/s]
instructblip/pope/ricd/coco/adversarial/seed1:  66%|██████▌   | 1965/3000 [05:42<02:56,  5.86it/s]
instructblip/pope/ricd/coco/adversarial/seed1:  66%|██████▌   | 1966/3000 [05:42<02:55,  5.91it/s]
instructblip/pope/ricd/coco/adversarial/seed1:  66%|██████▌   | 1967/3000 [05:42<02:56,  5.87it/s]
instructblip/pope/ricd/coco/adversarial/seed1:  66%|██████▌   | 1968/3000 [05:42<02:55,  5.89it/s]
instructblip/pope/ricd/coco/adversarial/seed1:  66%|██████▌   | 1969/3000 [05:42<02:52,  5.98it/s]
instructblip/pope/ricd/coco/adversarial/seed1:  66%|██████▌   | 1970/3000 [05:42<02:52,  5.96it/s]
instructblip/pope/ricd/coco/adversarial/seed1:  66%|██████▌   | 1971/3000 [05:43<02:53,  5.93it/s]
instructblip/pope/ricd/coco/adversarial/seed1:  66%|██████▌   | 1972/3000 [05:43<02:54,  5.88it/s]
instructblip/pope/ricd/coco/adversarial/seed1:  66%|██████▌   | 1973/3000 [05:43<02:53,  5.92it/s]
instructblip/pope/ricd/coco/adversarial/seed1:  66%|██████▌   | 1974/3000 [05:43<02:54,  5.89it/s]
instructblip/pope/ricd/coco/adversarial/seed1:  66%|██████▌   | 1975/3000 [05:43<02:56,  5.79it/s]
instructblip/pope/ricd/coco/adversarial/seed1:  66%|██████▌   | 1976/3000 [05:43<02:56,  5.80it/s]
instructblip/pope/ricd/coco/adversarial/seed1:  66%|██████▌   | 1977/3000 [05:44<02:56,  5.78it/s]
instructblip/pope/ricd/coco/adversarial/seed1:  66%|██████▌   | 1978/3000 [05:44<02:55,  5.83it/s]
instructblip/pope/ricd/coco/adversarial/seed1:  66%|██████▌   | 1979/3000 [05:44<02:54,  5.86it/s]
instructblip/pope/ricd/coco/adversarial/seed1:  66%|██████▌   | 1980/3000 [05:44<02:53,  5.87it/s]
instructblip/pope/ricd/coco/adversarial/seed1:  66%|██████▌   | 1981/3000 [05:44<02:53,  5.88it/s]
instructblip/pope/ricd/coco/adversarial/seed1:  66%|██████▌   | 1982/3000 [05:45<02:53,  5.88it/s]
instructblip/pope/ricd/coco/adversarial/seed1:  66%|██████▌   | 1983/3000 [05:45<02:54,  5.84it/s]
instructblip/pope/ricd/coco/adversarial/seed1:  66%|██████▌   | 1984/3000 [05:45<02:53,  5.85it/s]
instructblip/pope/ricd/coco/adversarial/seed1:  66%|██████▌   | 1985/3000 [05:45<03:20,  5.07it/s]
instructblip/pope/ricd/coco/adversarial/seed1:  66%|██████▌   | 1986/3000 [05:45<03:13,  5.24it/s]
instructblip/pope/ricd/coco/adversarial/seed1:  66%|██████▌   | 1987/3000 [05:45<03:08,  5.36it/s]
instructblip/pope/ricd/coco/adversarial/seed1:  66%|██████▋   | 1988/3000 [05:46<03:03,  5.53it/s]
instructblip/pope/ricd/coco/adversarial/seed1:  66%|██████▋   | 1989/3000 [05:46<02:58,  5.67it/s]
instructblip/pope/ricd/coco/adversarial/seed1:  66%|██████▋   | 1990/3000 [05:46<02:55,  5.75it/s]
instructblip/pope/ricd/coco/adversarial/seed1:  66%|██████▋   | 1991/3000 [05:46<02:59,  5.62it/s]
instructblip/pope/ricd/coco/adversarial/seed1:  66%|██████▋   | 1992/3000 [05:46<02:59,  5.63it/s]
instructblip/pope/ricd/coco/adversarial/seed1:  66%|██████▋   | 1993/3000 [05:46<02:56,  5.71it/s]
instructblip/pope/ricd/coco/adversarial/seed1:  66%|██████▋   | 1994/3000 [05:47<02:54,  5.75it/s]
instructblip/pope/ricd/coco/adversarial/seed1:  66%|██████▋   | 1995/3000 [05:47<02:56,  5.70it/s]
instructblip/pope/ricd/coco/adversarial/seed1:  67%|██████▋   | 1996/3000 [05:47<02:57,  5.66it/s]
instructblip/pope/ricd/coco/adversarial/seed1:  67%|██████▋   | 1997/3000 [05:47<02:54,  5.74it/s]
instructblip/pope/ricd/coco/adversarial/seed1:  67%|██████▋   | 1998/3000 [05:47<02:54,  5.74it/s]
instructblip/pope/ricd/coco/adversarial/seed1:  67%|██████▋   | 1999/3000 [05:48<02:52,  5.82it/s]
instructblip/pope/ricd/coco/adversarial/seed1:  67%|██████▋   | 2000/3000 [05:48<02:52,  5.80it/s]
instructblip/pope/ricd/coco/adversarial/seed1:  67%|██████▋   | 2001/3000 [05:48<02:51,  5.83it/s]
instructblip/pope/ricd/coco/adversarial/seed1:  67%|██████▋   | 2002/3000 [05:48<02:51,  5.82it/s]
instructblip/pope/ricd/coco/adversarial/seed1:  67%|██████▋   | 2003/3000 [05:48<02:49,  5.89it/s]
instructblip/pope/ricd/coco/adversarial/seed1:  67%|██████▋   | 2004/3000 [05:48<02:48,  5.90it/s]
instructblip/pope/ricd/coco/adversarial/seed1:  67%|██████▋   | 2005/3000 [05:49<02:49,  5.88it/s]
instructblip/pope/ricd/coco/adversarial/seed1:  67%|██████▋   | 2006/3000 [05:49<02:48,  5.90it/s]
instructblip/pope/ricd/coco/adversarial/seed1:  67%|██████▋   | 2007/3000 [05:49<02:48,  5.90it/s]
instructblip/pope/ricd/coco/adversarial/seed1:  67%|██████▋   | 2008/3000 [05:49<02:46,  5.94it/s]
instructblip/pope/ricd/coco/adversarial/seed1:  67%|██████▋   | 2009/3000 [05:49<02:46,  5.96it/s]
instructblip/pope/ricd/coco/adversarial/seed1:  67%|██████▋   | 2010/3000 [05:49<02:48,  5.88it/s]
instructblip/pope/ricd/coco/adversarial/seed1:  67%|██████▋   | 2011/3000 [05:50<02:48,  5.86it/s]
instructblip/pope/ricd/coco/adversarial/seed1:  67%|██████▋   | 2012/3000 [05:50<02:48,  5.88it/s]
instructblip/pope/ricd/coco/adversarial/seed1:  67%|██████▋   | 2013/3000 [05:50<02:47,  5.90it/s]
instructblip/pope/ricd/coco/adversarial/seed1:  67%|██████▋   | 2014/3000 [05:50<02:47,  5.89it/s]
instructblip/pope/ricd/coco/adversarial/seed1:  67%|██████▋   | 2015/3000 [05:50<02:47,  5.88it/s]
instructblip/pope/ricd/coco/adversarial/seed1:  67%|██████▋   | 2016/3000 [05:50<02:49,  5.82it/s]
instructblip/pope/ricd/coco/adversarial/seed1:  67%|██████▋   | 2017/3000 [05:51<02:52,  5.71it/s]
instructblip/pope/ricd/coco/adversarial/seed1:  67%|██████▋   | 2018/3000 [05:51<02:51,  5.71it/s]
instructblip/pope/ricd/coco/adversarial/seed1:  67%|██████▋   | 2019/3000 [05:51<02:49,  5.77it/s]
instructblip/pope/ricd/coco/adversarial/seed1:  67%|██████▋   | 2020/3000 [05:51<02:52,  5.68it/s]
instructblip/pope/ricd/coco/adversarial/seed1:  67%|██████▋   | 2021/3000 [05:51<02:52,  5.66it/s]
instructblip/pope/ricd/coco/adversarial/seed1:  67%|██████▋   | 2022/3000 [05:51<02:51,  5.70it/s]
instructblip/pope/ricd/coco/adversarial/seed1:  67%|██████▋   | 2023/3000 [05:52<02:50,  5.72it/s]
instructblip/pope/ricd/coco/adversarial/seed1:  67%|██████▋   | 2024/3000 [05:52<02:50,  5.72it/s]
instructblip/pope/ricd/coco/adversarial/seed1:  68%|██████▊   | 2025/3000 [05:52<02:50,  5.72it/s]
instructblip/pope/ricd/coco/adversarial/seed1:  68%|██████▊   | 2026/3000 [05:52<02:48,  5.77it/s]
instructblip/pope/ricd/coco/adversarial/seed1:  68%|██████▊   | 2027/3000 [05:52<02:47,  5.80it/s]
instructblip/pope/ricd/coco/adversarial/seed1:  68%|██████▊   | 2028/3000 [05:53<02:46,  5.83it/s]
instructblip/pope/ricd/coco/adversarial/seed1:  68%|██████▊   | 2029/3000 [05:53<02:47,  5.79it/s]
instructblip/pope/ricd/coco/adversarial/seed1:  68%|██████▊   | 2030/3000 [05:53<02:45,  5.85it/s]
instructblip/pope/ricd/coco/adversarial/seed1:  68%|██████▊   | 2031/3000 [05:53<02:46,  5.81it/s]
instructblip/pope/ricd/coco/adversarial/seed1:  68%|██████▊   | 2032/3000 [05:53<02:45,  5.85it/s]
instructblip/pope/ricd/coco/adversarial/seed1:  68%|██████▊   | 2033/3000 [05:53<02:45,  5.85it/s]
instructblip/pope/ricd/coco/adversarial/seed1:  68%|██████▊   | 2034/3000 [05:54<02:45,  5.85it/s]
instructblip/pope/ricd/coco/adversarial/seed1:  68%|██████▊   | 2035/3000 [05:54<02:46,  5.80it/s]
instructblip/pope/ricd/coco/adversarial/seed1:  68%|██████▊   | 2036/3000 [05:54<02:43,  5.88it/s]
instructblip/pope/ricd/coco/adversarial/seed1:  68%|██████▊   | 2037/3000 [05:54<02:43,  5.89it/s]
instructblip/pope/ricd/coco/adversarial/seed1:  68%|██████▊   | 2038/3000 [05:54<02:42,  5.93it/s]
instructblip/pope/ricd/coco/adversarial/seed1:  68%|██████▊   | 2039/3000 [05:54<02:42,  5.91it/s]
instructblip/pope/ricd/coco/adversarial/seed1:  68%|██████▊   | 2040/3000 [05:55<02:42,  5.92it/s]
instructblip/pope/ricd/coco/adversarial/seed1:  68%|██████▊   | 2041/3000 [05:55<02:41,  5.92it/s]
instructblip/pope/ricd/coco/adversarial/seed1:  68%|██████▊   | 2042/3000 [05:55<02:42,  5.90it/s]
instructblip/pope/ricd/coco/adversarial/seed1:  68%|██████▊   | 2043/3000 [05:55<02:40,  5.96it/s]
instructblip/pope/ricd/coco/adversarial/seed1:  68%|██████▊   | 2044/3000 [05:55<02:38,  6.01it/s]
instructblip/pope/ricd/coco/adversarial/seed1:  68%|██████▊   | 2045/3000 [05:55<02:38,  6.04it/s]
instructblip/pope/ricd/coco/adversarial/seed1:  68%|██████▊   | 2046/3000 [05:56<02:38,  6.02it/s]
instructblip/pope/ricd/coco/adversarial/seed1:  68%|██████▊   | 2047/3000 [05:56<02:40,  5.94it/s]
instructblip/pope/ricd/coco/adversarial/seed1:  68%|██████▊   | 2048/3000 [05:56<02:38,  5.99it/s]
instructblip/pope/ricd/coco/adversarial/seed1:  68%|██████▊   | 2049/3000 [05:56<02:37,  6.03it/s]
instructblip/pope/ricd/coco/adversarial/seed1:  68%|██████▊   | 2050/3000 [05:56<02:36,  6.06it/s]
instructblip/pope/ricd/coco/adversarial/seed1:  68%|██████▊   | 2051/3000 [05:56<02:39,  5.94it/s]
instructblip/pope/ricd/coco/adversarial/seed1:  68%|██████▊   | 2052/3000 [05:57<02:39,  5.96it/s]
instructblip/pope/ricd/coco/adversarial/seed1:  68%|██████▊   | 2053/3000 [05:57<02:39,  5.94it/s]
instructblip/pope/ricd/coco/adversarial/seed1:  68%|██████▊   | 2054/3000 [05:57<02:39,  5.92it/s]
instructblip/pope/ricd/coco/adversarial/seed1:  68%|██████▊   | 2055/3000 [05:57<02:39,  5.93it/s]
instructblip/pope/ricd/coco/adversarial/seed1:  69%|██████▊   | 2056/3000 [05:57<02:40,  5.89it/s]
instructblip/pope/ricd/coco/adversarial/seed1:  69%|██████▊   | 2057/3000 [05:57<02:41,  5.83it/s]
instructblip/pope/ricd/coco/adversarial/seed1:  69%|██████▊   | 2058/3000 [05:58<02:43,  5.78it/s]
instructblip/pope/ricd/coco/adversarial/seed1:  69%|██████▊   | 2059/3000 [05:58<02:42,  5.78it/s]
instructblip/pope/ricd/coco/adversarial/seed1:  69%|██████▊   | 2060/3000 [05:58<02:43,  5.75it/s]
instructblip/pope/ricd/coco/adversarial/seed1:  69%|██████▊   | 2061/3000 [05:58<02:42,  5.77it/s]
instructblip/pope/ricd/coco/adversarial/seed1:  69%|██████▊   | 2062/3000 [05:58<02:41,  5.81it/s]
instructblip/pope/ricd/coco/adversarial/seed1:  69%|██████▉   | 2063/3000 [05:58<02:51,  5.48it/s]
instructblip/pope/ricd/coco/adversarial/seed1:  69%|██████▉   | 2064/3000 [05:59<02:54,  5.36it/s]
instructblip/pope/ricd/coco/adversarial/seed1:  69%|██████▉   | 2065/3000 [05:59<02:49,  5.52it/s]
instructblip/pope/ricd/coco/adversarial/seed1:  69%|██████▉   | 2066/3000 [05:59<02:46,  5.60it/s]
instructblip/pope/ricd/coco/adversarial/seed1:  69%|██████▉   | 2067/3000 [05:59<02:46,  5.61it/s]
instructblip/pope/ricd/coco/adversarial/seed1:  69%|██████▉   | 2068/3000 [05:59<02:43,  5.71it/s]
instructblip/pope/ricd/coco/adversarial/seed1:  69%|██████▉   | 2069/3000 [06:00<02:41,  5.75it/s]
instructblip/pope/ricd/coco/adversarial/seed1:  69%|██████▉   | 2070/3000 [06:00<02:42,  5.71it/s]
instructblip/pope/ricd/coco/adversarial/seed1:  69%|██████▉   | 2071/3000 [06:00<02:44,  5.63it/s]
instructblip/pope/ricd/coco/adversarial/seed1:  69%|██████▉   | 2072/3000 [06:00<02:42,  5.71it/s]
instructblip/pope/ricd/coco/adversarial/seed1:  69%|██████▉   | 2073/3000 [06:00<02:40,  5.77it/s]
instructblip/pope/ricd/coco/adversarial/seed1:  69%|██████▉   | 2074/3000 [06:00<02:40,  5.76it/s]
instructblip/pope/ricd/coco/adversarial/seed1:  69%|██████▉   | 2075/3000 [06:01<02:42,  5.69it/s]
instructblip/pope/ricd/coco/adversarial/seed1:  69%|██████▉   | 2076/3000 [06:01<02:42,  5.68it/s]
instructblip/pope/ricd/coco/adversarial/seed1:  69%|██████▉   | 2077/3000 [06:01<02:40,  5.77it/s]
instructblip/pope/ricd/coco/adversarial/seed1:  69%|██████▉   | 2078/3000 [06:01<02:38,  5.83it/s]
instructblip/pope/ricd/coco/adversarial/seed1:  69%|██████▉   | 2079/3000 [06:01<02:36,  5.88it/s]
instructblip/pope/ricd/coco/adversarial/seed1:  69%|██████▉   | 2080/3000 [06:01<02:44,  5.59it/s]
instructblip/pope/ricd/coco/adversarial/seed1:  69%|██████▉   | 2081/3000 [06:02<02:41,  5.68it/s]
instructblip/pope/ricd/coco/adversarial/seed1:  69%|██████▉   | 2082/3000 [06:02<02:40,  5.74it/s]
instructblip/pope/ricd/coco/adversarial/seed1:  69%|██████▉   | 2083/3000 [06:02<02:42,  5.64it/s]
instructblip/pope/ricd/coco/adversarial/seed1:  69%|██████▉   | 2084/3000 [06:02<02:40,  5.71it/s]
instructblip/pope/ricd/coco/adversarial/seed1:  70%|██████▉   | 2085/3000 [06:02<02:41,  5.68it/s]
instructblip/pope/ricd/coco/adversarial/seed1:  70%|██████▉   | 2086/3000 [06:03<02:41,  5.67it/s]
instructblip/pope/ricd/coco/adversarial/seed1:  70%|██████▉   | 2087/3000 [06:03<02:41,  5.65it/s]
instructblip/pope/ricd/coco/adversarial/seed1:  70%|██████▉   | 2088/3000 [06:03<02:39,  5.73it/s]
instructblip/pope/ricd/coco/adversarial/seed1:  70%|██████▉   | 2089/3000 [06:03<02:37,  5.80it/s]
instructblip/pope/ricd/coco/adversarial/seed1:  70%|██████▉   | 2090/3000 [06:03<02:36,  5.82it/s]
instructblip/pope/ricd/coco/adversarial/seed1:  70%|██████▉   | 2091/3000 [06:03<02:35,  5.85it/s]
instructblip/pope/ricd/coco/adversarial/seed1:  70%|██████▉   | 2092/3000 [06:04<02:34,  5.89it/s]
instructblip/pope/ricd/coco/adversarial/seed1:  70%|██████▉   | 2093/3000 [06:04<02:33,  5.90it/s]
instructblip/pope/ricd/coco/adversarial/seed1:  70%|██████▉   | 2094/3000 [06:04<02:33,  5.90it/s]
instructblip/pope/ricd/coco/adversarial/seed1:  70%|██████▉   | 2095/3000 [06:04<02:34,  5.84it/s]
instructblip/pope/ricd/coco/adversarial/seed1:  70%|██████▉   | 2096/3000 [06:04<02:37,  5.76it/s]
instructblip/pope/ricd/coco/adversarial/seed1:  70%|██████▉   | 2097/3000 [06:04<02:48,  5.35it/s]
instructblip/pope/ricd/coco/adversarial/seed1:  70%|██████▉   | 2098/3000 [06:05<02:43,  5.52it/s]
instructblip/pope/ricd/coco/adversarial/seed1:  70%|██████▉   | 2099/3000 [06:05<02:40,  5.61it/s]
instructblip/pope/ricd/coco/adversarial/seed1:  70%|███████   | 2100/3000 [06:05<02:39,  5.64it/s]
instructblip/pope/ricd/coco/adversarial/seed1:  70%|███████   | 2101/3000 [06:05<02:36,  5.74it/s]
instructblip/pope/ricd/coco/adversarial/seed1:  70%|███████   | 2102/3000 [06:05<02:34,  5.80it/s]
instructblip/pope/ricd/coco/adversarial/seed1:  70%|███████   | 2103/3000 [06:05<02:34,  5.80it/s]
instructblip/pope/ricd/coco/adversarial/seed1:  70%|███████   | 2104/3000 [06:06<02:33,  5.83it/s]
instructblip/pope/ricd/coco/adversarial/seed1:  70%|███████   | 2105/3000 [06:06<02:32,  5.85it/s]
instructblip/pope/ricd/coco/adversarial/seed1:  70%|███████   | 2106/3000 [06:06<02:34,  5.79it/s]
instructblip/pope/ricd/coco/adversarial/seed1:  70%|███████   | 2107/3000 [06:06<02:35,  5.75it/s]
instructblip/pope/ricd/coco/adversarial/seed1:  70%|███████   | 2108/3000 [06:06<02:35,  5.75it/s]
instructblip/pope/ricd/coco/adversarial/seed1:  70%|███████   | 2109/3000 [06:07<02:34,  5.77it/s]
instructblip/pope/ricd/coco/adversarial/seed1:  70%|███████   | 2110/3000 [06:07<02:34,  5.78it/s]
instructblip/pope/ricd/coco/adversarial/seed1:  70%|███████   | 2111/3000 [06:07<02:32,  5.83it/s]
instructblip/pope/ricd/coco/adversarial/seed1:  70%|███████   | 2112/3000 [06:07<02:31,  5.86it/s]
instructblip/pope/ricd/coco/adversarial/seed1:  70%|███████   | 2113/3000 [06:07<02:34,  5.76it/s]
instructblip/pope/ricd/coco/adversarial/seed1:  70%|███████   | 2114/3000 [06:07<02:32,  5.80it/s]
instructblip/pope/ricd/coco/adversarial/seed1:  70%|███████   | 2115/3000 [06:08<02:31,  5.85it/s]
instructblip/pope/ricd/coco/adversarial/seed1:  71%|███████   | 2116/3000 [06:08<02:34,  5.71it/s]
instructblip/pope/ricd/coco/adversarial/seed1:  71%|███████   | 2117/3000 [06:08<02:35,  5.67it/s]
instructblip/pope/ricd/coco/adversarial/seed1:  71%|███████   | 2118/3000 [06:08<02:34,  5.70it/s]
instructblip/pope/ricd/coco/adversarial/seed1:  71%|███████   | 2119/3000 [06:08<02:32,  5.77it/s]
instructblip/pope/ricd/coco/adversarial/seed1:  71%|███████   | 2120/3000 [06:08<02:31,  5.81it/s]
instructblip/pope/ricd/coco/adversarial/seed1:  71%|███████   | 2121/3000 [06:09<02:32,  5.77it/s]
instructblip/pope/ricd/coco/adversarial/seed1:  71%|███████   | 2122/3000 [06:09<02:30,  5.83it/s]
instructblip/pope/ricd/coco/adversarial/seed1:  71%|███████   | 2123/3000 [06:09<02:28,  5.91it/s]
instructblip/pope/ricd/coco/adversarial/seed1:  71%|███████   | 2124/3000 [06:09<02:29,  5.88it/s]
instructblip/pope/ricd/coco/adversarial/seed1:  71%|███████   | 2125/3000 [06:09<02:27,  5.94it/s]
instructblip/pope/ricd/coco/adversarial/seed1:  71%|███████   | 2126/3000 [06:09<02:26,  5.98it/s]
instructblip/pope/ricd/coco/adversarial/seed1:  71%|███████   | 2127/3000 [06:10<02:25,  5.99it/s]
instructblip/pope/ricd/coco/adversarial/seed1:  71%|███████   | 2128/3000 [06:10<02:26,  5.94it/s]
instructblip/pope/ricd/coco/adversarial/seed1:  71%|███████   | 2129/3000 [06:10<02:29,  5.84it/s]
instructblip/pope/ricd/coco/adversarial/seed1:  71%|███████   | 2130/3000 [06:10<02:30,  5.77it/s]
instructblip/pope/ricd/coco/adversarial/seed1:  71%|███████   | 2131/3000 [06:10<02:29,  5.81it/s]
instructblip/pope/ricd/coco/adversarial/seed1:  71%|███████   | 2132/3000 [06:10<02:29,  5.81it/s]
instructblip/pope/ricd/coco/adversarial/seed1:  71%|███████   | 2133/3000 [06:11<02:29,  5.81it/s]
instructblip/pope/ricd/coco/adversarial/seed1:  71%|███████   | 2134/3000 [06:11<02:28,  5.82it/s]
instructblip/pope/ricd/coco/adversarial/seed1:  71%|███████   | 2135/3000 [06:11<02:28,  5.81it/s]
instructblip/pope/ricd/coco/adversarial/seed1:  71%|███████   | 2136/3000 [06:11<02:30,  5.76it/s]
instructblip/pope/ricd/coco/adversarial/seed1:  71%|███████   | 2137/3000 [06:11<02:28,  5.80it/s]
instructblip/pope/ricd/coco/adversarial/seed1:  71%|███████▏  | 2138/3000 [06:12<02:29,  5.76it/s]
instructblip/pope/ricd/coco/adversarial/seed1:  71%|███████▏  | 2139/3000 [06:12<02:29,  5.78it/s]
instructblip/pope/ricd/coco/adversarial/seed1:  71%|███████▏  | 2140/3000 [06:12<02:27,  5.82it/s]
instructblip/pope/ricd/coco/adversarial/seed1:  71%|███████▏  | 2141/3000 [06:12<02:27,  5.83it/s]
instructblip/pope/ricd/coco/adversarial/seed1:  71%|███████▏  | 2142/3000 [06:12<02:27,  5.82it/s]
instructblip/pope/ricd/coco/adversarial/seed1:  71%|███████▏  | 2143/3000 [06:12<02:26,  5.84it/s]
instructblip/pope/ricd/coco/adversarial/seed1:  71%|███████▏  | 2144/3000 [06:13<02:28,  5.76it/s]
instructblip/pope/ricd/coco/adversarial/seed1:  72%|███████▏  | 2145/3000 [06:13<02:27,  5.79it/s]
instructblip/pope/ricd/coco/adversarial/seed1:  72%|███████▏  | 2146/3000 [06:13<02:26,  5.81it/s]
instructblip/pope/ricd/coco/adversarial/seed1:  72%|███████▏  | 2147/3000 [06:13<02:27,  5.78it/s]
instructblip/pope/ricd/coco/adversarial/seed1:  72%|███████▏  | 2148/3000 [06:13<02:28,  5.75it/s]
instructblip/pope/ricd/coco/adversarial/seed1:  72%|███████▏  | 2149/3000 [06:13<02:29,  5.69it/s]
instructblip/pope/ricd/coco/adversarial/seed1:  72%|███████▏  | 2150/3000 [06:14<02:30,  5.65it/s]
instructblip/pope/ricd/coco/adversarial/seed1:  72%|███████▏  | 2151/3000 [06:14<02:31,  5.61it/s]
instructblip/pope/ricd/coco/adversarial/seed1:  72%|███████▏  | 2152/3000 [06:14<02:33,  5.52it/s]
instructblip/pope/ricd/coco/adversarial/seed1:  72%|███████▏  | 2153/3000 [06:14<02:33,  5.53it/s]
instructblip/pope/ricd/coco/adversarial/seed1:  72%|███████▏  | 2154/3000 [06:14<02:32,  5.56it/s]
instructblip/pope/ricd/coco/adversarial/seed1:  72%|███████▏  | 2155/3000 [06:14<02:32,  5.53it/s]
instructblip/pope/ricd/coco/adversarial/seed1:  72%|███████▏  | 2156/3000 [06:15<02:32,  5.54it/s]
instructblip/pope/ricd/coco/adversarial/seed1:  72%|███████▏  | 2157/3000 [06:15<02:34,  5.45it/s]
instructblip/pope/ricd/coco/adversarial/seed1:  72%|███████▏  | 2158/3000 [06:15<02:32,  5.53it/s]
instructblip/pope/ricd/coco/adversarial/seed1:  72%|███████▏  | 2159/3000 [06:15<02:29,  5.61it/s]
instructblip/pope/ricd/coco/adversarial/seed1:  72%|███████▏  | 2160/3000 [06:15<02:28,  5.67it/s]
instructblip/pope/ricd/coco/adversarial/seed1:  72%|███████▏  | 2161/3000 [06:16<02:25,  5.75it/s]
instructblip/pope/ricd/coco/adversarial/seed1:  72%|███████▏  | 2162/3000 [06:16<02:28,  5.63it/s]
instructblip/pope/ricd/coco/adversarial/seed1:  72%|███████▏  | 2163/3000 [06:16<02:26,  5.71it/s]
instructblip/pope/ricd/coco/adversarial/seed1:  72%|███████▏  | 2164/3000 [06:16<02:27,  5.68it/s]
instructblip/pope/ricd/coco/adversarial/seed1:  72%|███████▏  | 2165/3000 [06:16<02:27,  5.68it/s]
instructblip/pope/ricd/coco/adversarial/seed1:  72%|███████▏  | 2166/3000 [06:16<02:25,  5.72it/s]
instructblip/pope/ricd/coco/adversarial/seed1:  72%|███████▏  | 2167/3000 [06:17<02:29,  5.55it/s]
instructblip/pope/ricd/coco/adversarial/seed1:  72%|███████▏  | 2168/3000 [06:17<02:27,  5.66it/s]
instructblip/pope/ricd/coco/adversarial/seed1:  72%|███████▏  | 2169/3000 [06:17<02:26,  5.68it/s]
instructblip/pope/ricd/coco/adversarial/seed1:  72%|███████▏  | 2170/3000 [06:17<02:26,  5.68it/s]
instructblip/pope/ricd/coco/adversarial/seed1:  72%|███████▏  | 2171/3000 [06:17<02:25,  5.70it/s]
instructblip/pope/ricd/coco/adversarial/seed1:  72%|███████▏  | 2172/3000 [06:18<02:28,  5.58it/s]
instructblip/pope/ricd/coco/adversarial/seed1:  72%|███████▏  | 2173/3000 [06:18<02:26,  5.63it/s]
instructblip/pope/ricd/coco/adversarial/seed1:  72%|███████▏  | 2174/3000 [06:18<02:34,  5.35it/s]
instructblip/pope/ricd/coco/adversarial/seed1:  72%|███████▎  | 2175/3000 [06:18<02:33,  5.38it/s]
instructblip/pope/ricd/coco/adversarial/seed1:  73%|███████▎  | 2176/3000 [06:18<02:29,  5.50it/s]
instructblip/pope/ricd/coco/adversarial/seed1:  73%|███████▎  | 2177/3000 [06:18<02:26,  5.60it/s]
instructblip/pope/ricd/coco/adversarial/seed1:  73%|███████▎  | 2178/3000 [06:19<02:26,  5.61it/s]
instructblip/pope/ricd/coco/adversarial/seed1:  73%|███████▎  | 2179/3000 [06:19<02:25,  5.63it/s]
instructblip/pope/ricd/coco/adversarial/seed1:  73%|███████▎  | 2180/3000 [06:19<02:28,  5.53it/s]
instructblip/pope/ricd/coco/adversarial/seed1:  73%|███████▎  | 2181/3000 [06:19<02:27,  5.56it/s]
instructblip/pope/ricd/coco/adversarial/seed1:  73%|███████▎  | 2182/3000 [06:19<02:25,  5.61it/s]
instructblip/pope/ricd/coco/adversarial/seed1:  73%|███████▎  | 2183/3000 [06:19<02:24,  5.64it/s]
instructblip/pope/ricd/coco/adversarial/seed1:  73%|███████▎  | 2184/3000 [06:20<02:23,  5.70it/s]
instructblip/pope/ricd/coco/adversarial/seed1:  73%|███████▎  | 2185/3000 [06:20<02:24,  5.65it/s]
instructblip/pope/ricd/coco/adversarial/seed1:  73%|███████▎  | 2186/3000 [06:20<02:23,  5.66it/s]
instructblip/pope/ricd/coco/adversarial/seed1:  73%|███████▎  | 2187/3000 [06:20<02:27,  5.49it/s]
instructblip/pope/ricd/coco/adversarial/seed1:  73%|███████▎  | 2188/3000 [06:20<02:30,  5.39it/s]
instructblip/pope/ricd/coco/adversarial/seed1:  73%|███████▎  | 2189/3000 [06:21<02:33,  5.29it/s]
instructblip/pope/ricd/coco/adversarial/seed1:  73%|███████▎  | 2190/3000 [06:21<02:31,  5.34it/s]
instructblip/pope/ricd/coco/adversarial/seed1:  73%|███████▎  | 2191/3000 [06:21<02:26,  5.51it/s]
instructblip/pope/ricd/coco/adversarial/seed1:  73%|███████▎  | 2192/3000 [06:21<02:23,  5.63it/s]
instructblip/pope/ricd/coco/adversarial/seed1:  73%|███████▎  | 2193/3000 [06:21<02:22,  5.67it/s]
instructblip/pope/ricd/coco/adversarial/seed1:  73%|███████▎  | 2194/3000 [06:21<02:21,  5.69it/s]
instructblip/pope/ricd/coco/adversarial/seed1:  73%|███████▎  | 2195/3000 [06:22<02:24,  5.55it/s]
instructblip/pope/ricd/coco/adversarial/seed1:  73%|███████▎  | 2196/3000 [06:22<02:26,  5.50it/s]
instructblip/pope/ricd/coco/adversarial/seed1:  73%|███████▎  | 2197/3000 [06:22<02:23,  5.61it/s]
instructblip/pope/ricd/coco/adversarial/seed1:  73%|███████▎  | 2198/3000 [06:22<02:20,  5.72it/s]
instructblip/pope/ricd/coco/adversarial/seed1:  73%|███████▎  | 2199/3000 [06:22<02:22,  5.61it/s]
instructblip/pope/ricd/coco/adversarial/seed1:  73%|███████▎  | 2200/3000 [06:23<02:21,  5.67it/s]
instructblip/pope/ricd/coco/adversarial/seed1:  73%|███████▎  | 2201/3000 [06:23<02:22,  5.59it/s]
instructblip/pope/ricd/coco/adversarial/seed1:  73%|███████▎  | 2202/3000 [06:23<02:23,  5.58it/s]
instructblip/pope/ricd/coco/adversarial/seed1:  73%|███████▎  | 2203/3000 [06:23<02:19,  5.72it/s]
instructblip/pope/ricd/coco/adversarial/seed1:  73%|███████▎  | 2204/3000 [06:23<02:18,  5.75it/s]
instructblip/pope/ricd/coco/adversarial/seed1:  74%|███████▎  | 2205/3000 [06:23<02:16,  5.83it/s]
instructblip/pope/ricd/coco/adversarial/seed1:  74%|███████▎  | 2206/3000 [06:24<02:14,  5.89it/s]
instructblip/pope/ricd/coco/adversarial/seed1:  74%|███████▎  | 2207/3000 [06:24<02:15,  5.84it/s]
instructblip/pope/ricd/coco/adversarial/seed1:  74%|███████▎  | 2208/3000 [06:24<02:14,  5.87it/s]
instructblip/pope/ricd/coco/adversarial/seed1:  74%|███████▎  | 2209/3000 [06:24<02:14,  5.86it/s]
instructblip/pope/ricd/coco/adversarial/seed1:  74%|███████▎  | 2210/3000 [06:24<02:14,  5.87it/s]
instructblip/pope/ricd/coco/adversarial/seed1:  74%|███████▎  | 2211/3000 [06:24<02:14,  5.86it/s]
instructblip/pope/ricd/coco/adversarial/seed1:  74%|███████▎  | 2212/3000 [06:25<02:15,  5.81it/s]
instructblip/pope/ricd/coco/adversarial/seed1:  74%|███████▍  | 2213/3000 [06:25<02:15,  5.80it/s]
instructblip/pope/ricd/coco/adversarial/seed1:  74%|███████▍  | 2214/3000 [06:25<02:16,  5.75it/s]
instructblip/pope/ricd/coco/adversarial/seed1:  74%|███████▍  | 2215/3000 [06:25<02:17,  5.69it/s]
instructblip/pope/ricd/coco/adversarial/seed1:  74%|███████▍  | 2216/3000 [06:25<02:19,  5.61it/s]
instructblip/pope/ricd/coco/adversarial/seed1:  74%|███████▍  | 2217/3000 [06:26<02:23,  5.47it/s]
instructblip/pope/ricd/coco/adversarial/seed1:  74%|███████▍  | 2218/3000 [06:26<02:21,  5.53it/s]
instructblip/pope/ricd/coco/adversarial/seed1:  74%|███████▍  | 2219/3000 [06:26<02:22,  5.48it/s]
instructblip/pope/ricd/coco/adversarial/seed1:  74%|███████▍  | 2220/3000 [06:26<02:20,  5.55it/s]
instructblip/pope/ricd/coco/adversarial/seed1:  74%|███████▍  | 2221/3000 [06:26<02:19,  5.59it/s]
instructblip/pope/ricd/coco/adversarial/seed1:  74%|███████▍  | 2222/3000 [06:26<02:20,  5.53it/s]
instructblip/pope/ricd/coco/adversarial/seed1:  74%|███████▍  | 2223/3000 [06:27<02:23,  5.42it/s]
instructblip/pope/ricd/coco/adversarial/seed1:  74%|███████▍  | 2224/3000 [06:27<02:21,  5.48it/s]
instructblip/pope/ricd/coco/adversarial/seed1:  74%|███████▍  | 2225/3000 [06:27<02:18,  5.59it/s]
instructblip/pope/ricd/coco/adversarial/seed1:  74%|███████▍  | 2226/3000 [06:27<02:20,  5.51it/s]
instructblip/pope/ricd/coco/adversarial/seed1:  74%|███████▍  | 2227/3000 [06:27<02:20,  5.49it/s]
instructblip/pope/ricd/coco/adversarial/seed1:  74%|███████▍  | 2228/3000 [06:28<02:23,  5.38it/s]
instructblip/pope/ricd/coco/adversarial/seed1:  74%|███████▍  | 2229/3000 [06:28<02:26,  5.26it/s]
instructblip/pope/ricd/coco/adversarial/seed1:  74%|███████▍  | 2230/3000 [06:28<02:24,  5.31it/s]
instructblip/pope/ricd/coco/adversarial/seed1:  74%|███████▍  | 2231/3000 [06:28<02:21,  5.44it/s]
instructblip/pope/ricd/coco/adversarial/seed1:  74%|███████▍  | 2232/3000 [06:28<02:23,  5.36it/s]
instructblip/pope/ricd/coco/adversarial/seed1:  74%|███████▍  | 2233/3000 [06:28<02:18,  5.54it/s]
instructblip/pope/ricd/coco/adversarial/seed1:  74%|███████▍  | 2234/3000 [06:29<02:15,  5.65it/s]
instructblip/pope/ricd/coco/adversarial/seed1:  74%|███████▍  | 2235/3000 [06:29<02:13,  5.72it/s]
instructblip/pope/ricd/coco/adversarial/seed1:  75%|███████▍  | 2236/3000 [06:29<02:13,  5.74it/s]
instructblip/pope/ricd/coco/adversarial/seed1:  75%|███████▍  | 2237/3000 [06:29<02:13,  5.72it/s]
instructblip/pope/ricd/coco/adversarial/seed1:  75%|███████▍  | 2238/3000 [06:29<02:15,  5.61it/s]
instructblip/pope/ricd/coco/adversarial/seed1:  75%|███████▍  | 2239/3000 [06:29<02:14,  5.67it/s]
instructblip/pope/ricd/coco/adversarial/seed1:  75%|███████▍  | 2240/3000 [06:30<02:15,  5.62it/s]
instructblip/pope/ricd/coco/adversarial/seed1:  75%|███████▍  | 2241/3000 [06:30<02:14,  5.62it/s]
instructblip/pope/ricd/coco/adversarial/seed1:  75%|███████▍  | 2242/3000 [06:30<02:13,  5.69it/s]
instructblip/pope/ricd/coco/adversarial/seed1:  75%|███████▍  | 2243/3000 [06:30<02:12,  5.72it/s]
instructblip/pope/ricd/coco/adversarial/seed1:  75%|███████▍  | 2244/3000 [06:30<02:11,  5.74it/s]
instructblip/pope/ricd/coco/adversarial/seed1:  75%|███████▍  | 2245/3000 [06:31<02:11,  5.73it/s]
instructblip/pope/ricd/coco/adversarial/seed1:  75%|███████▍  | 2246/3000 [06:31<02:12,  5.70it/s]
instructblip/pope/ricd/coco/adversarial/seed1:  75%|███████▍  | 2247/3000 [06:31<02:11,  5.72it/s]
instructblip/pope/ricd/coco/adversarial/seed1:  75%|███████▍  | 2248/3000 [06:31<02:12,  5.67it/s]
instructblip/pope/ricd/coco/adversarial/seed1:  75%|███████▍  | 2249/3000 [06:31<02:15,  5.55it/s]
instructblip/pope/ricd/coco/adversarial/seed1:  75%|███████▌  | 2250/3000 [06:31<02:12,  5.66it/s]
instructblip/pope/ricd/coco/adversarial/seed1:  75%|███████▌  | 2251/3000 [06:32<02:17,  5.44it/s]
instructblip/pope/ricd/coco/adversarial/seed1:  75%|███████▌  | 2252/3000 [06:32<02:15,  5.53it/s]
instructblip/pope/ricd/coco/adversarial/seed1:  75%|███████▌  | 2253/3000 [06:32<02:13,  5.60it/s]
instructblip/pope/ricd/coco/adversarial/seed1:  75%|███████▌  | 2254/3000 [06:32<02:12,  5.62it/s]
instructblip/pope/ricd/coco/adversarial/seed1:  75%|███████▌  | 2255/3000 [06:32<02:24,  5.17it/s]
instructblip/pope/ricd/coco/adversarial/seed1:  75%|███████▌  | 2256/3000 [06:33<02:20,  5.31it/s]
instructblip/pope/ricd/coco/adversarial/seed1:  75%|███████▌  | 2257/3000 [06:33<02:17,  5.41it/s]
instructblip/pope/ricd/coco/adversarial/seed1:  75%|███████▌  | 2258/3000 [06:33<02:15,  5.46it/s]
instructblip/pope/ricd/coco/adversarial/seed1:  75%|███████▌  | 2259/3000 [06:33<02:12,  5.60it/s]
instructblip/pope/ricd/coco/adversarial/seed1:  75%|███████▌  | 2260/3000 [06:33<02:13,  5.53it/s]
instructblip/pope/ricd/coco/adversarial/seed1:  75%|███████▌  | 2261/3000 [06:33<02:14,  5.48it/s]
instructblip/pope/ricd/coco/adversarial/seed1:  75%|███████▌  | 2262/3000 [06:34<02:14,  5.48it/s]
instructblip/pope/ricd/coco/adversarial/seed1:  75%|███████▌  | 2263/3000 [06:34<02:16,  5.39it/s]
instructblip/pope/ricd/coco/adversarial/seed1:  75%|███████▌  | 2264/3000 [06:34<02:17,  5.33it/s]
instructblip/pope/ricd/coco/adversarial/seed1:  76%|███████▌  | 2265/3000 [06:34<02:14,  5.48it/s]
instructblip/pope/ricd/coco/adversarial/seed1:  76%|███████▌  | 2266/3000 [06:34<02:11,  5.57it/s]
instructblip/pope/ricd/coco/adversarial/seed1:  76%|███████▌  | 2267/3000 [06:35<02:09,  5.64it/s]
instructblip/pope/ricd/coco/adversarial/seed1:  76%|███████▌  | 2268/3000 [06:35<02:08,  5.72it/s]
instructblip/pope/ricd/coco/adversarial/seed1:  76%|███████▌  | 2269/3000 [06:35<02:17,  5.33it/s]
instructblip/pope/ricd/coco/adversarial/seed1:  76%|███████▌  | 2270/3000 [06:35<02:12,  5.53it/s]
instructblip/pope/ricd/coco/adversarial/seed1:  76%|███████▌  | 2271/3000 [06:35<02:08,  5.67it/s]
instructblip/pope/ricd/coco/adversarial/seed1:  76%|███████▌  | 2272/3000 [06:35<02:06,  5.77it/s]
instructblip/pope/ricd/coco/adversarial/seed1:  76%|███████▌  | 2273/3000 [06:36<02:05,  5.80it/s]
instructblip/pope/ricd/coco/adversarial/seed1:  76%|███████▌  | 2274/3000 [06:36<02:05,  5.79it/s]
instructblip/pope/ricd/coco/adversarial/seed1:  76%|███████▌  | 2275/3000 [06:36<02:04,  5.84it/s]
instructblip/pope/ricd/coco/adversarial/seed1:  76%|███████▌  | 2276/3000 [06:36<02:02,  5.89it/s]
instructblip/pope/ricd/coco/adversarial/seed1:  76%|███████▌  | 2277/3000 [06:36<02:02,  5.90it/s]
instructblip/pope/ricd/coco/adversarial/seed1:  76%|███████▌  | 2278/3000 [06:36<02:03,  5.87it/s]
instructblip/pope/ricd/coco/adversarial/seed1:  76%|███████▌  | 2279/3000 [06:37<02:05,  5.76it/s]
instructblip/pope/ricd/coco/adversarial/seed1:  76%|███████▌  | 2280/3000 [06:37<02:06,  5.71it/s]
instructblip/pope/ricd/coco/adversarial/seed1:  76%|███████▌  | 2281/3000 [06:37<02:04,  5.78it/s]
instructblip/pope/ricd/coco/adversarial/seed1:  76%|███████▌  | 2282/3000 [06:37<02:05,  5.73it/s]
instructblip/pope/ricd/coco/adversarial/seed1:  76%|███████▌  | 2283/3000 [06:37<02:07,  5.64it/s]
instructblip/pope/ricd/coco/adversarial/seed1:  76%|███████▌  | 2284/3000 [06:38<02:08,  5.58it/s]
instructblip/pope/ricd/coco/adversarial/seed1:  76%|███████▌  | 2285/3000 [06:38<02:07,  5.60it/s]
instructblip/pope/ricd/coco/adversarial/seed1:  76%|███████▌  | 2286/3000 [06:38<02:06,  5.64it/s]
instructblip/pope/ricd/coco/adversarial/seed1:  76%|███████▌  | 2287/3000 [06:38<02:08,  5.56it/s]
instructblip/pope/ricd/coco/adversarial/seed1:  76%|███████▋  | 2288/3000 [06:38<02:06,  5.62it/s]
instructblip/pope/ricd/coco/adversarial/seed1:  76%|███████▋  | 2289/3000 [06:38<02:06,  5.62it/s]
instructblip/pope/ricd/coco/adversarial/seed1:  76%|███████▋  | 2290/3000 [06:39<02:03,  5.74it/s]
instructblip/pope/ricd/coco/adversarial/seed1:  76%|███████▋  | 2291/3000 [06:39<02:05,  5.67it/s]
instructblip/pope/ricd/coco/adversarial/seed1:  76%|███████▋  | 2292/3000 [06:39<02:06,  5.58it/s]
instructblip/pope/ricd/coco/adversarial/seed1:  76%|███████▋  | 2293/3000 [06:39<02:05,  5.63it/s]
instructblip/pope/ricd/coco/adversarial/seed1:  76%|███████▋  | 2294/3000 [06:39<02:03,  5.71it/s]
instructblip/pope/ricd/coco/adversarial/seed1:  76%|███████▋  | 2295/3000 [06:39<02:02,  5.76it/s]
instructblip/pope/ricd/coco/adversarial/seed1:  77%|███████▋  | 2296/3000 [06:40<02:02,  5.76it/s]
instructblip/pope/ricd/coco/adversarial/seed1:  77%|███████▋  | 2297/3000 [06:40<02:02,  5.76it/s]
instructblip/pope/ricd/coco/adversarial/seed1:  77%|███████▋  | 2298/3000 [06:40<02:02,  5.71it/s]
instructblip/pope/ricd/coco/adversarial/seed1:  77%|███████▋  | 2299/3000 [06:40<02:02,  5.70it/s]
instructblip/pope/ricd/coco/adversarial/seed1:  77%|███████▋  | 2300/3000 [06:40<02:04,  5.60it/s]
instructblip/pope/ricd/coco/adversarial/seed1:  77%|███████▋  | 2301/3000 [06:41<02:07,  5.50it/s]
instructblip/pope/ricd/coco/adversarial/seed1:  77%|███████▋  | 2302/3000 [06:41<02:07,  5.47it/s]
instructblip/pope/ricd/coco/adversarial/seed1:  77%|███████▋  | 2303/3000 [06:41<02:05,  5.54it/s]
instructblip/pope/ricd/coco/adversarial/seed1:  77%|███████▋  | 2304/3000 [06:41<02:07,  5.46it/s]
instructblip/pope/ricd/coco/adversarial/seed1:  77%|███████▋  | 2305/3000 [06:41<02:05,  5.55it/s]
instructblip/pope/ricd/coco/adversarial/seed1:  77%|███████▋  | 2306/3000 [06:41<02:05,  5.52it/s]
instructblip/pope/ricd/coco/adversarial/seed1:  77%|███████▋  | 2307/3000 [06:42<02:06,  5.47it/s]
instructblip/pope/ricd/coco/adversarial/seed1:  77%|███████▋  | 2308/3000 [06:42<02:05,  5.52it/s]
instructblip/pope/ricd/coco/adversarial/seed1:  77%|███████▋  | 2309/3000 [06:42<02:02,  5.63it/s]
instructblip/pope/ricd/coco/adversarial/seed1:  77%|███████▋  | 2310/3000 [06:42<02:01,  5.69it/s]
instructblip/pope/ricd/coco/adversarial/seed1:  77%|███████▋  | 2311/3000 [06:42<02:01,  5.66it/s]
instructblip/pope/ricd/coco/adversarial/seed1:  77%|███████▋  | 2312/3000 [06:42<02:01,  5.65it/s]
instructblip/pope/ricd/coco/adversarial/seed1:  77%|███████▋  | 2313/3000 [06:43<02:01,  5.67it/s]
instructblip/pope/ricd/coco/adversarial/seed1:  77%|███████▋  | 2314/3000 [06:43<02:00,  5.68it/s]
instructblip/pope/ricd/coco/adversarial/seed1:  77%|███████▋  | 2315/3000 [06:43<02:00,  5.68it/s]
instructblip/pope/ricd/coco/adversarial/seed1:  77%|███████▋  | 2316/3000 [06:43<01:59,  5.70it/s]
instructblip/pope/ricd/coco/adversarial/seed1:  77%|███████▋  | 2317/3000 [06:43<02:00,  5.67it/s]
instructblip/pope/ricd/coco/adversarial/seed1:  77%|███████▋  | 2318/3000 [06:44<02:03,  5.53it/s]
instructblip/pope/ricd/coco/adversarial/seed1:  77%|███████▋  | 2319/3000 [06:44<02:02,  5.56it/s]
instructblip/pope/ricd/coco/adversarial/seed1:  77%|███████▋  | 2320/3000 [06:44<02:00,  5.64it/s]
instructblip/pope/ricd/coco/adversarial/seed1:  77%|███████▋  | 2321/3000 [06:44<01:59,  5.66it/s]
instructblip/pope/ricd/coco/adversarial/seed1:  77%|███████▋  | 2322/3000 [06:44<01:59,  5.69it/s]
instructblip/pope/ricd/coco/adversarial/seed1:  77%|███████▋  | 2323/3000 [06:44<01:59,  5.65it/s]
instructblip/pope/ricd/coco/adversarial/seed1:  77%|███████▋  | 2324/3000 [06:45<01:58,  5.71it/s]
instructblip/pope/ricd/coco/adversarial/seed1:  78%|███████▊  | 2325/3000 [06:45<01:57,  5.74it/s]
instructblip/pope/ricd/coco/adversarial/seed1:  78%|███████▊  | 2326/3000 [06:45<01:58,  5.68it/s]
instructblip/pope/ricd/coco/adversarial/seed1:  78%|███████▊  | 2327/3000 [06:45<01:57,  5.70it/s]
instructblip/pope/ricd/coco/adversarial/seed1:  78%|███████▊  | 2328/3000 [06:45<01:58,  5.68it/s]
instructblip/pope/ricd/coco/adversarial/seed1:  78%|███████▊  | 2329/3000 [06:45<01:58,  5.67it/s]
instructblip/pope/ricd/coco/adversarial/seed1:  78%|███████▊  | 2330/3000 [06:46<01:59,  5.62it/s]
instructblip/pope/ricd/coco/adversarial/seed1:  78%|███████▊  | 2331/3000 [06:46<01:57,  5.69it/s]
instructblip/pope/ricd/coco/adversarial/seed1:  78%|███████▊  | 2332/3000 [06:46<02:00,  5.55it/s]
instructblip/pope/ricd/coco/adversarial/seed1:  78%|███████▊  | 2333/3000 [06:46<02:02,  5.46it/s]
instructblip/pope/ricd/coco/adversarial/seed1:  78%|███████▊  | 2334/3000 [06:46<01:59,  5.60it/s]
instructblip/pope/ricd/coco/adversarial/seed1:  78%|███████▊  | 2335/3000 [06:47<01:58,  5.61it/s]
instructblip/pope/ricd/coco/adversarial/seed1:  78%|███████▊  | 2336/3000 [06:47<01:56,  5.70it/s]
instructblip/pope/ricd/coco/adversarial/seed1:  78%|███████▊  | 2337/3000 [06:47<01:55,  5.75it/s]
instructblip/pope/ricd/coco/adversarial/seed1:  78%|███████▊  | 2338/3000 [06:47<01:54,  5.77it/s]
instructblip/pope/ricd/coco/adversarial/seed1:  78%|███████▊  | 2339/3000 [06:47<01:56,  5.67it/s]
instructblip/pope/ricd/coco/adversarial/seed1:  78%|███████▊  | 2340/3000 [06:47<01:55,  5.71it/s]
instructblip/pope/ricd/coco/adversarial/seed1:  78%|███████▊  | 2341/3000 [06:48<01:54,  5.76it/s]
instructblip/pope/ricd/coco/adversarial/seed1:  78%|███████▊  | 2342/3000 [06:48<01:53,  5.80it/s]
instructblip/pope/ricd/coco/adversarial/seed1:  78%|███████▊  | 2343/3000 [06:48<01:52,  5.84it/s]
instructblip/pope/ricd/coco/adversarial/seed1:  78%|███████▊  | 2344/3000 [06:48<01:53,  5.77it/s]
instructblip/pope/ricd/coco/adversarial/seed1:  78%|███████▊  | 2345/3000 [06:48<01:52,  5.85it/s]
instructblip/pope/ricd/coco/adversarial/seed1:  78%|███████▊  | 2346/3000 [06:48<01:51,  5.86it/s]
instructblip/pope/ricd/coco/adversarial/seed1:  78%|███████▊  | 2347/3000 [06:49<01:54,  5.70it/s]
instructblip/pope/ricd/coco/adversarial/seed1:  78%|███████▊  | 2348/3000 [06:49<01:59,  5.46it/s]
instructblip/pope/ricd/coco/adversarial/seed1:  78%|███████▊  | 2349/3000 [06:49<01:59,  5.47it/s]
instructblip/pope/ricd/coco/adversarial/seed1:  78%|███████▊  | 2350/3000 [06:49<01:59,  5.44it/s]
instructblip/pope/ricd/coco/adversarial/seed1:  78%|███████▊  | 2351/3000 [06:49<01:58,  5.49it/s]
instructblip/pope/ricd/coco/adversarial/seed1:  78%|███████▊  | 2352/3000 [06:50<01:57,  5.52it/s]
instructblip/pope/ricd/coco/adversarial/seed1:  78%|███████▊  | 2353/3000 [06:50<01:55,  5.59it/s]
instructblip/pope/ricd/coco/adversarial/seed1:  78%|███████▊  | 2354/3000 [06:50<01:56,  5.56it/s]
instructblip/pope/ricd/coco/adversarial/seed1:  78%|███████▊  | 2355/3000 [06:50<01:56,  5.54it/s]
instructblip/pope/ricd/coco/adversarial/seed1:  79%|███████▊  | 2356/3000 [06:50<01:55,  5.59it/s]
instructblip/pope/ricd/coco/adversarial/seed1:  79%|███████▊  | 2357/3000 [06:50<01:54,  5.63it/s]
instructblip/pope/ricd/coco/adversarial/seed1:  79%|███████▊  | 2358/3000 [06:51<01:53,  5.65it/s]
instructblip/pope/ricd/coco/adversarial/seed1:  79%|███████▊  | 2359/3000 [06:51<01:54,  5.62it/s]
instructblip/pope/ricd/coco/adversarial/seed1:  79%|███████▊  | 2360/3000 [06:51<01:52,  5.68it/s]
instructblip/pope/ricd/coco/adversarial/seed1:  79%|███████▊  | 2361/3000 [06:51<01:51,  5.75it/s]
instructblip/pope/ricd/coco/adversarial/seed1:  79%|███████▊  | 2362/3000 [06:51<01:51,  5.71it/s]
instructblip/pope/ricd/coco/adversarial/seed1:  79%|███████▉  | 2363/3000 [06:52<01:53,  5.63it/s]
instructblip/pope/ricd/coco/adversarial/seed1:  79%|███████▉  | 2364/3000 [06:52<01:52,  5.63it/s]
instructblip/pope/ricd/coco/adversarial/seed1:  79%|███████▉  | 2365/3000 [06:52<01:51,  5.69it/s]
instructblip/pope/ricd/coco/adversarial/seed1:  79%|███████▉  | 2366/3000 [06:52<01:51,  5.70it/s]
instructblip/pope/ricd/coco/adversarial/seed1:  79%|███████▉  | 2367/3000 [06:52<01:50,  5.73it/s]
instructblip/pope/ricd/coco/adversarial/seed1:  79%|███████▉  | 2368/3000 [06:52<01:51,  5.69it/s]
instructblip/pope/ricd/coco/adversarial/seed1:  79%|███████▉  | 2369/3000 [06:53<01:51,  5.67it/s]
instructblip/pope/ricd/coco/adversarial/seed1:  79%|███████▉  | 2370/3000 [06:53<01:51,  5.66it/s]
instructblip/pope/ricd/coco/adversarial/seed1:  79%|███████▉  | 2371/3000 [06:53<01:50,  5.70it/s]
instructblip/pope/ricd/coco/adversarial/seed1:  79%|███████▉  | 2372/3000 [06:53<01:49,  5.76it/s]
instructblip/pope/ricd/coco/adversarial/seed1:  79%|███████▉  | 2373/3000 [06:53<01:47,  5.83it/s]
instructblip/pope/ricd/coco/adversarial/seed1:  79%|███████▉  | 2374/3000 [06:53<01:46,  5.86it/s]
instructblip/pope/ricd/coco/adversarial/seed1:  79%|███████▉  | 2375/3000 [06:54<01:47,  5.83it/s]
instructblip/pope/ricd/coco/adversarial/seed1:  79%|███████▉  | 2376/3000 [06:54<01:46,  5.83it/s]
instructblip/pope/ricd/coco/adversarial/seed1:  79%|███████▉  | 2377/3000 [06:54<01:49,  5.71it/s]
instructblip/pope/ricd/coco/adversarial/seed1:  79%|███████▉  | 2378/3000 [06:54<01:49,  5.67it/s]
instructblip/pope/ricd/coco/adversarial/seed1:  79%|███████▉  | 2379/3000 [06:54<01:50,  5.64it/s]
instructblip/pope/ricd/coco/adversarial/seed1:  79%|███████▉  | 2380/3000 [06:54<01:47,  5.74it/s]
instructblip/pope/ricd/coco/adversarial/seed1:  79%|███████▉  | 2381/3000 [06:55<01:47,  5.74it/s]
instructblip/pope/ricd/coco/adversarial/seed1:  79%|███████▉  | 2382/3000 [06:55<01:46,  5.82it/s]
instructblip/pope/ricd/coco/adversarial/seed1:  79%|███████▉  | 2383/3000 [06:55<01:44,  5.88it/s]
instructblip/pope/ricd/coco/adversarial/seed1:  79%|███████▉  | 2384/3000 [06:55<01:46,  5.80it/s]
instructblip/pope/ricd/coco/adversarial/seed1:  80%|███████▉  | 2385/3000 [06:55<01:48,  5.68it/s]
instructblip/pope/ricd/coco/adversarial/seed1:  80%|███████▉  | 2386/3000 [06:56<01:48,  5.68it/s]
instructblip/pope/ricd/coco/adversarial/seed1:  80%|███████▉  | 2387/3000 [06:56<01:47,  5.68it/s]
instructblip/pope/ricd/coco/adversarial/seed1:  80%|███████▉  | 2388/3000 [06:56<01:48,  5.64it/s]
instructblip/pope/ricd/coco/adversarial/seed1:  80%|███████▉  | 2389/3000 [06:56<01:48,  5.63it/s]
instructblip/pope/ricd/coco/adversarial/seed1:  80%|███████▉  | 2390/3000 [06:56<01:48,  5.61it/s]
instructblip/pope/ricd/coco/adversarial/seed1:  80%|███████▉  | 2391/3000 [06:56<01:47,  5.68it/s]
instructblip/pope/ricd/coco/adversarial/seed1:  80%|███████▉  | 2392/3000 [06:57<01:45,  5.79it/s]
instructblip/pope/ricd/coco/adversarial/seed1:  80%|███████▉  | 2393/3000 [06:57<01:43,  5.87it/s]
instructblip/pope/ricd/coco/adversarial/seed1:  80%|███████▉  | 2394/3000 [06:57<01:44,  5.78it/s]
instructblip/pope/ricd/coco/adversarial/seed1:  80%|███████▉  | 2395/3000 [06:57<01:43,  5.85it/s]
instructblip/pope/ricd/coco/adversarial/seed1:  80%|███████▉  | 2396/3000 [06:57<01:42,  5.90it/s]
instructblip/pope/ricd/coco/adversarial/seed1:  80%|███████▉  | 2397/3000 [06:57<01:42,  5.91it/s]
instructblip/pope/ricd/coco/adversarial/seed1:  80%|███████▉  | 2398/3000 [06:58<01:41,  5.92it/s]
instructblip/pope/ricd/coco/adversarial/seed1:  80%|███████▉  | 2399/3000 [06:58<01:41,  5.95it/s]
instructblip/pope/ricd/coco/adversarial/seed1:  80%|████████  | 2400/3000 [06:58<01:42,  5.88it/s]
instructblip/pope/ricd/coco/adversarial/seed1:  80%|████████  | 2401/3000 [06:58<01:43,  5.78it/s]
instructblip/pope/ricd/coco/adversarial/seed1:  80%|████████  | 2402/3000 [06:58<01:42,  5.82it/s]
instructblip/pope/ricd/coco/adversarial/seed1:  80%|████████  | 2403/3000 [06:58<01:42,  5.84it/s]
instructblip/pope/ricd/coco/adversarial/seed1:  80%|████████  | 2404/3000 [06:59<01:42,  5.82it/s]
instructblip/pope/ricd/coco/adversarial/seed1:  80%|████████  | 2405/3000 [06:59<01:41,  5.85it/s]
instructblip/pope/ricd/coco/adversarial/seed1:  80%|████████  | 2406/3000 [06:59<01:40,  5.91it/s]
instructblip/pope/ricd/coco/adversarial/seed1:  80%|████████  | 2407/3000 [06:59<01:42,  5.80it/s]
instructblip/pope/ricd/coco/adversarial/seed1:  80%|████████  | 2408/3000 [06:59<01:41,  5.83it/s]
instructblip/pope/ricd/coco/adversarial/seed1:  80%|████████  | 2409/3000 [06:59<01:41,  5.83it/s]
instructblip/pope/ricd/coco/adversarial/seed1:  80%|████████  | 2410/3000 [07:00<01:41,  5.84it/s]
instructblip/pope/ricd/coco/adversarial/seed1:  80%|████████  | 2411/3000 [07:00<01:40,  5.84it/s]
instructblip/pope/ricd/coco/adversarial/seed1:  80%|████████  | 2412/3000 [07:00<01:40,  5.84it/s]
instructblip/pope/ricd/coco/adversarial/seed1:  80%|████████  | 2413/3000 [07:00<01:39,  5.92it/s]
instructblip/pope/ricd/coco/adversarial/seed1:  80%|████████  | 2414/3000 [07:00<01:39,  5.92it/s]
instructblip/pope/ricd/coco/adversarial/seed1:  80%|████████  | 2415/3000 [07:00<01:38,  5.96it/s]
instructblip/pope/ricd/coco/adversarial/seed1:  81%|████████  | 2416/3000 [07:01<01:38,  5.92it/s]
instructblip/pope/ricd/coco/adversarial/seed1:  81%|████████  | 2417/3000 [07:01<01:38,  5.89it/s]
instructblip/pope/ricd/coco/adversarial/seed1:  81%|████████  | 2418/3000 [07:01<01:38,  5.89it/s]
instructblip/pope/ricd/coco/adversarial/seed1:  81%|████████  | 2419/3000 [07:01<01:38,  5.92it/s]
instructblip/pope/ricd/coco/adversarial/seed1:  81%|████████  | 2420/3000 [07:01<01:39,  5.81it/s]
instructblip/pope/ricd/coco/adversarial/seed1:  81%|████████  | 2421/3000 [07:02<01:39,  5.82it/s]
instructblip/pope/ricd/coco/adversarial/seed1:  81%|████████  | 2422/3000 [07:02<01:38,  5.89it/s]
instructblip/pope/ricd/coco/adversarial/seed1:  81%|████████  | 2423/3000 [07:02<01:37,  5.93it/s]
instructblip/pope/ricd/coco/adversarial/seed1:  81%|████████  | 2424/3000 [07:02<01:38,  5.83it/s]
instructblip/pope/ricd/coco/adversarial/seed1:  81%|████████  | 2425/3000 [07:02<01:40,  5.74it/s]
instructblip/pope/ricd/coco/adversarial/seed1:  81%|████████  | 2426/3000 [07:02<01:38,  5.80it/s]
instructblip/pope/ricd/coco/adversarial/seed1:  81%|████████  | 2427/3000 [07:03<01:40,  5.73it/s]
instructblip/pope/ricd/coco/adversarial/seed1:  81%|████████  | 2428/3000 [07:03<01:40,  5.71it/s]
instructblip/pope/ricd/coco/adversarial/seed1:  81%|████████  | 2429/3000 [07:03<01:42,  5.55it/s]
instructblip/pope/ricd/coco/adversarial/seed1:  81%|████████  | 2430/3000 [07:03<01:45,  5.42it/s]
instructblip/pope/ricd/coco/adversarial/seed1:  81%|████████  | 2431/3000 [07:03<01:45,  5.37it/s]
instructblip/pope/ricd/coco/adversarial/seed1:  81%|████████  | 2432/3000 [07:04<02:02,  4.64it/s]
instructblip/pope/ricd/coco/adversarial/seed1:  81%|████████  | 2433/3000 [07:04<01:56,  4.85it/s]
instructblip/pope/ricd/coco/adversarial/seed1:  81%|████████  | 2434/3000 [07:04<01:52,  5.04it/s]
instructblip/pope/ricd/coco/adversarial/seed1:  81%|████████  | 2435/3000 [07:04<01:48,  5.21it/s]
instructblip/pope/ricd/coco/adversarial/seed1:  81%|████████  | 2436/3000 [07:04<01:47,  5.23it/s]
instructblip/pope/ricd/coco/adversarial/seed1:  81%|████████  | 2437/3000 [07:04<01:44,  5.38it/s]
instructblip/pope/ricd/coco/adversarial/seed1:  81%|████████▏ | 2438/3000 [07:05<01:41,  5.54it/s]
instructblip/pope/ricd/coco/adversarial/seed1:  81%|████████▏ | 2439/3000 [07:05<01:41,  5.54it/s]
instructblip/pope/ricd/coco/adversarial/seed1:  81%|████████▏ | 2440/3000 [07:05<01:39,  5.64it/s]
instructblip/pope/ricd/coco/adversarial/seed1:  81%|████████▏ | 2441/3000 [07:05<01:37,  5.74it/s]
instructblip/pope/ricd/coco/adversarial/seed1:  81%|████████▏ | 2442/3000 [07:05<01:35,  5.84it/s]
instructblip/pope/ricd/coco/adversarial/seed1:  81%|████████▏ | 2443/3000 [07:06<01:34,  5.91it/s]
instructblip/pope/ricd/coco/adversarial/seed1:  81%|████████▏ | 2444/3000 [07:06<01:33,  5.97it/s]
instructblip/pope/ricd/coco/adversarial/seed1:  82%|████████▏ | 2445/3000 [07:06<01:32,  5.99it/s]
instructblip/pope/ricd/coco/adversarial/seed1:  82%|████████▏ | 2446/3000 [07:06<01:33,  5.91it/s]
instructblip/pope/ricd/coco/adversarial/seed1:  82%|████████▏ | 2447/3000 [07:06<01:33,  5.94it/s]
instructblip/pope/ricd/coco/adversarial/seed1:  82%|████████▏ | 2448/3000 [07:06<01:32,  5.96it/s]
instructblip/pope/ricd/coco/adversarial/seed1:  82%|████████▏ | 2449/3000 [07:07<01:33,  5.88it/s]
instructblip/pope/ricd/coco/adversarial/seed1:  82%|████████▏ | 2450/3000 [07:07<01:32,  5.92it/s]
instructblip/pope/ricd/coco/adversarial/seed1:  82%|████████▏ | 2451/3000 [07:07<01:32,  5.95it/s]
instructblip/pope/ricd/coco/adversarial/seed1:  82%|████████▏ | 2452/3000 [07:07<01:32,  5.92it/s]
instructblip/pope/ricd/coco/adversarial/seed1:  82%|████████▏ | 2453/3000 [07:07<01:32,  5.91it/s]
instructblip/pope/ricd/coco/adversarial/seed1:  82%|████████▏ | 2454/3000 [07:07<01:32,  5.93it/s]
instructblip/pope/ricd/coco/adversarial/seed1:  82%|████████▏ | 2455/3000 [07:08<01:31,  5.96it/s]
instructblip/pope/ricd/coco/adversarial/seed1:  82%|████████▏ | 2456/3000 [07:08<01:33,  5.84it/s]
instructblip/pope/ricd/coco/adversarial/seed1:  82%|████████▏ | 2457/3000 [07:08<01:33,  5.83it/s]
instructblip/pope/ricd/coco/adversarial/seed1:  82%|████████▏ | 2458/3000 [07:08<01:32,  5.88it/s]
instructblip/pope/ricd/coco/adversarial/seed1:  82%|████████▏ | 2459/3000 [07:08<01:32,  5.85it/s]
instructblip/pope/ricd/coco/adversarial/seed1:  82%|████████▏ | 2460/3000 [07:08<01:32,  5.86it/s]
instructblip/pope/ricd/coco/adversarial/seed1:  82%|████████▏ | 2461/3000 [07:09<01:33,  5.77it/s]
instructblip/pope/ricd/coco/adversarial/seed1:  82%|████████▏ | 2462/3000 [07:09<01:32,  5.83it/s]
instructblip/pope/ricd/coco/adversarial/seed1:  82%|████████▏ | 2463/3000 [07:09<01:33,  5.77it/s]
instructblip/pope/ricd/coco/adversarial/seed1:  82%|████████▏ | 2464/3000 [07:09<01:32,  5.80it/s]
instructblip/pope/ricd/coco/adversarial/seed1:  82%|████████▏ | 2465/3000 [07:09<01:32,  5.77it/s]
instructblip/pope/ricd/coco/adversarial/seed1:  82%|████████▏ | 2466/3000 [07:09<01:32,  5.78it/s]
instructblip/pope/ricd/coco/adversarial/seed1:  82%|████████▏ | 2467/3000 [07:10<01:33,  5.70it/s]
instructblip/pope/ricd/coco/adversarial/seed1:  82%|████████▏ | 2468/3000 [07:10<01:33,  5.70it/s]
instructblip/pope/ricd/coco/adversarial/seed1:  82%|████████▏ | 2469/3000 [07:10<01:33,  5.68it/s]
instructblip/pope/ricd/coco/adversarial/seed1:  82%|████████▏ | 2470/3000 [07:10<01:32,  5.71it/s]
instructblip/pope/ricd/coco/adversarial/seed1:  82%|████████▏ | 2471/3000 [07:10<01:34,  5.59it/s]
instructblip/pope/ricd/coco/adversarial/seed1:  82%|████████▏ | 2472/3000 [07:10<01:33,  5.63it/s]
instructblip/pope/ricd/coco/adversarial/seed1:  82%|████████▏ | 2473/3000 [07:11<01:32,  5.71it/s]
instructblip/pope/ricd/coco/adversarial/seed1:  82%|████████▏ | 2474/3000 [07:11<01:32,  5.70it/s]
instructblip/pope/ricd/coco/adversarial/seed1:  82%|████████▎ | 2475/3000 [07:11<01:31,  5.76it/s]
instructblip/pope/ricd/coco/adversarial/seed1:  83%|████████▎ | 2476/3000 [07:11<01:35,  5.51it/s]
instructblip/pope/ricd/coco/adversarial/seed1:  83%|████████▎ | 2477/3000 [07:11<01:34,  5.54it/s]
instructblip/pope/ricd/coco/adversarial/seed1:  83%|████████▎ | 2478/3000 [07:12<01:33,  5.59it/s]
instructblip/pope/ricd/coco/adversarial/seed1:  83%|████████▎ | 2479/3000 [07:12<01:32,  5.60it/s]
instructblip/pope/ricd/coco/adversarial/seed1:  83%|████████▎ | 2480/3000 [07:12<01:30,  5.72it/s]
instructblip/pope/ricd/coco/adversarial/seed1:  83%|████████▎ | 2481/3000 [07:12<01:29,  5.81it/s]
instructblip/pope/ricd/coco/adversarial/seed1:  83%|████████▎ | 2482/3000 [07:12<01:28,  5.84it/s]
instructblip/pope/ricd/coco/adversarial/seed1:  83%|████████▎ | 2483/3000 [07:12<01:28,  5.82it/s]
instructblip/pope/ricd/coco/adversarial/seed1:  83%|████████▎ | 2484/3000 [07:13<01:28,  5.81it/s]
instructblip/pope/ricd/coco/adversarial/seed1:  83%|████████▎ | 2485/3000 [07:13<01:28,  5.84it/s]
instructblip/pope/ricd/coco/adversarial/seed1:  83%|████████▎ | 2486/3000 [07:13<01:28,  5.83it/s]
instructblip/pope/ricd/coco/adversarial/seed1:  83%|████████▎ | 2487/3000 [07:13<01:28,  5.79it/s]
instructblip/pope/ricd/coco/adversarial/seed1:  83%|████████▎ | 2488/3000 [07:13<01:28,  5.82it/s]
instructblip/pope/ricd/coco/adversarial/seed1:  83%|████████▎ | 2489/3000 [07:13<01:28,  5.80it/s]
instructblip/pope/ricd/coco/adversarial/seed1:  83%|████████▎ | 2490/3000 [07:14<01:27,  5.85it/s]
instructblip/pope/ricd/coco/adversarial/seed1:  83%|████████▎ | 2491/3000 [07:14<01:26,  5.88it/s]
instructblip/pope/ricd/coco/adversarial/seed1:  83%|████████▎ | 2492/3000 [07:14<01:25,  5.91it/s]
instructblip/pope/ricd/coco/adversarial/seed1:  83%|████████▎ | 2493/3000 [07:14<01:25,  5.94it/s]
instructblip/pope/ricd/coco/adversarial/seed1:  83%|████████▎ | 2494/3000 [07:14<01:24,  5.97it/s]
instructblip/pope/ricd/coco/adversarial/seed1:  83%|████████▎ | 2495/3000 [07:14<01:24,  5.99it/s]
instructblip/pope/ricd/coco/adversarial/seed1:  83%|████████▎ | 2496/3000 [07:15<01:24,  5.96it/s]
instructblip/pope/ricd/coco/adversarial/seed1:  83%|████████▎ | 2497/3000 [07:15<01:24,  5.97it/s]
instructblip/pope/ricd/coco/adversarial/seed1:  83%|████████▎ | 2498/3000 [07:15<01:23,  5.99it/s]
instructblip/pope/ricd/coco/adversarial/seed1:  83%|████████▎ | 2499/3000 [07:15<01:23,  5.98it/s]
instructblip/pope/ricd/coco/adversarial/seed1:  83%|████████▎ | 2500/3000 [07:15<01:24,  5.94it/s]
instructblip/pope/ricd/coco/adversarial/seed1:  83%|████████▎ | 2501/3000 [07:15<01:27,  5.73it/s]
instructblip/pope/ricd/coco/adversarial/seed1:  83%|████████▎ | 2502/3000 [07:16<01:29,  5.58it/s]
instructblip/pope/ricd/coco/adversarial/seed1:  83%|████████▎ | 2503/3000 [07:16<01:27,  5.68it/s]
instructblip/pope/ricd/coco/adversarial/seed1:  83%|████████▎ | 2504/3000 [07:16<01:26,  5.76it/s]
instructblip/pope/ricd/coco/adversarial/seed1:  84%|████████▎ | 2505/3000 [07:16<01:24,  5.84it/s]
instructblip/pope/ricd/coco/adversarial/seed1:  84%|████████▎ | 2506/3000 [07:16<01:24,  5.88it/s]
instructblip/pope/ricd/coco/adversarial/seed1:  84%|████████▎ | 2507/3000 [07:17<01:24,  5.83it/s]
instructblip/pope/ricd/coco/adversarial/seed1:  84%|████████▎ | 2508/3000 [07:17<01:24,  5.82it/s]
instructblip/pope/ricd/coco/adversarial/seed1:  84%|████████▎ | 2509/3000 [07:17<01:24,  5.83it/s]
instructblip/pope/ricd/coco/adversarial/seed1:  84%|████████▎ | 2510/3000 [07:17<01:25,  5.72it/s]
instructblip/pope/ricd/coco/adversarial/seed1:  84%|████████▎ | 2511/3000 [07:17<01:28,  5.55it/s]
instructblip/pope/ricd/coco/adversarial/seed1:  84%|████████▎ | 2512/3000 [07:17<01:28,  5.53it/s]
instructblip/pope/ricd/coco/adversarial/seed1:  84%|████████▍ | 2513/3000 [07:18<01:29,  5.47it/s]
instructblip/pope/ricd/coco/adversarial/seed1:  84%|████████▍ | 2514/3000 [07:18<01:27,  5.52it/s]
instructblip/pope/ricd/coco/adversarial/seed1:  84%|████████▍ | 2515/3000 [07:18<01:34,  5.13it/s]
instructblip/pope/ricd/coco/adversarial/seed1:  84%|████████▍ | 2516/3000 [07:18<01:30,  5.33it/s]
instructblip/pope/ricd/coco/adversarial/seed1:  84%|████████▍ | 2517/3000 [07:18<01:27,  5.53it/s]
instructblip/pope/ricd/coco/adversarial/seed1:  84%|████████▍ | 2518/3000 [07:19<01:26,  5.58it/s]
instructblip/pope/ricd/coco/adversarial/seed1:  84%|████████▍ | 2519/3000 [07:19<01:26,  5.56it/s]
instructblip/pope/ricd/coco/adversarial/seed1:  84%|████████▍ | 2520/3000 [07:19<01:25,  5.61it/s]
instructblip/pope/ricd/coco/adversarial/seed1:  84%|████████▍ | 2521/3000 [07:19<01:25,  5.58it/s]
instructblip/pope/ricd/coco/adversarial/seed1:  84%|████████▍ | 2522/3000 [07:19<01:25,  5.58it/s]
instructblip/pope/ricd/coco/adversarial/seed1:  84%|████████▍ | 2523/3000 [07:19<01:26,  5.50it/s]
instructblip/pope/ricd/coco/adversarial/seed1:  84%|████████▍ | 2524/3000 [07:20<01:27,  5.45it/s]
instructblip/pope/ricd/coco/adversarial/seed1:  84%|████████▍ | 2525/3000 [07:20<01:26,  5.51it/s]
instructblip/pope/ricd/coco/adversarial/seed1:  84%|████████▍ | 2526/3000 [07:20<01:26,  5.49it/s]
instructblip/pope/ricd/coco/adversarial/seed1:  84%|████████▍ | 2527/3000 [07:20<01:24,  5.61it/s]
instructblip/pope/ricd/coco/adversarial/seed1:  84%|████████▍ | 2528/3000 [07:20<01:22,  5.70it/s]
instructblip/pope/ricd/coco/adversarial/seed1:  84%|████████▍ | 2529/3000 [07:20<01:22,  5.71it/s]
instructblip/pope/ricd/coco/adversarial/seed1:  84%|████████▍ | 2530/3000 [07:21<01:21,  5.76it/s]
instructblip/pope/ricd/coco/adversarial/seed1:  84%|████████▍ | 2531/3000 [07:21<01:20,  5.80it/s]
instructblip/pope/ricd/coco/adversarial/seed1:  84%|████████▍ | 2532/3000 [07:21<01:21,  5.76it/s]
instructblip/pope/ricd/coco/adversarial/seed1:  84%|████████▍ | 2533/3000 [07:21<01:21,  5.76it/s]
instructblip/pope/ricd/coco/adversarial/seed1:  84%|████████▍ | 2534/3000 [07:21<01:19,  5.88it/s]
instructblip/pope/ricd/coco/adversarial/seed1:  84%|████████▍ | 2535/3000 [07:22<01:20,  5.81it/s]
instructblip/pope/ricd/coco/adversarial/seed1:  85%|████████▍ | 2536/3000 [07:22<01:19,  5.87it/s]
instructblip/pope/ricd/coco/adversarial/seed1:  85%|████████▍ | 2537/3000 [07:22<01:18,  5.90it/s]
instructblip/pope/ricd/coco/adversarial/seed1:  85%|████████▍ | 2538/3000 [07:22<01:18,  5.92it/s]
instructblip/pope/ricd/coco/adversarial/seed1:  85%|████████▍ | 2539/3000 [07:22<01:18,  5.88it/s]
instructblip/pope/ricd/coco/adversarial/seed1:  85%|████████▍ | 2540/3000 [07:22<01:17,  5.91it/s]
instructblip/pope/ricd/coco/adversarial/seed1:  85%|████████▍ | 2541/3000 [07:23<01:17,  5.91it/s]
instructblip/pope/ricd/coco/adversarial/seed1:  85%|████████▍ | 2542/3000 [07:23<01:17,  5.87it/s]
instructblip/pope/ricd/coco/adversarial/seed1:  85%|████████▍ | 2543/3000 [07:23<01:18,  5.85it/s]
instructblip/pope/ricd/coco/adversarial/seed1:  85%|████████▍ | 2544/3000 [07:23<01:17,  5.87it/s]
instructblip/pope/ricd/coco/adversarial/seed1:  85%|████████▍ | 2545/3000 [07:23<01:16,  5.92it/s]
instructblip/pope/ricd/coco/adversarial/seed1:  85%|████████▍ | 2546/3000 [07:23<01:16,  5.92it/s]
instructblip/pope/ricd/coco/adversarial/seed1:  85%|████████▍ | 2547/3000 [07:24<01:17,  5.87it/s]
instructblip/pope/ricd/coco/adversarial/seed1:  85%|████████▍ | 2548/3000 [07:24<01:16,  5.92it/s]
instructblip/pope/ricd/coco/adversarial/seed1:  85%|████████▍ | 2549/3000 [07:24<01:15,  5.94it/s]
instructblip/pope/ricd/coco/adversarial/seed1:  85%|████████▌ | 2550/3000 [07:24<01:15,  5.95it/s]
instructblip/pope/ricd/coco/adversarial/seed1:  85%|████████▌ | 2551/3000 [07:24<01:16,  5.90it/s]
instructblip/pope/ricd/coco/adversarial/seed1:  85%|████████▌ | 2552/3000 [07:24<01:16,  5.89it/s]
instructblip/pope/ricd/coco/adversarial/seed1:  85%|████████▌ | 2553/3000 [07:25<01:16,  5.87it/s]
instructblip/pope/ricd/coco/adversarial/seed1:  85%|████████▌ | 2554/3000 [07:25<01:17,  5.78it/s]
instructblip/pope/ricd/coco/adversarial/seed1:  85%|████████▌ | 2555/3000 [07:25<01:17,  5.73it/s]
instructblip/pope/ricd/coco/adversarial/seed1:  85%|████████▌ | 2556/3000 [07:25<01:17,  5.74it/s]
instructblip/pope/ricd/coco/adversarial/seed1:  85%|████████▌ | 2557/3000 [07:25<01:16,  5.80it/s]
instructblip/pope/ricd/coco/adversarial/seed1:  85%|████████▌ | 2558/3000 [07:25<01:15,  5.86it/s]
instructblip/pope/ricd/coco/adversarial/seed1:  85%|████████▌ | 2559/3000 [07:26<01:14,  5.92it/s]
instructblip/pope/ricd/coco/adversarial/seed1:  85%|████████▌ | 2560/3000 [07:26<01:13,  5.95it/s]
instructblip/pope/ricd/coco/adversarial/seed1:  85%|████████▌ | 2561/3000 [07:26<01:13,  5.98it/s]
instructblip/pope/ricd/coco/adversarial/seed1:  85%|████████▌ | 2562/3000 [07:26<01:13,  5.98it/s]
instructblip/pope/ricd/coco/adversarial/seed1:  85%|████████▌ | 2563/3000 [07:26<01:12,  6.02it/s]
instructblip/pope/ricd/coco/adversarial/seed1:  85%|████████▌ | 2564/3000 [07:26<01:12,  6.00it/s]
instructblip/pope/ricd/coco/adversarial/seed1:  86%|████████▌ | 2565/3000 [07:27<01:12,  6.02it/s]
instructblip/pope/ricd/coco/adversarial/seed1:  86%|████████▌ | 2566/3000 [07:27<01:12,  6.02it/s]
instructblip/pope/ricd/coco/adversarial/seed1:  86%|████████▌ | 2567/3000 [07:27<01:11,  6.03it/s]
instructblip/pope/ricd/coco/adversarial/seed1:  86%|████████▌ | 2568/3000 [07:27<01:11,  6.06it/s]
instructblip/pope/ricd/coco/adversarial/seed1:  86%|████████▌ | 2569/3000 [07:27<01:11,  6.05it/s]
instructblip/pope/ricd/coco/adversarial/seed1:  86%|████████▌ | 2570/3000 [07:27<01:11,  6.01it/s]
instructblip/pope/ricd/coco/adversarial/seed1:  86%|████████▌ | 2571/3000 [07:28<01:12,  5.88it/s]
instructblip/pope/ricd/coco/adversarial/seed1:  86%|████████▌ | 2572/3000 [07:28<01:12,  5.93it/s]
instructblip/pope/ricd/coco/adversarial/seed1:  86%|████████▌ | 2573/3000 [07:28<01:14,  5.71it/s]
instructblip/pope/ricd/coco/adversarial/seed1:  86%|████████▌ | 2574/3000 [07:28<01:17,  5.51it/s]
instructblip/pope/ricd/coco/adversarial/seed1:  86%|████████▌ | 2575/3000 [07:28<01:17,  5.51it/s]
instructblip/pope/ricd/coco/adversarial/seed1:  86%|████████▌ | 2576/3000 [07:29<01:17,  5.44it/s]
instructblip/pope/ricd/coco/adversarial/seed1:  86%|████████▌ | 2577/3000 [07:29<01:15,  5.59it/s]
instructblip/pope/ricd/coco/adversarial/seed1:  86%|████████▌ | 2578/3000 [07:29<01:13,  5.71it/s]
instructblip/pope/ricd/coco/adversarial/seed1:  86%|████████▌ | 2579/3000 [07:29<01:14,  5.67it/s]
instructblip/pope/ricd/coco/adversarial/seed1:  86%|████████▌ | 2580/3000 [07:29<01:14,  5.61it/s]
instructblip/pope/ricd/coco/adversarial/seed1:  86%|████████▌ | 2581/3000 [07:29<01:15,  5.57it/s]
instructblip/pope/ricd/coco/adversarial/seed1:  86%|████████▌ | 2582/3000 [07:30<01:14,  5.58it/s]
instructblip/pope/ricd/coco/adversarial/seed1:  86%|████████▌ | 2583/3000 [07:30<01:15,  5.54it/s]
instructblip/pope/ricd/coco/adversarial/seed1:  86%|████████▌ | 2584/3000 [07:30<01:14,  5.58it/s]
instructblip/pope/ricd/coco/adversarial/seed1:  86%|████████▌ | 2585/3000 [07:30<01:15,  5.52it/s]
instructblip/pope/ricd/coco/adversarial/seed1:  86%|████████▌ | 2586/3000 [07:30<01:15,  5.50it/s]
instructblip/pope/ricd/coco/adversarial/seed1:  86%|████████▌ | 2587/3000 [07:30<01:13,  5.61it/s]
instructblip/pope/ricd/coco/adversarial/seed1:  86%|████████▋ | 2588/3000 [07:31<01:13,  5.62it/s]
instructblip/pope/ricd/coco/adversarial/seed1:  86%|████████▋ | 2589/3000 [07:31<01:12,  5.67it/s]
instructblip/pope/ricd/coco/adversarial/seed1:  86%|████████▋ | 2590/3000 [07:31<01:11,  5.77it/s]
instructblip/pope/ricd/coco/adversarial/seed1:  86%|████████▋ | 2591/3000 [07:31<01:09,  5.88it/s]
instructblip/pope/ricd/coco/adversarial/seed1:  86%|████████▋ | 2592/3000 [07:31<01:08,  5.95it/s]
instructblip/pope/ricd/coco/adversarial/seed1:  86%|████████▋ | 2593/3000 [07:31<01:08,  5.98it/s]
instructblip/pope/ricd/coco/adversarial/seed1:  86%|████████▋ | 2594/3000 [07:32<01:07,  5.99it/s]
instructblip/pope/ricd/coco/adversarial/seed1:  86%|████████▋ | 2595/3000 [07:32<01:07,  6.00it/s]
instructblip/pope/ricd/coco/adversarial/seed1:  87%|████████▋ | 2596/3000 [07:32<01:07,  6.02it/s]
instructblip/pope/ricd/coco/adversarial/seed1:  87%|████████▋ | 2597/3000 [07:32<01:07,  6.00it/s]
instructblip/pope/ricd/coco/adversarial/seed1:  87%|████████▋ | 2598/3000 [07:32<01:06,  6.01it/s]
instructblip/pope/ricd/coco/adversarial/seed1:  87%|████████▋ | 2599/3000 [07:32<01:06,  6.01it/s]
instructblip/pope/ricd/coco/adversarial/seed1:  87%|████████▋ | 2600/3000 [07:33<01:06,  6.03it/s]
instructblip/pope/ricd/coco/adversarial/seed1:  87%|████████▋ | 2601/3000 [07:33<01:07,  5.94it/s]
instructblip/pope/ricd/coco/adversarial/seed1:  87%|████████▋ | 2602/3000 [07:33<01:06,  5.95it/s]
instructblip/pope/ricd/coco/adversarial/seed1:  87%|████████▋ | 2603/3000 [07:33<01:06,  5.96it/s]
instructblip/pope/ricd/coco/adversarial/seed1:  87%|████████▋ | 2604/3000 [07:33<01:06,  5.99it/s]
instructblip/pope/ricd/coco/adversarial/seed1:  87%|████████▋ | 2605/3000 [07:33<01:05,  6.01it/s]
instructblip/pope/ricd/coco/adversarial/seed1:  87%|████████▋ | 2606/3000 [07:34<01:05,  6.01it/s]
instructblip/pope/ricd/coco/adversarial/seed1:  87%|████████▋ | 2607/3000 [07:34<01:05,  6.00it/s]
instructblip/pope/ricd/coco/adversarial/seed1:  87%|████████▋ | 2608/3000 [07:34<01:05,  5.98it/s]
instructblip/pope/ricd/coco/adversarial/seed1:  87%|████████▋ | 2609/3000 [07:34<01:05,  5.98it/s]
instructblip/pope/ricd/coco/adversarial/seed1:  87%|████████▋ | 2610/3000 [07:34<01:05,  5.93it/s]
instructblip/pope/ricd/coco/adversarial/seed1:  87%|████████▋ | 2611/3000 [07:35<01:07,  5.74it/s]
instructblip/pope/ricd/coco/adversarial/seed1:  87%|████████▋ | 2612/3000 [07:35<01:06,  5.82it/s]
instructblip/pope/ricd/coco/adversarial/seed1:  87%|████████▋ | 2613/3000 [07:35<01:06,  5.84it/s]
instructblip/pope/ricd/coco/adversarial/seed1:  87%|████████▋ | 2614/3000 [07:35<01:06,  5.85it/s]
instructblip/pope/ricd/coco/adversarial/seed1:  87%|████████▋ | 2615/3000 [07:35<01:06,  5.76it/s]
instructblip/pope/ricd/coco/adversarial/seed1:  87%|████████▋ | 2616/3000 [07:35<01:07,  5.69it/s]
instructblip/pope/ricd/coco/adversarial/seed1:  87%|████████▋ | 2617/3000 [07:36<01:06,  5.74it/s]
instructblip/pope/ricd/coco/adversarial/seed1:  87%|████████▋ | 2618/3000 [07:36<01:06,  5.79it/s]
instructblip/pope/ricd/coco/adversarial/seed1:  87%|████████▋ | 2619/3000 [07:36<01:05,  5.85it/s]
instructblip/pope/ricd/coco/adversarial/seed1:  87%|████████▋ | 2620/3000 [07:36<01:05,  5.76it/s]
instructblip/pope/ricd/coco/adversarial/seed1:  87%|████████▋ | 2621/3000 [07:36<01:05,  5.81it/s]
instructblip/pope/ricd/coco/adversarial/seed1:  87%|████████▋ | 2622/3000 [07:36<01:05,  5.81it/s]
instructblip/pope/ricd/coco/adversarial/seed1:  87%|████████▋ | 2623/3000 [07:37<01:04,  5.85it/s]
instructblip/pope/ricd/coco/adversarial/seed1:  87%|████████▋ | 2624/3000 [07:37<01:03,  5.88it/s]
instructblip/pope/ricd/coco/adversarial/seed1:  88%|████████▊ | 2625/3000 [07:37<01:03,  5.87it/s]
instructblip/pope/ricd/coco/adversarial/seed1:  88%|████████▊ | 2626/3000 [07:37<01:03,  5.92it/s]
instructblip/pope/ricd/coco/adversarial/seed1:  88%|████████▊ | 2627/3000 [07:37<01:03,  5.84it/s]
instructblip/pope/ricd/coco/adversarial/seed1:  88%|████████▊ | 2628/3000 [07:37<01:03,  5.89it/s]
instructblip/pope/ricd/coco/adversarial/seed1:  88%|████████▊ | 2629/3000 [07:38<01:04,  5.76it/s]
instructblip/pope/ricd/coco/adversarial/seed1:  88%|████████▊ | 2630/3000 [07:38<01:04,  5.77it/s]
instructblip/pope/ricd/coco/adversarial/seed1:  88%|████████▊ | 2631/3000 [07:38<01:03,  5.81it/s]
instructblip/pope/ricd/coco/adversarial/seed1:  88%|████████▊ | 2632/3000 [07:38<01:03,  5.80it/s]
instructblip/pope/ricd/coco/adversarial/seed1:  88%|████████▊ | 2633/3000 [07:38<01:02,  5.87it/s]
instructblip/pope/ricd/coco/adversarial/seed1:  88%|████████▊ | 2634/3000 [07:38<01:01,  5.92it/s]
instructblip/pope/ricd/coco/adversarial/seed1:  88%|████████▊ | 2635/3000 [07:39<01:01,  5.91it/s]
instructblip/pope/ricd/coco/adversarial/seed1:  88%|████████▊ | 2636/3000 [07:39<01:01,  5.94it/s]
instructblip/pope/ricd/coco/adversarial/seed1:  88%|████████▊ | 2637/3000 [07:39<01:01,  5.87it/s]
instructblip/pope/ricd/coco/adversarial/seed1:  88%|████████▊ | 2638/3000 [07:39<01:01,  5.90it/s]
instructblip/pope/ricd/coco/adversarial/seed1:  88%|████████▊ | 2639/3000 [07:39<01:01,  5.90it/s]
instructblip/pope/ricd/coco/adversarial/seed1:  88%|████████▊ | 2640/3000 [07:39<01:03,  5.64it/s]
instructblip/pope/ricd/coco/adversarial/seed1:  88%|████████▊ | 2641/3000 [07:40<01:04,  5.59it/s]
instructblip/pope/ricd/coco/adversarial/seed1:  88%|████████▊ | 2642/3000 [07:40<01:05,  5.46it/s]
instructblip/pope/ricd/coco/adversarial/seed1:  88%|████████▊ | 2643/3000 [07:40<01:05,  5.48it/s]
instructblip/pope/ricd/coco/adversarial/seed1:  88%|████████▊ | 2644/3000 [07:40<01:03,  5.58it/s]
instructblip/pope/ricd/coco/adversarial/seed1:  88%|████████▊ | 2645/3000 [07:40<01:03,  5.62it/s]
instructblip/pope/ricd/coco/adversarial/seed1:  88%|████████▊ | 2646/3000 [07:41<01:02,  5.64it/s]
instructblip/pope/ricd/coco/adversarial/seed1:  88%|████████▊ | 2647/3000 [07:41<01:02,  5.67it/s]
instructblip/pope/ricd/coco/adversarial/seed1:  88%|████████▊ | 2648/3000 [07:41<01:02,  5.62it/s]
instructblip/pope/ricd/coco/adversarial/seed1:  88%|████████▊ | 2649/3000 [07:41<01:02,  5.58it/s]
instructblip/pope/ricd/coco/adversarial/seed1:  88%|████████▊ | 2650/3000 [07:41<01:02,  5.62it/s]
instructblip/pope/ricd/coco/adversarial/seed1:  88%|████████▊ | 2651/3000 [07:41<01:01,  5.65it/s]
instructblip/pope/ricd/coco/adversarial/seed1:  88%|████████▊ | 2652/3000 [07:42<01:01,  5.64it/s]
instructblip/pope/ricd/coco/adversarial/seed1:  88%|████████▊ | 2653/3000 [07:42<01:01,  5.68it/s]
instructblip/pope/ricd/coco/adversarial/seed1:  88%|████████▊ | 2654/3000 [07:42<01:00,  5.74it/s]
instructblip/pope/ricd/coco/adversarial/seed1:  88%|████████▊ | 2655/3000 [07:42<01:00,  5.75it/s]
instructblip/pope/ricd/coco/adversarial/seed1:  89%|████████▊ | 2656/3000 [07:42<00:59,  5.78it/s]
instructblip/pope/ricd/coco/adversarial/seed1:  89%|████████▊ | 2657/3000 [07:42<00:59,  5.77it/s]
instructblip/pope/ricd/coco/adversarial/seed1:  89%|████████▊ | 2658/3000 [07:43<00:58,  5.82it/s]
instructblip/pope/ricd/coco/adversarial/seed1:  89%|████████▊ | 2659/3000 [07:43<00:59,  5.75it/s]
instructblip/pope/ricd/coco/adversarial/seed1:  89%|████████▊ | 2660/3000 [07:43<00:59,  5.74it/s]
instructblip/pope/ricd/coco/adversarial/seed1:  89%|████████▊ | 2661/3000 [07:43<00:59,  5.66it/s]
instructblip/pope/ricd/coco/adversarial/seed1:  89%|████████▊ | 2662/3000 [07:43<00:59,  5.64it/s]
instructblip/pope/ricd/coco/adversarial/seed1:  89%|████████▉ | 2663/3000 [07:44<01:00,  5.59it/s]
instructblip/pope/ricd/coco/adversarial/seed1:  89%|████████▉ | 2664/3000 [07:44<00:59,  5.66it/s]
instructblip/pope/ricd/coco/adversarial/seed1:  89%|████████▉ | 2665/3000 [07:44<00:58,  5.72it/s]
instructblip/pope/ricd/coco/adversarial/seed1:  89%|████████▉ | 2666/3000 [07:44<00:58,  5.74it/s]
instructblip/pope/ricd/coco/adversarial/seed1:  89%|████████▉ | 2667/3000 [07:44<00:59,  5.61it/s]
instructblip/pope/ricd/coco/adversarial/seed1:  89%|████████▉ | 2668/3000 [07:44<00:58,  5.69it/s]
instructblip/pope/ricd/coco/adversarial/seed1:  89%|████████▉ | 2669/3000 [07:45<00:58,  5.70it/s]
instructblip/pope/ricd/coco/adversarial/seed1:  89%|████████▉ | 2670/3000 [07:45<00:57,  5.76it/s]
instructblip/pope/ricd/coco/adversarial/seed1:  89%|████████▉ | 2671/3000 [07:45<00:56,  5.81it/s]
instructblip/pope/ricd/coco/adversarial/seed1:  89%|████████▉ | 2672/3000 [07:45<00:56,  5.85it/s]
instructblip/pope/ricd/coco/adversarial/seed1:  89%|████████▉ | 2673/3000 [07:45<00:55,  5.90it/s]
instructblip/pope/ricd/coco/adversarial/seed1:  89%|████████▉ | 2674/3000 [07:45<00:54,  5.93it/s]
instructblip/pope/ricd/coco/adversarial/seed1:  89%|████████▉ | 2675/3000 [07:46<00:55,  5.91it/s]
instructblip/pope/ricd/coco/adversarial/seed1:  89%|████████▉ | 2676/3000 [07:46<00:54,  5.89it/s]
instructblip/pope/ricd/coco/adversarial/seed1:  89%|████████▉ | 2677/3000 [07:46<00:54,  5.89it/s]
instructblip/pope/ricd/coco/adversarial/seed1:  89%|████████▉ | 2678/3000 [07:46<00:55,  5.85it/s]
instructblip/pope/ricd/coco/adversarial/seed1:  89%|████████▉ | 2679/3000 [07:46<00:55,  5.78it/s]
instructblip/pope/ricd/coco/adversarial/seed1:  89%|████████▉ | 2680/3000 [07:46<00:54,  5.90it/s]
instructblip/pope/ricd/coco/adversarial/seed1:  89%|████████▉ | 2681/3000 [07:47<00:53,  5.91it/s]
instructblip/pope/ricd/coco/adversarial/seed1:  89%|████████▉ | 2682/3000 [07:47<00:53,  5.90it/s]
instructblip/pope/ricd/coco/adversarial/seed1:  89%|████████▉ | 2683/3000 [07:47<00:53,  5.98it/s]
instructblip/pope/ricd/coco/adversarial/seed1:  89%|████████▉ | 2684/3000 [07:47<00:52,  6.04it/s]
instructblip/pope/ricd/coco/adversarial/seed1:  90%|████████▉ | 2685/3000 [07:47<00:51,  6.08it/s]
instructblip/pope/ricd/coco/adversarial/seed1:  90%|████████▉ | 2686/3000 [07:47<00:52,  6.00it/s]
instructblip/pope/ricd/coco/adversarial/seed1:  90%|████████▉ | 2687/3000 [07:48<00:52,  6.01it/s]
instructblip/pope/ricd/coco/adversarial/seed1:  90%|████████▉ | 2688/3000 [07:48<00:52,  6.00it/s]
instructblip/pope/ricd/coco/adversarial/seed1:  90%|████████▉ | 2689/3000 [07:48<00:52,  5.92it/s]
instructblip/pope/ricd/coco/adversarial/seed1:  90%|████████▉ | 2690/3000 [07:48<00:52,  5.92it/s]
instructblip/pope/ricd/coco/adversarial/seed1:  90%|████████▉ | 2691/3000 [07:48<00:52,  5.84it/s]
instructblip/pope/ricd/coco/adversarial/seed1:  90%|████████▉ | 2692/3000 [07:48<00:52,  5.87it/s]
instructblip/pope/ricd/coco/adversarial/seed1:  90%|████████▉ | 2693/3000 [07:49<00:52,  5.85it/s]
instructblip/pope/ricd/coco/adversarial/seed1:  90%|████████▉ | 2694/3000 [07:49<00:52,  5.82it/s]
instructblip/pope/ricd/coco/adversarial/seed1:  90%|████████▉ | 2695/3000 [07:49<00:51,  5.87it/s]
instructblip/pope/ricd/coco/adversarial/seed1:  90%|████████▉ | 2696/3000 [07:49<00:51,  5.91it/s]
instructblip/pope/ricd/coco/adversarial/seed1:  90%|████████▉ | 2697/3000 [07:49<00:52,  5.82it/s]
instructblip/pope/ricd/coco/adversarial/seed1:  90%|████████▉ | 2698/3000 [07:50<00:52,  5.78it/s]
instructblip/pope/ricd/coco/adversarial/seed1:  90%|████████▉ | 2699/3000 [07:50<00:51,  5.85it/s]
instructblip/pope/ricd/coco/adversarial/seed1:  90%|█████████ | 2700/3000 [07:50<00:50,  5.91it/s]
instructblip/pope/ricd/coco/adversarial/seed1:  90%|█████████ | 2701/3000 [07:50<00:50,  5.94it/s]
instructblip/pope/ricd/coco/adversarial/seed1:  90%|█████████ | 2702/3000 [07:50<00:50,  5.86it/s]
instructblip/pope/ricd/coco/adversarial/seed1:  90%|█████████ | 2703/3000 [07:50<00:50,  5.90it/s]
instructblip/pope/ricd/coco/adversarial/seed1:  90%|█████████ | 2704/3000 [07:51<00:49,  5.93it/s]
instructblip/pope/ricd/coco/adversarial/seed1:  90%|█████████ | 2705/3000 [07:51<00:49,  5.96it/s]
instructblip/pope/ricd/coco/adversarial/seed1:  90%|█████████ | 2706/3000 [07:51<00:49,  5.98it/s]
instructblip/pope/ricd/coco/adversarial/seed1:  90%|█████████ | 2707/3000 [07:51<00:48,  6.01it/s]
instructblip/pope/ricd/coco/adversarial/seed1:  90%|█████████ | 2708/3000 [07:51<00:48,  5.99it/s]
instructblip/pope/ricd/coco/adversarial/seed1:  90%|█████████ | 2709/3000 [07:51<00:53,  5.44it/s]
instructblip/pope/ricd/coco/adversarial/seed1:  90%|█████████ | 2710/3000 [07:52<00:53,  5.44it/s]
instructblip/pope/ricd/coco/adversarial/seed1:  90%|█████████ | 2711/3000 [07:52<00:52,  5.50it/s]
instructblip/pope/ricd/coco/adversarial/seed1:  90%|█████████ | 2712/3000 [07:52<00:50,  5.65it/s]
instructblip/pope/ricd/coco/adversarial/seed1:  90%|█████████ | 2713/3000 [07:52<00:50,  5.63it/s]
instructblip/pope/ricd/coco/adversarial/seed1:  90%|█████████ | 2714/3000 [07:52<00:51,  5.59it/s]
instructblip/pope/ricd/coco/adversarial/seed1:  90%|█████████ | 2715/3000 [07:52<00:50,  5.62it/s]
instructblip/pope/ricd/coco/adversarial/seed1:  91%|█████████ | 2716/3000 [07:53<00:49,  5.74it/s]
instructblip/pope/ricd/coco/adversarial/seed1:  91%|█████████ | 2717/3000 [07:53<00:49,  5.75it/s]
instructblip/pope/ricd/coco/adversarial/seed1:  91%|█████████ | 2718/3000 [07:53<00:49,  5.70it/s]
instructblip/pope/ricd/coco/adversarial/seed1:  91%|█████████ | 2719/3000 [07:53<00:48,  5.77it/s]
instructblip/pope/ricd/coco/adversarial/seed1:  91%|█████████ | 2720/3000 [07:53<00:48,  5.83it/s]
instructblip/pope/ricd/coco/adversarial/seed1:  91%|█████████ | 2721/3000 [07:54<00:47,  5.83it/s]
instructblip/pope/ricd/coco/adversarial/seed1:  91%|█████████ | 2722/3000 [07:54<00:47,  5.83it/s]
instructblip/pope/ricd/coco/adversarial/seed1:  91%|█████████ | 2723/3000 [07:54<00:47,  5.87it/s]
instructblip/pope/ricd/coco/adversarial/seed1:  91%|█████████ | 2724/3000 [07:54<00:47,  5.77it/s]
instructblip/pope/ricd/coco/adversarial/seed1:  91%|█████████ | 2725/3000 [07:54<00:48,  5.65it/s]
instructblip/pope/ricd/coco/adversarial/seed1:  91%|█████████ | 2726/3000 [07:54<00:47,  5.71it/s]
instructblip/pope/ricd/coco/adversarial/seed1:  91%|█████████ | 2727/3000 [07:55<00:48,  5.60it/s]
instructblip/pope/ricd/coco/adversarial/seed1:  91%|█████████ | 2728/3000 [07:55<00:47,  5.67it/s]
instructblip/pope/ricd/coco/adversarial/seed1:  91%|█████████ | 2729/3000 [07:55<00:47,  5.65it/s]
instructblip/pope/ricd/coco/adversarial/seed1:  91%|█████████ | 2730/3000 [07:55<00:47,  5.71it/s]
instructblip/pope/ricd/coco/adversarial/seed1:  91%|█████████ | 2731/3000 [07:55<00:46,  5.73it/s]
instructblip/pope/ricd/coco/adversarial/seed1:  91%|█████████ | 2732/3000 [07:55<00:46,  5.75it/s]
instructblip/pope/ricd/coco/adversarial/seed1:  91%|█████████ | 2733/3000 [07:56<00:45,  5.84it/s]
instructblip/pope/ricd/coco/adversarial/seed1:  91%|█████████ | 2734/3000 [07:56<00:45,  5.82it/s]
instructblip/pope/ricd/coco/adversarial/seed1:  91%|█████████ | 2735/3000 [07:56<00:45,  5.83it/s]
instructblip/pope/ricd/coco/adversarial/seed1:  91%|█████████ | 2736/3000 [07:56<00:45,  5.77it/s]
instructblip/pope/ricd/coco/adversarial/seed1:  91%|█████████ | 2737/3000 [07:56<00:45,  5.76it/s]
instructblip/pope/ricd/coco/adversarial/seed1:  91%|█████████▏| 2738/3000 [07:56<00:45,  5.75it/s]
instructblip/pope/ricd/coco/adversarial/seed1:  91%|█████████▏| 2739/3000 [07:57<00:44,  5.81it/s]
instructblip/pope/ricd/coco/adversarial/seed1:  91%|█████████▏| 2740/3000 [07:57<00:45,  5.72it/s]
instructblip/pope/ricd/coco/adversarial/seed1:  91%|█████████▏| 2741/3000 [07:57<00:47,  5.44it/s]
instructblip/pope/ricd/coco/adversarial/seed1:  91%|█████████▏| 2742/3000 [07:57<00:48,  5.36it/s]
instructblip/pope/ricd/coco/adversarial/seed1:  91%|█████████▏| 2743/3000 [07:57<00:48,  5.35it/s]
instructblip/pope/ricd/coco/adversarial/seed1:  91%|█████████▏| 2744/3000 [07:58<00:46,  5.50it/s]
instructblip/pope/ricd/coco/adversarial/seed1:  92%|█████████▏| 2745/3000 [07:58<00:46,  5.51it/s]
instructblip/pope/ricd/coco/adversarial/seed1:  92%|█████████▏| 2746/3000 [07:58<00:45,  5.58it/s]
instructblip/pope/ricd/coco/adversarial/seed1:  92%|█████████▏| 2747/3000 [07:58<00:45,  5.54it/s]
instructblip/pope/ricd/coco/adversarial/seed1:  92%|█████████▏| 2748/3000 [07:58<00:45,  5.52it/s]
instructblip/pope/ricd/coco/adversarial/seed1:  92%|█████████▏| 2749/3000 [07:58<00:45,  5.56it/s]
instructblip/pope/ricd/coco/adversarial/seed1:  92%|█████████▏| 2750/3000 [07:59<00:44,  5.58it/s]
instructblip/pope/ricd/coco/adversarial/seed1:  92%|█████████▏| 2751/3000 [07:59<00:44,  5.56it/s]
instructblip/pope/ricd/coco/adversarial/seed1:  92%|█████████▏| 2752/3000 [07:59<00:45,  5.48it/s]
instructblip/pope/ricd/coco/adversarial/seed1:  92%|█████████▏| 2753/3000 [07:59<00:45,  5.37it/s]
instructblip/pope/ricd/coco/adversarial/seed1:  92%|█████████▏| 2754/3000 [07:59<00:46,  5.32it/s]
instructblip/pope/ricd/coco/adversarial/seed1:  92%|█████████▏| 2755/3000 [08:00<00:46,  5.27it/s]
instructblip/pope/ricd/coco/adversarial/seed1:  92%|█████████▏| 2756/3000 [08:00<00:45,  5.38it/s]
instructblip/pope/ricd/coco/adversarial/seed1:  92%|█████████▏| 2757/3000 [08:00<00:44,  5.52it/s]
instructblip/pope/ricd/coco/adversarial/seed1:  92%|█████████▏| 2758/3000 [08:00<00:43,  5.60it/s]
instructblip/pope/ricd/coco/adversarial/seed1:  92%|█████████▏| 2759/3000 [08:00<00:43,  5.60it/s]
instructblip/pope/ricd/coco/adversarial/seed1:  92%|█████████▏| 2760/3000 [08:00<00:44,  5.36it/s]
instructblip/pope/ricd/coco/adversarial/seed1:  92%|█████████▏| 2761/3000 [08:01<00:43,  5.48it/s]
instructblip/pope/ricd/coco/adversarial/seed1:  92%|█████████▏| 2762/3000 [08:01<00:43,  5.50it/s]
instructblip/pope/ricd/coco/adversarial/seed1:  92%|█████████▏| 2763/3000 [08:01<00:42,  5.58it/s]
instructblip/pope/ricd/coco/adversarial/seed1:  92%|█████████▏| 2764/3000 [08:01<00:42,  5.55it/s]
instructblip/pope/ricd/coco/adversarial/seed1:  92%|█████████▏| 2765/3000 [08:01<00:42,  5.55it/s]
instructblip/pope/ricd/coco/adversarial/seed1:  92%|█████████▏| 2766/3000 [08:02<00:41,  5.63it/s]
instructblip/pope/ricd/coco/adversarial/seed1:  92%|█████████▏| 2767/3000 [08:02<00:41,  5.62it/s]
instructblip/pope/ricd/coco/adversarial/seed1:  92%|█████████▏| 2768/3000 [08:02<00:41,  5.63it/s]
instructblip/pope/ricd/coco/adversarial/seed1:  92%|█████████▏| 2769/3000 [08:02<00:41,  5.50it/s]
instructblip/pope/ricd/coco/adversarial/seed1:  92%|█████████▏| 2770/3000 [08:02<00:41,  5.52it/s]
instructblip/pope/ricd/coco/adversarial/seed1:  92%|█████████▏| 2771/3000 [08:02<00:41,  5.58it/s]
instructblip/pope/ricd/coco/adversarial/seed1:  92%|█████████▏| 2772/3000 [08:03<00:40,  5.69it/s]
instructblip/pope/ricd/coco/adversarial/seed1:  92%|█████████▏| 2773/3000 [08:03<00:39,  5.74it/s]
instructblip/pope/ricd/coco/adversarial/seed1:  92%|█████████▏| 2774/3000 [08:03<00:39,  5.73it/s]
instructblip/pope/ricd/coco/adversarial/seed1:  92%|█████████▎| 2775/3000 [08:03<00:39,  5.75it/s]
instructblip/pope/ricd/coco/adversarial/seed1:  93%|█████████▎| 2776/3000 [08:03<00:39,  5.67it/s]
instructblip/pope/ricd/coco/adversarial/seed1:  93%|█████████▎| 2777/3000 [08:04<00:39,  5.60it/s]
instructblip/pope/ricd/coco/adversarial/seed1:  93%|█████████▎| 2778/3000 [08:04<00:39,  5.69it/s]
instructblip/pope/ricd/coco/adversarial/seed1:  93%|█████████▎| 2779/3000 [08:04<00:38,  5.76it/s]
instructblip/pope/ricd/coco/adversarial/seed1:  93%|█████████▎| 2780/3000 [08:04<00:38,  5.76it/s]
instructblip/pope/ricd/coco/adversarial/seed1:  93%|█████████▎| 2781/3000 [08:04<00:38,  5.69it/s]
instructblip/pope/ricd/coco/adversarial/seed1:  93%|█████████▎| 2782/3000 [08:04<00:38,  5.69it/s]
instructblip/pope/ricd/coco/adversarial/seed1:  93%|█████████▎| 2783/3000 [08:05<00:37,  5.75it/s]
instructblip/pope/ricd/coco/adversarial/seed1:  93%|█████████▎| 2784/3000 [08:05<00:37,  5.76it/s]
instructblip/pope/ricd/coco/adversarial/seed1:  93%|█████████▎| 2785/3000 [08:05<00:37,  5.78it/s]
instructblip/pope/ricd/coco/adversarial/seed1:  93%|█████████▎| 2786/3000 [08:05<00:36,  5.79it/s]
instructblip/pope/ricd/coco/adversarial/seed1:  93%|█████████▎| 2787/3000 [08:05<00:36,  5.79it/s]
instructblip/pope/ricd/coco/adversarial/seed1:  93%|█████████▎| 2788/3000 [08:05<00:37,  5.63it/s]
instructblip/pope/ricd/coco/adversarial/seed1:  93%|█████████▎| 2789/3000 [08:06<00:37,  5.61it/s]
instructblip/pope/ricd/coco/adversarial/seed1:  93%|█████████▎| 2790/3000 [08:06<00:36,  5.68it/s]
instructblip/pope/ricd/coco/adversarial/seed1:  93%|█████████▎| 2791/3000 [08:06<00:36,  5.71it/s]
instructblip/pope/ricd/coco/adversarial/seed1:  93%|█████████▎| 2792/3000 [08:06<00:36,  5.72it/s]
instructblip/pope/ricd/coco/adversarial/seed1:  93%|█████████▎| 2793/3000 [08:06<00:35,  5.77it/s]
instructblip/pope/ricd/coco/adversarial/seed1:  93%|█████████▎| 2794/3000 [08:06<00:36,  5.71it/s]
instructblip/pope/ricd/coco/adversarial/seed1:  93%|█████████▎| 2795/3000 [08:07<00:35,  5.77it/s]
instructblip/pope/ricd/coco/adversarial/seed1:  93%|█████████▎| 2796/3000 [08:07<00:35,  5.68it/s]
instructblip/pope/ricd/coco/adversarial/seed1:  93%|█████████▎| 2797/3000 [08:07<00:35,  5.66it/s]
instructblip/pope/ricd/coco/adversarial/seed1:  93%|█████████▎| 2798/3000 [08:07<00:35,  5.68it/s]
instructblip/pope/ricd/coco/adversarial/seed1:  93%|█████████▎| 2799/3000 [08:07<00:35,  5.67it/s]
instructblip/pope/ricd/coco/adversarial/seed1:  93%|█████████▎| 2800/3000 [08:08<00:35,  5.63it/s]
instructblip/pope/ricd/coco/adversarial/seed1:  93%|█████████▎| 2801/3000 [08:08<00:35,  5.67it/s]
instructblip/pope/ricd/coco/adversarial/seed1:  93%|█████████▎| 2802/3000 [08:08<00:35,  5.57it/s]
instructblip/pope/ricd/coco/adversarial/seed1:  93%|█████████▎| 2803/3000 [08:08<00:35,  5.58it/s]
instructblip/pope/ricd/coco/adversarial/seed1:  93%|█████████▎| 2804/3000 [08:08<00:35,  5.58it/s]
instructblip/pope/ricd/coco/adversarial/seed1:  94%|█████████▎| 2805/3000 [08:08<00:34,  5.61it/s]
instructblip/pope/ricd/coco/adversarial/seed1:  94%|█████████▎| 2806/3000 [08:09<00:34,  5.59it/s]
instructblip/pope/ricd/coco/adversarial/seed1:  94%|█████████▎| 2807/3000 [08:09<00:34,  5.65it/s]
instructblip/pope/ricd/coco/adversarial/seed1:  94%|█████████▎| 2808/3000 [08:09<00:34,  5.62it/s]
instructblip/pope/ricd/coco/adversarial/seed1:  94%|█████████▎| 2809/3000 [08:09<00:33,  5.66it/s]
instructblip/pope/ricd/coco/adversarial/seed1:  94%|█████████▎| 2810/3000 [08:09<00:33,  5.74it/s]
instructblip/pope/ricd/coco/adversarial/seed1:  94%|█████████▎| 2811/3000 [08:09<00:32,  5.78it/s]
instructblip/pope/ricd/coco/adversarial/seed1:  94%|█████████▎| 2812/3000 [08:10<00:33,  5.68it/s]
instructblip/pope/ricd/coco/adversarial/seed1:  94%|█████████▍| 2813/3000 [08:10<00:32,  5.72it/s]
instructblip/pope/ricd/coco/adversarial/seed1:  94%|█████████▍| 2814/3000 [08:10<00:32,  5.68it/s]
instructblip/pope/ricd/coco/adversarial/seed1:  94%|█████████▍| 2815/3000 [08:10<00:32,  5.73it/s]
instructblip/pope/ricd/coco/adversarial/seed1:  94%|█████████▍| 2816/3000 [08:10<00:32,  5.67it/s]
instructblip/pope/ricd/coco/adversarial/seed1:  94%|█████████▍| 2817/3000 [08:11<00:32,  5.66it/s]
instructblip/pope/ricd/coco/adversarial/seed1:  94%|█████████▍| 2818/3000 [08:11<00:31,  5.74it/s]
instructblip/pope/ricd/coco/adversarial/seed1:  94%|█████████▍| 2819/3000 [08:11<00:31,  5.74it/s]
instructblip/pope/ricd/coco/adversarial/seed1:  94%|█████████▍| 2820/3000 [08:11<00:31,  5.76it/s]
instructblip/pope/ricd/coco/adversarial/seed1:  94%|█████████▍| 2821/3000 [08:11<00:31,  5.75it/s]
instructblip/pope/ricd/coco/adversarial/seed1:  94%|█████████▍| 2822/3000 [08:11<00:31,  5.66it/s]
instructblip/pope/ricd/coco/adversarial/seed1:  94%|█████████▍| 2823/3000 [08:12<00:31,  5.68it/s]
instructblip/pope/ricd/coco/adversarial/seed1:  94%|█████████▍| 2824/3000 [08:12<00:30,  5.74it/s]
instructblip/pope/ricd/coco/adversarial/seed1:  94%|█████████▍| 2825/3000 [08:12<00:31,  5.64it/s]
instructblip/pope/ricd/coco/adversarial/seed1:  94%|█████████▍| 2826/3000 [08:12<00:30,  5.63it/s]
instructblip/pope/ricd/coco/adversarial/seed1:  94%|█████████▍| 2827/3000 [08:12<00:30,  5.65it/s]
instructblip/pope/ricd/coco/adversarial/seed1:  94%|█████████▍| 2828/3000 [08:12<00:30,  5.67it/s]
instructblip/pope/ricd/coco/adversarial/seed1:  94%|█████████▍| 2829/3000 [08:13<00:29,  5.76it/s]
instructblip/pope/ricd/coco/adversarial/seed1:  94%|█████████▍| 2830/3000 [08:13<00:29,  5.76it/s]
instructblip/pope/ricd/coco/adversarial/seed1:  94%|█████████▍| 2831/3000 [08:13<00:29,  5.76it/s]
instructblip/pope/ricd/coco/adversarial/seed1:  94%|█████████▍| 2832/3000 [08:13<00:28,  5.80it/s]
instructblip/pope/ricd/coco/adversarial/seed1:  94%|█████████▍| 2833/3000 [08:13<00:29,  5.74it/s]
instructblip/pope/ricd/coco/adversarial/seed1:  94%|█████████▍| 2834/3000 [08:14<00:29,  5.64it/s]
instructblip/pope/ricd/coco/adversarial/seed1:  94%|█████████▍| 2835/3000 [08:14<00:29,  5.68it/s]
instructblip/pope/ricd/coco/adversarial/seed1:  95%|█████████▍| 2836/3000 [08:14<00:28,  5.71it/s]
instructblip/pope/ricd/coco/adversarial/seed1:  95%|█████████▍| 2837/3000 [08:14<00:28,  5.63it/s]
instructblip/pope/ricd/coco/adversarial/seed1:  95%|█████████▍| 2838/3000 [08:14<00:28,  5.59it/s]
instructblip/pope/ricd/coco/adversarial/seed1:  95%|█████████▍| 2839/3000 [08:14<00:29,  5.53it/s]
instructblip/pope/ricd/coco/adversarial/seed1:  95%|█████████▍| 2840/3000 [08:15<00:28,  5.66it/s]
instructblip/pope/ricd/coco/adversarial/seed1:  95%|█████████▍| 2841/3000 [08:15<00:27,  5.69it/s]
instructblip/pope/ricd/coco/adversarial/seed1:  95%|█████████▍| 2842/3000 [08:15<00:27,  5.67it/s]
instructblip/pope/ricd/coco/adversarial/seed1:  95%|█████████▍| 2843/3000 [08:15<00:27,  5.63it/s]
instructblip/pope/ricd/coco/adversarial/seed1:  95%|█████████▍| 2844/3000 [08:15<00:27,  5.68it/s]
instructblip/pope/ricd/coco/adversarial/seed1:  95%|█████████▍| 2845/3000 [08:15<00:27,  5.69it/s]
instructblip/pope/ricd/coco/adversarial/seed1:  95%|█████████▍| 2846/3000 [08:16<00:26,  5.76it/s]
instructblip/pope/ricd/coco/adversarial/seed1:  95%|█████████▍| 2847/3000 [08:16<00:26,  5.72it/s]
instructblip/pope/ricd/coco/adversarial/seed1:  95%|█████████▍| 2848/3000 [08:16<00:26,  5.73it/s]
instructblip/pope/ricd/coco/adversarial/seed1:  95%|█████████▍| 2849/3000 [08:16<00:26,  5.75it/s]
instructblip/pope/ricd/coco/adversarial/seed1:  95%|█████████▌| 2850/3000 [08:16<00:26,  5.71it/s]
instructblip/pope/ricd/coco/adversarial/seed1:  95%|█████████▌| 2851/3000 [08:17<00:26,  5.66it/s]
instructblip/pope/ricd/coco/adversarial/seed1:  95%|█████████▌| 2852/3000 [08:17<00:25,  5.73it/s]
instructblip/pope/ricd/coco/adversarial/seed1:  95%|█████████▌| 2853/3000 [08:17<00:25,  5.74it/s]
instructblip/pope/ricd/coco/adversarial/seed1:  95%|█████████▌| 2854/3000 [08:17<00:25,  5.78it/s]
instructblip/pope/ricd/coco/adversarial/seed1:  95%|█████████▌| 2855/3000 [08:17<00:24,  5.83it/s]
instructblip/pope/ricd/coco/adversarial/seed1:  95%|█████████▌| 2856/3000 [08:17<00:24,  5.87it/s]
instructblip/pope/ricd/coco/adversarial/seed1:  95%|█████████▌| 2857/3000 [08:18<00:24,  5.81it/s]
instructblip/pope/ricd/coco/adversarial/seed1:  95%|█████████▌| 2858/3000 [08:18<00:24,  5.84it/s]
instructblip/pope/ricd/coco/adversarial/seed1:  95%|█████████▌| 2859/3000 [08:18<00:24,  5.87it/s]
instructblip/pope/ricd/coco/adversarial/seed1:  95%|█████████▌| 2860/3000 [08:18<00:23,  5.87it/s]
instructblip/pope/ricd/coco/adversarial/seed1:  95%|█████████▌| 2861/3000 [08:18<00:24,  5.75it/s]
instructblip/pope/ricd/coco/adversarial/seed1:  95%|█████████▌| 2862/3000 [08:18<00:23,  5.78it/s]
instructblip/pope/ricd/coco/adversarial/seed1:  95%|█████████▌| 2863/3000 [08:19<00:23,  5.86it/s]
instructblip/pope/ricd/coco/adversarial/seed1:  95%|█████████▌| 2864/3000 [08:19<00:23,  5.87it/s]
instructblip/pope/ricd/coco/adversarial/seed1:  96%|█████████▌| 2865/3000 [08:19<00:23,  5.63it/s]
instructblip/pope/ricd/coco/adversarial/seed1:  96%|█████████▌| 2866/3000 [08:19<00:24,  5.55it/s]
instructblip/pope/ricd/coco/adversarial/seed1:  96%|█████████▌| 2867/3000 [08:19<00:23,  5.69it/s]
instructblip/pope/ricd/coco/adversarial/seed1:  96%|█████████▌| 2868/3000 [08:19<00:23,  5.62it/s]
instructblip/pope/ricd/coco/adversarial/seed1:  96%|█████████▌| 2869/3000 [08:20<00:23,  5.70it/s]
instructblip/pope/ricd/coco/adversarial/seed1:  96%|█████████▌| 2870/3000 [08:20<00:22,  5.70it/s]
instructblip/pope/ricd/coco/adversarial/seed1:  96%|█████████▌| 2871/3000 [08:20<00:22,  5.63it/s]
instructblip/pope/ricd/coco/adversarial/seed1:  96%|█████████▌| 2872/3000 [08:20<00:22,  5.67it/s]
instructblip/pope/ricd/coco/adversarial/seed1:  96%|█████████▌| 2873/3000 [08:20<00:22,  5.56it/s]
instructblip/pope/ricd/coco/adversarial/seed1:  96%|█████████▌| 2874/3000 [08:21<00:22,  5.61it/s]
instructblip/pope/ricd/coco/adversarial/seed1:  96%|█████████▌| 2875/3000 [08:21<00:22,  5.59it/s]
instructblip/pope/ricd/coco/adversarial/seed1:  96%|█████████▌| 2876/3000 [08:21<00:21,  5.65it/s]
instructblip/pope/ricd/coco/adversarial/seed1:  96%|█████████▌| 2877/3000 [08:21<00:21,  5.64it/s]
instructblip/pope/ricd/coco/adversarial/seed1:  96%|█████████▌| 2878/3000 [08:21<00:21,  5.55it/s]
instructblip/pope/ricd/coco/adversarial/seed1:  96%|█████████▌| 2879/3000 [08:21<00:21,  5.53it/s]
instructblip/pope/ricd/coco/adversarial/seed1:  96%|█████████▌| 2880/3000 [08:22<00:21,  5.61it/s]
instructblip/pope/ricd/coco/adversarial/seed1:  96%|█████████▌| 2881/3000 [08:22<00:21,  5.63it/s]
instructblip/pope/ricd/coco/adversarial/seed1:  96%|█████████▌| 2882/3000 [08:22<00:20,  5.65it/s]
instructblip/pope/ricd/coco/adversarial/seed1:  96%|█████████▌| 2883/3000 [08:22<00:20,  5.69it/s]
instructblip/pope/ricd/coco/adversarial/seed1:  96%|█████████▌| 2884/3000 [08:22<00:20,  5.63it/s]
instructblip/pope/ricd/coco/adversarial/seed1:  96%|█████████▌| 2885/3000 [08:22<00:20,  5.62it/s]
instructblip/pope/ricd/coco/adversarial/seed1:  96%|█████████▌| 2886/3000 [08:23<00:20,  5.67it/s]
instructblip/pope/ricd/coco/adversarial/seed1:  96%|█████████▌| 2887/3000 [08:23<00:20,  5.64it/s]
instructblip/pope/ricd/coco/adversarial/seed1:  96%|█████████▋| 2888/3000 [08:23<00:20,  5.56it/s]
instructblip/pope/ricd/coco/adversarial/seed1:  96%|█████████▋| 2889/3000 [08:23<00:19,  5.59it/s]
instructblip/pope/ricd/coco/adversarial/seed1:  96%|█████████▋| 2890/3000 [08:23<00:19,  5.60it/s]
instructblip/pope/ricd/coco/adversarial/seed1:  96%|█████████▋| 2891/3000 [08:24<00:19,  5.54it/s]
instructblip/pope/ricd/coco/adversarial/seed1:  96%|█████████▋| 2892/3000 [08:24<00:19,  5.62it/s]
instructblip/pope/ricd/coco/adversarial/seed1:  96%|█████████▋| 2893/3000 [08:24<00:18,  5.69it/s]
instructblip/pope/ricd/coco/adversarial/seed1:  96%|█████████▋| 2894/3000 [08:24<00:19,  5.56it/s]
instructblip/pope/ricd/coco/adversarial/seed1:  96%|█████████▋| 2895/3000 [08:24<00:20,  5.24it/s]
instructblip/pope/ricd/coco/adversarial/seed1:  97%|█████████▋| 2896/3000 [08:24<00:19,  5.41it/s]
instructblip/pope/ricd/coco/adversarial/seed1:  97%|█████████▋| 2897/3000 [08:25<00:18,  5.49it/s]
instructblip/pope/ricd/coco/adversarial/seed1:  97%|█████████▋| 2898/3000 [08:25<00:18,  5.55it/s]
instructblip/pope/ricd/coco/adversarial/seed1:  97%|█████████▋| 2899/3000 [08:25<00:18,  5.52it/s]
instructblip/pope/ricd/coco/adversarial/seed1:  97%|█████████▋| 2900/3000 [08:25<00:18,  5.53it/s]
instructblip/pope/ricd/coco/adversarial/seed1:  97%|█████████▋| 2901/3000 [08:25<00:17,  5.58it/s]
instructblip/pope/ricd/coco/adversarial/seed1:  97%|█████████▋| 2902/3000 [08:26<00:17,  5.53it/s]
instructblip/pope/ricd/coco/adversarial/seed1:  97%|█████████▋| 2903/3000 [08:26<00:17,  5.56it/s]
instructblip/pope/ricd/coco/adversarial/seed1:  97%|█████████▋| 2904/3000 [08:26<00:17,  5.61it/s]
instructblip/pope/ricd/coco/adversarial/seed1:  97%|█████████▋| 2905/3000 [08:26<00:16,  5.59it/s]
instructblip/pope/ricd/coco/adversarial/seed1:  97%|█████████▋| 2906/3000 [08:26<00:18,  5.12it/s]
instructblip/pope/ricd/coco/adversarial/seed1:  97%|█████████▋| 2907/3000 [08:26<00:17,  5.26it/s]
instructblip/pope/ricd/coco/adversarial/seed1:  97%|█████████▋| 2908/3000 [08:27<00:17,  5.41it/s]
instructblip/pope/ricd/coco/adversarial/seed1:  97%|█████████▋| 2909/3000 [08:27<00:16,  5.56it/s]
instructblip/pope/ricd/coco/adversarial/seed1:  97%|█████████▋| 2910/3000 [08:27<00:16,  5.59it/s]
instructblip/pope/ricd/coco/adversarial/seed1:  97%|█████████▋| 2911/3000 [08:27<00:15,  5.67it/s]
instructblip/pope/ricd/coco/adversarial/seed1:  97%|█████████▋| 2912/3000 [08:27<00:15,  5.71it/s]
instructblip/pope/ricd/coco/adversarial/seed1:  97%|█████████▋| 2913/3000 [08:28<00:15,  5.66it/s]
instructblip/pope/ricd/coco/adversarial/seed1:  97%|█████████▋| 2914/3000 [08:28<00:15,  5.62it/s]
instructblip/pope/ricd/coco/adversarial/seed1:  97%|█████████▋| 2915/3000 [08:28<00:15,  5.61it/s]
instructblip/pope/ricd/coco/adversarial/seed1:  97%|█████████▋| 2916/3000 [08:28<00:14,  5.71it/s]
instructblip/pope/ricd/coco/adversarial/seed1:  97%|█████████▋| 2917/3000 [08:28<00:14,  5.74it/s]
instructblip/pope/ricd/coco/adversarial/seed1:  97%|█████████▋| 2918/3000 [08:28<00:14,  5.65it/s]
instructblip/pope/ricd/coco/adversarial/seed1:  97%|█████████▋| 2919/3000 [08:29<00:14,  5.55it/s]
instructblip/pope/ricd/coco/adversarial/seed1:  97%|█████████▋| 2920/3000 [08:29<00:14,  5.63it/s]
instructblip/pope/ricd/coco/adversarial/seed1:  97%|█████████▋| 2921/3000 [08:29<00:14,  5.52it/s]
instructblip/pope/ricd/coco/adversarial/seed1:  97%|█████████▋| 2922/3000 [08:29<00:13,  5.67it/s]
instructblip/pope/ricd/coco/adversarial/seed1:  97%|█████████▋| 2923/3000 [08:29<00:13,  5.71it/s]
instructblip/pope/ricd/coco/adversarial/seed1:  97%|█████████▋| 2924/3000 [08:29<00:13,  5.82it/s]
instructblip/pope/ricd/coco/adversarial/seed1:  98%|█████████▊| 2925/3000 [08:30<00:12,  5.87it/s]
instructblip/pope/ricd/coco/adversarial/seed1:  98%|█████████▊| 2926/3000 [08:30<00:12,  5.90it/s]
instructblip/pope/ricd/coco/adversarial/seed1:  98%|█████████▊| 2927/3000 [08:30<00:12,  5.96it/s]
instructblip/pope/ricd/coco/adversarial/seed1:  98%|█████████▊| 2928/3000 [08:30<00:11,  6.01it/s]
instructblip/pope/ricd/coco/adversarial/seed1:  98%|█████████▊| 2929/3000 [08:30<00:11,  6.05it/s]
instructblip/pope/ricd/coco/adversarial/seed1:  98%|█████████▊| 2930/3000 [08:30<00:11,  5.97it/s]
instructblip/pope/ricd/coco/adversarial/seed1:  98%|█████████▊| 2931/3000 [08:31<00:11,  5.81it/s]
instructblip/pope/ricd/coco/adversarial/seed1:  98%|█████████▊| 2932/3000 [08:31<00:11,  5.75it/s]
instructblip/pope/ricd/coco/adversarial/seed1:  98%|█████████▊| 2933/3000 [08:31<00:11,  5.77it/s]
instructblip/pope/ricd/coco/adversarial/seed1:  98%|█████████▊| 2934/3000 [08:31<00:11,  5.77it/s]
instructblip/pope/ricd/coco/adversarial/seed1:  98%|█████████▊| 2935/3000 [08:31<00:11,  5.64it/s]
instructblip/pope/ricd/coco/adversarial/seed1:  98%|█████████▊| 2936/3000 [08:32<00:11,  5.67it/s]
instructblip/pope/ricd/coco/adversarial/seed1:  98%|█████████▊| 2937/3000 [08:32<00:11,  5.63it/s]
instructblip/pope/ricd/coco/adversarial/seed1:  98%|█████████▊| 2938/3000 [08:32<00:11,  5.58it/s]
instructblip/pope/ricd/coco/adversarial/seed1:  98%|█████████▊| 2939/3000 [08:32<00:10,  5.58it/s]
instructblip/pope/ricd/coco/adversarial/seed1:  98%|█████████▊| 2940/3000 [08:32<00:10,  5.65it/s]
instructblip/pope/ricd/coco/adversarial/seed1:  98%|█████████▊| 2941/3000 [08:32<00:10,  5.66it/s]
instructblip/pope/ricd/coco/adversarial/seed1:  98%|█████████▊| 2942/3000 [08:33<00:10,  5.72it/s]
instructblip/pope/ricd/coco/adversarial/seed1:  98%|█████████▊| 2943/3000 [08:33<00:09,  5.74it/s]
instructblip/pope/ricd/coco/adversarial/seed1:  98%|█████████▊| 2944/3000 [08:33<00:09,  5.73it/s]
instructblip/pope/ricd/coco/adversarial/seed1:  98%|█████████▊| 2945/3000 [08:33<00:09,  5.69it/s]
instructblip/pope/ricd/coco/adversarial/seed1:  98%|█████████▊| 2946/3000 [08:33<00:09,  5.62it/s]
instructblip/pope/ricd/coco/adversarial/seed1:  98%|█████████▊| 2947/3000 [08:33<00:09,  5.60it/s]
instructblip/pope/ricd/coco/adversarial/seed1:  98%|█████████▊| 2948/3000 [08:34<00:09,  5.71it/s]
instructblip/pope/ricd/coco/adversarial/seed1:  98%|█████████▊| 2949/3000 [08:34<00:08,  5.71it/s]
instructblip/pope/ricd/coco/adversarial/seed1:  98%|█████████▊| 2950/3000 [08:34<00:08,  5.69it/s]
instructblip/pope/ricd/coco/adversarial/seed1:  98%|█████████▊| 2951/3000 [08:34<00:08,  5.78it/s]
instructblip/pope/ricd/coco/adversarial/seed1:  98%|█████████▊| 2952/3000 [08:34<00:08,  5.83it/s]
instructblip/pope/ricd/coco/adversarial/seed1:  98%|█████████▊| 2953/3000 [08:35<00:08,  5.81it/s]
instructblip/pope/ricd/coco/adversarial/seed1:  98%|█████████▊| 2954/3000 [08:35<00:08,  5.67it/s]
instructblip/pope/ricd/coco/adversarial/seed1:  98%|█████████▊| 2955/3000 [08:35<00:07,  5.69it/s]
instructblip/pope/ricd/coco/adversarial/seed1:  99%|█████████▊| 2956/3000 [08:35<00:07,  5.68it/s]
instructblip/pope/ricd/coco/adversarial/seed1:  99%|█████████▊| 2957/3000 [08:35<00:07,  5.65it/s]
instructblip/pope/ricd/coco/adversarial/seed1:  99%|█████████▊| 2958/3000 [08:35<00:07,  5.62it/s]
instructblip/pope/ricd/coco/adversarial/seed1:  99%|█████████▊| 2959/3000 [08:36<00:07,  5.67it/s]
instructblip/pope/ricd/coco/adversarial/seed1:  99%|█████████▊| 2960/3000 [08:36<00:07,  5.39it/s]
instructblip/pope/ricd/coco/adversarial/seed1:  99%|█████████▊| 2961/3000 [08:36<00:07,  5.40it/s]
instructblip/pope/ricd/coco/adversarial/seed1:  99%|█████████▊| 2962/3000 [08:36<00:06,  5.48it/s]
instructblip/pope/ricd/coco/adversarial/seed1:  99%|█████████▉| 2963/3000 [08:36<00:06,  5.53it/s]
instructblip/pope/ricd/coco/adversarial/seed1:  99%|█████████▉| 2964/3000 [08:37<00:06,  5.40it/s]
instructblip/pope/ricd/coco/adversarial/seed1:  99%|█████████▉| 2965/3000 [08:37<00:06,  5.35it/s]
instructblip/pope/ricd/coco/adversarial/seed1:  99%|█████████▉| 2966/3000 [08:37<00:06,  5.32it/s]
instructblip/pope/ricd/coco/adversarial/seed1:  99%|█████████▉| 2967/3000 [08:37<00:06,  5.24it/s]
instructblip/pope/ricd/coco/adversarial/seed1:  99%|█████████▉| 2968/3000 [08:37<00:06,  5.12it/s]
instructblip/pope/ricd/coco/adversarial/seed1:  99%|█████████▉| 2969/3000 [08:38<00:06,  5.10it/s]
instructblip/pope/ricd/coco/adversarial/seed1:  99%|█████████▉| 2970/3000 [08:38<00:06,  5.00it/s]
instructblip/pope/ricd/coco/adversarial/seed1:  99%|█████████▉| 2971/3000 [08:38<00:05,  5.02it/s]
instructblip/pope/ricd/coco/adversarial/seed1:  99%|█████████▉| 2972/3000 [08:38<00:05,  4.79it/s]
instructblip/pope/ricd/coco/adversarial/seed1:  99%|█████████▉| 2973/3000 [08:38<00:05,  4.94it/s]
instructblip/pope/ricd/coco/adversarial/seed1:  99%|█████████▉| 2974/3000 [08:39<00:05,  4.83it/s]
instructblip/pope/ricd/coco/adversarial/seed1:  99%|█████████▉| 2975/3000 [08:39<00:04,  5.04it/s]
instructblip/pope/ricd/coco/adversarial/seed1:  99%|█████████▉| 2976/3000 [08:39<00:04,  5.22it/s]
instructblip/pope/ricd/coco/adversarial/seed1:  99%|█████████▉| 2977/3000 [08:39<00:04,  5.32it/s]
instructblip/pope/ricd/coco/adversarial/seed1:  99%|█████████▉| 2978/3000 [08:39<00:04,  5.33it/s]
instructblip/pope/ricd/coco/adversarial/seed1:  99%|█████████▉| 2979/3000 [08:39<00:03,  5.38it/s]
instructblip/pope/ricd/coco/adversarial/seed1:  99%|█████████▉| 2980/3000 [08:40<00:03,  5.05it/s]
instructblip/pope/ricd/coco/adversarial/seed1:  99%|█████████▉| 2981/3000 [08:40<00:03,  5.11it/s]
instructblip/pope/ricd/coco/adversarial/seed1:  99%|█████████▉| 2982/3000 [08:40<00:03,  5.01it/s]
instructblip/pope/ricd/coco/adversarial/seed1:  99%|█████████▉| 2983/3000 [08:40<00:03,  4.96it/s]
instructblip/pope/ricd/coco/adversarial/seed1:  99%|█████████▉| 2984/3000 [08:40<00:03,  4.92it/s]
instructblip/pope/ricd/coco/adversarial/seed1: 100%|█████████▉| 2985/3000 [08:41<00:02,  5.05it/s]
instructblip/pope/ricd/coco/adversarial/seed1: 100%|█████████▉| 2986/3000 [08:41<00:02,  5.25it/s]
instructblip/pope/ricd/coco/adversarial/seed1: 100%|█████████▉| 2987/3000 [08:41<00:02,  5.46it/s]
instructblip/pope/ricd/coco/adversarial/seed1: 100%|█████████▉| 2988/3000 [08:41<00:02,  5.57it/s]
instructblip/pope/ricd/coco/adversarial/seed1: 100%|█████████▉| 2989/3000 [08:41<00:02,  5.36it/s]
instructblip/pope/ricd/coco/adversarial/seed1: 100%|█████████▉| 2990/3000 [08:42<00:01,  5.25it/s]
instructblip/pope/ricd/coco/adversarial/seed1: 100%|█████████▉| 2991/3000 [08:42<00:01,  5.29it/s]
instructblip/pope/ricd/coco/adversarial/seed1: 100%|█████████▉| 2992/3000 [08:42<00:01,  5.33it/s]
instructblip/pope/ricd/coco/adversarial/seed1: 100%|█████████▉| 2993/3000 [08:42<00:01,  5.11it/s]
instructblip/pope/ricd/coco/adversarial/seed1: 100%|█████████▉| 2994/3000 [08:42<00:01,  5.12it/s]
instructblip/pope/ricd/coco/adversarial/seed1: 100%|█████████▉| 2995/3000 [08:43<00:00,  5.27it/s]
instructblip/pope/ricd/coco/adversarial/seed1: 100%|█████████▉| 2996/3000 [08:43<00:00,  5.20it/s]
instructblip/pope/ricd/coco/adversarial/seed1: 100%|█████████▉| 2997/3000 [08:43<00:00,  5.27it/s]
instructblip/pope/ricd/coco/adversarial/seed1: 100%|█████████▉| 2998/3000 [08:43<00:00,  5.49it/s]
instructblip/pope/ricd/coco/adversarial/seed1: 100%|█████████▉| 2999/3000 [08:43<00:00,  5.65it/s]
instructblip/pope/ricd/coco/adversarial/seed1: 100%|██████████| 3000/3000 [08:43<00:00,  5.66it/s]
instructblip/pope/ricd/coco/adversarial/seed1: 100%|██████████| 3000/3000 [08:43<00:00,  5.73it/s]
{
  "protocol_version": "instructblip-ricd-j3-fixed-popular-adversarial-v1",
  "benchmark": "pope",
  "model": "instructblip",
  "method": "ricd",
  "dataset": "coco",
  "setting": "adversarial",
  "seed": 1,
  "generation": {
    "do_sample": false,
    "temperature": 1.0,
    "top_p": 1.0,
    "top_k": null,
    "max_new_tokens": 32,
    "use_cache": true
  },
  "ricd": {
    "lambda_l": 0.5,
    "lambda_s": 1.0,
    "tau_l": 1.0,
    "tau_v": 1.0,
    "top_k_proxy": 10,
    "apc_mode": "relative_max",
    "theta_apc": 0.3,
    "selection_status": "frozen_from_random_j3_before_popular_adversarial_evaluation"
  },
  "metrics": {
    "agla_official_compatible": {
      "total": 3000,
      "correct": 2472,
      "tp": 1225,
      "fp": 253,
      "tn": 1247,
      "fn": 275,
      "unknown_predictions": 0,
      "ambiguous_contains_both": 0,
      "accuracy": 82.4,
      "precision": 82.88227334235452,
      "recall": 81.66666666666667,
      "f1": 82.26997985224982,
      "yes_ratio": 49.266666666666666
    },
    "strict_first_token": {
      "total": 3000,
      "correct": 2472,
      "tp": 1225,
      "fp": 253,
      "tn": 1247,
      "fn": 275,
      "unknown_predictions": 0,
      "ambiguous_contains_both": 0,
      "accuracy": 82.4,
      "precision": 82.88227334235452,
      "recall": 81.66666666666667,
      "f1": 82.26997985224982,
      "yes_ratio": 49.266666666666666
    }
  }
}
[2026-08-25 13:46:45] GPU1 DONE  J3 coco adversarial
[2026-08-25 13:46:45] GPU1 START J3 aokvqa adversarial
{
  "protocol_version": "instructblip-ricd-j3-fixed-popular-adversarial-v1",
  "model": "instructblip",
  "benchmark": "pope",
  "method": "ricd",
  "dataset": "aokvqa",
  "setting": "adversarial",
  "seed": 1,
  "samples": 3000,
  "image_root": "/root/autodl-tmp/CCR-master/data/coco/val2014",
  "completed": 0,
  "job_dir": "/root/autodl-tmp/CCR-master/outputs/instructblip_ricd_j3_fixed_popular_adversarial_v1/instructblip/pope/ricd/aokvqa/adversarial/seed1",
  "config_path": "/root/autodl-tmp/CCR-master/configs/instructblip_j3_popular_adversarial/j3_fixed.json",
  "generation": {
    "do_sample": false,
    "temperature": 1.0,
    "top_p": 1.0,
    "top_k": null,
    "max_new_tokens": 32,
    "use_cache": true
  }
}
[InstructBLIP] Loading via HF: Salesforce/instructblip-vicuna-7b...
/root/miniconda3/lib/python3.10/site-packages/huggingface_hub/file_download.py:942: FutureWarning: `resume_download` is deprecated and will be removed in version 1.0.0. Downloads always resume when possible. If you want to force a new download, use `force_download=True`.
  warnings.warn(
You are using the legacy behaviour of the <class 'transformers.models.llama.tokenization_llama.LlamaTokenizer'>. This means that tokens that come after special tokens will not be properly handled. We recommend you to read the related pull request available at https://github.com/huggingface/transformers/pull/24565

Loading checkpoint shards:   0%|          | 0/4 [00:00<?, ?it/s]
Loading checkpoint shards:  25%|██▌       | 1/4 [00:02<00:08,  2.74s/it]
Loading checkpoint shards:  50%|█████     | 2/4 [00:04<00:04,  2.42s/it]
Loading checkpoint shards:  75%|███████▌  | 3/4 [00:06<00:02,  2.20s/it]
Loading checkpoint shards: 100%|██████████| 4/4 [00:07<00:00,  1.50s/it]
Loading checkpoint shards: 100%|██████████| 4/4 [00:07<00:00,  1.83s/it]
Some weights of InstructBlipForConditionalGeneration were not initialized from the model checkpoint at Salesforce/instructblip-vicuna-7b and are newly initialized: ['language_model.model.layers.6.self_attn.rotary_emb.inv_freq', 'language_model.model.layers.14.self_attn.rotary_emb.inv_freq', 'language_model.model.layers.18.self_attn.rotary_emb.inv_freq', 'language_model.model.layers.17.self_attn.rotary_emb.inv_freq', 'language_model.model.layers.22.self_attn.rotary_emb.inv_freq', 'language_model.model.layers.31.self_attn.rotary_emb.inv_freq', 'language_model.model.layers.28.self_attn.rotary_emb.inv_freq', 'language_model.model.layers.24.self_attn.rotary_emb.inv_freq', 'language_model.model.layers.19.self_attn.rotary_emb.inv_freq', 'language_model.model.layers.12.self_attn.rotary_emb.inv_freq', 'language_model.model.layers.26.self_attn.rotary_emb.inv_freq', 'language_model.model.layers.29.self_attn.rotary_emb.inv_freq', 'language_model.model.layers.5.self_attn.rotary_emb.inv_freq', 'language_model.model.layers.30.self_attn.rotary_emb.inv_freq', 'language_model.model.layers.23.self_attn.rotary_emb.inv_freq', 'language_model.model.layers.8.self_attn.rotary_emb.inv_freq', 'language_model.model.layers.4.self_attn.rotary_emb.inv_freq', 'language_model.model.layers.3.self_attn.rotary_emb.inv_freq', 'language_model.model.layers.15.self_attn.rotary_emb.inv_freq', 'language_model.model.layers.16.self_attn.rotary_emb.inv_freq', 'language_model.model.layers.21.self_attn.rotary_emb.inv_freq', 'language_model.model.layers.1.self_attn.rotary_emb.inv_freq', 'language_model.model.layers.9.self_attn.rotary_emb.inv_freq', 'language_model.model.layers.11.self_attn.rotary_emb.inv_freq', 'language_model.model.layers.10.self_attn.rotary_emb.inv_freq', 'language_model.model.layers.13.self_attn.rotary_emb.inv_freq', 'language_model.model.layers.0.self_attn.rotary_emb.inv_freq', 'language_model.model.layers.27.self_attn.rotary_emb.inv_freq', 'language_model.model.layers.2.self_attn.rotary_emb.inv_freq', 'language_model.model.layers.20.self_attn.rotary_emb.inv_freq', 'language_model.model.layers.7.self_attn.rotary_emb.inv_freq', 'language_model.model.layers.25.self_attn.rotary_emb.inv_freq']
You should probably TRAIN this model on a down-stream task to be able to use it for predictions and inference.
[InstructBLIP] Loaded (HF).

instructblip/pope/ricd/aokvqa/adversarial/seed1:   0%|          | 0/3000 [00:00<?, ?it/s]
instructblip/pope/ricd/aokvqa/adversarial/seed1:   0%|          | 1/3000 [00:01<1:17:56,  1.56s/it]
instructblip/pope/ricd/aokvqa/adversarial/seed1:   0%|          | 2/3000 [00:01<37:22,  1.34it/s]  
instructblip/pope/ricd/aokvqa/adversarial/seed1:   0%|          | 3/3000 [00:01<24:08,  2.07it/s]
instructblip/pope/ricd/aokvqa/adversarial/seed1:   0%|          | 4/3000 [00:02<18:05,  2.76it/s]
instructblip/pope/ricd/aokvqa/adversarial/seed1:   0%|          | 5/3000 [00:02<14:30,  3.44it/s]
instructblip/pope/ricd/aokvqa/adversarial/seed1:   0%|          | 6/3000 [00:02<12:24,  4.02it/s]
instructblip/pope/ricd/aokvqa/adversarial/seed1:   0%|          | 7/3000 [00:02<11:09,  4.47it/s]
instructblip/pope/ricd/aokvqa/adversarial/seed1:   0%|          | 8/3000 [00:02<10:15,  4.86it/s]
instructblip/pope/ricd/aokvqa/adversarial/seed1:   0%|          | 9/3000 [00:02<09:38,  5.17it/s]
instructblip/pope/ricd/aokvqa/adversarial/seed1:   0%|          | 10/3000 [00:03<09:14,  5.39it/s]
instructblip/pope/ricd/aokvqa/adversarial/seed1:   0%|          | 11/3000 [00:03<08:56,  5.58it/s]
instructblip/pope/ricd/aokvqa/adversarial/seed1:   0%|          | 12/3000 [00:03<08:47,  5.67it/s]
instructblip/pope/ricd/aokvqa/adversarial/seed1:   0%|          | 13/3000 [00:03<08:42,  5.71it/s]
instructblip/pope/ricd/aokvqa/adversarial/seed1:   0%|          | 14/3000 [00:03<08:44,  5.69it/s]
instructblip/pope/ricd/aokvqa/adversarial/seed1:   0%|          | 15/3000 [00:03<08:37,  5.77it/s]
instructblip/pope/ricd/aokvqa/adversarial/seed1:   1%|          | 16/3000 [00:04<08:30,  5.85it/s]
instructblip/pope/ricd/aokvqa/adversarial/seed1:   1%|          | 17/3000 [00:04<08:24,  5.91it/s]
instructblip/pope/ricd/aokvqa/adversarial/seed1:   1%|          | 18/3000 [00:04<08:28,  5.87it/s]
instructblip/pope/ricd/aokvqa/adversarial/seed1:   1%|          | 19/3000 [00:04<08:32,  5.82it/s]
instructblip/pope/ricd/aokvqa/adversarial/seed1:   1%|          | 20/3000 [00:04<08:26,  5.88it/s]
instructblip/pope/ricd/aokvqa/adversarial/seed1:   1%|          | 21/3000 [00:04<08:24,  5.91it/s]
instructblip/pope/ricd/aokvqa/adversarial/seed1:   1%|          | 22/3000 [00:05<08:18,  5.98it/s]
instructblip/pope/ricd/aokvqa/adversarial/seed1:   1%|          | 23/3000 [00:05<08:28,  5.85it/s]
instructblip/pope/ricd/aokvqa/adversarial/seed1:   1%|          | 24/3000 [00:05<08:44,  5.67it/s]
instructblip/pope/ricd/aokvqa/adversarial/seed1:   1%|          | 25/3000 [00:05<08:50,  5.61it/s]
instructblip/pope/ricd/aokvqa/adversarial/seed1:   1%|          | 26/3000 [00:05<08:46,  5.65it/s]
instructblip/pope/ricd/aokvqa/adversarial/seed1:   1%|          | 27/3000 [00:06<08:41,  5.71it/s]
instructblip/pope/ricd/aokvqa/adversarial/seed1:   1%|          | 28/3000 [00:06<08:42,  5.69it/s]
instructblip/pope/ricd/aokvqa/adversarial/seed1:   1%|          | 29/3000 [00:06<08:30,  5.82it/s]
instructblip/pope/ricd/aokvqa/adversarial/seed1:   1%|          | 30/3000 [00:06<08:25,  5.87it/s]
instructblip/pope/ricd/aokvqa/adversarial/seed1:   1%|          | 31/3000 [00:06<08:24,  5.89it/s]
instructblip/pope/ricd/aokvqa/adversarial/seed1:   1%|          | 32/3000 [00:06<08:32,  5.79it/s]
instructblip/pope/ricd/aokvqa/adversarial/seed1:   1%|          | 33/3000 [00:07<08:21,  5.92it/s]
instructblip/pope/ricd/aokvqa/adversarial/seed1:   1%|          | 34/3000 [00:07<08:24,  5.88it/s]
instructblip/pope/ricd/aokvqa/adversarial/seed1:   1%|          | 35/3000 [00:07<08:30,  5.81it/s]
instructblip/pope/ricd/aokvqa/adversarial/seed1:   1%|          | 36/3000 [00:07<08:20,  5.92it/s]
instructblip/pope/ricd/aokvqa/adversarial/seed1:   1%|          | 37/3000 [00:07<08:25,  5.86it/s]
instructblip/pope/ricd/aokvqa/adversarial/seed1:   1%|▏         | 38/3000 [00:07<08:29,  5.82it/s]
instructblip/pope/ricd/aokvqa/adversarial/seed1:   1%|▏         | 39/3000 [00:08<08:22,  5.89it/s]
instructblip/pope/ricd/aokvqa/adversarial/seed1:   1%|▏         | 40/3000 [00:08<08:20,  5.91it/s]
instructblip/pope/ricd/aokvqa/adversarial/seed1:   1%|▏         | 41/3000 [00:08<08:14,  5.99it/s]
instructblip/pope/ricd/aokvqa/adversarial/seed1:   1%|▏         | 42/3000 [00:08<08:09,  6.05it/s]
instructblip/pope/ricd/aokvqa/adversarial/seed1:   1%|▏         | 43/3000 [00:08<08:04,  6.10it/s]
instructblip/pope/ricd/aokvqa/adversarial/seed1:   1%|▏         | 44/3000 [00:08<08:03,  6.12it/s]
instructblip/pope/ricd/aokvqa/adversarial/seed1:   2%|▏         | 45/3000 [00:09<08:01,  6.14it/s]
instructblip/pope/ricd/aokvqa/adversarial/seed1:   2%|▏         | 46/3000 [00:09<08:00,  6.15it/s]
instructblip/pope/ricd/aokvqa/adversarial/seed1:   2%|▏         | 47/3000 [00:09<08:01,  6.14it/s]
instructblip/pope/ricd/aokvqa/adversarial/seed1:   2%|▏         | 48/3000 [00:09<08:01,  6.13it/s]
instructblip/pope/ricd/aokvqa/adversarial/seed1:   2%|▏         | 49/3000 [00:09<08:09,  6.03it/s]
instructblip/pope/ricd/aokvqa/adversarial/seed1:   2%|▏         | 50/3000 [00:09<08:05,  6.07it/s]
instructblip/pope/ricd/aokvqa/adversarial/seed1:   2%|▏         | 51/3000 [00:10<08:07,  6.05it/s]
instructblip/pope/ricd/aokvqa/adversarial/seed1:   2%|▏         | 52/3000 [00:10<08:07,  6.05it/s]
instructblip/pope/ricd/aokvqa/adversarial/seed1:   2%|▏         | 53/3000 [00:10<08:05,  6.07it/s]
instructblip/pope/ricd/aokvqa/adversarial/seed1:   2%|▏         | 54/3000 [00:10<08:04,  6.09it/s]
instructblip/pope/ricd/aokvqa/adversarial/seed1:   2%|▏         | 55/3000 [00:10<08:02,  6.10it/s]
instructblip/pope/ricd/aokvqa/adversarial/seed1:   2%|▏         | 56/3000 [00:10<08:02,  6.10it/s]
instructblip/pope/ricd/aokvqa/adversarial/seed1:   2%|▏         | 57/3000 [00:10<07:58,  6.15it/s]
instructblip/pope/ricd/aokvqa/adversarial/seed1:   2%|▏         | 58/3000 [00:11<08:09,  6.01it/s]
instructblip/pope/ricd/aokvqa/adversarial/seed1:   2%|▏         | 59/3000 [00:11<08:17,  5.92it/s]
instructblip/pope/ricd/aokvqa/adversarial/seed1:   2%|▏         | 60/3000 [00:11<08:14,  5.95it/s]
instructblip/pope/ricd/aokvqa/adversarial/seed1:   2%|▏         | 61/3000 [00:11<08:26,  5.81it/s]
instructblip/pope/ricd/aokvqa/adversarial/seed1:   2%|▏         | 62/3000 [00:11<08:36,  5.69it/s]
instructblip/pope/ricd/aokvqa/adversarial/seed1:   2%|▏         | 63/3000 [00:12<08:40,  5.64it/s]
instructblip/pope/ricd/aokvqa/adversarial/seed1:   2%|▏         | 64/3000 [00:12<08:30,  5.75it/s]
instructblip/pope/ricd/aokvqa/adversarial/seed1:   2%|▏         | 65/3000 [00:12<08:43,  5.61it/s]
instructblip/pope/ricd/aokvqa/adversarial/seed1:   2%|▏         | 66/3000 [00:12<08:34,  5.70it/s]
instructblip/pope/ricd/aokvqa/adversarial/seed1:   2%|▏         | 67/3000 [00:12<08:20,  5.86it/s]
instructblip/pope/ricd/aokvqa/adversarial/seed1:   2%|▏         | 68/3000 [00:12<08:20,  5.85it/s]
instructblip/pope/ricd/aokvqa/adversarial/seed1:   2%|▏         | 69/3000 [00:13<08:17,  5.90it/s]
instructblip/pope/ricd/aokvqa/adversarial/seed1:   2%|▏         | 70/3000 [00:13<08:11,  5.96it/s]
instructblip/pope/ricd/aokvqa/adversarial/seed1:   2%|▏         | 71/3000 [00:13<08:06,  6.02it/s]
instructblip/pope/ricd/aokvqa/adversarial/seed1:   2%|▏         | 72/3000 [00:13<08:04,  6.04it/s]
instructblip/pope/ricd/aokvqa/adversarial/seed1:   2%|▏         | 73/3000 [00:13<08:06,  6.01it/s]
instructblip/pope/ricd/aokvqa/adversarial/seed1:   2%|▏         | 74/3000 [00:13<08:12,  5.94it/s]
instructblip/pope/ricd/aokvqa/adversarial/seed1:   2%|▎         | 75/3000 [00:14<08:20,  5.85it/s]
instructblip/pope/ricd/aokvqa/adversarial/seed1:   3%|▎         | 76/3000 [00:14<08:31,  5.71it/s]
instructblip/pope/ricd/aokvqa/adversarial/seed1:   3%|▎         | 77/3000 [00:14<08:36,  5.66it/s]
instructblip/pope/ricd/aokvqa/adversarial/seed1:   3%|▎         | 78/3000 [00:14<08:43,  5.58it/s]
instructblip/pope/ricd/aokvqa/adversarial/seed1:   3%|▎         | 79/3000 [00:14<08:35,  5.67it/s]
instructblip/pope/ricd/aokvqa/adversarial/seed1:   3%|▎         | 80/3000 [00:14<08:35,  5.66it/s]
instructblip/pope/ricd/aokvqa/adversarial/seed1:   3%|▎         | 81/3000 [00:15<08:41,  5.59it/s]
instructblip/pope/ricd/aokvqa/adversarial/seed1:   3%|▎         | 82/3000 [00:15<08:36,  5.65it/s]
instructblip/pope/ricd/aokvqa/adversarial/seed1:   3%|▎         | 83/3000 [00:15<08:40,  5.60it/s]
instructblip/pope/ricd/aokvqa/adversarial/seed1:   3%|▎         | 84/3000 [00:15<08:33,  5.68it/s]
instructblip/pope/ricd/aokvqa/adversarial/seed1:   3%|▎         | 85/3000 [00:15<08:29,  5.72it/s]
instructblip/pope/ricd/aokvqa/adversarial/seed1:   3%|▎         | 86/3000 [00:16<08:21,  5.81it/s]
instructblip/pope/ricd/aokvqa/adversarial/seed1:   3%|▎         | 87/3000 [00:16<08:21,  5.81it/s]
instructblip/pope/ricd/aokvqa/adversarial/seed1:   3%|▎         | 88/3000 [00:16<08:20,  5.82it/s]
instructblip/pope/ricd/aokvqa/adversarial/seed1:   3%|▎         | 89/3000 [00:16<08:15,  5.87it/s]
instructblip/pope/ricd/aokvqa/adversarial/seed1:   3%|▎         | 90/3000 [00:16<08:09,  5.95it/s]
instructblip/pope/ricd/aokvqa/adversarial/seed1:   3%|▎         | 91/3000 [00:16<08:17,  5.84it/s]
instructblip/pope/ricd/aokvqa/adversarial/seed1:   3%|▎         | 92/3000 [00:17<08:13,  5.89it/s]
instructblip/pope/ricd/aokvqa/adversarial/seed1:   3%|▎         | 93/3000 [00:17<08:18,  5.83it/s]
instructblip/pope/ricd/aokvqa/adversarial/seed1:   3%|▎         | 94/3000 [00:17<08:10,  5.93it/s]
instructblip/pope/ricd/aokvqa/adversarial/seed1:   3%|▎         | 95/3000 [00:17<08:07,  5.96it/s]
instructblip/pope/ricd/aokvqa/adversarial/seed1:   3%|▎         | 96/3000 [00:17<08:05,  5.98it/s]
instructblip/pope/ricd/aokvqa/adversarial/seed1:   3%|▎         | 97/3000 [00:17<08:02,  6.01it/s]
instructblip/pope/ricd/aokvqa/adversarial/seed1:   3%|▎         | 98/3000 [00:18<08:02,  6.01it/s]
instructblip/pope/ricd/aokvqa/adversarial/seed1:   3%|▎         | 99/3000 [00:18<08:02,  6.02it/s]
instructblip/pope/ricd/aokvqa/adversarial/seed1:   3%|▎         | 100/3000 [00:18<08:10,  5.91it/s]
instructblip/pope/ricd/aokvqa/adversarial/seed1:   3%|▎         | 101/3000 [00:18<08:06,  5.96it/s]
instructblip/pope/ricd/aokvqa/adversarial/seed1:   3%|▎         | 102/3000 [00:18<08:09,  5.92it/s]
instructblip/pope/ricd/aokvqa/adversarial/seed1:   3%|▎         | 103/3000 [00:18<08:06,  5.95it/s]
instructblip/pope/ricd/aokvqa/adversarial/seed1:   3%|▎         | 104/3000 [00:19<08:08,  5.92it/s]
instructblip/pope/ricd/aokvqa/adversarial/seed1:   4%|▎         | 105/3000 [00:19<08:06,  5.96it/s]
instructblip/pope/ricd/aokvqa/adversarial/seed1:   4%|▎         | 106/3000 [00:19<08:03,  5.98it/s]
instructblip/pope/ricd/aokvqa/adversarial/seed1:   4%|▎         | 107/3000 [00:19<08:07,  5.93it/s]
instructblip/pope/ricd/aokvqa/adversarial/seed1:   4%|▎         | 108/3000 [00:19<08:12,  5.87it/s]
instructblip/pope/ricd/aokvqa/adversarial/seed1:   4%|▎         | 109/3000 [00:19<08:14,  5.85it/s]
instructblip/pope/ricd/aokvqa/adversarial/seed1:   4%|▎         | 110/3000 [00:20<08:07,  5.92it/s]
instructblip/pope/ricd/aokvqa/adversarial/seed1:   4%|▎         | 111/3000 [00:20<08:09,  5.91it/s]
instructblip/pope/ricd/aokvqa/adversarial/seed1:   4%|▎         | 112/3000 [00:20<08:08,  5.91it/s]
instructblip/pope/ricd/aokvqa/adversarial/seed1:   4%|▍         | 113/3000 [00:20<08:10,  5.88it/s]
instructblip/pope/ricd/aokvqa/adversarial/seed1:   4%|▍         | 114/3000 [00:20<08:08,  5.91it/s]
instructblip/pope/ricd/aokvqa/adversarial/seed1:   4%|▍         | 115/3000 [00:20<08:07,  5.91it/s]
instructblip/pope/ricd/aokvqa/adversarial/seed1:   4%|▍         | 116/3000 [00:21<08:47,  5.47it/s]
instructblip/pope/ricd/aokvqa/adversarial/seed1:   4%|▍         | 117/3000 [00:21<09:44,  4.93it/s]
instructblip/pope/ricd/aokvqa/adversarial/seed1:   4%|▍         | 118/3000 [00:21<10:03,  4.77it/s]
instructblip/pope/ricd/aokvqa/adversarial/seed1:   4%|▍         | 119/3000 [00:21<09:32,  5.04it/s]
instructblip/pope/ricd/aokvqa/adversarial/seed1:   4%|▍         | 120/3000 [00:21<09:04,  5.29it/s]
instructblip/pope/ricd/aokvqa/adversarial/seed1:   4%|▍         | 121/3000 [00:22<08:52,  5.41it/s]
instructblip/pope/ricd/aokvqa/adversarial/seed1:   4%|▍         | 122/3000 [00:22<08:34,  5.59it/s]
instructblip/pope/ricd/aokvqa/adversarial/seed1:   4%|▍         | 123/3000 [00:22<08:30,  5.63it/s]
instructblip/pope/ricd/aokvqa/adversarial/seed1:   4%|▍         | 124/3000 [00:22<08:25,  5.69it/s]
instructblip/pope/ricd/aokvqa/adversarial/seed1:   4%|▍         | 125/3000 [00:22<08:27,  5.67it/s]
instructblip/pope/ricd/aokvqa/adversarial/seed1:   4%|▍         | 126/3000 [00:22<08:24,  5.70it/s]
instructblip/pope/ricd/aokvqa/adversarial/seed1:   4%|▍         | 127/3000 [00:23<08:13,  5.83it/s]
instructblip/pope/ricd/aokvqa/adversarial/seed1:   4%|▍         | 128/3000 [00:23<08:12,  5.84it/s]
instructblip/pope/ricd/aokvqa/adversarial/seed1:   4%|▍         | 129/3000 [00:23<08:08,  5.88it/s]
instructblip/pope/ricd/aokvqa/adversarial/seed1:   4%|▍         | 130/3000 [00:23<07:59,  5.99it/s]
instructblip/pope/ricd/aokvqa/adversarial/seed1:   4%|▍         | 131/3000 [00:23<07:56,  6.02it/s]
instructblip/pope/ricd/aokvqa/adversarial/seed1:   4%|▍         | 132/3000 [00:23<08:00,  5.96it/s]
instructblip/pope/ricd/aokvqa/adversarial/seed1:   4%|▍         | 133/3000 [00:24<07:57,  6.01it/s]
instructblip/pope/ricd/aokvqa/adversarial/seed1:   4%|▍         | 134/3000 [00:24<07:53,  6.05it/s]
instructblip/pope/ricd/aokvqa/adversarial/seed1:   4%|▍         | 135/3000 [00:24<07:59,  5.98it/s]
instructblip/pope/ricd/aokvqa/adversarial/seed1:   5%|▍         | 136/3000 [00:24<07:55,  6.02it/s]
instructblip/pope/ricd/aokvqa/adversarial/seed1:   5%|▍         | 137/3000 [00:24<08:01,  5.95it/s]
instructblip/pope/ricd/aokvqa/adversarial/seed1:   5%|▍         | 138/3000 [00:24<08:09,  5.85it/s]
instructblip/pope/ricd/aokvqa/adversarial/seed1:   5%|▍         | 139/3000 [00:25<09:25,  5.06it/s]
instructblip/pope/ricd/aokvqa/adversarial/seed1:   5%|▍         | 140/3000 [00:25<09:06,  5.23it/s]
instructblip/pope/ricd/aokvqa/adversarial/seed1:   5%|▍         | 141/3000 [00:25<08:42,  5.47it/s]
instructblip/pope/ricd/aokvqa/adversarial/seed1:   5%|▍         | 142/3000 [00:25<08:27,  5.63it/s]
instructblip/pope/ricd/aokvqa/adversarial/seed1:   5%|▍         | 143/3000 [00:25<08:22,  5.68it/s]
instructblip/pope/ricd/aokvqa/adversarial/seed1:   5%|▍         | 144/3000 [00:26<08:17,  5.74it/s]
instructblip/pope/ricd/aokvqa/adversarial/seed1:   5%|▍         | 145/3000 [00:26<08:15,  5.77it/s]
instructblip/pope/ricd/aokvqa/adversarial/seed1:   5%|▍         | 146/3000 [00:26<08:05,  5.88it/s]
instructblip/pope/ricd/aokvqa/adversarial/seed1:   5%|▍         | 147/3000 [00:26<07:54,  6.01it/s]
instructblip/pope/ricd/aokvqa/adversarial/seed1:   5%|▍         | 148/3000 [00:26<07:54,  6.01it/s]
instructblip/pope/ricd/aokvqa/adversarial/seed1:   5%|▍         | 149/3000 [00:26<07:55,  6.00it/s]
instructblip/pope/ricd/aokvqa/adversarial/seed1:   5%|▌         | 150/3000 [00:27<07:54,  6.01it/s]
instructblip/pope/ricd/aokvqa/adversarial/seed1:   5%|▌         | 151/3000 [00:27<07:58,  5.96it/s]
instructblip/pope/ricd/aokvqa/adversarial/seed1:   5%|▌         | 152/3000 [00:27<07:52,  6.03it/s]
instructblip/pope/ricd/aokvqa/adversarial/seed1:   5%|▌         | 153/3000 [00:27<07:47,  6.09it/s]
instructblip/pope/ricd/aokvqa/adversarial/seed1:   5%|▌         | 154/3000 [00:27<07:44,  6.13it/s]
instructblip/pope/ricd/aokvqa/adversarial/seed1:   5%|▌         | 155/3000 [00:27<07:42,  6.16it/s]
instructblip/pope/ricd/aokvqa/adversarial/seed1:   5%|▌         | 156/3000 [00:28<07:39,  6.18it/s]
instructblip/pope/ricd/aokvqa/adversarial/seed1:   5%|▌         | 157/3000 [00:28<07:41,  6.17it/s]
instructblip/pope/ricd/aokvqa/adversarial/seed1:   5%|▌         | 158/3000 [00:28<07:42,  6.15it/s]
instructblip/pope/ricd/aokvqa/adversarial/seed1:   5%|▌         | 159/3000 [00:28<07:45,  6.10it/s]
instructblip/pope/ricd/aokvqa/adversarial/seed1:   5%|▌         | 160/3000 [00:28<07:47,  6.07it/s]
instructblip/pope/ricd/aokvqa/adversarial/seed1:   5%|▌         | 161/3000 [00:28<07:47,  6.07it/s]
instructblip/pope/ricd/aokvqa/adversarial/seed1:   5%|▌         | 162/3000 [00:29<07:51,  6.02it/s]
instructblip/pope/ricd/aokvqa/adversarial/seed1:   5%|▌         | 163/3000 [00:29<07:55,  5.97it/s]
instructblip/pope/ricd/aokvqa/adversarial/seed1:   5%|▌         | 164/3000 [00:29<07:58,  5.92it/s]
instructblip/pope/ricd/aokvqa/adversarial/seed1:   6%|▌         | 165/3000 [00:29<08:04,  5.85it/s]
instructblip/pope/ricd/aokvqa/adversarial/seed1:   6%|▌         | 166/3000 [00:29<08:05,  5.83it/s]
instructblip/pope/ricd/aokvqa/adversarial/seed1:   6%|▌         | 167/3000 [00:29<08:22,  5.64it/s]
instructblip/pope/ricd/aokvqa/adversarial/seed1:   6%|▌         | 168/3000 [00:30<08:23,  5.62it/s]
instructblip/pope/ricd/aokvqa/adversarial/seed1:   6%|▌         | 169/3000 [00:30<08:24,  5.61it/s]
instructblip/pope/ricd/aokvqa/adversarial/seed1:   6%|▌         | 170/3000 [00:30<08:15,  5.71it/s]
instructblip/pope/ricd/aokvqa/adversarial/seed1:   6%|▌         | 171/3000 [00:30<08:04,  5.84it/s]
instructblip/pope/ricd/aokvqa/adversarial/seed1:   6%|▌         | 172/3000 [00:30<08:00,  5.88it/s]
instructblip/pope/ricd/aokvqa/adversarial/seed1:   6%|▌         | 173/3000 [00:30<08:03,  5.85it/s]
instructblip/pope/ricd/aokvqa/adversarial/seed1:   6%|▌         | 174/3000 [00:31<07:58,  5.91it/s]
instructblip/pope/ricd/aokvqa/adversarial/seed1:   6%|▌         | 175/3000 [00:31<07:52,  5.98it/s]
instructblip/pope/ricd/aokvqa/adversarial/seed1:   6%|▌         | 176/3000 [00:31<07:56,  5.93it/s]
instructblip/pope/ricd/aokvqa/adversarial/seed1:   6%|▌         | 177/3000 [00:31<07:58,  5.90it/s]
instructblip/pope/ricd/aokvqa/adversarial/seed1:   6%|▌         | 178/3000 [00:31<07:53,  5.96it/s]
instructblip/pope/ricd/aokvqa/adversarial/seed1:   6%|▌         | 179/3000 [00:31<07:55,  5.94it/s]
instructblip/pope/ricd/aokvqa/adversarial/seed1:   6%|▌         | 180/3000 [00:32<07:57,  5.91it/s]
instructblip/pope/ricd/aokvqa/adversarial/seed1:   6%|▌         | 181/3000 [00:32<08:04,  5.81it/s]
instructblip/pope/ricd/aokvqa/adversarial/seed1:   6%|▌         | 182/3000 [00:32<07:57,  5.90it/s]
instructblip/pope/ricd/aokvqa/adversarial/seed1:   6%|▌         | 183/3000 [00:32<08:01,  5.86it/s]
instructblip/pope/ricd/aokvqa/adversarial/seed1:   6%|▌         | 184/3000 [00:32<08:00,  5.86it/s]
instructblip/pope/ricd/aokvqa/adversarial/seed1:   6%|▌         | 185/3000 [00:33<07:57,  5.89it/s]
instructblip/pope/ricd/aokvqa/adversarial/seed1:   6%|▌         | 186/3000 [00:33<08:02,  5.83it/s]
instructblip/pope/ricd/aokvqa/adversarial/seed1:   6%|▌         | 187/3000 [00:33<07:58,  5.88it/s]
instructblip/pope/ricd/aokvqa/adversarial/seed1:   6%|▋         | 188/3000 [00:33<07:52,  5.95it/s]
instructblip/pope/ricd/aokvqa/adversarial/seed1:   6%|▋         | 189/3000 [00:33<07:59,  5.86it/s]
instructblip/pope/ricd/aokvqa/adversarial/seed1:   6%|▋         | 190/3000 [00:33<08:02,  5.83it/s]
instructblip/pope/ricd/aokvqa/adversarial/seed1:   6%|▋         | 191/3000 [00:34<07:54,  5.92it/s]
instructblip/pope/ricd/aokvqa/adversarial/seed1:   6%|▋         | 192/3000 [00:34<07:51,  5.96it/s]
instructblip/pope/ricd/aokvqa/adversarial/seed1:   6%|▋         | 193/3000 [00:34<07:57,  5.88it/s]
instructblip/pope/ricd/aokvqa/adversarial/seed1:   6%|▋         | 194/3000 [00:34<07:52,  5.94it/s]
instructblip/pope/ricd/aokvqa/adversarial/seed1:   6%|▋         | 195/3000 [00:34<07:48,  5.99it/s]
instructblip/pope/ricd/aokvqa/adversarial/seed1:   7%|▋         | 196/3000 [00:34<07:44,  6.03it/s]
instructblip/pope/ricd/aokvqa/adversarial/seed1:   7%|▋         | 197/3000 [00:35<07:41,  6.08it/s]
instructblip/pope/ricd/aokvqa/adversarial/seed1:   7%|▋         | 198/3000 [00:35<07:38,  6.11it/s]
instructblip/pope/ricd/aokvqa/adversarial/seed1:   7%|▋         | 199/3000 [00:35<07:37,  6.13it/s]
instructblip/pope/ricd/aokvqa/adversarial/seed1:   7%|▋         | 200/3000 [00:35<07:36,  6.13it/s]
instructblip/pope/ricd/aokvqa/adversarial/seed1:   7%|▋         | 201/3000 [00:35<07:37,  6.12it/s]
instructblip/pope/ricd/aokvqa/adversarial/seed1:   7%|▋         | 202/3000 [00:35<07:39,  6.10it/s]
instructblip/pope/ricd/aokvqa/adversarial/seed1:   7%|▋         | 203/3000 [00:36<07:44,  6.03it/s]
instructblip/pope/ricd/aokvqa/adversarial/seed1:   7%|▋         | 204/3000 [00:36<07:48,  5.96it/s]
instructblip/pope/ricd/aokvqa/adversarial/seed1:   7%|▋         | 205/3000 [00:36<07:42,  6.04it/s]
instructblip/pope/ricd/aokvqa/adversarial/seed1:   7%|▋         | 206/3000 [00:36<07:39,  6.08it/s]
instructblip/pope/ricd/aokvqa/adversarial/seed1:   7%|▋         | 207/3000 [00:36<07:37,  6.10it/s]
instructblip/pope/ricd/aokvqa/adversarial/seed1:   7%|▋         | 208/3000 [00:36<07:33,  6.16it/s]
instructblip/pope/ricd/aokvqa/adversarial/seed1:   7%|▋         | 209/3000 [00:36<07:35,  6.12it/s]
instructblip/pope/ricd/aokvqa/adversarial/seed1:   7%|▋         | 210/3000 [00:37<07:40,  6.06it/s]
instructblip/pope/ricd/aokvqa/adversarial/seed1:   7%|▋         | 211/3000 [00:37<07:45,  6.00it/s]
instructblip/pope/ricd/aokvqa/adversarial/seed1:   7%|▋         | 212/3000 [00:37<07:51,  5.92it/s]
instructblip/pope/ricd/aokvqa/adversarial/seed1:   7%|▋         | 213/3000 [00:37<07:54,  5.87it/s]
instructblip/pope/ricd/aokvqa/adversarial/seed1:   7%|▋         | 214/3000 [00:37<07:54,  5.88it/s]
instructblip/pope/ricd/aokvqa/adversarial/seed1:   7%|▋         | 215/3000 [00:38<07:51,  5.90it/s]
instructblip/pope/ricd/aokvqa/adversarial/seed1:   7%|▋         | 216/3000 [00:38<07:49,  5.93it/s]
instructblip/pope/ricd/aokvqa/adversarial/seed1:   7%|▋         | 217/3000 [00:38<07:53,  5.88it/s]
instructblip/pope/ricd/aokvqa/adversarial/seed1:   7%|▋         | 218/3000 [00:38<07:47,  5.95it/s]
instructblip/pope/ricd/aokvqa/adversarial/seed1:   7%|▋         | 219/3000 [00:38<07:42,  6.01it/s]
instructblip/pope/ricd/aokvqa/adversarial/seed1:   7%|▋         | 220/3000 [00:38<07:39,  6.05it/s]
instructblip/pope/ricd/aokvqa/adversarial/seed1:   7%|▋         | 221/3000 [00:39<07:37,  6.08it/s]
instructblip/pope/ricd/aokvqa/adversarial/seed1:   7%|▋         | 222/3000 [00:39<07:35,  6.10it/s]
instructblip/pope/ricd/aokvqa/adversarial/seed1:   7%|▋         | 223/3000 [00:39<07:35,  6.09it/s]
instructblip/pope/ricd/aokvqa/adversarial/seed1:   7%|▋         | 224/3000 [00:39<07:35,  6.09it/s]
instructblip/pope/ricd/aokvqa/adversarial/seed1:   8%|▊         | 225/3000 [00:39<07:35,  6.09it/s]
instructblip/pope/ricd/aokvqa/adversarial/seed1:   8%|▊         | 226/3000 [00:39<07:43,  5.99it/s]
instructblip/pope/ricd/aokvqa/adversarial/seed1:   8%|▊         | 227/3000 [00:39<07:41,  6.01it/s]
instructblip/pope/ricd/aokvqa/adversarial/seed1:   8%|▊         | 228/3000 [00:40<07:40,  6.03it/s]
instructblip/pope/ricd/aokvqa/adversarial/seed1:   8%|▊         | 229/3000 [00:40<07:41,  6.00it/s]
instructblip/pope/ricd/aokvqa/adversarial/seed1:   8%|▊         | 230/3000 [00:40<07:46,  5.93it/s]
instructblip/pope/ricd/aokvqa/adversarial/seed1:   8%|▊         | 231/3000 [00:40<07:47,  5.93it/s]
instructblip/pope/ricd/aokvqa/adversarial/seed1:   8%|▊         | 232/3000 [00:40<07:41,  6.00it/s]
instructblip/pope/ricd/aokvqa/adversarial/seed1:   8%|▊         | 233/3000 [00:41<07:42,  5.98it/s]
instructblip/pope/ricd/aokvqa/adversarial/seed1:   8%|▊         | 234/3000 [00:41<07:45,  5.95it/s]
instructblip/pope/ricd/aokvqa/adversarial/seed1:   8%|▊         | 235/3000 [00:41<07:40,  6.01it/s]
instructblip/pope/ricd/aokvqa/adversarial/seed1:   8%|▊         | 236/3000 [00:41<07:40,  6.00it/s]
instructblip/pope/ricd/aokvqa/adversarial/seed1:   8%|▊         | 237/3000 [00:41<07:37,  6.04it/s]
instructblip/pope/ricd/aokvqa/adversarial/seed1:   8%|▊         | 238/3000 [00:41<07:35,  6.06it/s]
instructblip/pope/ricd/aokvqa/adversarial/seed1:   8%|▊         | 239/3000 [00:41<07:34,  6.08it/s]
instructblip/pope/ricd/aokvqa/adversarial/seed1:   8%|▊         | 240/3000 [00:42<07:32,  6.10it/s]
instructblip/pope/ricd/aokvqa/adversarial/seed1:   8%|▊         | 241/3000 [00:42<07:39,  6.00it/s]
instructblip/pope/ricd/aokvqa/adversarial/seed1:   8%|▊         | 242/3000 [00:42<07:40,  5.98it/s]
instructblip/pope/ricd/aokvqa/adversarial/seed1:   8%|▊         | 243/3000 [00:42<07:42,  5.95it/s]
instructblip/pope/ricd/aokvqa/adversarial/seed1:   8%|▊         | 244/3000 [00:42<07:42,  5.96it/s]
instructblip/pope/ricd/aokvqa/adversarial/seed1:   8%|▊         | 245/3000 [00:43<07:45,  5.92it/s]
instructblip/pope/ricd/aokvqa/adversarial/seed1:   8%|▊         | 246/3000 [00:43<07:50,  5.86it/s]
instructblip/pope/ricd/aokvqa/adversarial/seed1:   8%|▊         | 247/3000 [00:43<07:44,  5.93it/s]
instructblip/pope/ricd/aokvqa/adversarial/seed1:   8%|▊         | 248/3000 [00:43<07:44,  5.92it/s]
instructblip/pope/ricd/aokvqa/adversarial/seed1:   8%|▊         | 249/3000 [00:43<07:56,  5.77it/s]
instructblip/pope/ricd/aokvqa/adversarial/seed1:   8%|▊         | 250/3000 [00:43<07:56,  5.77it/s]
instructblip/pope/ricd/aokvqa/adversarial/seed1:   8%|▊         | 251/3000 [00:44<08:02,  5.70it/s]
instructblip/pope/ricd/aokvqa/adversarial/seed1:   8%|▊         | 252/3000 [00:44<07:51,  5.83it/s]
instructblip/pope/ricd/aokvqa/adversarial/seed1:   8%|▊         | 253/3000 [00:44<07:50,  5.83it/s]
instructblip/pope/ricd/aokvqa/adversarial/seed1:   8%|▊         | 254/3000 [00:44<07:48,  5.86it/s]
instructblip/pope/ricd/aokvqa/adversarial/seed1:   8%|▊         | 255/3000 [00:44<07:43,  5.92it/s]
instructblip/pope/ricd/aokvqa/adversarial/seed1:   9%|▊         | 256/3000 [00:44<07:51,  5.82it/s]
instructblip/pope/ricd/aokvqa/adversarial/seed1:   9%|▊         | 257/3000 [00:45<07:52,  5.81it/s]
instructblip/pope/ricd/aokvqa/adversarial/seed1:   9%|▊         | 258/3000 [00:45<07:58,  5.73it/s]
instructblip/pope/ricd/aokvqa/adversarial/seed1:   9%|▊         | 259/3000 [00:45<07:57,  5.74it/s]
instructblip/pope/ricd/aokvqa/adversarial/seed1:   9%|▊         | 260/3000 [00:45<07:52,  5.80it/s]
instructblip/pope/ricd/aokvqa/adversarial/seed1:   9%|▊         | 261/3000 [00:45<07:47,  5.86it/s]
instructblip/pope/ricd/aokvqa/adversarial/seed1:   9%|▊         | 262/3000 [00:45<07:49,  5.83it/s]
instructblip/pope/ricd/aokvqa/adversarial/seed1:   9%|▉         | 263/3000 [00:46<07:44,  5.89it/s]
instructblip/pope/ricd/aokvqa/adversarial/seed1:   9%|▉         | 264/3000 [00:46<07:48,  5.84it/s]
instructblip/pope/ricd/aokvqa/adversarial/seed1:   9%|▉         | 265/3000 [00:46<07:48,  5.84it/s]
instructblip/pope/ricd/aokvqa/adversarial/seed1:   9%|▉         | 266/3000 [00:46<07:46,  5.86it/s]
instructblip/pope/ricd/aokvqa/adversarial/seed1:   9%|▉         | 267/3000 [00:46<07:43,  5.90it/s]
instructblip/pope/ricd/aokvqa/adversarial/seed1:   9%|▉         | 268/3000 [00:46<07:42,  5.91it/s]
instructblip/pope/ricd/aokvqa/adversarial/seed1:   9%|▉         | 269/3000 [00:47<07:50,  5.80it/s]
instructblip/pope/ricd/aokvqa/adversarial/seed1:   9%|▉         | 270/3000 [00:47<07:49,  5.82it/s]
instructblip/pope/ricd/aokvqa/adversarial/seed1:   9%|▉         | 271/3000 [00:47<07:46,  5.84it/s]
instructblip/pope/ricd/aokvqa/adversarial/seed1:   9%|▉         | 272/3000 [00:47<07:45,  5.86it/s]
instructblip/pope/ricd/aokvqa/adversarial/seed1:   9%|▉         | 273/3000 [00:47<07:50,  5.79it/s]
instructblip/pope/ricd/aokvqa/adversarial/seed1:   9%|▉         | 274/3000 [00:47<07:50,  5.79it/s]
instructblip/pope/ricd/aokvqa/adversarial/seed1:   9%|▉         | 275/3000 [00:48<07:43,  5.88it/s]
instructblip/pope/ricd/aokvqa/adversarial/seed1:   9%|▉         | 276/3000 [00:48<07:44,  5.87it/s]
instructblip/pope/ricd/aokvqa/adversarial/seed1:   9%|▉         | 277/3000 [00:48<07:56,  5.72it/s]
instructblip/pope/ricd/aokvqa/adversarial/seed1:   9%|▉         | 278/3000 [00:48<07:49,  5.80it/s]
instructblip/pope/ricd/aokvqa/adversarial/seed1:   9%|▉         | 279/3000 [00:48<07:45,  5.85it/s]
instructblip/pope/ricd/aokvqa/adversarial/seed1:   9%|▉         | 280/3000 [00:49<07:48,  5.81it/s]
instructblip/pope/ricd/aokvqa/adversarial/seed1:   9%|▉         | 281/3000 [00:49<07:48,  5.80it/s]
instructblip/pope/ricd/aokvqa/adversarial/seed1:   9%|▉         | 282/3000 [00:49<07:41,  5.88it/s]
instructblip/pope/ricd/aokvqa/adversarial/seed1:   9%|▉         | 283/3000 [00:49<07:41,  5.89it/s]
instructblip/pope/ricd/aokvqa/adversarial/seed1:   9%|▉         | 284/3000 [00:49<07:37,  5.93it/s]
instructblip/pope/ricd/aokvqa/adversarial/seed1:  10%|▉         | 285/3000 [00:49<07:33,  5.99it/s]
instructblip/pope/ricd/aokvqa/adversarial/seed1:  10%|▉         | 286/3000 [00:50<07:31,  6.01it/s]
instructblip/pope/ricd/aokvqa/adversarial/seed1:  10%|▉         | 287/3000 [00:50<07:28,  6.05it/s]
instructblip/pope/ricd/aokvqa/adversarial/seed1:  10%|▉         | 288/3000 [00:50<07:29,  6.03it/s]
instructblip/pope/ricd/aokvqa/adversarial/seed1:  10%|▉         | 289/3000 [00:50<07:40,  5.88it/s]
instructblip/pope/ricd/aokvqa/adversarial/seed1:  10%|▉         | 290/3000 [00:50<07:39,  5.90it/s]
instructblip/pope/ricd/aokvqa/adversarial/seed1:  10%|▉         | 291/3000 [00:50<07:42,  5.86it/s]
instructblip/pope/ricd/aokvqa/adversarial/seed1:  10%|▉         | 292/3000 [00:51<07:40,  5.88it/s]
instructblip/pope/ricd/aokvqa/adversarial/seed1:  10%|▉         | 293/3000 [00:51<07:38,  5.90it/s]
instructblip/pope/ricd/aokvqa/adversarial/seed1:  10%|▉         | 294/3000 [00:51<07:41,  5.86it/s]
instructblip/pope/ricd/aokvqa/adversarial/seed1:  10%|▉         | 295/3000 [00:51<07:54,  5.70it/s]
instructblip/pope/ricd/aokvqa/adversarial/seed1:  10%|▉         | 296/3000 [00:51<07:52,  5.73it/s]
instructblip/pope/ricd/aokvqa/adversarial/seed1:  10%|▉         | 297/3000 [00:51<07:57,  5.67it/s]
instructblip/pope/ricd/aokvqa/adversarial/seed1:  10%|▉         | 298/3000 [00:52<07:54,  5.69it/s]
instructblip/pope/ricd/aokvqa/adversarial/seed1:  10%|▉         | 299/3000 [00:52<07:56,  5.67it/s]
instructblip/pope/ricd/aokvqa/adversarial/seed1:  10%|█         | 300/3000 [00:52<07:58,  5.64it/s]
instructblip/pope/ricd/aokvqa/adversarial/seed1:  10%|█         | 301/3000 [00:52<07:50,  5.74it/s]
instructblip/pope/ricd/aokvqa/adversarial/seed1:  10%|█         | 302/3000 [00:52<07:55,  5.67it/s]
instructblip/pope/ricd/aokvqa/adversarial/seed1:  10%|█         | 303/3000 [00:52<07:50,  5.74it/s]
instructblip/pope/ricd/aokvqa/adversarial/seed1:  10%|█         | 304/3000 [00:53<07:53,  5.69it/s]
instructblip/pope/ricd/aokvqa/adversarial/seed1:  10%|█         | 305/3000 [00:53<07:48,  5.75it/s]
instructblip/pope/ricd/aokvqa/adversarial/seed1:  10%|█         | 306/3000 [00:53<07:58,  5.63it/s]
instructblip/pope/ricd/aokvqa/adversarial/seed1:  10%|█         | 307/3000 [00:53<07:52,  5.70it/s]
instructblip/pope/ricd/aokvqa/adversarial/seed1:  10%|█         | 308/3000 [00:53<07:47,  5.76it/s]
instructblip/pope/ricd/aokvqa/adversarial/seed1:  10%|█         | 309/3000 [00:54<07:56,  5.64it/s]
instructblip/pope/ricd/aokvqa/adversarial/seed1:  10%|█         | 310/3000 [00:54<07:50,  5.71it/s]
instructblip/pope/ricd/aokvqa/adversarial/seed1:  10%|█         | 311/3000 [00:54<07:51,  5.71it/s]
instructblip/pope/ricd/aokvqa/adversarial/seed1:  10%|█         | 312/3000 [00:54<07:45,  5.78it/s]
instructblip/pope/ricd/aokvqa/adversarial/seed1:  10%|█         | 313/3000 [00:54<07:41,  5.82it/s]
instructblip/pope/ricd/aokvqa/adversarial/seed1:  10%|█         | 314/3000 [00:54<07:36,  5.88it/s]
instructblip/pope/ricd/aokvqa/adversarial/seed1:  10%|█         | 315/3000 [00:55<07:41,  5.82it/s]
instructblip/pope/ricd/aokvqa/adversarial/seed1:  11%|█         | 316/3000 [00:55<07:41,  5.82it/s]
instructblip/pope/ricd/aokvqa/adversarial/seed1:  11%|█         | 317/3000 [00:55<07:42,  5.80it/s]
instructblip/pope/ricd/aokvqa/adversarial/seed1:  11%|█         | 318/3000 [00:55<07:47,  5.73it/s]
instructblip/pope/ricd/aokvqa/adversarial/seed1:  11%|█         | 319/3000 [00:55<07:48,  5.73it/s]
instructblip/pope/ricd/aokvqa/adversarial/seed1:  11%|█         | 320/3000 [00:55<07:46,  5.75it/s]
instructblip/pope/ricd/aokvqa/adversarial/seed1:  11%|█         | 321/3000 [00:56<07:49,  5.71it/s]
instructblip/pope/ricd/aokvqa/adversarial/seed1:  11%|█         | 322/3000 [00:56<07:43,  5.78it/s]
instructblip/pope/ricd/aokvqa/adversarial/seed1:  11%|█         | 323/3000 [00:56<07:47,  5.72it/s]
instructblip/pope/ricd/aokvqa/adversarial/seed1:  11%|█         | 324/3000 [00:56<07:46,  5.74it/s]
instructblip/pope/ricd/aokvqa/adversarial/seed1:  11%|█         | 325/3000 [00:56<07:41,  5.79it/s]
instructblip/pope/ricd/aokvqa/adversarial/seed1:  11%|█         | 326/3000 [00:56<07:45,  5.74it/s]
instructblip/pope/ricd/aokvqa/adversarial/seed1:  11%|█         | 327/3000 [00:57<07:48,  5.70it/s]
instructblip/pope/ricd/aokvqa/adversarial/seed1:  11%|█         | 328/3000 [00:57<07:41,  5.79it/s]
instructblip/pope/ricd/aokvqa/adversarial/seed1:  11%|█         | 329/3000 [00:57<07:48,  5.70it/s]
instructblip/pope/ricd/aokvqa/adversarial/seed1:  11%|█         | 330/3000 [00:57<07:55,  5.62it/s]
instructblip/pope/ricd/aokvqa/adversarial/seed1:  11%|█         | 331/3000 [00:57<07:54,  5.62it/s]
instructblip/pope/ricd/aokvqa/adversarial/seed1:  11%|█         | 332/3000 [00:58<07:48,  5.69it/s]
instructblip/pope/ricd/aokvqa/adversarial/seed1:  11%|█         | 333/3000 [00:58<07:50,  5.67it/s]
instructblip/pope/ricd/aokvqa/adversarial/seed1:  11%|█         | 334/3000 [00:58<07:42,  5.76it/s]
instructblip/pope/ricd/aokvqa/adversarial/seed1:  11%|█         | 335/3000 [00:58<07:36,  5.83it/s]
instructblip/pope/ricd/aokvqa/adversarial/seed1:  11%|█         | 336/3000 [00:58<07:39,  5.79it/s]
instructblip/pope/ricd/aokvqa/adversarial/seed1:  11%|█         | 337/3000 [00:58<07:37,  5.83it/s]
instructblip/pope/ricd/aokvqa/adversarial/seed1:  11%|█▏        | 338/3000 [00:59<07:35,  5.85it/s]
instructblip/pope/ricd/aokvqa/adversarial/seed1:  11%|█▏        | 339/3000 [00:59<07:30,  5.91it/s]
instructblip/pope/ricd/aokvqa/adversarial/seed1:  11%|█▏        | 340/3000 [00:59<07:27,  5.94it/s]
instructblip/pope/ricd/aokvqa/adversarial/seed1:  11%|█▏        | 341/3000 [00:59<07:33,  5.86it/s]
instructblip/pope/ricd/aokvqa/adversarial/seed1:  11%|█▏        | 342/3000 [00:59<07:41,  5.76it/s]
instructblip/pope/ricd/aokvqa/adversarial/seed1:  11%|█▏        | 343/3000 [00:59<07:37,  5.81it/s]
instructblip/pope/ricd/aokvqa/adversarial/seed1:  11%|█▏        | 344/3000 [01:00<07:41,  5.75it/s]
instructblip/pope/ricd/aokvqa/adversarial/seed1:  12%|█▏        | 345/3000 [01:00<07:45,  5.71it/s]
instructblip/pope/ricd/aokvqa/adversarial/seed1:  12%|█▏        | 346/3000 [01:00<07:46,  5.69it/s]
instructblip/pope/ricd/aokvqa/adversarial/seed1:  12%|█▏        | 347/3000 [01:00<07:48,  5.66it/s]
instructblip/pope/ricd/aokvqa/adversarial/seed1:  12%|█▏        | 348/3000 [01:00<07:38,  5.79it/s]
instructblip/pope/ricd/aokvqa/adversarial/seed1:  12%|█▏        | 349/3000 [01:00<07:44,  5.71it/s]
instructblip/pope/ricd/aokvqa/adversarial/seed1:  12%|█▏        | 350/3000 [01:01<07:39,  5.77it/s]
instructblip/pope/ricd/aokvqa/adversarial/seed1:  12%|█▏        | 351/3000 [01:01<07:37,  5.79it/s]
instructblip/pope/ricd/aokvqa/adversarial/seed1:  12%|█▏        | 352/3000 [01:01<07:35,  5.82it/s]
instructblip/pope/ricd/aokvqa/adversarial/seed1:  12%|█▏        | 353/3000 [01:01<07:30,  5.87it/s]
instructblip/pope/ricd/aokvqa/adversarial/seed1:  12%|█▏        | 354/3000 [01:01<07:25,  5.94it/s]
instructblip/pope/ricd/aokvqa/adversarial/seed1:  12%|█▏        | 355/3000 [01:01<07:39,  5.76it/s]
instructblip/pope/ricd/aokvqa/adversarial/seed1:  12%|█▏        | 356/3000 [01:02<07:42,  5.72it/s]
instructblip/pope/ricd/aokvqa/adversarial/seed1:  12%|█▏        | 357/3000 [01:02<07:51,  5.60it/s]
instructblip/pope/ricd/aokvqa/adversarial/seed1:  12%|█▏        | 358/3000 [01:02<07:44,  5.69it/s]
instructblip/pope/ricd/aokvqa/adversarial/seed1:  12%|█▏        | 359/3000 [01:02<07:43,  5.70it/s]
instructblip/pope/ricd/aokvqa/adversarial/seed1:  12%|█▏        | 360/3000 [01:02<07:36,  5.78it/s]
instructblip/pope/ricd/aokvqa/adversarial/seed1:  12%|█▏        | 361/3000 [01:03<07:38,  5.76it/s]
instructblip/pope/ricd/aokvqa/adversarial/seed1:  12%|█▏        | 362/3000 [01:03<07:33,  5.82it/s]
instructblip/pope/ricd/aokvqa/adversarial/seed1:  12%|█▏        | 363/3000 [01:03<07:31,  5.84it/s]
instructblip/pope/ricd/aokvqa/adversarial/seed1:  12%|█▏        | 364/3000 [01:03<07:29,  5.86it/s]
instructblip/pope/ricd/aokvqa/adversarial/seed1:  12%|█▏        | 365/3000 [01:03<07:33,  5.80it/s]
instructblip/pope/ricd/aokvqa/adversarial/seed1:  12%|█▏        | 366/3000 [01:03<07:28,  5.87it/s]
instructblip/pope/ricd/aokvqa/adversarial/seed1:  12%|█▏        | 367/3000 [01:04<07:37,  5.75it/s]
instructblip/pope/ricd/aokvqa/adversarial/seed1:  12%|█▏        | 368/3000 [01:04<07:38,  5.74it/s]
instructblip/pope/ricd/aokvqa/adversarial/seed1:  12%|█▏        | 369/3000 [01:04<07:33,  5.80it/s]
instructblip/pope/ricd/aokvqa/adversarial/seed1:  12%|█▏        | 370/3000 [01:04<07:30,  5.84it/s]
instructblip/pope/ricd/aokvqa/adversarial/seed1:  12%|█▏        | 371/3000 [01:04<07:26,  5.89it/s]
instructblip/pope/ricd/aokvqa/adversarial/seed1:  12%|█▏        | 372/3000 [01:04<07:25,  5.90it/s]
instructblip/pope/ricd/aokvqa/adversarial/seed1:  12%|█▏        | 373/3000 [01:05<07:31,  5.82it/s]
instructblip/pope/ricd/aokvqa/adversarial/seed1:  12%|█▏        | 374/3000 [01:05<07:34,  5.77it/s]
instructblip/pope/ricd/aokvqa/adversarial/seed1:  12%|█▎        | 375/3000 [01:05<07:43,  5.66it/s]
instructblip/pope/ricd/aokvqa/adversarial/seed1:  13%|█▎        | 376/3000 [01:05<07:39,  5.71it/s]
instructblip/pope/ricd/aokvqa/adversarial/seed1:  13%|█▎        | 377/3000 [01:05<07:46,  5.62it/s]
instructblip/pope/ricd/aokvqa/adversarial/seed1:  13%|█▎        | 378/3000 [01:06<07:53,  5.54it/s]
instructblip/pope/ricd/aokvqa/adversarial/seed1:  13%|█▎        | 379/3000 [01:06<07:48,  5.59it/s]
instructblip/pope/ricd/aokvqa/adversarial/seed1:  13%|█▎        | 380/3000 [01:06<07:45,  5.63it/s]
instructblip/pope/ricd/aokvqa/adversarial/seed1:  13%|█▎        | 381/3000 [01:06<07:42,  5.67it/s]
instructblip/pope/ricd/aokvqa/adversarial/seed1:  13%|█▎        | 382/3000 [01:06<07:35,  5.74it/s]
instructblip/pope/ricd/aokvqa/adversarial/seed1:  13%|█▎        | 383/3000 [01:06<07:37,  5.72it/s]
instructblip/pope/ricd/aokvqa/adversarial/seed1:  13%|█▎        | 384/3000 [01:07<07:44,  5.63it/s]
instructblip/pope/ricd/aokvqa/adversarial/seed1:  13%|█▎        | 385/3000 [01:07<07:36,  5.73it/s]
instructblip/pope/ricd/aokvqa/adversarial/seed1:  13%|█▎        | 386/3000 [01:07<07:33,  5.76it/s]
instructblip/pope/ricd/aokvqa/adversarial/seed1:  13%|█▎        | 387/3000 [01:07<07:38,  5.69it/s]
instructblip/pope/ricd/aokvqa/adversarial/seed1:  13%|█▎        | 388/3000 [01:07<07:38,  5.70it/s]
instructblip/pope/ricd/aokvqa/adversarial/seed1:  13%|█▎        | 389/3000 [01:07<07:44,  5.62it/s]
instructblip/pope/ricd/aokvqa/adversarial/seed1:  13%|█▎        | 390/3000 [01:08<07:43,  5.63it/s]
instructblip/pope/ricd/aokvqa/adversarial/seed1:  13%|█▎        | 391/3000 [01:08<07:37,  5.70it/s]
instructblip/pope/ricd/aokvqa/adversarial/seed1:  13%|█▎        | 392/3000 [01:08<07:33,  5.76it/s]
instructblip/pope/ricd/aokvqa/adversarial/seed1:  13%|█▎        | 393/3000 [01:08<07:31,  5.78it/s]
instructblip/pope/ricd/aokvqa/adversarial/seed1:  13%|█▎        | 394/3000 [01:08<07:31,  5.78it/s]
instructblip/pope/ricd/aokvqa/adversarial/seed1:  13%|█▎        | 395/3000 [01:08<07:31,  5.77it/s]
instructblip/pope/ricd/aokvqa/adversarial/seed1:  13%|█▎        | 396/3000 [01:09<07:28,  5.80it/s]
instructblip/pope/ricd/aokvqa/adversarial/seed1:  13%|█▎        | 397/3000 [01:09<07:36,  5.70it/s]
instructblip/pope/ricd/aokvqa/adversarial/seed1:  13%|█▎        | 398/3000 [01:09<07:30,  5.77it/s]
instructblip/pope/ricd/aokvqa/adversarial/seed1:  13%|█▎        | 399/3000 [01:09<07:25,  5.83it/s]
instructblip/pope/ricd/aokvqa/adversarial/seed1:  13%|█▎        | 400/3000 [01:09<07:37,  5.69it/s]
instructblip/pope/ricd/aokvqa/adversarial/seed1:  13%|█▎        | 401/3000 [01:10<07:39,  5.65it/s]
instructblip/pope/ricd/aokvqa/adversarial/seed1:  13%|█▎        | 402/3000 [01:10<07:34,  5.72it/s]
instructblip/pope/ricd/aokvqa/adversarial/seed1:  13%|█▎        | 403/3000 [01:10<07:27,  5.80it/s]
instructblip/pope/ricd/aokvqa/adversarial/seed1:  13%|█▎        | 404/3000 [01:10<07:38,  5.66it/s]
instructblip/pope/ricd/aokvqa/adversarial/seed1:  14%|█▎        | 405/3000 [01:10<07:37,  5.68it/s]
instructblip/pope/ricd/aokvqa/adversarial/seed1:  14%|█▎        | 406/3000 [01:10<07:34,  5.70it/s]
instructblip/pope/ricd/aokvqa/adversarial/seed1:  14%|█▎        | 407/3000 [01:11<07:35,  5.70it/s]
instructblip/pope/ricd/aokvqa/adversarial/seed1:  14%|█▎        | 408/3000 [01:11<07:29,  5.76it/s]
instructblip/pope/ricd/aokvqa/adversarial/seed1:  14%|█▎        | 409/3000 [01:11<07:46,  5.55it/s]
instructblip/pope/ricd/aokvqa/adversarial/seed1:  14%|█▎        | 410/3000 [01:11<07:52,  5.48it/s]
instructblip/pope/ricd/aokvqa/adversarial/seed1:  14%|█▎        | 411/3000 [01:11<07:47,  5.53it/s]
instructblip/pope/ricd/aokvqa/adversarial/seed1:  14%|█▎        | 412/3000 [01:11<07:38,  5.65it/s]
instructblip/pope/ricd/aokvqa/adversarial/seed1:  14%|█▍        | 413/3000 [01:12<07:32,  5.72it/s]
instructblip/pope/ricd/aokvqa/adversarial/seed1:  14%|█▍        | 414/3000 [01:12<07:28,  5.77it/s]
instructblip/pope/ricd/aokvqa/adversarial/seed1:  14%|█▍        | 415/3000 [01:12<07:28,  5.76it/s]
instructblip/pope/ricd/aokvqa/adversarial/seed1:  14%|█▍        | 416/3000 [01:12<08:07,  5.30it/s]
instructblip/pope/ricd/aokvqa/adversarial/seed1:  14%|█▍        | 417/3000 [01:12<08:28,  5.08it/s]
instructblip/pope/ricd/aokvqa/adversarial/seed1:  14%|█▍        | 418/3000 [01:13<08:09,  5.27it/s]
instructblip/pope/ricd/aokvqa/adversarial/seed1:  14%|█▍        | 419/3000 [01:13<07:53,  5.46it/s]
instructblip/pope/ricd/aokvqa/adversarial/seed1:  14%|█▍        | 420/3000 [01:13<07:40,  5.60it/s]
instructblip/pope/ricd/aokvqa/adversarial/seed1:  14%|█▍        | 421/3000 [01:13<07:36,  5.64it/s]
instructblip/pope/ricd/aokvqa/adversarial/seed1:  14%|█▍        | 422/3000 [01:13<08:20,  5.15it/s]
instructblip/pope/ricd/aokvqa/adversarial/seed1:  14%|█▍        | 423/3000 [01:14<08:18,  5.17it/s]
instructblip/pope/ricd/aokvqa/adversarial/seed1:  14%|█▍        | 424/3000 [01:14<08:02,  5.34it/s]
instructblip/pope/ricd/aokvqa/adversarial/seed1:  14%|█▍        | 425/3000 [01:14<07:58,  5.38it/s]
instructblip/pope/ricd/aokvqa/adversarial/seed1:  14%|█▍        | 426/3000 [01:14<07:45,  5.53it/s]
instructblip/pope/ricd/aokvqa/adversarial/seed1:  14%|█▍        | 427/3000 [01:14<07:39,  5.60it/s]
instructblip/pope/ricd/aokvqa/adversarial/seed1:  14%|█▍        | 428/3000 [01:14<07:31,  5.70it/s]
instructblip/pope/ricd/aokvqa/adversarial/seed1:  14%|█▍        | 429/3000 [01:15<07:29,  5.72it/s]
instructblip/pope/ricd/aokvqa/adversarial/seed1:  14%|█▍        | 430/3000 [01:15<07:23,  5.80it/s]
instructblip/pope/ricd/aokvqa/adversarial/seed1:  14%|█▍        | 431/3000 [01:15<07:24,  5.78it/s]
instructblip/pope/ricd/aokvqa/adversarial/seed1:  14%|█▍        | 432/3000 [01:15<07:37,  5.61it/s]
instructblip/pope/ricd/aokvqa/adversarial/seed1:  14%|█▍        | 433/3000 [01:15<08:03,  5.31it/s]
instructblip/pope/ricd/aokvqa/adversarial/seed1:  14%|█▍        | 434/3000 [01:15<07:53,  5.42it/s]
instructblip/pope/ricd/aokvqa/adversarial/seed1:  14%|█▍        | 435/3000 [01:16<07:34,  5.64it/s]
instructblip/pope/ricd/aokvqa/adversarial/seed1:  15%|█▍        | 436/3000 [01:16<07:24,  5.77it/s]
instructblip/pope/ricd/aokvqa/adversarial/seed1:  15%|█▍        | 437/3000 [01:16<07:27,  5.72it/s]
instructblip/pope/ricd/aokvqa/adversarial/seed1:  15%|█▍        | 438/3000 [01:16<07:27,  5.72it/s]
instructblip/pope/ricd/aokvqa/adversarial/seed1:  15%|█▍        | 439/3000 [01:16<07:20,  5.81it/s]
instructblip/pope/ricd/aokvqa/adversarial/seed1:  15%|█▍        | 440/3000 [01:17<07:18,  5.84it/s]
instructblip/pope/ricd/aokvqa/adversarial/seed1:  15%|█▍        | 441/3000 [01:17<07:22,  5.78it/s]
instructblip/pope/ricd/aokvqa/adversarial/seed1:  15%|█▍        | 442/3000 [01:17<07:19,  5.82it/s]
instructblip/pope/ricd/aokvqa/adversarial/seed1:  15%|█▍        | 443/3000 [01:17<07:20,  5.80it/s]
instructblip/pope/ricd/aokvqa/adversarial/seed1:  15%|█▍        | 444/3000 [01:17<07:22,  5.78it/s]
instructblip/pope/ricd/aokvqa/adversarial/seed1:  15%|█▍        | 445/3000 [01:17<07:17,  5.84it/s]
instructblip/pope/ricd/aokvqa/adversarial/seed1:  15%|█▍        | 446/3000 [01:18<07:22,  5.78it/s]
instructblip/pope/ricd/aokvqa/adversarial/seed1:  15%|█▍        | 447/3000 [01:18<07:24,  5.74it/s]
instructblip/pope/ricd/aokvqa/adversarial/seed1:  15%|█▍        | 448/3000 [01:18<07:23,  5.75it/s]
instructblip/pope/ricd/aokvqa/adversarial/seed1:  15%|█▍        | 449/3000 [01:18<07:33,  5.63it/s]
instructblip/pope/ricd/aokvqa/adversarial/seed1:  15%|█▌        | 450/3000 [01:18<07:24,  5.74it/s]
instructblip/pope/ricd/aokvqa/adversarial/seed1:  15%|█▌        | 451/3000 [01:18<07:27,  5.70it/s]
instructblip/pope/ricd/aokvqa/adversarial/seed1:  15%|█▌        | 452/3000 [01:19<07:22,  5.75it/s]
instructblip/pope/ricd/aokvqa/adversarial/seed1:  15%|█▌        | 453/3000 [01:19<07:28,  5.68it/s]
instructblip/pope/ricd/aokvqa/adversarial/seed1:  15%|█▌        | 454/3000 [01:19<07:30,  5.65it/s]
instructblip/pope/ricd/aokvqa/adversarial/seed1:  15%|█▌        | 455/3000 [01:19<07:38,  5.56it/s]
instructblip/pope/ricd/aokvqa/adversarial/seed1:  15%|█▌        | 456/3000 [01:19<07:46,  5.45it/s]
instructblip/pope/ricd/aokvqa/adversarial/seed1:  15%|█▌        | 457/3000 [01:20<08:41,  4.87it/s]
instructblip/pope/ricd/aokvqa/adversarial/seed1:  15%|█▌        | 458/3000 [01:20<08:27,  5.01it/s]
instructblip/pope/ricd/aokvqa/adversarial/seed1:  15%|█▌        | 459/3000 [01:20<08:08,  5.20it/s]
instructblip/pope/ricd/aokvqa/adversarial/seed1:  15%|█▌        | 460/3000 [01:20<08:02,  5.27it/s]
instructblip/pope/ricd/aokvqa/adversarial/seed1:  15%|█▌        | 461/3000 [01:20<07:49,  5.41it/s]
instructblip/pope/ricd/aokvqa/adversarial/seed1:  15%|█▌        | 462/3000 [01:20<07:40,  5.51it/s]
instructblip/pope/ricd/aokvqa/adversarial/seed1:  15%|█▌        | 463/3000 [01:21<07:33,  5.59it/s]
instructblip/pope/ricd/aokvqa/adversarial/seed1:  15%|█▌        | 464/3000 [01:21<07:30,  5.63it/s]
instructblip/pope/ricd/aokvqa/adversarial/seed1:  16%|█▌        | 465/3000 [01:21<07:26,  5.68it/s]
instructblip/pope/ricd/aokvqa/adversarial/seed1:  16%|█▌        | 466/3000 [01:21<07:27,  5.66it/s]
instructblip/pope/ricd/aokvqa/adversarial/seed1:  16%|█▌        | 467/3000 [01:21<07:30,  5.63it/s]
instructblip/pope/ricd/aokvqa/adversarial/seed1:  16%|█▌        | 468/3000 [01:22<07:24,  5.69it/s]
instructblip/pope/ricd/aokvqa/adversarial/seed1:  16%|█▌        | 469/3000 [01:22<08:25,  5.01it/s]
instructblip/pope/ricd/aokvqa/adversarial/seed1:  16%|█▌        | 470/3000 [01:22<08:04,  5.22it/s]
instructblip/pope/ricd/aokvqa/adversarial/seed1:  16%|█▌        | 471/3000 [01:22<07:46,  5.42it/s]
instructblip/pope/ricd/aokvqa/adversarial/seed1:  16%|█▌        | 472/3000 [01:22<07:44,  5.44it/s]
instructblip/pope/ricd/aokvqa/adversarial/seed1:  16%|█▌        | 473/3000 [01:22<07:30,  5.61it/s]
instructblip/pope/ricd/aokvqa/adversarial/seed1:  16%|█▌        | 474/3000 [01:23<07:26,  5.65it/s]
instructblip/pope/ricd/aokvqa/adversarial/seed1:  16%|█▌        | 475/3000 [01:23<07:26,  5.66it/s]
instructblip/pope/ricd/aokvqa/adversarial/seed1:  16%|█▌        | 476/3000 [01:23<07:23,  5.70it/s]
instructblip/pope/ricd/aokvqa/adversarial/seed1:  16%|█▌        | 477/3000 [01:23<07:21,  5.71it/s]
instructblip/pope/ricd/aokvqa/adversarial/seed1:  16%|█▌        | 478/3000 [01:23<07:17,  5.76it/s]
instructblip/pope/ricd/aokvqa/adversarial/seed1:  16%|█▌        | 479/3000 [01:24<07:13,  5.82it/s]
instructblip/pope/ricd/aokvqa/adversarial/seed1:  16%|█▌        | 480/3000 [01:24<07:14,  5.81it/s]
instructblip/pope/ricd/aokvqa/adversarial/seed1:  16%|█▌        | 481/3000 [01:24<07:13,  5.81it/s]
instructblip/pope/ricd/aokvqa/adversarial/seed1:  16%|█▌        | 482/3000 [01:24<07:13,  5.80it/s]
instructblip/pope/ricd/aokvqa/adversarial/seed1:  16%|█▌        | 483/3000 [01:24<07:13,  5.81it/s]
instructblip/pope/ricd/aokvqa/adversarial/seed1:  16%|█▌        | 484/3000 [01:24<07:15,  5.77it/s]
instructblip/pope/ricd/aokvqa/adversarial/seed1:  16%|█▌        | 485/3000 [01:25<07:14,  5.79it/s]
instructblip/pope/ricd/aokvqa/adversarial/seed1:  16%|█▌        | 486/3000 [01:25<07:09,  5.86it/s]
instructblip/pope/ricd/aokvqa/adversarial/seed1:  16%|█▌        | 487/3000 [01:25<07:10,  5.84it/s]
instructblip/pope/ricd/aokvqa/adversarial/seed1:  16%|█▋        | 488/3000 [01:25<07:09,  5.85it/s]
instructblip/pope/ricd/aokvqa/adversarial/seed1:  16%|█▋        | 489/3000 [01:25<07:09,  5.85it/s]
instructblip/pope/ricd/aokvqa/adversarial/seed1:  16%|█▋        | 490/3000 [01:25<07:11,  5.81it/s]
instructblip/pope/ricd/aokvqa/adversarial/seed1:  16%|█▋        | 491/3000 [01:26<07:09,  5.84it/s]
instructblip/pope/ricd/aokvqa/adversarial/seed1:  16%|█▋        | 492/3000 [01:26<07:15,  5.76it/s]
instructblip/pope/ricd/aokvqa/adversarial/seed1:  16%|█▋        | 493/3000 [01:26<07:09,  5.83it/s]
instructblip/pope/ricd/aokvqa/adversarial/seed1:  16%|█▋        | 494/3000 [01:26<07:12,  5.80it/s]
instructblip/pope/ricd/aokvqa/adversarial/seed1:  16%|█▋        | 495/3000 [01:26<07:09,  5.84it/s]
instructblip/pope/ricd/aokvqa/adversarial/seed1:  17%|█▋        | 496/3000 [01:26<07:09,  5.83it/s]
instructblip/pope/ricd/aokvqa/adversarial/seed1:  17%|█▋        | 497/3000 [01:27<07:07,  5.86it/s]
instructblip/pope/ricd/aokvqa/adversarial/seed1:  17%|█▋        | 498/3000 [01:27<07:15,  5.75it/s]
instructblip/pope/ricd/aokvqa/adversarial/seed1:  17%|█▋        | 499/3000 [01:27<07:20,  5.67it/s]
instructblip/pope/ricd/aokvqa/adversarial/seed1:  17%|█▋        | 500/3000 [01:27<07:21,  5.67it/s]
instructblip/pope/ricd/aokvqa/adversarial/seed1:  17%|█▋        | 501/3000 [01:27<07:19,  5.69it/s]
instructblip/pope/ricd/aokvqa/adversarial/seed1:  17%|█▋        | 502/3000 [01:27<07:18,  5.70it/s]
instructblip/pope/ricd/aokvqa/adversarial/seed1:  17%|█▋        | 503/3000 [01:28<07:11,  5.78it/s]
instructblip/pope/ricd/aokvqa/adversarial/seed1:  17%|█▋        | 504/3000 [01:28<07:13,  5.75it/s]
instructblip/pope/ricd/aokvqa/adversarial/seed1:  17%|█▋        | 505/3000 [01:28<07:11,  5.78it/s]
instructblip/pope/ricd/aokvqa/adversarial/seed1:  17%|█▋        | 506/3000 [01:28<07:10,  5.80it/s]
instructblip/pope/ricd/aokvqa/adversarial/seed1:  17%|█▋        | 507/3000 [01:28<07:15,  5.73it/s]
instructblip/pope/ricd/aokvqa/adversarial/seed1:  17%|█▋        | 508/3000 [01:29<07:19,  5.67it/s]
instructblip/pope/ricd/aokvqa/adversarial/seed1:  17%|█▋        | 509/3000 [01:29<07:17,  5.69it/s]
instructblip/pope/ricd/aokvqa/adversarial/seed1:  17%|█▋        | 510/3000 [01:29<07:15,  5.71it/s]
instructblip/pope/ricd/aokvqa/adversarial/seed1:  17%|█▋        | 511/3000 [01:29<07:19,  5.67it/s]
instructblip/pope/ricd/aokvqa/adversarial/seed1:  17%|█▋        | 512/3000 [01:29<07:13,  5.74it/s]
instructblip/pope/ricd/aokvqa/adversarial/seed1:  17%|█▋        | 513/3000 [01:29<07:09,  5.79it/s]
instructblip/pope/ricd/aokvqa/adversarial/seed1:  17%|█▋        | 514/3000 [01:30<07:14,  5.72it/s]
instructblip/pope/ricd/aokvqa/adversarial/seed1:  17%|█▋        | 515/3000 [01:30<07:12,  5.75it/s]
instructblip/pope/ricd/aokvqa/adversarial/seed1:  17%|█▋        | 516/3000 [01:30<07:08,  5.79it/s]
instructblip/pope/ricd/aokvqa/adversarial/seed1:  17%|█▋        | 517/3000 [01:30<07:10,  5.77it/s]
instructblip/pope/ricd/aokvqa/adversarial/seed1:  17%|█▋        | 518/3000 [01:30<07:19,  5.64it/s]
instructblip/pope/ricd/aokvqa/adversarial/seed1:  17%|█▋        | 519/3000 [01:30<07:21,  5.63it/s]
instructblip/pope/ricd/aokvqa/adversarial/seed1:  17%|█▋        | 520/3000 [01:31<07:16,  5.68it/s]
instructblip/pope/ricd/aokvqa/adversarial/seed1:  17%|█▋        | 521/3000 [01:31<07:14,  5.71it/s]
instructblip/pope/ricd/aokvqa/adversarial/seed1:  17%|█▋        | 522/3000 [01:31<07:14,  5.70it/s]
instructblip/pope/ricd/aokvqa/adversarial/seed1:  17%|█▋        | 523/3000 [01:31<07:10,  5.76it/s]
instructblip/pope/ricd/aokvqa/adversarial/seed1:  17%|█▋        | 524/3000 [01:31<07:07,  5.80it/s]
instructblip/pope/ricd/aokvqa/adversarial/seed1:  18%|█▊        | 525/3000 [01:31<07:03,  5.85it/s]
instructblip/pope/ricd/aokvqa/adversarial/seed1:  18%|█▊        | 526/3000 [01:32<07:08,  5.78it/s]
instructblip/pope/ricd/aokvqa/adversarial/seed1:  18%|█▊        | 527/3000 [01:32<07:13,  5.71it/s]
instructblip/pope/ricd/aokvqa/adversarial/seed1:  18%|█▊        | 528/3000 [01:32<07:09,  5.76it/s]
instructblip/pope/ricd/aokvqa/adversarial/seed1:  18%|█▊        | 529/3000 [01:32<07:04,  5.82it/s]
instructblip/pope/ricd/aokvqa/adversarial/seed1:  18%|█▊        | 530/3000 [01:32<07:06,  5.79it/s]
instructblip/pope/ricd/aokvqa/adversarial/seed1:  18%|█▊        | 531/3000 [01:33<07:06,  5.79it/s]
instructblip/pope/ricd/aokvqa/adversarial/seed1:  18%|█▊        | 532/3000 [01:33<07:01,  5.85it/s]
instructblip/pope/ricd/aokvqa/adversarial/seed1:  18%|█▊        | 533/3000 [01:33<07:05,  5.80it/s]
instructblip/pope/ricd/aokvqa/adversarial/seed1:  18%|█▊        | 534/3000 [01:33<07:00,  5.87it/s]
instructblip/pope/ricd/aokvqa/adversarial/seed1:  18%|█▊        | 535/3000 [01:33<06:56,  5.92it/s]
instructblip/pope/ricd/aokvqa/adversarial/seed1:  18%|█▊        | 536/3000 [01:33<06:59,  5.87it/s]
instructblip/pope/ricd/aokvqa/adversarial/seed1:  18%|█▊        | 537/3000 [01:34<07:03,  5.82it/s]
instructblip/pope/ricd/aokvqa/adversarial/seed1:  18%|█▊        | 538/3000 [01:34<06:58,  5.88it/s]
instructblip/pope/ricd/aokvqa/adversarial/seed1:  18%|█▊        | 539/3000 [01:34<07:03,  5.82it/s]
instructblip/pope/ricd/aokvqa/adversarial/seed1:  18%|█▊        | 540/3000 [01:34<07:08,  5.74it/s]
instructblip/pope/ricd/aokvqa/adversarial/seed1:  18%|█▊        | 541/3000 [01:34<07:02,  5.81it/s]
instructblip/pope/ricd/aokvqa/adversarial/seed1:  18%|█▊        | 542/3000 [01:34<07:10,  5.71it/s]
instructblip/pope/ricd/aokvqa/adversarial/seed1:  18%|█▊        | 543/3000 [01:35<07:08,  5.73it/s]
instructblip/pope/ricd/aokvqa/adversarial/seed1:  18%|█▊        | 544/3000 [01:35<07:08,  5.73it/s]
instructblip/pope/ricd/aokvqa/adversarial/seed1:  18%|█▊        | 545/3000 [01:35<07:10,  5.70it/s]
instructblip/pope/ricd/aokvqa/adversarial/seed1:  18%|█▊        | 546/3000 [01:35<07:08,  5.73it/s]
instructblip/pope/ricd/aokvqa/adversarial/seed1:  18%|█▊        | 547/3000 [01:35<07:10,  5.70it/s]
instructblip/pope/ricd/aokvqa/adversarial/seed1:  18%|█▊        | 548/3000 [01:35<07:19,  5.58it/s]
instructblip/pope/ricd/aokvqa/adversarial/seed1:  18%|█▊        | 549/3000 [01:36<07:29,  5.46it/s]
instructblip/pope/ricd/aokvqa/adversarial/seed1:  18%|█▊        | 550/3000 [01:36<07:20,  5.57it/s]
instructblip/pope/ricd/aokvqa/adversarial/seed1:  18%|█▊        | 551/3000 [01:36<07:15,  5.62it/s]
instructblip/pope/ricd/aokvqa/adversarial/seed1:  18%|█▊        | 552/3000 [01:36<07:06,  5.73it/s]
instructblip/pope/ricd/aokvqa/adversarial/seed1:  18%|█▊        | 553/3000 [01:36<07:06,  5.74it/s]
instructblip/pope/ricd/aokvqa/adversarial/seed1:  18%|█▊        | 554/3000 [01:37<07:04,  5.76it/s]
instructblip/pope/ricd/aokvqa/adversarial/seed1:  18%|█▊        | 555/3000 [01:37<07:00,  5.82it/s]
instructblip/pope/ricd/aokvqa/adversarial/seed1:  19%|█▊        | 556/3000 [01:37<06:59,  5.83it/s]
instructblip/pope/ricd/aokvqa/adversarial/seed1:  19%|█▊        | 557/3000 [01:37<06:57,  5.86it/s]
instructblip/pope/ricd/aokvqa/adversarial/seed1:  19%|█▊        | 558/3000 [01:37<07:01,  5.79it/s]
instructblip/pope/ricd/aokvqa/adversarial/seed1:  19%|█▊        | 559/3000 [01:37<07:00,  5.81it/s]
instructblip/pope/ricd/aokvqa/adversarial/seed1:  19%|█▊        | 560/3000 [01:38<07:03,  5.77it/s]
instructblip/pope/ricd/aokvqa/adversarial/seed1:  19%|█▊        | 561/3000 [01:38<06:57,  5.84it/s]
instructblip/pope/ricd/aokvqa/adversarial/seed1:  19%|█▊        | 562/3000 [01:38<06:54,  5.88it/s]
instructblip/pope/ricd/aokvqa/adversarial/seed1:  19%|█▉        | 563/3000 [01:38<06:50,  5.93it/s]
instructblip/pope/ricd/aokvqa/adversarial/seed1:  19%|█▉        | 564/3000 [01:38<06:48,  5.97it/s]
instructblip/pope/ricd/aokvqa/adversarial/seed1:  19%|█▉        | 565/3000 [01:38<06:47,  5.98it/s]
instructblip/pope/ricd/aokvqa/adversarial/seed1:  19%|█▉        | 566/3000 [01:39<06:50,  5.93it/s]
instructblip/pope/ricd/aokvqa/adversarial/seed1:  19%|█▉        | 567/3000 [01:39<06:50,  5.93it/s]
instructblip/pope/ricd/aokvqa/adversarial/seed1:  19%|█▉        | 568/3000 [01:39<06:48,  5.95it/s]
instructblip/pope/ricd/aokvqa/adversarial/seed1:  19%|█▉        | 569/3000 [01:39<06:49,  5.94it/s]
instructblip/pope/ricd/aokvqa/adversarial/seed1:  19%|█▉        | 570/3000 [01:39<07:04,  5.73it/s]
instructblip/pope/ricd/aokvqa/adversarial/seed1:  19%|█▉        | 571/3000 [01:39<07:10,  5.65it/s]
instructblip/pope/ricd/aokvqa/adversarial/seed1:  19%|█▉        | 572/3000 [01:40<07:12,  5.62it/s]
instructblip/pope/ricd/aokvqa/adversarial/seed1:  19%|█▉        | 573/3000 [01:40<07:09,  5.66it/s]
instructblip/pope/ricd/aokvqa/adversarial/seed1:  19%|█▉        | 574/3000 [01:40<07:10,  5.63it/s]
instructblip/pope/ricd/aokvqa/adversarial/seed1:  19%|█▉        | 575/3000 [01:40<07:11,  5.62it/s]
instructblip/pope/ricd/aokvqa/adversarial/seed1:  19%|█▉        | 576/3000 [01:40<07:10,  5.62it/s]
instructblip/pope/ricd/aokvqa/adversarial/seed1:  19%|█▉        | 577/3000 [01:41<07:15,  5.57it/s]
instructblip/pope/ricd/aokvqa/adversarial/seed1:  19%|█▉        | 578/3000 [01:41<07:18,  5.52it/s]
instructblip/pope/ricd/aokvqa/adversarial/seed1:  19%|█▉        | 579/3000 [01:41<07:30,  5.37it/s]
instructblip/pope/ricd/aokvqa/adversarial/seed1:  19%|█▉        | 580/3000 [01:41<08:47,  4.59it/s]
instructblip/pope/ricd/aokvqa/adversarial/seed1:  19%|█▉        | 581/3000 [01:41<08:13,  4.90it/s]
instructblip/pope/ricd/aokvqa/adversarial/seed1:  19%|█▉        | 582/3000 [01:42<07:49,  5.15it/s]
instructblip/pope/ricd/aokvqa/adversarial/seed1:  19%|█▉        | 583/3000 [01:42<07:35,  5.31it/s]
instructblip/pope/ricd/aokvqa/adversarial/seed1:  19%|█▉        | 584/3000 [01:42<07:25,  5.42it/s]
instructblip/pope/ricd/aokvqa/adversarial/seed1:  20%|█▉        | 585/3000 [01:42<07:13,  5.57it/s]
instructblip/pope/ricd/aokvqa/adversarial/seed1:  20%|█▉        | 586/3000 [01:42<07:05,  5.68it/s]
instructblip/pope/ricd/aokvqa/adversarial/seed1:  20%|█▉        | 587/3000 [01:42<07:05,  5.68it/s]
instructblip/pope/ricd/aokvqa/adversarial/seed1:  20%|█▉        | 588/3000 [01:43<07:04,  5.69it/s]
instructblip/pope/ricd/aokvqa/adversarial/seed1:  20%|█▉        | 589/3000 [01:43<07:00,  5.74it/s]
instructblip/pope/ricd/aokvqa/adversarial/seed1:  20%|█▉        | 590/3000 [01:43<06:53,  5.83it/s]
instructblip/pope/ricd/aokvqa/adversarial/seed1:  20%|█▉        | 591/3000 [01:43<06:53,  5.83it/s]
instructblip/pope/ricd/aokvqa/adversarial/seed1:  20%|█▉        | 592/3000 [01:43<06:58,  5.76it/s]
instructblip/pope/ricd/aokvqa/adversarial/seed1:  20%|█▉        | 593/3000 [01:43<07:00,  5.72it/s]
instructblip/pope/ricd/aokvqa/adversarial/seed1:  20%|█▉        | 594/3000 [01:44<06:54,  5.81it/s]
instructblip/pope/ricd/aokvqa/adversarial/seed1:  20%|█▉        | 595/3000 [01:44<06:55,  5.79it/s]
instructblip/pope/ricd/aokvqa/adversarial/seed1:  20%|█▉        | 596/3000 [01:44<06:54,  5.80it/s]
instructblip/pope/ricd/aokvqa/adversarial/seed1:  20%|█▉        | 597/3000 [01:44<06:55,  5.78it/s]
instructblip/pope/ricd/aokvqa/adversarial/seed1:  20%|█▉        | 598/3000 [01:44<06:58,  5.75it/s]
instructblip/pope/ricd/aokvqa/adversarial/seed1:  20%|█▉        | 599/3000 [01:44<06:59,  5.73it/s]
instructblip/pope/ricd/aokvqa/adversarial/seed1:  20%|██        | 600/3000 [01:45<06:57,  5.76it/s]
instructblip/pope/ricd/aokvqa/adversarial/seed1:  20%|██        | 601/3000 [01:45<06:55,  5.77it/s]
instructblip/pope/ricd/aokvqa/adversarial/seed1:  20%|██        | 602/3000 [01:45<06:48,  5.86it/s]
instructblip/pope/ricd/aokvqa/adversarial/seed1:  20%|██        | 603/3000 [01:45<06:45,  5.91it/s]
instructblip/pope/ricd/aokvqa/adversarial/seed1:  20%|██        | 604/3000 [01:45<06:48,  5.87it/s]
instructblip/pope/ricd/aokvqa/adversarial/seed1:  20%|██        | 605/3000 [01:46<06:54,  5.77it/s]
instructblip/pope/ricd/aokvqa/adversarial/seed1:  20%|██        | 606/3000 [01:46<06:56,  5.75it/s]
instructblip/pope/ricd/aokvqa/adversarial/seed1:  20%|██        | 607/3000 [01:46<06:55,  5.75it/s]
instructblip/pope/ricd/aokvqa/adversarial/seed1:  20%|██        | 608/3000 [01:46<06:53,  5.78it/s]
instructblip/pope/ricd/aokvqa/adversarial/seed1:  20%|██        | 609/3000 [01:46<06:53,  5.78it/s]
instructblip/pope/ricd/aokvqa/adversarial/seed1:  20%|██        | 610/3000 [01:46<06:59,  5.70it/s]
instructblip/pope/ricd/aokvqa/adversarial/seed1:  20%|██        | 611/3000 [01:47<06:51,  5.80it/s]
instructblip/pope/ricd/aokvqa/adversarial/seed1:  20%|██        | 612/3000 [01:47<06:57,  5.72it/s]
instructblip/pope/ricd/aokvqa/adversarial/seed1:  20%|██        | 613/3000 [01:47<06:58,  5.71it/s]
instructblip/pope/ricd/aokvqa/adversarial/seed1:  20%|██        | 614/3000 [01:47<07:02,  5.65it/s]
instructblip/pope/ricd/aokvqa/adversarial/seed1:  20%|██        | 615/3000 [01:47<06:54,  5.76it/s]
instructblip/pope/ricd/aokvqa/adversarial/seed1:  21%|██        | 616/3000 [01:47<06:57,  5.71it/s]
instructblip/pope/ricd/aokvqa/adversarial/seed1:  21%|██        | 617/3000 [01:48<06:56,  5.72it/s]
instructblip/pope/ricd/aokvqa/adversarial/seed1:  21%|██        | 618/3000 [01:48<06:59,  5.68it/s]
instructblip/pope/ricd/aokvqa/adversarial/seed1:  21%|██        | 619/3000 [01:48<07:17,  5.45it/s]
instructblip/pope/ricd/aokvqa/adversarial/seed1:  21%|██        | 620/3000 [01:48<07:16,  5.45it/s]
instructblip/pope/ricd/aokvqa/adversarial/seed1:  21%|██        | 621/3000 [01:48<07:07,  5.57it/s]
instructblip/pope/ricd/aokvqa/adversarial/seed1:  21%|██        | 622/3000 [01:49<07:03,  5.62it/s]
instructblip/pope/ricd/aokvqa/adversarial/seed1:  21%|██        | 623/3000 [01:49<07:01,  5.64it/s]
instructblip/pope/ricd/aokvqa/adversarial/seed1:  21%|██        | 624/3000 [01:49<06:54,  5.74it/s]
instructblip/pope/ricd/aokvqa/adversarial/seed1:  21%|██        | 625/3000 [01:49<07:01,  5.64it/s]
instructblip/pope/ricd/aokvqa/adversarial/seed1:  21%|██        | 626/3000 [01:49<06:59,  5.65it/s]
instructblip/pope/ricd/aokvqa/adversarial/seed1:  21%|██        | 627/3000 [01:49<07:04,  5.60it/s]
instructblip/pope/ricd/aokvqa/adversarial/seed1:  21%|██        | 628/3000 [01:50<07:08,  5.54it/s]
instructblip/pope/ricd/aokvqa/adversarial/seed1:  21%|██        | 629/3000 [01:50<07:05,  5.58it/s]
instructblip/pope/ricd/aokvqa/adversarial/seed1:  21%|██        | 630/3000 [01:50<06:56,  5.68it/s]
instructblip/pope/ricd/aokvqa/adversarial/seed1:  21%|██        | 631/3000 [01:50<06:57,  5.67it/s]
instructblip/pope/ricd/aokvqa/adversarial/seed1:  21%|██        | 632/3000 [01:50<06:59,  5.65it/s]
instructblip/pope/ricd/aokvqa/adversarial/seed1:  21%|██        | 633/3000 [01:50<06:50,  5.76it/s]
instructblip/pope/ricd/aokvqa/adversarial/seed1:  21%|██        | 634/3000 [01:51<07:12,  5.47it/s]
instructblip/pope/ricd/aokvqa/adversarial/seed1:  21%|██        | 635/3000 [01:51<07:25,  5.31it/s]
instructblip/pope/ricd/aokvqa/adversarial/seed1:  21%|██        | 636/3000 [01:51<07:12,  5.47it/s]
instructblip/pope/ricd/aokvqa/adversarial/seed1:  21%|██        | 637/3000 [01:51<07:07,  5.53it/s]
instructblip/pope/ricd/aokvqa/adversarial/seed1:  21%|██▏       | 638/3000 [01:51<07:01,  5.60it/s]
instructblip/pope/ricd/aokvqa/adversarial/seed1:  21%|██▏       | 639/3000 [01:52<06:56,  5.67it/s]
instructblip/pope/ricd/aokvqa/adversarial/seed1:  21%|██▏       | 640/3000 [01:52<06:51,  5.74it/s]
instructblip/pope/ricd/aokvqa/adversarial/seed1:  21%|██▏       | 641/3000 [01:52<06:56,  5.67it/s]
instructblip/pope/ricd/aokvqa/adversarial/seed1:  21%|██▏       | 642/3000 [01:52<06:55,  5.67it/s]
instructblip/pope/ricd/aokvqa/adversarial/seed1:  21%|██▏       | 643/3000 [01:52<06:54,  5.69it/s]
instructblip/pope/ricd/aokvqa/adversarial/seed1:  21%|██▏       | 644/3000 [01:52<06:50,  5.74it/s]
instructblip/pope/ricd/aokvqa/adversarial/seed1:  22%|██▏       | 645/3000 [01:53<06:45,  5.80it/s]
instructblip/pope/ricd/aokvqa/adversarial/seed1:  22%|██▏       | 646/3000 [01:53<06:41,  5.87it/s]
instructblip/pope/ricd/aokvqa/adversarial/seed1:  22%|██▏       | 647/3000 [01:53<06:48,  5.76it/s]
instructblip/pope/ricd/aokvqa/adversarial/seed1:  22%|██▏       | 648/3000 [01:53<06:46,  5.79it/s]
instructblip/pope/ricd/aokvqa/adversarial/seed1:  22%|██▏       | 649/3000 [01:53<06:46,  5.79it/s]
instructblip/pope/ricd/aokvqa/adversarial/seed1:  22%|██▏       | 650/3000 [01:53<06:43,  5.83it/s]
instructblip/pope/ricd/aokvqa/adversarial/seed1:  22%|██▏       | 651/3000 [01:54<06:36,  5.92it/s]
instructblip/pope/ricd/aokvqa/adversarial/seed1:  22%|██▏       | 652/3000 [01:54<06:32,  5.98it/s]
instructblip/pope/ricd/aokvqa/adversarial/seed1:  22%|██▏       | 653/3000 [01:54<06:30,  6.01it/s]
instructblip/pope/ricd/aokvqa/adversarial/seed1:  22%|██▏       | 654/3000 [01:54<06:28,  6.05it/s]
instructblip/pope/ricd/aokvqa/adversarial/seed1:  22%|██▏       | 655/3000 [01:54<06:52,  5.68it/s]
instructblip/pope/ricd/aokvqa/adversarial/seed1:  22%|██▏       | 656/3000 [01:55<07:22,  5.29it/s]
instructblip/pope/ricd/aokvqa/adversarial/seed1:  22%|██▏       | 657/3000 [01:55<07:11,  5.43it/s]
instructblip/pope/ricd/aokvqa/adversarial/seed1:  22%|██▏       | 658/3000 [01:55<07:00,  5.57it/s]
instructblip/pope/ricd/aokvqa/adversarial/seed1:  22%|██▏       | 659/3000 [01:55<06:53,  5.66it/s]
instructblip/pope/ricd/aokvqa/adversarial/seed1:  22%|██▏       | 660/3000 [01:55<06:49,  5.71it/s]
instructblip/pope/ricd/aokvqa/adversarial/seed1:  22%|██▏       | 661/3000 [01:55<06:51,  5.68it/s]
instructblip/pope/ricd/aokvqa/adversarial/seed1:  22%|██▏       | 662/3000 [01:56<06:43,  5.79it/s]
instructblip/pope/ricd/aokvqa/adversarial/seed1:  22%|██▏       | 663/3000 [01:56<06:46,  5.75it/s]
instructblip/pope/ricd/aokvqa/adversarial/seed1:  22%|██▏       | 664/3000 [01:56<06:50,  5.69it/s]
instructblip/pope/ricd/aokvqa/adversarial/seed1:  22%|██▏       | 665/3000 [01:56<06:48,  5.72it/s]
instructblip/pope/ricd/aokvqa/adversarial/seed1:  22%|██▏       | 666/3000 [01:56<06:46,  5.74it/s]
instructblip/pope/ricd/aokvqa/adversarial/seed1:  22%|██▏       | 667/3000 [01:56<06:39,  5.84it/s]
instructblip/pope/ricd/aokvqa/adversarial/seed1:  22%|██▏       | 668/3000 [01:57<06:46,  5.73it/s]
instructblip/pope/ricd/aokvqa/adversarial/seed1:  22%|██▏       | 669/3000 [01:57<06:41,  5.80it/s]
instructblip/pope/ricd/aokvqa/adversarial/seed1:  22%|██▏       | 670/3000 [01:57<06:37,  5.86it/s]
instructblip/pope/ricd/aokvqa/adversarial/seed1:  22%|██▏       | 671/3000 [01:57<06:37,  5.86it/s]
instructblip/pope/ricd/aokvqa/adversarial/seed1:  22%|██▏       | 672/3000 [01:57<06:41,  5.80it/s]
instructblip/pope/ricd/aokvqa/adversarial/seed1:  22%|██▏       | 673/3000 [01:57<06:55,  5.60it/s]
instructblip/pope/ricd/aokvqa/adversarial/seed1:  22%|██▏       | 674/3000 [01:58<06:50,  5.67it/s]
instructblip/pope/ricd/aokvqa/adversarial/seed1:  22%|██▎       | 675/3000 [01:58<06:47,  5.70it/s]
instructblip/pope/ricd/aokvqa/adversarial/seed1:  23%|██▎       | 676/3000 [01:58<06:49,  5.67it/s]
instructblip/pope/ricd/aokvqa/adversarial/seed1:  23%|██▎       | 677/3000 [01:58<06:45,  5.73it/s]
instructblip/pope/ricd/aokvqa/adversarial/seed1:  23%|██▎       | 678/3000 [01:58<06:39,  5.82it/s]
instructblip/pope/ricd/aokvqa/adversarial/seed1:  23%|██▎       | 679/3000 [01:58<06:37,  5.84it/s]
instructblip/pope/ricd/aokvqa/adversarial/seed1:  23%|██▎       | 680/3000 [01:59<06:53,  5.62it/s]
instructblip/pope/ricd/aokvqa/adversarial/seed1:  23%|██▎       | 681/3000 [01:59<06:47,  5.69it/s]
instructblip/pope/ricd/aokvqa/adversarial/seed1:  23%|██▎       | 682/3000 [01:59<06:47,  5.69it/s]
instructblip/pope/ricd/aokvqa/adversarial/seed1:  23%|██▎       | 683/3000 [01:59<06:47,  5.69it/s]
instructblip/pope/ricd/aokvqa/adversarial/seed1:  23%|██▎       | 684/3000 [01:59<06:48,  5.67it/s]
instructblip/pope/ricd/aokvqa/adversarial/seed1:  23%|██▎       | 685/3000 [02:00<06:41,  5.76it/s]
instructblip/pope/ricd/aokvqa/adversarial/seed1:  23%|██▎       | 686/3000 [02:00<06:40,  5.77it/s]
instructblip/pope/ricd/aokvqa/adversarial/seed1:  23%|██▎       | 687/3000 [02:00<06:45,  5.70it/s]
instructblip/pope/ricd/aokvqa/adversarial/seed1:  23%|██▎       | 688/3000 [02:00<06:51,  5.61it/s]
instructblip/pope/ricd/aokvqa/adversarial/seed1:  23%|██▎       | 689/3000 [02:00<06:45,  5.70it/s]
instructblip/pope/ricd/aokvqa/adversarial/seed1:  23%|██▎       | 690/3000 [02:00<06:48,  5.66it/s]
instructblip/pope/ricd/aokvqa/adversarial/seed1:  23%|██▎       | 691/3000 [02:01<06:44,  5.71it/s]
instructblip/pope/ricd/aokvqa/adversarial/seed1:  23%|██▎       | 692/3000 [02:01<06:46,  5.68it/s]
instructblip/pope/ricd/aokvqa/adversarial/seed1:  23%|██▎       | 693/3000 [02:01<06:39,  5.77it/s]
instructblip/pope/ricd/aokvqa/adversarial/seed1:  23%|██▎       | 694/3000 [02:01<06:43,  5.72it/s]
instructblip/pope/ricd/aokvqa/adversarial/seed1:  23%|██▎       | 695/3000 [02:01<06:39,  5.77it/s]
instructblip/pope/ricd/aokvqa/adversarial/seed1:  23%|██▎       | 696/3000 [02:01<06:37,  5.79it/s]
instructblip/pope/ricd/aokvqa/adversarial/seed1:  23%|██▎       | 697/3000 [02:02<06:44,  5.70it/s]
instructblip/pope/ricd/aokvqa/adversarial/seed1:  23%|██▎       | 698/3000 [02:02<06:44,  5.69it/s]
instructblip/pope/ricd/aokvqa/adversarial/seed1:  23%|██▎       | 699/3000 [02:02<06:43,  5.70it/s]
instructblip/pope/ricd/aokvqa/adversarial/seed1:  23%|██▎       | 700/3000 [02:02<06:47,  5.65it/s]
instructblip/pope/ricd/aokvqa/adversarial/seed1:  23%|██▎       | 701/3000 [02:02<06:39,  5.75it/s]
instructblip/pope/ricd/aokvqa/adversarial/seed1:  23%|██▎       | 702/3000 [02:03<06:44,  5.69it/s]
instructblip/pope/ricd/aokvqa/adversarial/seed1:  23%|██▎       | 703/3000 [02:03<06:38,  5.77it/s]
instructblip/pope/ricd/aokvqa/adversarial/seed1:  23%|██▎       | 704/3000 [02:03<06:43,  5.68it/s]
instructblip/pope/ricd/aokvqa/adversarial/seed1:  24%|██▎       | 705/3000 [02:03<06:37,  5.77it/s]
instructblip/pope/ricd/aokvqa/adversarial/seed1:  24%|██▎       | 706/3000 [02:03<06:47,  5.63it/s]
instructblip/pope/ricd/aokvqa/adversarial/seed1:  24%|██▎       | 707/3000 [02:03<06:42,  5.70it/s]
instructblip/pope/ricd/aokvqa/adversarial/seed1:  24%|██▎       | 708/3000 [02:04<06:41,  5.71it/s]
instructblip/pope/ricd/aokvqa/adversarial/seed1:  24%|██▎       | 709/3000 [02:04<06:38,  5.75it/s]
instructblip/pope/ricd/aokvqa/adversarial/seed1:  24%|██▎       | 710/3000 [02:04<06:47,  5.62it/s]
instructblip/pope/ricd/aokvqa/adversarial/seed1:  24%|██▎       | 711/3000 [02:04<06:58,  5.47it/s]
instructblip/pope/ricd/aokvqa/adversarial/seed1:  24%|██▎       | 712/3000 [02:04<06:50,  5.57it/s]
instructblip/pope/ricd/aokvqa/adversarial/seed1:  24%|██▍       | 713/3000 [02:04<06:49,  5.59it/s]
instructblip/pope/ricd/aokvqa/adversarial/seed1:  24%|██▍       | 714/3000 [02:05<06:47,  5.61it/s]
instructblip/pope/ricd/aokvqa/adversarial/seed1:  24%|██▍       | 715/3000 [02:05<06:47,  5.60it/s]
instructblip/pope/ricd/aokvqa/adversarial/seed1:  24%|██▍       | 716/3000 [02:05<06:48,  5.59it/s]
instructblip/pope/ricd/aokvqa/adversarial/seed1:  24%|██▍       | 717/3000 [02:05<06:56,  5.48it/s]
instructblip/pope/ricd/aokvqa/adversarial/seed1:  24%|██▍       | 718/3000 [02:05<06:51,  5.55it/s]
instructblip/pope/ricd/aokvqa/adversarial/seed1:  24%|██▍       | 719/3000 [02:06<06:52,  5.53it/s]
instructblip/pope/ricd/aokvqa/adversarial/seed1:  24%|██▍       | 720/3000 [02:06<06:49,  5.57it/s]
instructblip/pope/ricd/aokvqa/adversarial/seed1:  24%|██▍       | 721/3000 [02:06<06:49,  5.57it/s]
instructblip/pope/ricd/aokvqa/adversarial/seed1:  24%|██▍       | 722/3000 [02:06<06:40,  5.68it/s]
instructblip/pope/ricd/aokvqa/adversarial/seed1:  24%|██▍       | 723/3000 [02:06<06:39,  5.70it/s]
instructblip/pope/ricd/aokvqa/adversarial/seed1:  24%|██▍       | 724/3000 [02:06<06:34,  5.77it/s]
instructblip/pope/ricd/aokvqa/adversarial/seed1:  24%|██▍       | 725/3000 [02:07<06:29,  5.84it/s]
instructblip/pope/ricd/aokvqa/adversarial/seed1:  24%|██▍       | 726/3000 [02:07<06:26,  5.89it/s]
instructblip/pope/ricd/aokvqa/adversarial/seed1:  24%|██▍       | 727/3000 [02:07<06:23,  5.93it/s]
instructblip/pope/ricd/aokvqa/adversarial/seed1:  24%|██▍       | 728/3000 [02:07<06:20,  5.96it/s]
instructblip/pope/ricd/aokvqa/adversarial/seed1:  24%|██▍       | 729/3000 [02:07<06:19,  5.98it/s]
instructblip/pope/ricd/aokvqa/adversarial/seed1:  24%|██▍       | 730/3000 [02:07<06:17,  6.01it/s]
instructblip/pope/ricd/aokvqa/adversarial/seed1:  24%|██▍       | 731/3000 [02:08<06:16,  6.02it/s]
instructblip/pope/ricd/aokvqa/adversarial/seed1:  24%|██▍       | 732/3000 [02:08<06:18,  6.00it/s]
instructblip/pope/ricd/aokvqa/adversarial/seed1:  24%|██▍       | 733/3000 [02:08<06:22,  5.92it/s]
instructblip/pope/ricd/aokvqa/adversarial/seed1:  24%|██▍       | 734/3000 [02:08<06:21,  5.94it/s]
instructblip/pope/ricd/aokvqa/adversarial/seed1:  24%|██▍       | 735/3000 [02:08<06:28,  5.83it/s]
instructblip/pope/ricd/aokvqa/adversarial/seed1:  25%|██▍       | 736/3000 [02:08<06:31,  5.78it/s]
instructblip/pope/ricd/aokvqa/adversarial/seed1:  25%|██▍       | 737/3000 [02:09<06:40,  5.65it/s]
instructblip/pope/ricd/aokvqa/adversarial/seed1:  25%|██▍       | 738/3000 [02:09<06:38,  5.67it/s]
instructblip/pope/ricd/aokvqa/adversarial/seed1:  25%|██▍       | 739/3000 [02:09<06:36,  5.71it/s]
instructblip/pope/ricd/aokvqa/adversarial/seed1:  25%|██▍       | 740/3000 [02:09<06:41,  5.63it/s]
instructblip/pope/ricd/aokvqa/adversarial/seed1:  25%|██▍       | 741/3000 [02:09<06:36,  5.70it/s]
instructblip/pope/ricd/aokvqa/adversarial/seed1:  25%|██▍       | 742/3000 [02:10<07:36,  4.95it/s]
instructblip/pope/ricd/aokvqa/adversarial/seed1:  25%|██▍       | 743/3000 [02:10<07:20,  5.12it/s]
instructblip/pope/ricd/aokvqa/adversarial/seed1:  25%|██▍       | 744/3000 [02:10<07:06,  5.29it/s]
instructblip/pope/ricd/aokvqa/adversarial/seed1:  25%|██▍       | 745/3000 [02:10<06:52,  5.47it/s]
instructblip/pope/ricd/aokvqa/adversarial/seed1:  25%|██▍       | 746/3000 [02:10<06:46,  5.54it/s]
instructblip/pope/ricd/aokvqa/adversarial/seed1:  25%|██▍       | 747/3000 [02:10<06:39,  5.64it/s]
instructblip/pope/ricd/aokvqa/adversarial/seed1:  25%|██▍       | 748/3000 [02:11<06:34,  5.70it/s]
instructblip/pope/ricd/aokvqa/adversarial/seed1:  25%|██▍       | 749/3000 [02:11<06:32,  5.74it/s]
instructblip/pope/ricd/aokvqa/adversarial/seed1:  25%|██▌       | 750/3000 [02:11<06:30,  5.76it/s]
instructblip/pope/ricd/aokvqa/adversarial/seed1:  25%|██▌       | 751/3000 [02:11<06:33,  5.71it/s]
instructblip/pope/ricd/aokvqa/adversarial/seed1:  25%|██▌       | 752/3000 [02:11<06:27,  5.81it/s]
instructblip/pope/ricd/aokvqa/adversarial/seed1:  25%|██▌       | 753/3000 [02:12<06:21,  5.89it/s]
instructblip/pope/ricd/aokvqa/adversarial/seed1:  25%|██▌       | 754/3000 [02:12<06:26,  5.82it/s]
instructblip/pope/ricd/aokvqa/adversarial/seed1:  25%|██▌       | 755/3000 [02:12<06:27,  5.80it/s]
instructblip/pope/ricd/aokvqa/adversarial/seed1:  25%|██▌       | 756/3000 [02:12<06:25,  5.82it/s]
instructblip/pope/ricd/aokvqa/adversarial/seed1:  25%|██▌       | 757/3000 [02:12<06:22,  5.87it/s]
instructblip/pope/ricd/aokvqa/adversarial/seed1:  25%|██▌       | 758/3000 [02:12<06:19,  5.91it/s]
instructblip/pope/ricd/aokvqa/adversarial/seed1:  25%|██▌       | 759/3000 [02:13<06:23,  5.84it/s]
instructblip/pope/ricd/aokvqa/adversarial/seed1:  25%|██▌       | 760/3000 [02:13<06:30,  5.74it/s]
instructblip/pope/ricd/aokvqa/adversarial/seed1:  25%|██▌       | 761/3000 [02:13<06:29,  5.75it/s]
instructblip/pope/ricd/aokvqa/adversarial/seed1:  25%|██▌       | 762/3000 [02:13<06:25,  5.80it/s]
instructblip/pope/ricd/aokvqa/adversarial/seed1:  25%|██▌       | 763/3000 [02:13<06:24,  5.82it/s]
instructblip/pope/ricd/aokvqa/adversarial/seed1:  25%|██▌       | 764/3000 [02:13<06:24,  5.82it/s]
instructblip/pope/ricd/aokvqa/adversarial/seed1:  26%|██▌       | 765/3000 [02:14<06:31,  5.70it/s]
instructblip/pope/ricd/aokvqa/adversarial/seed1:  26%|██▌       | 766/3000 [02:14<06:28,  5.74it/s]
instructblip/pope/ricd/aokvqa/adversarial/seed1:  26%|██▌       | 767/3000 [02:14<06:27,  5.77it/s]
instructblip/pope/ricd/aokvqa/adversarial/seed1:  26%|██▌       | 768/3000 [02:14<06:25,  5.79it/s]
instructblip/pope/ricd/aokvqa/adversarial/seed1:  26%|██▌       | 769/3000 [02:14<06:24,  5.79it/s]
instructblip/pope/ricd/aokvqa/adversarial/seed1:  26%|██▌       | 770/3000 [02:14<06:19,  5.87it/s]
instructblip/pope/ricd/aokvqa/adversarial/seed1:  26%|██▌       | 771/3000 [02:15<06:16,  5.93it/s]
instructblip/pope/ricd/aokvqa/adversarial/seed1:  26%|██▌       | 772/3000 [02:15<06:15,  5.93it/s]
instructblip/pope/ricd/aokvqa/adversarial/seed1:  26%|██▌       | 773/3000 [02:15<06:19,  5.86it/s]
instructblip/pope/ricd/aokvqa/adversarial/seed1:  26%|██▌       | 774/3000 [02:15<06:21,  5.83it/s]
instructblip/pope/ricd/aokvqa/adversarial/seed1:  26%|██▌       | 775/3000 [02:15<06:18,  5.88it/s]
instructblip/pope/ricd/aokvqa/adversarial/seed1:  26%|██▌       | 776/3000 [02:15<06:16,  5.90it/s]
instructblip/pope/ricd/aokvqa/adversarial/seed1:  26%|██▌       | 777/3000 [02:16<06:16,  5.90it/s]
instructblip/pope/ricd/aokvqa/adversarial/seed1:  26%|██▌       | 778/3000 [02:16<06:19,  5.86it/s]
instructblip/pope/ricd/aokvqa/adversarial/seed1:  26%|██▌       | 779/3000 [02:16<06:22,  5.81it/s]
instructblip/pope/ricd/aokvqa/adversarial/seed1:  26%|██▌       | 780/3000 [02:16<06:27,  5.72it/s]
instructblip/pope/ricd/aokvqa/adversarial/seed1:  26%|██▌       | 781/3000 [02:16<06:30,  5.69it/s]
instructblip/pope/ricd/aokvqa/adversarial/seed1:  26%|██▌       | 782/3000 [02:17<06:30,  5.68it/s]
instructblip/pope/ricd/aokvqa/adversarial/seed1:  26%|██▌       | 783/3000 [02:17<06:32,  5.64it/s]
instructblip/pope/ricd/aokvqa/adversarial/seed1:  26%|██▌       | 784/3000 [02:17<06:31,  5.66it/s]
instructblip/pope/ricd/aokvqa/adversarial/seed1:  26%|██▌       | 785/3000 [02:17<06:27,  5.72it/s]
instructblip/pope/ricd/aokvqa/adversarial/seed1:  26%|██▌       | 786/3000 [02:17<06:24,  5.77it/s]
instructblip/pope/ricd/aokvqa/adversarial/seed1:  26%|██▌       | 787/3000 [02:17<06:25,  5.75it/s]
instructblip/pope/ricd/aokvqa/adversarial/seed1:  26%|██▋       | 788/3000 [02:18<06:21,  5.80it/s]
instructblip/pope/ricd/aokvqa/adversarial/seed1:  26%|██▋       | 789/3000 [02:18<06:21,  5.79it/s]
instructblip/pope/ricd/aokvqa/adversarial/seed1:  26%|██▋       | 790/3000 [02:18<06:16,  5.86it/s]
instructblip/pope/ricd/aokvqa/adversarial/seed1:  26%|██▋       | 791/3000 [02:18<06:16,  5.87it/s]
instructblip/pope/ricd/aokvqa/adversarial/seed1:  26%|██▋       | 792/3000 [02:18<06:19,  5.83it/s]
instructblip/pope/ricd/aokvqa/adversarial/seed1:  26%|██▋       | 793/3000 [02:18<06:23,  5.75it/s]
instructblip/pope/ricd/aokvqa/adversarial/seed1:  26%|██▋       | 794/3000 [02:19<06:29,  5.67it/s]
instructblip/pope/ricd/aokvqa/adversarial/seed1:  26%|██▋       | 795/3000 [02:19<06:27,  5.69it/s]
instructblip/pope/ricd/aokvqa/adversarial/seed1:  27%|██▋       | 796/3000 [02:19<06:34,  5.58it/s]
instructblip/pope/ricd/aokvqa/adversarial/seed1:  27%|██▋       | 797/3000 [02:19<06:36,  5.55it/s]
instructblip/pope/ricd/aokvqa/adversarial/seed1:  27%|██▋       | 798/3000 [02:19<06:32,  5.61it/s]
instructblip/pope/ricd/aokvqa/adversarial/seed1:  27%|██▋       | 799/3000 [02:19<06:38,  5.52it/s]
instructblip/pope/ricd/aokvqa/adversarial/seed1:  27%|██▋       | 800/3000 [02:20<06:37,  5.54it/s]
instructblip/pope/ricd/aokvqa/adversarial/seed1:  27%|██▋       | 801/3000 [02:20<06:36,  5.55it/s]
instructblip/pope/ricd/aokvqa/adversarial/seed1:  27%|██▋       | 802/3000 [02:20<06:30,  5.63it/s]
instructblip/pope/ricd/aokvqa/adversarial/seed1:  27%|██▋       | 803/3000 [02:20<06:30,  5.62it/s]
instructblip/pope/ricd/aokvqa/adversarial/seed1:  27%|██▋       | 804/3000 [02:20<06:30,  5.62it/s]
instructblip/pope/ricd/aokvqa/adversarial/seed1:  27%|██▋       | 805/3000 [02:21<06:40,  5.48it/s]
instructblip/pope/ricd/aokvqa/adversarial/seed1:  27%|██▋       | 806/3000 [02:21<06:45,  5.42it/s]
instructblip/pope/ricd/aokvqa/adversarial/seed1:  27%|██▋       | 807/3000 [02:21<06:37,  5.51it/s]
instructblip/pope/ricd/aokvqa/adversarial/seed1:  27%|██▋       | 808/3000 [02:21<06:27,  5.66it/s]
instructblip/pope/ricd/aokvqa/adversarial/seed1:  27%|██▋       | 809/3000 [02:21<06:24,  5.70it/s]
instructblip/pope/ricd/aokvqa/adversarial/seed1:  27%|██▋       | 810/3000 [02:21<06:18,  5.79it/s]
instructblip/pope/ricd/aokvqa/adversarial/seed1:  27%|██▋       | 811/3000 [02:22<06:18,  5.79it/s]
instructblip/pope/ricd/aokvqa/adversarial/seed1:  27%|██▋       | 812/3000 [02:22<06:21,  5.74it/s]
instructblip/pope/ricd/aokvqa/adversarial/seed1:  27%|██▋       | 813/3000 [02:22<06:18,  5.78it/s]
instructblip/pope/ricd/aokvqa/adversarial/seed1:  27%|██▋       | 814/3000 [02:22<06:16,  5.80it/s]
instructblip/pope/ricd/aokvqa/adversarial/seed1:  27%|██▋       | 815/3000 [02:22<06:15,  5.82it/s]
instructblip/pope/ricd/aokvqa/adversarial/seed1:  27%|██▋       | 816/3000 [02:22<06:14,  5.84it/s]
instructblip/pope/ricd/aokvqa/adversarial/seed1:  27%|██▋       | 817/3000 [02:23<06:12,  5.86it/s]
instructblip/pope/ricd/aokvqa/adversarial/seed1:  27%|██▋       | 818/3000 [02:23<06:19,  5.75it/s]
instructblip/pope/ricd/aokvqa/adversarial/seed1:  27%|██▋       | 819/3000 [02:23<06:21,  5.71it/s]
instructblip/pope/ricd/aokvqa/adversarial/seed1:  27%|██▋       | 820/3000 [02:23<06:25,  5.66it/s]
instructblip/pope/ricd/aokvqa/adversarial/seed1:  27%|██▋       | 821/3000 [02:23<06:20,  5.73it/s]
instructblip/pope/ricd/aokvqa/adversarial/seed1:  27%|██▋       | 822/3000 [02:24<06:20,  5.73it/s]
instructblip/pope/ricd/aokvqa/adversarial/seed1:  27%|██▋       | 823/3000 [02:24<06:20,  5.72it/s]
instructblip/pope/ricd/aokvqa/adversarial/seed1:  27%|██▋       | 824/3000 [02:24<06:18,  5.74it/s]
instructblip/pope/ricd/aokvqa/adversarial/seed1:  28%|██▊       | 825/3000 [02:24<06:22,  5.69it/s]
instructblip/pope/ricd/aokvqa/adversarial/seed1:  28%|██▊       | 826/3000 [02:24<06:26,  5.63it/s]
instructblip/pope/ricd/aokvqa/adversarial/seed1:  28%|██▊       | 827/3000 [02:24<06:20,  5.71it/s]
instructblip/pope/ricd/aokvqa/adversarial/seed1:  28%|██▊       | 828/3000 [02:25<06:21,  5.70it/s]
instructblip/pope/ricd/aokvqa/adversarial/seed1:  28%|██▊       | 829/3000 [02:25<06:21,  5.69it/s]
instructblip/pope/ricd/aokvqa/adversarial/seed1:  28%|██▊       | 830/3000 [02:25<06:15,  5.78it/s]
instructblip/pope/ricd/aokvqa/adversarial/seed1:  28%|██▊       | 831/3000 [02:25<06:17,  5.74it/s]
instructblip/pope/ricd/aokvqa/adversarial/seed1:  28%|██▊       | 832/3000 [02:25<06:21,  5.68it/s]
instructblip/pope/ricd/aokvqa/adversarial/seed1:  28%|██▊       | 833/3000 [02:25<06:16,  5.76it/s]
instructblip/pope/ricd/aokvqa/adversarial/seed1:  28%|██▊       | 834/3000 [02:26<06:23,  5.65it/s]
instructblip/pope/ricd/aokvqa/adversarial/seed1:  28%|██▊       | 835/3000 [02:26<06:18,  5.72it/s]
instructblip/pope/ricd/aokvqa/adversarial/seed1:  28%|██▊       | 836/3000 [02:26<06:23,  5.65it/s]
instructblip/pope/ricd/aokvqa/adversarial/seed1:  28%|██▊       | 837/3000 [02:26<06:19,  5.70it/s]
instructblip/pope/ricd/aokvqa/adversarial/seed1:  28%|██▊       | 838/3000 [02:26<06:20,  5.69it/s]
instructblip/pope/ricd/aokvqa/adversarial/seed1:  28%|██▊       | 839/3000 [02:27<06:19,  5.70it/s]
instructblip/pope/ricd/aokvqa/adversarial/seed1:  28%|██▊       | 840/3000 [02:27<06:20,  5.67it/s]
instructblip/pope/ricd/aokvqa/adversarial/seed1:  28%|██▊       | 841/3000 [02:27<06:14,  5.77it/s]
instructblip/pope/ricd/aokvqa/adversarial/seed1:  28%|██▊       | 842/3000 [02:27<06:16,  5.73it/s]
instructblip/pope/ricd/aokvqa/adversarial/seed1:  28%|██▊       | 843/3000 [02:27<06:17,  5.72it/s]
instructblip/pope/ricd/aokvqa/adversarial/seed1:  28%|██▊       | 844/3000 [02:27<06:16,  5.73it/s]
instructblip/pope/ricd/aokvqa/adversarial/seed1:  28%|██▊       | 845/3000 [02:28<06:12,  5.78it/s]
instructblip/pope/ricd/aokvqa/adversarial/seed1:  28%|██▊       | 846/3000 [02:28<06:36,  5.44it/s]
instructblip/pope/ricd/aokvqa/adversarial/seed1:  28%|██▊       | 847/3000 [02:28<06:52,  5.22it/s]
instructblip/pope/ricd/aokvqa/adversarial/seed1:  28%|██▊       | 848/3000 [02:28<06:39,  5.38it/s]
instructblip/pope/ricd/aokvqa/adversarial/seed1:  28%|██▊       | 849/3000 [02:28<06:30,  5.50it/s]
instructblip/pope/ricd/aokvqa/adversarial/seed1:  28%|██▊       | 850/3000 [02:29<06:32,  5.48it/s]
instructblip/pope/ricd/aokvqa/adversarial/seed1:  28%|██▊       | 851/3000 [02:29<06:28,  5.53it/s]
instructblip/pope/ricd/aokvqa/adversarial/seed1:  28%|██▊       | 852/3000 [02:29<06:19,  5.66it/s]
instructblip/pope/ricd/aokvqa/adversarial/seed1:  28%|██▊       | 853/3000 [02:29<06:17,  5.68it/s]
instructblip/pope/ricd/aokvqa/adversarial/seed1:  28%|██▊       | 854/3000 [02:29<06:19,  5.65it/s]
instructblip/pope/ricd/aokvqa/adversarial/seed1:  28%|██▊       | 855/3000 [02:29<06:23,  5.59it/s]
instructblip/pope/ricd/aokvqa/adversarial/seed1:  29%|██▊       | 856/3000 [02:30<06:19,  5.65it/s]
instructblip/pope/ricd/aokvqa/adversarial/seed1:  29%|██▊       | 857/3000 [02:30<06:20,  5.63it/s]
instructblip/pope/ricd/aokvqa/adversarial/seed1:  29%|██▊       | 858/3000 [02:30<06:17,  5.68it/s]
instructblip/pope/ricd/aokvqa/adversarial/seed1:  29%|██▊       | 859/3000 [02:30<06:18,  5.66it/s]
instructblip/pope/ricd/aokvqa/adversarial/seed1:  29%|██▊       | 860/3000 [02:30<06:14,  5.72it/s]
instructblip/pope/ricd/aokvqa/adversarial/seed1:  29%|██▊       | 861/3000 [02:30<06:09,  5.78it/s]
instructblip/pope/ricd/aokvqa/adversarial/seed1:  29%|██▊       | 862/3000 [02:31<06:14,  5.72it/s]
instructblip/pope/ricd/aokvqa/adversarial/seed1:  29%|██▉       | 863/3000 [02:31<06:19,  5.63it/s]
instructblip/pope/ricd/aokvqa/adversarial/seed1:  29%|██▉       | 864/3000 [02:31<06:16,  5.68it/s]
instructblip/pope/ricd/aokvqa/adversarial/seed1:  29%|██▉       | 865/3000 [02:31<06:15,  5.69it/s]
instructblip/pope/ricd/aokvqa/adversarial/seed1:  29%|██▉       | 866/3000 [02:31<06:13,  5.71it/s]
instructblip/pope/ricd/aokvqa/adversarial/seed1:  29%|██▉       | 867/3000 [02:31<06:15,  5.68it/s]
instructblip/pope/ricd/aokvqa/adversarial/seed1:  29%|██▉       | 868/3000 [02:32<06:13,  5.71it/s]
instructblip/pope/ricd/aokvqa/adversarial/seed1:  29%|██▉       | 869/3000 [02:32<06:07,  5.80it/s]
instructblip/pope/ricd/aokvqa/adversarial/seed1:  29%|██▉       | 870/3000 [02:32<06:23,  5.55it/s]
instructblip/pope/ricd/aokvqa/adversarial/seed1:  29%|██▉       | 871/3000 [02:32<06:18,  5.63it/s]
instructblip/pope/ricd/aokvqa/adversarial/seed1:  29%|██▉       | 872/3000 [02:32<06:15,  5.67it/s]
instructblip/pope/ricd/aokvqa/adversarial/seed1:  29%|██▉       | 873/3000 [02:33<06:12,  5.72it/s]
instructblip/pope/ricd/aokvqa/adversarial/seed1:  29%|██▉       | 874/3000 [02:33<06:07,  5.78it/s]
instructblip/pope/ricd/aokvqa/adversarial/seed1:  29%|██▉       | 875/3000 [02:33<06:05,  5.81it/s]
instructblip/pope/ricd/aokvqa/adversarial/seed1:  29%|██▉       | 876/3000 [02:33<06:03,  5.85it/s]
instructblip/pope/ricd/aokvqa/adversarial/seed1:  29%|██▉       | 877/3000 [02:33<06:04,  5.83it/s]
instructblip/pope/ricd/aokvqa/adversarial/seed1:  29%|██▉       | 878/3000 [02:33<06:06,  5.79it/s]
instructblip/pope/ricd/aokvqa/adversarial/seed1:  29%|██▉       | 879/3000 [02:34<06:02,  5.86it/s]
instructblip/pope/ricd/aokvqa/adversarial/seed1:  29%|██▉       | 880/3000 [02:34<06:01,  5.86it/s]
instructblip/pope/ricd/aokvqa/adversarial/seed1:  29%|██▉       | 881/3000 [02:34<06:01,  5.87it/s]
instructblip/pope/ricd/aokvqa/adversarial/seed1:  29%|██▉       | 882/3000 [02:34<06:08,  5.74it/s]
instructblip/pope/ricd/aokvqa/adversarial/seed1:  29%|██▉       | 883/3000 [02:34<06:10,  5.71it/s]
instructblip/pope/ricd/aokvqa/adversarial/seed1:  29%|██▉       | 884/3000 [02:34<06:12,  5.69it/s]
instructblip/pope/ricd/aokvqa/adversarial/seed1:  30%|██▉       | 885/3000 [02:35<06:09,  5.72it/s]
instructblip/pope/ricd/aokvqa/adversarial/seed1:  30%|██▉       | 886/3000 [02:35<06:09,  5.72it/s]
instructblip/pope/ricd/aokvqa/adversarial/seed1:  30%|██▉       | 887/3000 [02:35<06:06,  5.76it/s]
instructblip/pope/ricd/aokvqa/adversarial/seed1:  30%|██▉       | 888/3000 [02:35<06:06,  5.76it/s]
instructblip/pope/ricd/aokvqa/adversarial/seed1:  30%|██▉       | 889/3000 [02:35<06:12,  5.67it/s]
instructblip/pope/ricd/aokvqa/adversarial/seed1:  30%|██▉       | 890/3000 [02:36<06:18,  5.57it/s]
instructblip/pope/ricd/aokvqa/adversarial/seed1:  30%|██▉       | 891/3000 [02:36<06:30,  5.40it/s]
instructblip/pope/ricd/aokvqa/adversarial/seed1:  30%|██▉       | 892/3000 [02:36<06:30,  5.39it/s]
instructblip/pope/ricd/aokvqa/adversarial/seed1:  30%|██▉       | 893/3000 [02:36<06:26,  5.45it/s]
instructblip/pope/ricd/aokvqa/adversarial/seed1:  30%|██▉       | 894/3000 [02:36<06:20,  5.53it/s]
instructblip/pope/ricd/aokvqa/adversarial/seed1:  30%|██▉       | 895/3000 [02:36<06:13,  5.63it/s]
instructblip/pope/ricd/aokvqa/adversarial/seed1:  30%|██▉       | 896/3000 [02:37<06:15,  5.60it/s]
instructblip/pope/ricd/aokvqa/adversarial/seed1:  30%|██▉       | 897/3000 [02:37<06:11,  5.67it/s]
instructblip/pope/ricd/aokvqa/adversarial/seed1:  30%|██▉       | 898/3000 [02:37<06:15,  5.60it/s]
instructblip/pope/ricd/aokvqa/adversarial/seed1:  30%|██▉       | 899/3000 [02:37<06:11,  5.65it/s]
instructblip/pope/ricd/aokvqa/adversarial/seed1:  30%|███       | 900/3000 [02:37<06:15,  5.59it/s]
instructblip/pope/ricd/aokvqa/adversarial/seed1:  30%|███       | 901/3000 [02:37<06:17,  5.57it/s]
instructblip/pope/ricd/aokvqa/adversarial/seed1:  30%|███       | 902/3000 [02:38<06:11,  5.64it/s]
instructblip/pope/ricd/aokvqa/adversarial/seed1:  30%|███       | 903/3000 [02:38<06:08,  5.70it/s]
instructblip/pope/ricd/aokvqa/adversarial/seed1:  30%|███       | 904/3000 [02:38<06:09,  5.68it/s]
instructblip/pope/ricd/aokvqa/adversarial/seed1:  30%|███       | 905/3000 [02:38<06:15,  5.58it/s]
instructblip/pope/ricd/aokvqa/adversarial/seed1:  30%|███       | 906/3000 [02:38<06:12,  5.63it/s]
instructblip/pope/ricd/aokvqa/adversarial/seed1:  30%|███       | 907/3000 [02:39<06:10,  5.65it/s]
instructblip/pope/ricd/aokvqa/adversarial/seed1:  30%|███       | 908/3000 [02:39<06:10,  5.65it/s]
instructblip/pope/ricd/aokvqa/adversarial/seed1:  30%|███       | 909/3000 [02:39<06:11,  5.63it/s]
instructblip/pope/ricd/aokvqa/adversarial/seed1:  30%|███       | 910/3000 [02:39<06:11,  5.62it/s]
instructblip/pope/ricd/aokvqa/adversarial/seed1:  30%|███       | 911/3000 [02:39<06:07,  5.68it/s]
instructblip/pope/ricd/aokvqa/adversarial/seed1:  30%|███       | 912/3000 [02:39<06:16,  5.55it/s]
instructblip/pope/ricd/aokvqa/adversarial/seed1:  30%|███       | 913/3000 [02:40<06:38,  5.23it/s]
instructblip/pope/ricd/aokvqa/adversarial/seed1:  30%|███       | 914/3000 [02:40<06:53,  5.04it/s]
instructblip/pope/ricd/aokvqa/adversarial/seed1:  30%|███       | 915/3000 [02:40<07:02,  4.94it/s]
instructblip/pope/ricd/aokvqa/adversarial/seed1:  31%|███       | 916/3000 [02:40<07:09,  4.85it/s]
instructblip/pope/ricd/aokvqa/adversarial/seed1:  31%|███       | 917/3000 [02:40<06:56,  5.01it/s]
instructblip/pope/ricd/aokvqa/adversarial/seed1:  31%|███       | 918/3000 [02:41<06:48,  5.10it/s]
instructblip/pope/ricd/aokvqa/adversarial/seed1:  31%|███       | 919/3000 [02:41<06:33,  5.28it/s]
instructblip/pope/ricd/aokvqa/adversarial/seed1:  31%|███       | 920/3000 [02:41<06:18,  5.49it/s]
instructblip/pope/ricd/aokvqa/adversarial/seed1:  31%|███       | 921/3000 [02:41<06:16,  5.53it/s]
instructblip/pope/ricd/aokvqa/adversarial/seed1:  31%|███       | 922/3000 [02:41<06:09,  5.62it/s]
instructblip/pope/ricd/aokvqa/adversarial/seed1:  31%|███       | 923/3000 [02:42<06:13,  5.56it/s]
instructblip/pope/ricd/aokvqa/adversarial/seed1:  31%|███       | 924/3000 [02:42<06:13,  5.56it/s]
instructblip/pope/ricd/aokvqa/adversarial/seed1:  31%|███       | 925/3000 [02:42<06:05,  5.67it/s]
instructblip/pope/ricd/aokvqa/adversarial/seed1:  31%|███       | 926/3000 [02:42<06:00,  5.75it/s]
instructblip/pope/ricd/aokvqa/adversarial/seed1:  31%|███       | 927/3000 [02:42<06:00,  5.76it/s]
instructblip/pope/ricd/aokvqa/adversarial/seed1:  31%|███       | 928/3000 [02:42<06:01,  5.74it/s]
instructblip/pope/ricd/aokvqa/adversarial/seed1:  31%|███       | 929/3000 [02:43<05:58,  5.77it/s]
instructblip/pope/ricd/aokvqa/adversarial/seed1:  31%|███       | 930/3000 [02:43<05:54,  5.83it/s]
instructblip/pope/ricd/aokvqa/adversarial/seed1:  31%|███       | 931/3000 [02:43<05:55,  5.82it/s]
instructblip/pope/ricd/aokvqa/adversarial/seed1:  31%|███       | 932/3000 [02:43<05:55,  5.81it/s]
instructblip/pope/ricd/aokvqa/adversarial/seed1:  31%|███       | 933/3000 [02:43<05:55,  5.81it/s]
instructblip/pope/ricd/aokvqa/adversarial/seed1:  31%|███       | 934/3000 [02:43<05:55,  5.82it/s]
instructblip/pope/ricd/aokvqa/adversarial/seed1:  31%|███       | 935/3000 [02:44<05:51,  5.87it/s]
instructblip/pope/ricd/aokvqa/adversarial/seed1:  31%|███       | 936/3000 [02:44<05:50,  5.88it/s]
instructblip/pope/ricd/aokvqa/adversarial/seed1:  31%|███       | 937/3000 [02:44<05:51,  5.87it/s]
instructblip/pope/ricd/aokvqa/adversarial/seed1:  31%|███▏      | 938/3000 [02:44<05:51,  5.87it/s]
instructblip/pope/ricd/aokvqa/adversarial/seed1:  31%|███▏      | 939/3000 [02:44<05:49,  5.90it/s]
instructblip/pope/ricd/aokvqa/adversarial/seed1:  31%|███▏      | 940/3000 [02:44<05:53,  5.83it/s]
instructblip/pope/ricd/aokvqa/adversarial/seed1:  31%|███▏      | 941/3000 [02:45<05:54,  5.80it/s]
instructblip/pope/ricd/aokvqa/adversarial/seed1:  31%|███▏      | 942/3000 [02:45<05:56,  5.78it/s]
instructblip/pope/ricd/aokvqa/adversarial/seed1:  31%|███▏      | 943/3000 [02:45<05:57,  5.75it/s]
instructblip/pope/ricd/aokvqa/adversarial/seed1:  31%|███▏      | 944/3000 [02:45<05:58,  5.74it/s]
instructblip/pope/ricd/aokvqa/adversarial/seed1:  32%|███▏      | 945/3000 [02:45<05:59,  5.71it/s]
instructblip/pope/ricd/aokvqa/adversarial/seed1:  32%|███▏      | 946/3000 [02:45<05:56,  5.76it/s]
instructblip/pope/ricd/aokvqa/adversarial/seed1:  32%|███▏      | 947/3000 [02:46<06:17,  5.44it/s]
instructblip/pope/ricd/aokvqa/adversarial/seed1:  32%|███▏      | 948/3000 [02:46<06:22,  5.37it/s]
instructblip/pope/ricd/aokvqa/adversarial/seed1:  32%|███▏      | 949/3000 [02:46<06:30,  5.25it/s]
instructblip/pope/ricd/aokvqa/adversarial/seed1:  32%|███▏      | 950/3000 [02:46<06:22,  5.36it/s]
instructblip/pope/ricd/aokvqa/adversarial/seed1:  32%|███▏      | 951/3000 [02:46<06:14,  5.47it/s]
instructblip/pope/ricd/aokvqa/adversarial/seed1:  32%|███▏      | 952/3000 [02:47<06:03,  5.63it/s]
instructblip/pope/ricd/aokvqa/adversarial/seed1:  32%|███▏      | 953/3000 [02:47<05:56,  5.74it/s]
instructblip/pope/ricd/aokvqa/adversarial/seed1:  32%|███▏      | 954/3000 [02:47<06:03,  5.63it/s]
instructblip/pope/ricd/aokvqa/adversarial/seed1:  32%|███▏      | 955/3000 [02:47<06:04,  5.61it/s]
instructblip/pope/ricd/aokvqa/adversarial/seed1:  32%|███▏      | 956/3000 [02:47<06:10,  5.51it/s]
instructblip/pope/ricd/aokvqa/adversarial/seed1:  32%|███▏      | 957/3000 [02:48<06:03,  5.62it/s]
instructblip/pope/ricd/aokvqa/adversarial/seed1:  32%|███▏      | 958/3000 [02:48<06:08,  5.54it/s]
instructblip/pope/ricd/aokvqa/adversarial/seed1:  32%|███▏      | 959/3000 [02:48<06:01,  5.65it/s]
instructblip/pope/ricd/aokvqa/adversarial/seed1:  32%|███▏      | 960/3000 [02:48<06:16,  5.42it/s]
instructblip/pope/ricd/aokvqa/adversarial/seed1:  32%|███▏      | 961/3000 [02:48<06:09,  5.52it/s]
instructblip/pope/ricd/aokvqa/adversarial/seed1:  32%|███▏      | 962/3000 [02:48<06:07,  5.55it/s]
instructblip/pope/ricd/aokvqa/adversarial/seed1:  32%|███▏      | 963/3000 [02:49<06:14,  5.43it/s]
instructblip/pope/ricd/aokvqa/adversarial/seed1:  32%|███▏      | 964/3000 [02:49<06:20,  5.35it/s]
instructblip/pope/ricd/aokvqa/adversarial/seed1:  32%|███▏      | 965/3000 [02:49<06:11,  5.48it/s]
instructblip/pope/ricd/aokvqa/adversarial/seed1:  32%|███▏      | 966/3000 [02:49<06:09,  5.51it/s]
instructblip/pope/ricd/aokvqa/adversarial/seed1:  32%|███▏      | 967/3000 [02:49<06:03,  5.59it/s]
instructblip/pope/ricd/aokvqa/adversarial/seed1:  32%|███▏      | 968/3000 [02:50<06:03,  5.59it/s]
instructblip/pope/ricd/aokvqa/adversarial/seed1:  32%|███▏      | 969/3000 [02:50<05:58,  5.66it/s]
instructblip/pope/ricd/aokvqa/adversarial/seed1:  32%|███▏      | 970/3000 [02:50<05:54,  5.72it/s]
instructblip/pope/ricd/aokvqa/adversarial/seed1:  32%|███▏      | 971/3000 [02:50<05:56,  5.70it/s]
instructblip/pope/ricd/aokvqa/adversarial/seed1:  32%|███▏      | 972/3000 [02:50<05:52,  5.75it/s]
instructblip/pope/ricd/aokvqa/adversarial/seed1:  32%|███▏      | 973/3000 [02:50<05:59,  5.64it/s]
instructblip/pope/ricd/aokvqa/adversarial/seed1:  32%|███▏      | 974/3000 [02:51<05:56,  5.68it/s]
instructblip/pope/ricd/aokvqa/adversarial/seed1:  32%|███▎      | 975/3000 [02:51<05:55,  5.70it/s]
instructblip/pope/ricd/aokvqa/adversarial/seed1:  33%|███▎      | 976/3000 [02:51<06:04,  5.55it/s]
instructblip/pope/ricd/aokvqa/adversarial/seed1:  33%|███▎      | 977/3000 [02:51<06:10,  5.45it/s]
instructblip/pope/ricd/aokvqa/adversarial/seed1:  33%|███▎      | 978/3000 [02:51<06:05,  5.53it/s]
instructblip/pope/ricd/aokvqa/adversarial/seed1:  33%|███▎      | 979/3000 [02:51<05:59,  5.63it/s]
instructblip/pope/ricd/aokvqa/adversarial/seed1:  33%|███▎      | 980/3000 [02:52<05:56,  5.67it/s]
instructblip/pope/ricd/aokvqa/adversarial/seed1:  33%|███▎      | 981/3000 [02:52<05:51,  5.74it/s]
instructblip/pope/ricd/aokvqa/adversarial/seed1:  33%|███▎      | 982/3000 [02:52<05:50,  5.76it/s]
instructblip/pope/ricd/aokvqa/adversarial/seed1:  33%|███▎      | 983/3000 [02:52<05:52,  5.73it/s]
instructblip/pope/ricd/aokvqa/adversarial/seed1:  33%|███▎      | 984/3000 [02:52<05:51,  5.73it/s]
instructblip/pope/ricd/aokvqa/adversarial/seed1:  33%|███▎      | 985/3000 [02:52<05:52,  5.71it/s]
instructblip/pope/ricd/aokvqa/adversarial/seed1:  33%|███▎      | 986/3000 [02:53<05:50,  5.75it/s]
instructblip/pope/ricd/aokvqa/adversarial/seed1:  33%|███▎      | 987/3000 [02:53<05:50,  5.75it/s]
instructblip/pope/ricd/aokvqa/adversarial/seed1:  33%|███▎      | 988/3000 [02:53<05:55,  5.66it/s]
instructblip/pope/ricd/aokvqa/adversarial/seed1:  33%|███▎      | 989/3000 [02:53<05:53,  5.69it/s]
instructblip/pope/ricd/aokvqa/adversarial/seed1:  33%|███▎      | 990/3000 [02:53<05:51,  5.72it/s]
instructblip/pope/ricd/aokvqa/adversarial/seed1:  33%|███▎      | 991/3000 [02:54<05:48,  5.77it/s]
instructblip/pope/ricd/aokvqa/adversarial/seed1:  33%|███▎      | 992/3000 [02:54<05:50,  5.72it/s]
instructblip/pope/ricd/aokvqa/adversarial/seed1:  33%|███▎      | 993/3000 [02:54<05:47,  5.78it/s]
instructblip/pope/ricd/aokvqa/adversarial/seed1:  33%|███▎      | 994/3000 [02:54<05:52,  5.68it/s]
instructblip/pope/ricd/aokvqa/adversarial/seed1:  33%|███▎      | 995/3000 [02:54<05:56,  5.63it/s]
instructblip/pope/ricd/aokvqa/adversarial/seed1:  33%|███▎      | 996/3000 [02:54<05:51,  5.71it/s]
instructblip/pope/ricd/aokvqa/adversarial/seed1:  33%|███▎      | 997/3000 [02:55<05:48,  5.75it/s]
instructblip/pope/ricd/aokvqa/adversarial/seed1:  33%|███▎      | 998/3000 [02:55<05:46,  5.77it/s]
instructblip/pope/ricd/aokvqa/adversarial/seed1:  33%|███▎      | 999/3000 [02:55<05:44,  5.80it/s]
instructblip/pope/ricd/aokvqa/adversarial/seed1:  33%|███▎      | 1000/3000 [02:55<05:47,  5.75it/s]
instructblip/pope/ricd/aokvqa/adversarial/seed1:  33%|███▎      | 1001/3000 [02:55<05:53,  5.65it/s]
instructblip/pope/ricd/aokvqa/adversarial/seed1:  33%|███▎      | 1002/3000 [02:55<05:52,  5.67it/s]
instructblip/pope/ricd/aokvqa/adversarial/seed1:  33%|███▎      | 1003/3000 [02:56<05:45,  5.78it/s]
instructblip/pope/ricd/aokvqa/adversarial/seed1:  33%|███▎      | 1004/3000 [02:56<05:44,  5.80it/s]
instructblip/pope/ricd/aokvqa/adversarial/seed1:  34%|███▎      | 1005/3000 [02:56<05:51,  5.68it/s]
instructblip/pope/ricd/aokvqa/adversarial/seed1:  34%|███▎      | 1006/3000 [02:56<05:55,  5.61it/s]
instructblip/pope/ricd/aokvqa/adversarial/seed1:  34%|███▎      | 1007/3000 [02:56<05:48,  5.71it/s]
instructblip/pope/ricd/aokvqa/adversarial/seed1:  34%|███▎      | 1008/3000 [02:57<05:55,  5.60it/s]
instructblip/pope/ricd/aokvqa/adversarial/seed1:  34%|███▎      | 1009/3000 [02:57<06:02,  5.49it/s]
instructblip/pope/ricd/aokvqa/adversarial/seed1:  34%|███▎      | 1010/3000 [02:57<06:01,  5.50it/s]
instructblip/pope/ricd/aokvqa/adversarial/seed1:  34%|███▎      | 1011/3000 [02:57<06:01,  5.50it/s]
instructblip/pope/ricd/aokvqa/adversarial/seed1:  34%|███▎      | 1012/3000 [02:57<05:53,  5.63it/s]
instructblip/pope/ricd/aokvqa/adversarial/seed1:  34%|███▍      | 1013/3000 [02:57<05:51,  5.65it/s]
instructblip/pope/ricd/aokvqa/adversarial/seed1:  34%|███▍      | 1014/3000 [02:58<05:51,  5.65it/s]
instructblip/pope/ricd/aokvqa/adversarial/seed1:  34%|███▍      | 1015/3000 [02:58<05:45,  5.74it/s]
instructblip/pope/ricd/aokvqa/adversarial/seed1:  34%|███▍      | 1016/3000 [02:58<05:38,  5.87it/s]
instructblip/pope/ricd/aokvqa/adversarial/seed1:  34%|███▍      | 1017/3000 [02:58<05:38,  5.87it/s]
instructblip/pope/ricd/aokvqa/adversarial/seed1:  34%|███▍      | 1018/3000 [02:58<05:40,  5.83it/s]
instructblip/pope/ricd/aokvqa/adversarial/seed1:  34%|███▍      | 1019/3000 [02:58<05:48,  5.68it/s]
instructblip/pope/ricd/aokvqa/adversarial/seed1:  34%|███▍      | 1020/3000 [02:59<05:52,  5.62it/s]
instructblip/pope/ricd/aokvqa/adversarial/seed1:  34%|███▍      | 1021/3000 [02:59<05:46,  5.71it/s]
instructblip/pope/ricd/aokvqa/adversarial/seed1:  34%|███▍      | 1022/3000 [02:59<05:43,  5.75it/s]
instructblip/pope/ricd/aokvqa/adversarial/seed1:  34%|███▍      | 1023/3000 [02:59<05:50,  5.64it/s]
instructblip/pope/ricd/aokvqa/adversarial/seed1:  34%|███▍      | 1024/3000 [02:59<05:45,  5.72it/s]
instructblip/pope/ricd/aokvqa/adversarial/seed1:  34%|███▍      | 1025/3000 [03:00<05:45,  5.72it/s]
instructblip/pope/ricd/aokvqa/adversarial/seed1:  34%|███▍      | 1026/3000 [03:00<05:46,  5.70it/s]
instructblip/pope/ricd/aokvqa/adversarial/seed1:  34%|███▍      | 1027/3000 [03:00<05:45,  5.71it/s]
instructblip/pope/ricd/aokvqa/adversarial/seed1:  34%|███▍      | 1028/3000 [03:00<05:41,  5.77it/s]
instructblip/pope/ricd/aokvqa/adversarial/seed1:  34%|███▍      | 1029/3000 [03:00<05:40,  5.79it/s]
instructblip/pope/ricd/aokvqa/adversarial/seed1:  34%|███▍      | 1030/3000 [03:00<05:43,  5.74it/s]
instructblip/pope/ricd/aokvqa/adversarial/seed1:  34%|███▍      | 1031/3000 [03:01<05:38,  5.81it/s]
instructblip/pope/ricd/aokvqa/adversarial/seed1:  34%|███▍      | 1032/3000 [03:01<05:38,  5.81it/s]
instructblip/pope/ricd/aokvqa/adversarial/seed1:  34%|███▍      | 1033/3000 [03:01<05:38,  5.81it/s]
instructblip/pope/ricd/aokvqa/adversarial/seed1:  34%|███▍      | 1034/3000 [03:01<05:36,  5.85it/s]
instructblip/pope/ricd/aokvqa/adversarial/seed1:  34%|███▍      | 1035/3000 [03:01<05:35,  5.85it/s]
instructblip/pope/ricd/aokvqa/adversarial/seed1:  35%|███▍      | 1036/3000 [03:01<05:35,  5.85it/s]
instructblip/pope/ricd/aokvqa/adversarial/seed1:  35%|███▍      | 1037/3000 [03:02<05:36,  5.83it/s]
instructblip/pope/ricd/aokvqa/adversarial/seed1:  35%|███▍      | 1038/3000 [03:02<05:39,  5.78it/s]
instructblip/pope/ricd/aokvqa/adversarial/seed1:  35%|███▍      | 1039/3000 [03:02<05:37,  5.81it/s]
instructblip/pope/ricd/aokvqa/adversarial/seed1:  35%|███▍      | 1040/3000 [03:02<05:34,  5.85it/s]
instructblip/pope/ricd/aokvqa/adversarial/seed1:  35%|███▍      | 1041/3000 [03:02<05:54,  5.53it/s]
instructblip/pope/ricd/aokvqa/adversarial/seed1:  35%|███▍      | 1042/3000 [03:02<06:03,  5.39it/s]
instructblip/pope/ricd/aokvqa/adversarial/seed1:  35%|███▍      | 1043/3000 [03:03<05:58,  5.46it/s]
instructblip/pope/ricd/aokvqa/adversarial/seed1:  35%|███▍      | 1044/3000 [03:03<05:54,  5.51it/s]
instructblip/pope/ricd/aokvqa/adversarial/seed1:  35%|███▍      | 1045/3000 [03:03<05:48,  5.61it/s]
instructblip/pope/ricd/aokvqa/adversarial/seed1:  35%|███▍      | 1046/3000 [03:03<05:49,  5.59it/s]
instructblip/pope/ricd/aokvqa/adversarial/seed1:  35%|███▍      | 1047/3000 [03:03<05:53,  5.52it/s]
instructblip/pope/ricd/aokvqa/adversarial/seed1:  35%|███▍      | 1048/3000 [03:04<05:48,  5.60it/s]
instructblip/pope/ricd/aokvqa/adversarial/seed1:  35%|███▍      | 1049/3000 [03:04<05:46,  5.63it/s]
instructblip/pope/ricd/aokvqa/adversarial/seed1:  35%|███▌      | 1050/3000 [03:04<05:42,  5.69it/s]
instructblip/pope/ricd/aokvqa/adversarial/seed1:  35%|███▌      | 1051/3000 [03:04<05:47,  5.61it/s]
instructblip/pope/ricd/aokvqa/adversarial/seed1:  35%|███▌      | 1052/3000 [03:04<05:43,  5.67it/s]
instructblip/pope/ricd/aokvqa/adversarial/seed1:  35%|███▌      | 1053/3000 [03:04<05:42,  5.69it/s]
instructblip/pope/ricd/aokvqa/adversarial/seed1:  35%|███▌      | 1054/3000 [03:05<05:48,  5.58it/s]
instructblip/pope/ricd/aokvqa/adversarial/seed1:  35%|███▌      | 1055/3000 [03:05<05:50,  5.55it/s]
instructblip/pope/ricd/aokvqa/adversarial/seed1:  35%|███▌      | 1056/3000 [03:05<05:44,  5.65it/s]
instructblip/pope/ricd/aokvqa/adversarial/seed1:  35%|███▌      | 1057/3000 [03:05<05:43,  5.66it/s]
instructblip/pope/ricd/aokvqa/adversarial/seed1:  35%|███▌      | 1058/3000 [03:05<05:40,  5.70it/s]
instructblip/pope/ricd/aokvqa/adversarial/seed1:  35%|███▌      | 1059/3000 [03:06<05:41,  5.68it/s]
instructblip/pope/ricd/aokvqa/adversarial/seed1:  35%|███▌      | 1060/3000 [03:06<05:44,  5.63it/s]
instructblip/pope/ricd/aokvqa/adversarial/seed1:  35%|███▌      | 1061/3000 [03:06<05:41,  5.67it/s]
instructblip/pope/ricd/aokvqa/adversarial/seed1:  35%|███▌      | 1062/3000 [03:06<05:38,  5.73it/s]
instructblip/pope/ricd/aokvqa/adversarial/seed1:  35%|███▌      | 1063/3000 [03:06<05:39,  5.71it/s]
instructblip/pope/ricd/aokvqa/adversarial/seed1:  35%|███▌      | 1064/3000 [03:06<05:40,  5.69it/s]
instructblip/pope/ricd/aokvqa/adversarial/seed1:  36%|███▌      | 1065/3000 [03:07<05:39,  5.70it/s]
instructblip/pope/ricd/aokvqa/adversarial/seed1:  36%|███▌      | 1066/3000 [03:07<05:36,  5.74it/s]
instructblip/pope/ricd/aokvqa/adversarial/seed1:  36%|███▌      | 1067/3000 [03:07<05:40,  5.68it/s]
instructblip/pope/ricd/aokvqa/adversarial/seed1:  36%|███▌      | 1068/3000 [03:07<05:39,  5.69it/s]
instructblip/pope/ricd/aokvqa/adversarial/seed1:  36%|███▌      | 1069/3000 [03:07<05:49,  5.53it/s]
instructblip/pope/ricd/aokvqa/adversarial/seed1:  36%|███▌      | 1070/3000 [03:07<05:44,  5.60it/s]
instructblip/pope/ricd/aokvqa/adversarial/seed1:  36%|███▌      | 1071/3000 [03:08<05:41,  5.64it/s]
instructblip/pope/ricd/aokvqa/adversarial/seed1:  36%|███▌      | 1072/3000 [03:08<05:41,  5.64it/s]
instructblip/pope/ricd/aokvqa/adversarial/seed1:  36%|███▌      | 1073/3000 [03:08<05:44,  5.60it/s]
instructblip/pope/ricd/aokvqa/adversarial/seed1:  36%|███▌      | 1074/3000 [03:08<05:44,  5.59it/s]
instructblip/pope/ricd/aokvqa/adversarial/seed1:  36%|███▌      | 1075/3000 [03:08<05:43,  5.61it/s]
instructblip/pope/ricd/aokvqa/adversarial/seed1:  36%|███▌      | 1076/3000 [03:09<05:36,  5.71it/s]
instructblip/pope/ricd/aokvqa/adversarial/seed1:  36%|███▌      | 1077/3000 [03:09<05:37,  5.70it/s]
instructblip/pope/ricd/aokvqa/adversarial/seed1:  36%|███▌      | 1078/3000 [03:09<05:35,  5.73it/s]
instructblip/pope/ricd/aokvqa/adversarial/seed1:  36%|███▌      | 1079/3000 [03:09<05:33,  5.76it/s]
instructblip/pope/ricd/aokvqa/adversarial/seed1:  36%|███▌      | 1080/3000 [03:09<05:31,  5.79it/s]
instructblip/pope/ricd/aokvqa/adversarial/seed1:  36%|███▌      | 1081/3000 [03:09<05:42,  5.61it/s]
instructblip/pope/ricd/aokvqa/adversarial/seed1:  36%|███▌      | 1082/3000 [03:10<05:38,  5.66it/s]
instructblip/pope/ricd/aokvqa/adversarial/seed1:  36%|███▌      | 1083/3000 [03:10<05:32,  5.77it/s]
instructblip/pope/ricd/aokvqa/adversarial/seed1:  36%|███▌      | 1084/3000 [03:10<05:32,  5.77it/s]
instructblip/pope/ricd/aokvqa/adversarial/seed1:  36%|███▌      | 1085/3000 [03:10<05:30,  5.80it/s]
instructblip/pope/ricd/aokvqa/adversarial/seed1:  36%|███▌      | 1086/3000 [03:10<05:28,  5.84it/s]
instructblip/pope/ricd/aokvqa/adversarial/seed1:  36%|███▌      | 1087/3000 [03:10<05:28,  5.82it/s]
instructblip/pope/ricd/aokvqa/adversarial/seed1:  36%|███▋      | 1088/3000 [03:11<05:26,  5.86it/s]
instructblip/pope/ricd/aokvqa/adversarial/seed1:  36%|███▋      | 1089/3000 [03:11<05:27,  5.84it/s]
instructblip/pope/ricd/aokvqa/adversarial/seed1:  36%|███▋      | 1090/3000 [03:11<05:33,  5.72it/s]
instructblip/pope/ricd/aokvqa/adversarial/seed1:  36%|███▋      | 1091/3000 [03:11<05:43,  5.55it/s]
instructblip/pope/ricd/aokvqa/adversarial/seed1:  36%|███▋      | 1092/3000 [03:11<05:46,  5.51it/s]
instructblip/pope/ricd/aokvqa/adversarial/seed1:  36%|███▋      | 1093/3000 [03:11<05:37,  5.65it/s]
instructblip/pope/ricd/aokvqa/adversarial/seed1:  36%|███▋      | 1094/3000 [03:12<05:33,  5.72it/s]
instructblip/pope/ricd/aokvqa/adversarial/seed1:  36%|███▋      | 1095/3000 [03:12<05:34,  5.70it/s]
instructblip/pope/ricd/aokvqa/adversarial/seed1:  37%|███▋      | 1096/3000 [03:12<05:32,  5.72it/s]
instructblip/pope/ricd/aokvqa/adversarial/seed1:  37%|███▋      | 1097/3000 [03:12<05:35,  5.67it/s]
instructblip/pope/ricd/aokvqa/adversarial/seed1:  37%|███▋      | 1098/3000 [03:12<05:34,  5.69it/s]
instructblip/pope/ricd/aokvqa/adversarial/seed1:  37%|███▋      | 1099/3000 [03:13<05:32,  5.72it/s]
instructblip/pope/ricd/aokvqa/adversarial/seed1:  37%|███▋      | 1100/3000 [03:13<05:34,  5.69it/s]
instructblip/pope/ricd/aokvqa/adversarial/seed1:  37%|███▋      | 1101/3000 [03:13<05:38,  5.61it/s]
instructblip/pope/ricd/aokvqa/adversarial/seed1:  37%|███▋      | 1102/3000 [03:13<05:36,  5.63it/s]
instructblip/pope/ricd/aokvqa/adversarial/seed1:  37%|███▋      | 1103/3000 [03:13<05:37,  5.62it/s]
instructblip/pope/ricd/aokvqa/adversarial/seed1:  37%|███▋      | 1104/3000 [03:13<05:34,  5.66it/s]
instructblip/pope/ricd/aokvqa/adversarial/seed1:  37%|███▋      | 1105/3000 [03:14<05:30,  5.73it/s]
instructblip/pope/ricd/aokvqa/adversarial/seed1:  37%|███▋      | 1106/3000 [03:14<05:28,  5.77it/s]
instructblip/pope/ricd/aokvqa/adversarial/seed1:  37%|███▋      | 1107/3000 [03:14<05:48,  5.44it/s]
instructblip/pope/ricd/aokvqa/adversarial/seed1:  37%|███▋      | 1108/3000 [03:14<05:38,  5.59it/s]
instructblip/pope/ricd/aokvqa/adversarial/seed1:  37%|███▋      | 1109/3000 [03:14<05:36,  5.62it/s]
instructblip/pope/ricd/aokvqa/adversarial/seed1:  37%|███▋      | 1110/3000 [03:14<05:33,  5.67it/s]
instructblip/pope/ricd/aokvqa/adversarial/seed1:  37%|███▋      | 1111/3000 [03:15<05:29,  5.74it/s]
instructblip/pope/ricd/aokvqa/adversarial/seed1:  37%|███▋      | 1112/3000 [03:15<05:28,  5.74it/s]
instructblip/pope/ricd/aokvqa/adversarial/seed1:  37%|███▋      | 1113/3000 [03:15<05:24,  5.82it/s]
instructblip/pope/ricd/aokvqa/adversarial/seed1:  37%|███▋      | 1114/3000 [03:15<05:21,  5.87it/s]
instructblip/pope/ricd/aokvqa/adversarial/seed1:  37%|███▋      | 1115/3000 [03:15<05:22,  5.84it/s]
instructblip/pope/ricd/aokvqa/adversarial/seed1:  37%|███▋      | 1116/3000 [03:15<05:20,  5.87it/s]
instructblip/pope/ricd/aokvqa/adversarial/seed1:  37%|███▋      | 1117/3000 [03:16<05:18,  5.91it/s]
instructblip/pope/ricd/aokvqa/adversarial/seed1:  37%|███▋      | 1118/3000 [03:16<05:16,  5.95it/s]
instructblip/pope/ricd/aokvqa/adversarial/seed1:  37%|███▋      | 1119/3000 [03:16<05:17,  5.92it/s]
instructblip/pope/ricd/aokvqa/adversarial/seed1:  37%|███▋      | 1120/3000 [03:16<05:22,  5.82it/s]
instructblip/pope/ricd/aokvqa/adversarial/seed1:  37%|███▋      | 1121/3000 [03:16<05:18,  5.90it/s]
instructblip/pope/ricd/aokvqa/adversarial/seed1:  37%|███▋      | 1122/3000 [03:17<05:22,  5.82it/s]
instructblip/pope/ricd/aokvqa/adversarial/seed1:  37%|███▋      | 1123/3000 [03:17<05:19,  5.87it/s]
instructblip/pope/ricd/aokvqa/adversarial/seed1:  37%|███▋      | 1124/3000 [03:17<05:36,  5.58it/s]
instructblip/pope/ricd/aokvqa/adversarial/seed1:  38%|███▊      | 1125/3000 [03:17<05:32,  5.64it/s]
instructblip/pope/ricd/aokvqa/adversarial/seed1:  38%|███▊      | 1126/3000 [03:17<05:33,  5.62it/s]
instructblip/pope/ricd/aokvqa/adversarial/seed1:  38%|███▊      | 1127/3000 [03:17<05:28,  5.70it/s]
instructblip/pope/ricd/aokvqa/adversarial/seed1:  38%|███▊      | 1128/3000 [03:18<05:35,  5.59it/s]
instructblip/pope/ricd/aokvqa/adversarial/seed1:  38%|███▊      | 1129/3000 [03:18<05:37,  5.55it/s]
instructblip/pope/ricd/aokvqa/adversarial/seed1:  38%|███▊      | 1130/3000 [03:18<05:37,  5.55it/s]
instructblip/pope/ricd/aokvqa/adversarial/seed1:  38%|███▊      | 1131/3000 [03:18<05:32,  5.61it/s]
instructblip/pope/ricd/aokvqa/adversarial/seed1:  38%|███▊      | 1132/3000 [03:18<05:27,  5.71it/s]
instructblip/pope/ricd/aokvqa/adversarial/seed1:  38%|███▊      | 1133/3000 [03:18<05:29,  5.67it/s]
instructblip/pope/ricd/aokvqa/adversarial/seed1:  38%|███▊      | 1134/3000 [03:19<05:27,  5.70it/s]
instructblip/pope/ricd/aokvqa/adversarial/seed1:  38%|███▊      | 1135/3000 [03:19<05:28,  5.68it/s]
instructblip/pope/ricd/aokvqa/adversarial/seed1:  38%|███▊      | 1136/3000 [03:19<05:31,  5.62it/s]
instructblip/pope/ricd/aokvqa/adversarial/seed1:  38%|███▊      | 1137/3000 [03:19<05:32,  5.59it/s]
instructblip/pope/ricd/aokvqa/adversarial/seed1:  38%|███▊      | 1138/3000 [03:19<05:33,  5.59it/s]
instructblip/pope/ricd/aokvqa/adversarial/seed1:  38%|███▊      | 1139/3000 [03:20<05:28,  5.67it/s]
instructblip/pope/ricd/aokvqa/adversarial/seed1:  38%|███▊      | 1140/3000 [03:20<05:30,  5.62it/s]
instructblip/pope/ricd/aokvqa/adversarial/seed1:  38%|███▊      | 1141/3000 [03:20<05:31,  5.61it/s]
instructblip/pope/ricd/aokvqa/adversarial/seed1:  38%|███▊      | 1142/3000 [03:20<05:26,  5.68it/s]
instructblip/pope/ricd/aokvqa/adversarial/seed1:  38%|███▊      | 1143/3000 [03:20<05:23,  5.75it/s]
instructblip/pope/ricd/aokvqa/adversarial/seed1:  38%|███▊      | 1144/3000 [03:20<05:26,  5.68it/s]
instructblip/pope/ricd/aokvqa/adversarial/seed1:  38%|███▊      | 1145/3000 [03:21<05:30,  5.61it/s]
instructblip/pope/ricd/aokvqa/adversarial/seed1:  38%|███▊      | 1146/3000 [03:21<05:46,  5.35it/s]
instructblip/pope/ricd/aokvqa/adversarial/seed1:  38%|███▊      | 1147/3000 [03:21<05:38,  5.47it/s]
instructblip/pope/ricd/aokvqa/adversarial/seed1:  38%|███▊      | 1148/3000 [03:21<05:35,  5.53it/s]
instructblip/pope/ricd/aokvqa/adversarial/seed1:  38%|███▊      | 1149/3000 [03:21<05:28,  5.64it/s]
instructblip/pope/ricd/aokvqa/adversarial/seed1:  38%|███▊      | 1150/3000 [03:22<05:29,  5.62it/s]
instructblip/pope/ricd/aokvqa/adversarial/seed1:  38%|███▊      | 1151/3000 [03:22<05:28,  5.63it/s]
instructblip/pope/ricd/aokvqa/adversarial/seed1:  38%|███▊      | 1152/3000 [03:22<05:23,  5.71it/s]
instructblip/pope/ricd/aokvqa/adversarial/seed1:  38%|███▊      | 1153/3000 [03:22<05:21,  5.75it/s]
instructblip/pope/ricd/aokvqa/adversarial/seed1:  38%|███▊      | 1154/3000 [03:22<05:20,  5.76it/s]
instructblip/pope/ricd/aokvqa/adversarial/seed1:  38%|███▊      | 1155/3000 [03:22<05:23,  5.70it/s]
instructblip/pope/ricd/aokvqa/adversarial/seed1:  39%|███▊      | 1156/3000 [03:23<05:18,  5.78it/s]
instructblip/pope/ricd/aokvqa/adversarial/seed1:  39%|███▊      | 1157/3000 [03:23<05:15,  5.83it/s]
instructblip/pope/ricd/aokvqa/adversarial/seed1:  39%|███▊      | 1158/3000 [03:23<05:14,  5.86it/s]
instructblip/pope/ricd/aokvqa/adversarial/seed1:  39%|███▊      | 1159/3000 [03:23<05:13,  5.87it/s]
instructblip/pope/ricd/aokvqa/adversarial/seed1:  39%|███▊      | 1160/3000 [03:23<05:18,  5.78it/s]
instructblip/pope/ricd/aokvqa/adversarial/seed1:  39%|███▊      | 1161/3000 [03:23<05:14,  5.85it/s]
instructblip/pope/ricd/aokvqa/adversarial/seed1:  39%|███▊      | 1162/3000 [03:24<06:05,  5.03it/s]
instructblip/pope/ricd/aokvqa/adversarial/seed1:  39%|███▉      | 1163/3000 [03:24<05:55,  5.17it/s]
instructblip/pope/ricd/aokvqa/adversarial/seed1:  39%|███▉      | 1164/3000 [03:24<05:42,  5.36it/s]
instructblip/pope/ricd/aokvqa/adversarial/seed1:  39%|███▉      | 1165/3000 [03:24<05:36,  5.46it/s]
instructblip/pope/ricd/aokvqa/adversarial/seed1:  39%|███▉      | 1166/3000 [03:24<05:34,  5.48it/s]
instructblip/pope/ricd/aokvqa/adversarial/seed1:  39%|███▉      | 1167/3000 [03:25<05:35,  5.46it/s]
instructblip/pope/ricd/aokvqa/adversarial/seed1:  39%|███▉      | 1168/3000 [03:25<05:30,  5.54it/s]
instructblip/pope/ricd/aokvqa/adversarial/seed1:  39%|███▉      | 1169/3000 [03:25<05:25,  5.62it/s]
instructblip/pope/ricd/aokvqa/adversarial/seed1:  39%|███▉      | 1170/3000 [03:25<05:23,  5.66it/s]
instructblip/pope/ricd/aokvqa/adversarial/seed1:  39%|███▉      | 1171/3000 [03:25<05:26,  5.60it/s]
instructblip/pope/ricd/aokvqa/adversarial/seed1:  39%|███▉      | 1172/3000 [03:25<05:25,  5.61it/s]
instructblip/pope/ricd/aokvqa/adversarial/seed1:  39%|███▉      | 1173/3000 [03:26<05:23,  5.64it/s]
instructblip/pope/ricd/aokvqa/adversarial/seed1:  39%|███▉      | 1174/3000 [03:26<05:25,  5.62it/s]
instructblip/pope/ricd/aokvqa/adversarial/seed1:  39%|███▉      | 1175/3000 [03:26<05:27,  5.57it/s]
instructblip/pope/ricd/aokvqa/adversarial/seed1:  39%|███▉      | 1176/3000 [03:26<05:23,  5.64it/s]
instructblip/pope/ricd/aokvqa/adversarial/seed1:  39%|███▉      | 1177/3000 [03:26<05:25,  5.59it/s]
instructblip/pope/ricd/aokvqa/adversarial/seed1:  39%|███▉      | 1178/3000 [03:27<05:20,  5.69it/s]
instructblip/pope/ricd/aokvqa/adversarial/seed1:  39%|███▉      | 1179/3000 [03:27<05:25,  5.60it/s]
instructblip/pope/ricd/aokvqa/adversarial/seed1:  39%|███▉      | 1180/3000 [03:27<05:24,  5.61it/s]
instructblip/pope/ricd/aokvqa/adversarial/seed1:  39%|███▉      | 1181/3000 [03:27<05:22,  5.64it/s]
instructblip/pope/ricd/aokvqa/adversarial/seed1:  39%|███▉      | 1182/3000 [03:27<05:19,  5.69it/s]
instructblip/pope/ricd/aokvqa/adversarial/seed1:  39%|███▉      | 1183/3000 [03:27<05:23,  5.62it/s]
instructblip/pope/ricd/aokvqa/adversarial/seed1:  39%|███▉      | 1184/3000 [03:28<05:20,  5.67it/s]
instructblip/pope/ricd/aokvqa/adversarial/seed1:  40%|███▉      | 1185/3000 [03:28<05:18,  5.71it/s]
instructblip/pope/ricd/aokvqa/adversarial/seed1:  40%|███▉      | 1186/3000 [03:28<05:16,  5.74it/s]
instructblip/pope/ricd/aokvqa/adversarial/seed1:  40%|███▉      | 1187/3000 [03:28<05:14,  5.76it/s]
instructblip/pope/ricd/aokvqa/adversarial/seed1:  40%|███▉      | 1188/3000 [03:28<05:10,  5.84it/s]
instructblip/pope/ricd/aokvqa/adversarial/seed1:  40%|███▉      | 1189/3000 [03:28<05:07,  5.90it/s]
instructblip/pope/ricd/aokvqa/adversarial/seed1:  40%|███▉      | 1190/3000 [03:29<05:04,  5.94it/s]
instructblip/pope/ricd/aokvqa/adversarial/seed1:  40%|███▉      | 1191/3000 [03:29<05:02,  5.97it/s]
instructblip/pope/ricd/aokvqa/adversarial/seed1:  40%|███▉      | 1192/3000 [03:29<05:02,  5.98it/s]
instructblip/pope/ricd/aokvqa/adversarial/seed1:  40%|███▉      | 1193/3000 [03:29<05:05,  5.91it/s]
instructblip/pope/ricd/aokvqa/adversarial/seed1:  40%|███▉      | 1194/3000 [03:29<05:03,  5.95it/s]
instructblip/pope/ricd/aokvqa/adversarial/seed1:  40%|███▉      | 1195/3000 [03:29<05:07,  5.88it/s]
instructblip/pope/ricd/aokvqa/adversarial/seed1:  40%|███▉      | 1196/3000 [03:30<05:05,  5.91it/s]
instructblip/pope/ricd/aokvqa/adversarial/seed1:  40%|███▉      | 1197/3000 [03:30<05:04,  5.93it/s]
instructblip/pope/ricd/aokvqa/adversarial/seed1:  40%|███▉      | 1198/3000 [03:30<05:03,  5.94it/s]
instructblip/pope/ricd/aokvqa/adversarial/seed1:  40%|███▉      | 1199/3000 [03:30<05:08,  5.83it/s]
instructblip/pope/ricd/aokvqa/adversarial/seed1:  40%|████      | 1200/3000 [03:30<05:13,  5.75it/s]
instructblip/pope/ricd/aokvqa/adversarial/seed1:  40%|████      | 1201/3000 [03:30<05:09,  5.81it/s]
instructblip/pope/ricd/aokvqa/adversarial/seed1:  40%|████      | 1202/3000 [03:31<05:06,  5.86it/s]
instructblip/pope/ricd/aokvqa/adversarial/seed1:  40%|████      | 1203/3000 [03:31<05:10,  5.79it/s]
instructblip/pope/ricd/aokvqa/adversarial/seed1:  40%|████      | 1204/3000 [03:31<05:07,  5.84it/s]
instructblip/pope/ricd/aokvqa/adversarial/seed1:  40%|████      | 1205/3000 [03:31<05:32,  5.40it/s]
instructblip/pope/ricd/aokvqa/adversarial/seed1:  40%|████      | 1206/3000 [03:31<05:30,  5.43it/s]
instructblip/pope/ricd/aokvqa/adversarial/seed1:  40%|████      | 1207/3000 [03:32<06:57,  4.30it/s]
instructblip/pope/ricd/aokvqa/adversarial/seed1:  40%|████      | 1208/3000 [03:32<06:26,  4.64it/s]
instructblip/pope/ricd/aokvqa/adversarial/seed1:  40%|████      | 1209/3000 [03:32<06:01,  4.96it/s]
instructblip/pope/ricd/aokvqa/adversarial/seed1:  40%|████      | 1210/3000 [03:32<05:44,  5.19it/s]
instructblip/pope/ricd/aokvqa/adversarial/seed1:  40%|████      | 1211/3000 [03:32<05:36,  5.32it/s]
instructblip/pope/ricd/aokvqa/adversarial/seed1:  40%|████      | 1212/3000 [03:33<05:37,  5.30it/s]
instructblip/pope/ricd/aokvqa/adversarial/seed1:  40%|████      | 1213/3000 [03:33<05:26,  5.47it/s]
instructblip/pope/ricd/aokvqa/adversarial/seed1:  40%|████      | 1214/3000 [03:33<05:22,  5.54it/s]
instructblip/pope/ricd/aokvqa/adversarial/seed1:  40%|████      | 1215/3000 [03:33<05:14,  5.67it/s]
instructblip/pope/ricd/aokvqa/adversarial/seed1:  41%|████      | 1216/3000 [03:33<05:17,  5.62it/s]
instructblip/pope/ricd/aokvqa/adversarial/seed1:  41%|████      | 1217/3000 [03:33<05:17,  5.62it/s]
instructblip/pope/ricd/aokvqa/adversarial/seed1:  41%|████      | 1218/3000 [03:34<05:11,  5.73it/s]
instructblip/pope/ricd/aokvqa/adversarial/seed1:  41%|████      | 1219/3000 [03:34<05:10,  5.73it/s]
instructblip/pope/ricd/aokvqa/adversarial/seed1:  41%|████      | 1220/3000 [03:34<05:05,  5.83it/s]
instructblip/pope/ricd/aokvqa/adversarial/seed1:  41%|████      | 1221/3000 [03:34<05:00,  5.91it/s]
instructblip/pope/ricd/aokvqa/adversarial/seed1:  41%|████      | 1222/3000 [03:34<06:15,  4.74it/s]
instructblip/pope/ricd/aokvqa/adversarial/seed1:  41%|████      | 1223/3000 [03:35<05:57,  4.97it/s]
instructblip/pope/ricd/aokvqa/adversarial/seed1:  41%|████      | 1224/3000 [03:35<05:40,  5.22it/s]
instructblip/pope/ricd/aokvqa/adversarial/seed1:  41%|████      | 1225/3000 [03:35<05:33,  5.31it/s]
instructblip/pope/ricd/aokvqa/adversarial/seed1:  41%|████      | 1226/3000 [03:35<05:23,  5.48it/s]
instructblip/pope/ricd/aokvqa/adversarial/seed1:  41%|████      | 1227/3000 [03:35<05:18,  5.58it/s]
instructblip/pope/ricd/aokvqa/adversarial/seed1:  41%|████      | 1228/3000 [03:35<05:15,  5.61it/s]
instructblip/pope/ricd/aokvqa/adversarial/seed1:  41%|████      | 1229/3000 [03:36<05:55,  4.98it/s]
instructblip/pope/ricd/aokvqa/adversarial/seed1:  41%|████      | 1230/3000 [03:36<05:54,  4.99it/s]
instructblip/pope/ricd/aokvqa/adversarial/seed1:  41%|████      | 1231/3000 [03:36<05:42,  5.16it/s]
instructblip/pope/ricd/aokvqa/adversarial/seed1:  41%|████      | 1232/3000 [03:36<05:30,  5.35it/s]
instructblip/pope/ricd/aokvqa/adversarial/seed1:  41%|████      | 1233/3000 [03:36<05:21,  5.50it/s]
instructblip/pope/ricd/aokvqa/adversarial/seed1:  41%|████      | 1234/3000 [03:37<05:15,  5.60it/s]
instructblip/pope/ricd/aokvqa/adversarial/seed1:  41%|████      | 1235/3000 [03:37<05:08,  5.72it/s]
instructblip/pope/ricd/aokvqa/adversarial/seed1:  41%|████      | 1236/3000 [03:37<05:09,  5.69it/s]
instructblip/pope/ricd/aokvqa/adversarial/seed1:  41%|████      | 1237/3000 [03:37<05:08,  5.72it/s]
instructblip/pope/ricd/aokvqa/adversarial/seed1:  41%|████▏     | 1238/3000 [03:37<05:09,  5.70it/s]
instructblip/pope/ricd/aokvqa/adversarial/seed1:  41%|████▏     | 1239/3000 [03:38<05:10,  5.68it/s]
instructblip/pope/ricd/aokvqa/adversarial/seed1:  41%|████▏     | 1240/3000 [03:38<05:15,  5.58it/s]
instructblip/pope/ricd/aokvqa/adversarial/seed1:  41%|████▏     | 1241/3000 [03:38<05:17,  5.55it/s]
instructblip/pope/ricd/aokvqa/adversarial/seed1:  41%|████▏     | 1242/3000 [03:38<05:15,  5.57it/s]
instructblip/pope/ricd/aokvqa/adversarial/seed1:  41%|████▏     | 1243/3000 [03:38<05:11,  5.64it/s]
instructblip/pope/ricd/aokvqa/adversarial/seed1:  41%|████▏     | 1244/3000 [03:38<05:08,  5.69it/s]
instructblip/pope/ricd/aokvqa/adversarial/seed1:  42%|████▏     | 1245/3000 [03:39<05:07,  5.71it/s]
instructblip/pope/ricd/aokvqa/adversarial/seed1:  42%|████▏     | 1246/3000 [03:39<05:10,  5.64it/s]
instructblip/pope/ricd/aokvqa/adversarial/seed1:  42%|████▏     | 1247/3000 [03:39<05:21,  5.45it/s]
instructblip/pope/ricd/aokvqa/adversarial/seed1:  42%|████▏     | 1248/3000 [03:39<05:22,  5.43it/s]
instructblip/pope/ricd/aokvqa/adversarial/seed1:  42%|████▏     | 1249/3000 [03:39<05:15,  5.54it/s]
instructblip/pope/ricd/aokvqa/adversarial/seed1:  42%|████▏     | 1250/3000 [03:39<05:09,  5.65it/s]
instructblip/pope/ricd/aokvqa/adversarial/seed1:  42%|████▏     | 1251/3000 [03:40<05:03,  5.76it/s]
instructblip/pope/ricd/aokvqa/adversarial/seed1:  42%|████▏     | 1252/3000 [03:40<05:04,  5.73it/s]
instructblip/pope/ricd/aokvqa/adversarial/seed1:  42%|████▏     | 1253/3000 [03:40<05:06,  5.69it/s]
instructblip/pope/ricd/aokvqa/adversarial/seed1:  42%|████▏     | 1254/3000 [03:40<05:06,  5.69it/s]
instructblip/pope/ricd/aokvqa/adversarial/seed1:  42%|████▏     | 1255/3000 [03:40<05:07,  5.68it/s]
instructblip/pope/ricd/aokvqa/adversarial/seed1:  42%|████▏     | 1256/3000 [03:41<05:04,  5.73it/s]
instructblip/pope/ricd/aokvqa/adversarial/seed1:  42%|████▏     | 1257/3000 [03:41<05:03,  5.74it/s]
instructblip/pope/ricd/aokvqa/adversarial/seed1:  42%|████▏     | 1258/3000 [03:41<05:05,  5.70it/s]
instructblip/pope/ricd/aokvqa/adversarial/seed1:  42%|████▏     | 1259/3000 [03:41<05:05,  5.70it/s]
instructblip/pope/ricd/aokvqa/adversarial/seed1:  42%|████▏     | 1260/3000 [03:41<05:04,  5.72it/s]
instructblip/pope/ricd/aokvqa/adversarial/seed1:  42%|████▏     | 1261/3000 [03:41<05:04,  5.72it/s]
instructblip/pope/ricd/aokvqa/adversarial/seed1:  42%|████▏     | 1262/3000 [03:42<05:04,  5.71it/s]
instructblip/pope/ricd/aokvqa/adversarial/seed1:  42%|████▏     | 1263/3000 [03:42<04:59,  5.80it/s]
instructblip/pope/ricd/aokvqa/adversarial/seed1:  42%|████▏     | 1264/3000 [03:42<04:57,  5.83it/s]
instructblip/pope/ricd/aokvqa/adversarial/seed1:  42%|████▏     | 1265/3000 [03:42<04:59,  5.79it/s]
instructblip/pope/ricd/aokvqa/adversarial/seed1:  42%|████▏     | 1266/3000 [03:42<04:56,  5.85it/s]
instructblip/pope/ricd/aokvqa/adversarial/seed1:  42%|████▏     | 1267/3000 [03:42<04:55,  5.87it/s]
instructblip/pope/ricd/aokvqa/adversarial/seed1:  42%|████▏     | 1268/3000 [03:43<04:57,  5.81it/s]
instructblip/pope/ricd/aokvqa/adversarial/seed1:  42%|████▏     | 1269/3000 [03:43<04:55,  5.86it/s]
instructblip/pope/ricd/aokvqa/adversarial/seed1:  42%|████▏     | 1270/3000 [03:43<04:53,  5.89it/s]
instructblip/pope/ricd/aokvqa/adversarial/seed1:  42%|████▏     | 1271/3000 [03:43<04:55,  5.84it/s]
instructblip/pope/ricd/aokvqa/adversarial/seed1:  42%|████▏     | 1272/3000 [03:43<04:58,  5.79it/s]
instructblip/pope/ricd/aokvqa/adversarial/seed1:  42%|████▏     | 1273/3000 [03:43<04:55,  5.85it/s]
instructblip/pope/ricd/aokvqa/adversarial/seed1:  42%|████▏     | 1274/3000 [03:44<04:52,  5.89it/s]
instructblip/pope/ricd/aokvqa/adversarial/seed1:  42%|████▎     | 1275/3000 [03:44<04:53,  5.89it/s]
instructblip/pope/ricd/aokvqa/adversarial/seed1:  43%|████▎     | 1276/3000 [03:44<05:30,  5.21it/s]
instructblip/pope/ricd/aokvqa/adversarial/seed1:  43%|████▎     | 1277/3000 [03:44<06:27,  4.45it/s]
instructblip/pope/ricd/aokvqa/adversarial/seed1:  43%|████▎     | 1278/3000 [03:45<05:59,  4.79it/s]
instructblip/pope/ricd/aokvqa/adversarial/seed1:  43%|████▎     | 1279/3000 [03:45<05:51,  4.89it/s]
instructblip/pope/ricd/aokvqa/adversarial/seed1:  43%|████▎     | 1280/3000 [03:45<05:39,  5.07it/s]
instructblip/pope/ricd/aokvqa/adversarial/seed1:  43%|████▎     | 1281/3000 [03:45<05:26,  5.26it/s]
instructblip/pope/ricd/aokvqa/adversarial/seed1:  43%|████▎     | 1282/3000 [03:45<05:20,  5.35it/s]
instructblip/pope/ricd/aokvqa/adversarial/seed1:  43%|████▎     | 1283/3000 [03:45<05:10,  5.53it/s]
instructblip/pope/ricd/aokvqa/adversarial/seed1:  43%|████▎     | 1284/3000 [03:46<05:05,  5.63it/s]
instructblip/pope/ricd/aokvqa/adversarial/seed1:  43%|████▎     | 1285/3000 [03:46<05:04,  5.63it/s]
instructblip/pope/ricd/aokvqa/adversarial/seed1:  43%|████▎     | 1286/3000 [03:46<05:04,  5.63it/s]
instructblip/pope/ricd/aokvqa/adversarial/seed1:  43%|████▎     | 1287/3000 [03:46<05:10,  5.52it/s]
instructblip/pope/ricd/aokvqa/adversarial/seed1:  43%|████▎     | 1288/3000 [03:46<05:13,  5.47it/s]
instructblip/pope/ricd/aokvqa/adversarial/seed1:  43%|████▎     | 1289/3000 [03:46<05:14,  5.43it/s]
instructblip/pope/ricd/aokvqa/adversarial/seed1:  43%|████▎     | 1290/3000 [03:47<05:10,  5.51it/s]
instructblip/pope/ricd/aokvqa/adversarial/seed1:  43%|████▎     | 1291/3000 [03:47<05:06,  5.57it/s]
instructblip/pope/ricd/aokvqa/adversarial/seed1:  43%|████▎     | 1292/3000 [03:47<05:04,  5.62it/s]
instructblip/pope/ricd/aokvqa/adversarial/seed1:  43%|████▎     | 1293/3000 [03:47<05:02,  5.64it/s]
instructblip/pope/ricd/aokvqa/adversarial/seed1:  43%|████▎     | 1294/3000 [03:47<04:59,  5.69it/s]
instructblip/pope/ricd/aokvqa/adversarial/seed1:  43%|████▎     | 1295/3000 [03:48<04:56,  5.75it/s]
instructblip/pope/ricd/aokvqa/adversarial/seed1:  43%|████▎     | 1296/3000 [03:48<04:55,  5.77it/s]
instructblip/pope/ricd/aokvqa/adversarial/seed1:  43%|████▎     | 1297/3000 [03:48<04:57,  5.73it/s]
instructblip/pope/ricd/aokvqa/adversarial/seed1:  43%|████▎     | 1298/3000 [03:48<04:55,  5.76it/s]
instructblip/pope/ricd/aokvqa/adversarial/seed1:  43%|████▎     | 1299/3000 [03:48<04:53,  5.80it/s]
instructblip/pope/ricd/aokvqa/adversarial/seed1:  43%|████▎     | 1300/3000 [03:48<04:59,  5.68it/s]
instructblip/pope/ricd/aokvqa/adversarial/seed1:  43%|████▎     | 1301/3000 [03:49<04:58,  5.70it/s]
instructblip/pope/ricd/aokvqa/adversarial/seed1:  43%|████▎     | 1302/3000 [03:49<05:01,  5.64it/s]
instructblip/pope/ricd/aokvqa/adversarial/seed1:  43%|████▎     | 1303/3000 [03:49<04:56,  5.72it/s]
instructblip/pope/ricd/aokvqa/adversarial/seed1:  43%|████▎     | 1304/3000 [03:49<04:56,  5.71it/s]
instructblip/pope/ricd/aokvqa/adversarial/seed1:  44%|████▎     | 1305/3000 [03:49<04:58,  5.68it/s]
instructblip/pope/ricd/aokvqa/adversarial/seed1:  44%|████▎     | 1306/3000 [03:49<04:55,  5.73it/s]
instructblip/pope/ricd/aokvqa/adversarial/seed1:  44%|████▎     | 1307/3000 [03:50<04:52,  5.78it/s]
instructblip/pope/ricd/aokvqa/adversarial/seed1:  44%|████▎     | 1308/3000 [03:50<04:49,  5.85it/s]
instructblip/pope/ricd/aokvqa/adversarial/seed1:  44%|████▎     | 1309/3000 [03:50<04:52,  5.77it/s]
instructblip/pope/ricd/aokvqa/adversarial/seed1:  44%|████▎     | 1310/3000 [03:50<05:36,  5.02it/s]
instructblip/pope/ricd/aokvqa/adversarial/seed1:  44%|████▎     | 1311/3000 [03:50<05:22,  5.24it/s]
instructblip/pope/ricd/aokvqa/adversarial/seed1:  44%|████▎     | 1312/3000 [03:51<05:12,  5.40it/s]
instructblip/pope/ricd/aokvqa/adversarial/seed1:  44%|████▍     | 1313/3000 [03:51<05:07,  5.48it/s]
instructblip/pope/ricd/aokvqa/adversarial/seed1:  44%|████▍     | 1314/3000 [03:51<05:01,  5.59it/s]
instructblip/pope/ricd/aokvqa/adversarial/seed1:  44%|████▍     | 1315/3000 [03:51<04:57,  5.67it/s]
instructblip/pope/ricd/aokvqa/adversarial/seed1:  44%|████▍     | 1316/3000 [03:51<04:52,  5.76it/s]
instructblip/pope/ricd/aokvqa/adversarial/seed1:  44%|████▍     | 1317/3000 [03:51<04:51,  5.78it/s]
instructblip/pope/ricd/aokvqa/adversarial/seed1:  44%|████▍     | 1318/3000 [03:52<04:46,  5.87it/s]
instructblip/pope/ricd/aokvqa/adversarial/seed1:  44%|████▍     | 1319/3000 [03:52<04:48,  5.82it/s]
instructblip/pope/ricd/aokvqa/adversarial/seed1:  44%|████▍     | 1320/3000 [03:52<04:47,  5.84it/s]
instructblip/pope/ricd/aokvqa/adversarial/seed1:  44%|████▍     | 1321/3000 [03:52<04:45,  5.88it/s]
instructblip/pope/ricd/aokvqa/adversarial/seed1:  44%|████▍     | 1322/3000 [03:52<04:44,  5.89it/s]
instructblip/pope/ricd/aokvqa/adversarial/seed1:  44%|████▍     | 1323/3000 [03:52<04:45,  5.87it/s]
instructblip/pope/ricd/aokvqa/adversarial/seed1:  44%|████▍     | 1324/3000 [03:53<04:47,  5.84it/s]
instructblip/pope/ricd/aokvqa/adversarial/seed1:  44%|████▍     | 1325/3000 [03:53<04:48,  5.80it/s]
instructblip/pope/ricd/aokvqa/adversarial/seed1:  44%|████▍     | 1326/3000 [03:53<04:45,  5.86it/s]
instructblip/pope/ricd/aokvqa/adversarial/seed1:  44%|████▍     | 1327/3000 [03:53<04:48,  5.79it/s]
instructblip/pope/ricd/aokvqa/adversarial/seed1:  44%|████▍     | 1328/3000 [03:53<04:46,  5.83it/s]
instructblip/pope/ricd/aokvqa/adversarial/seed1:  44%|████▍     | 1329/3000 [03:53<04:49,  5.78it/s]
instructblip/pope/ricd/aokvqa/adversarial/seed1:  44%|████▍     | 1330/3000 [03:54<04:47,  5.81it/s]
instructblip/pope/ricd/aokvqa/adversarial/seed1:  44%|████▍     | 1331/3000 [03:54<04:44,  5.86it/s]
instructblip/pope/ricd/aokvqa/adversarial/seed1:  44%|████▍     | 1332/3000 [03:54<04:46,  5.82it/s]
instructblip/pope/ricd/aokvqa/adversarial/seed1:  44%|████▍     | 1333/3000 [03:54<04:48,  5.77it/s]
instructblip/pope/ricd/aokvqa/adversarial/seed1:  44%|████▍     | 1334/3000 [03:54<04:46,  5.82it/s]
instructblip/pope/ricd/aokvqa/adversarial/seed1:  44%|████▍     | 1335/3000 [03:55<04:45,  5.83it/s]
instructblip/pope/ricd/aokvqa/adversarial/seed1:  45%|████▍     | 1336/3000 [03:55<04:48,  5.77it/s]
instructblip/pope/ricd/aokvqa/adversarial/seed1:  45%|████▍     | 1337/3000 [03:55<04:48,  5.77it/s]
instructblip/pope/ricd/aokvqa/adversarial/seed1:  45%|████▍     | 1338/3000 [03:55<04:51,  5.71it/s]
instructblip/pope/ricd/aokvqa/adversarial/seed1:  45%|████▍     | 1339/3000 [03:55<04:49,  5.74it/s]
instructblip/pope/ricd/aokvqa/adversarial/seed1:  45%|████▍     | 1340/3000 [03:55<04:50,  5.72it/s]
instructblip/pope/ricd/aokvqa/adversarial/seed1:  45%|████▍     | 1341/3000 [03:56<04:45,  5.80it/s]
instructblip/pope/ricd/aokvqa/adversarial/seed1:  45%|████▍     | 1342/3000 [03:56<04:44,  5.82it/s]
instructblip/pope/ricd/aokvqa/adversarial/seed1:  45%|████▍     | 1343/3000 [03:56<04:41,  5.89it/s]
instructblip/pope/ricd/aokvqa/adversarial/seed1:  45%|████▍     | 1344/3000 [03:56<04:39,  5.92it/s]
instructblip/pope/ricd/aokvqa/adversarial/seed1:  45%|████▍     | 1345/3000 [03:56<04:37,  5.95it/s]
instructblip/pope/ricd/aokvqa/adversarial/seed1:  45%|████▍     | 1346/3000 [03:56<04:39,  5.92it/s]
instructblip/pope/ricd/aokvqa/adversarial/seed1:  45%|████▍     | 1347/3000 [03:57<04:39,  5.91it/s]
instructblip/pope/ricd/aokvqa/adversarial/seed1:  45%|████▍     | 1348/3000 [03:57<04:39,  5.92it/s]
instructblip/pope/ricd/aokvqa/adversarial/seed1:  45%|████▍     | 1349/3000 [03:57<04:41,  5.87it/s]
instructblip/pope/ricd/aokvqa/adversarial/seed1:  45%|████▌     | 1350/3000 [03:57<04:42,  5.84it/s]
instructblip/pope/ricd/aokvqa/adversarial/seed1:  45%|████▌     | 1351/3000 [03:57<04:39,  5.89it/s]
instructblip/pope/ricd/aokvqa/adversarial/seed1:  45%|████▌     | 1352/3000 [03:57<04:42,  5.84it/s]
instructblip/pope/ricd/aokvqa/adversarial/seed1:  45%|████▌     | 1353/3000 [03:58<04:46,  5.75it/s]
instructblip/pope/ricd/aokvqa/adversarial/seed1:  45%|████▌     | 1354/3000 [03:58<04:42,  5.82it/s]
instructblip/pope/ricd/aokvqa/adversarial/seed1:  45%|████▌     | 1355/3000 [03:58<04:44,  5.78it/s]
instructblip/pope/ricd/aokvqa/adversarial/seed1:  45%|████▌     | 1356/3000 [03:58<04:48,  5.71it/s]
instructblip/pope/ricd/aokvqa/adversarial/seed1:  45%|████▌     | 1357/3000 [03:58<04:44,  5.77it/s]
instructblip/pope/ricd/aokvqa/adversarial/seed1:  45%|████▌     | 1358/3000 [03:58<04:42,  5.82it/s]
instructblip/pope/ricd/aokvqa/adversarial/seed1:  45%|████▌     | 1359/3000 [03:59<04:43,  5.80it/s]
instructblip/pope/ricd/aokvqa/adversarial/seed1:  45%|████▌     | 1360/3000 [03:59<04:45,  5.75it/s]
instructblip/pope/ricd/aokvqa/adversarial/seed1:  45%|████▌     | 1361/3000 [03:59<04:44,  5.76it/s]
instructblip/pope/ricd/aokvqa/adversarial/seed1:  45%|████▌     | 1362/3000 [03:59<04:40,  5.83it/s]
instructblip/pope/ricd/aokvqa/adversarial/seed1:  45%|████▌     | 1363/3000 [03:59<04:42,  5.79it/s]
instructblip/pope/ricd/aokvqa/adversarial/seed1:  45%|████▌     | 1364/3000 [03:59<04:43,  5.78it/s]
instructblip/pope/ricd/aokvqa/adversarial/seed1:  46%|████▌     | 1365/3000 [04:00<04:44,  5.75it/s]
instructblip/pope/ricd/aokvqa/adversarial/seed1:  46%|████▌     | 1366/3000 [04:00<04:45,  5.73it/s]
instructblip/pope/ricd/aokvqa/adversarial/seed1:  46%|████▌     | 1367/3000 [04:00<04:43,  5.76it/s]
instructblip/pope/ricd/aokvqa/adversarial/seed1:  46%|████▌     | 1368/3000 [04:00<04:49,  5.64it/s]
instructblip/pope/ricd/aokvqa/adversarial/seed1:  46%|████▌     | 1369/3000 [04:00<04:49,  5.63it/s]
instructblip/pope/ricd/aokvqa/adversarial/seed1:  46%|████▌     | 1370/3000 [04:01<04:47,  5.68it/s]
instructblip/pope/ricd/aokvqa/adversarial/seed1:  46%|████▌     | 1371/3000 [04:01<04:45,  5.71it/s]
instructblip/pope/ricd/aokvqa/adversarial/seed1:  46%|████▌     | 1372/3000 [04:01<04:41,  5.79it/s]
instructblip/pope/ricd/aokvqa/adversarial/seed1:  46%|████▌     | 1373/3000 [04:01<05:18,  5.11it/s]
instructblip/pope/ricd/aokvqa/adversarial/seed1:  46%|████▌     | 1374/3000 [04:01<05:11,  5.22it/s]
instructblip/pope/ricd/aokvqa/adversarial/seed1:  46%|████▌     | 1375/3000 [04:02<05:04,  5.34it/s]
instructblip/pope/ricd/aokvqa/adversarial/seed1:  46%|████▌     | 1376/3000 [04:02<05:00,  5.41it/s]
instructblip/pope/ricd/aokvqa/adversarial/seed1:  46%|████▌     | 1377/3000 [04:02<04:52,  5.55it/s]
instructblip/pope/ricd/aokvqa/adversarial/seed1:  46%|████▌     | 1378/3000 [04:02<04:46,  5.65it/s]
instructblip/pope/ricd/aokvqa/adversarial/seed1:  46%|████▌     | 1379/3000 [04:02<04:42,  5.73it/s]
instructblip/pope/ricd/aokvqa/adversarial/seed1:  46%|████▌     | 1380/3000 [04:02<04:43,  5.71it/s]
instructblip/pope/ricd/aokvqa/adversarial/seed1:  46%|████▌     | 1381/3000 [04:03<04:38,  5.80it/s]
instructblip/pope/ricd/aokvqa/adversarial/seed1:  46%|████▌     | 1382/3000 [04:03<04:35,  5.87it/s]
instructblip/pope/ricd/aokvqa/adversarial/seed1:  46%|████▌     | 1383/3000 [04:03<04:36,  5.84it/s]
instructblip/pope/ricd/aokvqa/adversarial/seed1:  46%|████▌     | 1384/3000 [04:03<04:54,  5.48it/s]
instructblip/pope/ricd/aokvqa/adversarial/seed1:  46%|████▌     | 1385/3000 [04:03<04:58,  5.41it/s]
instructblip/pope/ricd/aokvqa/adversarial/seed1:  46%|████▌     | 1386/3000 [04:03<04:50,  5.56it/s]
instructblip/pope/ricd/aokvqa/adversarial/seed1:  46%|████▌     | 1387/3000 [04:04<04:45,  5.66it/s]
instructblip/pope/ricd/aokvqa/adversarial/seed1:  46%|████▋     | 1388/3000 [04:04<04:41,  5.72it/s]
instructblip/pope/ricd/aokvqa/adversarial/seed1:  46%|████▋     | 1389/3000 [04:04<04:37,  5.81it/s]
instructblip/pope/ricd/aokvqa/adversarial/seed1:  46%|████▋     | 1390/3000 [04:04<04:41,  5.72it/s]
instructblip/pope/ricd/aokvqa/adversarial/seed1:  46%|████▋     | 1391/3000 [04:04<04:42,  5.70it/s]
instructblip/pope/ricd/aokvqa/adversarial/seed1:  46%|████▋     | 1392/3000 [04:04<04:43,  5.67it/s]
instructblip/pope/ricd/aokvqa/adversarial/seed1:  46%|████▋     | 1393/3000 [04:05<04:40,  5.73it/s]
instructblip/pope/ricd/aokvqa/adversarial/seed1:  46%|████▋     | 1394/3000 [04:05<04:42,  5.70it/s]
instructblip/pope/ricd/aokvqa/adversarial/seed1:  46%|████▋     | 1395/3000 [04:05<04:36,  5.80it/s]
instructblip/pope/ricd/aokvqa/adversarial/seed1:  47%|████▋     | 1396/3000 [04:05<04:35,  5.83it/s]
instructblip/pope/ricd/aokvqa/adversarial/seed1:  47%|████▋     | 1397/3000 [04:05<04:35,  5.81it/s]
instructblip/pope/ricd/aokvqa/adversarial/seed1:  47%|████▋     | 1398/3000 [04:06<04:37,  5.78it/s]
instructblip/pope/ricd/aokvqa/adversarial/seed1:  47%|████▋     | 1399/3000 [04:06<04:35,  5.81it/s]
instructblip/pope/ricd/aokvqa/adversarial/seed1:  47%|████▋     | 1400/3000 [04:06<04:33,  5.85it/s]
instructblip/pope/ricd/aokvqa/adversarial/seed1:  47%|████▋     | 1401/3000 [04:06<04:33,  5.84it/s]
instructblip/pope/ricd/aokvqa/adversarial/seed1:  47%|████▋     | 1402/3000 [04:06<04:36,  5.78it/s]
instructblip/pope/ricd/aokvqa/adversarial/seed1:  47%|████▋     | 1403/3000 [04:06<04:38,  5.73it/s]
instructblip/pope/ricd/aokvqa/adversarial/seed1:  47%|████▋     | 1404/3000 [04:07<04:40,  5.69it/s]
instructblip/pope/ricd/aokvqa/adversarial/seed1:  47%|████▋     | 1405/3000 [04:07<04:38,  5.73it/s]
instructblip/pope/ricd/aokvqa/adversarial/seed1:  47%|████▋     | 1406/3000 [04:07<04:36,  5.75it/s]
instructblip/pope/ricd/aokvqa/adversarial/seed1:  47%|████▋     | 1407/3000 [04:07<04:32,  5.85it/s]
instructblip/pope/ricd/aokvqa/adversarial/seed1:  47%|████▋     | 1408/3000 [04:07<04:30,  5.89it/s]
instructblip/pope/ricd/aokvqa/adversarial/seed1:  47%|████▋     | 1409/3000 [04:07<04:30,  5.87it/s]
instructblip/pope/ricd/aokvqa/adversarial/seed1:  47%|████▋     | 1410/3000 [04:08<04:39,  5.69it/s]
instructblip/pope/ricd/aokvqa/adversarial/seed1:  47%|████▋     | 1411/3000 [04:08<04:44,  5.59it/s]
instructblip/pope/ricd/aokvqa/adversarial/seed1:  47%|████▋     | 1412/3000 [04:08<04:37,  5.71it/s]
instructblip/pope/ricd/aokvqa/adversarial/seed1:  47%|████▋     | 1413/3000 [04:08<04:33,  5.81it/s]
instructblip/pope/ricd/aokvqa/adversarial/seed1:  47%|████▋     | 1414/3000 [04:08<04:32,  5.81it/s]
instructblip/pope/ricd/aokvqa/adversarial/seed1:  47%|████▋     | 1415/3000 [04:08<04:29,  5.88it/s]
instructblip/pope/ricd/aokvqa/adversarial/seed1:  47%|████▋     | 1416/3000 [04:09<04:28,  5.90it/s]
instructblip/pope/ricd/aokvqa/adversarial/seed1:  47%|████▋     | 1417/3000 [04:09<04:26,  5.95it/s]
instructblip/pope/ricd/aokvqa/adversarial/seed1:  47%|████▋     | 1418/3000 [04:09<04:24,  5.99it/s]
instructblip/pope/ricd/aokvqa/adversarial/seed1:  47%|████▋     | 1419/3000 [04:09<04:23,  5.99it/s]
instructblip/pope/ricd/aokvqa/adversarial/seed1:  47%|████▋     | 1420/3000 [04:09<04:22,  6.02it/s]
instructblip/pope/ricd/aokvqa/adversarial/seed1:  47%|████▋     | 1421/3000 [04:09<04:21,  6.05it/s]
instructblip/pope/ricd/aokvqa/adversarial/seed1:  47%|████▋     | 1422/3000 [04:10<04:19,  6.07it/s]
instructblip/pope/ricd/aokvqa/adversarial/seed1:  47%|████▋     | 1423/3000 [04:10<04:26,  5.92it/s]
instructblip/pope/ricd/aokvqa/adversarial/seed1:  47%|████▋     | 1424/3000 [04:10<04:25,  5.93it/s]
instructblip/pope/ricd/aokvqa/adversarial/seed1:  48%|████▊     | 1425/3000 [04:10<04:29,  5.85it/s]
instructblip/pope/ricd/aokvqa/adversarial/seed1:  48%|████▊     | 1426/3000 [04:10<04:36,  5.70it/s]
instructblip/pope/ricd/aokvqa/adversarial/seed1:  48%|████▊     | 1427/3000 [04:10<04:35,  5.72it/s]
instructblip/pope/ricd/aokvqa/adversarial/seed1:  48%|████▊     | 1428/3000 [04:11<04:32,  5.76it/s]
instructblip/pope/ricd/aokvqa/adversarial/seed1:  48%|████▊     | 1429/3000 [04:11<04:35,  5.71it/s]
instructblip/pope/ricd/aokvqa/adversarial/seed1:  48%|████▊     | 1430/3000 [04:11<04:33,  5.75it/s]
instructblip/pope/ricd/aokvqa/adversarial/seed1:  48%|████▊     | 1431/3000 [04:11<04:35,  5.70it/s]
instructblip/pope/ricd/aokvqa/adversarial/seed1:  48%|████▊     | 1432/3000 [04:11<04:32,  5.75it/s]
instructblip/pope/ricd/aokvqa/adversarial/seed1:  48%|████▊     | 1433/3000 [04:12<04:32,  5.76it/s]
instructblip/pope/ricd/aokvqa/adversarial/seed1:  48%|████▊     | 1434/3000 [04:12<04:28,  5.84it/s]
instructblip/pope/ricd/aokvqa/adversarial/seed1:  48%|████▊     | 1435/3000 [04:12<04:36,  5.67it/s]
instructblip/pope/ricd/aokvqa/adversarial/seed1:  48%|████▊     | 1436/3000 [04:12<04:33,  5.72it/s]
instructblip/pope/ricd/aokvqa/adversarial/seed1:  48%|████▊     | 1437/3000 [04:12<04:32,  5.74it/s]
instructblip/pope/ricd/aokvqa/adversarial/seed1:  48%|████▊     | 1438/3000 [04:12<04:30,  5.76it/s]
instructblip/pope/ricd/aokvqa/adversarial/seed1:  48%|████▊     | 1439/3000 [04:13<04:33,  5.70it/s]
instructblip/pope/ricd/aokvqa/adversarial/seed1:  48%|████▊     | 1440/3000 [04:13<04:35,  5.67it/s]
instructblip/pope/ricd/aokvqa/adversarial/seed1:  48%|████▊     | 1441/3000 [04:13<04:28,  5.80it/s]
instructblip/pope/ricd/aokvqa/adversarial/seed1:  48%|████▊     | 1442/3000 [04:13<04:31,  5.74it/s]
instructblip/pope/ricd/aokvqa/adversarial/seed1:  48%|████▊     | 1443/3000 [04:13<04:30,  5.76it/s]
instructblip/pope/ricd/aokvqa/adversarial/seed1:  48%|████▊     | 1444/3000 [04:13<04:31,  5.73it/s]
instructblip/pope/ricd/aokvqa/adversarial/seed1:  48%|████▊     | 1445/3000 [04:14<04:29,  5.76it/s]
instructblip/pope/ricd/aokvqa/adversarial/seed1:  48%|████▊     | 1446/3000 [04:14<04:26,  5.84it/s]
instructblip/pope/ricd/aokvqa/adversarial/seed1:  48%|████▊     | 1447/3000 [04:14<04:25,  5.86it/s]
instructblip/pope/ricd/aokvqa/adversarial/seed1:  48%|████▊     | 1448/3000 [04:14<04:26,  5.82it/s]
instructblip/pope/ricd/aokvqa/adversarial/seed1:  48%|████▊     | 1449/3000 [04:14<04:28,  5.77it/s]
instructblip/pope/ricd/aokvqa/adversarial/seed1:  48%|████▊     | 1450/3000 [04:14<04:32,  5.68it/s]
instructblip/pope/ricd/aokvqa/adversarial/seed1:  48%|████▊     | 1451/3000 [04:15<04:31,  5.71it/s]
instructblip/pope/ricd/aokvqa/adversarial/seed1:  48%|████▊     | 1452/3000 [04:15<04:32,  5.69it/s]
instructblip/pope/ricd/aokvqa/adversarial/seed1:  48%|████▊     | 1453/3000 [04:15<04:27,  5.79it/s]
instructblip/pope/ricd/aokvqa/adversarial/seed1:  48%|████▊     | 1454/3000 [04:15<04:25,  5.83it/s]
instructblip/pope/ricd/aokvqa/adversarial/seed1:  48%|████▊     | 1455/3000 [04:15<04:22,  5.90it/s]
instructblip/pope/ricd/aokvqa/adversarial/seed1:  49%|████▊     | 1456/3000 [04:16<04:26,  5.80it/s]
instructblip/pope/ricd/aokvqa/adversarial/seed1:  49%|████▊     | 1457/3000 [04:16<04:26,  5.79it/s]
instructblip/pope/ricd/aokvqa/adversarial/seed1:  49%|████▊     | 1458/3000 [04:16<04:24,  5.83it/s]
instructblip/pope/ricd/aokvqa/adversarial/seed1:  49%|████▊     | 1459/3000 [04:16<04:24,  5.83it/s]
instructblip/pope/ricd/aokvqa/adversarial/seed1:  49%|████▊     | 1460/3000 [04:16<04:23,  5.84it/s]
instructblip/pope/ricd/aokvqa/adversarial/seed1:  49%|████▊     | 1461/3000 [04:16<04:24,  5.82it/s]
instructblip/pope/ricd/aokvqa/adversarial/seed1:  49%|████▊     | 1462/3000 [04:17<04:23,  5.84it/s]
instructblip/pope/ricd/aokvqa/adversarial/seed1:  49%|████▉     | 1463/3000 [04:17<04:25,  5.79it/s]
instructblip/pope/ricd/aokvqa/adversarial/seed1:  49%|████▉     | 1464/3000 [04:17<04:25,  5.78it/s]
instructblip/pope/ricd/aokvqa/adversarial/seed1:  49%|████▉     | 1465/3000 [04:17<04:29,  5.70it/s]
instructblip/pope/ricd/aokvqa/adversarial/seed1:  49%|████▉     | 1466/3000 [04:17<04:32,  5.63it/s]
instructblip/pope/ricd/aokvqa/adversarial/seed1:  49%|████▉     | 1467/3000 [04:17<04:31,  5.65it/s]
instructblip/pope/ricd/aokvqa/adversarial/seed1:  49%|████▉     | 1468/3000 [04:18<04:30,  5.66it/s]
instructblip/pope/ricd/aokvqa/adversarial/seed1:  49%|████▉     | 1469/3000 [04:18<04:29,  5.67it/s]
instructblip/pope/ricd/aokvqa/adversarial/seed1:  49%|████▉     | 1470/3000 [04:18<04:26,  5.74it/s]
instructblip/pope/ricd/aokvqa/adversarial/seed1:  49%|████▉     | 1471/3000 [04:18<04:24,  5.79it/s]
instructblip/pope/ricd/aokvqa/adversarial/seed1:  49%|████▉     | 1472/3000 [04:18<04:24,  5.78it/s]
instructblip/pope/ricd/aokvqa/adversarial/seed1:  49%|████▉     | 1473/3000 [04:18<04:26,  5.73it/s]
instructblip/pope/ricd/aokvqa/adversarial/seed1:  49%|████▉     | 1474/3000 [04:19<04:23,  5.79it/s]
instructblip/pope/ricd/aokvqa/adversarial/seed1:  49%|████▉     | 1475/3000 [04:19<04:22,  5.80it/s]
instructblip/pope/ricd/aokvqa/adversarial/seed1:  49%|████▉     | 1476/3000 [04:19<04:20,  5.86it/s]
instructblip/pope/ricd/aokvqa/adversarial/seed1:  49%|████▉     | 1477/3000 [04:19<04:17,  5.91it/s]
instructblip/pope/ricd/aokvqa/adversarial/seed1:  49%|████▉     | 1478/3000 [04:19<04:19,  5.87it/s]
instructblip/pope/ricd/aokvqa/adversarial/seed1:  49%|████▉     | 1479/3000 [04:19<04:20,  5.83it/s]
instructblip/pope/ricd/aokvqa/adversarial/seed1:  49%|████▉     | 1480/3000 [04:20<04:22,  5.79it/s]
instructblip/pope/ricd/aokvqa/adversarial/seed1:  49%|████▉     | 1481/3000 [04:20<04:25,  5.72it/s]
instructblip/pope/ricd/aokvqa/adversarial/seed1:  49%|████▉     | 1482/3000 [04:20<04:23,  5.76it/s]
instructblip/pope/ricd/aokvqa/adversarial/seed1:  49%|████▉     | 1483/3000 [04:20<04:31,  5.58it/s]
instructblip/pope/ricd/aokvqa/adversarial/seed1:  49%|████▉     | 1484/3000 [04:20<04:40,  5.41it/s]
instructblip/pope/ricd/aokvqa/adversarial/seed1:  50%|████▉     | 1485/3000 [04:21<04:40,  5.40it/s]
instructblip/pope/ricd/aokvqa/adversarial/seed1:  50%|████▉     | 1486/3000 [04:21<04:58,  5.07it/s]
instructblip/pope/ricd/aokvqa/adversarial/seed1:  50%|████▉     | 1487/3000 [04:21<04:55,  5.12it/s]
instructblip/pope/ricd/aokvqa/adversarial/seed1:  50%|████▉     | 1488/3000 [04:21<04:50,  5.20it/s]
instructblip/pope/ricd/aokvqa/adversarial/seed1:  50%|████▉     | 1489/3000 [04:21<04:54,  5.12it/s]
instructblip/pope/ricd/aokvqa/adversarial/seed1:  50%|████▉     | 1490/3000 [04:22<04:42,  5.35it/s]
instructblip/pope/ricd/aokvqa/adversarial/seed1:  50%|████▉     | 1491/3000 [04:22<04:33,  5.51it/s]
instructblip/pope/ricd/aokvqa/adversarial/seed1:  50%|████▉     | 1492/3000 [04:22<04:29,  5.60it/s]
instructblip/pope/ricd/aokvqa/adversarial/seed1:  50%|████▉     | 1493/3000 [04:22<04:24,  5.70it/s]
instructblip/pope/ricd/aokvqa/adversarial/seed1:  50%|████▉     | 1494/3000 [04:22<04:21,  5.76it/s]
instructblip/pope/ricd/aokvqa/adversarial/seed1:  50%|████▉     | 1495/3000 [04:22<04:19,  5.80it/s]
instructblip/pope/ricd/aokvqa/adversarial/seed1:  50%|████▉     | 1496/3000 [04:23<04:18,  5.81it/s]
instructblip/pope/ricd/aokvqa/adversarial/seed1:  50%|████▉     | 1497/3000 [04:23<04:18,  5.82it/s]
instructblip/pope/ricd/aokvqa/adversarial/seed1:  50%|████▉     | 1498/3000 [04:23<04:15,  5.88it/s]
instructblip/pope/ricd/aokvqa/adversarial/seed1:  50%|████▉     | 1499/3000 [04:23<04:15,  5.87it/s]
instructblip/pope/ricd/aokvqa/adversarial/seed1:  50%|█████     | 1500/3000 [04:23<04:14,  5.90it/s]
instructblip/pope/ricd/aokvqa/adversarial/seed1:  50%|█████     | 1501/3000 [04:23<04:15,  5.88it/s]
instructblip/pope/ricd/aokvqa/adversarial/seed1:  50%|█████     | 1502/3000 [04:24<04:15,  5.87it/s]
instructblip/pope/ricd/aokvqa/adversarial/seed1:  50%|█████     | 1503/3000 [04:24<04:13,  5.91it/s]
instructblip/pope/ricd/aokvqa/adversarial/seed1:  50%|█████     | 1504/3000 [04:24<04:13,  5.91it/s]
instructblip/pope/ricd/aokvqa/adversarial/seed1:  50%|█████     | 1505/3000 [04:24<04:16,  5.83it/s]
instructblip/pope/ricd/aokvqa/adversarial/seed1:  50%|█████     | 1506/3000 [04:24<04:21,  5.72it/s]
instructblip/pope/ricd/aokvqa/adversarial/seed1:  50%|█████     | 1507/3000 [04:24<04:18,  5.79it/s]
instructblip/pope/ricd/aokvqa/adversarial/seed1:  50%|█████     | 1508/3000 [04:25<04:17,  5.80it/s]
instructblip/pope/ricd/aokvqa/adversarial/seed1:  50%|█████     | 1509/3000 [04:25<04:20,  5.73it/s]
instructblip/pope/ricd/aokvqa/adversarial/seed1:  50%|█████     | 1510/3000 [04:25<04:21,  5.69it/s]
instructblip/pope/ricd/aokvqa/adversarial/seed1:  50%|█████     | 1511/3000 [04:25<04:21,  5.70it/s]
instructblip/pope/ricd/aokvqa/adversarial/seed1:  50%|█████     | 1512/3000 [04:25<04:17,  5.78it/s]
instructblip/pope/ricd/aokvqa/adversarial/seed1:  50%|█████     | 1513/3000 [04:26<04:17,  5.77it/s]
instructblip/pope/ricd/aokvqa/adversarial/seed1:  50%|█████     | 1514/3000 [04:26<04:14,  5.84it/s]
instructblip/pope/ricd/aokvqa/adversarial/seed1:  50%|█████     | 1515/3000 [04:26<04:12,  5.88it/s]
instructblip/pope/ricd/aokvqa/adversarial/seed1:  51%|█████     | 1516/3000 [04:26<04:11,  5.89it/s]
instructblip/pope/ricd/aokvqa/adversarial/seed1:  51%|█████     | 1517/3000 [04:26<04:12,  5.88it/s]
instructblip/pope/ricd/aokvqa/adversarial/seed1:  51%|█████     | 1518/3000 [04:26<04:12,  5.87it/s]
instructblip/pope/ricd/aokvqa/adversarial/seed1:  51%|█████     | 1519/3000 [04:27<04:12,  5.86it/s]
instructblip/pope/ricd/aokvqa/adversarial/seed1:  51%|█████     | 1520/3000 [04:27<04:14,  5.81it/s]
instructblip/pope/ricd/aokvqa/adversarial/seed1:  51%|█████     | 1521/3000 [04:27<04:12,  5.87it/s]
instructblip/pope/ricd/aokvqa/adversarial/seed1:  51%|█████     | 1522/3000 [04:27<04:09,  5.92it/s]
instructblip/pope/ricd/aokvqa/adversarial/seed1:  51%|█████     | 1523/3000 [04:27<04:13,  5.83it/s]
instructblip/pope/ricd/aokvqa/adversarial/seed1:  51%|█████     | 1524/3000 [04:27<04:14,  5.79it/s]
instructblip/pope/ricd/aokvqa/adversarial/seed1:  51%|█████     | 1525/3000 [04:28<04:12,  5.83it/s]
instructblip/pope/ricd/aokvqa/adversarial/seed1:  51%|█████     | 1526/3000 [04:28<04:31,  5.43it/s]
instructblip/pope/ricd/aokvqa/adversarial/seed1:  51%|█████     | 1527/3000 [04:28<04:26,  5.53it/s]
instructblip/pope/ricd/aokvqa/adversarial/seed1:  51%|█████     | 1528/3000 [04:28<04:22,  5.61it/s]
instructblip/pope/ricd/aokvqa/adversarial/seed1:  51%|█████     | 1529/3000 [04:28<04:20,  5.66it/s]
instructblip/pope/ricd/aokvqa/adversarial/seed1:  51%|█████     | 1530/3000 [04:28<04:17,  5.72it/s]
instructblip/pope/ricd/aokvqa/adversarial/seed1:  51%|█████     | 1531/3000 [04:29<04:16,  5.73it/s]
instructblip/pope/ricd/aokvqa/adversarial/seed1:  51%|█████     | 1532/3000 [04:29<04:16,  5.72it/s]
instructblip/pope/ricd/aokvqa/adversarial/seed1:  51%|█████     | 1533/3000 [04:29<04:16,  5.73it/s]
instructblip/pope/ricd/aokvqa/adversarial/seed1:  51%|█████     | 1534/3000 [04:29<04:16,  5.71it/s]
instructblip/pope/ricd/aokvqa/adversarial/seed1:  51%|█████     | 1535/3000 [04:29<04:13,  5.78it/s]
instructblip/pope/ricd/aokvqa/adversarial/seed1:  51%|█████     | 1536/3000 [04:30<04:34,  5.34it/s]
instructblip/pope/ricd/aokvqa/adversarial/seed1:  51%|█████     | 1537/3000 [04:30<04:51,  5.02it/s]
instructblip/pope/ricd/aokvqa/adversarial/seed1:  51%|█████▏    | 1538/3000 [04:30<04:47,  5.09it/s]
instructblip/pope/ricd/aokvqa/adversarial/seed1:  51%|█████▏    | 1539/3000 [04:30<04:36,  5.28it/s]
instructblip/pope/ricd/aokvqa/adversarial/seed1:  51%|█████▏    | 1540/3000 [04:30<04:28,  5.44it/s]
instructblip/pope/ricd/aokvqa/adversarial/seed1:  51%|█████▏    | 1541/3000 [04:30<04:19,  5.61it/s]
instructblip/pope/ricd/aokvqa/adversarial/seed1:  51%|█████▏    | 1542/3000 [04:31<04:16,  5.69it/s]
instructblip/pope/ricd/aokvqa/adversarial/seed1:  51%|█████▏    | 1543/3000 [04:31<04:14,  5.72it/s]
instructblip/pope/ricd/aokvqa/adversarial/seed1:  51%|█████▏    | 1544/3000 [04:31<04:10,  5.81it/s]
instructblip/pope/ricd/aokvqa/adversarial/seed1:  52%|█████▏    | 1545/3000 [04:31<04:09,  5.83it/s]
instructblip/pope/ricd/aokvqa/adversarial/seed1:  52%|█████▏    | 1546/3000 [04:31<04:30,  5.38it/s]
instructblip/pope/ricd/aokvqa/adversarial/seed1:  52%|█████▏    | 1547/3000 [04:32<04:45,  5.10it/s]
instructblip/pope/ricd/aokvqa/adversarial/seed1:  52%|█████▏    | 1548/3000 [04:32<04:57,  4.88it/s]
instructblip/pope/ricd/aokvqa/adversarial/seed1:  52%|█████▏    | 1549/3000 [04:32<04:47,  5.05it/s]
instructblip/pope/ricd/aokvqa/adversarial/seed1:  52%|█████▏    | 1550/3000 [04:32<04:37,  5.22it/s]
instructblip/pope/ricd/aokvqa/adversarial/seed1:  52%|█████▏    | 1551/3000 [04:32<04:32,  5.31it/s]
instructblip/pope/ricd/aokvqa/adversarial/seed1:  52%|█████▏    | 1552/3000 [04:33<04:27,  5.42it/s]
instructblip/pope/ricd/aokvqa/adversarial/seed1:  52%|█████▏    | 1553/3000 [04:33<04:22,  5.51it/s]
instructblip/pope/ricd/aokvqa/adversarial/seed1:  52%|█████▏    | 1554/3000 [04:33<04:21,  5.53it/s]
instructblip/pope/ricd/aokvqa/adversarial/seed1:  52%|█████▏    | 1555/3000 [04:33<04:16,  5.63it/s]
instructblip/pope/ricd/aokvqa/adversarial/seed1:  52%|█████▏    | 1556/3000 [04:33<04:13,  5.69it/s]
instructblip/pope/ricd/aokvqa/adversarial/seed1:  52%|█████▏    | 1557/3000 [04:33<04:12,  5.72it/s]
instructblip/pope/ricd/aokvqa/adversarial/seed1:  52%|█████▏    | 1558/3000 [04:34<04:12,  5.72it/s]
instructblip/pope/ricd/aokvqa/adversarial/seed1:  52%|█████▏    | 1559/3000 [04:34<04:13,  5.67it/s]
instructblip/pope/ricd/aokvqa/adversarial/seed1:  52%|█████▏    | 1560/3000 [04:34<04:10,  5.74it/s]
instructblip/pope/ricd/aokvqa/adversarial/seed1:  52%|█████▏    | 1561/3000 [04:34<04:11,  5.73it/s]
instructblip/pope/ricd/aokvqa/adversarial/seed1:  52%|█████▏    | 1562/3000 [04:34<04:08,  5.78it/s]
instructblip/pope/ricd/aokvqa/adversarial/seed1:  52%|█████▏    | 1563/3000 [04:34<04:05,  5.86it/s]
instructblip/pope/ricd/aokvqa/adversarial/seed1:  52%|█████▏    | 1564/3000 [04:35<04:04,  5.87it/s]
instructblip/pope/ricd/aokvqa/adversarial/seed1:  52%|█████▏    | 1565/3000 [04:35<04:06,  5.83it/s]
instructblip/pope/ricd/aokvqa/adversarial/seed1:  52%|█████▏    | 1566/3000 [04:35<04:09,  5.74it/s]
instructblip/pope/ricd/aokvqa/adversarial/seed1:  52%|█████▏    | 1567/3000 [04:35<04:08,  5.77it/s]
instructblip/pope/ricd/aokvqa/adversarial/seed1:  52%|█████▏    | 1568/3000 [04:35<04:05,  5.83it/s]
instructblip/pope/ricd/aokvqa/adversarial/seed1:  52%|█████▏    | 1569/3000 [04:35<04:03,  5.88it/s]
instructblip/pope/ricd/aokvqa/adversarial/seed1:  52%|█████▏    | 1570/3000 [04:36<04:01,  5.93it/s]
instructblip/pope/ricd/aokvqa/adversarial/seed1:  52%|█████▏    | 1571/3000 [04:36<03:59,  5.97it/s]
instructblip/pope/ricd/aokvqa/adversarial/seed1:  52%|█████▏    | 1572/3000 [04:36<03:58,  5.99it/s]
instructblip/pope/ricd/aokvqa/adversarial/seed1:  52%|█████▏    | 1573/3000 [04:36<03:59,  5.95it/s]
instructblip/pope/ricd/aokvqa/adversarial/seed1:  52%|█████▏    | 1574/3000 [04:36<04:01,  5.89it/s]
instructblip/pope/ricd/aokvqa/adversarial/seed1:  52%|█████▎    | 1575/3000 [04:36<04:04,  5.82it/s]
instructblip/pope/ricd/aokvqa/adversarial/seed1:  53%|█████▎    | 1576/3000 [04:37<04:02,  5.88it/s]
instructblip/pope/ricd/aokvqa/adversarial/seed1:  53%|█████▎    | 1577/3000 [04:37<04:01,  5.89it/s]
instructblip/pope/ricd/aokvqa/adversarial/seed1:  53%|█████▎    | 1578/3000 [04:37<04:01,  5.88it/s]
instructblip/pope/ricd/aokvqa/adversarial/seed1:  53%|█████▎    | 1579/3000 [04:37<04:00,  5.91it/s]
instructblip/pope/ricd/aokvqa/adversarial/seed1:  53%|█████▎    | 1580/3000 [04:37<03:59,  5.92it/s]
instructblip/pope/ricd/aokvqa/adversarial/seed1:  53%|█████▎    | 1581/3000 [04:37<03:59,  5.93it/s]
instructblip/pope/ricd/aokvqa/adversarial/seed1:  53%|█████▎    | 1582/3000 [04:38<03:57,  5.97it/s]
instructblip/pope/ricd/aokvqa/adversarial/seed1:  53%|█████▎    | 1583/3000 [04:38<03:57,  5.96it/s]
instructblip/pope/ricd/aokvqa/adversarial/seed1:  53%|█████▎    | 1584/3000 [04:38<04:00,  5.90it/s]
instructblip/pope/ricd/aokvqa/adversarial/seed1:  53%|█████▎    | 1585/3000 [04:38<04:02,  5.82it/s]
instructblip/pope/ricd/aokvqa/adversarial/seed1:  53%|█████▎    | 1586/3000 [04:38<04:02,  5.84it/s]
instructblip/pope/ricd/aokvqa/adversarial/seed1:  53%|█████▎    | 1587/3000 [04:39<04:07,  5.70it/s]
instructblip/pope/ricd/aokvqa/adversarial/seed1:  53%|█████▎    | 1588/3000 [04:39<04:08,  5.69it/s]
instructblip/pope/ricd/aokvqa/adversarial/seed1:  53%|█████▎    | 1589/3000 [04:39<04:11,  5.61it/s]
instructblip/pope/ricd/aokvqa/adversarial/seed1:  53%|█████▎    | 1590/3000 [04:39<04:09,  5.65it/s]
instructblip/pope/ricd/aokvqa/adversarial/seed1:  53%|█████▎    | 1591/3000 [04:39<04:10,  5.62it/s]
instructblip/pope/ricd/aokvqa/adversarial/seed1:  53%|█████▎    | 1592/3000 [04:39<04:11,  5.60it/s]
instructblip/pope/ricd/aokvqa/adversarial/seed1:  53%|█████▎    | 1593/3000 [04:40<04:07,  5.68it/s]
instructblip/pope/ricd/aokvqa/adversarial/seed1:  53%|█████▎    | 1594/3000 [04:40<04:12,  5.58it/s]
instructblip/pope/ricd/aokvqa/adversarial/seed1:  53%|█████▎    | 1595/3000 [04:40<04:10,  5.62it/s]
instructblip/pope/ricd/aokvqa/adversarial/seed1:  53%|█████▎    | 1596/3000 [04:40<04:13,  5.54it/s]
instructblip/pope/ricd/aokvqa/adversarial/seed1:  53%|█████▎    | 1597/3000 [04:40<04:10,  5.60it/s]
instructblip/pope/ricd/aokvqa/adversarial/seed1:  53%|█████▎    | 1598/3000 [04:40<04:10,  5.60it/s]
instructblip/pope/ricd/aokvqa/adversarial/seed1:  53%|█████▎    | 1599/3000 [04:41<04:06,  5.68it/s]
instructblip/pope/ricd/aokvqa/adversarial/seed1:  53%|█████▎    | 1600/3000 [04:41<04:06,  5.67it/s]
instructblip/pope/ricd/aokvqa/adversarial/seed1:  53%|█████▎    | 1601/3000 [04:41<04:07,  5.66it/s]
instructblip/pope/ricd/aokvqa/adversarial/seed1:  53%|█████▎    | 1602/3000 [04:41<04:04,  5.73it/s]
instructblip/pope/ricd/aokvqa/adversarial/seed1:  53%|█████▎    | 1603/3000 [04:41<04:03,  5.73it/s]
instructblip/pope/ricd/aokvqa/adversarial/seed1:  53%|█████▎    | 1604/3000 [04:42<04:07,  5.63it/s]
instructblip/pope/ricd/aokvqa/adversarial/seed1:  54%|█████▎    | 1605/3000 [04:42<04:05,  5.68it/s]
instructblip/pope/ricd/aokvqa/adversarial/seed1:  54%|█████▎    | 1606/3000 [04:42<04:03,  5.72it/s]
instructblip/pope/ricd/aokvqa/adversarial/seed1:  54%|█████▎    | 1607/3000 [04:42<04:07,  5.64it/s]
instructblip/pope/ricd/aokvqa/adversarial/seed1:  54%|█████▎    | 1608/3000 [04:42<04:04,  5.69it/s]
instructblip/pope/ricd/aokvqa/adversarial/seed1:  54%|█████▎    | 1609/3000 [04:42<04:03,  5.71it/s]
instructblip/pope/ricd/aokvqa/adversarial/seed1:  54%|█████▎    | 1610/3000 [04:43<04:03,  5.70it/s]
instructblip/pope/ricd/aokvqa/adversarial/seed1:  54%|█████▎    | 1611/3000 [04:43<04:22,  5.29it/s]
instructblip/pope/ricd/aokvqa/adversarial/seed1:  54%|█████▎    | 1612/3000 [04:43<04:21,  5.31it/s]
instructblip/pope/ricd/aokvqa/adversarial/seed1:  54%|█████▍    | 1613/3000 [04:43<04:16,  5.41it/s]
instructblip/pope/ricd/aokvqa/adversarial/seed1:  54%|█████▍    | 1614/3000 [04:43<04:09,  5.55it/s]
instructblip/pope/ricd/aokvqa/adversarial/seed1:  54%|█████▍    | 1615/3000 [04:44<04:10,  5.53it/s]
instructblip/pope/ricd/aokvqa/adversarial/seed1:  54%|█████▍    | 1616/3000 [04:44<04:05,  5.64it/s]
instructblip/pope/ricd/aokvqa/adversarial/seed1:  54%|█████▍    | 1617/3000 [04:44<04:04,  5.65it/s]
instructblip/pope/ricd/aokvqa/adversarial/seed1:  54%|█████▍    | 1618/3000 [04:44<03:59,  5.76it/s]
instructblip/pope/ricd/aokvqa/adversarial/seed1:  54%|█████▍    | 1619/3000 [04:44<03:57,  5.81it/s]
instructblip/pope/ricd/aokvqa/adversarial/seed1:  54%|█████▍    | 1620/3000 [04:44<04:00,  5.73it/s]
instructblip/pope/ricd/aokvqa/adversarial/seed1:  54%|█████▍    | 1621/3000 [04:45<04:07,  5.56it/s]
instructblip/pope/ricd/aokvqa/adversarial/seed1:  54%|█████▍    | 1622/3000 [04:45<04:04,  5.63it/s]
instructblip/pope/ricd/aokvqa/adversarial/seed1:  54%|█████▍    | 1623/3000 [04:45<04:06,  5.58it/s]
instructblip/pope/ricd/aokvqa/adversarial/seed1:  54%|█████▍    | 1624/3000 [04:45<04:07,  5.57it/s]
instructblip/pope/ricd/aokvqa/adversarial/seed1:  54%|█████▍    | 1625/3000 [04:45<04:02,  5.67it/s]
instructblip/pope/ricd/aokvqa/adversarial/seed1:  54%|█████▍    | 1626/3000 [04:45<04:00,  5.72it/s]
instructblip/pope/ricd/aokvqa/adversarial/seed1:  54%|█████▍    | 1627/3000 [04:46<04:00,  5.70it/s]
instructblip/pope/ricd/aokvqa/adversarial/seed1:  54%|█████▍    | 1628/3000 [04:46<04:00,  5.71it/s]
instructblip/pope/ricd/aokvqa/adversarial/seed1:  54%|█████▍    | 1629/3000 [04:46<04:00,  5.70it/s]
instructblip/pope/ricd/aokvqa/adversarial/seed1:  54%|█████▍    | 1630/3000 [04:46<03:59,  5.72it/s]
instructblip/pope/ricd/aokvqa/adversarial/seed1:  54%|█████▍    | 1631/3000 [04:46<04:08,  5.51it/s]
instructblip/pope/ricd/aokvqa/adversarial/seed1:  54%|█████▍    | 1632/3000 [04:47<04:03,  5.61it/s]
instructblip/pope/ricd/aokvqa/adversarial/seed1:  54%|█████▍    | 1633/3000 [04:47<04:01,  5.65it/s]
instructblip/pope/ricd/aokvqa/adversarial/seed1:  54%|█████▍    | 1634/3000 [04:47<04:01,  5.65it/s]
instructblip/pope/ricd/aokvqa/adversarial/seed1:  55%|█████▍    | 1635/3000 [04:47<03:59,  5.69it/s]
instructblip/pope/ricd/aokvqa/adversarial/seed1:  55%|█████▍    | 1636/3000 [04:47<04:01,  5.64it/s]
instructblip/pope/ricd/aokvqa/adversarial/seed1:  55%|█████▍    | 1637/3000 [04:47<03:58,  5.73it/s]
instructblip/pope/ricd/aokvqa/adversarial/seed1:  55%|█████▍    | 1638/3000 [04:48<03:56,  5.75it/s]
instructblip/pope/ricd/aokvqa/adversarial/seed1:  55%|█████▍    | 1639/3000 [04:48<03:56,  5.75it/s]
instructblip/pope/ricd/aokvqa/adversarial/seed1:  55%|█████▍    | 1640/3000 [04:48<03:58,  5.70it/s]
instructblip/pope/ricd/aokvqa/adversarial/seed1:  55%|█████▍    | 1641/3000 [04:48<03:56,  5.75it/s]
instructblip/pope/ricd/aokvqa/adversarial/seed1:  55%|█████▍    | 1642/3000 [04:48<03:56,  5.74it/s]
instructblip/pope/ricd/aokvqa/adversarial/seed1:  55%|█████▍    | 1643/3000 [04:48<03:53,  5.81it/s]
instructblip/pope/ricd/aokvqa/adversarial/seed1:  55%|█████▍    | 1644/3000 [04:49<03:55,  5.76it/s]
instructblip/pope/ricd/aokvqa/adversarial/seed1:  55%|█████▍    | 1645/3000 [04:49<04:00,  5.63it/s]
instructblip/pope/ricd/aokvqa/adversarial/seed1:  55%|█████▍    | 1646/3000 [04:49<04:04,  5.54it/s]
instructblip/pope/ricd/aokvqa/adversarial/seed1:  55%|█████▍    | 1647/3000 [04:49<04:03,  5.55it/s]
instructblip/pope/ricd/aokvqa/adversarial/seed1:  55%|█████▍    | 1648/3000 [04:49<04:00,  5.61it/s]
instructblip/pope/ricd/aokvqa/adversarial/seed1:  55%|█████▍    | 1649/3000 [04:50<04:04,  5.53it/s]
instructblip/pope/ricd/aokvqa/adversarial/seed1:  55%|█████▌    | 1650/3000 [04:50<04:13,  5.33it/s]
instructblip/pope/ricd/aokvqa/adversarial/seed1:  55%|█████▌    | 1651/3000 [04:50<04:04,  5.52it/s]
instructblip/pope/ricd/aokvqa/adversarial/seed1:  55%|█████▌    | 1652/3000 [04:50<04:01,  5.57it/s]
instructblip/pope/ricd/aokvqa/adversarial/seed1:  55%|█████▌    | 1653/3000 [04:50<03:57,  5.67it/s]
instructblip/pope/ricd/aokvqa/adversarial/seed1:  55%|█████▌    | 1654/3000 [04:50<03:52,  5.78it/s]
instructblip/pope/ricd/aokvqa/adversarial/seed1:  55%|█████▌    | 1655/3000 [04:51<03:53,  5.75it/s]
instructblip/pope/ricd/aokvqa/adversarial/seed1:  55%|█████▌    | 1656/3000 [04:51<03:51,  5.81it/s]
instructblip/pope/ricd/aokvqa/adversarial/seed1:  55%|█████▌    | 1657/3000 [04:51<03:49,  5.86it/s]
instructblip/pope/ricd/aokvqa/adversarial/seed1:  55%|█████▌    | 1658/3000 [04:51<03:51,  5.79it/s]
instructblip/pope/ricd/aokvqa/adversarial/seed1:  55%|█████▌    | 1659/3000 [04:51<03:50,  5.81it/s]
instructblip/pope/ricd/aokvqa/adversarial/seed1:  55%|█████▌    | 1660/3000 [04:51<03:52,  5.76it/s]
instructblip/pope/ricd/aokvqa/adversarial/seed1:  55%|█████▌    | 1661/3000 [04:52<03:49,  5.83it/s]
instructblip/pope/ricd/aokvqa/adversarial/seed1:  55%|█████▌    | 1662/3000 [04:52<03:49,  5.83it/s]
instructblip/pope/ricd/aokvqa/adversarial/seed1:  55%|█████▌    | 1663/3000 [04:52<03:53,  5.73it/s]
instructblip/pope/ricd/aokvqa/adversarial/seed1:  55%|█████▌    | 1664/3000 [04:52<03:50,  5.79it/s]
instructblip/pope/ricd/aokvqa/adversarial/seed1:  56%|█████▌    | 1665/3000 [04:52<03:51,  5.76it/s]
instructblip/pope/ricd/aokvqa/adversarial/seed1:  56%|█████▌    | 1666/3000 [04:52<03:50,  5.78it/s]
instructblip/pope/ricd/aokvqa/adversarial/seed1:  56%|█████▌    | 1667/3000 [04:53<03:48,  5.84it/s]
instructblip/pope/ricd/aokvqa/adversarial/seed1:  56%|█████▌    | 1668/3000 [04:53<03:56,  5.64it/s]
instructblip/pope/ricd/aokvqa/adversarial/seed1:  56%|█████▌    | 1669/3000 [04:53<03:54,  5.67it/s]
instructblip/pope/ricd/aokvqa/adversarial/seed1:  56%|█████▌    | 1670/3000 [04:53<03:57,  5.60it/s]
instructblip/pope/ricd/aokvqa/adversarial/seed1:  56%|█████▌    | 1671/3000 [04:53<03:54,  5.66it/s]
instructblip/pope/ricd/aokvqa/adversarial/seed1:  56%|█████▌    | 1672/3000 [04:54<03:57,  5.60it/s]
instructblip/pope/ricd/aokvqa/adversarial/seed1:  56%|█████▌    | 1673/3000 [04:54<03:52,  5.71it/s]
instructblip/pope/ricd/aokvqa/adversarial/seed1:  56%|█████▌    | 1674/3000 [04:54<03:52,  5.71it/s]
instructblip/pope/ricd/aokvqa/adversarial/seed1:  56%|█████▌    | 1675/3000 [04:54<03:51,  5.71it/s]
instructblip/pope/ricd/aokvqa/adversarial/seed1:  56%|█████▌    | 1676/3000 [04:54<03:49,  5.77it/s]
instructblip/pope/ricd/aokvqa/adversarial/seed1:  56%|█████▌    | 1677/3000 [04:54<03:51,  5.71it/s]
instructblip/pope/ricd/aokvqa/adversarial/seed1:  56%|█████▌    | 1678/3000 [04:55<03:48,  5.77it/s]
instructblip/pope/ricd/aokvqa/adversarial/seed1:  56%|█████▌    | 1679/3000 [04:55<03:47,  5.80it/s]
instructblip/pope/ricd/aokvqa/adversarial/seed1:  56%|█████▌    | 1680/3000 [04:55<03:47,  5.79it/s]
instructblip/pope/ricd/aokvqa/adversarial/seed1:  56%|█████▌    | 1681/3000 [04:55<03:48,  5.76it/s]
instructblip/pope/ricd/aokvqa/adversarial/seed1:  56%|█████▌    | 1682/3000 [04:55<03:47,  5.78it/s]
instructblip/pope/ricd/aokvqa/adversarial/seed1:  56%|█████▌    | 1683/3000 [04:55<03:48,  5.77it/s]
instructblip/pope/ricd/aokvqa/adversarial/seed1:  56%|█████▌    | 1684/3000 [04:56<03:48,  5.76it/s]
instructblip/pope/ricd/aokvqa/adversarial/seed1:  56%|█████▌    | 1685/3000 [04:56<03:47,  5.79it/s]
instructblip/pope/ricd/aokvqa/adversarial/seed1:  56%|█████▌    | 1686/3000 [04:56<03:52,  5.65it/s]
instructblip/pope/ricd/aokvqa/adversarial/seed1:  56%|█████▌    | 1687/3000 [04:56<03:53,  5.62it/s]
instructblip/pope/ricd/aokvqa/adversarial/seed1:  56%|█████▋    | 1688/3000 [04:56<03:51,  5.67it/s]
instructblip/pope/ricd/aokvqa/adversarial/seed1:  56%|█████▋    | 1689/3000 [04:57<03:49,  5.72it/s]
instructblip/pope/ricd/aokvqa/adversarial/seed1:  56%|█████▋    | 1690/3000 [04:57<03:47,  5.76it/s]
instructblip/pope/ricd/aokvqa/adversarial/seed1:  56%|█████▋    | 1691/3000 [04:57<03:51,  5.66it/s]
instructblip/pope/ricd/aokvqa/adversarial/seed1:  56%|█████▋    | 1692/3000 [04:57<03:47,  5.76it/s]
instructblip/pope/ricd/aokvqa/adversarial/seed1:  56%|█████▋    | 1693/3000 [04:57<03:47,  5.76it/s]
instructblip/pope/ricd/aokvqa/adversarial/seed1:  56%|█████▋    | 1694/3000 [04:57<03:45,  5.79it/s]
instructblip/pope/ricd/aokvqa/adversarial/seed1:  56%|█████▋    | 1695/3000 [04:58<03:47,  5.75it/s]
instructblip/pope/ricd/aokvqa/adversarial/seed1:  57%|█████▋    | 1696/3000 [04:58<03:47,  5.74it/s]
instructblip/pope/ricd/aokvqa/adversarial/seed1:  57%|█████▋    | 1697/3000 [04:58<03:44,  5.80it/s]
instructblip/pope/ricd/aokvqa/adversarial/seed1:  57%|█████▋    | 1698/3000 [04:58<03:49,  5.69it/s]
instructblip/pope/ricd/aokvqa/adversarial/seed1:  57%|█████▋    | 1699/3000 [04:58<03:54,  5.55it/s]
instructblip/pope/ricd/aokvqa/adversarial/seed1:  57%|█████▋    | 1700/3000 [04:58<04:01,  5.38it/s]
instructblip/pope/ricd/aokvqa/adversarial/seed1:  57%|█████▋    | 1701/3000 [04:59<03:55,  5.51it/s]
instructblip/pope/ricd/aokvqa/adversarial/seed1:  57%|█████▋    | 1702/3000 [04:59<03:56,  5.50it/s]
instructblip/pope/ricd/aokvqa/adversarial/seed1:  57%|█████▋    | 1703/3000 [04:59<03:59,  5.42it/s]
instructblip/pope/ricd/aokvqa/adversarial/seed1:  57%|█████▋    | 1704/3000 [04:59<03:56,  5.48it/s]
instructblip/pope/ricd/aokvqa/adversarial/seed1:  57%|█████▋    | 1705/3000 [04:59<03:54,  5.53it/s]
instructblip/pope/ricd/aokvqa/adversarial/seed1:  57%|█████▋    | 1706/3000 [05:00<03:55,  5.50it/s]
instructblip/pope/ricd/aokvqa/adversarial/seed1:  57%|█████▋    | 1707/3000 [05:00<03:56,  5.46it/s]
instructblip/pope/ricd/aokvqa/adversarial/seed1:  57%|█████▋    | 1708/3000 [05:00<03:54,  5.52it/s]
instructblip/pope/ricd/aokvqa/adversarial/seed1:  57%|█████▋    | 1709/3000 [05:00<03:53,  5.54it/s]
instructblip/pope/ricd/aokvqa/adversarial/seed1:  57%|█████▋    | 1710/3000 [05:00<03:54,  5.50it/s]
instructblip/pope/ricd/aokvqa/adversarial/seed1:  57%|█████▋    | 1711/3000 [05:00<03:53,  5.53it/s]
instructblip/pope/ricd/aokvqa/adversarial/seed1:  57%|█████▋    | 1712/3000 [05:01<04:03,  5.30it/s]
instructblip/pope/ricd/aokvqa/adversarial/seed1:  57%|█████▋    | 1713/3000 [05:01<03:56,  5.45it/s]
instructblip/pope/ricd/aokvqa/adversarial/seed1:  57%|█████▋    | 1714/3000 [05:01<03:50,  5.58it/s]
instructblip/pope/ricd/aokvqa/adversarial/seed1:  57%|█████▋    | 1715/3000 [05:01<03:49,  5.61it/s]
instructblip/pope/ricd/aokvqa/adversarial/seed1:  57%|█████▋    | 1716/3000 [05:01<03:45,  5.69it/s]
instructblip/pope/ricd/aokvqa/adversarial/seed1:  57%|█████▋    | 1717/3000 [05:02<03:50,  5.56it/s]
instructblip/pope/ricd/aokvqa/adversarial/seed1:  57%|█████▋    | 1718/3000 [05:02<03:48,  5.60it/s]
instructblip/pope/ricd/aokvqa/adversarial/seed1:  57%|█████▋    | 1719/3000 [05:02<03:46,  5.67it/s]
instructblip/pope/ricd/aokvqa/adversarial/seed1:  57%|█████▋    | 1720/3000 [05:02<03:47,  5.64it/s]
instructblip/pope/ricd/aokvqa/adversarial/seed1:  57%|█████▋    | 1721/3000 [05:02<03:43,  5.72it/s]
instructblip/pope/ricd/aokvqa/adversarial/seed1:  57%|█████▋    | 1722/3000 [05:02<03:43,  5.71it/s]
instructblip/pope/ricd/aokvqa/adversarial/seed1:  57%|█████▋    | 1723/3000 [05:03<03:44,  5.70it/s]
instructblip/pope/ricd/aokvqa/adversarial/seed1:  57%|█████▋    | 1724/3000 [05:03<03:45,  5.66it/s]
instructblip/pope/ricd/aokvqa/adversarial/seed1:  57%|█████▊    | 1725/3000 [05:03<03:40,  5.78it/s]
instructblip/pope/ricd/aokvqa/adversarial/seed1:  58%|█████▊    | 1726/3000 [05:03<03:37,  5.87it/s]
instructblip/pope/ricd/aokvqa/adversarial/seed1:  58%|█████▊    | 1727/3000 [05:03<03:38,  5.84it/s]
instructblip/pope/ricd/aokvqa/adversarial/seed1:  58%|█████▊    | 1728/3000 [05:03<03:36,  5.89it/s]
instructblip/pope/ricd/aokvqa/adversarial/seed1:  58%|█████▊    | 1729/3000 [05:04<03:34,  5.92it/s]
instructblip/pope/ricd/aokvqa/adversarial/seed1:  58%|█████▊    | 1730/3000 [05:04<03:36,  5.86it/s]
instructblip/pope/ricd/aokvqa/adversarial/seed1:  58%|█████▊    | 1731/3000 [05:04<03:34,  5.91it/s]
instructblip/pope/ricd/aokvqa/adversarial/seed1:  58%|█████▊    | 1732/3000 [05:04<03:33,  5.94it/s]
instructblip/pope/ricd/aokvqa/adversarial/seed1:  58%|█████▊    | 1733/3000 [05:04<03:33,  5.93it/s]
instructblip/pope/ricd/aokvqa/adversarial/seed1:  58%|█████▊    | 1734/3000 [05:04<03:33,  5.93it/s]
instructblip/pope/ricd/aokvqa/adversarial/seed1:  58%|█████▊    | 1735/3000 [05:05<03:33,  5.94it/s]
instructblip/pope/ricd/aokvqa/adversarial/seed1:  58%|█████▊    | 1736/3000 [05:05<03:34,  5.91it/s]
instructblip/pope/ricd/aokvqa/adversarial/seed1:  58%|█████▊    | 1737/3000 [05:05<03:33,  5.91it/s]
instructblip/pope/ricd/aokvqa/adversarial/seed1:  58%|█████▊    | 1738/3000 [05:05<03:32,  5.93it/s]
instructblip/pope/ricd/aokvqa/adversarial/seed1:  58%|█████▊    | 1739/3000 [05:05<03:33,  5.91it/s]
instructblip/pope/ricd/aokvqa/adversarial/seed1:  58%|█████▊    | 1740/3000 [05:05<03:33,  5.91it/s]
instructblip/pope/ricd/aokvqa/adversarial/seed1:  58%|█████▊    | 1741/3000 [05:06<03:31,  5.96it/s]
instructblip/pope/ricd/aokvqa/adversarial/seed1:  58%|█████▊    | 1742/3000 [05:06<03:36,  5.80it/s]
instructblip/pope/ricd/aokvqa/adversarial/seed1:  58%|█████▊    | 1743/3000 [05:06<03:35,  5.85it/s]
instructblip/pope/ricd/aokvqa/adversarial/seed1:  58%|█████▊    | 1744/3000 [05:06<03:34,  5.86it/s]
instructblip/pope/ricd/aokvqa/adversarial/seed1:  58%|█████▊    | 1745/3000 [05:06<03:35,  5.82it/s]
instructblip/pope/ricd/aokvqa/adversarial/seed1:  58%|█████▊    | 1746/3000 [05:06<03:36,  5.80it/s]
instructblip/pope/ricd/aokvqa/adversarial/seed1:  58%|█████▊    | 1747/3000 [05:07<03:38,  5.73it/s]
instructblip/pope/ricd/aokvqa/adversarial/seed1:  58%|█████▊    | 1748/3000 [05:07<03:36,  5.78it/s]
instructblip/pope/ricd/aokvqa/adversarial/seed1:  58%|█████▊    | 1749/3000 [05:07<03:34,  5.84it/s]
instructblip/pope/ricd/aokvqa/adversarial/seed1:  58%|█████▊    | 1750/3000 [05:07<03:35,  5.80it/s]
instructblip/pope/ricd/aokvqa/adversarial/seed1:  58%|█████▊    | 1751/3000 [05:07<03:34,  5.83it/s]
instructblip/pope/ricd/aokvqa/adversarial/seed1:  58%|█████▊    | 1752/3000 [05:08<03:31,  5.90it/s]
instructblip/pope/ricd/aokvqa/adversarial/seed1:  58%|█████▊    | 1753/3000 [05:08<04:01,  5.16it/s]
instructblip/pope/ricd/aokvqa/adversarial/seed1:  58%|█████▊    | 1754/3000 [05:08<03:58,  5.21it/s]
instructblip/pope/ricd/aokvqa/adversarial/seed1:  58%|█████▊    | 1755/3000 [05:08<04:15,  4.88it/s]
instructblip/pope/ricd/aokvqa/adversarial/seed1:  59%|█████▊    | 1756/3000 [05:08<04:08,  5.00it/s]
instructblip/pope/ricd/aokvqa/adversarial/seed1:  59%|█████▊    | 1757/3000 [05:09<03:56,  5.25it/s]
instructblip/pope/ricd/aokvqa/adversarial/seed1:  59%|█████▊    | 1758/3000 [05:09<03:56,  5.24it/s]
instructblip/pope/ricd/aokvqa/adversarial/seed1:  59%|█████▊    | 1759/3000 [05:09<03:50,  5.38it/s]
instructblip/pope/ricd/aokvqa/adversarial/seed1:  59%|█████▊    | 1760/3000 [05:09<03:44,  5.52it/s]
instructblip/pope/ricd/aokvqa/adversarial/seed1:  59%|█████▊    | 1761/3000 [05:09<03:42,  5.58it/s]
instructblip/pope/ricd/aokvqa/adversarial/seed1:  59%|█████▊    | 1762/3000 [05:09<03:39,  5.64it/s]
instructblip/pope/ricd/aokvqa/adversarial/seed1:  59%|█████▉    | 1763/3000 [05:10<03:37,  5.68it/s]
instructblip/pope/ricd/aokvqa/adversarial/seed1:  59%|█████▉    | 1764/3000 [05:10<03:56,  5.22it/s]
instructblip/pope/ricd/aokvqa/adversarial/seed1:  59%|█████▉    | 1765/3000 [05:10<04:01,  5.11it/s]
instructblip/pope/ricd/aokvqa/adversarial/seed1:  59%|█████▉    | 1766/3000 [05:10<03:53,  5.28it/s]
instructblip/pope/ricd/aokvqa/adversarial/seed1:  59%|█████▉    | 1767/3000 [05:10<03:45,  5.46it/s]
instructblip/pope/ricd/aokvqa/adversarial/seed1:  59%|█████▉    | 1768/3000 [05:11<03:39,  5.60it/s]
instructblip/pope/ricd/aokvqa/adversarial/seed1:  59%|█████▉    | 1769/3000 [05:11<03:40,  5.59it/s]
instructblip/pope/ricd/aokvqa/adversarial/seed1:  59%|█████▉    | 1770/3000 [05:11<03:41,  5.55it/s]
instructblip/pope/ricd/aokvqa/adversarial/seed1:  59%|█████▉    | 1771/3000 [05:11<03:40,  5.58it/s]
instructblip/pope/ricd/aokvqa/adversarial/seed1:  59%|█████▉    | 1772/3000 [05:11<03:40,  5.57it/s]
instructblip/pope/ricd/aokvqa/adversarial/seed1:  59%|█████▉    | 1773/3000 [05:11<03:37,  5.64it/s]
instructblip/pope/ricd/aokvqa/adversarial/seed1:  59%|█████▉    | 1774/3000 [05:12<03:33,  5.75it/s]
instructblip/pope/ricd/aokvqa/adversarial/seed1:  59%|█████▉    | 1775/3000 [05:12<03:30,  5.82it/s]
instructblip/pope/ricd/aokvqa/adversarial/seed1:  59%|█████▉    | 1776/3000 [05:12<03:27,  5.90it/s]
instructblip/pope/ricd/aokvqa/adversarial/seed1:  59%|█████▉    | 1777/3000 [05:12<03:28,  5.87it/s]
instructblip/pope/ricd/aokvqa/adversarial/seed1:  59%|█████▉    | 1778/3000 [05:12<03:28,  5.85it/s]
instructblip/pope/ricd/aokvqa/adversarial/seed1:  59%|█████▉    | 1779/3000 [05:12<03:27,  5.89it/s]
instructblip/pope/ricd/aokvqa/adversarial/seed1:  59%|█████▉    | 1780/3000 [05:13<03:27,  5.88it/s]
instructblip/pope/ricd/aokvqa/adversarial/seed1:  59%|█████▉    | 1781/3000 [05:13<03:28,  5.85it/s]
instructblip/pope/ricd/aokvqa/adversarial/seed1:  59%|█████▉    | 1782/3000 [05:13<03:34,  5.67it/s]
instructblip/pope/ricd/aokvqa/adversarial/seed1:  59%|█████▉    | 1783/3000 [05:13<03:33,  5.69it/s]
instructblip/pope/ricd/aokvqa/adversarial/seed1:  59%|█████▉    | 1784/3000 [05:13<03:33,  5.70it/s]
instructblip/pope/ricd/aokvqa/adversarial/seed1:  60%|█████▉    | 1785/3000 [05:14<03:30,  5.78it/s]
instructblip/pope/ricd/aokvqa/adversarial/seed1:  60%|█████▉    | 1786/3000 [05:14<03:30,  5.78it/s]
instructblip/pope/ricd/aokvqa/adversarial/seed1:  60%|█████▉    | 1787/3000 [05:14<03:28,  5.83it/s]
instructblip/pope/ricd/aokvqa/adversarial/seed1:  60%|█████▉    | 1788/3000 [05:14<03:26,  5.88it/s]
instructblip/pope/ricd/aokvqa/adversarial/seed1:  60%|█████▉    | 1789/3000 [05:14<03:27,  5.84it/s]
instructblip/pope/ricd/aokvqa/adversarial/seed1:  60%|█████▉    | 1790/3000 [05:14<03:29,  5.77it/s]
instructblip/pope/ricd/aokvqa/adversarial/seed1:  60%|█████▉    | 1791/3000 [05:15<03:32,  5.70it/s]
instructblip/pope/ricd/aokvqa/adversarial/seed1:  60%|█████▉    | 1792/3000 [05:15<03:46,  5.34it/s]
instructblip/pope/ricd/aokvqa/adversarial/seed1:  60%|█████▉    | 1793/3000 [05:15<03:47,  5.31it/s]
instructblip/pope/ricd/aokvqa/adversarial/seed1:  60%|█████▉    | 1794/3000 [05:15<03:41,  5.43it/s]
instructblip/pope/ricd/aokvqa/adversarial/seed1:  60%|█████▉    | 1795/3000 [05:15<03:39,  5.49it/s]
instructblip/pope/ricd/aokvqa/adversarial/seed1:  60%|█████▉    | 1796/3000 [05:15<03:34,  5.60it/s]
instructblip/pope/ricd/aokvqa/adversarial/seed1:  60%|█████▉    | 1797/3000 [05:16<03:34,  5.62it/s]
instructblip/pope/ricd/aokvqa/adversarial/seed1:  60%|█████▉    | 1798/3000 [05:16<03:35,  5.59it/s]
instructblip/pope/ricd/aokvqa/adversarial/seed1:  60%|█████▉    | 1799/3000 [05:16<03:36,  5.54it/s]
instructblip/pope/ricd/aokvqa/adversarial/seed1:  60%|██████    | 1800/3000 [05:16<03:34,  5.59it/s]
instructblip/pope/ricd/aokvqa/adversarial/seed1:  60%|██████    | 1801/3000 [05:16<03:32,  5.63it/s]
instructblip/pope/ricd/aokvqa/adversarial/seed1:  60%|██████    | 1802/3000 [05:17<03:31,  5.67it/s]
instructblip/pope/ricd/aokvqa/adversarial/seed1:  60%|██████    | 1803/3000 [05:17<03:34,  5.58it/s]
instructblip/pope/ricd/aokvqa/adversarial/seed1:  60%|██████    | 1804/3000 [05:17<03:31,  5.65it/s]
instructblip/pope/ricd/aokvqa/adversarial/seed1:  60%|██████    | 1805/3000 [05:17<03:32,  5.63it/s]
instructblip/pope/ricd/aokvqa/adversarial/seed1:  60%|██████    | 1806/3000 [05:17<03:28,  5.72it/s]
instructblip/pope/ricd/aokvqa/adversarial/seed1:  60%|██████    | 1807/3000 [05:17<03:27,  5.74it/s]
instructblip/pope/ricd/aokvqa/adversarial/seed1:  60%|██████    | 1808/3000 [05:18<03:29,  5.70it/s]
instructblip/pope/ricd/aokvqa/adversarial/seed1:  60%|██████    | 1809/3000 [05:18<03:28,  5.71it/s]
instructblip/pope/ricd/aokvqa/adversarial/seed1:  60%|██████    | 1810/3000 [05:18<03:26,  5.77it/s]
instructblip/pope/ricd/aokvqa/adversarial/seed1:  60%|██████    | 1811/3000 [05:18<03:25,  5.78it/s]
instructblip/pope/ricd/aokvqa/adversarial/seed1:  60%|██████    | 1812/3000 [05:18<03:26,  5.74it/s]
instructblip/pope/ricd/aokvqa/adversarial/seed1:  60%|██████    | 1813/3000 [05:18<03:25,  5.79it/s]
instructblip/pope/ricd/aokvqa/adversarial/seed1:  60%|██████    | 1814/3000 [05:19<03:26,  5.75it/s]
instructblip/pope/ricd/aokvqa/adversarial/seed1:  60%|██████    | 1815/3000 [05:19<03:24,  5.79it/s]
instructblip/pope/ricd/aokvqa/adversarial/seed1:  61%|██████    | 1816/3000 [05:19<03:29,  5.65it/s]
instructblip/pope/ricd/aokvqa/adversarial/seed1:  61%|██████    | 1817/3000 [05:19<03:25,  5.76it/s]
instructblip/pope/ricd/aokvqa/adversarial/seed1:  61%|██████    | 1818/3000 [05:19<03:28,  5.66it/s]
instructblip/pope/ricd/aokvqa/adversarial/seed1:  61%|██████    | 1819/3000 [05:20<03:26,  5.72it/s]
instructblip/pope/ricd/aokvqa/adversarial/seed1:  61%|██████    | 1820/3000 [05:20<03:25,  5.75it/s]
instructblip/pope/ricd/aokvqa/adversarial/seed1:  61%|██████    | 1821/3000 [05:20<03:28,  5.66it/s]
instructblip/pope/ricd/aokvqa/adversarial/seed1:  61%|██████    | 1822/3000 [05:20<03:29,  5.63it/s]
instructblip/pope/ricd/aokvqa/adversarial/seed1:  61%|██████    | 1823/3000 [05:20<03:29,  5.62it/s]
instructblip/pope/ricd/aokvqa/adversarial/seed1:  61%|██████    | 1824/3000 [05:20<03:27,  5.67it/s]
instructblip/pope/ricd/aokvqa/adversarial/seed1:  61%|██████    | 1825/3000 [05:21<03:28,  5.65it/s]
instructblip/pope/ricd/aokvqa/adversarial/seed1:  61%|██████    | 1826/3000 [05:21<03:24,  5.75it/s]
instructblip/pope/ricd/aokvqa/adversarial/seed1:  61%|██████    | 1827/3000 [05:21<03:20,  5.86it/s]
instructblip/pope/ricd/aokvqa/adversarial/seed1:  61%|██████    | 1828/3000 [05:21<03:21,  5.80it/s]
instructblip/pope/ricd/aokvqa/adversarial/seed1:  61%|██████    | 1829/3000 [05:21<03:22,  5.77it/s]
instructblip/pope/ricd/aokvqa/adversarial/seed1:  61%|██████    | 1830/3000 [05:21<03:25,  5.70it/s]
instructblip/pope/ricd/aokvqa/adversarial/seed1:  61%|██████    | 1831/3000 [05:22<03:22,  5.78it/s]
instructblip/pope/ricd/aokvqa/adversarial/seed1:  61%|██████    | 1832/3000 [05:22<03:24,  5.72it/s]
instructblip/pope/ricd/aokvqa/adversarial/seed1:  61%|██████    | 1833/3000 [05:22<03:21,  5.80it/s]
instructblip/pope/ricd/aokvqa/adversarial/seed1:  61%|██████    | 1834/3000 [05:22<03:22,  5.76it/s]
instructblip/pope/ricd/aokvqa/adversarial/seed1:  61%|██████    | 1835/3000 [05:22<03:22,  5.74it/s]
instructblip/pope/ricd/aokvqa/adversarial/seed1:  61%|██████    | 1836/3000 [05:22<03:22,  5.74it/s]
instructblip/pope/ricd/aokvqa/adversarial/seed1:  61%|██████    | 1837/3000 [05:23<03:20,  5.79it/s]
instructblip/pope/ricd/aokvqa/adversarial/seed1:  61%|██████▏   | 1838/3000 [05:23<03:20,  5.79it/s]
instructblip/pope/ricd/aokvqa/adversarial/seed1:  61%|██████▏   | 1839/3000 [05:23<03:20,  5.78it/s]
instructblip/pope/ricd/aokvqa/adversarial/seed1:  61%|██████▏   | 1840/3000 [05:23<03:18,  5.86it/s]
instructblip/pope/ricd/aokvqa/adversarial/seed1:  61%|██████▏   | 1841/3000 [05:23<03:16,  5.91it/s]
instructblip/pope/ricd/aokvqa/adversarial/seed1:  61%|██████▏   | 1842/3000 [05:23<03:18,  5.84it/s]
instructblip/pope/ricd/aokvqa/adversarial/seed1:  61%|██████▏   | 1843/3000 [05:24<03:16,  5.88it/s]
instructblip/pope/ricd/aokvqa/adversarial/seed1:  61%|██████▏   | 1844/3000 [05:24<03:21,  5.74it/s]
instructblip/pope/ricd/aokvqa/adversarial/seed1:  62%|██████▏   | 1845/3000 [05:24<03:20,  5.77it/s]
instructblip/pope/ricd/aokvqa/adversarial/seed1:  62%|██████▏   | 1846/3000 [05:24<03:21,  5.74it/s]
instructblip/pope/ricd/aokvqa/adversarial/seed1:  62%|██████▏   | 1847/3000 [05:24<03:17,  5.83it/s]
instructblip/pope/ricd/aokvqa/adversarial/seed1:  62%|██████▏   | 1848/3000 [05:25<03:15,  5.90it/s]
instructblip/pope/ricd/aokvqa/adversarial/seed1:  62%|██████▏   | 1849/3000 [05:25<03:13,  5.96it/s]
instructblip/pope/ricd/aokvqa/adversarial/seed1:  62%|██████▏   | 1850/3000 [05:25<03:17,  5.82it/s]
instructblip/pope/ricd/aokvqa/adversarial/seed1:  62%|██████▏   | 1851/3000 [05:25<03:18,  5.80it/s]
instructblip/pope/ricd/aokvqa/adversarial/seed1:  62%|██████▏   | 1852/3000 [05:25<03:16,  5.83it/s]
instructblip/pope/ricd/aokvqa/adversarial/seed1:  62%|██████▏   | 1853/3000 [05:25<03:16,  5.85it/s]
instructblip/pope/ricd/aokvqa/adversarial/seed1:  62%|██████▏   | 1854/3000 [05:26<03:15,  5.86it/s]
instructblip/pope/ricd/aokvqa/adversarial/seed1:  62%|██████▏   | 1855/3000 [05:26<03:13,  5.91it/s]
instructblip/pope/ricd/aokvqa/adversarial/seed1:  62%|██████▏   | 1856/3000 [05:26<03:16,  5.84it/s]
instructblip/pope/ricd/aokvqa/adversarial/seed1:  62%|██████▏   | 1857/3000 [05:26<03:16,  5.82it/s]
instructblip/pope/ricd/aokvqa/adversarial/seed1:  62%|██████▏   | 1858/3000 [05:26<03:15,  5.83it/s]
instructblip/pope/ricd/aokvqa/adversarial/seed1:  62%|██████▏   | 1859/3000 [05:26<03:18,  5.76it/s]
instructblip/pope/ricd/aokvqa/adversarial/seed1:  62%|██████▏   | 1860/3000 [05:27<03:16,  5.81it/s]
instructblip/pope/ricd/aokvqa/adversarial/seed1:  62%|██████▏   | 1861/3000 [05:27<03:14,  5.86it/s]
instructblip/pope/ricd/aokvqa/adversarial/seed1:  62%|██████▏   | 1862/3000 [05:27<03:16,  5.79it/s]
instructblip/pope/ricd/aokvqa/adversarial/seed1:  62%|██████▏   | 1863/3000 [05:27<03:13,  5.86it/s]
instructblip/pope/ricd/aokvqa/adversarial/seed1:  62%|██████▏   | 1864/3000 [05:27<03:16,  5.79it/s]
instructblip/pope/ricd/aokvqa/adversarial/seed1:  62%|██████▏   | 1865/3000 [05:27<03:17,  5.76it/s]
instructblip/pope/ricd/aokvqa/adversarial/seed1:  62%|██████▏   | 1866/3000 [05:28<03:14,  5.83it/s]
instructblip/pope/ricd/aokvqa/adversarial/seed1:  62%|██████▏   | 1867/3000 [05:28<03:16,  5.75it/s]
instructblip/pope/ricd/aokvqa/adversarial/seed1:  62%|██████▏   | 1868/3000 [05:28<03:19,  5.68it/s]
instructblip/pope/ricd/aokvqa/adversarial/seed1:  62%|██████▏   | 1869/3000 [05:28<03:18,  5.69it/s]
instructblip/pope/ricd/aokvqa/adversarial/seed1:  62%|██████▏   | 1870/3000 [05:28<03:19,  5.66it/s]
instructblip/pope/ricd/aokvqa/adversarial/seed1:  62%|██████▏   | 1871/3000 [05:29<03:20,  5.62it/s]
instructblip/pope/ricd/aokvqa/adversarial/seed1:  62%|██████▏   | 1872/3000 [05:29<03:19,  5.65it/s]
instructblip/pope/ricd/aokvqa/adversarial/seed1:  62%|██████▏   | 1873/3000 [05:29<03:17,  5.72it/s]
instructblip/pope/ricd/aokvqa/adversarial/seed1:  62%|██████▏   | 1874/3000 [05:29<03:18,  5.68it/s]
instructblip/pope/ricd/aokvqa/adversarial/seed1:  62%|██████▎   | 1875/3000 [05:29<03:20,  5.62it/s]
instructblip/pope/ricd/aokvqa/adversarial/seed1:  63%|██████▎   | 1876/3000 [05:29<03:19,  5.64it/s]
instructblip/pope/ricd/aokvqa/adversarial/seed1:  63%|██████▎   | 1877/3000 [05:30<03:15,  5.75it/s]
instructblip/pope/ricd/aokvqa/adversarial/seed1:  63%|██████▎   | 1878/3000 [05:30<03:14,  5.76it/s]
instructblip/pope/ricd/aokvqa/adversarial/seed1:  63%|██████▎   | 1879/3000 [05:30<03:16,  5.70it/s]
instructblip/pope/ricd/aokvqa/adversarial/seed1:  63%|██████▎   | 1880/3000 [05:30<03:17,  5.68it/s]
instructblip/pope/ricd/aokvqa/adversarial/seed1:  63%|██████▎   | 1881/3000 [05:30<03:15,  5.73it/s]
instructblip/pope/ricd/aokvqa/adversarial/seed1:  63%|██████▎   | 1882/3000 [05:30<03:16,  5.68it/s]
instructblip/pope/ricd/aokvqa/adversarial/seed1:  63%|██████▎   | 1883/3000 [05:31<03:16,  5.68it/s]
instructblip/pope/ricd/aokvqa/adversarial/seed1:  63%|██████▎   | 1884/3000 [05:31<03:15,  5.71it/s]
instructblip/pope/ricd/aokvqa/adversarial/seed1:  63%|██████▎   | 1885/3000 [05:31<03:11,  5.82it/s]
instructblip/pope/ricd/aokvqa/adversarial/seed1:  63%|██████▎   | 1886/3000 [05:31<03:08,  5.90it/s]
instructblip/pope/ricd/aokvqa/adversarial/seed1:  63%|██████▎   | 1887/3000 [05:31<03:06,  5.95it/s]
instructblip/pope/ricd/aokvqa/adversarial/seed1:  63%|██████▎   | 1888/3000 [05:31<03:06,  5.96it/s]
instructblip/pope/ricd/aokvqa/adversarial/seed1:  63%|██████▎   | 1889/3000 [05:32<03:07,  5.92it/s]
instructblip/pope/ricd/aokvqa/adversarial/seed1:  63%|██████▎   | 1890/3000 [05:32<03:07,  5.93it/s]
instructblip/pope/ricd/aokvqa/adversarial/seed1:  63%|██████▎   | 1891/3000 [05:32<03:06,  5.96it/s]
instructblip/pope/ricd/aokvqa/adversarial/seed1:  63%|██████▎   | 1892/3000 [05:32<03:05,  5.98it/s]
instructblip/pope/ricd/aokvqa/adversarial/seed1:  63%|██████▎   | 1893/3000 [05:32<03:04,  6.00it/s]
instructblip/pope/ricd/aokvqa/adversarial/seed1:  63%|██████▎   | 1894/3000 [05:32<03:06,  5.92it/s]
instructblip/pope/ricd/aokvqa/adversarial/seed1:  63%|██████▎   | 1895/3000 [05:33<03:06,  5.93it/s]
instructblip/pope/ricd/aokvqa/adversarial/seed1:  63%|██████▎   | 1896/3000 [05:33<03:10,  5.80it/s]
instructblip/pope/ricd/aokvqa/adversarial/seed1:  63%|██████▎   | 1897/3000 [05:33<03:11,  5.75it/s]
instructblip/pope/ricd/aokvqa/adversarial/seed1:  63%|██████▎   | 1898/3000 [05:33<03:09,  5.80it/s]
instructblip/pope/ricd/aokvqa/adversarial/seed1:  63%|██████▎   | 1899/3000 [05:33<03:10,  5.79it/s]
instructblip/pope/ricd/aokvqa/adversarial/seed1:  63%|██████▎   | 1900/3000 [05:33<03:08,  5.85it/s]
instructblip/pope/ricd/aokvqa/adversarial/seed1:  63%|██████▎   | 1901/3000 [05:34<03:09,  5.80it/s]
instructblip/pope/ricd/aokvqa/adversarial/seed1:  63%|██████▎   | 1902/3000 [05:34<03:08,  5.82it/s]
instructblip/pope/ricd/aokvqa/adversarial/seed1:  63%|██████▎   | 1903/3000 [05:34<03:08,  5.83it/s]
instructblip/pope/ricd/aokvqa/adversarial/seed1:  63%|██████▎   | 1904/3000 [05:34<03:09,  5.79it/s]
instructblip/pope/ricd/aokvqa/adversarial/seed1:  64%|██████▎   | 1905/3000 [05:34<03:07,  5.85it/s]
instructblip/pope/ricd/aokvqa/adversarial/seed1:  64%|██████▎   | 1906/3000 [05:35<03:10,  5.75it/s]
instructblip/pope/ricd/aokvqa/adversarial/seed1:  64%|██████▎   | 1907/3000 [05:35<03:09,  5.78it/s]
instructblip/pope/ricd/aokvqa/adversarial/seed1:  64%|██████▎   | 1908/3000 [05:35<03:10,  5.73it/s]
instructblip/pope/ricd/aokvqa/adversarial/seed1:  64%|██████▎   | 1909/3000 [05:35<03:07,  5.83it/s]
instructblip/pope/ricd/aokvqa/adversarial/seed1:  64%|██████▎   | 1910/3000 [05:35<03:05,  5.87it/s]
instructblip/pope/ricd/aokvqa/adversarial/seed1:  64%|██████▎   | 1911/3000 [05:35<03:06,  5.84it/s]
instructblip/pope/ricd/aokvqa/adversarial/seed1:  64%|██████▎   | 1912/3000 [05:36<03:04,  5.91it/s]
instructblip/pope/ricd/aokvqa/adversarial/seed1:  64%|██████▍   | 1913/3000 [05:36<03:02,  5.96it/s]
instructblip/pope/ricd/aokvqa/adversarial/seed1:  64%|██████▍   | 1914/3000 [05:36<03:02,  5.96it/s]
instructblip/pope/ricd/aokvqa/adversarial/seed1:  64%|██████▍   | 1915/3000 [05:36<03:02,  5.94it/s]
instructblip/pope/ricd/aokvqa/adversarial/seed1:  64%|██████▍   | 1916/3000 [05:36<03:06,  5.82it/s]
instructblip/pope/ricd/aokvqa/adversarial/seed1:  64%|██████▍   | 1917/3000 [05:36<03:05,  5.84it/s]
instructblip/pope/ricd/aokvqa/adversarial/seed1:  64%|██████▍   | 1918/3000 [05:37<03:08,  5.73it/s]
instructblip/pope/ricd/aokvqa/adversarial/seed1:  64%|██████▍   | 1919/3000 [05:37<03:11,  5.65it/s]
instructblip/pope/ricd/aokvqa/adversarial/seed1:  64%|██████▍   | 1920/3000 [05:37<03:09,  5.69it/s]
instructblip/pope/ricd/aokvqa/adversarial/seed1:  64%|██████▍   | 1921/3000 [05:37<03:07,  5.76it/s]
instructblip/pope/ricd/aokvqa/adversarial/seed1:  64%|██████▍   | 1922/3000 [05:37<03:05,  5.81it/s]
instructblip/pope/ricd/aokvqa/adversarial/seed1:  64%|██████▍   | 1923/3000 [05:37<03:03,  5.86it/s]
instructblip/pope/ricd/aokvqa/adversarial/seed1:  64%|██████▍   | 1924/3000 [05:38<03:23,  5.30it/s]
instructblip/pope/ricd/aokvqa/adversarial/seed1:  64%|██████▍   | 1925/3000 [05:38<03:17,  5.45it/s]
instructblip/pope/ricd/aokvqa/adversarial/seed1:  64%|██████▍   | 1926/3000 [05:38<03:15,  5.50it/s]
instructblip/pope/ricd/aokvqa/adversarial/seed1:  64%|██████▍   | 1927/3000 [05:38<03:11,  5.60it/s]
instructblip/pope/ricd/aokvqa/adversarial/seed1:  64%|██████▍   | 1928/3000 [05:38<03:08,  5.67it/s]
instructblip/pope/ricd/aokvqa/adversarial/seed1:  64%|██████▍   | 1929/3000 [05:39<03:05,  5.76it/s]
instructblip/pope/ricd/aokvqa/adversarial/seed1:  64%|██████▍   | 1930/3000 [05:39<03:05,  5.76it/s]
instructblip/pope/ricd/aokvqa/adversarial/seed1:  64%|██████▍   | 1931/3000 [05:39<03:06,  5.75it/s]
instructblip/pope/ricd/aokvqa/adversarial/seed1:  64%|██████▍   | 1932/3000 [05:39<03:07,  5.69it/s]
instructblip/pope/ricd/aokvqa/adversarial/seed1:  64%|██████▍   | 1933/3000 [05:39<03:09,  5.64it/s]
instructblip/pope/ricd/aokvqa/adversarial/seed1:  64%|██████▍   | 1934/3000 [05:39<03:04,  5.79it/s]
instructblip/pope/ricd/aokvqa/adversarial/seed1:  64%|██████▍   | 1935/3000 [05:40<03:05,  5.73it/s]
instructblip/pope/ricd/aokvqa/adversarial/seed1:  65%|██████▍   | 1936/3000 [05:40<03:02,  5.83it/s]
instructblip/pope/ricd/aokvqa/adversarial/seed1:  65%|██████▍   | 1937/3000 [05:40<03:00,  5.89it/s]
instructblip/pope/ricd/aokvqa/adversarial/seed1:  65%|██████▍   | 1938/3000 [05:40<03:00,  5.90it/s]
instructblip/pope/ricd/aokvqa/adversarial/seed1:  65%|██████▍   | 1939/3000 [05:40<03:00,  5.89it/s]
instructblip/pope/ricd/aokvqa/adversarial/seed1:  65%|██████▍   | 1940/3000 [05:40<03:01,  5.84it/s]
instructblip/pope/ricd/aokvqa/adversarial/seed1:  65%|██████▍   | 1941/3000 [05:41<03:00,  5.88it/s]
instructblip/pope/ricd/aokvqa/adversarial/seed1:  65%|██████▍   | 1942/3000 [05:41<03:02,  5.81it/s]
instructblip/pope/ricd/aokvqa/adversarial/seed1:  65%|██████▍   | 1943/3000 [05:41<03:03,  5.77it/s]
instructblip/pope/ricd/aokvqa/adversarial/seed1:  65%|██████▍   | 1944/3000 [05:41<03:04,  5.74it/s]
instructblip/pope/ricd/aokvqa/adversarial/seed1:  65%|██████▍   | 1945/3000 [05:41<03:01,  5.81it/s]
instructblip/pope/ricd/aokvqa/adversarial/seed1:  65%|██████▍   | 1946/3000 [05:41<03:02,  5.78it/s]
instructblip/pope/ricd/aokvqa/adversarial/seed1:  65%|██████▍   | 1947/3000 [05:42<03:02,  5.76it/s]
instructblip/pope/ricd/aokvqa/adversarial/seed1:  65%|██████▍   | 1948/3000 [05:42<03:00,  5.84it/s]
instructblip/pope/ricd/aokvqa/adversarial/seed1:  65%|██████▍   | 1949/3000 [05:42<02:59,  5.84it/s]
instructblip/pope/ricd/aokvqa/adversarial/seed1:  65%|██████▌   | 1950/3000 [05:42<02:59,  5.86it/s]
instructblip/pope/ricd/aokvqa/adversarial/seed1:  65%|██████▌   | 1951/3000 [05:42<02:59,  5.85it/s]
instructblip/pope/ricd/aokvqa/adversarial/seed1:  65%|██████▌   | 1952/3000 [05:43<03:02,  5.75it/s]
instructblip/pope/ricd/aokvqa/adversarial/seed1:  65%|██████▌   | 1953/3000 [05:43<03:00,  5.80it/s]
instructblip/pope/ricd/aokvqa/adversarial/seed1:  65%|██████▌   | 1954/3000 [05:43<02:58,  5.87it/s]
instructblip/pope/ricd/aokvqa/adversarial/seed1:  65%|██████▌   | 1955/3000 [05:43<02:56,  5.93it/s]
instructblip/pope/ricd/aokvqa/adversarial/seed1:  65%|██████▌   | 1956/3000 [05:43<02:56,  5.90it/s]
instructblip/pope/ricd/aokvqa/adversarial/seed1:  65%|██████▌   | 1957/3000 [05:43<02:58,  5.85it/s]
instructblip/pope/ricd/aokvqa/adversarial/seed1:  65%|██████▌   | 1958/3000 [05:44<02:56,  5.90it/s]
instructblip/pope/ricd/aokvqa/adversarial/seed1:  65%|██████▌   | 1959/3000 [05:44<02:55,  5.94it/s]
instructblip/pope/ricd/aokvqa/adversarial/seed1:  65%|██████▌   | 1960/3000 [05:44<02:54,  5.97it/s]
instructblip/pope/ricd/aokvqa/adversarial/seed1:  65%|██████▌   | 1961/3000 [05:44<02:55,  5.91it/s]
instructblip/pope/ricd/aokvqa/adversarial/seed1:  65%|██████▌   | 1962/3000 [05:44<02:55,  5.93it/s]
instructblip/pope/ricd/aokvqa/adversarial/seed1:  65%|██████▌   | 1963/3000 [05:44<02:53,  5.98it/s]
instructblip/pope/ricd/aokvqa/adversarial/seed1:  65%|██████▌   | 1964/3000 [05:45<02:52,  6.00it/s]
instructblip/pope/ricd/aokvqa/adversarial/seed1:  66%|██████▌   | 1965/3000 [05:45<02:52,  6.00it/s]
instructblip/pope/ricd/aokvqa/adversarial/seed1:  66%|██████▌   | 1966/3000 [05:45<02:51,  6.02it/s]
instructblip/pope/ricd/aokvqa/adversarial/seed1:  66%|██████▌   | 1967/3000 [05:45<02:51,  6.02it/s]
instructblip/pope/ricd/aokvqa/adversarial/seed1:  66%|██████▌   | 1968/3000 [05:45<02:53,  5.94it/s]
instructblip/pope/ricd/aokvqa/adversarial/seed1:  66%|██████▌   | 1969/3000 [05:45<02:52,  5.96it/s]
instructblip/pope/ricd/aokvqa/adversarial/seed1:  66%|██████▌   | 1970/3000 [05:46<02:54,  5.89it/s]
instructblip/pope/ricd/aokvqa/adversarial/seed1:  66%|██████▌   | 1971/3000 [05:46<02:54,  5.90it/s]
instructblip/pope/ricd/aokvqa/adversarial/seed1:  66%|██████▌   | 1972/3000 [05:46<02:55,  5.84it/s]
instructblip/pope/ricd/aokvqa/adversarial/seed1:  66%|██████▌   | 1973/3000 [05:46<02:57,  5.78it/s]
instructblip/pope/ricd/aokvqa/adversarial/seed1:  66%|██████▌   | 1974/3000 [05:46<02:57,  5.77it/s]
instructblip/pope/ricd/aokvqa/adversarial/seed1:  66%|██████▌   | 1975/3000 [05:46<02:56,  5.81it/s]
instructblip/pope/ricd/aokvqa/adversarial/seed1:  66%|██████▌   | 1976/3000 [05:47<03:16,  5.20it/s]
instructblip/pope/ricd/aokvqa/adversarial/seed1:  66%|██████▌   | 1977/3000 [05:47<03:08,  5.42it/s]
instructblip/pope/ricd/aokvqa/adversarial/seed1:  66%|██████▌   | 1978/3000 [05:47<03:05,  5.50it/s]
instructblip/pope/ricd/aokvqa/adversarial/seed1:  66%|██████▌   | 1979/3000 [05:47<03:02,  5.60it/s]
instructblip/pope/ricd/aokvqa/adversarial/seed1:  66%|██████▌   | 1980/3000 [05:47<03:00,  5.65it/s]
instructblip/pope/ricd/aokvqa/adversarial/seed1:  66%|██████▌   | 1981/3000 [05:48<03:03,  5.56it/s]
instructblip/pope/ricd/aokvqa/adversarial/seed1:  66%|██████▌   | 1982/3000 [05:48<03:06,  5.45it/s]
instructblip/pope/ricd/aokvqa/adversarial/seed1:  66%|██████▌   | 1983/3000 [05:48<03:09,  5.37it/s]
instructblip/pope/ricd/aokvqa/adversarial/seed1:  66%|██████▌   | 1984/3000 [05:48<03:10,  5.33it/s]
instructblip/pope/ricd/aokvqa/adversarial/seed1:  66%|██████▌   | 1985/3000 [05:48<03:07,  5.41it/s]
instructblip/pope/ricd/aokvqa/adversarial/seed1:  66%|██████▌   | 1986/3000 [05:48<03:04,  5.51it/s]
instructblip/pope/ricd/aokvqa/adversarial/seed1:  66%|██████▌   | 1987/3000 [05:49<03:03,  5.53it/s]
instructblip/pope/ricd/aokvqa/adversarial/seed1:  66%|██████▋   | 1988/3000 [05:49<03:01,  5.58it/s]
instructblip/pope/ricd/aokvqa/adversarial/seed1:  66%|██████▋   | 1989/3000 [05:49<02:59,  5.62it/s]
instructblip/pope/ricd/aokvqa/adversarial/seed1:  66%|██████▋   | 1990/3000 [05:49<02:58,  5.65it/s]
instructblip/pope/ricd/aokvqa/adversarial/seed1:  66%|██████▋   | 1991/3000 [05:49<02:53,  5.81it/s]
instructblip/pope/ricd/aokvqa/adversarial/seed1:  66%|██████▋   | 1992/3000 [05:49<02:53,  5.81it/s]
instructblip/pope/ricd/aokvqa/adversarial/seed1:  66%|██████▋   | 1993/3000 [05:50<02:52,  5.83it/s]
instructblip/pope/ricd/aokvqa/adversarial/seed1:  66%|██████▋   | 1994/3000 [05:50<02:51,  5.87it/s]
instructblip/pope/ricd/aokvqa/adversarial/seed1:  66%|██████▋   | 1995/3000 [05:50<02:53,  5.79it/s]
instructblip/pope/ricd/aokvqa/adversarial/seed1:  67%|██████▋   | 1996/3000 [05:50<02:50,  5.88it/s]
instructblip/pope/ricd/aokvqa/adversarial/seed1:  67%|██████▋   | 1997/3000 [05:50<02:51,  5.84it/s]
instructblip/pope/ricd/aokvqa/adversarial/seed1:  67%|██████▋   | 1998/3000 [05:51<02:52,  5.81it/s]
instructblip/pope/ricd/aokvqa/adversarial/seed1:  67%|██████▋   | 1999/3000 [05:51<02:53,  5.76it/s]
instructblip/pope/ricd/aokvqa/adversarial/seed1:  67%|██████▋   | 2000/3000 [05:51<02:57,  5.62it/s]
instructblip/pope/ricd/aokvqa/adversarial/seed1:  67%|██████▋   | 2001/3000 [05:51<02:59,  5.55it/s]
instructblip/pope/ricd/aokvqa/adversarial/seed1:  67%|██████▋   | 2002/3000 [05:51<02:54,  5.71it/s]
instructblip/pope/ricd/aokvqa/adversarial/seed1:  67%|██████▋   | 2003/3000 [05:51<02:54,  5.70it/s]
instructblip/pope/ricd/aokvqa/adversarial/seed1:  67%|██████▋   | 2004/3000 [05:52<02:51,  5.80it/s]
instructblip/pope/ricd/aokvqa/adversarial/seed1:  67%|██████▋   | 2005/3000 [05:52<02:50,  5.83it/s]
instructblip/pope/ricd/aokvqa/adversarial/seed1:  67%|██████▋   | 2006/3000 [05:52<02:51,  5.80it/s]
instructblip/pope/ricd/aokvqa/adversarial/seed1:  67%|██████▋   | 2007/3000 [05:52<02:49,  5.84it/s]
instructblip/pope/ricd/aokvqa/adversarial/seed1:  67%|██████▋   | 2008/3000 [05:52<02:53,  5.73it/s]
instructblip/pope/ricd/aokvqa/adversarial/seed1:  67%|██████▋   | 2009/3000 [05:52<02:52,  5.73it/s]
instructblip/pope/ricd/aokvqa/adversarial/seed1:  67%|██████▋   | 2010/3000 [05:53<02:52,  5.75it/s]
instructblip/pope/ricd/aokvqa/adversarial/seed1:  67%|██████▋   | 2011/3000 [05:53<02:53,  5.71it/s]
instructblip/pope/ricd/aokvqa/adversarial/seed1:  67%|██████▋   | 2012/3000 [05:53<03:00,  5.48it/s]
instructblip/pope/ricd/aokvqa/adversarial/seed1:  67%|██████▋   | 2013/3000 [05:53<02:55,  5.61it/s]
instructblip/pope/ricd/aokvqa/adversarial/seed1:  67%|██████▋   | 2014/3000 [05:53<02:52,  5.71it/s]
instructblip/pope/ricd/aokvqa/adversarial/seed1:  67%|██████▋   | 2015/3000 [05:53<02:52,  5.71it/s]
instructblip/pope/ricd/aokvqa/adversarial/seed1:  67%|██████▋   | 2016/3000 [05:54<02:50,  5.75it/s]
instructblip/pope/ricd/aokvqa/adversarial/seed1:  67%|██████▋   | 2017/3000 [05:54<02:52,  5.71it/s]
instructblip/pope/ricd/aokvqa/adversarial/seed1:  67%|██████▋   | 2018/3000 [05:54<02:51,  5.71it/s]
instructblip/pope/ricd/aokvqa/adversarial/seed1:  67%|██████▋   | 2019/3000 [05:54<02:50,  5.76it/s]
instructblip/pope/ricd/aokvqa/adversarial/seed1:  67%|██████▋   | 2020/3000 [05:54<02:49,  5.78it/s]
instructblip/pope/ricd/aokvqa/adversarial/seed1:  67%|██████▋   | 2021/3000 [05:55<02:49,  5.77it/s]
instructblip/pope/ricd/aokvqa/adversarial/seed1:  67%|██████▋   | 2022/3000 [05:55<02:50,  5.74it/s]
instructblip/pope/ricd/aokvqa/adversarial/seed1:  67%|██████▋   | 2023/3000 [05:55<02:53,  5.63it/s]
instructblip/pope/ricd/aokvqa/adversarial/seed1:  67%|██████▋   | 2024/3000 [05:55<02:51,  5.70it/s]
instructblip/pope/ricd/aokvqa/adversarial/seed1:  68%|██████▊   | 2025/3000 [05:55<02:52,  5.65it/s]
instructblip/pope/ricd/aokvqa/adversarial/seed1:  68%|██████▊   | 2026/3000 [05:55<02:53,  5.61it/s]
instructblip/pope/ricd/aokvqa/adversarial/seed1:  68%|██████▊   | 2027/3000 [05:56<02:55,  5.55it/s]
instructblip/pope/ricd/aokvqa/adversarial/seed1:  68%|██████▊   | 2028/3000 [05:56<02:54,  5.56it/s]
instructblip/pope/ricd/aokvqa/adversarial/seed1:  68%|██████▊   | 2029/3000 [05:56<02:51,  5.66it/s]
instructblip/pope/ricd/aokvqa/adversarial/seed1:  68%|██████▊   | 2030/3000 [05:56<02:49,  5.72it/s]
instructblip/pope/ricd/aokvqa/adversarial/seed1:  68%|██████▊   | 2031/3000 [05:56<02:48,  5.75it/s]
instructblip/pope/ricd/aokvqa/adversarial/seed1:  68%|██████▊   | 2032/3000 [05:56<02:50,  5.67it/s]
instructblip/pope/ricd/aokvqa/adversarial/seed1:  68%|██████▊   | 2033/3000 [05:57<02:49,  5.70it/s]
instructblip/pope/ricd/aokvqa/adversarial/seed1:  68%|██████▊   | 2034/3000 [05:57<02:47,  5.75it/s]
instructblip/pope/ricd/aokvqa/adversarial/seed1:  68%|██████▊   | 2035/3000 [05:57<02:48,  5.73it/s]
instructblip/pope/ricd/aokvqa/adversarial/seed1:  68%|██████▊   | 2036/3000 [05:57<02:48,  5.72it/s]
instructblip/pope/ricd/aokvqa/adversarial/seed1:  68%|██████▊   | 2037/3000 [05:57<02:46,  5.80it/s]
instructblip/pope/ricd/aokvqa/adversarial/seed1:  68%|██████▊   | 2038/3000 [05:58<02:43,  5.89it/s]
instructblip/pope/ricd/aokvqa/adversarial/seed1:  68%|██████▊   | 2039/3000 [05:58<02:41,  5.95it/s]
instructblip/pope/ricd/aokvqa/adversarial/seed1:  68%|██████▊   | 2040/3000 [05:58<02:40,  5.97it/s]
instructblip/pope/ricd/aokvqa/adversarial/seed1:  68%|██████▊   | 2041/3000 [05:58<02:39,  6.02it/s]
instructblip/pope/ricd/aokvqa/adversarial/seed1:  68%|██████▊   | 2042/3000 [05:58<02:38,  6.04it/s]
instructblip/pope/ricd/aokvqa/adversarial/seed1:  68%|██████▊   | 2043/3000 [05:58<02:38,  6.05it/s]
instructblip/pope/ricd/aokvqa/adversarial/seed1:  68%|██████▊   | 2044/3000 [05:58<02:38,  6.02it/s]
instructblip/pope/ricd/aokvqa/adversarial/seed1:  68%|██████▊   | 2045/3000 [05:59<02:38,  6.01it/s]
instructblip/pope/ricd/aokvqa/adversarial/seed1:  68%|██████▊   | 2046/3000 [05:59<02:39,  5.99it/s]
instructblip/pope/ricd/aokvqa/adversarial/seed1:  68%|██████▊   | 2047/3000 [05:59<02:40,  5.93it/s]
instructblip/pope/ricd/aokvqa/adversarial/seed1:  68%|██████▊   | 2048/3000 [05:59<02:42,  5.87it/s]
instructblip/pope/ricd/aokvqa/adversarial/seed1:  68%|██████▊   | 2049/3000 [05:59<02:47,  5.68it/s]
instructblip/pope/ricd/aokvqa/adversarial/seed1:  68%|██████▊   | 2050/3000 [06:00<02:49,  5.62it/s]
instructblip/pope/ricd/aokvqa/adversarial/seed1:  68%|██████▊   | 2051/3000 [06:00<02:45,  5.75it/s]
instructblip/pope/ricd/aokvqa/adversarial/seed1:  68%|██████▊   | 2052/3000 [06:00<02:42,  5.83it/s]
instructblip/pope/ricd/aokvqa/adversarial/seed1:  68%|██████▊   | 2053/3000 [06:00<02:41,  5.87it/s]
instructblip/pope/ricd/aokvqa/adversarial/seed1:  68%|██████▊   | 2054/3000 [06:00<02:43,  5.80it/s]
instructblip/pope/ricd/aokvqa/adversarial/seed1:  68%|██████▊   | 2055/3000 [06:00<02:40,  5.89it/s]
instructblip/pope/ricd/aokvqa/adversarial/seed1:  69%|██████▊   | 2056/3000 [06:01<02:40,  5.87it/s]
instructblip/pope/ricd/aokvqa/adversarial/seed1:  69%|██████▊   | 2057/3000 [06:01<02:39,  5.91it/s]
instructblip/pope/ricd/aokvqa/adversarial/seed1:  69%|██████▊   | 2058/3000 [06:01<02:38,  5.93it/s]
instructblip/pope/ricd/aokvqa/adversarial/seed1:  69%|██████▊   | 2059/3000 [06:01<02:44,  5.72it/s]
instructblip/pope/ricd/aokvqa/adversarial/seed1:  69%|██████▊   | 2060/3000 [06:01<02:47,  5.60it/s]
instructblip/pope/ricd/aokvqa/adversarial/seed1:  69%|██████▊   | 2061/3000 [06:01<02:45,  5.66it/s]
instructblip/pope/ricd/aokvqa/adversarial/seed1:  69%|██████▊   | 2062/3000 [06:02<02:45,  5.66it/s]
instructblip/pope/ricd/aokvqa/adversarial/seed1:  69%|██████▉   | 2063/3000 [06:02<02:42,  5.77it/s]
instructblip/pope/ricd/aokvqa/adversarial/seed1:  69%|██████▉   | 2064/3000 [06:02<02:43,  5.72it/s]
instructblip/pope/ricd/aokvqa/adversarial/seed1:  69%|██████▉   | 2065/3000 [06:02<02:44,  5.68it/s]
instructblip/pope/ricd/aokvqa/adversarial/seed1:  69%|██████▉   | 2066/3000 [06:02<02:42,  5.74it/s]
instructblip/pope/ricd/aokvqa/adversarial/seed1:  69%|██████▉   | 2067/3000 [06:02<02:45,  5.65it/s]
instructblip/pope/ricd/aokvqa/adversarial/seed1:  69%|██████▉   | 2068/3000 [06:03<02:47,  5.55it/s]
instructblip/pope/ricd/aokvqa/adversarial/seed1:  69%|██████▉   | 2069/3000 [06:03<02:48,  5.52it/s]
instructblip/pope/ricd/aokvqa/adversarial/seed1:  69%|██████▉   | 2070/3000 [06:03<02:47,  5.54it/s]
instructblip/pope/ricd/aokvqa/adversarial/seed1:  69%|██████▉   | 2071/3000 [06:03<02:44,  5.63it/s]
instructblip/pope/ricd/aokvqa/adversarial/seed1:  69%|██████▉   | 2072/3000 [06:03<02:44,  5.65it/s]
instructblip/pope/ricd/aokvqa/adversarial/seed1:  69%|██████▉   | 2073/3000 [06:04<02:44,  5.64it/s]
instructblip/pope/ricd/aokvqa/adversarial/seed1:  69%|██████▉   | 2074/3000 [06:04<02:43,  5.65it/s]
instructblip/pope/ricd/aokvqa/adversarial/seed1:  69%|██████▉   | 2075/3000 [06:04<02:40,  5.75it/s]
instructblip/pope/ricd/aokvqa/adversarial/seed1:  69%|██████▉   | 2076/3000 [06:04<02:37,  5.87it/s]
instructblip/pope/ricd/aokvqa/adversarial/seed1:  69%|██████▉   | 2077/3000 [06:04<02:37,  5.85it/s]
instructblip/pope/ricd/aokvqa/adversarial/seed1:  69%|██████▉   | 2078/3000 [06:04<02:37,  5.86it/s]
instructblip/pope/ricd/aokvqa/adversarial/seed1:  69%|██████▉   | 2079/3000 [06:05<02:40,  5.73it/s]
instructblip/pope/ricd/aokvqa/adversarial/seed1:  69%|██████▉   | 2080/3000 [06:05<02:40,  5.75it/s]
instructblip/pope/ricd/aokvqa/adversarial/seed1:  69%|██████▉   | 2081/3000 [06:05<02:41,  5.70it/s]
instructblip/pope/ricd/aokvqa/adversarial/seed1:  69%|██████▉   | 2082/3000 [06:05<02:39,  5.75it/s]
instructblip/pope/ricd/aokvqa/adversarial/seed1:  69%|██████▉   | 2083/3000 [06:05<02:37,  5.82it/s]
instructblip/pope/ricd/aokvqa/adversarial/seed1:  69%|██████▉   | 2084/3000 [06:05<02:37,  5.82it/s]
instructblip/pope/ricd/aokvqa/adversarial/seed1:  70%|██████▉   | 2085/3000 [06:06<02:35,  5.87it/s]
instructblip/pope/ricd/aokvqa/adversarial/seed1:  70%|██████▉   | 2086/3000 [06:06<02:37,  5.81it/s]
instructblip/pope/ricd/aokvqa/adversarial/seed1:  70%|██████▉   | 2087/3000 [06:06<02:36,  5.83it/s]
instructblip/pope/ricd/aokvqa/adversarial/seed1:  70%|██████▉   | 2088/3000 [06:06<02:35,  5.85it/s]
instructblip/pope/ricd/aokvqa/adversarial/seed1:  70%|██████▉   | 2089/3000 [06:06<02:34,  5.89it/s]
instructblip/pope/ricd/aokvqa/adversarial/seed1:  70%|██████▉   | 2090/3000 [06:06<02:34,  5.90it/s]
instructblip/pope/ricd/aokvqa/adversarial/seed1:  70%|██████▉   | 2091/3000 [06:07<02:34,  5.88it/s]
instructblip/pope/ricd/aokvqa/adversarial/seed1:  70%|██████▉   | 2092/3000 [06:07<02:33,  5.93it/s]
instructblip/pope/ricd/aokvqa/adversarial/seed1:  70%|██████▉   | 2093/3000 [06:07<02:33,  5.91it/s]
instructblip/pope/ricd/aokvqa/adversarial/seed1:  70%|██████▉   | 2094/3000 [06:07<02:33,  5.90it/s]
instructblip/pope/ricd/aokvqa/adversarial/seed1:  70%|██████▉   | 2095/3000 [06:07<02:32,  5.93it/s]
instructblip/pope/ricd/aokvqa/adversarial/seed1:  70%|██████▉   | 2096/3000 [06:08<02:35,  5.82it/s]
instructblip/pope/ricd/aokvqa/adversarial/seed1:  70%|██████▉   | 2097/3000 [06:08<02:35,  5.83it/s]
instructblip/pope/ricd/aokvqa/adversarial/seed1:  70%|██████▉   | 2098/3000 [06:08<02:34,  5.85it/s]
instructblip/pope/ricd/aokvqa/adversarial/seed1:  70%|██████▉   | 2099/3000 [06:08<02:34,  5.84it/s]
instructblip/pope/ricd/aokvqa/adversarial/seed1:  70%|███████   | 2100/3000 [06:08<02:35,  5.80it/s]
instructblip/pope/ricd/aokvqa/adversarial/seed1:  70%|███████   | 2101/3000 [06:08<02:39,  5.65it/s]
instructblip/pope/ricd/aokvqa/adversarial/seed1:  70%|███████   | 2102/3000 [06:09<02:41,  5.56it/s]
instructblip/pope/ricd/aokvqa/adversarial/seed1:  70%|███████   | 2103/3000 [06:09<02:40,  5.59it/s]
instructblip/pope/ricd/aokvqa/adversarial/seed1:  70%|███████   | 2104/3000 [06:09<02:41,  5.55it/s]
instructblip/pope/ricd/aokvqa/adversarial/seed1:  70%|███████   | 2105/3000 [06:09<02:41,  5.53it/s]
instructblip/pope/ricd/aokvqa/adversarial/seed1:  70%|███████   | 2106/3000 [06:09<02:40,  5.55it/s]
instructblip/pope/ricd/aokvqa/adversarial/seed1:  70%|███████   | 2107/3000 [06:09<02:38,  5.64it/s]
instructblip/pope/ricd/aokvqa/adversarial/seed1:  70%|███████   | 2108/3000 [06:10<02:36,  5.69it/s]
instructblip/pope/ricd/aokvqa/adversarial/seed1:  70%|███████   | 2109/3000 [06:10<02:34,  5.76it/s]
instructblip/pope/ricd/aokvqa/adversarial/seed1:  70%|███████   | 2110/3000 [06:10<02:34,  5.77it/s]
instructblip/pope/ricd/aokvqa/adversarial/seed1:  70%|███████   | 2111/3000 [06:10<02:33,  5.80it/s]
instructblip/pope/ricd/aokvqa/adversarial/seed1:  70%|███████   | 2112/3000 [06:10<02:31,  5.87it/s]
instructblip/pope/ricd/aokvqa/adversarial/seed1:  70%|███████   | 2113/3000 [06:10<02:35,  5.70it/s]
instructblip/pope/ricd/aokvqa/adversarial/seed1:  70%|███████   | 2114/3000 [06:11<02:43,  5.41it/s]
instructblip/pope/ricd/aokvqa/adversarial/seed1:  70%|███████   | 2115/3000 [06:11<02:45,  5.34it/s]
instructblip/pope/ricd/aokvqa/adversarial/seed1:  71%|███████   | 2116/3000 [06:11<02:43,  5.42it/s]
instructblip/pope/ricd/aokvqa/adversarial/seed1:  71%|███████   | 2117/3000 [06:11<03:02,  4.84it/s]
instructblip/pope/ricd/aokvqa/adversarial/seed1:  71%|███████   | 2118/3000 [06:11<02:52,  5.11it/s]
instructblip/pope/ricd/aokvqa/adversarial/seed1:  71%|███████   | 2119/3000 [06:12<02:49,  5.20it/s]
instructblip/pope/ricd/aokvqa/adversarial/seed1:  71%|███████   | 2120/3000 [06:12<02:47,  5.25it/s]
instructblip/pope/ricd/aokvqa/adversarial/seed1:  71%|███████   | 2121/3000 [06:12<02:42,  5.41it/s]
instructblip/pope/ricd/aokvqa/adversarial/seed1:  71%|███████   | 2122/3000 [06:12<02:41,  5.44it/s]
instructblip/pope/ricd/aokvqa/adversarial/seed1:  71%|███████   | 2123/3000 [06:12<02:40,  5.46it/s]
instructblip/pope/ricd/aokvqa/adversarial/seed1:  71%|███████   | 2124/3000 [06:13<02:35,  5.63it/s]
instructblip/pope/ricd/aokvqa/adversarial/seed1:  71%|███████   | 2125/3000 [06:13<02:35,  5.62it/s]
instructblip/pope/ricd/aokvqa/adversarial/seed1:  71%|███████   | 2126/3000 [06:13<02:32,  5.73it/s]
instructblip/pope/ricd/aokvqa/adversarial/seed1:  71%|███████   | 2127/3000 [06:13<02:33,  5.67it/s]
instructblip/pope/ricd/aokvqa/adversarial/seed1:  71%|███████   | 2128/3000 [06:13<02:34,  5.66it/s]
instructblip/pope/ricd/aokvqa/adversarial/seed1:  71%|███████   | 2129/3000 [06:13<02:32,  5.71it/s]
instructblip/pope/ricd/aokvqa/adversarial/seed1:  71%|███████   | 2130/3000 [06:14<02:32,  5.70it/s]
instructblip/pope/ricd/aokvqa/adversarial/seed1:  71%|███████   | 2131/3000 [06:14<02:34,  5.61it/s]
instructblip/pope/ricd/aokvqa/adversarial/seed1:  71%|███████   | 2132/3000 [06:14<02:36,  5.54it/s]
instructblip/pope/ricd/aokvqa/adversarial/seed1:  71%|███████   | 2133/3000 [06:14<02:45,  5.24it/s]
instructblip/pope/ricd/aokvqa/adversarial/seed1:  71%|███████   | 2134/3000 [06:14<02:55,  4.94it/s]
instructblip/pope/ricd/aokvqa/adversarial/seed1:  71%|███████   | 2135/3000 [06:15<02:47,  5.18it/s]
instructblip/pope/ricd/aokvqa/adversarial/seed1:  71%|███████   | 2136/3000 [06:15<02:42,  5.33it/s]
instructblip/pope/ricd/aokvqa/adversarial/seed1:  71%|███████   | 2137/3000 [06:15<02:39,  5.42it/s]
instructblip/pope/ricd/aokvqa/adversarial/seed1:  71%|███████▏  | 2138/3000 [06:15<02:39,  5.41it/s]
instructblip/pope/ricd/aokvqa/adversarial/seed1:  71%|███████▏  | 2139/3000 [06:15<02:38,  5.42it/s]
instructblip/pope/ricd/aokvqa/adversarial/seed1:  71%|███████▏  | 2140/3000 [06:15<02:34,  5.56it/s]
instructblip/pope/ricd/aokvqa/adversarial/seed1:  71%|███████▏  | 2141/3000 [06:16<02:34,  5.55it/s]
instructblip/pope/ricd/aokvqa/adversarial/seed1:  71%|███████▏  | 2142/3000 [06:16<02:34,  5.56it/s]
instructblip/pope/ricd/aokvqa/adversarial/seed1:  71%|███████▏  | 2143/3000 [06:16<02:37,  5.43it/s]
instructblip/pope/ricd/aokvqa/adversarial/seed1:  71%|███████▏  | 2144/3000 [06:16<02:41,  5.29it/s]
instructblip/pope/ricd/aokvqa/adversarial/seed1:  72%|███████▏  | 2145/3000 [06:16<02:37,  5.43it/s]
instructblip/pope/ricd/aokvqa/adversarial/seed1:  72%|███████▏  | 2146/3000 [06:17<02:46,  5.13it/s]
instructblip/pope/ricd/aokvqa/adversarial/seed1:  72%|███████▏  | 2147/3000 [06:17<02:42,  5.25it/s]
instructblip/pope/ricd/aokvqa/adversarial/seed1:  72%|███████▏  | 2148/3000 [06:17<02:37,  5.42it/s]
instructblip/pope/ricd/aokvqa/adversarial/seed1:  72%|███████▏  | 2149/3000 [06:17<02:35,  5.48it/s]
instructblip/pope/ricd/aokvqa/adversarial/seed1:  72%|███████▏  | 2150/3000 [06:17<02:34,  5.50it/s]
instructblip/pope/ricd/aokvqa/adversarial/seed1:  72%|███████▏  | 2151/3000 [06:18<02:33,  5.54it/s]
instructblip/pope/ricd/aokvqa/adversarial/seed1:  72%|███████▏  | 2152/3000 [06:18<02:32,  5.57it/s]
instructblip/pope/ricd/aokvqa/adversarial/seed1:  72%|███████▏  | 2153/3000 [06:18<02:29,  5.65it/s]
instructblip/pope/ricd/aokvqa/adversarial/seed1:  72%|███████▏  | 2154/3000 [06:18<02:32,  5.54it/s]
instructblip/pope/ricd/aokvqa/adversarial/seed1:  72%|███████▏  | 2155/3000 [06:18<02:31,  5.56it/s]
instructblip/pope/ricd/aokvqa/adversarial/seed1:  72%|███████▏  | 2156/3000 [06:18<02:29,  5.64it/s]
instructblip/pope/ricd/aokvqa/adversarial/seed1:  72%|███████▏  | 2157/3000 [06:19<02:27,  5.70it/s]
instructblip/pope/ricd/aokvqa/adversarial/seed1:  72%|███████▏  | 2158/3000 [06:19<02:26,  5.75it/s]
instructblip/pope/ricd/aokvqa/adversarial/seed1:  72%|███████▏  | 2159/3000 [06:19<02:28,  5.68it/s]
instructblip/pope/ricd/aokvqa/adversarial/seed1:  72%|███████▏  | 2160/3000 [06:19<02:27,  5.70it/s]
instructblip/pope/ricd/aokvqa/adversarial/seed1:  72%|███████▏  | 2161/3000 [06:19<02:28,  5.67it/s]
instructblip/pope/ricd/aokvqa/adversarial/seed1:  72%|███████▏  | 2162/3000 [06:19<02:25,  5.74it/s]
instructblip/pope/ricd/aokvqa/adversarial/seed1:  72%|███████▏  | 2163/3000 [06:20<02:27,  5.68it/s]
instructblip/pope/ricd/aokvqa/adversarial/seed1:  72%|███████▏  | 2164/3000 [06:20<02:27,  5.68it/s]
instructblip/pope/ricd/aokvqa/adversarial/seed1:  72%|███████▏  | 2165/3000 [06:20<02:25,  5.74it/s]
instructblip/pope/ricd/aokvqa/adversarial/seed1:  72%|███████▏  | 2166/3000 [06:20<02:24,  5.77it/s]
instructblip/pope/ricd/aokvqa/adversarial/seed1:  72%|███████▏  | 2167/3000 [06:20<02:24,  5.76it/s]
instructblip/pope/ricd/aokvqa/adversarial/seed1:  72%|███████▏  | 2168/3000 [06:21<02:24,  5.77it/s]
instructblip/pope/ricd/aokvqa/adversarial/seed1:  72%|███████▏  | 2169/3000 [06:21<02:22,  5.81it/s]
instructblip/pope/ricd/aokvqa/adversarial/seed1:  72%|███████▏  | 2170/3000 [06:21<02:21,  5.86it/s]
instructblip/pope/ricd/aokvqa/adversarial/seed1:  72%|███████▏  | 2171/3000 [06:21<02:20,  5.89it/s]
instructblip/pope/ricd/aokvqa/adversarial/seed1:  72%|███████▏  | 2172/3000 [06:21<02:20,  5.88it/s]
instructblip/pope/ricd/aokvqa/adversarial/seed1:  72%|███████▏  | 2173/3000 [06:21<02:21,  5.84it/s]
instructblip/pope/ricd/aokvqa/adversarial/seed1:  72%|███████▏  | 2174/3000 [06:22<02:21,  5.86it/s]
instructblip/pope/ricd/aokvqa/adversarial/seed1:  72%|███████▎  | 2175/3000 [06:22<02:21,  5.85it/s]
instructblip/pope/ricd/aokvqa/adversarial/seed1:  73%|███████▎  | 2176/3000 [06:22<02:22,  5.80it/s]
instructblip/pope/ricd/aokvqa/adversarial/seed1:  73%|███████▎  | 2177/3000 [06:22<02:21,  5.82it/s]
instructblip/pope/ricd/aokvqa/adversarial/seed1:  73%|███████▎  | 2178/3000 [06:22<02:22,  5.75it/s]
instructblip/pope/ricd/aokvqa/adversarial/seed1:  73%|███████▎  | 2179/3000 [06:22<02:24,  5.67it/s]
instructblip/pope/ricd/aokvqa/adversarial/seed1:  73%|███████▎  | 2180/3000 [06:23<02:24,  5.67it/s]
instructblip/pope/ricd/aokvqa/adversarial/seed1:  73%|███████▎  | 2181/3000 [06:23<02:23,  5.69it/s]
instructblip/pope/ricd/aokvqa/adversarial/seed1:  73%|███████▎  | 2182/3000 [06:23<02:21,  5.77it/s]
instructblip/pope/ricd/aokvqa/adversarial/seed1:  73%|███████▎  | 2183/3000 [06:23<02:21,  5.79it/s]
instructblip/pope/ricd/aokvqa/adversarial/seed1:  73%|███████▎  | 2184/3000 [06:23<02:20,  5.81it/s]
instructblip/pope/ricd/aokvqa/adversarial/seed1:  73%|███████▎  | 2185/3000 [06:23<02:18,  5.88it/s]
instructblip/pope/ricd/aokvqa/adversarial/seed1:  73%|███████▎  | 2186/3000 [06:24<02:19,  5.85it/s]
instructblip/pope/ricd/aokvqa/adversarial/seed1:  73%|███████▎  | 2187/3000 [06:24<02:20,  5.79it/s]
instructblip/pope/ricd/aokvqa/adversarial/seed1:  73%|███████▎  | 2188/3000 [06:24<02:25,  5.57it/s]
instructblip/pope/ricd/aokvqa/adversarial/seed1:  73%|███████▎  | 2189/3000 [06:24<02:25,  5.59it/s]
instructblip/pope/ricd/aokvqa/adversarial/seed1:  73%|███████▎  | 2190/3000 [06:24<02:23,  5.64it/s]
instructblip/pope/ricd/aokvqa/adversarial/seed1:  73%|███████▎  | 2191/3000 [06:24<02:22,  5.68it/s]
instructblip/pope/ricd/aokvqa/adversarial/seed1:  73%|███████▎  | 2192/3000 [06:25<02:23,  5.64it/s]
instructblip/pope/ricd/aokvqa/adversarial/seed1:  73%|███████▎  | 2193/3000 [06:25<02:22,  5.65it/s]
instructblip/pope/ricd/aokvqa/adversarial/seed1:  73%|███████▎  | 2194/3000 [06:25<02:23,  5.62it/s]
instructblip/pope/ricd/aokvqa/adversarial/seed1:  73%|███████▎  | 2195/3000 [06:25<02:21,  5.68it/s]
instructblip/pope/ricd/aokvqa/adversarial/seed1:  73%|███████▎  | 2196/3000 [06:25<02:21,  5.70it/s]
instructblip/pope/ricd/aokvqa/adversarial/seed1:  73%|███████▎  | 2197/3000 [06:26<02:26,  5.49it/s]
instructblip/pope/ricd/aokvqa/adversarial/seed1:  73%|███████▎  | 2198/3000 [06:26<02:22,  5.63it/s]
instructblip/pope/ricd/aokvqa/adversarial/seed1:  73%|███████▎  | 2199/3000 [06:26<02:19,  5.74it/s]
instructblip/pope/ricd/aokvqa/adversarial/seed1:  73%|███████▎  | 2200/3000 [06:26<02:19,  5.75it/s]
instructblip/pope/ricd/aokvqa/adversarial/seed1:  73%|███████▎  | 2201/3000 [06:26<02:18,  5.78it/s]
instructblip/pope/ricd/aokvqa/adversarial/seed1:  73%|███████▎  | 2202/3000 [06:26<02:16,  5.85it/s]
instructblip/pope/ricd/aokvqa/adversarial/seed1:  73%|███████▎  | 2203/3000 [06:27<02:17,  5.78it/s]
instructblip/pope/ricd/aokvqa/adversarial/seed1:  73%|███████▎  | 2204/3000 [06:27<02:18,  5.75it/s]
instructblip/pope/ricd/aokvqa/adversarial/seed1:  74%|███████▎  | 2205/3000 [06:27<02:17,  5.79it/s]
instructblip/pope/ricd/aokvqa/adversarial/seed1:  74%|███████▎  | 2206/3000 [06:27<02:17,  5.76it/s]
instructblip/pope/ricd/aokvqa/adversarial/seed1:  74%|███████▎  | 2207/3000 [06:27<02:18,  5.73it/s]
instructblip/pope/ricd/aokvqa/adversarial/seed1:  74%|███████▎  | 2208/3000 [06:27<02:16,  5.79it/s]
instructblip/pope/ricd/aokvqa/adversarial/seed1:  74%|███████▎  | 2209/3000 [06:28<02:17,  5.74it/s]
instructblip/pope/ricd/aokvqa/adversarial/seed1:  74%|███████▎  | 2210/3000 [06:28<02:17,  5.74it/s]
instructblip/pope/ricd/aokvqa/adversarial/seed1:  74%|███████▎  | 2211/3000 [06:28<02:15,  5.82it/s]
instructblip/pope/ricd/aokvqa/adversarial/seed1:  74%|███████▎  | 2212/3000 [06:28<02:13,  5.88it/s]
instructblip/pope/ricd/aokvqa/adversarial/seed1:  74%|███████▍  | 2213/3000 [06:28<02:14,  5.84it/s]
instructblip/pope/ricd/aokvqa/adversarial/seed1:  74%|███████▍  | 2214/3000 [06:28<02:15,  5.79it/s]
instructblip/pope/ricd/aokvqa/adversarial/seed1:  74%|███████▍  | 2215/3000 [06:29<02:16,  5.73it/s]
instructblip/pope/ricd/aokvqa/adversarial/seed1:  74%|███████▍  | 2216/3000 [06:29<02:17,  5.71it/s]
instructblip/pope/ricd/aokvqa/adversarial/seed1:  74%|███████▍  | 2217/3000 [06:29<02:16,  5.74it/s]
instructblip/pope/ricd/aokvqa/adversarial/seed1:  74%|███████▍  | 2218/3000 [06:29<02:15,  5.79it/s]
instructblip/pope/ricd/aokvqa/adversarial/seed1:  74%|███████▍  | 2219/3000 [06:29<02:20,  5.55it/s]
instructblip/pope/ricd/aokvqa/adversarial/seed1:  74%|███████▍  | 2220/3000 [06:30<02:20,  5.57it/s]
instructblip/pope/ricd/aokvqa/adversarial/seed1:  74%|███████▍  | 2221/3000 [06:30<02:18,  5.63it/s]
instructblip/pope/ricd/aokvqa/adversarial/seed1:  74%|███████▍  | 2222/3000 [06:30<02:16,  5.68it/s]
instructblip/pope/ricd/aokvqa/adversarial/seed1:  74%|███████▍  | 2223/3000 [06:30<02:14,  5.78it/s]
instructblip/pope/ricd/aokvqa/adversarial/seed1:  74%|███████▍  | 2224/3000 [06:30<02:14,  5.79it/s]
instructblip/pope/ricd/aokvqa/adversarial/seed1:  74%|███████▍  | 2225/3000 [06:30<02:12,  5.86it/s]
instructblip/pope/ricd/aokvqa/adversarial/seed1:  74%|███████▍  | 2226/3000 [06:31<02:13,  5.81it/s]
instructblip/pope/ricd/aokvqa/adversarial/seed1:  74%|███████▍  | 2227/3000 [06:31<02:19,  5.54it/s]
instructblip/pope/ricd/aokvqa/adversarial/seed1:  74%|███████▍  | 2228/3000 [06:31<02:31,  5.09it/s]
instructblip/pope/ricd/aokvqa/adversarial/seed1:  74%|███████▍  | 2229/3000 [06:31<02:37,  4.91it/s]
instructblip/pope/ricd/aokvqa/adversarial/seed1:  74%|███████▍  | 2230/3000 [06:31<02:28,  5.18it/s]
instructblip/pope/ricd/aokvqa/adversarial/seed1:  74%|███████▍  | 2231/3000 [06:32<02:23,  5.37it/s]
instructblip/pope/ricd/aokvqa/adversarial/seed1:  74%|███████▍  | 2232/3000 [06:32<02:19,  5.49it/s]
instructblip/pope/ricd/aokvqa/adversarial/seed1:  74%|███████▍  | 2233/3000 [06:32<02:17,  5.57it/s]
instructblip/pope/ricd/aokvqa/adversarial/seed1:  74%|███████▍  | 2234/3000 [06:32<02:16,  5.60it/s]
instructblip/pope/ricd/aokvqa/adversarial/seed1:  74%|███████▍  | 2235/3000 [06:32<02:14,  5.68it/s]
instructblip/pope/ricd/aokvqa/adversarial/seed1:  75%|███████▍  | 2236/3000 [06:32<02:13,  5.72it/s]
instructblip/pope/ricd/aokvqa/adversarial/seed1:  75%|███████▍  | 2237/3000 [06:33<02:11,  5.80it/s]
instructblip/pope/ricd/aokvqa/adversarial/seed1:  75%|███████▍  | 2238/3000 [06:33<02:13,  5.71it/s]
instructblip/pope/ricd/aokvqa/adversarial/seed1:  75%|███████▍  | 2239/3000 [06:33<02:12,  5.75it/s]
instructblip/pope/ricd/aokvqa/adversarial/seed1:  75%|███████▍  | 2240/3000 [06:33<02:16,  5.57it/s]
instructblip/pope/ricd/aokvqa/adversarial/seed1:  75%|███████▍  | 2241/3000 [06:33<02:16,  5.57it/s]
instructblip/pope/ricd/aokvqa/adversarial/seed1:  75%|███████▍  | 2242/3000 [06:34<02:14,  5.66it/s]
instructblip/pope/ricd/aokvqa/adversarial/seed1:  75%|███████▍  | 2243/3000 [06:34<02:14,  5.65it/s]
instructblip/pope/ricd/aokvqa/adversarial/seed1:  75%|███████▍  | 2244/3000 [06:34<02:12,  5.68it/s]
instructblip/pope/ricd/aokvqa/adversarial/seed1:  75%|███████▍  | 2245/3000 [06:34<02:13,  5.64it/s]
instructblip/pope/ricd/aokvqa/adversarial/seed1:  75%|███████▍  | 2246/3000 [06:34<02:13,  5.66it/s]
instructblip/pope/ricd/aokvqa/adversarial/seed1:  75%|███████▍  | 2247/3000 [06:34<02:13,  5.63it/s]
instructblip/pope/ricd/aokvqa/adversarial/seed1:  75%|███████▍  | 2248/3000 [06:35<02:12,  5.66it/s]
instructblip/pope/ricd/aokvqa/adversarial/seed1:  75%|███████▍  | 2249/3000 [06:35<02:14,  5.58it/s]
instructblip/pope/ricd/aokvqa/adversarial/seed1:  75%|███████▌  | 2250/3000 [06:35<02:14,  5.56it/s]
instructblip/pope/ricd/aokvqa/adversarial/seed1:  75%|███████▌  | 2251/3000 [06:35<02:12,  5.66it/s]
instructblip/pope/ricd/aokvqa/adversarial/seed1:  75%|███████▌  | 2252/3000 [06:35<02:12,  5.66it/s]
instructblip/pope/ricd/aokvqa/adversarial/seed1:  75%|███████▌  | 2253/3000 [06:35<02:10,  5.73it/s]
instructblip/pope/ricd/aokvqa/adversarial/seed1:  75%|███████▌  | 2254/3000 [06:36<02:09,  5.75it/s]
instructblip/pope/ricd/aokvqa/adversarial/seed1:  75%|███████▌  | 2255/3000 [06:36<02:11,  5.68it/s]
instructblip/pope/ricd/aokvqa/adversarial/seed1:  75%|███████▌  | 2256/3000 [06:36<02:11,  5.65it/s]
instructblip/pope/ricd/aokvqa/adversarial/seed1:  75%|███████▌  | 2257/3000 [06:36<02:14,  5.54it/s]
instructblip/pope/ricd/aokvqa/adversarial/seed1:  75%|███████▌  | 2258/3000 [06:36<02:13,  5.56it/s]
instructblip/pope/ricd/aokvqa/adversarial/seed1:  75%|███████▌  | 2259/3000 [06:37<02:13,  5.57it/s]
instructblip/pope/ricd/aokvqa/adversarial/seed1:  75%|███████▌  | 2260/3000 [06:37<02:12,  5.60it/s]
instructblip/pope/ricd/aokvqa/adversarial/seed1:  75%|███████▌  | 2261/3000 [06:37<02:11,  5.62it/s]
instructblip/pope/ricd/aokvqa/adversarial/seed1:  75%|███████▌  | 2262/3000 [06:37<02:09,  5.69it/s]
instructblip/pope/ricd/aokvqa/adversarial/seed1:  75%|███████▌  | 2263/3000 [06:37<02:08,  5.75it/s]
instructblip/pope/ricd/aokvqa/adversarial/seed1:  75%|███████▌  | 2264/3000 [06:37<02:08,  5.75it/s]
instructblip/pope/ricd/aokvqa/adversarial/seed1:  76%|███████▌  | 2265/3000 [06:38<02:06,  5.81it/s]
instructblip/pope/ricd/aokvqa/adversarial/seed1:  76%|███████▌  | 2266/3000 [06:38<02:07,  5.75it/s]
instructblip/pope/ricd/aokvqa/adversarial/seed1:  76%|███████▌  | 2267/3000 [06:38<02:05,  5.84it/s]
instructblip/pope/ricd/aokvqa/adversarial/seed1:  76%|███████▌  | 2268/3000 [06:38<02:05,  5.83it/s]
instructblip/pope/ricd/aokvqa/adversarial/seed1:  76%|███████▌  | 2269/3000 [06:38<02:05,  5.84it/s]
instructblip/pope/ricd/aokvqa/adversarial/seed1:  76%|███████▌  | 2270/3000 [06:38<02:07,  5.73it/s]
instructblip/pope/ricd/aokvqa/adversarial/seed1:  76%|███████▌  | 2271/3000 [06:39<02:07,  5.73it/s]
instructblip/pope/ricd/aokvqa/adversarial/seed1:  76%|███████▌  | 2272/3000 [06:39<02:06,  5.76it/s]
instructblip/pope/ricd/aokvqa/adversarial/seed1:  76%|███████▌  | 2273/3000 [06:39<02:05,  5.78it/s]
instructblip/pope/ricd/aokvqa/adversarial/seed1:  76%|███████▌  | 2274/3000 [06:39<02:03,  5.86it/s]
instructblip/pope/ricd/aokvqa/adversarial/seed1:  76%|███████▌  | 2275/3000 [06:39<02:04,  5.82it/s]
instructblip/pope/ricd/aokvqa/adversarial/seed1:  76%|███████▌  | 2276/3000 [06:39<02:02,  5.90it/s]
instructblip/pope/ricd/aokvqa/adversarial/seed1:  76%|███████▌  | 2277/3000 [06:40<02:05,  5.76it/s]
instructblip/pope/ricd/aokvqa/adversarial/seed1:  76%|███████▌  | 2278/3000 [06:40<02:04,  5.78it/s]
instructblip/pope/ricd/aokvqa/adversarial/seed1:  76%|███████▌  | 2279/3000 [06:40<02:04,  5.78it/s]
instructblip/pope/ricd/aokvqa/adversarial/seed1:  76%|███████▌  | 2280/3000 [06:40<02:05,  5.73it/s]
instructblip/pope/ricd/aokvqa/adversarial/seed1:  76%|███████▌  | 2281/3000 [06:40<02:04,  5.79it/s]
instructblip/pope/ricd/aokvqa/adversarial/seed1:  76%|███████▌  | 2282/3000 [06:41<02:05,  5.71it/s]
instructblip/pope/ricd/aokvqa/adversarial/seed1:  76%|███████▌  | 2283/3000 [06:41<02:03,  5.79it/s]
instructblip/pope/ricd/aokvqa/adversarial/seed1:  76%|███████▌  | 2284/3000 [06:41<02:03,  5.81it/s]
instructblip/pope/ricd/aokvqa/adversarial/seed1:  76%|███████▌  | 2285/3000 [06:41<02:03,  5.77it/s]
instructblip/pope/ricd/aokvqa/adversarial/seed1:  76%|███████▌  | 2286/3000 [06:41<02:05,  5.70it/s]
instructblip/pope/ricd/aokvqa/adversarial/seed1:  76%|███████▌  | 2287/3000 [06:41<02:06,  5.66it/s]
instructblip/pope/ricd/aokvqa/adversarial/seed1:  76%|███████▋  | 2288/3000 [06:42<02:05,  5.68it/s]
instructblip/pope/ricd/aokvqa/adversarial/seed1:  76%|███████▋  | 2289/3000 [06:42<02:05,  5.66it/s]
instructblip/pope/ricd/aokvqa/adversarial/seed1:  76%|███████▋  | 2290/3000 [06:42<02:05,  5.66it/s]
instructblip/pope/ricd/aokvqa/adversarial/seed1:  76%|███████▋  | 2291/3000 [06:42<02:04,  5.70it/s]
instructblip/pope/ricd/aokvqa/adversarial/seed1:  76%|███████▋  | 2292/3000 [06:42<02:02,  5.76it/s]
instructblip/pope/ricd/aokvqa/adversarial/seed1:  76%|███████▋  | 2293/3000 [06:42<02:01,  5.81it/s]
instructblip/pope/ricd/aokvqa/adversarial/seed1:  76%|███████▋  | 2294/3000 [06:43<02:01,  5.82it/s]
instructblip/pope/ricd/aokvqa/adversarial/seed1:  76%|███████▋  | 2295/3000 [06:43<02:00,  5.83it/s]
instructblip/pope/ricd/aokvqa/adversarial/seed1:  77%|███████▋  | 2296/3000 [06:43<02:00,  5.85it/s]
instructblip/pope/ricd/aokvqa/adversarial/seed1:  77%|███████▋  | 2297/3000 [06:43<02:00,  5.84it/s]
instructblip/pope/ricd/aokvqa/adversarial/seed1:  77%|███████▋  | 2298/3000 [06:43<02:02,  5.73it/s]
instructblip/pope/ricd/aokvqa/adversarial/seed1:  77%|███████▋  | 2299/3000 [06:43<02:04,  5.62it/s]
instructblip/pope/ricd/aokvqa/adversarial/seed1:  77%|███████▋  | 2300/3000 [06:44<02:07,  5.51it/s]
instructblip/pope/ricd/aokvqa/adversarial/seed1:  77%|███████▋  | 2301/3000 [06:44<02:05,  5.59it/s]
instructblip/pope/ricd/aokvqa/adversarial/seed1:  77%|███████▋  | 2302/3000 [06:44<02:07,  5.49it/s]
instructblip/pope/ricd/aokvqa/adversarial/seed1:  77%|███████▋  | 2303/3000 [06:44<02:06,  5.52it/s]
instructblip/pope/ricd/aokvqa/adversarial/seed1:  77%|███████▋  | 2304/3000 [06:44<02:11,  5.30it/s]
instructblip/pope/ricd/aokvqa/adversarial/seed1:  77%|███████▋  | 2305/3000 [06:45<02:10,  5.33it/s]
instructblip/pope/ricd/aokvqa/adversarial/seed1:  77%|███████▋  | 2306/3000 [06:45<02:08,  5.42it/s]
instructblip/pope/ricd/aokvqa/adversarial/seed1:  77%|███████▋  | 2307/3000 [06:45<02:05,  5.54it/s]
instructblip/pope/ricd/aokvqa/adversarial/seed1:  77%|███████▋  | 2308/3000 [06:45<02:01,  5.69it/s]
instructblip/pope/ricd/aokvqa/adversarial/seed1:  77%|███████▋  | 2309/3000 [06:45<01:59,  5.76it/s]
instructblip/pope/ricd/aokvqa/adversarial/seed1:  77%|███████▋  | 2310/3000 [06:45<01:58,  5.83it/s]
instructblip/pope/ricd/aokvqa/adversarial/seed1:  77%|███████▋  | 2311/3000 [06:46<01:59,  5.78it/s]
instructblip/pope/ricd/aokvqa/adversarial/seed1:  77%|███████▋  | 2312/3000 [06:46<01:57,  5.85it/s]
instructblip/pope/ricd/aokvqa/adversarial/seed1:  77%|███████▋  | 2313/3000 [06:46<01:58,  5.81it/s]
instructblip/pope/ricd/aokvqa/adversarial/seed1:  77%|███████▋  | 2314/3000 [06:46<01:58,  5.77it/s]
instructblip/pope/ricd/aokvqa/adversarial/seed1:  77%|███████▋  | 2315/3000 [06:46<02:04,  5.52it/s]
instructblip/pope/ricd/aokvqa/adversarial/seed1:  77%|███████▋  | 2316/3000 [06:47<02:03,  5.52it/s]
instructblip/pope/ricd/aokvqa/adversarial/seed1:  77%|███████▋  | 2317/3000 [06:47<02:02,  5.59it/s]
instructblip/pope/ricd/aokvqa/adversarial/seed1:  77%|███████▋  | 2318/3000 [06:47<02:02,  5.57it/s]
instructblip/pope/ricd/aokvqa/adversarial/seed1:  77%|███████▋  | 2319/3000 [06:47<02:00,  5.65it/s]
instructblip/pope/ricd/aokvqa/adversarial/seed1:  77%|███████▋  | 2320/3000 [06:47<02:01,  5.59it/s]
instructblip/pope/ricd/aokvqa/adversarial/seed1:  77%|███████▋  | 2321/3000 [06:47<02:00,  5.63it/s]
instructblip/pope/ricd/aokvqa/adversarial/seed1:  77%|███████▋  | 2322/3000 [06:48<02:01,  5.58it/s]
instructblip/pope/ricd/aokvqa/adversarial/seed1:  77%|███████▋  | 2323/3000 [06:48<02:02,  5.53it/s]
instructblip/pope/ricd/aokvqa/adversarial/seed1:  77%|███████▋  | 2324/3000 [06:48<01:59,  5.65it/s]
instructblip/pope/ricd/aokvqa/adversarial/seed1:  78%|███████▊  | 2325/3000 [06:48<01:59,  5.67it/s]
instructblip/pope/ricd/aokvqa/adversarial/seed1:  78%|███████▊  | 2326/3000 [06:48<01:58,  5.68it/s]
instructblip/pope/ricd/aokvqa/adversarial/seed1:  78%|███████▊  | 2327/3000 [06:48<01:59,  5.65it/s]
instructblip/pope/ricd/aokvqa/adversarial/seed1:  78%|███████▊  | 2328/3000 [06:49<01:59,  5.61it/s]
instructblip/pope/ricd/aokvqa/adversarial/seed1:  78%|███████▊  | 2329/3000 [06:49<01:59,  5.62it/s]
instructblip/pope/ricd/aokvqa/adversarial/seed1:  78%|███████▊  | 2330/3000 [06:49<02:00,  5.58it/s]
instructblip/pope/ricd/aokvqa/adversarial/seed1:  78%|███████▊  | 2331/3000 [06:49<01:58,  5.64it/s]
instructblip/pope/ricd/aokvqa/adversarial/seed1:  78%|███████▊  | 2332/3000 [06:49<01:57,  5.68it/s]
instructblip/pope/ricd/aokvqa/adversarial/seed1:  78%|███████▊  | 2333/3000 [06:50<01:57,  5.70it/s]
instructblip/pope/ricd/aokvqa/adversarial/seed1:  78%|███████▊  | 2334/3000 [06:50<01:56,  5.71it/s]
instructblip/pope/ricd/aokvqa/adversarial/seed1:  78%|███████▊  | 2335/3000 [06:50<01:56,  5.72it/s]
instructblip/pope/ricd/aokvqa/adversarial/seed1:  78%|███████▊  | 2336/3000 [06:50<01:56,  5.68it/s]
instructblip/pope/ricd/aokvqa/adversarial/seed1:  78%|███████▊  | 2337/3000 [06:50<01:56,  5.70it/s]
instructblip/pope/ricd/aokvqa/adversarial/seed1:  78%|███████▊  | 2338/3000 [06:50<01:54,  5.76it/s]
instructblip/pope/ricd/aokvqa/adversarial/seed1:  78%|███████▊  | 2339/3000 [06:51<01:55,  5.72it/s]
instructblip/pope/ricd/aokvqa/adversarial/seed1:  78%|███████▊  | 2340/3000 [06:51<01:53,  5.81it/s]
instructblip/pope/ricd/aokvqa/adversarial/seed1:  78%|███████▊  | 2341/3000 [06:51<01:54,  5.76it/s]
instructblip/pope/ricd/aokvqa/adversarial/seed1:  78%|███████▊  | 2342/3000 [06:51<01:55,  5.71it/s]
instructblip/pope/ricd/aokvqa/adversarial/seed1:  78%|███████▊  | 2343/3000 [06:51<01:56,  5.65it/s]
instructblip/pope/ricd/aokvqa/adversarial/seed1:  78%|███████▊  | 2344/3000 [06:51<01:54,  5.73it/s]
instructblip/pope/ricd/aokvqa/adversarial/seed1:  78%|███████▊  | 2345/3000 [06:52<01:54,  5.71it/s]
instructblip/pope/ricd/aokvqa/adversarial/seed1:  78%|███████▊  | 2346/3000 [06:52<01:54,  5.70it/s]
instructblip/pope/ricd/aokvqa/adversarial/seed1:  78%|███████▊  | 2347/3000 [06:52<01:53,  5.75it/s]
instructblip/pope/ricd/aokvqa/adversarial/seed1:  78%|███████▊  | 2348/3000 [06:52<01:52,  5.81it/s]
instructblip/pope/ricd/aokvqa/adversarial/seed1:  78%|███████▊  | 2349/3000 [06:52<01:53,  5.76it/s]
instructblip/pope/ricd/aokvqa/adversarial/seed1:  78%|███████▊  | 2350/3000 [06:52<01:51,  5.82it/s]
instructblip/pope/ricd/aokvqa/adversarial/seed1:  78%|███████▊  | 2351/3000 [06:53<01:50,  5.87it/s]
instructblip/pope/ricd/aokvqa/adversarial/seed1:  78%|███████▊  | 2352/3000 [06:53<01:49,  5.92it/s]
instructblip/pope/ricd/aokvqa/adversarial/seed1:  78%|███████▊  | 2353/3000 [06:53<01:49,  5.89it/s]
instructblip/pope/ricd/aokvqa/adversarial/seed1:  78%|███████▊  | 2354/3000 [06:53<01:48,  5.93it/s]
instructblip/pope/ricd/aokvqa/adversarial/seed1:  78%|███████▊  | 2355/3000 [06:53<01:48,  5.97it/s]
instructblip/pope/ricd/aokvqa/adversarial/seed1:  79%|███████▊  | 2356/3000 [06:53<01:47,  6.01it/s]
instructblip/pope/ricd/aokvqa/adversarial/seed1:  79%|███████▊  | 2357/3000 [06:54<01:48,  5.93it/s]
instructblip/pope/ricd/aokvqa/adversarial/seed1:  79%|███████▊  | 2358/3000 [06:54<01:47,  5.98it/s]
instructblip/pope/ricd/aokvqa/adversarial/seed1:  79%|███████▊  | 2359/3000 [06:54<01:47,  5.94it/s]
instructblip/pope/ricd/aokvqa/adversarial/seed1:  79%|███████▊  | 2360/3000 [06:54<01:47,  5.98it/s]
instructblip/pope/ricd/aokvqa/adversarial/seed1:  79%|███████▊  | 2361/3000 [06:54<01:46,  6.01it/s]
instructblip/pope/ricd/aokvqa/adversarial/seed1:  79%|███████▊  | 2362/3000 [06:55<02:06,  5.06it/s]
instructblip/pope/ricd/aokvqa/adversarial/seed1:  79%|███████▉  | 2363/3000 [06:55<02:00,  5.28it/s]
instructblip/pope/ricd/aokvqa/adversarial/seed1:  79%|███████▉  | 2364/3000 [06:55<02:01,  5.24it/s]
instructblip/pope/ricd/aokvqa/adversarial/seed1:  79%|███████▉  | 2365/3000 [06:55<01:59,  5.32it/s]
instructblip/pope/ricd/aokvqa/adversarial/seed1:  79%|███████▉  | 2366/3000 [06:55<01:56,  5.46it/s]
instructblip/pope/ricd/aokvqa/adversarial/seed1:  79%|███████▉  | 2367/3000 [06:55<01:53,  5.56it/s]
instructblip/pope/ricd/aokvqa/adversarial/seed1:  79%|███████▉  | 2368/3000 [06:56<01:52,  5.62it/s]
instructblip/pope/ricd/aokvqa/adversarial/seed1:  79%|███████▉  | 2369/3000 [06:56<01:50,  5.69it/s]
instructblip/pope/ricd/aokvqa/adversarial/seed1:  79%|███████▉  | 2370/3000 [06:56<01:49,  5.77it/s]
instructblip/pope/ricd/aokvqa/adversarial/seed1:  79%|███████▉  | 2371/3000 [06:56<01:50,  5.70it/s]
instructblip/pope/ricd/aokvqa/adversarial/seed1:  79%|███████▉  | 2372/3000 [06:56<01:49,  5.71it/s]
instructblip/pope/ricd/aokvqa/adversarial/seed1:  79%|███████▉  | 2373/3000 [06:57<01:50,  5.69it/s]
instructblip/pope/ricd/aokvqa/adversarial/seed1:  79%|███████▉  | 2374/3000 [06:57<01:50,  5.69it/s]
instructblip/pope/ricd/aokvqa/adversarial/seed1:  79%|███████▉  | 2375/3000 [06:57<01:50,  5.67it/s]
instructblip/pope/ricd/aokvqa/adversarial/seed1:  79%|███████▉  | 2376/3000 [06:57<01:49,  5.69it/s]
instructblip/pope/ricd/aokvqa/adversarial/seed1:  79%|███████▉  | 2377/3000 [06:57<01:49,  5.70it/s]
instructblip/pope/ricd/aokvqa/adversarial/seed1:  79%|███████▉  | 2378/3000 [06:57<01:49,  5.67it/s]
instructblip/pope/ricd/aokvqa/adversarial/seed1:  79%|███████▉  | 2379/3000 [06:58<01:47,  5.77it/s]
instructblip/pope/ricd/aokvqa/adversarial/seed1:  79%|███████▉  | 2380/3000 [06:58<01:49,  5.67it/s]
instructblip/pope/ricd/aokvqa/adversarial/seed1:  79%|███████▉  | 2381/3000 [06:58<01:50,  5.62it/s]
instructblip/pope/ricd/aokvqa/adversarial/seed1:  79%|███████▉  | 2382/3000 [06:58<01:48,  5.69it/s]
instructblip/pope/ricd/aokvqa/adversarial/seed1:  79%|███████▉  | 2383/3000 [06:58<01:58,  5.20it/s]
instructblip/pope/ricd/aokvqa/adversarial/seed1:  79%|███████▉  | 2384/3000 [06:59<01:55,  5.36it/s]
instructblip/pope/ricd/aokvqa/adversarial/seed1:  80%|███████▉  | 2385/3000 [06:59<01:52,  5.47it/s]
instructblip/pope/ricd/aokvqa/adversarial/seed1:  80%|███████▉  | 2386/3000 [06:59<01:52,  5.47it/s]
instructblip/pope/ricd/aokvqa/adversarial/seed1:  80%|███████▉  | 2387/3000 [06:59<01:49,  5.57it/s]
instructblip/pope/ricd/aokvqa/adversarial/seed1:  80%|███████▉  | 2388/3000 [06:59<01:49,  5.60it/s]
instructblip/pope/ricd/aokvqa/adversarial/seed1:  80%|███████▉  | 2389/3000 [06:59<01:48,  5.62it/s]
instructblip/pope/ricd/aokvqa/adversarial/seed1:  80%|███████▉  | 2390/3000 [07:00<01:48,  5.64it/s]
instructblip/pope/ricd/aokvqa/adversarial/seed1:  80%|███████▉  | 2391/3000 [07:00<01:46,  5.69it/s]
instructblip/pope/ricd/aokvqa/adversarial/seed1:  80%|███████▉  | 2392/3000 [07:00<01:45,  5.78it/s]
instructblip/pope/ricd/aokvqa/adversarial/seed1:  80%|███████▉  | 2393/3000 [07:00<01:45,  5.73it/s]
instructblip/pope/ricd/aokvqa/adversarial/seed1:  80%|███████▉  | 2394/3000 [07:00<01:46,  5.68it/s]
instructblip/pope/ricd/aokvqa/adversarial/seed1:  80%|███████▉  | 2395/3000 [07:00<01:47,  5.61it/s]
instructblip/pope/ricd/aokvqa/adversarial/seed1:  80%|███████▉  | 2396/3000 [07:01<01:45,  5.74it/s]
instructblip/pope/ricd/aokvqa/adversarial/seed1:  80%|███████▉  | 2397/3000 [07:01<01:46,  5.64it/s]
instructblip/pope/ricd/aokvqa/adversarial/seed1:  80%|███████▉  | 2398/3000 [07:01<01:47,  5.61it/s]
instructblip/pope/ricd/aokvqa/adversarial/seed1:  80%|███████▉  | 2399/3000 [07:01<01:46,  5.64it/s]
instructblip/pope/ricd/aokvqa/adversarial/seed1:  80%|████████  | 2400/3000 [07:01<01:48,  5.53it/s]
instructblip/pope/ricd/aokvqa/adversarial/seed1:  80%|████████  | 2401/3000 [07:02<01:48,  5.51it/s]
instructblip/pope/ricd/aokvqa/adversarial/seed1:  80%|████████  | 2402/3000 [07:02<01:49,  5.45it/s]
instructblip/pope/ricd/aokvqa/adversarial/seed1:  80%|████████  | 2403/3000 [07:02<01:48,  5.48it/s]
instructblip/pope/ricd/aokvqa/adversarial/seed1:  80%|████████  | 2404/3000 [07:02<01:47,  5.56it/s]
instructblip/pope/ricd/aokvqa/adversarial/seed1:  80%|████████  | 2405/3000 [07:02<01:47,  5.52it/s]
instructblip/pope/ricd/aokvqa/adversarial/seed1:  80%|████████  | 2406/3000 [07:02<01:48,  5.49it/s]
instructblip/pope/ricd/aokvqa/adversarial/seed1:  80%|████████  | 2407/3000 [07:03<01:49,  5.43it/s]
instructblip/pope/ricd/aokvqa/adversarial/seed1:  80%|████████  | 2408/3000 [07:03<01:46,  5.55it/s]
instructblip/pope/ricd/aokvqa/adversarial/seed1:  80%|████████  | 2409/3000 [07:03<01:48,  5.45it/s]
instructblip/pope/ricd/aokvqa/adversarial/seed1:  80%|████████  | 2410/3000 [07:03<01:47,  5.46it/s]
instructblip/pope/ricd/aokvqa/adversarial/seed1:  80%|████████  | 2411/3000 [07:03<01:44,  5.62it/s]
instructblip/pope/ricd/aokvqa/adversarial/seed1:  80%|████████  | 2412/3000 [07:04<01:43,  5.69it/s]
instructblip/pope/ricd/aokvqa/adversarial/seed1:  80%|████████  | 2413/3000 [07:04<01:58,  4.95it/s]
instructblip/pope/ricd/aokvqa/adversarial/seed1:  80%|████████  | 2414/3000 [07:04<01:54,  5.12it/s]
instructblip/pope/ricd/aokvqa/adversarial/seed1:  80%|████████  | 2415/3000 [07:04<01:51,  5.26it/s]
instructblip/pope/ricd/aokvqa/adversarial/seed1:  81%|████████  | 2416/3000 [07:04<01:47,  5.41it/s]
instructblip/pope/ricd/aokvqa/adversarial/seed1:  81%|████████  | 2417/3000 [07:04<01:47,  5.45it/s]
instructblip/pope/ricd/aokvqa/adversarial/seed1:  81%|████████  | 2418/3000 [07:05<01:44,  5.58it/s]
instructblip/pope/ricd/aokvqa/adversarial/seed1:  81%|████████  | 2419/3000 [07:05<01:45,  5.53it/s]
instructblip/pope/ricd/aokvqa/adversarial/seed1:  81%|████████  | 2420/3000 [07:05<01:42,  5.64it/s]
instructblip/pope/ricd/aokvqa/adversarial/seed1:  81%|████████  | 2421/3000 [07:05<01:43,  5.61it/s]
instructblip/pope/ricd/aokvqa/adversarial/seed1:  81%|████████  | 2422/3000 [07:05<01:42,  5.64it/s]
instructblip/pope/ricd/aokvqa/adversarial/seed1:  81%|████████  | 2423/3000 [07:06<01:41,  5.71it/s]
instructblip/pope/ricd/aokvqa/adversarial/seed1:  81%|████████  | 2424/3000 [07:06<01:40,  5.72it/s]
instructblip/pope/ricd/aokvqa/adversarial/seed1:  81%|████████  | 2425/3000 [07:06<01:39,  5.75it/s]
instructblip/pope/ricd/aokvqa/adversarial/seed1:  81%|████████  | 2426/3000 [07:06<01:39,  5.78it/s]
instructblip/pope/ricd/aokvqa/adversarial/seed1:  81%|████████  | 2427/3000 [07:06<01:37,  5.86it/s]
instructblip/pope/ricd/aokvqa/adversarial/seed1:  81%|████████  | 2428/3000 [07:06<01:38,  5.83it/s]
instructblip/pope/ricd/aokvqa/adversarial/seed1:  81%|████████  | 2429/3000 [07:07<01:39,  5.74it/s]
instructblip/pope/ricd/aokvqa/adversarial/seed1:  81%|████████  | 2430/3000 [07:07<01:39,  5.71it/s]
instructblip/pope/ricd/aokvqa/adversarial/seed1:  81%|████████  | 2431/3000 [07:07<01:38,  5.78it/s]
instructblip/pope/ricd/aokvqa/adversarial/seed1:  81%|████████  | 2432/3000 [07:07<01:58,  4.81it/s]
instructblip/pope/ricd/aokvqa/adversarial/seed1:  81%|████████  | 2433/3000 [07:07<01:50,  5.12it/s]
instructblip/pope/ricd/aokvqa/adversarial/seed1:  81%|████████  | 2434/3000 [07:08<01:45,  5.35it/s]
instructblip/pope/ricd/aokvqa/adversarial/seed1:  81%|████████  | 2435/3000 [07:08<01:42,  5.54it/s]
instructblip/pope/ricd/aokvqa/adversarial/seed1:  81%|████████  | 2436/3000 [07:08<01:39,  5.68it/s]
instructblip/pope/ricd/aokvqa/adversarial/seed1:  81%|████████  | 2437/3000 [07:08<01:37,  5.76it/s]
instructblip/pope/ricd/aokvqa/adversarial/seed1:  81%|████████▏ | 2438/3000 [07:08<01:37,  5.79it/s]
instructblip/pope/ricd/aokvqa/adversarial/seed1:  81%|████████▏ | 2439/3000 [07:08<01:38,  5.68it/s]
instructblip/pope/ricd/aokvqa/adversarial/seed1:  81%|████████▏ | 2440/3000 [07:09<01:40,  5.56it/s]
instructblip/pope/ricd/aokvqa/adversarial/seed1:  81%|████████▏ | 2441/3000 [07:09<01:38,  5.66it/s]
instructblip/pope/ricd/aokvqa/adversarial/seed1:  81%|████████▏ | 2442/3000 [07:09<01:39,  5.60it/s]
instructblip/pope/ricd/aokvqa/adversarial/seed1:  81%|████████▏ | 2443/3000 [07:09<01:38,  5.65it/s]
instructblip/pope/ricd/aokvqa/adversarial/seed1:  81%|████████▏ | 2444/3000 [07:09<01:39,  5.61it/s]
instructblip/pope/ricd/aokvqa/adversarial/seed1:  82%|████████▏ | 2445/3000 [07:09<01:38,  5.61it/s]
instructblip/pope/ricd/aokvqa/adversarial/seed1:  82%|████████▏ | 2446/3000 [07:10<01:39,  5.59it/s]
instructblip/pope/ricd/aokvqa/adversarial/seed1:  82%|████████▏ | 2447/3000 [07:10<01:36,  5.70it/s]
instructblip/pope/ricd/aokvqa/adversarial/seed1:  82%|████████▏ | 2448/3000 [07:10<01:36,  5.72it/s]
instructblip/pope/ricd/aokvqa/adversarial/seed1:  82%|████████▏ | 2449/3000 [07:10<01:37,  5.64it/s]
instructblip/pope/ricd/aokvqa/adversarial/seed1:  82%|████████▏ | 2450/3000 [07:10<01:37,  5.64it/s]
instructblip/pope/ricd/aokvqa/adversarial/seed1:  82%|████████▏ | 2451/3000 [07:11<01:36,  5.71it/s]
instructblip/pope/ricd/aokvqa/adversarial/seed1:  82%|████████▏ | 2452/3000 [07:11<01:35,  5.71it/s]
instructblip/pope/ricd/aokvqa/adversarial/seed1:  82%|████████▏ | 2453/3000 [07:11<01:36,  5.69it/s]
instructblip/pope/ricd/aokvqa/adversarial/seed1:  82%|████████▏ | 2454/3000 [07:11<01:35,  5.72it/s]
instructblip/pope/ricd/aokvqa/adversarial/seed1:  82%|████████▏ | 2455/3000 [07:11<01:35,  5.68it/s]
instructblip/pope/ricd/aokvqa/adversarial/seed1:  82%|████████▏ | 2456/3000 [07:11<01:35,  5.72it/s]
instructblip/pope/ricd/aokvqa/adversarial/seed1:  82%|████████▏ | 2457/3000 [07:12<01:35,  5.67it/s]
instructblip/pope/ricd/aokvqa/adversarial/seed1:  82%|████████▏ | 2458/3000 [07:12<01:34,  5.71it/s]
instructblip/pope/ricd/aokvqa/adversarial/seed1:  82%|████████▏ | 2459/3000 [07:12<01:33,  5.78it/s]
instructblip/pope/ricd/aokvqa/adversarial/seed1:  82%|████████▏ | 2460/3000 [07:12<01:33,  5.78it/s]
instructblip/pope/ricd/aokvqa/adversarial/seed1:  82%|████████▏ | 2461/3000 [07:12<01:33,  5.76it/s]
instructblip/pope/ricd/aokvqa/adversarial/seed1:  82%|████████▏ | 2462/3000 [07:12<01:38,  5.47it/s]
instructblip/pope/ricd/aokvqa/adversarial/seed1:  82%|████████▏ | 2463/3000 [07:13<01:36,  5.54it/s]
instructblip/pope/ricd/aokvqa/adversarial/seed1:  82%|████████▏ | 2464/3000 [07:13<01:35,  5.63it/s]
instructblip/pope/ricd/aokvqa/adversarial/seed1:  82%|████████▏ | 2465/3000 [07:13<01:34,  5.64it/s]
instructblip/pope/ricd/aokvqa/adversarial/seed1:  82%|████████▏ | 2466/3000 [07:13<01:33,  5.70it/s]
instructblip/pope/ricd/aokvqa/adversarial/seed1:  82%|████████▏ | 2467/3000 [07:13<01:33,  5.71it/s]
instructblip/pope/ricd/aokvqa/adversarial/seed1:  82%|████████▏ | 2468/3000 [07:14<01:33,  5.69it/s]
instructblip/pope/ricd/aokvqa/adversarial/seed1:  82%|████████▏ | 2469/3000 [07:14<01:34,  5.63it/s]
instructblip/pope/ricd/aokvqa/adversarial/seed1:  82%|████████▏ | 2470/3000 [07:14<01:32,  5.74it/s]
instructblip/pope/ricd/aokvqa/adversarial/seed1:  82%|████████▏ | 2471/3000 [07:14<01:31,  5.76it/s]
instructblip/pope/ricd/aokvqa/adversarial/seed1:  82%|████████▏ | 2472/3000 [07:14<01:31,  5.78it/s]
instructblip/pope/ricd/aokvqa/adversarial/seed1:  82%|████████▏ | 2473/3000 [07:14<01:31,  5.76it/s]
instructblip/pope/ricd/aokvqa/adversarial/seed1:  82%|████████▏ | 2474/3000 [07:15<01:31,  5.78it/s]
instructblip/pope/ricd/aokvqa/adversarial/seed1:  82%|████████▎ | 2475/3000 [07:15<01:29,  5.84it/s]
instructblip/pope/ricd/aokvqa/adversarial/seed1:  83%|████████▎ | 2476/3000 [07:15<01:30,  5.82it/s]
instructblip/pope/ricd/aokvqa/adversarial/seed1:  83%|████████▎ | 2477/3000 [07:15<01:29,  5.85it/s]
instructblip/pope/ricd/aokvqa/adversarial/seed1:  83%|████████▎ | 2478/3000 [07:15<01:29,  5.81it/s]
instructblip/pope/ricd/aokvqa/adversarial/seed1:  83%|████████▎ | 2479/3000 [07:15<01:28,  5.87it/s]
instructblip/pope/ricd/aokvqa/adversarial/seed1:  83%|████████▎ | 2480/3000 [07:16<01:29,  5.79it/s]
instructblip/pope/ricd/aokvqa/adversarial/seed1:  83%|████████▎ | 2481/3000 [07:16<01:30,  5.76it/s]
instructblip/pope/ricd/aokvqa/adversarial/seed1:  83%|████████▎ | 2482/3000 [07:16<01:33,  5.55it/s]
instructblip/pope/ricd/aokvqa/adversarial/seed1:  83%|████████▎ | 2483/3000 [07:16<01:34,  5.45it/s]
instructblip/pope/ricd/aokvqa/adversarial/seed1:  83%|████████▎ | 2484/3000 [07:16<01:35,  5.40it/s]
instructblip/pope/ricd/aokvqa/adversarial/seed1:  83%|████████▎ | 2485/3000 [07:17<01:35,  5.40it/s]
instructblip/pope/ricd/aokvqa/adversarial/seed1:  83%|████████▎ | 2486/3000 [07:17<01:34,  5.45it/s]
instructblip/pope/ricd/aokvqa/adversarial/seed1:  83%|████████▎ | 2487/3000 [07:17<01:35,  5.37it/s]
instructblip/pope/ricd/aokvqa/adversarial/seed1:  83%|████████▎ | 2488/3000 [07:17<01:35,  5.36it/s]
instructblip/pope/ricd/aokvqa/adversarial/seed1:  83%|████████▎ | 2489/3000 [07:17<01:34,  5.41it/s]
instructblip/pope/ricd/aokvqa/adversarial/seed1:  83%|████████▎ | 2490/3000 [07:17<01:31,  5.55it/s]
instructblip/pope/ricd/aokvqa/adversarial/seed1:  83%|████████▎ | 2491/3000 [07:18<01:30,  5.62it/s]
instructblip/pope/ricd/aokvqa/adversarial/seed1:  83%|████████▎ | 2492/3000 [07:18<01:29,  5.68it/s]
instructblip/pope/ricd/aokvqa/adversarial/seed1:  83%|████████▎ | 2493/3000 [07:18<01:28,  5.73it/s]
instructblip/pope/ricd/aokvqa/adversarial/seed1:  83%|████████▎ | 2494/3000 [07:18<01:26,  5.84it/s]
instructblip/pope/ricd/aokvqa/adversarial/seed1:  83%|████████▎ | 2495/3000 [07:18<01:26,  5.84it/s]
instructblip/pope/ricd/aokvqa/adversarial/seed1:  83%|████████▎ | 2496/3000 [07:18<01:25,  5.87it/s]
instructblip/pope/ricd/aokvqa/adversarial/seed1:  83%|████████▎ | 2497/3000 [07:19<01:24,  5.93it/s]
instructblip/pope/ricd/aokvqa/adversarial/seed1:  83%|████████▎ | 2498/3000 [07:19<01:26,  5.77it/s]
instructblip/pope/ricd/aokvqa/adversarial/seed1:  83%|████████▎ | 2499/3000 [07:19<01:27,  5.70it/s]
instructblip/pope/ricd/aokvqa/adversarial/seed1:  83%|████████▎ | 2500/3000 [07:19<01:28,  5.65it/s]
instructblip/pope/ricd/aokvqa/adversarial/seed1:  83%|████████▎ | 2501/3000 [07:19<01:26,  5.74it/s]
instructblip/pope/ricd/aokvqa/adversarial/seed1:  83%|████████▎ | 2502/3000 [07:19<01:25,  5.80it/s]
instructblip/pope/ricd/aokvqa/adversarial/seed1:  83%|████████▎ | 2503/3000 [07:20<01:27,  5.71it/s]
instructblip/pope/ricd/aokvqa/adversarial/seed1:  83%|████████▎ | 2504/3000 [07:20<01:26,  5.74it/s]
instructblip/pope/ricd/aokvqa/adversarial/seed1:  84%|████████▎ | 2505/3000 [07:20<01:24,  5.83it/s]
instructblip/pope/ricd/aokvqa/adversarial/seed1:  84%|████████▎ | 2506/3000 [07:20<01:37,  5.07it/s]
instructblip/pope/ricd/aokvqa/adversarial/seed1:  84%|████████▎ | 2507/3000 [07:20<01:34,  5.21it/s]
instructblip/pope/ricd/aokvqa/adversarial/seed1:  84%|████████▎ | 2508/3000 [07:21<01:31,  5.38it/s]
instructblip/pope/ricd/aokvqa/adversarial/seed1:  84%|████████▎ | 2509/3000 [07:21<01:30,  5.42it/s]
instructblip/pope/ricd/aokvqa/adversarial/seed1:  84%|████████▎ | 2510/3000 [07:21<01:29,  5.45it/s]
instructblip/pope/ricd/aokvqa/adversarial/seed1:  84%|████████▎ | 2511/3000 [07:21<01:27,  5.57it/s]
instructblip/pope/ricd/aokvqa/adversarial/seed1:  84%|████████▎ | 2512/3000 [07:21<01:26,  5.63it/s]
instructblip/pope/ricd/aokvqa/adversarial/seed1:  84%|████████▍ | 2513/3000 [07:21<01:25,  5.72it/s]
instructblip/pope/ricd/aokvqa/adversarial/seed1:  84%|████████▍ | 2514/3000 [07:22<01:23,  5.79it/s]
instructblip/pope/ricd/aokvqa/adversarial/seed1:  84%|████████▍ | 2515/3000 [07:22<01:23,  5.82it/s]
instructblip/pope/ricd/aokvqa/adversarial/seed1:  84%|████████▍ | 2516/3000 [07:22<01:22,  5.83it/s]
instructblip/pope/ricd/aokvqa/adversarial/seed1:  84%|████████▍ | 2517/3000 [07:22<01:23,  5.77it/s]
instructblip/pope/ricd/aokvqa/adversarial/seed1:  84%|████████▍ | 2518/3000 [07:22<01:24,  5.72it/s]
instructblip/pope/ricd/aokvqa/adversarial/seed1:  84%|████████▍ | 2519/3000 [07:23<01:24,  5.69it/s]
instructblip/pope/ricd/aokvqa/adversarial/seed1:  84%|████████▍ | 2520/3000 [07:23<01:22,  5.79it/s]
instructblip/pope/ricd/aokvqa/adversarial/seed1:  84%|████████▍ | 2521/3000 [07:23<01:21,  5.88it/s]
instructblip/pope/ricd/aokvqa/adversarial/seed1:  84%|████████▍ | 2522/3000 [07:23<01:22,  5.80it/s]
instructblip/pope/ricd/aokvqa/adversarial/seed1:  84%|████████▍ | 2523/3000 [07:23<01:21,  5.83it/s]
instructblip/pope/ricd/aokvqa/adversarial/seed1:  84%|████████▍ | 2524/3000 [07:23<01:23,  5.73it/s]
instructblip/pope/ricd/aokvqa/adversarial/seed1:  84%|████████▍ | 2525/3000 [07:24<01:22,  5.79it/s]
instructblip/pope/ricd/aokvqa/adversarial/seed1:  84%|████████▍ | 2526/3000 [07:24<01:22,  5.73it/s]
instructblip/pope/ricd/aokvqa/adversarial/seed1:  84%|████████▍ | 2527/3000 [07:24<01:21,  5.81it/s]
instructblip/pope/ricd/aokvqa/adversarial/seed1:  84%|████████▍ | 2528/3000 [07:24<01:27,  5.39it/s]
instructblip/pope/ricd/aokvqa/adversarial/seed1:  84%|████████▍ | 2529/3000 [07:24<01:26,  5.42it/s]
instructblip/pope/ricd/aokvqa/adversarial/seed1:  84%|████████▍ | 2530/3000 [07:24<01:26,  5.45it/s]
instructblip/pope/ricd/aokvqa/adversarial/seed1:  84%|████████▍ | 2531/3000 [07:25<01:24,  5.56it/s]
instructblip/pope/ricd/aokvqa/adversarial/seed1:  84%|████████▍ | 2532/3000 [07:25<01:25,  5.50it/s]
instructblip/pope/ricd/aokvqa/adversarial/seed1:  84%|████████▍ | 2533/3000 [07:25<01:25,  5.44it/s]
instructblip/pope/ricd/aokvqa/adversarial/seed1:  84%|████████▍ | 2534/3000 [07:25<01:24,  5.51it/s]
instructblip/pope/ricd/aokvqa/adversarial/seed1:  84%|████████▍ | 2535/3000 [07:25<01:31,  5.08it/s]
instructblip/pope/ricd/aokvqa/adversarial/seed1:  85%|████████▍ | 2536/3000 [07:26<01:27,  5.33it/s]
instructblip/pope/ricd/aokvqa/adversarial/seed1:  85%|████████▍ | 2537/3000 [07:26<01:23,  5.51it/s]
instructblip/pope/ricd/aokvqa/adversarial/seed1:  85%|████████▍ | 2538/3000 [07:26<01:22,  5.60it/s]
instructblip/pope/ricd/aokvqa/adversarial/seed1:  85%|████████▍ | 2539/3000 [07:26<01:20,  5.70it/s]
instructblip/pope/ricd/aokvqa/adversarial/seed1:  85%|████████▍ | 2540/3000 [07:26<01:20,  5.74it/s]
instructblip/pope/ricd/aokvqa/adversarial/seed1:  85%|████████▍ | 2541/3000 [07:26<01:19,  5.80it/s]
instructblip/pope/ricd/aokvqa/adversarial/seed1:  85%|████████▍ | 2542/3000 [07:27<01:20,  5.71it/s]
instructblip/pope/ricd/aokvqa/adversarial/seed1:  85%|████████▍ | 2543/3000 [07:27<01:24,  5.43it/s]
instructblip/pope/ricd/aokvqa/adversarial/seed1:  85%|████████▍ | 2544/3000 [07:27<01:22,  5.50it/s]
instructblip/pope/ricd/aokvqa/adversarial/seed1:  85%|████████▍ | 2545/3000 [07:27<01:22,  5.49it/s]
instructblip/pope/ricd/aokvqa/adversarial/seed1:  85%|████████▍ | 2546/3000 [07:27<01:23,  5.45it/s]
instructblip/pope/ricd/aokvqa/adversarial/seed1:  85%|████████▍ | 2547/3000 [07:28<01:22,  5.49it/s]
instructblip/pope/ricd/aokvqa/adversarial/seed1:  85%|████████▍ | 2548/3000 [07:28<01:24,  5.36it/s]
instructblip/pope/ricd/aokvqa/adversarial/seed1:  85%|████████▍ | 2549/3000 [07:28<01:27,  5.14it/s]
instructblip/pope/ricd/aokvqa/adversarial/seed1:  85%|████████▌ | 2550/3000 [07:28<01:30,  4.95it/s]
instructblip/pope/ricd/aokvqa/adversarial/seed1:  85%|████████▌ | 2551/3000 [07:28<01:32,  4.85it/s]
instructblip/pope/ricd/aokvqa/adversarial/seed1:  85%|████████▌ | 2552/3000 [07:29<01:28,  5.07it/s]
instructblip/pope/ricd/aokvqa/adversarial/seed1:  85%|████████▌ | 2553/3000 [07:29<01:24,  5.28it/s]
instructblip/pope/ricd/aokvqa/adversarial/seed1:  85%|████████▌ | 2554/3000 [07:29<01:21,  5.47it/s]
instructblip/pope/ricd/aokvqa/adversarial/seed1:  85%|████████▌ | 2555/3000 [07:29<01:19,  5.59it/s]
instructblip/pope/ricd/aokvqa/adversarial/seed1:  85%|████████▌ | 2556/3000 [07:29<01:19,  5.56it/s]
instructblip/pope/ricd/aokvqa/adversarial/seed1:  85%|████████▌ | 2557/3000 [07:29<01:20,  5.54it/s]
instructblip/pope/ricd/aokvqa/adversarial/seed1:  85%|████████▌ | 2558/3000 [07:30<01:20,  5.51it/s]
instructblip/pope/ricd/aokvqa/adversarial/seed1:  85%|████████▌ | 2559/3000 [07:30<01:20,  5.50it/s]
instructblip/pope/ricd/aokvqa/adversarial/seed1:  85%|████████▌ | 2560/3000 [07:30<01:18,  5.62it/s]
instructblip/pope/ricd/aokvqa/adversarial/seed1:  85%|████████▌ | 2561/3000 [07:30<01:18,  5.59it/s]
instructblip/pope/ricd/aokvqa/adversarial/seed1:  85%|████████▌ | 2562/3000 [07:30<01:16,  5.69it/s]
instructblip/pope/ricd/aokvqa/adversarial/seed1:  85%|████████▌ | 2563/3000 [07:31<01:15,  5.76it/s]
instructblip/pope/ricd/aokvqa/adversarial/seed1:  85%|████████▌ | 2564/3000 [07:31<01:16,  5.73it/s]
instructblip/pope/ricd/aokvqa/adversarial/seed1:  86%|████████▌ | 2565/3000 [07:31<01:16,  5.67it/s]
instructblip/pope/ricd/aokvqa/adversarial/seed1:  86%|████████▌ | 2566/3000 [07:31<01:15,  5.73it/s]
instructblip/pope/ricd/aokvqa/adversarial/seed1:  86%|████████▌ | 2567/3000 [07:31<01:14,  5.79it/s]
instructblip/pope/ricd/aokvqa/adversarial/seed1:  86%|████████▌ | 2568/3000 [07:31<01:14,  5.76it/s]
instructblip/pope/ricd/aokvqa/adversarial/seed1:  86%|████████▌ | 2569/3000 [07:32<01:13,  5.84it/s]
instructblip/pope/ricd/aokvqa/adversarial/seed1:  86%|████████▌ | 2570/3000 [07:32<01:13,  5.89it/s]
instructblip/pope/ricd/aokvqa/adversarial/seed1:  86%|████████▌ | 2571/3000 [07:32<01:13,  5.83it/s]
instructblip/pope/ricd/aokvqa/adversarial/seed1:  86%|████████▌ | 2572/3000 [07:32<01:12,  5.89it/s]
instructblip/pope/ricd/aokvqa/adversarial/seed1:  86%|████████▌ | 2573/3000 [07:32<01:11,  5.96it/s]
instructblip/pope/ricd/aokvqa/adversarial/seed1:  86%|████████▌ | 2574/3000 [07:32<01:11,  5.99it/s]
instructblip/pope/ricd/aokvqa/adversarial/seed1:  86%|████████▌ | 2575/3000 [07:33<01:11,  5.99it/s]
instructblip/pope/ricd/aokvqa/adversarial/seed1:  86%|████████▌ | 2576/3000 [07:33<01:10,  5.99it/s]
instructblip/pope/ricd/aokvqa/adversarial/seed1:  86%|████████▌ | 2577/3000 [07:33<01:10,  5.98it/s]
instructblip/pope/ricd/aokvqa/adversarial/seed1:  86%|████████▌ | 2578/3000 [07:33<01:10,  5.99it/s]
instructblip/pope/ricd/aokvqa/adversarial/seed1:  86%|████████▌ | 2579/3000 [07:33<01:10,  6.00it/s]
instructblip/pope/ricd/aokvqa/adversarial/seed1:  86%|████████▌ | 2580/3000 [07:33<01:10,  6.00it/s]
instructblip/pope/ricd/aokvqa/adversarial/seed1:  86%|████████▌ | 2581/3000 [07:34<01:09,  6.01it/s]
instructblip/pope/ricd/aokvqa/adversarial/seed1:  86%|████████▌ | 2582/3000 [07:34<01:11,  5.88it/s]
instructblip/pope/ricd/aokvqa/adversarial/seed1:  86%|████████▌ | 2583/3000 [07:34<01:10,  5.89it/s]
instructblip/pope/ricd/aokvqa/adversarial/seed1:  86%|████████▌ | 2584/3000 [07:34<01:14,  5.60it/s]
instructblip/pope/ricd/aokvqa/adversarial/seed1:  86%|████████▌ | 2585/3000 [07:34<01:14,  5.54it/s]
instructblip/pope/ricd/aokvqa/adversarial/seed1:  86%|████████▌ | 2586/3000 [07:34<01:13,  5.67it/s]
instructblip/pope/ricd/aokvqa/adversarial/seed1:  86%|████████▌ | 2587/3000 [07:35<01:15,  5.51it/s]
instructblip/pope/ricd/aokvqa/adversarial/seed1:  86%|████████▋ | 2588/3000 [07:35<01:13,  5.61it/s]
instructblip/pope/ricd/aokvqa/adversarial/seed1:  86%|████████▋ | 2589/3000 [07:35<01:13,  5.62it/s]
instructblip/pope/ricd/aokvqa/adversarial/seed1:  86%|████████▋ | 2590/3000 [07:35<01:14,  5.51it/s]
instructblip/pope/ricd/aokvqa/adversarial/seed1:  86%|████████▋ | 2591/3000 [07:35<01:13,  5.53it/s]
instructblip/pope/ricd/aokvqa/adversarial/seed1:  86%|████████▋ | 2592/3000 [07:36<01:12,  5.64it/s]
instructblip/pope/ricd/aokvqa/adversarial/seed1:  86%|████████▋ | 2593/3000 [07:36<01:11,  5.72it/s]
instructblip/pope/ricd/aokvqa/adversarial/seed1:  86%|████████▋ | 2594/3000 [07:36<01:11,  5.65it/s]
instructblip/pope/ricd/aokvqa/adversarial/seed1:  86%|████████▋ | 2595/3000 [07:36<01:10,  5.74it/s]
instructblip/pope/ricd/aokvqa/adversarial/seed1:  87%|████████▋ | 2596/3000 [07:36<01:09,  5.82it/s]
instructblip/pope/ricd/aokvqa/adversarial/seed1:  87%|████████▋ | 2597/3000 [07:36<01:08,  5.86it/s]
instructblip/pope/ricd/aokvqa/adversarial/seed1:  87%|████████▋ | 2598/3000 [07:37<01:08,  5.89it/s]
instructblip/pope/ricd/aokvqa/adversarial/seed1:  87%|████████▋ | 2599/3000 [07:37<01:08,  5.90it/s]
instructblip/pope/ricd/aokvqa/adversarial/seed1:  87%|████████▋ | 2600/3000 [07:37<01:08,  5.84it/s]
instructblip/pope/ricd/aokvqa/adversarial/seed1:  87%|████████▋ | 2601/3000 [07:37<01:10,  5.70it/s]
instructblip/pope/ricd/aokvqa/adversarial/seed1:  87%|████████▋ | 2602/3000 [07:37<01:11,  5.60it/s]
instructblip/pope/ricd/aokvqa/adversarial/seed1:  87%|████████▋ | 2603/3000 [07:37<01:11,  5.58it/s]
instructblip/pope/ricd/aokvqa/adversarial/seed1:  87%|████████▋ | 2604/3000 [07:38<01:10,  5.64it/s]
instructblip/pope/ricd/aokvqa/adversarial/seed1:  87%|████████▋ | 2605/3000 [07:38<01:09,  5.70it/s]
instructblip/pope/ricd/aokvqa/adversarial/seed1:  87%|████████▋ | 2606/3000 [07:38<01:16,  5.17it/s]
instructblip/pope/ricd/aokvqa/adversarial/seed1:  87%|████████▋ | 2607/3000 [07:38<01:13,  5.34it/s]
instructblip/pope/ricd/aokvqa/adversarial/seed1:  87%|████████▋ | 2608/3000 [07:38<01:12,  5.41it/s]
instructblip/pope/ricd/aokvqa/adversarial/seed1:  87%|████████▋ | 2609/3000 [07:39<01:10,  5.54it/s]
instructblip/pope/ricd/aokvqa/adversarial/seed1:  87%|████████▋ | 2610/3000 [07:39<01:10,  5.56it/s]
instructblip/pope/ricd/aokvqa/adversarial/seed1:  87%|████████▋ | 2611/3000 [07:39<01:09,  5.63it/s]
instructblip/pope/ricd/aokvqa/adversarial/seed1:  87%|████████▋ | 2612/3000 [07:39<01:08,  5.64it/s]
instructblip/pope/ricd/aokvqa/adversarial/seed1:  87%|████████▋ | 2613/3000 [07:39<01:07,  5.70it/s]
instructblip/pope/ricd/aokvqa/adversarial/seed1:  87%|████████▋ | 2614/3000 [07:39<01:07,  5.76it/s]
instructblip/pope/ricd/aokvqa/adversarial/seed1:  87%|████████▋ | 2615/3000 [07:40<01:06,  5.77it/s]
instructblip/pope/ricd/aokvqa/adversarial/seed1:  87%|████████▋ | 2616/3000 [07:40<01:05,  5.83it/s]
instructblip/pope/ricd/aokvqa/adversarial/seed1:  87%|████████▋ | 2617/3000 [07:40<01:06,  5.80it/s]
instructblip/pope/ricd/aokvqa/adversarial/seed1:  87%|████████▋ | 2618/3000 [07:40<01:06,  5.73it/s]
instructblip/pope/ricd/aokvqa/adversarial/seed1:  87%|████████▋ | 2619/3000 [07:40<01:07,  5.62it/s]
instructblip/pope/ricd/aokvqa/adversarial/seed1:  87%|████████▋ | 2620/3000 [07:40<01:08,  5.58it/s]
instructblip/pope/ricd/aokvqa/adversarial/seed1:  87%|████████▋ | 2621/3000 [07:41<01:07,  5.59it/s]
instructblip/pope/ricd/aokvqa/adversarial/seed1:  87%|████████▋ | 2622/3000 [07:41<01:07,  5.62it/s]
instructblip/pope/ricd/aokvqa/adversarial/seed1:  87%|████████▋ | 2623/3000 [07:41<01:07,  5.62it/s]
instructblip/pope/ricd/aokvqa/adversarial/seed1:  87%|████████▋ | 2624/3000 [07:41<01:07,  5.58it/s]
instructblip/pope/ricd/aokvqa/adversarial/seed1:  88%|████████▊ | 2625/3000 [07:41<01:07,  5.56it/s]
instructblip/pope/ricd/aokvqa/adversarial/seed1:  88%|████████▊ | 2626/3000 [07:42<01:06,  5.62it/s]
instructblip/pope/ricd/aokvqa/adversarial/seed1:  88%|████████▊ | 2627/3000 [07:42<01:06,  5.59it/s]
instructblip/pope/ricd/aokvqa/adversarial/seed1:  88%|████████▊ | 2628/3000 [07:42<01:06,  5.62it/s]
instructblip/pope/ricd/aokvqa/adversarial/seed1:  88%|████████▊ | 2629/3000 [07:42<01:05,  5.63it/s]
instructblip/pope/ricd/aokvqa/adversarial/seed1:  88%|████████▊ | 2630/3000 [07:42<01:04,  5.71it/s]
instructblip/pope/ricd/aokvqa/adversarial/seed1:  88%|████████▊ | 2631/3000 [07:42<01:04,  5.73it/s]
instructblip/pope/ricd/aokvqa/adversarial/seed1:  88%|████████▊ | 2632/3000 [07:43<01:04,  5.71it/s]
instructblip/pope/ricd/aokvqa/adversarial/seed1:  88%|████████▊ | 2633/3000 [07:43<01:04,  5.65it/s]
instructblip/pope/ricd/aokvqa/adversarial/seed1:  88%|████████▊ | 2634/3000 [07:43<01:03,  5.73it/s]
instructblip/pope/ricd/aokvqa/adversarial/seed1:  88%|████████▊ | 2635/3000 [07:43<01:03,  5.74it/s]
instructblip/pope/ricd/aokvqa/adversarial/seed1:  88%|████████▊ | 2636/3000 [07:43<01:03,  5.69it/s]
instructblip/pope/ricd/aokvqa/adversarial/seed1:  88%|████████▊ | 2637/3000 [07:44<01:07,  5.39it/s]
instructblip/pope/ricd/aokvqa/adversarial/seed1:  88%|████████▊ | 2638/3000 [07:44<01:09,  5.25it/s]
instructblip/pope/ricd/aokvqa/adversarial/seed1:  88%|████████▊ | 2639/3000 [07:44<01:07,  5.38it/s]
instructblip/pope/ricd/aokvqa/adversarial/seed1:  88%|████████▊ | 2640/3000 [07:44<01:06,  5.39it/s]
instructblip/pope/ricd/aokvqa/adversarial/seed1:  88%|████████▊ | 2641/3000 [07:44<01:04,  5.53it/s]
instructblip/pope/ricd/aokvqa/adversarial/seed1:  88%|████████▊ | 2642/3000 [07:44<01:04,  5.59it/s]
instructblip/pope/ricd/aokvqa/adversarial/seed1:  88%|████████▊ | 2643/3000 [07:45<01:03,  5.58it/s]
instructblip/pope/ricd/aokvqa/adversarial/seed1:  88%|████████▊ | 2644/3000 [07:45<01:03,  5.64it/s]
instructblip/pope/ricd/aokvqa/adversarial/seed1:  88%|████████▊ | 2645/3000 [07:45<01:02,  5.64it/s]
instructblip/pope/ricd/aokvqa/adversarial/seed1:  88%|████████▊ | 2646/3000 [07:45<01:03,  5.60it/s]
instructblip/pope/ricd/aokvqa/adversarial/seed1:  88%|████████▊ | 2647/3000 [07:45<01:02,  5.61it/s]
instructblip/pope/ricd/aokvqa/adversarial/seed1:  88%|████████▊ | 2648/3000 [07:46<01:15,  4.68it/s]
instructblip/pope/ricd/aokvqa/adversarial/seed1:  88%|████████▊ | 2649/3000 [07:46<01:11,  4.89it/s]
instructblip/pope/ricd/aokvqa/adversarial/seed1:  88%|████████▊ | 2650/3000 [07:46<01:08,  5.14it/s]
instructblip/pope/ricd/aokvqa/adversarial/seed1:  88%|████████▊ | 2651/3000 [07:46<01:05,  5.36it/s]
instructblip/pope/ricd/aokvqa/adversarial/seed1:  88%|████████▊ | 2652/3000 [07:46<01:03,  5.46it/s]
instructblip/pope/ricd/aokvqa/adversarial/seed1:  88%|████████▊ | 2653/3000 [07:46<01:02,  5.52it/s]
instructblip/pope/ricd/aokvqa/adversarial/seed1:  88%|████████▊ | 2654/3000 [07:47<01:01,  5.65it/s]
instructblip/pope/ricd/aokvqa/adversarial/seed1:  88%|████████▊ | 2655/3000 [07:47<01:00,  5.74it/s]
instructblip/pope/ricd/aokvqa/adversarial/seed1:  89%|████████▊ | 2656/3000 [07:47<01:00,  5.70it/s]
instructblip/pope/ricd/aokvqa/adversarial/seed1:  89%|████████▊ | 2657/3000 [07:47<00:59,  5.74it/s]
instructblip/pope/ricd/aokvqa/adversarial/seed1:  89%|████████▊ | 2658/3000 [07:47<00:59,  5.77it/s]
instructblip/pope/ricd/aokvqa/adversarial/seed1:  89%|████████▊ | 2659/3000 [07:48<00:58,  5.83it/s]
instructblip/pope/ricd/aokvqa/adversarial/seed1:  89%|████████▊ | 2660/3000 [07:48<00:58,  5.81it/s]
instructblip/pope/ricd/aokvqa/adversarial/seed1:  89%|████████▊ | 2661/3000 [07:48<00:58,  5.80it/s]
instructblip/pope/ricd/aokvqa/adversarial/seed1:  89%|████████▊ | 2662/3000 [07:48<00:57,  5.87it/s]
instructblip/pope/ricd/aokvqa/adversarial/seed1:  89%|████████▉ | 2663/3000 [07:48<00:58,  5.75it/s]
instructblip/pope/ricd/aokvqa/adversarial/seed1:  89%|████████▉ | 2664/3000 [07:48<00:58,  5.77it/s]
instructblip/pope/ricd/aokvqa/adversarial/seed1:  89%|████████▉ | 2665/3000 [07:49<00:57,  5.84it/s]
instructblip/pope/ricd/aokvqa/adversarial/seed1:  89%|████████▉ | 2666/3000 [07:49<00:57,  5.80it/s]
instructblip/pope/ricd/aokvqa/adversarial/seed1:  89%|████████▉ | 2667/3000 [07:49<00:57,  5.82it/s]
instructblip/pope/ricd/aokvqa/adversarial/seed1:  89%|████████▉ | 2668/3000 [07:49<00:56,  5.89it/s]
instructblip/pope/ricd/aokvqa/adversarial/seed1:  89%|████████▉ | 2669/3000 [07:49<00:56,  5.84it/s]
instructblip/pope/ricd/aokvqa/adversarial/seed1:  89%|████████▉ | 2670/3000 [07:49<00:55,  5.90it/s]
instructblip/pope/ricd/aokvqa/adversarial/seed1:  89%|████████▉ | 2671/3000 [07:50<00:57,  5.71it/s]
instructblip/pope/ricd/aokvqa/adversarial/seed1:  89%|████████▉ | 2672/3000 [07:50<00:57,  5.69it/s]
instructblip/pope/ricd/aokvqa/adversarial/seed1:  89%|████████▉ | 2673/3000 [07:50<00:58,  5.57it/s]
instructblip/pope/ricd/aokvqa/adversarial/seed1:  89%|████████▉ | 2674/3000 [07:50<00:59,  5.52it/s]
instructblip/pope/ricd/aokvqa/adversarial/seed1:  89%|████████▉ | 2675/3000 [07:50<00:57,  5.62it/s]
instructblip/pope/ricd/aokvqa/adversarial/seed1:  89%|████████▉ | 2676/3000 [07:50<00:57,  5.68it/s]
instructblip/pope/ricd/aokvqa/adversarial/seed1:  89%|████████▉ | 2677/3000 [07:51<00:56,  5.75it/s]
instructblip/pope/ricd/aokvqa/adversarial/seed1:  89%|████████▉ | 2678/3000 [07:51<00:56,  5.74it/s]
instructblip/pope/ricd/aokvqa/adversarial/seed1:  89%|████████▉ | 2679/3000 [07:51<00:56,  5.73it/s]
instructblip/pope/ricd/aokvqa/adversarial/seed1:  89%|████████▉ | 2680/3000 [07:51<00:56,  5.68it/s]
instructblip/pope/ricd/aokvqa/adversarial/seed1:  89%|████████▉ | 2681/3000 [07:51<00:55,  5.71it/s]
instructblip/pope/ricd/aokvqa/adversarial/seed1:  89%|████████▉ | 2682/3000 [07:52<00:56,  5.67it/s]
instructblip/pope/ricd/aokvqa/adversarial/seed1:  89%|████████▉ | 2683/3000 [07:52<00:54,  5.77it/s]
instructblip/pope/ricd/aokvqa/adversarial/seed1:  89%|████████▉ | 2684/3000 [07:52<00:54,  5.78it/s]
instructblip/pope/ricd/aokvqa/adversarial/seed1:  90%|████████▉ | 2685/3000 [07:52<00:54,  5.83it/s]
instructblip/pope/ricd/aokvqa/adversarial/seed1:  90%|████████▉ | 2686/3000 [07:52<00:54,  5.81it/s]
instructblip/pope/ricd/aokvqa/adversarial/seed1:  90%|████████▉ | 2687/3000 [07:52<00:54,  5.80it/s]
instructblip/pope/ricd/aokvqa/adversarial/seed1:  90%|████████▉ | 2688/3000 [07:53<00:54,  5.73it/s]
instructblip/pope/ricd/aokvqa/adversarial/seed1:  90%|████████▉ | 2689/3000 [07:53<00:54,  5.73it/s]
instructblip/pope/ricd/aokvqa/adversarial/seed1:  90%|████████▉ | 2690/3000 [07:53<00:53,  5.82it/s]
instructblip/pope/ricd/aokvqa/adversarial/seed1:  90%|████████▉ | 2691/3000 [07:53<00:52,  5.90it/s]
instructblip/pope/ricd/aokvqa/adversarial/seed1:  90%|████████▉ | 2692/3000 [07:53<00:52,  5.81it/s]
instructblip/pope/ricd/aokvqa/adversarial/seed1:  90%|████████▉ | 2693/3000 [07:53<00:54,  5.68it/s]
instructblip/pope/ricd/aokvqa/adversarial/seed1:  90%|████████▉ | 2694/3000 [07:54<00:52,  5.80it/s]
instructblip/pope/ricd/aokvqa/adversarial/seed1:  90%|████████▉ | 2695/3000 [07:54<00:53,  5.75it/s]
instructblip/pope/ricd/aokvqa/adversarial/seed1:  90%|████████▉ | 2696/3000 [07:54<00:52,  5.84it/s]
instructblip/pope/ricd/aokvqa/adversarial/seed1:  90%|████████▉ | 2697/3000 [07:54<00:52,  5.79it/s]
instructblip/pope/ricd/aokvqa/adversarial/seed1:  90%|████████▉ | 2698/3000 [07:54<00:53,  5.69it/s]
instructblip/pope/ricd/aokvqa/adversarial/seed1:  90%|████████▉ | 2699/3000 [07:54<00:51,  5.80it/s]
instructblip/pope/ricd/aokvqa/adversarial/seed1:  90%|█████████ | 2700/3000 [07:55<00:51,  5.86it/s]
instructblip/pope/ricd/aokvqa/adversarial/seed1:  90%|█████████ | 2701/3000 [07:55<00:50,  5.90it/s]
instructblip/pope/ricd/aokvqa/adversarial/seed1:  90%|█████████ | 2702/3000 [07:55<00:50,  5.90it/s]
instructblip/pope/ricd/aokvqa/adversarial/seed1:  90%|█████████ | 2703/3000 [07:55<00:51,  5.80it/s]
instructblip/pope/ricd/aokvqa/adversarial/seed1:  90%|█████████ | 2704/3000 [07:55<00:50,  5.90it/s]
instructblip/pope/ricd/aokvqa/adversarial/seed1:  90%|█████████ | 2705/3000 [07:55<00:49,  5.99it/s]
instructblip/pope/ricd/aokvqa/adversarial/seed1:  90%|█████████ | 2706/3000 [07:56<00:49,  5.88it/s]
instructblip/pope/ricd/aokvqa/adversarial/seed1:  90%|█████████ | 2707/3000 [07:56<00:50,  5.83it/s]
instructblip/pope/ricd/aokvqa/adversarial/seed1:  90%|█████████ | 2708/3000 [07:56<00:51,  5.70it/s]
instructblip/pope/ricd/aokvqa/adversarial/seed1:  90%|█████████ | 2709/3000 [07:56<00:51,  5.63it/s]
instructblip/pope/ricd/aokvqa/adversarial/seed1:  90%|█████████ | 2710/3000 [07:56<00:50,  5.69it/s]
instructblip/pope/ricd/aokvqa/adversarial/seed1:  90%|█████████ | 2711/3000 [07:57<00:50,  5.67it/s]
instructblip/pope/ricd/aokvqa/adversarial/seed1:  90%|█████████ | 2712/3000 [07:57<00:51,  5.64it/s]
instructblip/pope/ricd/aokvqa/adversarial/seed1:  90%|█████████ | 2713/3000 [07:57<00:50,  5.74it/s]
instructblip/pope/ricd/aokvqa/adversarial/seed1:  90%|█████████ | 2714/3000 [07:57<00:49,  5.80it/s]
instructblip/pope/ricd/aokvqa/adversarial/seed1:  90%|█████████ | 2715/3000 [07:57<00:48,  5.85it/s]
instructblip/pope/ricd/aokvqa/adversarial/seed1:  91%|█████████ | 2716/3000 [07:57<00:48,  5.81it/s]
instructblip/pope/ricd/aokvqa/adversarial/seed1:  91%|█████████ | 2717/3000 [07:58<00:48,  5.79it/s]
instructblip/pope/ricd/aokvqa/adversarial/seed1:  91%|█████████ | 2718/3000 [07:58<00:49,  5.74it/s]
instructblip/pope/ricd/aokvqa/adversarial/seed1:  91%|█████████ | 2719/3000 [07:58<00:53,  5.23it/s]
instructblip/pope/ricd/aokvqa/adversarial/seed1:  91%|█████████ | 2720/3000 [07:58<00:53,  5.26it/s]
instructblip/pope/ricd/aokvqa/adversarial/seed1:  91%|█████████ | 2721/3000 [07:58<00:51,  5.46it/s]
instructblip/pope/ricd/aokvqa/adversarial/seed1:  91%|█████████ | 2722/3000 [07:59<00:51,  5.43it/s]
instructblip/pope/ricd/aokvqa/adversarial/seed1:  91%|█████████ | 2723/3000 [07:59<00:51,  5.35it/s]
instructblip/pope/ricd/aokvqa/adversarial/seed1:  91%|█████████ | 2724/3000 [07:59<00:57,  4.78it/s]
instructblip/pope/ricd/aokvqa/adversarial/seed1:  91%|█████████ | 2725/3000 [07:59<00:54,  5.08it/s]
instructblip/pope/ricd/aokvqa/adversarial/seed1:  91%|█████████ | 2726/3000 [07:59<00:52,  5.26it/s]
instructblip/pope/ricd/aokvqa/adversarial/seed1:  91%|█████████ | 2727/3000 [07:59<00:51,  5.33it/s]
instructblip/pope/ricd/aokvqa/adversarial/seed1:  91%|█████████ | 2728/3000 [08:00<00:49,  5.46it/s]
instructblip/pope/ricd/aokvqa/adversarial/seed1:  91%|█████████ | 2729/3000 [08:00<00:48,  5.56it/s]
instructblip/pope/ricd/aokvqa/adversarial/seed1:  91%|█████████ | 2730/3000 [08:00<00:51,  5.27it/s]
instructblip/pope/ricd/aokvqa/adversarial/seed1:  91%|█████████ | 2731/3000 [08:00<00:49,  5.40it/s]
instructblip/pope/ricd/aokvqa/adversarial/seed1:  91%|█████████ | 2732/3000 [08:00<00:49,  5.46it/s]
instructblip/pope/ricd/aokvqa/adversarial/seed1:  91%|█████████ | 2733/3000 [08:01<00:48,  5.47it/s]
instructblip/pope/ricd/aokvqa/adversarial/seed1:  91%|█████████ | 2734/3000 [08:01<00:48,  5.47it/s]
instructblip/pope/ricd/aokvqa/adversarial/seed1:  91%|█████████ | 2735/3000 [08:01<00:47,  5.55it/s]
instructblip/pope/ricd/aokvqa/adversarial/seed1:  91%|█████████ | 2736/3000 [08:01<00:47,  5.59it/s]
instructblip/pope/ricd/aokvqa/adversarial/seed1:  91%|█████████ | 2737/3000 [08:01<00:47,  5.56it/s]
instructblip/pope/ricd/aokvqa/adversarial/seed1:  91%|█████████▏| 2738/3000 [08:01<00:46,  5.68it/s]
instructblip/pope/ricd/aokvqa/adversarial/seed1:  91%|█████████▏| 2739/3000 [08:02<00:45,  5.79it/s]
instructblip/pope/ricd/aokvqa/adversarial/seed1:  91%|█████████▏| 2740/3000 [08:02<00:44,  5.83it/s]
instructblip/pope/ricd/aokvqa/adversarial/seed1:  91%|█████████▏| 2741/3000 [08:02<00:43,  5.91it/s]
instructblip/pope/ricd/aokvqa/adversarial/seed1:  91%|█████████▏| 2742/3000 [08:02<00:43,  5.95it/s]
instructblip/pope/ricd/aokvqa/adversarial/seed1:  91%|█████████▏| 2743/3000 [08:02<00:43,  5.89it/s]
instructblip/pope/ricd/aokvqa/adversarial/seed1:  91%|█████████▏| 2744/3000 [08:02<00:43,  5.93it/s]
instructblip/pope/ricd/aokvqa/adversarial/seed1:  92%|█████████▏| 2745/3000 [08:03<00:42,  5.95it/s]
instructblip/pope/ricd/aokvqa/adversarial/seed1:  92%|█████████▏| 2746/3000 [08:03<00:42,  5.95it/s]
instructblip/pope/ricd/aokvqa/adversarial/seed1:  92%|█████████▏| 2747/3000 [08:03<00:42,  5.92it/s]
instructblip/pope/ricd/aokvqa/adversarial/seed1:  92%|█████████▏| 2748/3000 [08:03<00:42,  5.89it/s]
instructblip/pope/ricd/aokvqa/adversarial/seed1:  92%|█████████▏| 2749/3000 [08:03<00:43,  5.82it/s]
instructblip/pope/ricd/aokvqa/adversarial/seed1:  92%|█████████▏| 2750/3000 [08:03<00:42,  5.86it/s]
instructblip/pope/ricd/aokvqa/adversarial/seed1:  92%|█████████▏| 2751/3000 [08:04<00:42,  5.89it/s]
instructblip/pope/ricd/aokvqa/adversarial/seed1:  92%|█████████▏| 2752/3000 [08:04<00:42,  5.83it/s]
instructblip/pope/ricd/aokvqa/adversarial/seed1:  92%|█████████▏| 2753/3000 [08:04<00:42,  5.87it/s]
instructblip/pope/ricd/aokvqa/adversarial/seed1:  92%|█████████▏| 2754/3000 [08:04<00:42,  5.80it/s]
instructblip/pope/ricd/aokvqa/adversarial/seed1:  92%|█████████▏| 2755/3000 [08:04<00:42,  5.73it/s]
instructblip/pope/ricd/aokvqa/adversarial/seed1:  92%|█████████▏| 2756/3000 [08:05<00:42,  5.79it/s]
instructblip/pope/ricd/aokvqa/adversarial/seed1:  92%|█████████▏| 2757/3000 [08:05<00:41,  5.80it/s]
instructblip/pope/ricd/aokvqa/adversarial/seed1:  92%|█████████▏| 2758/3000 [08:05<00:41,  5.78it/s]
instructblip/pope/ricd/aokvqa/adversarial/seed1:  92%|█████████▏| 2759/3000 [08:05<00:42,  5.72it/s]
instructblip/pope/ricd/aokvqa/adversarial/seed1:  92%|█████████▏| 2760/3000 [08:05<00:41,  5.73it/s]
instructblip/pope/ricd/aokvqa/adversarial/seed1:  92%|█████████▏| 2761/3000 [08:06<00:50,  4.70it/s]
instructblip/pope/ricd/aokvqa/adversarial/seed1:  92%|█████████▏| 2762/3000 [08:06<00:47,  4.96it/s]
instructblip/pope/ricd/aokvqa/adversarial/seed1:  92%|█████████▏| 2763/3000 [08:06<00:45,  5.23it/s]
instructblip/pope/ricd/aokvqa/adversarial/seed1:  92%|█████████▏| 2764/3000 [08:06<00:43,  5.40it/s]
instructblip/pope/ricd/aokvqa/adversarial/seed1:  92%|█████████▏| 2765/3000 [08:06<00:42,  5.53it/s]
instructblip/pope/ricd/aokvqa/adversarial/seed1:  92%|█████████▏| 2766/3000 [08:06<00:41,  5.57it/s]
instructblip/pope/ricd/aokvqa/adversarial/seed1:  92%|█████████▏| 2767/3000 [08:07<00:41,  5.65it/s]
instructblip/pope/ricd/aokvqa/adversarial/seed1:  92%|█████████▏| 2768/3000 [08:07<00:40,  5.76it/s]
instructblip/pope/ricd/aokvqa/adversarial/seed1:  92%|█████████▏| 2769/3000 [08:07<00:41,  5.63it/s]
instructblip/pope/ricd/aokvqa/adversarial/seed1:  92%|█████████▏| 2770/3000 [08:07<00:40,  5.71it/s]
instructblip/pope/ricd/aokvqa/adversarial/seed1:  92%|█████████▏| 2771/3000 [08:07<00:41,  5.57it/s]
instructblip/pope/ricd/aokvqa/adversarial/seed1:  92%|█████████▏| 2772/3000 [08:07<00:40,  5.62it/s]
instructblip/pope/ricd/aokvqa/adversarial/seed1:  92%|█████████▏| 2773/3000 [08:08<00:39,  5.69it/s]
instructblip/pope/ricd/aokvqa/adversarial/seed1:  92%|█████████▏| 2774/3000 [08:08<00:39,  5.73it/s]
instructblip/pope/ricd/aokvqa/adversarial/seed1:  92%|█████████▎| 2775/3000 [08:08<00:38,  5.77it/s]
instructblip/pope/ricd/aokvqa/adversarial/seed1:  93%|█████████▎| 2776/3000 [08:08<00:39,  5.72it/s]
instructblip/pope/ricd/aokvqa/adversarial/seed1:  93%|█████████▎| 2777/3000 [08:08<00:38,  5.80it/s]
instructblip/pope/ricd/aokvqa/adversarial/seed1:  93%|█████████▎| 2778/3000 [08:08<00:38,  5.84it/s]
instructblip/pope/ricd/aokvqa/adversarial/seed1:  93%|█████████▎| 2779/3000 [08:09<00:38,  5.76it/s]
instructblip/pope/ricd/aokvqa/adversarial/seed1:  93%|█████████▎| 2780/3000 [08:09<00:38,  5.72it/s]
instructblip/pope/ricd/aokvqa/adversarial/seed1:  93%|█████████▎| 2781/3000 [08:09<00:38,  5.69it/s]
instructblip/pope/ricd/aokvqa/adversarial/seed1:  93%|█████████▎| 2782/3000 [08:09<00:38,  5.63it/s]
instructblip/pope/ricd/aokvqa/adversarial/seed1:  93%|█████████▎| 2783/3000 [08:09<00:38,  5.67it/s]
instructblip/pope/ricd/aokvqa/adversarial/seed1:  93%|█████████▎| 2784/3000 [08:10<00:37,  5.69it/s]
instructblip/pope/ricd/aokvqa/adversarial/seed1:  93%|█████████▎| 2785/3000 [08:10<00:37,  5.74it/s]
instructblip/pope/ricd/aokvqa/adversarial/seed1:  93%|█████████▎| 2786/3000 [08:10<00:39,  5.46it/s]
instructblip/pope/ricd/aokvqa/adversarial/seed1:  93%|█████████▎| 2787/3000 [08:10<00:39,  5.42it/s]
instructblip/pope/ricd/aokvqa/adversarial/seed1:  93%|█████████▎| 2788/3000 [08:10<00:38,  5.55it/s]
instructblip/pope/ricd/aokvqa/adversarial/seed1:  93%|█████████▎| 2789/3000 [08:10<00:37,  5.56it/s]
instructblip/pope/ricd/aokvqa/adversarial/seed1:  93%|█████████▎| 2790/3000 [08:11<00:36,  5.68it/s]
instructblip/pope/ricd/aokvqa/adversarial/seed1:  93%|█████████▎| 2791/3000 [08:11<00:37,  5.62it/s]
instructblip/pope/ricd/aokvqa/adversarial/seed1:  93%|█████████▎| 2792/3000 [08:11<00:36,  5.67it/s]
instructblip/pope/ricd/aokvqa/adversarial/seed1:  93%|█████████▎| 2793/3000 [08:11<00:36,  5.63it/s]
instructblip/pope/ricd/aokvqa/adversarial/seed1:  93%|█████████▎| 2794/3000 [08:11<00:36,  5.62it/s]
instructblip/pope/ricd/aokvqa/adversarial/seed1:  93%|█████████▎| 2795/3000 [08:11<00:36,  5.62it/s]
instructblip/pope/ricd/aokvqa/adversarial/seed1:  93%|█████████▎| 2796/3000 [08:12<00:36,  5.61it/s]
instructblip/pope/ricd/aokvqa/adversarial/seed1:  93%|█████████▎| 2797/3000 [08:12<00:36,  5.63it/s]
instructblip/pope/ricd/aokvqa/adversarial/seed1:  93%|█████████▎| 2798/3000 [08:12<00:35,  5.64it/s]
instructblip/pope/ricd/aokvqa/adversarial/seed1:  93%|█████████▎| 2799/3000 [08:12<00:35,  5.67it/s]
instructblip/pope/ricd/aokvqa/adversarial/seed1:  93%|█████████▎| 2800/3000 [08:12<00:35,  5.62it/s]
instructblip/pope/ricd/aokvqa/adversarial/seed1:  93%|█████████▎| 2801/3000 [08:13<00:35,  5.63it/s]
instructblip/pope/ricd/aokvqa/adversarial/seed1:  93%|█████████▎| 2802/3000 [08:13<00:34,  5.69it/s]
instructblip/pope/ricd/aokvqa/adversarial/seed1:  93%|█████████▎| 2803/3000 [08:13<00:34,  5.71it/s]
instructblip/pope/ricd/aokvqa/adversarial/seed1:  93%|█████████▎| 2804/3000 [08:13<00:34,  5.66it/s]
instructblip/pope/ricd/aokvqa/adversarial/seed1:  94%|█████████▎| 2805/3000 [08:13<00:34,  5.69it/s]
instructblip/pope/ricd/aokvqa/adversarial/seed1:  94%|█████████▎| 2806/3000 [08:13<00:34,  5.69it/s]
instructblip/pope/ricd/aokvqa/adversarial/seed1:  94%|█████████▎| 2807/3000 [08:14<00:34,  5.64it/s]
instructblip/pope/ricd/aokvqa/adversarial/seed1:  94%|█████████▎| 2808/3000 [08:14<00:33,  5.72it/s]
instructblip/pope/ricd/aokvqa/adversarial/seed1:  94%|█████████▎| 2809/3000 [08:14<00:32,  5.81it/s]
instructblip/pope/ricd/aokvqa/adversarial/seed1:  94%|█████████▎| 2810/3000 [08:14<00:32,  5.78it/s]
instructblip/pope/ricd/aokvqa/adversarial/seed1:  94%|█████████▎| 2811/3000 [08:14<00:33,  5.71it/s]
instructblip/pope/ricd/aokvqa/adversarial/seed1:  94%|█████████▎| 2812/3000 [08:14<00:32,  5.76it/s]
instructblip/pope/ricd/aokvqa/adversarial/seed1:  94%|█████████▍| 2813/3000 [08:15<00:32,  5.72it/s]
instructblip/pope/ricd/aokvqa/adversarial/seed1:  94%|█████████▍| 2814/3000 [08:15<00:32,  5.77it/s]
instructblip/pope/ricd/aokvqa/adversarial/seed1:  94%|█████████▍| 2815/3000 [08:15<00:32,  5.76it/s]
instructblip/pope/ricd/aokvqa/adversarial/seed1:  94%|█████████▍| 2816/3000 [08:15<00:32,  5.70it/s]
instructblip/pope/ricd/aokvqa/adversarial/seed1:  94%|█████████▍| 2817/3000 [08:15<00:36,  5.03it/s]
instructblip/pope/ricd/aokvqa/adversarial/seed1:  94%|█████████▍| 2818/3000 [08:16<00:36,  5.03it/s]
instructblip/pope/ricd/aokvqa/adversarial/seed1:  94%|█████████▍| 2819/3000 [08:16<00:34,  5.27it/s]
instructblip/pope/ricd/aokvqa/adversarial/seed1:  94%|█████████▍| 2820/3000 [08:16<00:33,  5.40it/s]
instructblip/pope/ricd/aokvqa/adversarial/seed1:  94%|█████████▍| 2821/3000 [08:16<00:32,  5.57it/s]
instructblip/pope/ricd/aokvqa/adversarial/seed1:  94%|█████████▍| 2822/3000 [08:16<00:31,  5.71it/s]
instructblip/pope/ricd/aokvqa/adversarial/seed1:  94%|█████████▍| 2823/3000 [08:16<00:30,  5.80it/s]
instructblip/pope/ricd/aokvqa/adversarial/seed1:  94%|█████████▍| 2824/3000 [08:17<00:30,  5.86it/s]
instructblip/pope/ricd/aokvqa/adversarial/seed1:  94%|█████████▍| 2825/3000 [08:17<00:29,  5.91it/s]
instructblip/pope/ricd/aokvqa/adversarial/seed1:  94%|█████████▍| 2826/3000 [08:17<00:29,  5.88it/s]
instructblip/pope/ricd/aokvqa/adversarial/seed1:  94%|█████████▍| 2827/3000 [08:17<00:29,  5.91it/s]
instructblip/pope/ricd/aokvqa/adversarial/seed1:  94%|█████████▍| 2828/3000 [08:17<00:29,  5.91it/s]
instructblip/pope/ricd/aokvqa/adversarial/seed1:  94%|█████████▍| 2829/3000 [08:17<00:28,  5.91it/s]
instructblip/pope/ricd/aokvqa/adversarial/seed1:  94%|█████████▍| 2830/3000 [08:18<00:28,  5.89it/s]
instructblip/pope/ricd/aokvqa/adversarial/seed1:  94%|█████████▍| 2831/3000 [08:18<00:28,  5.89it/s]
instructblip/pope/ricd/aokvqa/adversarial/seed1:  94%|█████████▍| 2832/3000 [08:18<00:28,  5.87it/s]
instructblip/pope/ricd/aokvqa/adversarial/seed1:  94%|█████████▍| 2833/3000 [08:18<00:29,  5.69it/s]
instructblip/pope/ricd/aokvqa/adversarial/seed1:  94%|█████████▍| 2834/3000 [08:18<00:28,  5.73it/s]
instructblip/pope/ricd/aokvqa/adversarial/seed1:  94%|█████████▍| 2835/3000 [08:19<00:29,  5.58it/s]
instructblip/pope/ricd/aokvqa/adversarial/seed1:  95%|█████████▍| 2836/3000 [08:19<00:29,  5.60it/s]
instructblip/pope/ricd/aokvqa/adversarial/seed1:  95%|█████████▍| 2837/3000 [08:19<00:29,  5.54it/s]
instructblip/pope/ricd/aokvqa/adversarial/seed1:  95%|█████████▍| 2838/3000 [08:19<00:29,  5.43it/s]
instructblip/pope/ricd/aokvqa/adversarial/seed1:  95%|█████████▍| 2839/3000 [08:19<00:29,  5.46it/s]
instructblip/pope/ricd/aokvqa/adversarial/seed1:  95%|█████████▍| 2840/3000 [08:19<00:28,  5.53it/s]
instructblip/pope/ricd/aokvqa/adversarial/seed1:  95%|█████████▍| 2841/3000 [08:20<00:28,  5.62it/s]
instructblip/pope/ricd/aokvqa/adversarial/seed1:  95%|█████████▍| 2842/3000 [08:20<00:28,  5.60it/s]
instructblip/pope/ricd/aokvqa/adversarial/seed1:  95%|█████████▍| 2843/3000 [08:20<00:27,  5.69it/s]
instructblip/pope/ricd/aokvqa/adversarial/seed1:  95%|█████████▍| 2844/3000 [08:20<00:27,  5.61it/s]
instructblip/pope/ricd/aokvqa/adversarial/seed1:  95%|█████████▍| 2845/3000 [08:20<00:27,  5.74it/s]
instructblip/pope/ricd/aokvqa/adversarial/seed1:  95%|█████████▍| 2846/3000 [08:20<00:26,  5.73it/s]
instructblip/pope/ricd/aokvqa/adversarial/seed1:  95%|█████████▍| 2847/3000 [08:21<00:26,  5.67it/s]
instructblip/pope/ricd/aokvqa/adversarial/seed1:  95%|█████████▍| 2848/3000 [08:21<00:26,  5.74it/s]
instructblip/pope/ricd/aokvqa/adversarial/seed1:  95%|█████████▍| 2849/3000 [08:21<00:26,  5.71it/s]
instructblip/pope/ricd/aokvqa/adversarial/seed1:  95%|█████████▌| 2850/3000 [08:21<00:26,  5.69it/s]
instructblip/pope/ricd/aokvqa/adversarial/seed1:  95%|█████████▌| 2851/3000 [08:21<00:26,  5.65it/s]
instructblip/pope/ricd/aokvqa/adversarial/seed1:  95%|█████████▌| 2852/3000 [08:22<00:26,  5.58it/s]
instructblip/pope/ricd/aokvqa/adversarial/seed1:  95%|█████████▌| 2853/3000 [08:22<00:27,  5.28it/s]
instructblip/pope/ricd/aokvqa/adversarial/seed1:  95%|█████████▌| 2854/3000 [08:22<00:27,  5.37it/s]
instructblip/pope/ricd/aokvqa/adversarial/seed1:  95%|█████████▌| 2855/3000 [08:22<00:26,  5.51it/s]
instructblip/pope/ricd/aokvqa/adversarial/seed1:  95%|█████████▌| 2856/3000 [08:22<00:25,  5.60it/s]
instructblip/pope/ricd/aokvqa/adversarial/seed1:  95%|█████████▌| 2857/3000 [08:23<00:28,  5.09it/s]
instructblip/pope/ricd/aokvqa/adversarial/seed1:  95%|█████████▌| 2858/3000 [08:23<00:26,  5.31it/s]
instructblip/pope/ricd/aokvqa/adversarial/seed1:  95%|█████████▌| 2859/3000 [08:23<00:25,  5.42it/s]
instructblip/pope/ricd/aokvqa/adversarial/seed1:  95%|█████████▌| 2860/3000 [08:23<00:24,  5.62it/s]
instructblip/pope/ricd/aokvqa/adversarial/seed1:  95%|█████████▌| 2861/3000 [08:23<00:24,  5.57it/s]
instructblip/pope/ricd/aokvqa/adversarial/seed1:  95%|█████████▌| 2862/3000 [08:23<00:24,  5.62it/s]
instructblip/pope/ricd/aokvqa/adversarial/seed1:  95%|█████████▌| 2863/3000 [08:24<00:24,  5.60it/s]
instructblip/pope/ricd/aokvqa/adversarial/seed1:  95%|█████████▌| 2864/3000 [08:24<00:24,  5.63it/s]
instructblip/pope/ricd/aokvqa/adversarial/seed1:  96%|█████████▌| 2865/3000 [08:24<00:24,  5.61it/s]
instructblip/pope/ricd/aokvqa/adversarial/seed1:  96%|█████████▌| 2866/3000 [08:24<00:23,  5.70it/s]
instructblip/pope/ricd/aokvqa/adversarial/seed1:  96%|█████████▌| 2867/3000 [08:24<00:23,  5.76it/s]
instructblip/pope/ricd/aokvqa/adversarial/seed1:  96%|█████████▌| 2868/3000 [08:24<00:22,  5.80it/s]
instructblip/pope/ricd/aokvqa/adversarial/seed1:  96%|█████████▌| 2869/3000 [08:25<00:22,  5.80it/s]
instructblip/pope/ricd/aokvqa/adversarial/seed1:  96%|█████████▌| 2870/3000 [08:25<00:22,  5.81it/s]
instructblip/pope/ricd/aokvqa/adversarial/seed1:  96%|█████████▌| 2871/3000 [08:25<00:22,  5.84it/s]
instructblip/pope/ricd/aokvqa/adversarial/seed1:  96%|█████████▌| 2872/3000 [08:25<00:22,  5.66it/s]
instructblip/pope/ricd/aokvqa/adversarial/seed1:  96%|█████████▌| 2873/3000 [08:25<00:22,  5.68it/s]
instructblip/pope/ricd/aokvqa/adversarial/seed1:  96%|█████████▌| 2874/3000 [08:26<00:22,  5.67it/s]
instructblip/pope/ricd/aokvqa/adversarial/seed1:  96%|█████████▌| 2875/3000 [08:26<00:22,  5.63it/s]
instructblip/pope/ricd/aokvqa/adversarial/seed1:  96%|█████████▌| 2876/3000 [08:26<00:21,  5.69it/s]
instructblip/pope/ricd/aokvqa/adversarial/seed1:  96%|█████████▌| 2877/3000 [08:26<00:21,  5.74it/s]
instructblip/pope/ricd/aokvqa/adversarial/seed1:  96%|█████████▌| 2878/3000 [08:26<00:21,  5.74it/s]
instructblip/pope/ricd/aokvqa/adversarial/seed1:  96%|█████████▌| 2879/3000 [08:26<00:21,  5.63it/s]
instructblip/pope/ricd/aokvqa/adversarial/seed1:  96%|█████████▌| 2880/3000 [08:27<00:21,  5.60it/s]
instructblip/pope/ricd/aokvqa/adversarial/seed1:  96%|█████████▌| 2881/3000 [08:27<00:21,  5.64it/s]
instructblip/pope/ricd/aokvqa/adversarial/seed1:  96%|█████████▌| 2882/3000 [08:27<00:20,  5.68it/s]
instructblip/pope/ricd/aokvqa/adversarial/seed1:  96%|█████████▌| 2883/3000 [08:27<00:21,  5.55it/s]
instructblip/pope/ricd/aokvqa/adversarial/seed1:  96%|█████████▌| 2884/3000 [08:27<00:20,  5.52it/s]
instructblip/pope/ricd/aokvqa/adversarial/seed1:  96%|█████████▌| 2885/3000 [08:27<00:21,  5.48it/s]
instructblip/pope/ricd/aokvqa/adversarial/seed1:  96%|█████████▌| 2886/3000 [08:28<00:20,  5.47it/s]
instructblip/pope/ricd/aokvqa/adversarial/seed1:  96%|█████████▌| 2887/3000 [08:28<00:20,  5.41it/s]
instructblip/pope/ricd/aokvqa/adversarial/seed1:  96%|█████████▋| 2888/3000 [08:28<00:20,  5.51it/s]
instructblip/pope/ricd/aokvqa/adversarial/seed1:  96%|█████████▋| 2889/3000 [08:28<00:22,  4.98it/s]
instructblip/pope/ricd/aokvqa/adversarial/seed1:  96%|█████████▋| 2890/3000 [08:28<00:21,  5.17it/s]
instructblip/pope/ricd/aokvqa/adversarial/seed1:  96%|█████████▋| 2891/3000 [08:29<00:21,  5.08it/s]
instructblip/pope/ricd/aokvqa/adversarial/seed1:  96%|█████████▋| 2892/3000 [08:29<00:20,  5.21it/s]
instructblip/pope/ricd/aokvqa/adversarial/seed1:  96%|█████████▋| 2893/3000 [08:29<00:20,  5.24it/s]
instructblip/pope/ricd/aokvqa/adversarial/seed1:  96%|█████████▋| 2894/3000 [08:29<00:19,  5.41it/s]
instructblip/pope/ricd/aokvqa/adversarial/seed1:  96%|█████████▋| 2895/3000 [08:29<00:19,  5.45it/s]
instructblip/pope/ricd/aokvqa/adversarial/seed1:  97%|█████████▋| 2896/3000 [08:30<00:19,  5.42it/s]
instructblip/pope/ricd/aokvqa/adversarial/seed1:  97%|█████████▋| 2897/3000 [08:30<00:18,  5.47it/s]
instructblip/pope/ricd/aokvqa/adversarial/seed1:  97%|█████████▋| 2898/3000 [08:30<00:18,  5.45it/s]
instructblip/pope/ricd/aokvqa/adversarial/seed1:  97%|█████████▋| 2899/3000 [08:30<00:18,  5.56it/s]
instructblip/pope/ricd/aokvqa/adversarial/seed1:  97%|█████████▋| 2900/3000 [08:30<00:17,  5.62it/s]
instructblip/pope/ricd/aokvqa/adversarial/seed1:  97%|█████████▋| 2901/3000 [08:30<00:17,  5.62it/s]
instructblip/pope/ricd/aokvqa/adversarial/seed1:  97%|█████████▋| 2902/3000 [08:31<00:17,  5.50it/s]
instructblip/pope/ricd/aokvqa/adversarial/seed1:  97%|█████████▋| 2903/3000 [08:31<00:17,  5.50it/s]
instructblip/pope/ricd/aokvqa/adversarial/seed1:  97%|█████████▋| 2904/3000 [08:31<00:17,  5.54it/s]
instructblip/pope/ricd/aokvqa/adversarial/seed1:  97%|█████████▋| 2905/3000 [08:31<00:17,  5.59it/s]
instructblip/pope/ricd/aokvqa/adversarial/seed1:  97%|█████████▋| 2906/3000 [08:31<00:17,  5.48it/s]
instructblip/pope/ricd/aokvqa/adversarial/seed1:  97%|█████████▋| 2907/3000 [08:32<00:16,  5.52it/s]
instructblip/pope/ricd/aokvqa/adversarial/seed1:  97%|█████████▋| 2908/3000 [08:32<00:16,  5.54it/s]
instructblip/pope/ricd/aokvqa/adversarial/seed1:  97%|█████████▋| 2909/3000 [08:32<00:16,  5.65it/s]
instructblip/pope/ricd/aokvqa/adversarial/seed1:  97%|█████████▋| 2910/3000 [08:32<00:16,  5.48it/s]
instructblip/pope/ricd/aokvqa/adversarial/seed1:  97%|█████████▋| 2911/3000 [08:32<00:16,  5.54it/s]
instructblip/pope/ricd/aokvqa/adversarial/seed1:  97%|█████████▋| 2912/3000 [08:32<00:15,  5.63it/s]
instructblip/pope/ricd/aokvqa/adversarial/seed1:  97%|█████████▋| 2913/3000 [08:33<00:16,  5.22it/s]
instructblip/pope/ricd/aokvqa/adversarial/seed1:  97%|█████████▋| 2914/3000 [08:33<00:16,  5.33it/s]
instructblip/pope/ricd/aokvqa/adversarial/seed1:  97%|█████████▋| 2915/3000 [08:33<00:15,  5.38it/s]
instructblip/pope/ricd/aokvqa/adversarial/seed1:  97%|█████████▋| 2916/3000 [08:33<00:15,  5.46it/s]
instructblip/pope/ricd/aokvqa/adversarial/seed1:  97%|█████████▋| 2917/3000 [08:33<00:15,  5.50it/s]
instructblip/pope/ricd/aokvqa/adversarial/seed1:  97%|█████████▋| 2918/3000 [08:34<00:14,  5.52it/s]
instructblip/pope/ricd/aokvqa/adversarial/seed1:  97%|█████████▋| 2919/3000 [08:34<00:14,  5.49it/s]
instructblip/pope/ricd/aokvqa/adversarial/seed1:  97%|█████████▋| 2920/3000 [08:34<00:14,  5.52it/s]
instructblip/pope/ricd/aokvqa/adversarial/seed1:  97%|█████████▋| 2921/3000 [08:34<00:13,  5.64it/s]
instructblip/pope/ricd/aokvqa/adversarial/seed1:  97%|█████████▋| 2922/3000 [08:34<00:13,  5.69it/s]
instructblip/pope/ricd/aokvqa/adversarial/seed1:  97%|█████████▋| 2923/3000 [08:34<00:13,  5.78it/s]
instructblip/pope/ricd/aokvqa/adversarial/seed1:  97%|█████████▋| 2924/3000 [08:35<00:12,  5.86it/s]
instructblip/pope/ricd/aokvqa/adversarial/seed1:  98%|█████████▊| 2925/3000 [08:35<00:12,  5.92it/s]
instructblip/pope/ricd/aokvqa/adversarial/seed1:  98%|█████████▊| 2926/3000 [08:35<00:12,  5.87it/s]
instructblip/pope/ricd/aokvqa/adversarial/seed1:  98%|█████████▊| 2927/3000 [08:35<00:12,  5.91it/s]
instructblip/pope/ricd/aokvqa/adversarial/seed1:  98%|█████████▊| 2928/3000 [08:35<00:12,  5.91it/s]
instructblip/pope/ricd/aokvqa/adversarial/seed1:  98%|█████████▊| 2929/3000 [08:35<00:12,  5.91it/s]
instructblip/pope/ricd/aokvqa/adversarial/seed1:  98%|█████████▊| 2930/3000 [08:36<00:11,  5.91it/s]
instructblip/pope/ricd/aokvqa/adversarial/seed1:  98%|█████████▊| 2931/3000 [08:36<00:11,  5.89it/s]
instructblip/pope/ricd/aokvqa/adversarial/seed1:  98%|█████████▊| 2932/3000 [08:36<00:11,  5.93it/s]
instructblip/pope/ricd/aokvqa/adversarial/seed1:  98%|█████████▊| 2933/3000 [08:36<00:11,  5.93it/s]
instructblip/pope/ricd/aokvqa/adversarial/seed1:  98%|█████████▊| 2934/3000 [08:36<00:11,  5.86it/s]
instructblip/pope/ricd/aokvqa/adversarial/seed1:  98%|█████████▊| 2935/3000 [08:36<00:11,  5.87it/s]
instructblip/pope/ricd/aokvqa/adversarial/seed1:  98%|█████████▊| 2936/3000 [08:37<00:10,  5.90it/s]
instructblip/pope/ricd/aokvqa/adversarial/seed1:  98%|█████████▊| 2937/3000 [08:37<00:10,  5.85it/s]
instructblip/pope/ricd/aokvqa/adversarial/seed1:  98%|█████████▊| 2938/3000 [08:37<00:10,  5.86it/s]
instructblip/pope/ricd/aokvqa/adversarial/seed1:  98%|█████████▊| 2939/3000 [08:37<00:10,  5.88it/s]
instructblip/pope/ricd/aokvqa/adversarial/seed1:  98%|█████████▊| 2940/3000 [08:37<00:10,  5.84it/s]
instructblip/pope/ricd/aokvqa/adversarial/seed1:  98%|█████████▊| 2941/3000 [08:37<00:10,  5.78it/s]
instructblip/pope/ricd/aokvqa/adversarial/seed1:  98%|█████████▊| 2942/3000 [08:38<00:09,  5.85it/s]
instructblip/pope/ricd/aokvqa/adversarial/seed1:  98%|█████████▊| 2943/3000 [08:38<00:09,  5.89it/s]
instructblip/pope/ricd/aokvqa/adversarial/seed1:  98%|█████████▊| 2944/3000 [08:38<00:09,  5.81it/s]
instructblip/pope/ricd/aokvqa/adversarial/seed1:  98%|█████████▊| 2945/3000 [08:38<00:09,  5.88it/s]
instructblip/pope/ricd/aokvqa/adversarial/seed1:  98%|█████████▊| 2946/3000 [08:38<00:09,  5.89it/s]
instructblip/pope/ricd/aokvqa/adversarial/seed1:  98%|█████████▊| 2947/3000 [08:38<00:09,  5.83it/s]
instructblip/pope/ricd/aokvqa/adversarial/seed1:  98%|█████████▊| 2948/3000 [08:39<00:08,  5.85it/s]
instructblip/pope/ricd/aokvqa/adversarial/seed1:  98%|█████████▊| 2949/3000 [08:39<00:08,  5.75it/s]
instructblip/pope/ricd/aokvqa/adversarial/seed1:  98%|█████████▊| 2950/3000 [08:39<00:08,  5.77it/s]
instructblip/pope/ricd/aokvqa/adversarial/seed1:  98%|█████████▊| 2951/3000 [08:39<00:08,  5.69it/s]
instructblip/pope/ricd/aokvqa/adversarial/seed1:  98%|█████████▊| 2952/3000 [08:39<00:08,  5.68it/s]
instructblip/pope/ricd/aokvqa/adversarial/seed1:  98%|█████████▊| 2953/3000 [08:40<00:08,  5.74it/s]
instructblip/pope/ricd/aokvqa/adversarial/seed1:  98%|█████████▊| 2954/3000 [08:40<00:07,  5.82it/s]
instructblip/pope/ricd/aokvqa/adversarial/seed1:  98%|█████████▊| 2955/3000 [08:40<00:07,  5.84it/s]
instructblip/pope/ricd/aokvqa/adversarial/seed1:  99%|█████████▊| 2956/3000 [08:40<00:07,  5.84it/s]
instructblip/pope/ricd/aokvqa/adversarial/seed1:  99%|█████████▊| 2957/3000 [08:40<00:07,  5.88it/s]
instructblip/pope/ricd/aokvqa/adversarial/seed1:  99%|█████████▊| 2958/3000 [08:40<00:07,  5.84it/s]
instructblip/pope/ricd/aokvqa/adversarial/seed1:  99%|█████████▊| 2959/3000 [08:41<00:07,  5.73it/s]
instructblip/pope/ricd/aokvqa/adversarial/seed1:  99%|█████████▊| 2960/3000 [08:41<00:07,  5.65it/s]
instructblip/pope/ricd/aokvqa/adversarial/seed1:  99%|█████████▊| 2961/3000 [08:41<00:06,  5.58it/s]
instructblip/pope/ricd/aokvqa/adversarial/seed1:  99%|█████████▊| 2962/3000 [08:41<00:06,  5.66it/s]
instructblip/pope/ricd/aokvqa/adversarial/seed1:  99%|█████████▉| 2963/3000 [08:41<00:06,  5.68it/s]
instructblip/pope/ricd/aokvqa/adversarial/seed1:  99%|█████████▉| 2964/3000 [08:41<00:06,  5.66it/s]
instructblip/pope/ricd/aokvqa/adversarial/seed1:  99%|█████████▉| 2965/3000 [08:42<00:06,  5.69it/s]
instructblip/pope/ricd/aokvqa/adversarial/seed1:  99%|█████████▉| 2966/3000 [08:42<00:06,  5.57it/s]
instructblip/pope/ricd/aokvqa/adversarial/seed1:  99%|█████████▉| 2967/3000 [08:42<00:06,  5.46it/s]
instructblip/pope/ricd/aokvqa/adversarial/seed1:  99%|█████████▉| 2968/3000 [08:42<00:05,  5.59it/s]
instructblip/pope/ricd/aokvqa/adversarial/seed1:  99%|█████████▉| 2969/3000 [08:42<00:05,  5.62it/s]
instructblip/pope/ricd/aokvqa/adversarial/seed1:  99%|█████████▉| 2970/3000 [08:43<00:05,  5.61it/s]
instructblip/pope/ricd/aokvqa/adversarial/seed1:  99%|█████████▉| 2971/3000 [08:43<00:05,  5.74it/s]
instructblip/pope/ricd/aokvqa/adversarial/seed1:  99%|█████████▉| 2972/3000 [08:43<00:05,  5.55it/s]
instructblip/pope/ricd/aokvqa/adversarial/seed1:  99%|█████████▉| 2973/3000 [08:43<00:05,  5.06it/s]
instructblip/pope/ricd/aokvqa/adversarial/seed1:  99%|█████████▉| 2974/3000 [08:43<00:05,  5.01it/s]
instructblip/pope/ricd/aokvqa/adversarial/seed1:  99%|█████████▉| 2975/3000 [08:44<00:04,  5.03it/s]
instructblip/pope/ricd/aokvqa/adversarial/seed1:  99%|█████████▉| 2976/3000 [08:44<00:04,  5.07it/s]
instructblip/pope/ricd/aokvqa/adversarial/seed1:  99%|█████████▉| 2977/3000 [08:44<00:04,  4.82it/s]
instructblip/pope/ricd/aokvqa/adversarial/seed1:  99%|█████████▉| 2978/3000 [08:44<00:04,  4.71it/s]
instructblip/pope/ricd/aokvqa/adversarial/seed1:  99%|█████████▉| 2979/3000 [08:44<00:04,  4.84it/s]
instructblip/pope/ricd/aokvqa/adversarial/seed1:  99%|█████████▉| 2980/3000 [08:45<00:03,  5.05it/s]
instructblip/pope/ricd/aokvqa/adversarial/seed1:  99%|█████████▉| 2981/3000 [08:45<00:03,  5.31it/s]
instructblip/pope/ricd/aokvqa/adversarial/seed1:  99%|█████████▉| 2982/3000 [08:45<00:03,  5.38it/s]
instructblip/pope/ricd/aokvqa/adversarial/seed1:  99%|█████████▉| 2983/3000 [08:45<00:03,  5.36it/s]
instructblip/pope/ricd/aokvqa/adversarial/seed1:  99%|█████████▉| 2984/3000 [08:45<00:03,  5.13it/s]
instructblip/pope/ricd/aokvqa/adversarial/seed1: 100%|█████████▉| 2985/3000 [08:46<00:02,  5.08it/s]
instructblip/pope/ricd/aokvqa/adversarial/seed1: 100%|█████████▉| 2986/3000 [08:46<00:02,  5.09it/s]
instructblip/pope/ricd/aokvqa/adversarial/seed1: 100%|█████████▉| 2987/3000 [08:46<00:02,  4.80it/s]
instructblip/pope/ricd/aokvqa/adversarial/seed1: 100%|█████████▉| 2988/3000 [08:46<00:02,  5.05it/s]
instructblip/pope/ricd/aokvqa/adversarial/seed1: 100%|█████████▉| 2989/3000 [08:46<00:02,  4.56it/s]
instructblip/pope/ricd/aokvqa/adversarial/seed1: 100%|█████████▉| 2990/3000 [08:47<00:02,  4.36it/s]
instructblip/pope/ricd/aokvqa/adversarial/seed1: 100%|█████████▉| 2991/3000 [08:47<00:01,  4.67it/s]
instructblip/pope/ricd/aokvqa/adversarial/seed1: 100%|█████████▉| 2992/3000 [08:47<00:01,  4.99it/s]
instructblip/pope/ricd/aokvqa/adversarial/seed1: 100%|█████████▉| 2993/3000 [08:47<00:01,  5.08it/s]
instructblip/pope/ricd/aokvqa/adversarial/seed1: 100%|█████████▉| 2994/3000 [08:47<00:01,  5.22it/s]
instructblip/pope/ricd/aokvqa/adversarial/seed1: 100%|█████████▉| 2995/3000 [08:48<00:00,  5.05it/s]
instructblip/pope/ricd/aokvqa/adversarial/seed1: 100%|█████████▉| 2996/3000 [08:48<00:00,  4.99it/s]
instructblip/pope/ricd/aokvqa/adversarial/seed1: 100%|█████████▉| 2997/3000 [08:48<00:00,  4.84it/s]
instructblip/pope/ricd/aokvqa/adversarial/seed1: 100%|█████████▉| 2998/3000 [08:48<00:00,  4.95it/s]
instructblip/pope/ricd/aokvqa/adversarial/seed1: 100%|█████████▉| 2999/3000 [08:48<00:00,  4.85it/s]
instructblip/pope/ricd/aokvqa/adversarial/seed1: 100%|██████████| 3000/3000 [08:49<00:00,  5.00it/s]
instructblip/pope/ricd/aokvqa/adversarial/seed1: 100%|██████████| 3000/3000 [08:49<00:00,  5.67it/s]
{
  "protocol_version": "instructblip-ricd-j3-fixed-popular-adversarial-v1",
  "benchmark": "pope",
  "model": "instructblip",
  "method": "ricd",
  "dataset": "aokvqa",
  "setting": "adversarial",
  "seed": 1,
  "generation": {
    "do_sample": false,
    "temperature": 1.0,
    "top_p": 1.0,
    "top_k": null,
    "max_new_tokens": 32,
    "use_cache": true
  },
  "ricd": {
    "lambda_l": 0.5,
    "lambda_s": 1.0,
    "tau_l": 1.0,
    "tau_v": 1.0,
    "top_k_proxy": 10,
    "apc_mode": "relative_max",
    "theta_apc": 0.3,
    "selection_status": "frozen_from_random_j3_before_popular_adversarial_evaluation"
  },
  "metrics": {
    "agla_official_compatible": {
      "total": 3000,
      "correct": 2269,
      "tp": 1336,
      "fp": 567,
      "tn": 933,
      "fn": 164,
      "unknown_predictions": 0,
      "ambiguous_contains_both": 0,
      "accuracy": 75.63333333333334,
      "precision": 70.20493956910143,
      "recall": 89.06666666666668,
      "f1": 78.51895386423745,
      "yes_ratio": 63.43333333333333
    },
    "strict_first_token": {
      "total": 3000,
      "correct": 2269,
      "tp": 1336,
      "fp": 567,
      "tn": 933,
      "fn": 164,
      "unknown_predictions": 0,
      "ambiguous_contains_both": 0,
      "accuracy": 75.63333333333334,
      "precision": 70.20493956910143,
      "recall": 89.06666666666668,
      "f1": 78.51895386423745,
      "yes_ratio": 63.43333333333333
    }
  }
}
[2026-08-25 13:55:49] GPU1 DONE  J3 aokvqa adversarial
[2026-08-25 13:55:49] GPU1 START J3 gqa adversarial
{
  "protocol_version": "instructblip-ricd-j3-fixed-popular-adversarial-v1",
  "model": "instructblip",
  "benchmark": "pope",
  "method": "ricd",
  "dataset": "gqa",
  "setting": "adversarial",
  "seed": 1,
  "samples": 3000,
  "image_root": "/root/autodl-tmp/gqa/images",
  "completed": 0,
  "job_dir": "/root/autodl-tmp/CCR-master/outputs/instructblip_ricd_j3_fixed_popular_adversarial_v1/instructblip/pope/ricd/gqa/adversarial/seed1",
  "config_path": "/root/autodl-tmp/CCR-master/configs/instructblip_j3_popular_adversarial/j3_fixed.json",
  "generation": {
    "do_sample": false,
    "temperature": 1.0,
    "top_p": 1.0,
    "top_k": null,
    "max_new_tokens": 32,
    "use_cache": true
  }
}
[InstructBLIP] Loading via HF: Salesforce/instructblip-vicuna-7b...
/root/miniconda3/lib/python3.10/site-packages/huggingface_hub/file_download.py:942: FutureWarning: `resume_download` is deprecated and will be removed in version 1.0.0. Downloads always resume when possible. If you want to force a new download, use `force_download=True`.
  warnings.warn(
You are using the legacy behaviour of the <class 'transformers.models.llama.tokenization_llama.LlamaTokenizer'>. This means that tokens that come after special tokens will not be properly handled. We recommend you to read the related pull request available at https://github.com/huggingface/transformers/pull/24565

Loading checkpoint shards:   0%|          | 0/4 [00:00<?, ?it/s]
Loading checkpoint shards:  25%|██▌       | 1/4 [00:02<00:08,  3.00s/it]
Loading checkpoint shards:  50%|█████     | 2/4 [00:05<00:05,  2.50s/it]
Loading checkpoint shards:  75%|███████▌  | 3/4 [00:07<00:02,  2.24s/it]
Loading checkpoint shards: 100%|██████████| 4/4 [00:07<00:00,  1.54s/it]
Loading checkpoint shards: 100%|██████████| 4/4 [00:07<00:00,  1.88s/it]
Some weights of InstructBlipForConditionalGeneration were not initialized from the model checkpoint at Salesforce/instructblip-vicuna-7b and are newly initialized: ['language_model.model.layers.17.self_attn.rotary_emb.inv_freq', 'language_model.model.layers.6.self_attn.rotary_emb.inv_freq', 'language_model.model.layers.16.self_attn.rotary_emb.inv_freq', 'language_model.model.layers.7.self_attn.rotary_emb.inv_freq', 'language_model.model.layers.0.self_attn.rotary_emb.inv_freq', 'language_model.model.layers.20.self_attn.rotary_emb.inv_freq', 'language_model.model.layers.30.self_attn.rotary_emb.inv_freq', 'language_model.model.layers.11.self_attn.rotary_emb.inv_freq', 'language_model.model.layers.26.self_attn.rotary_emb.inv_freq', 'language_model.model.layers.8.self_attn.rotary_emb.inv_freq', 'language_model.model.layers.18.self_attn.rotary_emb.inv_freq', 'language_model.model.layers.27.self_attn.rotary_emb.inv_freq', 'language_model.model.layers.5.self_attn.rotary_emb.inv_freq', 'language_model.model.layers.25.self_attn.rotary_emb.inv_freq', 'language_model.model.layers.19.self_attn.rotary_emb.inv_freq', 'language_model.model.layers.15.self_attn.rotary_emb.inv_freq', 'language_model.model.layers.23.self_attn.rotary_emb.inv_freq', 'language_model.model.layers.29.self_attn.rotary_emb.inv_freq', 'language_model.model.layers.31.self_attn.rotary_emb.inv_freq', 'language_model.model.layers.13.self_attn.rotary_emb.inv_freq', 'language_model.model.layers.3.self_attn.rotary_emb.inv_freq', 'language_model.model.layers.14.self_attn.rotary_emb.inv_freq', 'language_model.model.layers.2.self_attn.rotary_emb.inv_freq', 'language_model.model.layers.4.self_attn.rotary_emb.inv_freq', 'language_model.model.layers.9.self_attn.rotary_emb.inv_freq', 'language_model.model.layers.22.self_attn.rotary_emb.inv_freq', 'language_model.model.layers.1.self_attn.rotary_emb.inv_freq', 'language_model.model.layers.28.self_attn.rotary_emb.inv_freq', 'language_model.model.layers.24.self_attn.rotary_emb.inv_freq', 'language_model.model.layers.10.self_attn.rotary_emb.inv_freq', 'language_model.model.layers.12.self_attn.rotary_emb.inv_freq', 'language_model.model.layers.21.self_attn.rotary_emb.inv_freq']
You should probably TRAIN this model on a down-stream task to be able to use it for predictions and inference.
[InstructBLIP] Loaded (HF).

instructblip/pope/ricd/gqa/adversarial/seed1:   0%|          | 0/3000 [00:00<?, ?it/s]
instructblip/pope/ricd/gqa/adversarial/seed1:   0%|          | 1/3000 [00:01<1:17:47,  1.56s/it]
instructblip/pope/ricd/gqa/adversarial/seed1:   0%|          | 2/3000 [00:01<37:01,  1.35it/s]  
instructblip/pope/ricd/gqa/adversarial/seed1:   0%|          | 3/3000 [00:01<23:46,  2.10it/s]
instructblip/pope/ricd/gqa/adversarial/seed1:   0%|          | 4/3000 [00:02<17:30,  2.85it/s]
instructblip/pope/ricd/gqa/adversarial/seed1:   0%|          | 5/3000 [00:02<14:12,  3.51it/s]
instructblip/pope/ricd/gqa/adversarial/seed1:   0%|          | 6/3000 [00:02<12:22,  4.03it/s]
instructblip/pope/ricd/gqa/adversarial/seed1:   0%|          | 7/3000 [00:02<10:59,  4.54it/s]
instructblip/pope/ricd/gqa/adversarial/seed1:   0%|          | 8/3000 [00:02<10:14,  4.87it/s]
instructblip/pope/ricd/gqa/adversarial/seed1:   0%|          | 9/3000 [00:02<09:36,  5.19it/s]
instructblip/pope/ricd/gqa/adversarial/seed1:   0%|          | 10/3000 [00:03<09:10,  5.43it/s]
instructblip/pope/ricd/gqa/adversarial/seed1:   0%|          | 11/3000 [00:03<08:54,  5.59it/s]
instructblip/pope/ricd/gqa/adversarial/seed1:   0%|          | 12/3000 [00:03<08:40,  5.74it/s]
instructblip/pope/ricd/gqa/adversarial/seed1:   0%|          | 13/3000 [00:03<08:27,  5.88it/s]
instructblip/pope/ricd/gqa/adversarial/seed1:   0%|          | 14/3000 [00:03<08:28,  5.88it/s]
instructblip/pope/ricd/gqa/adversarial/seed1:   0%|          | 15/3000 [00:03<08:31,  5.84it/s]
instructblip/pope/ricd/gqa/adversarial/seed1:   1%|          | 16/3000 [00:04<08:23,  5.92it/s]
instructblip/pope/ricd/gqa/adversarial/seed1:   1%|          | 17/3000 [00:04<08:15,  6.02it/s]
instructblip/pope/ricd/gqa/adversarial/seed1:   1%|          | 18/3000 [00:04<08:06,  6.12it/s]
instructblip/pope/ricd/gqa/adversarial/seed1:   1%|          | 19/3000 [00:04<08:02,  6.17it/s]
instructblip/pope/ricd/gqa/adversarial/seed1:   1%|          | 20/3000 [00:04<08:03,  6.16it/s]
instructblip/pope/ricd/gqa/adversarial/seed1:   1%|          | 21/3000 [00:04<08:02,  6.18it/s]
instructblip/pope/ricd/gqa/adversarial/seed1:   1%|          | 22/3000 [00:05<08:00,  6.20it/s]
instructblip/pope/ricd/gqa/adversarial/seed1:   1%|          | 23/3000 [00:05<07:59,  6.21it/s]
instructblip/pope/ricd/gqa/adversarial/seed1:   1%|          | 24/3000 [00:05<07:58,  6.22it/s]
instructblip/pope/ricd/gqa/adversarial/seed1:   1%|          | 25/3000 [00:05<07:57,  6.23it/s]
instructblip/pope/ricd/gqa/adversarial/seed1:   1%|          | 26/3000 [00:05<07:57,  6.23it/s]
instructblip/pope/ricd/gqa/adversarial/seed1:   1%|          | 27/3000 [00:05<07:56,  6.24it/s]
instructblip/pope/ricd/gqa/adversarial/seed1:   1%|          | 28/3000 [00:05<07:58,  6.21it/s]
instructblip/pope/ricd/gqa/adversarial/seed1:   1%|          | 29/3000 [00:06<07:56,  6.23it/s]
instructblip/pope/ricd/gqa/adversarial/seed1:   1%|          | 30/3000 [00:06<08:00,  6.19it/s]
instructblip/pope/ricd/gqa/adversarial/seed1:   1%|          | 31/3000 [00:06<07:59,  6.20it/s]
instructblip/pope/ricd/gqa/adversarial/seed1:   1%|          | 32/3000 [00:06<07:56,  6.22it/s]
instructblip/pope/ricd/gqa/adversarial/seed1:   1%|          | 33/3000 [00:06<08:02,  6.15it/s]
instructblip/pope/ricd/gqa/adversarial/seed1:   1%|          | 34/3000 [00:06<08:07,  6.09it/s]
instructblip/pope/ricd/gqa/adversarial/seed1:   1%|          | 35/3000 [00:07<08:03,  6.13it/s]
instructblip/pope/ricd/gqa/adversarial/seed1:   1%|          | 36/3000 [00:07<08:14,  6.00it/s]
instructblip/pope/ricd/gqa/adversarial/seed1:   1%|          | 37/3000 [00:07<08:24,  5.87it/s]
instructblip/pope/ricd/gqa/adversarial/seed1:   1%|▏         | 38/3000 [00:07<08:40,  5.69it/s]
instructblip/pope/ricd/gqa/adversarial/seed1:   1%|▏         | 39/3000 [00:07<08:58,  5.50it/s]
instructblip/pope/ricd/gqa/adversarial/seed1:   1%|▏         | 40/3000 [00:08<09:04,  5.44it/s]
instructblip/pope/ricd/gqa/adversarial/seed1:   1%|▏         | 41/3000 [00:08<09:00,  5.47it/s]
instructblip/pope/ricd/gqa/adversarial/seed1:   1%|▏         | 42/3000 [00:08<08:49,  5.59it/s]
instructblip/pope/ricd/gqa/adversarial/seed1:   1%|▏         | 43/3000 [00:08<08:30,  5.79it/s]
instructblip/pope/ricd/gqa/adversarial/seed1:   1%|▏         | 44/3000 [00:08<08:25,  5.85it/s]
instructblip/pope/ricd/gqa/adversarial/seed1:   2%|▏         | 45/3000 [00:08<08:21,  5.89it/s]
instructblip/pope/ricd/gqa/adversarial/seed1:   2%|▏         | 46/3000 [00:09<08:18,  5.93it/s]
instructblip/pope/ricd/gqa/adversarial/seed1:   2%|▏         | 47/3000 [00:09<08:10,  6.02it/s]
instructblip/pope/ricd/gqa/adversarial/seed1:   2%|▏         | 48/3000 [00:09<08:08,  6.04it/s]
instructblip/pope/ricd/gqa/adversarial/seed1:   2%|▏         | 49/3000 [00:09<08:12,  6.00it/s]
instructblip/pope/ricd/gqa/adversarial/seed1:   2%|▏         | 50/3000 [00:09<08:13,  5.98it/s]
instructblip/pope/ricd/gqa/adversarial/seed1:   2%|▏         | 51/3000 [00:09<08:19,  5.90it/s]
instructblip/pope/ricd/gqa/adversarial/seed1:   2%|▏         | 52/3000 [00:10<08:22,  5.87it/s]
instructblip/pope/ricd/gqa/adversarial/seed1:   2%|▏         | 53/3000 [00:10<08:25,  5.82it/s]
instructblip/pope/ricd/gqa/adversarial/seed1:   2%|▏         | 54/3000 [00:10<08:20,  5.88it/s]
instructblip/pope/ricd/gqa/adversarial/seed1:   2%|▏         | 55/3000 [00:10<08:22,  5.86it/s]
instructblip/pope/ricd/gqa/adversarial/seed1:   2%|▏         | 56/3000 [00:10<08:14,  5.95it/s]
instructblip/pope/ricd/gqa/adversarial/seed1:   2%|▏         | 57/3000 [00:10<08:12,  5.98it/s]
instructblip/pope/ricd/gqa/adversarial/seed1:   2%|▏         | 58/3000 [00:11<08:10,  6.00it/s]
instructblip/pope/ricd/gqa/adversarial/seed1:   2%|▏         | 59/3000 [00:11<08:05,  6.06it/s]
instructblip/pope/ricd/gqa/adversarial/seed1:   2%|▏         | 60/3000 [00:11<08:04,  6.07it/s]
instructblip/pope/ricd/gqa/adversarial/seed1:   2%|▏         | 61/3000 [00:11<08:05,  6.06it/s]
instructblip/pope/ricd/gqa/adversarial/seed1:   2%|▏         | 62/3000 [00:11<08:00,  6.12it/s]
instructblip/pope/ricd/gqa/adversarial/seed1:   2%|▏         | 63/3000 [00:11<08:02,  6.08it/s]
instructblip/pope/ricd/gqa/adversarial/seed1:   2%|▏         | 64/3000 [00:12<08:02,  6.09it/s]
instructblip/pope/ricd/gqa/adversarial/seed1:   2%|▏         | 65/3000 [00:12<08:07,  6.02it/s]
instructblip/pope/ricd/gqa/adversarial/seed1:   2%|▏         | 66/3000 [00:12<09:02,  5.40it/s]
instructblip/pope/ricd/gqa/adversarial/seed1:   2%|▏         | 67/3000 [00:12<08:50,  5.53it/s]
instructblip/pope/ricd/gqa/adversarial/seed1:   2%|▏         | 68/3000 [00:12<08:48,  5.54it/s]
instructblip/pope/ricd/gqa/adversarial/seed1:   2%|▏         | 69/3000 [00:12<08:35,  5.68it/s]
instructblip/pope/ricd/gqa/adversarial/seed1:   2%|▏         | 70/3000 [00:13<08:24,  5.80it/s]
instructblip/pope/ricd/gqa/adversarial/seed1:   2%|▏         | 71/3000 [00:13<08:25,  5.79it/s]
instructblip/pope/ricd/gqa/adversarial/seed1:   2%|▏         | 72/3000 [00:13<08:18,  5.87it/s]
instructblip/pope/ricd/gqa/adversarial/seed1:   2%|▏         | 73/3000 [00:13<08:12,  5.94it/s]
instructblip/pope/ricd/gqa/adversarial/seed1:   2%|▏         | 74/3000 [00:13<08:15,  5.90it/s]
instructblip/pope/ricd/gqa/adversarial/seed1:   2%|▎         | 75/3000 [00:13<08:07,  6.00it/s]
instructblip/pope/ricd/gqa/adversarial/seed1:   3%|▎         | 76/3000 [00:14<08:04,  6.04it/s]
instructblip/pope/ricd/gqa/adversarial/seed1:   3%|▎         | 77/3000 [00:14<08:23,  5.80it/s]
instructblip/pope/ricd/gqa/adversarial/seed1:   3%|▎         | 78/3000 [00:14<08:22,  5.81it/s]
instructblip/pope/ricd/gqa/adversarial/seed1:   3%|▎         | 79/3000 [00:14<08:15,  5.89it/s]
instructblip/pope/ricd/gqa/adversarial/seed1:   3%|▎         | 80/3000 [00:14<08:13,  5.92it/s]
instructblip/pope/ricd/gqa/adversarial/seed1:   3%|▎         | 81/3000 [00:14<08:12,  5.93it/s]
instructblip/pope/ricd/gqa/adversarial/seed1:   3%|▎         | 82/3000 [00:15<08:09,  5.96it/s]
instructblip/pope/ricd/gqa/adversarial/seed1:   3%|▎         | 83/3000 [00:15<08:14,  5.90it/s]
instructblip/pope/ricd/gqa/adversarial/seed1:   3%|▎         | 84/3000 [00:15<08:04,  6.01it/s]
instructblip/pope/ricd/gqa/adversarial/seed1:   3%|▎         | 85/3000 [00:15<08:10,  5.94it/s]
instructblip/pope/ricd/gqa/adversarial/seed1:   3%|▎         | 86/3000 [00:15<08:05,  6.00it/s]
instructblip/pope/ricd/gqa/adversarial/seed1:   3%|▎         | 87/3000 [00:15<08:07,  5.98it/s]
instructblip/pope/ricd/gqa/adversarial/seed1:   3%|▎         | 88/3000 [00:16<08:07,  5.98it/s]
instructblip/pope/ricd/gqa/adversarial/seed1:   3%|▎         | 89/3000 [00:16<08:08,  5.96it/s]
instructblip/pope/ricd/gqa/adversarial/seed1:   3%|▎         | 90/3000 [00:16<08:05,  6.00it/s]
instructblip/pope/ricd/gqa/adversarial/seed1:   3%|▎         | 91/3000 [00:16<08:04,  6.01it/s]
instructblip/pope/ricd/gqa/adversarial/seed1:   3%|▎         | 92/3000 [00:16<08:02,  6.03it/s]
instructblip/pope/ricd/gqa/adversarial/seed1:   3%|▎         | 93/3000 [00:16<08:10,  5.93it/s]
instructblip/pope/ricd/gqa/adversarial/seed1:   3%|▎         | 94/3000 [00:17<08:03,  6.01it/s]
instructblip/pope/ricd/gqa/adversarial/seed1:   3%|▎         | 95/3000 [00:17<08:00,  6.05it/s]
instructblip/pope/ricd/gqa/adversarial/seed1:   3%|▎         | 96/3000 [00:17<08:09,  5.93it/s]
instructblip/pope/ricd/gqa/adversarial/seed1:   3%|▎         | 97/3000 [00:17<08:12,  5.90it/s]
instructblip/pope/ricd/gqa/adversarial/seed1:   3%|▎         | 98/3000 [00:17<08:10,  5.92it/s]
instructblip/pope/ricd/gqa/adversarial/seed1:   3%|▎         | 99/3000 [00:17<08:06,  5.97it/s]
instructblip/pope/ricd/gqa/adversarial/seed1:   3%|▎         | 100/3000 [00:18<08:07,  5.95it/s]
instructblip/pope/ricd/gqa/adversarial/seed1:   3%|▎         | 101/3000 [00:18<08:10,  5.91it/s]
instructblip/pope/ricd/gqa/adversarial/seed1:   3%|▎         | 102/3000 [00:18<08:13,  5.87it/s]
instructblip/pope/ricd/gqa/adversarial/seed1:   3%|▎         | 103/3000 [00:18<08:03,  6.00it/s]
instructblip/pope/ricd/gqa/adversarial/seed1:   3%|▎         | 104/3000 [00:18<07:56,  6.08it/s]
instructblip/pope/ricd/gqa/adversarial/seed1:   4%|▎         | 105/3000 [00:18<07:52,  6.12it/s]
instructblip/pope/ricd/gqa/adversarial/seed1:   4%|▎         | 106/3000 [00:19<07:51,  6.14it/s]
instructblip/pope/ricd/gqa/adversarial/seed1:   4%|▎         | 107/3000 [00:19<07:48,  6.18it/s]
instructblip/pope/ricd/gqa/adversarial/seed1:   4%|▎         | 108/3000 [00:19<08:29,  5.68it/s]
instructblip/pope/ricd/gqa/adversarial/seed1:   4%|▎         | 109/3000 [00:19<08:48,  5.47it/s]
instructblip/pope/ricd/gqa/adversarial/seed1:   4%|▎         | 110/3000 [00:19<08:35,  5.60it/s]
instructblip/pope/ricd/gqa/adversarial/seed1:   4%|▎         | 111/3000 [00:20<08:22,  5.75it/s]
instructblip/pope/ricd/gqa/adversarial/seed1:   4%|▎         | 112/3000 [00:20<08:16,  5.81it/s]
instructblip/pope/ricd/gqa/adversarial/seed1:   4%|▍         | 113/3000 [00:20<08:27,  5.69it/s]
instructblip/pope/ricd/gqa/adversarial/seed1:   4%|▍         | 114/3000 [00:20<08:21,  5.76it/s]
instructblip/pope/ricd/gqa/adversarial/seed1:   4%|▍         | 115/3000 [00:20<08:23,  5.73it/s]
instructblip/pope/ricd/gqa/adversarial/seed1:   4%|▍         | 116/3000 [00:20<08:23,  5.73it/s]
instructblip/pope/ricd/gqa/adversarial/seed1:   4%|▍         | 117/3000 [00:21<08:20,  5.76it/s]
instructblip/pope/ricd/gqa/adversarial/seed1:   4%|▍         | 118/3000 [00:21<08:09,  5.88it/s]
instructblip/pope/ricd/gqa/adversarial/seed1:   4%|▍         | 119/3000 [00:21<08:08,  5.90it/s]
instructblip/pope/ricd/gqa/adversarial/seed1:   4%|▍         | 120/3000 [00:21<08:15,  5.81it/s]
instructblip/pope/ricd/gqa/adversarial/seed1:   4%|▍         | 121/3000 [00:21<08:12,  5.84it/s]
instructblip/pope/ricd/gqa/adversarial/seed1:   4%|▍         | 122/3000 [00:21<08:05,  5.93it/s]
instructblip/pope/ricd/gqa/adversarial/seed1:   4%|▍         | 123/3000 [00:22<08:19,  5.75it/s]
instructblip/pope/ricd/gqa/adversarial/seed1:   4%|▍         | 124/3000 [00:22<08:28,  5.65it/s]
instructblip/pope/ricd/gqa/adversarial/seed1:   4%|▍         | 125/3000 [00:22<08:24,  5.70it/s]
instructblip/pope/ricd/gqa/adversarial/seed1:   4%|▍         | 126/3000 [00:22<08:37,  5.55it/s]
instructblip/pope/ricd/gqa/adversarial/seed1:   4%|▍         | 127/3000 [00:22<08:50,  5.42it/s]
instructblip/pope/ricd/gqa/adversarial/seed1:   4%|▍         | 128/3000 [00:23<08:47,  5.44it/s]
instructblip/pope/ricd/gqa/adversarial/seed1:   4%|▍         | 129/3000 [00:23<08:48,  5.43it/s]
instructblip/pope/ricd/gqa/adversarial/seed1:   4%|▍         | 130/3000 [00:23<08:52,  5.39it/s]
instructblip/pope/ricd/gqa/adversarial/seed1:   4%|▍         | 131/3000 [00:23<09:00,  5.31it/s]
instructblip/pope/ricd/gqa/adversarial/seed1:   4%|▍         | 132/3000 [00:23<08:58,  5.33it/s]
instructblip/pope/ricd/gqa/adversarial/seed1:   4%|▍         | 133/3000 [00:23<08:40,  5.51it/s]
instructblip/pope/ricd/gqa/adversarial/seed1:   4%|▍         | 134/3000 [00:24<08:40,  5.50it/s]
instructblip/pope/ricd/gqa/adversarial/seed1:   4%|▍         | 135/3000 [00:24<08:43,  5.47it/s]
instructblip/pope/ricd/gqa/adversarial/seed1:   5%|▍         | 136/3000 [00:24<08:37,  5.53it/s]
instructblip/pope/ricd/gqa/adversarial/seed1:   5%|▍         | 137/3000 [00:24<08:31,  5.59it/s]
instructblip/pope/ricd/gqa/adversarial/seed1:   5%|▍         | 138/3000 [00:24<08:39,  5.51it/s]
instructblip/pope/ricd/gqa/adversarial/seed1:   5%|▍         | 139/3000 [00:25<08:45,  5.45it/s]
instructblip/pope/ricd/gqa/adversarial/seed1:   5%|▍         | 140/3000 [00:25<08:44,  5.45it/s]
instructblip/pope/ricd/gqa/adversarial/seed1:   5%|▍         | 141/3000 [00:25<08:42,  5.47it/s]
instructblip/pope/ricd/gqa/adversarial/seed1:   5%|▍         | 142/3000 [00:25<08:42,  5.47it/s]
instructblip/pope/ricd/gqa/adversarial/seed1:   5%|▍         | 143/3000 [00:25<08:39,  5.50it/s]
instructblip/pope/ricd/gqa/adversarial/seed1:   5%|▍         | 144/3000 [00:25<08:36,  5.53it/s]
instructblip/pope/ricd/gqa/adversarial/seed1:   5%|▍         | 145/3000 [00:26<08:34,  5.55it/s]
instructblip/pope/ricd/gqa/adversarial/seed1:   5%|▍         | 146/3000 [00:26<08:24,  5.66it/s]
instructblip/pope/ricd/gqa/adversarial/seed1:   5%|▍         | 147/3000 [00:26<08:16,  5.75it/s]
instructblip/pope/ricd/gqa/adversarial/seed1:   5%|▍         | 148/3000 [00:26<08:12,  5.80it/s]
instructblip/pope/ricd/gqa/adversarial/seed1:   5%|▍         | 149/3000 [00:26<08:06,  5.86it/s]
instructblip/pope/ricd/gqa/adversarial/seed1:   5%|▌         | 150/3000 [00:26<08:17,  5.73it/s]
instructblip/pope/ricd/gqa/adversarial/seed1:   5%|▌         | 151/3000 [00:27<08:19,  5.71it/s]
instructblip/pope/ricd/gqa/adversarial/seed1:   5%|▌         | 152/3000 [00:27<08:18,  5.72it/s]
instructblip/pope/ricd/gqa/adversarial/seed1:   5%|▌         | 153/3000 [00:27<08:14,  5.76it/s]
instructblip/pope/ricd/gqa/adversarial/seed1:   5%|▌         | 154/3000 [00:27<08:14,  5.75it/s]
instructblip/pope/ricd/gqa/adversarial/seed1:   5%|▌         | 155/3000 [00:27<08:07,  5.84it/s]
instructblip/pope/ricd/gqa/adversarial/seed1:   5%|▌         | 156/3000 [00:28<08:04,  5.87it/s]
instructblip/pope/ricd/gqa/adversarial/seed1:   5%|▌         | 157/3000 [00:28<08:06,  5.84it/s]
instructblip/pope/ricd/gqa/adversarial/seed1:   5%|▌         | 158/3000 [00:28<07:59,  5.92it/s]
instructblip/pope/ricd/gqa/adversarial/seed1:   5%|▌         | 159/3000 [00:28<07:51,  6.02it/s]
instructblip/pope/ricd/gqa/adversarial/seed1:   5%|▌         | 160/3000 [00:28<08:02,  5.88it/s]
instructblip/pope/ricd/gqa/adversarial/seed1:   5%|▌         | 161/3000 [00:28<08:05,  5.85it/s]
instructblip/pope/ricd/gqa/adversarial/seed1:   5%|▌         | 162/3000 [00:29<08:08,  5.81it/s]
instructblip/pope/ricd/gqa/adversarial/seed1:   5%|▌         | 163/3000 [00:29<08:04,  5.86it/s]
instructblip/pope/ricd/gqa/adversarial/seed1:   5%|▌         | 164/3000 [00:29<08:08,  5.81it/s]
instructblip/pope/ricd/gqa/adversarial/seed1:   6%|▌         | 165/3000 [00:29<07:59,  5.92it/s]
instructblip/pope/ricd/gqa/adversarial/seed1:   6%|▌         | 166/3000 [00:29<07:59,  5.91it/s]
instructblip/pope/ricd/gqa/adversarial/seed1:   6%|▌         | 167/3000 [00:29<08:10,  5.77it/s]
instructblip/pope/ricd/gqa/adversarial/seed1:   6%|▌         | 168/3000 [00:30<08:03,  5.86it/s]
instructblip/pope/ricd/gqa/adversarial/seed1:   6%|▌         | 169/3000 [00:30<08:00,  5.90it/s]
instructblip/pope/ricd/gqa/adversarial/seed1:   6%|▌         | 170/3000 [00:30<07:53,  5.97it/s]
instructblip/pope/ricd/gqa/adversarial/seed1:   6%|▌         | 171/3000 [00:30<07:56,  5.94it/s]
instructblip/pope/ricd/gqa/adversarial/seed1:   6%|▌         | 172/3000 [00:30<07:51,  6.00it/s]
instructblip/pope/ricd/gqa/adversarial/seed1:   6%|▌         | 173/3000 [00:30<07:48,  6.03it/s]
instructblip/pope/ricd/gqa/adversarial/seed1:   6%|▌         | 174/3000 [00:31<07:49,  6.02it/s]
instructblip/pope/ricd/gqa/adversarial/seed1:   6%|▌         | 175/3000 [00:31<07:50,  6.01it/s]
instructblip/pope/ricd/gqa/adversarial/seed1:   6%|▌         | 176/3000 [00:31<07:47,  6.04it/s]
instructblip/pope/ricd/gqa/adversarial/seed1:   6%|▌         | 177/3000 [00:31<07:49,  6.02it/s]
instructblip/pope/ricd/gqa/adversarial/seed1:   6%|▌         | 178/3000 [00:31<07:47,  6.04it/s]
instructblip/pope/ricd/gqa/adversarial/seed1:   6%|▌         | 179/3000 [00:31<07:51,  5.98it/s]
instructblip/pope/ricd/gqa/adversarial/seed1:   6%|▌         | 180/3000 [00:32<07:51,  5.99it/s]
instructblip/pope/ricd/gqa/adversarial/seed1:   6%|▌         | 181/3000 [00:32<07:46,  6.04it/s]
instructblip/pope/ricd/gqa/adversarial/seed1:   6%|▌         | 182/3000 [00:32<07:45,  6.05it/s]
instructblip/pope/ricd/gqa/adversarial/seed1:   6%|▌         | 183/3000 [00:32<07:46,  6.04it/s]
instructblip/pope/ricd/gqa/adversarial/seed1:   6%|▌         | 184/3000 [00:32<07:40,  6.11it/s]
instructblip/pope/ricd/gqa/adversarial/seed1:   6%|▌         | 185/3000 [00:32<07:45,  6.04it/s]
instructblip/pope/ricd/gqa/adversarial/seed1:   6%|▌         | 186/3000 [00:33<07:44,  6.05it/s]
instructblip/pope/ricd/gqa/adversarial/seed1:   6%|▌         | 187/3000 [00:33<07:41,  6.10it/s]
instructblip/pope/ricd/gqa/adversarial/seed1:   6%|▋         | 188/3000 [00:33<07:46,  6.02it/s]
instructblip/pope/ricd/gqa/adversarial/seed1:   6%|▋         | 189/3000 [00:33<07:47,  6.02it/s]
instructblip/pope/ricd/gqa/adversarial/seed1:   6%|▋         | 190/3000 [00:33<07:43,  6.06it/s]
instructblip/pope/ricd/gqa/adversarial/seed1:   6%|▋         | 191/3000 [00:33<07:41,  6.09it/s]
instructblip/pope/ricd/gqa/adversarial/seed1:   6%|▋         | 192/3000 [00:34<07:44,  6.05it/s]
instructblip/pope/ricd/gqa/adversarial/seed1:   6%|▋         | 193/3000 [00:34<07:45,  6.03it/s]
instructblip/pope/ricd/gqa/adversarial/seed1:   6%|▋         | 194/3000 [00:34<07:45,  6.03it/s]
instructblip/pope/ricd/gqa/adversarial/seed1:   6%|▋         | 195/3000 [00:34<07:59,  5.85it/s]
instructblip/pope/ricd/gqa/adversarial/seed1:   7%|▋         | 196/3000 [00:34<08:02,  5.82it/s]
instructblip/pope/ricd/gqa/adversarial/seed1:   7%|▋         | 197/3000 [00:34<07:58,  5.86it/s]
instructblip/pope/ricd/gqa/adversarial/seed1:   7%|▋         | 198/3000 [00:35<07:56,  5.88it/s]
instructblip/pope/ricd/gqa/adversarial/seed1:   7%|▋         | 199/3000 [00:35<07:51,  5.94it/s]
instructblip/pope/ricd/gqa/adversarial/seed1:   7%|▋         | 200/3000 [00:35<07:46,  6.00it/s]
instructblip/pope/ricd/gqa/adversarial/seed1:   7%|▋         | 201/3000 [00:35<07:41,  6.06it/s]
instructblip/pope/ricd/gqa/adversarial/seed1:   7%|▋         | 202/3000 [00:35<07:38,  6.10it/s]
instructblip/pope/ricd/gqa/adversarial/seed1:   7%|▋         | 203/3000 [00:35<07:53,  5.91it/s]
instructblip/pope/ricd/gqa/adversarial/seed1:   7%|▋         | 204/3000 [00:36<07:48,  5.97it/s]
instructblip/pope/ricd/gqa/adversarial/seed1:   7%|▋         | 205/3000 [00:36<07:45,  6.00it/s]
instructblip/pope/ricd/gqa/adversarial/seed1:   7%|▋         | 206/3000 [00:36<07:47,  5.97it/s]
instructblip/pope/ricd/gqa/adversarial/seed1:   7%|▋         | 207/3000 [00:36<07:55,  5.88it/s]
instructblip/pope/ricd/gqa/adversarial/seed1:   7%|▋         | 208/3000 [00:36<07:51,  5.92it/s]
instructblip/pope/ricd/gqa/adversarial/seed1:   7%|▋         | 209/3000 [00:36<07:46,  5.98it/s]
instructblip/pope/ricd/gqa/adversarial/seed1:   7%|▋         | 210/3000 [00:37<07:48,  5.96it/s]
instructblip/pope/ricd/gqa/adversarial/seed1:   7%|▋         | 211/3000 [00:37<07:50,  5.93it/s]
instructblip/pope/ricd/gqa/adversarial/seed1:   7%|▋         | 212/3000 [00:37<07:45,  5.99it/s]
instructblip/pope/ricd/gqa/adversarial/seed1:   7%|▋         | 213/3000 [00:37<07:46,  5.98it/s]
instructblip/pope/ricd/gqa/adversarial/seed1:   7%|▋         | 214/3000 [00:37<07:46,  5.97it/s]
instructblip/pope/ricd/gqa/adversarial/seed1:   7%|▋         | 215/3000 [00:37<07:48,  5.95it/s]
instructblip/pope/ricd/gqa/adversarial/seed1:   7%|▋         | 216/3000 [00:38<07:50,  5.91it/s]
instructblip/pope/ricd/gqa/adversarial/seed1:   7%|▋         | 217/3000 [00:38<07:47,  5.95it/s]
instructblip/pope/ricd/gqa/adversarial/seed1:   7%|▋         | 218/3000 [00:38<07:57,  5.83it/s]
instructblip/pope/ricd/gqa/adversarial/seed1:   7%|▋         | 219/3000 [00:38<07:57,  5.82it/s]
instructblip/pope/ricd/gqa/adversarial/seed1:   7%|▋         | 220/3000 [00:38<07:49,  5.92it/s]
instructblip/pope/ricd/gqa/adversarial/seed1:   7%|▋         | 221/3000 [00:38<08:22,  5.53it/s]
instructblip/pope/ricd/gqa/adversarial/seed1:   7%|▋         | 222/3000 [00:39<08:10,  5.67it/s]
instructblip/pope/ricd/gqa/adversarial/seed1:   7%|▋         | 223/3000 [00:39<08:12,  5.63it/s]
instructblip/pope/ricd/gqa/adversarial/seed1:   7%|▋         | 224/3000 [00:39<09:07,  5.07it/s]
instructblip/pope/ricd/gqa/adversarial/seed1:   8%|▊         | 225/3000 [00:39<08:59,  5.14it/s]
instructblip/pope/ricd/gqa/adversarial/seed1:   8%|▊         | 226/3000 [00:39<08:53,  5.20it/s]
instructblip/pope/ricd/gqa/adversarial/seed1:   8%|▊         | 227/3000 [00:40<08:59,  5.14it/s]
instructblip/pope/ricd/gqa/adversarial/seed1:   8%|▊         | 228/3000 [00:40<08:50,  5.22it/s]
instructblip/pope/ricd/gqa/adversarial/seed1:   8%|▊         | 229/3000 [00:40<08:39,  5.33it/s]
instructblip/pope/ricd/gqa/adversarial/seed1:   8%|▊         | 230/3000 [00:40<08:26,  5.47it/s]
instructblip/pope/ricd/gqa/adversarial/seed1:   8%|▊         | 231/3000 [00:40<08:26,  5.47it/s]
instructblip/pope/ricd/gqa/adversarial/seed1:   8%|▊         | 232/3000 [00:41<08:14,  5.60it/s]
instructblip/pope/ricd/gqa/adversarial/seed1:   8%|▊         | 233/3000 [00:41<08:09,  5.65it/s]
instructblip/pope/ricd/gqa/adversarial/seed1:   8%|▊         | 234/3000 [00:41<08:09,  5.65it/s]
instructblip/pope/ricd/gqa/adversarial/seed1:   8%|▊         | 235/3000 [00:41<08:01,  5.74it/s]
instructblip/pope/ricd/gqa/adversarial/seed1:   8%|▊         | 236/3000 [00:41<08:14,  5.59it/s]
instructblip/pope/ricd/gqa/adversarial/seed1:   8%|▊         | 237/3000 [00:41<08:16,  5.57it/s]
instructblip/pope/ricd/gqa/adversarial/seed1:   8%|▊         | 238/3000 [00:42<08:13,  5.60it/s]
instructblip/pope/ricd/gqa/adversarial/seed1:   8%|▊         | 239/3000 [00:42<08:03,  5.72it/s]
instructblip/pope/ricd/gqa/adversarial/seed1:   8%|▊         | 240/3000 [00:42<07:59,  5.76it/s]
instructblip/pope/ricd/gqa/adversarial/seed1:   8%|▊         | 241/3000 [00:42<08:01,  5.73it/s]
instructblip/pope/ricd/gqa/adversarial/seed1:   8%|▊         | 242/3000 [00:42<08:00,  5.74it/s]
instructblip/pope/ricd/gqa/adversarial/seed1:   8%|▊         | 243/3000 [00:42<07:58,  5.77it/s]
instructblip/pope/ricd/gqa/adversarial/seed1:   8%|▊         | 244/3000 [00:43<07:51,  5.84it/s]
instructblip/pope/ricd/gqa/adversarial/seed1:   8%|▊         | 245/3000 [00:43<07:52,  5.83it/s]
instructblip/pope/ricd/gqa/adversarial/seed1:   8%|▊         | 246/3000 [00:43<07:54,  5.81it/s]
instructblip/pope/ricd/gqa/adversarial/seed1:   8%|▊         | 247/3000 [00:43<07:44,  5.92it/s]
instructblip/pope/ricd/gqa/adversarial/seed1:   8%|▊         | 248/3000 [00:43<07:49,  5.86it/s]
instructblip/pope/ricd/gqa/adversarial/seed1:   8%|▊         | 249/3000 [00:43<07:53,  5.81it/s]
instructblip/pope/ricd/gqa/adversarial/seed1:   8%|▊         | 250/3000 [00:44<07:53,  5.81it/s]
instructblip/pope/ricd/gqa/adversarial/seed1:   8%|▊         | 251/3000 [00:44<07:46,  5.90it/s]
instructblip/pope/ricd/gqa/adversarial/seed1:   8%|▊         | 252/3000 [00:44<07:55,  5.77it/s]
instructblip/pope/ricd/gqa/adversarial/seed1:   8%|▊         | 253/3000 [00:44<07:53,  5.80it/s]
instructblip/pope/ricd/gqa/adversarial/seed1:   8%|▊         | 254/3000 [00:44<07:49,  5.85it/s]
instructblip/pope/ricd/gqa/adversarial/seed1:   8%|▊         | 255/3000 [00:44<07:50,  5.84it/s]
instructblip/pope/ricd/gqa/adversarial/seed1:   9%|▊         | 256/3000 [00:45<07:50,  5.84it/s]
instructblip/pope/ricd/gqa/adversarial/seed1:   9%|▊         | 257/3000 [00:45<07:44,  5.90it/s]
instructblip/pope/ricd/gqa/adversarial/seed1:   9%|▊         | 258/3000 [00:45<07:53,  5.79it/s]
instructblip/pope/ricd/gqa/adversarial/seed1:   9%|▊         | 259/3000 [00:45<08:09,  5.60it/s]
instructblip/pope/ricd/gqa/adversarial/seed1:   9%|▊         | 260/3000 [00:45<08:02,  5.68it/s]
instructblip/pope/ricd/gqa/adversarial/seed1:   9%|▊         | 261/3000 [00:46<07:54,  5.77it/s]
instructblip/pope/ricd/gqa/adversarial/seed1:   9%|▊         | 262/3000 [00:46<07:53,  5.78it/s]
instructblip/pope/ricd/gqa/adversarial/seed1:   9%|▉         | 263/3000 [00:46<07:47,  5.85it/s]
instructblip/pope/ricd/gqa/adversarial/seed1:   9%|▉         | 264/3000 [00:46<07:50,  5.82it/s]
instructblip/pope/ricd/gqa/adversarial/seed1:   9%|▉         | 265/3000 [00:46<07:50,  5.81it/s]
instructblip/pope/ricd/gqa/adversarial/seed1:   9%|▉         | 266/3000 [00:46<07:51,  5.80it/s]
instructblip/pope/ricd/gqa/adversarial/seed1:   9%|▉         | 267/3000 [00:47<07:44,  5.89it/s]
instructblip/pope/ricd/gqa/adversarial/seed1:   9%|▉         | 268/3000 [00:47<07:38,  5.96it/s]
instructblip/pope/ricd/gqa/adversarial/seed1:   9%|▉         | 269/3000 [00:47<07:45,  5.87it/s]
instructblip/pope/ricd/gqa/adversarial/seed1:   9%|▉         | 270/3000 [00:47<07:47,  5.84it/s]
instructblip/pope/ricd/gqa/adversarial/seed1:   9%|▉         | 271/3000 [00:47<07:51,  5.78it/s]
instructblip/pope/ricd/gqa/adversarial/seed1:   9%|▉         | 272/3000 [00:47<07:46,  5.85it/s]
instructblip/pope/ricd/gqa/adversarial/seed1:   9%|▉         | 273/3000 [00:48<07:52,  5.77it/s]
instructblip/pope/ricd/gqa/adversarial/seed1:   9%|▉         | 274/3000 [00:48<07:55,  5.73it/s]
instructblip/pope/ricd/gqa/adversarial/seed1:   9%|▉         | 275/3000 [00:48<08:05,  5.62it/s]
instructblip/pope/ricd/gqa/adversarial/seed1:   9%|▉         | 276/3000 [00:48<07:55,  5.73it/s]
instructblip/pope/ricd/gqa/adversarial/seed1:   9%|▉         | 277/3000 [00:48<07:47,  5.82it/s]
instructblip/pope/ricd/gqa/adversarial/seed1:   9%|▉         | 278/3000 [00:48<07:42,  5.89it/s]
instructblip/pope/ricd/gqa/adversarial/seed1:   9%|▉         | 279/3000 [00:49<07:48,  5.80it/s]
instructblip/pope/ricd/gqa/adversarial/seed1:   9%|▉         | 280/3000 [00:49<07:45,  5.84it/s]
instructblip/pope/ricd/gqa/adversarial/seed1:   9%|▉         | 281/3000 [00:49<07:49,  5.79it/s]
instructblip/pope/ricd/gqa/adversarial/seed1:   9%|▉         | 282/3000 [00:49<07:44,  5.85it/s]
instructblip/pope/ricd/gqa/adversarial/seed1:   9%|▉         | 283/3000 [00:49<07:43,  5.86it/s]
instructblip/pope/ricd/gqa/adversarial/seed1:   9%|▉         | 284/3000 [00:49<07:49,  5.79it/s]
instructblip/pope/ricd/gqa/adversarial/seed1:  10%|▉         | 285/3000 [00:50<07:46,  5.82it/s]
instructblip/pope/ricd/gqa/adversarial/seed1:  10%|▉         | 286/3000 [00:50<07:38,  5.92it/s]
instructblip/pope/ricd/gqa/adversarial/seed1:  10%|▉         | 287/3000 [00:50<07:58,  5.67it/s]
instructblip/pope/ricd/gqa/adversarial/seed1:  10%|▉         | 288/3000 [00:50<07:51,  5.75it/s]
instructblip/pope/ricd/gqa/adversarial/seed1:  10%|▉         | 289/3000 [00:50<07:59,  5.65it/s]
instructblip/pope/ricd/gqa/adversarial/seed1:  10%|▉         | 290/3000 [00:51<08:01,  5.63it/s]
instructblip/pope/ricd/gqa/adversarial/seed1:  10%|▉         | 291/3000 [00:51<07:57,  5.68it/s]
instructblip/pope/ricd/gqa/adversarial/seed1:  10%|▉         | 292/3000 [00:51<07:49,  5.77it/s]
instructblip/pope/ricd/gqa/adversarial/seed1:  10%|▉         | 293/3000 [00:51<07:43,  5.84it/s]
instructblip/pope/ricd/gqa/adversarial/seed1:  10%|▉         | 294/3000 [00:51<07:44,  5.82it/s]
instructblip/pope/ricd/gqa/adversarial/seed1:  10%|▉         | 295/3000 [00:51<07:42,  5.85it/s]
instructblip/pope/ricd/gqa/adversarial/seed1:  10%|▉         | 296/3000 [00:52<07:39,  5.89it/s]
instructblip/pope/ricd/gqa/adversarial/seed1:  10%|▉         | 297/3000 [00:52<07:35,  5.94it/s]
instructblip/pope/ricd/gqa/adversarial/seed1:  10%|▉         | 298/3000 [00:52<07:37,  5.90it/s]
instructblip/pope/ricd/gqa/adversarial/seed1:  10%|▉         | 299/3000 [00:52<07:33,  5.96it/s]
instructblip/pope/ricd/gqa/adversarial/seed1:  10%|█         | 300/3000 [00:52<07:30,  5.99it/s]
instructblip/pope/ricd/gqa/adversarial/seed1:  10%|█         | 301/3000 [00:52<07:37,  5.90it/s]
instructblip/pope/ricd/gqa/adversarial/seed1:  10%|█         | 302/3000 [00:53<07:40,  5.86it/s]
instructblip/pope/ricd/gqa/adversarial/seed1:  10%|█         | 303/3000 [00:53<07:35,  5.92it/s]
instructblip/pope/ricd/gqa/adversarial/seed1:  10%|█         | 304/3000 [00:53<07:39,  5.87it/s]
instructblip/pope/ricd/gqa/adversarial/seed1:  10%|█         | 305/3000 [00:53<07:35,  5.92it/s]
instructblip/pope/ricd/gqa/adversarial/seed1:  10%|█         | 306/3000 [00:53<07:37,  5.89it/s]
instructblip/pope/ricd/gqa/adversarial/seed1:  10%|█         | 307/3000 [00:53<07:37,  5.88it/s]
instructblip/pope/ricd/gqa/adversarial/seed1:  10%|█         | 308/3000 [00:54<07:36,  5.90it/s]
instructblip/pope/ricd/gqa/adversarial/seed1:  10%|█         | 309/3000 [00:54<07:39,  5.85it/s]
instructblip/pope/ricd/gqa/adversarial/seed1:  10%|█         | 310/3000 [00:54<07:36,  5.90it/s]
instructblip/pope/ricd/gqa/adversarial/seed1:  10%|█         | 311/3000 [00:54<07:31,  5.96it/s]
instructblip/pope/ricd/gqa/adversarial/seed1:  10%|█         | 312/3000 [00:54<07:28,  5.99it/s]
instructblip/pope/ricd/gqa/adversarial/seed1:  10%|█         | 313/3000 [00:54<07:28,  5.98it/s]
instructblip/pope/ricd/gqa/adversarial/seed1:  10%|█         | 314/3000 [00:55<07:29,  5.97it/s]
instructblip/pope/ricd/gqa/adversarial/seed1:  10%|█         | 315/3000 [00:55<07:26,  6.02it/s]
instructblip/pope/ricd/gqa/adversarial/seed1:  11%|█         | 316/3000 [00:55<07:25,  6.03it/s]
instructblip/pope/ricd/gqa/adversarial/seed1:  11%|█         | 317/3000 [00:55<07:21,  6.08it/s]
instructblip/pope/ricd/gqa/adversarial/seed1:  11%|█         | 318/3000 [00:55<07:19,  6.10it/s]
instructblip/pope/ricd/gqa/adversarial/seed1:  11%|█         | 319/3000 [00:55<07:26,  6.01it/s]
instructblip/pope/ricd/gqa/adversarial/seed1:  11%|█         | 320/3000 [00:56<07:34,  5.89it/s]
instructblip/pope/ricd/gqa/adversarial/seed1:  11%|█         | 321/3000 [00:56<07:35,  5.88it/s]
instructblip/pope/ricd/gqa/adversarial/seed1:  11%|█         | 322/3000 [00:56<07:30,  5.95it/s]
instructblip/pope/ricd/gqa/adversarial/seed1:  11%|█         | 323/3000 [00:56<07:31,  5.92it/s]
instructblip/pope/ricd/gqa/adversarial/seed1:  11%|█         | 324/3000 [00:56<07:41,  5.79it/s]
instructblip/pope/ricd/gqa/adversarial/seed1:  11%|█         | 325/3000 [00:56<07:34,  5.88it/s]
instructblip/pope/ricd/gqa/adversarial/seed1:  11%|█         | 326/3000 [00:57<07:32,  5.91it/s]
instructblip/pope/ricd/gqa/adversarial/seed1:  11%|█         | 327/3000 [00:57<07:25,  6.00it/s]
instructblip/pope/ricd/gqa/adversarial/seed1:  11%|█         | 328/3000 [00:57<07:27,  5.98it/s]
instructblip/pope/ricd/gqa/adversarial/seed1:  11%|█         | 329/3000 [00:57<07:28,  5.96it/s]
instructblip/pope/ricd/gqa/adversarial/seed1:  11%|█         | 330/3000 [00:57<07:39,  5.82it/s]
instructblip/pope/ricd/gqa/adversarial/seed1:  11%|█         | 331/3000 [00:57<07:38,  5.82it/s]
instructblip/pope/ricd/gqa/adversarial/seed1:  11%|█         | 332/3000 [00:58<07:30,  5.92it/s]
instructblip/pope/ricd/gqa/adversarial/seed1:  11%|█         | 333/3000 [00:58<07:34,  5.87it/s]
instructblip/pope/ricd/gqa/adversarial/seed1:  11%|█         | 334/3000 [00:58<07:33,  5.87it/s]
instructblip/pope/ricd/gqa/adversarial/seed1:  11%|█         | 335/3000 [00:58<07:33,  5.87it/s]
instructblip/pope/ricd/gqa/adversarial/seed1:  11%|█         | 336/3000 [00:58<07:40,  5.78it/s]
instructblip/pope/ricd/gqa/adversarial/seed1:  11%|█         | 337/3000 [00:58<07:34,  5.86it/s]
instructblip/pope/ricd/gqa/adversarial/seed1:  11%|█▏        | 338/3000 [00:59<07:32,  5.89it/s]
instructblip/pope/ricd/gqa/adversarial/seed1:  11%|█▏        | 339/3000 [00:59<07:34,  5.86it/s]
instructblip/pope/ricd/gqa/adversarial/seed1:  11%|█▏        | 340/3000 [00:59<08:07,  5.46it/s]
instructblip/pope/ricd/gqa/adversarial/seed1:  11%|█▏        | 341/3000 [00:59<08:49,  5.03it/s]
instructblip/pope/ricd/gqa/adversarial/seed1:  11%|█▏        | 342/3000 [01:00<09:03,  4.89it/s]
instructblip/pope/ricd/gqa/adversarial/seed1:  11%|█▏        | 343/3000 [01:00<08:36,  5.14it/s]
instructblip/pope/ricd/gqa/adversarial/seed1:  11%|█▏        | 344/3000 [01:00<08:12,  5.39it/s]
instructblip/pope/ricd/gqa/adversarial/seed1:  12%|█▏        | 345/3000 [01:00<08:02,  5.51it/s]
instructblip/pope/ricd/gqa/adversarial/seed1:  12%|█▏        | 346/3000 [01:00<07:47,  5.68it/s]
instructblip/pope/ricd/gqa/adversarial/seed1:  12%|█▏        | 347/3000 [01:00<07:44,  5.71it/s]
instructblip/pope/ricd/gqa/adversarial/seed1:  12%|█▏        | 348/3000 [01:01<07:39,  5.77it/s]
instructblip/pope/ricd/gqa/adversarial/seed1:  12%|█▏        | 349/3000 [01:01<07:33,  5.84it/s]
instructblip/pope/ricd/gqa/adversarial/seed1:  12%|█▏        | 350/3000 [01:01<07:32,  5.86it/s]
instructblip/pope/ricd/gqa/adversarial/seed1:  12%|█▏        | 351/3000 [01:01<07:26,  5.93it/s]
instructblip/pope/ricd/gqa/adversarial/seed1:  12%|█▏        | 352/3000 [01:01<07:30,  5.88it/s]
instructblip/pope/ricd/gqa/adversarial/seed1:  12%|█▏        | 353/3000 [01:01<07:32,  5.85it/s]
instructblip/pope/ricd/gqa/adversarial/seed1:  12%|█▏        | 354/3000 [01:02<07:39,  5.76it/s]
instructblip/pope/ricd/gqa/adversarial/seed1:  12%|█▏        | 355/3000 [01:02<07:44,  5.70it/s]
instructblip/pope/ricd/gqa/adversarial/seed1:  12%|█▏        | 356/3000 [01:02<07:58,  5.53it/s]
instructblip/pope/ricd/gqa/adversarial/seed1:  12%|█▏        | 357/3000 [01:02<08:02,  5.48it/s]
instructblip/pope/ricd/gqa/adversarial/seed1:  12%|█▏        | 358/3000 [01:02<07:49,  5.63it/s]
instructblip/pope/ricd/gqa/adversarial/seed1:  12%|█▏        | 359/3000 [01:02<07:38,  5.76it/s]
instructblip/pope/ricd/gqa/adversarial/seed1:  12%|█▏        | 360/3000 [01:03<07:39,  5.74it/s]
instructblip/pope/ricd/gqa/adversarial/seed1:  12%|█▏        | 361/3000 [01:03<07:37,  5.76it/s]
instructblip/pope/ricd/gqa/adversarial/seed1:  12%|█▏        | 362/3000 [01:03<07:45,  5.67it/s]
instructblip/pope/ricd/gqa/adversarial/seed1:  12%|█▏        | 363/3000 [01:03<07:44,  5.68it/s]
instructblip/pope/ricd/gqa/adversarial/seed1:  12%|█▏        | 364/3000 [01:03<07:39,  5.74it/s]
instructblip/pope/ricd/gqa/adversarial/seed1:  12%|█▏        | 365/3000 [01:04<07:53,  5.56it/s]
instructblip/pope/ricd/gqa/adversarial/seed1:  12%|█▏        | 366/3000 [01:04<08:02,  5.46it/s]
instructblip/pope/ricd/gqa/adversarial/seed1:  12%|█▏        | 367/3000 [01:04<07:55,  5.54it/s]
instructblip/pope/ricd/gqa/adversarial/seed1:  12%|█▏        | 368/3000 [01:04<07:48,  5.62it/s]
instructblip/pope/ricd/gqa/adversarial/seed1:  12%|█▏        | 369/3000 [01:04<07:50,  5.60it/s]
instructblip/pope/ricd/gqa/adversarial/seed1:  12%|█▏        | 370/3000 [01:04<07:58,  5.50it/s]
instructblip/pope/ricd/gqa/adversarial/seed1:  12%|█▏        | 371/3000 [01:05<07:49,  5.60it/s]
instructblip/pope/ricd/gqa/adversarial/seed1:  12%|█▏        | 372/3000 [01:05<07:39,  5.72it/s]
instructblip/pope/ricd/gqa/adversarial/seed1:  12%|█▏        | 373/3000 [01:05<07:35,  5.77it/s]
instructblip/pope/ricd/gqa/adversarial/seed1:  12%|█▏        | 374/3000 [01:05<07:33,  5.79it/s]
instructblip/pope/ricd/gqa/adversarial/seed1:  12%|█▎        | 375/3000 [01:05<07:46,  5.63it/s]
instructblip/pope/ricd/gqa/adversarial/seed1:  13%|█▎        | 376/3000 [01:05<07:41,  5.69it/s]
instructblip/pope/ricd/gqa/adversarial/seed1:  13%|█▎        | 377/3000 [01:06<07:46,  5.62it/s]
instructblip/pope/ricd/gqa/adversarial/seed1:  13%|█▎        | 378/3000 [01:06<07:41,  5.69it/s]
instructblip/pope/ricd/gqa/adversarial/seed1:  13%|█▎        | 379/3000 [01:06<07:50,  5.57it/s]
instructblip/pope/ricd/gqa/adversarial/seed1:  13%|█▎        | 380/3000 [01:06<07:48,  5.59it/s]
instructblip/pope/ricd/gqa/adversarial/seed1:  13%|█▎        | 381/3000 [01:06<07:49,  5.58it/s]
instructblip/pope/ricd/gqa/adversarial/seed1:  13%|█▎        | 382/3000 [01:07<08:04,  5.41it/s]
instructblip/pope/ricd/gqa/adversarial/seed1:  13%|█▎        | 383/3000 [01:07<08:19,  5.24it/s]
instructblip/pope/ricd/gqa/adversarial/seed1:  13%|█▎        | 384/3000 [01:07<08:34,  5.09it/s]
instructblip/pope/ricd/gqa/adversarial/seed1:  13%|█▎        | 385/3000 [01:07<08:15,  5.28it/s]
instructblip/pope/ricd/gqa/adversarial/seed1:  13%|█▎        | 386/3000 [01:07<08:00,  5.44it/s]
instructblip/pope/ricd/gqa/adversarial/seed1:  13%|█▎        | 387/3000 [01:07<07:48,  5.58it/s]
instructblip/pope/ricd/gqa/adversarial/seed1:  13%|█▎        | 388/3000 [01:08<07:37,  5.72it/s]
instructblip/pope/ricd/gqa/adversarial/seed1:  13%|█▎        | 389/3000 [01:08<07:40,  5.67it/s]
instructblip/pope/ricd/gqa/adversarial/seed1:  13%|█▎        | 390/3000 [01:08<07:56,  5.47it/s]
instructblip/pope/ricd/gqa/adversarial/seed1:  13%|█▎        | 391/3000 [01:08<07:59,  5.44it/s]
instructblip/pope/ricd/gqa/adversarial/seed1:  13%|█▎        | 392/3000 [01:08<07:43,  5.63it/s]
instructblip/pope/ricd/gqa/adversarial/seed1:  13%|█▎        | 393/3000 [01:09<07:40,  5.66it/s]
instructblip/pope/ricd/gqa/adversarial/seed1:  13%|█▎        | 394/3000 [01:09<07:37,  5.69it/s]
instructblip/pope/ricd/gqa/adversarial/seed1:  13%|█▎        | 395/3000 [01:09<07:29,  5.80it/s]
instructblip/pope/ricd/gqa/adversarial/seed1:  13%|█▎        | 396/3000 [01:09<07:26,  5.84it/s]
instructblip/pope/ricd/gqa/adversarial/seed1:  13%|█▎        | 397/3000 [01:09<07:29,  5.79it/s]
instructblip/pope/ricd/gqa/adversarial/seed1:  13%|█▎        | 398/3000 [01:09<07:30,  5.78it/s]
instructblip/pope/ricd/gqa/adversarial/seed1:  13%|█▎        | 399/3000 [01:10<07:25,  5.83it/s]
instructblip/pope/ricd/gqa/adversarial/seed1:  13%|█▎        | 400/3000 [01:10<07:26,  5.82it/s]
instructblip/pope/ricd/gqa/adversarial/seed1:  13%|█▎        | 401/3000 [01:10<07:32,  5.74it/s]
instructblip/pope/ricd/gqa/adversarial/seed1:  13%|█▎        | 402/3000 [01:10<07:38,  5.67it/s]
instructblip/pope/ricd/gqa/adversarial/seed1:  13%|█▎        | 403/3000 [01:10<07:38,  5.66it/s]
instructblip/pope/ricd/gqa/adversarial/seed1:  13%|█▎        | 404/3000 [01:10<07:50,  5.52it/s]
instructblip/pope/ricd/gqa/adversarial/seed1:  14%|█▎        | 405/3000 [01:11<07:44,  5.58it/s]
instructblip/pope/ricd/gqa/adversarial/seed1:  14%|█▎        | 406/3000 [01:11<07:49,  5.53it/s]
instructblip/pope/ricd/gqa/adversarial/seed1:  14%|█▎        | 407/3000 [01:11<07:50,  5.52it/s]
instructblip/pope/ricd/gqa/adversarial/seed1:  14%|█▎        | 408/3000 [01:11<07:54,  5.46it/s]
instructblip/pope/ricd/gqa/adversarial/seed1:  14%|█▎        | 409/3000 [01:11<07:44,  5.58it/s]
instructblip/pope/ricd/gqa/adversarial/seed1:  14%|█▎        | 410/3000 [01:12<07:58,  5.42it/s]
instructblip/pope/ricd/gqa/adversarial/seed1:  14%|█▎        | 411/3000 [01:12<07:44,  5.57it/s]
instructblip/pope/ricd/gqa/adversarial/seed1:  14%|█▎        | 412/3000 [01:12<07:44,  5.58it/s]
instructblip/pope/ricd/gqa/adversarial/seed1:  14%|█▍        | 413/3000 [01:12<07:58,  5.40it/s]
instructblip/pope/ricd/gqa/adversarial/seed1:  14%|█▍        | 414/3000 [01:12<07:51,  5.48it/s]
instructblip/pope/ricd/gqa/adversarial/seed1:  14%|█▍        | 415/3000 [01:12<07:51,  5.48it/s]
instructblip/pope/ricd/gqa/adversarial/seed1:  14%|█▍        | 416/3000 [01:13<07:54,  5.44it/s]
instructblip/pope/ricd/gqa/adversarial/seed1:  14%|█▍        | 417/3000 [01:13<07:50,  5.49it/s]
instructblip/pope/ricd/gqa/adversarial/seed1:  14%|█▍        | 418/3000 [01:13<07:41,  5.59it/s]
instructblip/pope/ricd/gqa/adversarial/seed1:  14%|█▍        | 419/3000 [01:13<07:37,  5.64it/s]
instructblip/pope/ricd/gqa/adversarial/seed1:  14%|█▍        | 420/3000 [01:13<07:30,  5.73it/s]
instructblip/pope/ricd/gqa/adversarial/seed1:  14%|█▍        | 421/3000 [01:14<07:48,  5.50it/s]
instructblip/pope/ricd/gqa/adversarial/seed1:  14%|█▍        | 422/3000 [01:14<07:53,  5.44it/s]
instructblip/pope/ricd/gqa/adversarial/seed1:  14%|█▍        | 423/3000 [01:14<07:54,  5.43it/s]
instructblip/pope/ricd/gqa/adversarial/seed1:  14%|█▍        | 424/3000 [01:14<07:46,  5.52it/s]
instructblip/pope/ricd/gqa/adversarial/seed1:  14%|█▍        | 425/3000 [01:14<07:48,  5.50it/s]
instructblip/pope/ricd/gqa/adversarial/seed1:  14%|█▍        | 426/3000 [01:14<07:45,  5.54it/s]
instructblip/pope/ricd/gqa/adversarial/seed1:  14%|█▍        | 427/3000 [01:15<07:53,  5.43it/s]
instructblip/pope/ricd/gqa/adversarial/seed1:  14%|█▍        | 428/3000 [01:15<07:45,  5.52it/s]
instructblip/pope/ricd/gqa/adversarial/seed1:  14%|█▍        | 429/3000 [01:15<07:40,  5.58it/s]
instructblip/pope/ricd/gqa/adversarial/seed1:  14%|█▍        | 430/3000 [01:15<07:37,  5.61it/s]
instructblip/pope/ricd/gqa/adversarial/seed1:  14%|█▍        | 431/3000 [01:15<07:26,  5.75it/s]
instructblip/pope/ricd/gqa/adversarial/seed1:  14%|█▍        | 432/3000 [01:16<07:22,  5.81it/s]
instructblip/pope/ricd/gqa/adversarial/seed1:  14%|█▍        | 433/3000 [01:16<07:36,  5.62it/s]
instructblip/pope/ricd/gqa/adversarial/seed1:  14%|█▍        | 434/3000 [01:16<07:36,  5.62it/s]
instructblip/pope/ricd/gqa/adversarial/seed1:  14%|█▍        | 435/3000 [01:16<07:39,  5.58it/s]
instructblip/pope/ricd/gqa/adversarial/seed1:  15%|█▍        | 436/3000 [01:16<07:30,  5.69it/s]
instructblip/pope/ricd/gqa/adversarial/seed1:  15%|█▍        | 437/3000 [01:16<07:30,  5.69it/s]
instructblip/pope/ricd/gqa/adversarial/seed1:  15%|█▍        | 438/3000 [01:17<07:29,  5.69it/s]
instructblip/pope/ricd/gqa/adversarial/seed1:  15%|█▍        | 439/3000 [01:17<07:21,  5.81it/s]
instructblip/pope/ricd/gqa/adversarial/seed1:  15%|█▍        | 440/3000 [01:17<07:23,  5.78it/s]
instructblip/pope/ricd/gqa/adversarial/seed1:  15%|█▍        | 441/3000 [01:17<07:20,  5.81it/s]
instructblip/pope/ricd/gqa/adversarial/seed1:  15%|█▍        | 442/3000 [01:17<07:14,  5.89it/s]
instructblip/pope/ricd/gqa/adversarial/seed1:  15%|█▍        | 443/3000 [01:17<07:36,  5.60it/s]
instructblip/pope/ricd/gqa/adversarial/seed1:  15%|█▍        | 444/3000 [01:18<07:29,  5.68it/s]
instructblip/pope/ricd/gqa/adversarial/seed1:  15%|█▍        | 445/3000 [01:18<07:22,  5.78it/s]
instructblip/pope/ricd/gqa/adversarial/seed1:  15%|█▍        | 446/3000 [01:18<07:21,  5.78it/s]
instructblip/pope/ricd/gqa/adversarial/seed1:  15%|█▍        | 447/3000 [01:18<07:29,  5.68it/s]
instructblip/pope/ricd/gqa/adversarial/seed1:  15%|█▍        | 448/3000 [01:18<07:25,  5.73it/s]
instructblip/pope/ricd/gqa/adversarial/seed1:  15%|█▍        | 449/3000 [01:19<07:41,  5.53it/s]
instructblip/pope/ricd/gqa/adversarial/seed1:  15%|█▌        | 450/3000 [01:19<07:32,  5.64it/s]
instructblip/pope/ricd/gqa/adversarial/seed1:  15%|█▌        | 451/3000 [01:19<07:45,  5.47it/s]
instructblip/pope/ricd/gqa/adversarial/seed1:  15%|█▌        | 452/3000 [01:19<07:48,  5.43it/s]
instructblip/pope/ricd/gqa/adversarial/seed1:  15%|█▌        | 453/3000 [01:19<07:44,  5.48it/s]
instructblip/pope/ricd/gqa/adversarial/seed1:  15%|█▌        | 454/3000 [01:19<07:38,  5.56it/s]
instructblip/pope/ricd/gqa/adversarial/seed1:  15%|█▌        | 455/3000 [01:20<07:38,  5.55it/s]
instructblip/pope/ricd/gqa/adversarial/seed1:  15%|█▌        | 456/3000 [01:20<07:37,  5.55it/s]
instructblip/pope/ricd/gqa/adversarial/seed1:  15%|█▌        | 457/3000 [01:20<07:24,  5.73it/s]
instructblip/pope/ricd/gqa/adversarial/seed1:  15%|█▌        | 458/3000 [01:20<07:28,  5.67it/s]
instructblip/pope/ricd/gqa/adversarial/seed1:  15%|█▌        | 459/3000 [01:20<07:33,  5.60it/s]
instructblip/pope/ricd/gqa/adversarial/seed1:  15%|█▌        | 460/3000 [01:20<07:29,  5.65it/s]
instructblip/pope/ricd/gqa/adversarial/seed1:  15%|█▌        | 461/3000 [01:21<07:31,  5.62it/s]
instructblip/pope/ricd/gqa/adversarial/seed1:  15%|█▌        | 462/3000 [01:21<07:26,  5.68it/s]
instructblip/pope/ricd/gqa/adversarial/seed1:  15%|█▌        | 463/3000 [01:21<07:34,  5.58it/s]
instructblip/pope/ricd/gqa/adversarial/seed1:  15%|█▌        | 464/3000 [01:21<07:37,  5.55it/s]
instructblip/pope/ricd/gqa/adversarial/seed1:  16%|█▌        | 465/3000 [01:21<07:27,  5.66it/s]
instructblip/pope/ricd/gqa/adversarial/seed1:  16%|█▌        | 466/3000 [01:22<07:22,  5.73it/s]
instructblip/pope/ricd/gqa/adversarial/seed1:  16%|█▌        | 467/3000 [01:22<07:20,  5.76it/s]
instructblip/pope/ricd/gqa/adversarial/seed1:  16%|█▌        | 468/3000 [01:22<07:16,  5.79it/s]
instructblip/pope/ricd/gqa/adversarial/seed1:  16%|█▌        | 469/3000 [01:22<07:12,  5.85it/s]
instructblip/pope/ricd/gqa/adversarial/seed1:  16%|█▌        | 470/3000 [01:22<07:34,  5.57it/s]
instructblip/pope/ricd/gqa/adversarial/seed1:  16%|█▌        | 471/3000 [01:22<08:02,  5.24it/s]
instructblip/pope/ricd/gqa/adversarial/seed1:  16%|█▌        | 472/3000 [01:23<07:48,  5.40it/s]
instructblip/pope/ricd/gqa/adversarial/seed1:  16%|█▌        | 473/3000 [01:23<07:29,  5.62it/s]
instructblip/pope/ricd/gqa/adversarial/seed1:  16%|█▌        | 474/3000 [01:23<07:16,  5.79it/s]
instructblip/pope/ricd/gqa/adversarial/seed1:  16%|█▌        | 475/3000 [01:23<07:07,  5.91it/s]
instructblip/pope/ricd/gqa/adversarial/seed1:  16%|█▌        | 476/3000 [01:23<07:01,  5.99it/s]
instructblip/pope/ricd/gqa/adversarial/seed1:  16%|█▌        | 477/3000 [01:23<06:55,  6.07it/s]
instructblip/pope/ricd/gqa/adversarial/seed1:  16%|█▌        | 478/3000 [01:24<06:54,  6.09it/s]
instructblip/pope/ricd/gqa/adversarial/seed1:  16%|█▌        | 479/3000 [01:24<06:56,  6.05it/s]
instructblip/pope/ricd/gqa/adversarial/seed1:  16%|█▌        | 480/3000 [01:24<06:52,  6.11it/s]
instructblip/pope/ricd/gqa/adversarial/seed1:  16%|█▌        | 481/3000 [01:24<06:54,  6.07it/s]
instructblip/pope/ricd/gqa/adversarial/seed1:  16%|█▌        | 482/3000 [01:24<06:56,  6.05it/s]
instructblip/pope/ricd/gqa/adversarial/seed1:  16%|█▌        | 483/3000 [01:24<06:53,  6.08it/s]
instructblip/pope/ricd/gqa/adversarial/seed1:  16%|█▌        | 484/3000 [01:25<06:56,  6.04it/s]
instructblip/pope/ricd/gqa/adversarial/seed1:  16%|█▌        | 485/3000 [01:25<06:53,  6.08it/s]
instructblip/pope/ricd/gqa/adversarial/seed1:  16%|█▌        | 486/3000 [01:25<06:56,  6.03it/s]
instructblip/pope/ricd/gqa/adversarial/seed1:  16%|█▌        | 487/3000 [01:25<06:54,  6.06it/s]
instructblip/pope/ricd/gqa/adversarial/seed1:  16%|█▋        | 488/3000 [01:25<07:03,  5.94it/s]
instructblip/pope/ricd/gqa/adversarial/seed1:  16%|█▋        | 489/3000 [01:25<06:59,  5.98it/s]
instructblip/pope/ricd/gqa/adversarial/seed1:  16%|█▋        | 490/3000 [01:26<07:03,  5.92it/s]
instructblip/pope/ricd/gqa/adversarial/seed1:  16%|█▋        | 491/3000 [01:26<06:57,  6.00it/s]
instructblip/pope/ricd/gqa/adversarial/seed1:  16%|█▋        | 492/3000 [01:26<07:12,  5.80it/s]
instructblip/pope/ricd/gqa/adversarial/seed1:  16%|█▋        | 493/3000 [01:26<07:16,  5.74it/s]
instructblip/pope/ricd/gqa/adversarial/seed1:  16%|█▋        | 494/3000 [01:26<07:15,  5.75it/s]
instructblip/pope/ricd/gqa/adversarial/seed1:  16%|█▋        | 495/3000 [01:26<07:13,  5.78it/s]
instructblip/pope/ricd/gqa/adversarial/seed1:  17%|█▋        | 496/3000 [01:27<07:05,  5.88it/s]
instructblip/pope/ricd/gqa/adversarial/seed1:  17%|█▋        | 497/3000 [01:27<07:08,  5.84it/s]
instructblip/pope/ricd/gqa/adversarial/seed1:  17%|█▋        | 498/3000 [01:27<07:12,  5.78it/s]
instructblip/pope/ricd/gqa/adversarial/seed1:  17%|█▋        | 499/3000 [01:27<07:10,  5.80it/s]
instructblip/pope/ricd/gqa/adversarial/seed1:  17%|█▋        | 500/3000 [01:27<07:03,  5.90it/s]
instructblip/pope/ricd/gqa/adversarial/seed1:  17%|█▋        | 501/3000 [01:28<07:28,  5.57it/s]
instructblip/pope/ricd/gqa/adversarial/seed1:  17%|█▋        | 502/3000 [01:28<07:22,  5.64it/s]
instructblip/pope/ricd/gqa/adversarial/seed1:  17%|█▋        | 503/3000 [01:28<07:21,  5.65it/s]
instructblip/pope/ricd/gqa/adversarial/seed1:  17%|█▋        | 504/3000 [01:28<07:15,  5.74it/s]
instructblip/pope/ricd/gqa/adversarial/seed1:  17%|█▋        | 505/3000 [01:28<07:12,  5.77it/s]
instructblip/pope/ricd/gqa/adversarial/seed1:  17%|█▋        | 506/3000 [01:28<07:07,  5.83it/s]
instructblip/pope/ricd/gqa/adversarial/seed1:  17%|█▋        | 507/3000 [01:29<07:00,  5.93it/s]
instructblip/pope/ricd/gqa/adversarial/seed1:  17%|█▋        | 508/3000 [01:29<07:03,  5.89it/s]
instructblip/pope/ricd/gqa/adversarial/seed1:  17%|█▋        | 509/3000 [01:29<06:58,  5.96it/s]
instructblip/pope/ricd/gqa/adversarial/seed1:  17%|█▋        | 510/3000 [01:29<06:57,  5.97it/s]
instructblip/pope/ricd/gqa/adversarial/seed1:  17%|█▋        | 511/3000 [01:29<07:00,  5.92it/s]
instructblip/pope/ricd/gqa/adversarial/seed1:  17%|█▋        | 512/3000 [01:29<07:00,  5.92it/s]
instructblip/pope/ricd/gqa/adversarial/seed1:  17%|█▋        | 513/3000 [01:30<06:55,  5.99it/s]
instructblip/pope/ricd/gqa/adversarial/seed1:  17%|█▋        | 514/3000 [01:30<06:56,  5.97it/s]
instructblip/pope/ricd/gqa/adversarial/seed1:  17%|█▋        | 515/3000 [01:30<06:55,  5.98it/s]
instructblip/pope/ricd/gqa/adversarial/seed1:  17%|█▋        | 516/3000 [01:30<06:56,  5.96it/s]
instructblip/pope/ricd/gqa/adversarial/seed1:  17%|█▋        | 517/3000 [01:30<06:52,  6.02it/s]
instructblip/pope/ricd/gqa/adversarial/seed1:  17%|█▋        | 518/3000 [01:30<07:04,  5.85it/s]
instructblip/pope/ricd/gqa/adversarial/seed1:  17%|█▋        | 519/3000 [01:31<07:09,  5.78it/s]
instructblip/pope/ricd/gqa/adversarial/seed1:  17%|█▋        | 520/3000 [01:31<07:03,  5.86it/s]
instructblip/pope/ricd/gqa/adversarial/seed1:  17%|█▋        | 521/3000 [01:31<07:03,  5.85it/s]
instructblip/pope/ricd/gqa/adversarial/seed1:  17%|█▋        | 522/3000 [01:31<06:57,  5.94it/s]
instructblip/pope/ricd/gqa/adversarial/seed1:  17%|█▋        | 523/3000 [01:31<06:56,  5.95it/s]
instructblip/pope/ricd/gqa/adversarial/seed1:  17%|█▋        | 524/3000 [01:31<07:01,  5.88it/s]
instructblip/pope/ricd/gqa/adversarial/seed1:  18%|█▊        | 525/3000 [01:32<06:58,  5.92it/s]
instructblip/pope/ricd/gqa/adversarial/seed1:  18%|█▊        | 526/3000 [01:32<07:01,  5.87it/s]
instructblip/pope/ricd/gqa/adversarial/seed1:  18%|█▊        | 527/3000 [01:32<07:05,  5.81it/s]
instructblip/pope/ricd/gqa/adversarial/seed1:  18%|█▊        | 528/3000 [01:32<07:04,  5.82it/s]
instructblip/pope/ricd/gqa/adversarial/seed1:  18%|█▊        | 529/3000 [01:32<07:05,  5.81it/s]
instructblip/pope/ricd/gqa/adversarial/seed1:  18%|█▊        | 530/3000 [01:32<07:17,  5.65it/s]
instructblip/pope/ricd/gqa/adversarial/seed1:  18%|█▊        | 531/3000 [01:33<07:13,  5.69it/s]
instructblip/pope/ricd/gqa/adversarial/seed1:  18%|█▊        | 532/3000 [01:33<07:09,  5.75it/s]
instructblip/pope/ricd/gqa/adversarial/seed1:  18%|█▊        | 533/3000 [01:33<07:14,  5.68it/s]
instructblip/pope/ricd/gqa/adversarial/seed1:  18%|█▊        | 534/3000 [01:33<07:03,  5.82it/s]
instructblip/pope/ricd/gqa/adversarial/seed1:  18%|█▊        | 535/3000 [01:33<07:09,  5.74it/s]
instructblip/pope/ricd/gqa/adversarial/seed1:  18%|█▊        | 536/3000 [01:33<07:11,  5.71it/s]
instructblip/pope/ricd/gqa/adversarial/seed1:  18%|█▊        | 537/3000 [01:34<07:07,  5.76it/s]
instructblip/pope/ricd/gqa/adversarial/seed1:  18%|█▊        | 538/3000 [01:34<07:11,  5.71it/s]
instructblip/pope/ricd/gqa/adversarial/seed1:  18%|█▊        | 539/3000 [01:34<07:14,  5.66it/s]
instructblip/pope/ricd/gqa/adversarial/seed1:  18%|█▊        | 540/3000 [01:34<07:12,  5.69it/s]
instructblip/pope/ricd/gqa/adversarial/seed1:  18%|█▊        | 541/3000 [01:34<07:05,  5.78it/s]
instructblip/pope/ricd/gqa/adversarial/seed1:  18%|█▊        | 542/3000 [01:35<07:00,  5.85it/s]
instructblip/pope/ricd/gqa/adversarial/seed1:  18%|█▊        | 543/3000 [01:35<07:07,  5.74it/s]
instructblip/pope/ricd/gqa/adversarial/seed1:  18%|█▊        | 544/3000 [01:35<06:59,  5.85it/s]
instructblip/pope/ricd/gqa/adversarial/seed1:  18%|█▊        | 545/3000 [01:35<06:59,  5.85it/s]
instructblip/pope/ricd/gqa/adversarial/seed1:  18%|█▊        | 546/3000 [01:35<06:54,  5.93it/s]
instructblip/pope/ricd/gqa/adversarial/seed1:  18%|█▊        | 547/3000 [01:35<06:53,  5.94it/s]
instructblip/pope/ricd/gqa/adversarial/seed1:  18%|█▊        | 548/3000 [01:36<06:58,  5.86it/s]
instructblip/pope/ricd/gqa/adversarial/seed1:  18%|█▊        | 549/3000 [01:36<06:55,  5.90it/s]
instructblip/pope/ricd/gqa/adversarial/seed1:  18%|█▊        | 550/3000 [01:36<06:58,  5.85it/s]
instructblip/pope/ricd/gqa/adversarial/seed1:  18%|█▊        | 551/3000 [01:36<07:01,  5.81it/s]
instructblip/pope/ricd/gqa/adversarial/seed1:  18%|█▊        | 552/3000 [01:36<06:58,  5.85it/s]
instructblip/pope/ricd/gqa/adversarial/seed1:  18%|█▊        | 553/3000 [01:36<06:54,  5.90it/s]
instructblip/pope/ricd/gqa/adversarial/seed1:  18%|█▊        | 554/3000 [01:37<06:58,  5.85it/s]
instructblip/pope/ricd/gqa/adversarial/seed1:  18%|█▊        | 555/3000 [01:37<06:55,  5.89it/s]
instructblip/pope/ricd/gqa/adversarial/seed1:  19%|█▊        | 556/3000 [01:37<06:51,  5.94it/s]
instructblip/pope/ricd/gqa/adversarial/seed1:  19%|█▊        | 557/3000 [01:37<06:59,  5.83it/s]
instructblip/pope/ricd/gqa/adversarial/seed1:  19%|█▊        | 558/3000 [01:37<07:03,  5.76it/s]
instructblip/pope/ricd/gqa/adversarial/seed1:  19%|█▊        | 559/3000 [01:37<07:09,  5.68it/s]
instructblip/pope/ricd/gqa/adversarial/seed1:  19%|█▊        | 560/3000 [01:38<07:10,  5.67it/s]
instructblip/pope/ricd/gqa/adversarial/seed1:  19%|█▊        | 561/3000 [01:38<07:09,  5.67it/s]
instructblip/pope/ricd/gqa/adversarial/seed1:  19%|█▊        | 562/3000 [01:38<07:11,  5.65it/s]
instructblip/pope/ricd/gqa/adversarial/seed1:  19%|█▉        | 563/3000 [01:38<07:13,  5.62it/s]
instructblip/pope/ricd/gqa/adversarial/seed1:  19%|█▉        | 564/3000 [01:38<07:13,  5.62it/s]
instructblip/pope/ricd/gqa/adversarial/seed1:  19%|█▉        | 565/3000 [01:39<07:15,  5.59it/s]
instructblip/pope/ricd/gqa/adversarial/seed1:  19%|█▉        | 566/3000 [01:39<07:12,  5.63it/s]
instructblip/pope/ricd/gqa/adversarial/seed1:  19%|█▉        | 567/3000 [01:39<07:11,  5.64it/s]
instructblip/pope/ricd/gqa/adversarial/seed1:  19%|█▉        | 568/3000 [01:39<06:58,  5.81it/s]
instructblip/pope/ricd/gqa/adversarial/seed1:  19%|█▉        | 569/3000 [01:39<06:58,  5.81it/s]
instructblip/pope/ricd/gqa/adversarial/seed1:  19%|█▉        | 570/3000 [01:39<06:52,  5.90it/s]
instructblip/pope/ricd/gqa/adversarial/seed1:  19%|█▉        | 571/3000 [01:40<06:51,  5.90it/s]
instructblip/pope/ricd/gqa/adversarial/seed1:  19%|█▉        | 572/3000 [01:40<06:51,  5.90it/s]
instructblip/pope/ricd/gqa/adversarial/seed1:  19%|█▉        | 573/3000 [01:40<07:02,  5.75it/s]
instructblip/pope/ricd/gqa/adversarial/seed1:  19%|█▉        | 574/3000 [01:40<07:02,  5.74it/s]
instructblip/pope/ricd/gqa/adversarial/seed1:  19%|█▉        | 575/3000 [01:40<07:09,  5.65it/s]
instructblip/pope/ricd/gqa/adversarial/seed1:  19%|█▉        | 576/3000 [01:40<07:04,  5.71it/s]
instructblip/pope/ricd/gqa/adversarial/seed1:  19%|█▉        | 577/3000 [01:41<07:00,  5.76it/s]
instructblip/pope/ricd/gqa/adversarial/seed1:  19%|█▉        | 578/3000 [01:41<06:55,  5.83it/s]
instructblip/pope/ricd/gqa/adversarial/seed1:  19%|█▉        | 579/3000 [01:41<06:56,  5.81it/s]
instructblip/pope/ricd/gqa/adversarial/seed1:  19%|█▉        | 580/3000 [01:41<06:52,  5.86it/s]
instructblip/pope/ricd/gqa/adversarial/seed1:  19%|█▉        | 581/3000 [01:41<07:00,  5.76it/s]
instructblip/pope/ricd/gqa/adversarial/seed1:  19%|█▉        | 582/3000 [01:41<06:56,  5.81it/s]
instructblip/pope/ricd/gqa/adversarial/seed1:  19%|█▉        | 583/3000 [01:42<07:01,  5.74it/s]
instructblip/pope/ricd/gqa/adversarial/seed1:  19%|█▉        | 584/3000 [01:42<07:02,  5.72it/s]
instructblip/pope/ricd/gqa/adversarial/seed1:  20%|█▉        | 585/3000 [01:42<06:54,  5.83it/s]
instructblip/pope/ricd/gqa/adversarial/seed1:  20%|█▉        | 586/3000 [01:42<06:54,  5.83it/s]
instructblip/pope/ricd/gqa/adversarial/seed1:  20%|█▉        | 587/3000 [01:42<06:56,  5.80it/s]
instructblip/pope/ricd/gqa/adversarial/seed1:  20%|█▉        | 588/3000 [01:42<06:53,  5.83it/s]
instructblip/pope/ricd/gqa/adversarial/seed1:  20%|█▉        | 589/3000 [01:43<06:51,  5.86it/s]
instructblip/pope/ricd/gqa/adversarial/seed1:  20%|█▉        | 590/3000 [01:43<06:46,  5.92it/s]
instructblip/pope/ricd/gqa/adversarial/seed1:  20%|█▉        | 591/3000 [01:43<06:40,  6.01it/s]
instructblip/pope/ricd/gqa/adversarial/seed1:  20%|█▉        | 592/3000 [01:43<06:37,  6.06it/s]
instructblip/pope/ricd/gqa/adversarial/seed1:  20%|█▉        | 593/3000 [01:43<06:48,  5.90it/s]
instructblip/pope/ricd/gqa/adversarial/seed1:  20%|█▉        | 594/3000 [01:43<06:49,  5.87it/s]
instructblip/pope/ricd/gqa/adversarial/seed1:  20%|█▉        | 595/3000 [01:44<06:47,  5.90it/s]
instructblip/pope/ricd/gqa/adversarial/seed1:  20%|█▉        | 596/3000 [01:44<06:41,  5.99it/s]
instructblip/pope/ricd/gqa/adversarial/seed1:  20%|█▉        | 597/3000 [01:44<06:52,  5.83it/s]
instructblip/pope/ricd/gqa/adversarial/seed1:  20%|█▉        | 598/3000 [01:44<06:44,  5.94it/s]
instructblip/pope/ricd/gqa/adversarial/seed1:  20%|█▉        | 599/3000 [01:44<06:45,  5.92it/s]
instructblip/pope/ricd/gqa/adversarial/seed1:  20%|██        | 600/3000 [01:44<06:45,  5.92it/s]
instructblip/pope/ricd/gqa/adversarial/seed1:  20%|██        | 601/3000 [01:45<06:47,  5.89it/s]
instructblip/pope/ricd/gqa/adversarial/seed1:  20%|██        | 602/3000 [01:45<06:54,  5.78it/s]
instructblip/pope/ricd/gqa/adversarial/seed1:  20%|██        | 603/3000 [01:45<06:47,  5.89it/s]
instructblip/pope/ricd/gqa/adversarial/seed1:  20%|██        | 604/3000 [01:45<07:10,  5.57it/s]
instructblip/pope/ricd/gqa/adversarial/seed1:  20%|██        | 605/3000 [01:45<07:07,  5.60it/s]
instructblip/pope/ricd/gqa/adversarial/seed1:  20%|██        | 606/3000 [01:46<06:59,  5.71it/s]
instructblip/pope/ricd/gqa/adversarial/seed1:  20%|██        | 607/3000 [01:46<06:57,  5.74it/s]
instructblip/pope/ricd/gqa/adversarial/seed1:  20%|██        | 608/3000 [01:46<06:52,  5.80it/s]
instructblip/pope/ricd/gqa/adversarial/seed1:  20%|██        | 609/3000 [01:46<06:43,  5.92it/s]
instructblip/pope/ricd/gqa/adversarial/seed1:  20%|██        | 610/3000 [01:46<06:38,  6.00it/s]
instructblip/pope/ricd/gqa/adversarial/seed1:  20%|██        | 611/3000 [01:46<06:36,  6.02it/s]
instructblip/pope/ricd/gqa/adversarial/seed1:  20%|██        | 612/3000 [01:47<06:37,  6.01it/s]
instructblip/pope/ricd/gqa/adversarial/seed1:  20%|██        | 613/3000 [01:47<06:37,  6.01it/s]
instructblip/pope/ricd/gqa/adversarial/seed1:  20%|██        | 614/3000 [01:47<06:42,  5.93it/s]
instructblip/pope/ricd/gqa/adversarial/seed1:  20%|██        | 615/3000 [01:47<06:41,  5.93it/s]
instructblip/pope/ricd/gqa/adversarial/seed1:  21%|██        | 616/3000 [01:47<06:38,  5.98it/s]
instructblip/pope/ricd/gqa/adversarial/seed1:  21%|██        | 617/3000 [01:47<06:41,  5.94it/s]
instructblip/pope/ricd/gqa/adversarial/seed1:  21%|██        | 618/3000 [01:48<06:44,  5.89it/s]
instructblip/pope/ricd/gqa/adversarial/seed1:  21%|██        | 619/3000 [01:48<06:48,  5.84it/s]
instructblip/pope/ricd/gqa/adversarial/seed1:  21%|██        | 620/3000 [01:48<06:48,  5.83it/s]
instructblip/pope/ricd/gqa/adversarial/seed1:  21%|██        | 621/3000 [01:48<06:54,  5.74it/s]
instructblip/pope/ricd/gqa/adversarial/seed1:  21%|██        | 622/3000 [01:48<06:58,  5.69it/s]
instructblip/pope/ricd/gqa/adversarial/seed1:  21%|██        | 623/3000 [01:48<07:07,  5.56it/s]
instructblip/pope/ricd/gqa/adversarial/seed1:  21%|██        | 624/3000 [01:49<06:58,  5.68it/s]
instructblip/pope/ricd/gqa/adversarial/seed1:  21%|██        | 625/3000 [01:49<06:49,  5.79it/s]
instructblip/pope/ricd/gqa/adversarial/seed1:  21%|██        | 626/3000 [01:49<06:50,  5.79it/s]
instructblip/pope/ricd/gqa/adversarial/seed1:  21%|██        | 627/3000 [01:49<06:45,  5.86it/s]
instructblip/pope/ricd/gqa/adversarial/seed1:  21%|██        | 628/3000 [01:49<06:38,  5.95it/s]
instructblip/pope/ricd/gqa/adversarial/seed1:  21%|██        | 629/3000 [01:49<06:38,  5.96it/s]
instructblip/pope/ricd/gqa/adversarial/seed1:  21%|██        | 630/3000 [01:50<06:33,  6.02it/s]
instructblip/pope/ricd/gqa/adversarial/seed1:  21%|██        | 631/3000 [01:50<06:44,  5.86it/s]
instructblip/pope/ricd/gqa/adversarial/seed1:  21%|██        | 632/3000 [01:50<06:45,  5.84it/s]
instructblip/pope/ricd/gqa/adversarial/seed1:  21%|██        | 633/3000 [01:50<06:56,  5.68it/s]
instructblip/pope/ricd/gqa/adversarial/seed1:  21%|██        | 634/3000 [01:50<06:47,  5.80it/s]
instructblip/pope/ricd/gqa/adversarial/seed1:  21%|██        | 635/3000 [01:51<06:57,  5.67it/s]
instructblip/pope/ricd/gqa/adversarial/seed1:  21%|██        | 636/3000 [01:51<07:00,  5.62it/s]
instructblip/pope/ricd/gqa/adversarial/seed1:  21%|██        | 637/3000 [01:51<06:49,  5.77it/s]
instructblip/pope/ricd/gqa/adversarial/seed1:  21%|██▏       | 638/3000 [01:51<06:43,  5.86it/s]
instructblip/pope/ricd/gqa/adversarial/seed1:  21%|██▏       | 639/3000 [01:51<06:47,  5.80it/s]
instructblip/pope/ricd/gqa/adversarial/seed1:  21%|██▏       | 640/3000 [01:51<06:51,  5.74it/s]
instructblip/pope/ricd/gqa/adversarial/seed1:  21%|██▏       | 641/3000 [01:52<06:56,  5.66it/s]
instructblip/pope/ricd/gqa/adversarial/seed1:  21%|██▏       | 642/3000 [01:52<07:00,  5.61it/s]
instructblip/pope/ricd/gqa/adversarial/seed1:  21%|██▏       | 643/3000 [01:52<07:00,  5.60it/s]
instructblip/pope/ricd/gqa/adversarial/seed1:  21%|██▏       | 644/3000 [01:52<07:00,  5.60it/s]
instructblip/pope/ricd/gqa/adversarial/seed1:  22%|██▏       | 645/3000 [01:52<06:58,  5.63it/s]
instructblip/pope/ricd/gqa/adversarial/seed1:  22%|██▏       | 646/3000 [01:52<06:54,  5.68it/s]
instructblip/pope/ricd/gqa/adversarial/seed1:  22%|██▏       | 647/3000 [01:53<06:54,  5.68it/s]
instructblip/pope/ricd/gqa/adversarial/seed1:  22%|██▏       | 648/3000 [01:53<07:22,  5.32it/s]
instructblip/pope/ricd/gqa/adversarial/seed1:  22%|██▏       | 649/3000 [01:53<07:17,  5.37it/s]
instructblip/pope/ricd/gqa/adversarial/seed1:  22%|██▏       | 650/3000 [01:53<06:59,  5.60it/s]
instructblip/pope/ricd/gqa/adversarial/seed1:  22%|██▏       | 651/3000 [01:53<06:50,  5.72it/s]
instructblip/pope/ricd/gqa/adversarial/seed1:  22%|██▏       | 652/3000 [01:54<06:45,  5.79it/s]
instructblip/pope/ricd/gqa/adversarial/seed1:  22%|██▏       | 653/3000 [01:54<06:38,  5.89it/s]
instructblip/pope/ricd/gqa/adversarial/seed1:  22%|██▏       | 654/3000 [01:54<06:34,  5.94it/s]
instructblip/pope/ricd/gqa/adversarial/seed1:  22%|██▏       | 655/3000 [01:54<06:37,  5.90it/s]
instructblip/pope/ricd/gqa/adversarial/seed1:  22%|██▏       | 656/3000 [01:54<06:36,  5.92it/s]
instructblip/pope/ricd/gqa/adversarial/seed1:  22%|██▏       | 657/3000 [01:54<06:33,  5.95it/s]
instructblip/pope/ricd/gqa/adversarial/seed1:  22%|██▏       | 658/3000 [01:55<06:31,  5.98it/s]
instructblip/pope/ricd/gqa/adversarial/seed1:  22%|██▏       | 659/3000 [01:55<06:33,  5.95it/s]
instructblip/pope/ricd/gqa/adversarial/seed1:  22%|██▏       | 660/3000 [01:55<06:43,  5.80it/s]
instructblip/pope/ricd/gqa/adversarial/seed1:  22%|██▏       | 661/3000 [01:55<06:37,  5.88it/s]
instructblip/pope/ricd/gqa/adversarial/seed1:  22%|██▏       | 662/3000 [01:55<06:42,  5.80it/s]
instructblip/pope/ricd/gqa/adversarial/seed1:  22%|██▏       | 663/3000 [01:55<06:47,  5.74it/s]
instructblip/pope/ricd/gqa/adversarial/seed1:  22%|██▏       | 664/3000 [01:56<06:48,  5.71it/s]
instructblip/pope/ricd/gqa/adversarial/seed1:  22%|██▏       | 665/3000 [01:56<06:47,  5.74it/s]
instructblip/pope/ricd/gqa/adversarial/seed1:  22%|██▏       | 666/3000 [01:56<06:37,  5.87it/s]
instructblip/pope/ricd/gqa/adversarial/seed1:  22%|██▏       | 667/3000 [01:56<06:39,  5.85it/s]
instructblip/pope/ricd/gqa/adversarial/seed1:  22%|██▏       | 668/3000 [01:56<06:46,  5.74it/s]
instructblip/pope/ricd/gqa/adversarial/seed1:  22%|██▏       | 669/3000 [01:56<06:37,  5.86it/s]
instructblip/pope/ricd/gqa/adversarial/seed1:  22%|██▏       | 670/3000 [01:57<06:36,  5.87it/s]
instructblip/pope/ricd/gqa/adversarial/seed1:  22%|██▏       | 671/3000 [01:57<06:35,  5.88it/s]
instructblip/pope/ricd/gqa/adversarial/seed1:  22%|██▏       | 672/3000 [01:57<06:35,  5.88it/s]
instructblip/pope/ricd/gqa/adversarial/seed1:  22%|██▏       | 673/3000 [01:57<06:31,  5.95it/s]
instructblip/pope/ricd/gqa/adversarial/seed1:  22%|██▏       | 674/3000 [01:57<06:27,  6.00it/s]
instructblip/pope/ricd/gqa/adversarial/seed1:  22%|██▎       | 675/3000 [01:57<06:30,  5.95it/s]
instructblip/pope/ricd/gqa/adversarial/seed1:  23%|██▎       | 676/3000 [01:58<06:30,  5.95it/s]
instructblip/pope/ricd/gqa/adversarial/seed1:  23%|██▎       | 677/3000 [01:58<06:32,  5.91it/s]
instructblip/pope/ricd/gqa/adversarial/seed1:  23%|██▎       | 678/3000 [01:58<06:28,  5.97it/s]
instructblip/pope/ricd/gqa/adversarial/seed1:  23%|██▎       | 679/3000 [01:58<06:34,  5.89it/s]
instructblip/pope/ricd/gqa/adversarial/seed1:  23%|██▎       | 680/3000 [01:58<06:27,  5.99it/s]
instructblip/pope/ricd/gqa/adversarial/seed1:  23%|██▎       | 681/3000 [01:58<06:33,  5.89it/s]
instructblip/pope/ricd/gqa/adversarial/seed1:  23%|██▎       | 682/3000 [01:59<06:28,  5.96it/s]
instructblip/pope/ricd/gqa/adversarial/seed1:  23%|██▎       | 683/3000 [01:59<06:24,  6.03it/s]
instructblip/pope/ricd/gqa/adversarial/seed1:  23%|██▎       | 684/3000 [01:59<06:26,  6.00it/s]
instructblip/pope/ricd/gqa/adversarial/seed1:  23%|██▎       | 685/3000 [01:59<06:26,  5.99it/s]
instructblip/pope/ricd/gqa/adversarial/seed1:  23%|██▎       | 686/3000 [01:59<06:26,  5.99it/s]
instructblip/pope/ricd/gqa/adversarial/seed1:  23%|██▎       | 687/3000 [01:59<06:31,  5.91it/s]
instructblip/pope/ricd/gqa/adversarial/seed1:  23%|██▎       | 688/3000 [02:00<06:25,  6.00it/s]
instructblip/pope/ricd/gqa/adversarial/seed1:  23%|██▎       | 689/3000 [02:00<06:24,  6.01it/s]
instructblip/pope/ricd/gqa/adversarial/seed1:  23%|██▎       | 690/3000 [02:00<06:26,  5.98it/s]
instructblip/pope/ricd/gqa/adversarial/seed1:  23%|██▎       | 691/3000 [02:00<06:27,  5.95it/s]
instructblip/pope/ricd/gqa/adversarial/seed1:  23%|██▎       | 692/3000 [02:00<06:26,  5.98it/s]
instructblip/pope/ricd/gqa/adversarial/seed1:  23%|██▎       | 693/3000 [02:00<06:32,  5.87it/s]
instructblip/pope/ricd/gqa/adversarial/seed1:  23%|██▎       | 694/3000 [02:01<06:39,  5.77it/s]
instructblip/pope/ricd/gqa/adversarial/seed1:  23%|██▎       | 695/3000 [02:01<06:40,  5.75it/s]
instructblip/pope/ricd/gqa/adversarial/seed1:  23%|██▎       | 696/3000 [02:01<06:42,  5.73it/s]
instructblip/pope/ricd/gqa/adversarial/seed1:  23%|██▎       | 697/3000 [02:01<06:46,  5.66it/s]
instructblip/pope/ricd/gqa/adversarial/seed1:  23%|██▎       | 698/3000 [02:01<06:57,  5.51it/s]
instructblip/pope/ricd/gqa/adversarial/seed1:  23%|██▎       | 699/3000 [02:02<07:06,  5.39it/s]
instructblip/pope/ricd/gqa/adversarial/seed1:  23%|██▎       | 700/3000 [02:02<07:05,  5.40it/s]
instructblip/pope/ricd/gqa/adversarial/seed1:  23%|██▎       | 701/3000 [02:02<06:59,  5.48it/s]
instructblip/pope/ricd/gqa/adversarial/seed1:  23%|██▎       | 702/3000 [02:02<06:57,  5.50it/s]
instructblip/pope/ricd/gqa/adversarial/seed1:  23%|██▎       | 703/3000 [02:02<06:49,  5.60it/s]
instructblip/pope/ricd/gqa/adversarial/seed1:  23%|██▎       | 704/3000 [02:02<06:46,  5.65it/s]
instructblip/pope/ricd/gqa/adversarial/seed1:  24%|██▎       | 705/3000 [02:03<06:40,  5.73it/s]
instructblip/pope/ricd/gqa/adversarial/seed1:  24%|██▎       | 706/3000 [02:03<06:46,  5.64it/s]
instructblip/pope/ricd/gqa/adversarial/seed1:  24%|██▎       | 707/3000 [02:03<06:45,  5.66it/s]
instructblip/pope/ricd/gqa/adversarial/seed1:  24%|██▎       | 708/3000 [02:03<06:35,  5.79it/s]
instructblip/pope/ricd/gqa/adversarial/seed1:  24%|██▎       | 709/3000 [02:03<06:29,  5.89it/s]
instructblip/pope/ricd/gqa/adversarial/seed1:  24%|██▎       | 710/3000 [02:03<06:28,  5.89it/s]
instructblip/pope/ricd/gqa/adversarial/seed1:  24%|██▎       | 711/3000 [02:04<06:29,  5.88it/s]
instructblip/pope/ricd/gqa/adversarial/seed1:  24%|██▎       | 712/3000 [02:04<06:37,  5.76it/s]
instructblip/pope/ricd/gqa/adversarial/seed1:  24%|██▍       | 713/3000 [02:04<06:44,  5.65it/s]
instructblip/pope/ricd/gqa/adversarial/seed1:  24%|██▍       | 714/3000 [02:04<06:36,  5.76it/s]
instructblip/pope/ricd/gqa/adversarial/seed1:  24%|██▍       | 715/3000 [02:04<06:49,  5.58it/s]
instructblip/pope/ricd/gqa/adversarial/seed1:  24%|██▍       | 716/3000 [02:05<06:50,  5.57it/s]
instructblip/pope/ricd/gqa/adversarial/seed1:  24%|██▍       | 717/3000 [02:05<06:54,  5.51it/s]
instructblip/pope/ricd/gqa/adversarial/seed1:  24%|██▍       | 718/3000 [02:05<06:56,  5.48it/s]
instructblip/pope/ricd/gqa/adversarial/seed1:  24%|██▍       | 719/3000 [02:05<06:52,  5.53it/s]
instructblip/pope/ricd/gqa/adversarial/seed1:  24%|██▍       | 720/3000 [02:05<06:47,  5.60it/s]
instructblip/pope/ricd/gqa/adversarial/seed1:  24%|██▍       | 721/3000 [02:05<06:45,  5.62it/s]
instructblip/pope/ricd/gqa/adversarial/seed1:  24%|██▍       | 722/3000 [02:06<06:41,  5.68it/s]
instructblip/pope/ricd/gqa/adversarial/seed1:  24%|██▍       | 723/3000 [02:06<06:35,  5.76it/s]
instructblip/pope/ricd/gqa/adversarial/seed1:  24%|██▍       | 724/3000 [02:06<06:27,  5.88it/s]
instructblip/pope/ricd/gqa/adversarial/seed1:  24%|██▍       | 725/3000 [02:06<06:27,  5.87it/s]
instructblip/pope/ricd/gqa/adversarial/seed1:  24%|██▍       | 726/3000 [02:06<06:29,  5.84it/s]
instructblip/pope/ricd/gqa/adversarial/seed1:  24%|██▍       | 727/3000 [02:06<06:36,  5.74it/s]
instructblip/pope/ricd/gqa/adversarial/seed1:  24%|██▍       | 728/3000 [02:07<06:37,  5.71it/s]
instructblip/pope/ricd/gqa/adversarial/seed1:  24%|██▍       | 729/3000 [02:07<06:49,  5.55it/s]
instructblip/pope/ricd/gqa/adversarial/seed1:  24%|██▍       | 730/3000 [02:07<07:03,  5.36it/s]
instructblip/pope/ricd/gqa/adversarial/seed1:  24%|██▍       | 731/3000 [02:07<07:05,  5.34it/s]
instructblip/pope/ricd/gqa/adversarial/seed1:  24%|██▍       | 732/3000 [02:07<07:11,  5.25it/s]
instructblip/pope/ricd/gqa/adversarial/seed1:  24%|██▍       | 733/3000 [02:08<07:10,  5.27it/s]
instructblip/pope/ricd/gqa/adversarial/seed1:  24%|██▍       | 734/3000 [02:08<07:01,  5.38it/s]
instructblip/pope/ricd/gqa/adversarial/seed1:  24%|██▍       | 735/3000 [02:08<06:48,  5.54it/s]
instructblip/pope/ricd/gqa/adversarial/seed1:  25%|██▍       | 736/3000 [02:08<06:34,  5.73it/s]
instructblip/pope/ricd/gqa/adversarial/seed1:  25%|██▍       | 737/3000 [02:08<06:41,  5.64it/s]
instructblip/pope/ricd/gqa/adversarial/seed1:  25%|██▍       | 738/3000 [02:08<06:31,  5.78it/s]
instructblip/pope/ricd/gqa/adversarial/seed1:  25%|██▍       | 739/3000 [02:09<06:27,  5.84it/s]
instructblip/pope/ricd/gqa/adversarial/seed1:  25%|██▍       | 740/3000 [02:09<06:20,  5.94it/s]
instructblip/pope/ricd/gqa/adversarial/seed1:  25%|██▍       | 741/3000 [02:09<06:27,  5.83it/s]
instructblip/pope/ricd/gqa/adversarial/seed1:  25%|██▍       | 742/3000 [02:09<06:25,  5.86it/s]
instructblip/pope/ricd/gqa/adversarial/seed1:  25%|██▍       | 743/3000 [02:09<06:23,  5.88it/s]
instructblip/pope/ricd/gqa/adversarial/seed1:  25%|██▍       | 744/3000 [02:09<06:17,  5.98it/s]
instructblip/pope/ricd/gqa/adversarial/seed1:  25%|██▍       | 745/3000 [02:10<06:13,  6.04it/s]
instructblip/pope/ricd/gqa/adversarial/seed1:  25%|██▍       | 746/3000 [02:10<06:10,  6.08it/s]
instructblip/pope/ricd/gqa/adversarial/seed1:  25%|██▍       | 747/3000 [02:10<06:07,  6.13it/s]
instructblip/pope/ricd/gqa/adversarial/seed1:  25%|██▍       | 748/3000 [02:10<06:06,  6.14it/s]
instructblip/pope/ricd/gqa/adversarial/seed1:  25%|██▍       | 749/3000 [02:10<06:05,  6.16it/s]
instructblip/pope/ricd/gqa/adversarial/seed1:  25%|██▌       | 750/3000 [02:10<06:11,  6.06it/s]
instructblip/pope/ricd/gqa/adversarial/seed1:  25%|██▌       | 751/3000 [02:11<06:17,  5.96it/s]
instructblip/pope/ricd/gqa/adversarial/seed1:  25%|██▌       | 752/3000 [02:11<06:18,  5.94it/s]
instructblip/pope/ricd/gqa/adversarial/seed1:  25%|██▌       | 753/3000 [02:11<06:18,  5.94it/s]
instructblip/pope/ricd/gqa/adversarial/seed1:  25%|██▌       | 754/3000 [02:11<06:17,  5.95it/s]
instructblip/pope/ricd/gqa/adversarial/seed1:  25%|██▌       | 755/3000 [02:11<06:15,  5.97it/s]
instructblip/pope/ricd/gqa/adversarial/seed1:  25%|██▌       | 756/3000 [02:11<06:13,  6.01it/s]
instructblip/pope/ricd/gqa/adversarial/seed1:  25%|██▌       | 757/3000 [02:12<06:11,  6.04it/s]
instructblip/pope/ricd/gqa/adversarial/seed1:  25%|██▌       | 758/3000 [02:12<06:21,  5.88it/s]
instructblip/pope/ricd/gqa/adversarial/seed1:  25%|██▌       | 759/3000 [02:12<06:23,  5.84it/s]
instructblip/pope/ricd/gqa/adversarial/seed1:  25%|██▌       | 760/3000 [02:12<06:31,  5.72it/s]
instructblip/pope/ricd/gqa/adversarial/seed1:  25%|██▌       | 761/3000 [02:12<06:23,  5.84it/s]
instructblip/pope/ricd/gqa/adversarial/seed1:  25%|██▌       | 762/3000 [02:12<06:23,  5.84it/s]
instructblip/pope/ricd/gqa/adversarial/seed1:  25%|██▌       | 763/3000 [02:13<06:26,  5.79it/s]
instructblip/pope/ricd/gqa/adversarial/seed1:  25%|██▌       | 764/3000 [02:13<06:19,  5.89it/s]
instructblip/pope/ricd/gqa/adversarial/seed1:  26%|██▌       | 765/3000 [02:13<06:24,  5.81it/s]
instructblip/pope/ricd/gqa/adversarial/seed1:  26%|██▌       | 766/3000 [02:13<06:20,  5.87it/s]
instructblip/pope/ricd/gqa/adversarial/seed1:  26%|██▌       | 767/3000 [02:13<06:13,  5.98it/s]
instructblip/pope/ricd/gqa/adversarial/seed1:  26%|██▌       | 768/3000 [02:14<06:15,  5.94it/s]
instructblip/pope/ricd/gqa/adversarial/seed1:  26%|██▌       | 769/3000 [02:14<06:14,  5.96it/s]
instructblip/pope/ricd/gqa/adversarial/seed1:  26%|██▌       | 770/3000 [02:14<06:30,  5.71it/s]
instructblip/pope/ricd/gqa/adversarial/seed1:  26%|██▌       | 771/3000 [02:14<06:34,  5.65it/s]
instructblip/pope/ricd/gqa/adversarial/seed1:  26%|██▌       | 772/3000 [02:14<06:31,  5.70it/s]
instructblip/pope/ricd/gqa/adversarial/seed1:  26%|██▌       | 773/3000 [02:14<06:31,  5.69it/s]
instructblip/pope/ricd/gqa/adversarial/seed1:  26%|██▌       | 774/3000 [02:15<06:31,  5.69it/s]
instructblip/pope/ricd/gqa/adversarial/seed1:  26%|██▌       | 775/3000 [02:15<06:25,  5.78it/s]
instructblip/pope/ricd/gqa/adversarial/seed1:  26%|██▌       | 776/3000 [02:15<06:32,  5.66it/s]
instructblip/pope/ricd/gqa/adversarial/seed1:  26%|██▌       | 777/3000 [02:15<06:34,  5.64it/s]
instructblip/pope/ricd/gqa/adversarial/seed1:  26%|██▌       | 778/3000 [02:15<06:35,  5.61it/s]
instructblip/pope/ricd/gqa/adversarial/seed1:  26%|██▌       | 779/3000 [02:15<06:30,  5.69it/s]
instructblip/pope/ricd/gqa/adversarial/seed1:  26%|██▌       | 780/3000 [02:16<06:18,  5.86it/s]
instructblip/pope/ricd/gqa/adversarial/seed1:  26%|██▌       | 781/3000 [02:16<06:18,  5.86it/s]
instructblip/pope/ricd/gqa/adversarial/seed1:  26%|██▌       | 782/3000 [02:16<06:17,  5.87it/s]
instructblip/pope/ricd/gqa/adversarial/seed1:  26%|██▌       | 783/3000 [02:16<06:20,  5.83it/s]
instructblip/pope/ricd/gqa/adversarial/seed1:  26%|██▌       | 784/3000 [02:16<06:20,  5.82it/s]
instructblip/pope/ricd/gqa/adversarial/seed1:  26%|██▌       | 785/3000 [02:16<06:17,  5.87it/s]
instructblip/pope/ricd/gqa/adversarial/seed1:  26%|██▌       | 786/3000 [02:17<06:11,  5.95it/s]
instructblip/pope/ricd/gqa/adversarial/seed1:  26%|██▌       | 787/3000 [02:17<06:15,  5.90it/s]
instructblip/pope/ricd/gqa/adversarial/seed1:  26%|██▋       | 788/3000 [02:17<06:11,  5.95it/s]
instructblip/pope/ricd/gqa/adversarial/seed1:  26%|██▋       | 789/3000 [02:17<06:15,  5.88it/s]
instructblip/pope/ricd/gqa/adversarial/seed1:  26%|██▋       | 790/3000 [02:17<06:24,  5.75it/s]
instructblip/pope/ricd/gqa/adversarial/seed1:  26%|██▋       | 791/3000 [02:18<06:31,  5.65it/s]
instructblip/pope/ricd/gqa/adversarial/seed1:  26%|██▋       | 792/3000 [02:18<06:53,  5.33it/s]
instructblip/pope/ricd/gqa/adversarial/seed1:  26%|██▋       | 793/3000 [02:18<07:32,  4.88it/s]
instructblip/pope/ricd/gqa/adversarial/seed1:  26%|██▋       | 794/3000 [02:18<07:04,  5.20it/s]
instructblip/pope/ricd/gqa/adversarial/seed1:  26%|██▋       | 795/3000 [02:18<06:49,  5.39it/s]
instructblip/pope/ricd/gqa/adversarial/seed1:  27%|██▋       | 796/3000 [02:18<06:34,  5.59it/s]
instructblip/pope/ricd/gqa/adversarial/seed1:  27%|██▋       | 797/3000 [02:19<06:25,  5.71it/s]
instructblip/pope/ricd/gqa/adversarial/seed1:  27%|██▋       | 798/3000 [02:19<06:18,  5.81it/s]
instructblip/pope/ricd/gqa/adversarial/seed1:  27%|██▋       | 799/3000 [02:19<06:17,  5.83it/s]
instructblip/pope/ricd/gqa/adversarial/seed1:  27%|██▋       | 800/3000 [02:19<06:14,  5.88it/s]
instructblip/pope/ricd/gqa/adversarial/seed1:  27%|██▋       | 801/3000 [02:19<06:17,  5.82it/s]
instructblip/pope/ricd/gqa/adversarial/seed1:  27%|██▋       | 802/3000 [02:19<06:18,  5.81it/s]
instructblip/pope/ricd/gqa/adversarial/seed1:  27%|██▋       | 803/3000 [02:20<06:19,  5.79it/s]
instructblip/pope/ricd/gqa/adversarial/seed1:  27%|██▋       | 804/3000 [02:20<06:33,  5.59it/s]
instructblip/pope/ricd/gqa/adversarial/seed1:  27%|██▋       | 805/3000 [02:20<06:32,  5.60it/s]
instructblip/pope/ricd/gqa/adversarial/seed1:  27%|██▋       | 806/3000 [02:20<06:28,  5.65it/s]
instructblip/pope/ricd/gqa/adversarial/seed1:  27%|██▋       | 807/3000 [02:20<06:22,  5.73it/s]
instructblip/pope/ricd/gqa/adversarial/seed1:  27%|██▋       | 808/3000 [02:21<06:22,  5.73it/s]
instructblip/pope/ricd/gqa/adversarial/seed1:  27%|██▋       | 809/3000 [02:21<06:23,  5.71it/s]
instructblip/pope/ricd/gqa/adversarial/seed1:  27%|██▋       | 810/3000 [02:21<06:15,  5.83it/s]
instructblip/pope/ricd/gqa/adversarial/seed1:  27%|██▋       | 811/3000 [02:21<06:09,  5.92it/s]
instructblip/pope/ricd/gqa/adversarial/seed1:  27%|██▋       | 812/3000 [02:21<06:06,  5.97it/s]
instructblip/pope/ricd/gqa/adversarial/seed1:  27%|██▋       | 813/3000 [02:21<06:04,  6.00it/s]
instructblip/pope/ricd/gqa/adversarial/seed1:  27%|██▋       | 814/3000 [02:22<06:03,  6.01it/s]
instructblip/pope/ricd/gqa/adversarial/seed1:  27%|██▋       | 815/3000 [02:22<06:08,  5.93it/s]
instructblip/pope/ricd/gqa/adversarial/seed1:  27%|██▋       | 816/3000 [02:22<06:06,  5.95it/s]
instructblip/pope/ricd/gqa/adversarial/seed1:  27%|██▋       | 817/3000 [02:22<06:03,  6.01it/s]
instructblip/pope/ricd/gqa/adversarial/seed1:  27%|██▋       | 818/3000 [02:22<05:59,  6.07it/s]
instructblip/pope/ricd/gqa/adversarial/seed1:  27%|██▋       | 819/3000 [02:22<06:02,  6.01it/s]
instructblip/pope/ricd/gqa/adversarial/seed1:  27%|██▋       | 820/3000 [02:23<06:00,  6.05it/s]
instructblip/pope/ricd/gqa/adversarial/seed1:  27%|██▋       | 821/3000 [02:23<06:03,  5.99it/s]
instructblip/pope/ricd/gqa/adversarial/seed1:  27%|██▋       | 822/3000 [02:23<06:01,  6.03it/s]
instructblip/pope/ricd/gqa/adversarial/seed1:  27%|██▋       | 823/3000 [02:23<05:59,  6.06it/s]
instructblip/pope/ricd/gqa/adversarial/seed1:  27%|██▋       | 824/3000 [02:23<05:57,  6.08it/s]
instructblip/pope/ricd/gqa/adversarial/seed1:  28%|██▊       | 825/3000 [02:23<05:56,  6.11it/s]
instructblip/pope/ricd/gqa/adversarial/seed1:  28%|██▊       | 826/3000 [02:24<05:54,  6.13it/s]
instructblip/pope/ricd/gqa/adversarial/seed1:  28%|██▊       | 827/3000 [02:24<05:52,  6.16it/s]
instructblip/pope/ricd/gqa/adversarial/seed1:  28%|██▊       | 828/3000 [02:24<05:51,  6.17it/s]
instructblip/pope/ricd/gqa/adversarial/seed1:  28%|██▊       | 829/3000 [02:24<05:52,  6.16it/s]
instructblip/pope/ricd/gqa/adversarial/seed1:  28%|██▊       | 830/3000 [02:24<05:51,  6.18it/s]
instructblip/pope/ricd/gqa/adversarial/seed1:  28%|██▊       | 831/3000 [02:24<05:53,  6.13it/s]
instructblip/pope/ricd/gqa/adversarial/seed1:  28%|██▊       | 832/3000 [02:25<06:01,  6.00it/s]
instructblip/pope/ricd/gqa/adversarial/seed1:  28%|██▊       | 833/3000 [02:25<05:56,  6.08it/s]
instructblip/pope/ricd/gqa/adversarial/seed1:  28%|██▊       | 834/3000 [02:25<05:52,  6.14it/s]
instructblip/pope/ricd/gqa/adversarial/seed1:  28%|██▊       | 835/3000 [02:25<05:50,  6.18it/s]
instructblip/pope/ricd/gqa/adversarial/seed1:  28%|██▊       | 836/3000 [02:25<05:52,  6.15it/s]
instructblip/pope/ricd/gqa/adversarial/seed1:  28%|██▊       | 837/3000 [02:25<05:51,  6.16it/s]
instructblip/pope/ricd/gqa/adversarial/seed1:  28%|██▊       | 838/3000 [02:25<06:00,  6.00it/s]
instructblip/pope/ricd/gqa/adversarial/seed1:  28%|██▊       | 839/3000 [02:26<05:58,  6.03it/s]
instructblip/pope/ricd/gqa/adversarial/seed1:  28%|██▊       | 840/3000 [02:26<05:59,  6.02it/s]
instructblip/pope/ricd/gqa/adversarial/seed1:  28%|██▊       | 841/3000 [02:26<05:57,  6.04it/s]
instructblip/pope/ricd/gqa/adversarial/seed1:  28%|██▊       | 842/3000 [02:26<06:00,  5.98it/s]
instructblip/pope/ricd/gqa/adversarial/seed1:  28%|██▊       | 843/3000 [02:26<06:04,  5.92it/s]
instructblip/pope/ricd/gqa/adversarial/seed1:  28%|██▊       | 844/3000 [02:26<06:08,  5.84it/s]
instructblip/pope/ricd/gqa/adversarial/seed1:  28%|██▊       | 845/3000 [02:27<06:08,  5.85it/s]
instructblip/pope/ricd/gqa/adversarial/seed1:  28%|██▊       | 846/3000 [02:27<06:07,  5.87it/s]
instructblip/pope/ricd/gqa/adversarial/seed1:  28%|██▊       | 847/3000 [02:27<06:29,  5.53it/s]
instructblip/pope/ricd/gqa/adversarial/seed1:  28%|██▊       | 848/3000 [02:27<06:47,  5.28it/s]
instructblip/pope/ricd/gqa/adversarial/seed1:  28%|██▊       | 849/3000 [02:27<06:43,  5.33it/s]
instructblip/pope/ricd/gqa/adversarial/seed1:  28%|██▊       | 850/3000 [02:28<06:33,  5.46it/s]
instructblip/pope/ricd/gqa/adversarial/seed1:  28%|██▊       | 851/3000 [02:28<06:31,  5.49it/s]
instructblip/pope/ricd/gqa/adversarial/seed1:  28%|██▊       | 852/3000 [02:28<06:19,  5.66it/s]
instructblip/pope/ricd/gqa/adversarial/seed1:  28%|██▊       | 853/3000 [02:28<06:21,  5.63it/s]
instructblip/pope/ricd/gqa/adversarial/seed1:  28%|██▊       | 854/3000 [02:28<06:13,  5.74it/s]
instructblip/pope/ricd/gqa/adversarial/seed1:  28%|██▊       | 855/3000 [02:28<06:08,  5.82it/s]
instructblip/pope/ricd/gqa/adversarial/seed1:  29%|██▊       | 856/3000 [02:29<06:08,  5.82it/s]
instructblip/pope/ricd/gqa/adversarial/seed1:  29%|██▊       | 857/3000 [02:29<06:04,  5.88it/s]
instructblip/pope/ricd/gqa/adversarial/seed1:  29%|██▊       | 858/3000 [02:29<06:06,  5.85it/s]
instructblip/pope/ricd/gqa/adversarial/seed1:  29%|██▊       | 859/3000 [02:29<06:03,  5.89it/s]
instructblip/pope/ricd/gqa/adversarial/seed1:  29%|██▊       | 860/3000 [02:29<06:04,  5.87it/s]
instructblip/pope/ricd/gqa/adversarial/seed1:  29%|██▊       | 861/3000 [02:29<06:02,  5.90it/s]
instructblip/pope/ricd/gqa/adversarial/seed1:  29%|██▊       | 862/3000 [02:30<05:58,  5.96it/s]
instructblip/pope/ricd/gqa/adversarial/seed1:  29%|██▉       | 863/3000 [02:30<06:14,  5.71it/s]
instructblip/pope/ricd/gqa/adversarial/seed1:  29%|██▉       | 864/3000 [02:30<06:15,  5.70it/s]
instructblip/pope/ricd/gqa/adversarial/seed1:  29%|██▉       | 865/3000 [02:30<06:15,  5.69it/s]
instructblip/pope/ricd/gqa/adversarial/seed1:  29%|██▉       | 866/3000 [02:30<06:15,  5.69it/s]
instructblip/pope/ricd/gqa/adversarial/seed1:  29%|██▉       | 867/3000 [02:31<06:09,  5.77it/s]
instructblip/pope/ricd/gqa/adversarial/seed1:  29%|██▉       | 868/3000 [02:31<06:10,  5.76it/s]
instructblip/pope/ricd/gqa/adversarial/seed1:  29%|██▉       | 869/3000 [02:31<06:07,  5.81it/s]
instructblip/pope/ricd/gqa/adversarial/seed1:  29%|██▉       | 870/3000 [02:31<06:02,  5.87it/s]
instructblip/pope/ricd/gqa/adversarial/seed1:  29%|██▉       | 871/3000 [02:31<06:08,  5.78it/s]
instructblip/pope/ricd/gqa/adversarial/seed1:  29%|██▉       | 872/3000 [02:31<06:16,  5.65it/s]
instructblip/pope/ricd/gqa/adversarial/seed1:  29%|██▉       | 873/3000 [02:32<06:12,  5.71it/s]
instructblip/pope/ricd/gqa/adversarial/seed1:  29%|██▉       | 874/3000 [02:32<06:14,  5.67it/s]
instructblip/pope/ricd/gqa/adversarial/seed1:  29%|██▉       | 875/3000 [02:32<06:10,  5.74it/s]
instructblip/pope/ricd/gqa/adversarial/seed1:  29%|██▉       | 876/3000 [02:32<06:07,  5.77it/s]
instructblip/pope/ricd/gqa/adversarial/seed1:  29%|██▉       | 877/3000 [02:32<06:03,  5.85it/s]
instructblip/pope/ricd/gqa/adversarial/seed1:  29%|██▉       | 878/3000 [02:32<06:03,  5.84it/s]
instructblip/pope/ricd/gqa/adversarial/seed1:  29%|██▉       | 879/3000 [02:33<06:04,  5.82it/s]
instructblip/pope/ricd/gqa/adversarial/seed1:  29%|██▉       | 880/3000 [02:33<05:56,  5.94it/s]
instructblip/pope/ricd/gqa/adversarial/seed1:  29%|██▉       | 881/3000 [02:33<05:53,  6.00it/s]
instructblip/pope/ricd/gqa/adversarial/seed1:  29%|██▉       | 882/3000 [02:33<05:53,  5.99it/s]
instructblip/pope/ricd/gqa/adversarial/seed1:  29%|██▉       | 883/3000 [02:33<06:10,  5.72it/s]
instructblip/pope/ricd/gqa/adversarial/seed1:  29%|██▉       | 884/3000 [02:34<06:39,  5.30it/s]
instructblip/pope/ricd/gqa/adversarial/seed1:  30%|██▉       | 885/3000 [02:34<06:57,  5.06it/s]
instructblip/pope/ricd/gqa/adversarial/seed1:  30%|██▉       | 886/3000 [02:34<06:46,  5.20it/s]
instructblip/pope/ricd/gqa/adversarial/seed1:  30%|██▉       | 887/3000 [02:34<06:43,  5.24it/s]
instructblip/pope/ricd/gqa/adversarial/seed1:  30%|██▉       | 888/3000 [02:34<06:26,  5.46it/s]
instructblip/pope/ricd/gqa/adversarial/seed1:  30%|██▉       | 889/3000 [02:34<06:17,  5.59it/s]
instructblip/pope/ricd/gqa/adversarial/seed1:  30%|██▉       | 890/3000 [02:35<06:10,  5.69it/s]
instructblip/pope/ricd/gqa/adversarial/seed1:  30%|██▉       | 891/3000 [02:35<06:12,  5.66it/s]
instructblip/pope/ricd/gqa/adversarial/seed1:  30%|██▉       | 892/3000 [02:35<06:14,  5.64it/s]
instructblip/pope/ricd/gqa/adversarial/seed1:  30%|██▉       | 893/3000 [02:35<06:10,  5.68it/s]
instructblip/pope/ricd/gqa/adversarial/seed1:  30%|██▉       | 894/3000 [02:35<06:03,  5.79it/s]
instructblip/pope/ricd/gqa/adversarial/seed1:  30%|██▉       | 895/3000 [02:35<06:04,  5.78it/s]
instructblip/pope/ricd/gqa/adversarial/seed1:  30%|██▉       | 896/3000 [02:36<05:58,  5.87it/s]
instructblip/pope/ricd/gqa/adversarial/seed1:  30%|██▉       | 897/3000 [02:36<06:04,  5.77it/s]
instructblip/pope/ricd/gqa/adversarial/seed1:  30%|██▉       | 898/3000 [02:36<06:08,  5.70it/s]
instructblip/pope/ricd/gqa/adversarial/seed1:  30%|██▉       | 899/3000 [02:36<06:07,  5.71it/s]
instructblip/pope/ricd/gqa/adversarial/seed1:  30%|███       | 900/3000 [02:36<06:05,  5.75it/s]
instructblip/pope/ricd/gqa/adversarial/seed1:  30%|███       | 901/3000 [02:37<06:01,  5.80it/s]
instructblip/pope/ricd/gqa/adversarial/seed1:  30%|███       | 902/3000 [02:37<05:56,  5.88it/s]
instructblip/pope/ricd/gqa/adversarial/seed1:  30%|███       | 903/3000 [02:37<05:58,  5.84it/s]
instructblip/pope/ricd/gqa/adversarial/seed1:  30%|███       | 904/3000 [02:37<05:54,  5.92it/s]
instructblip/pope/ricd/gqa/adversarial/seed1:  30%|███       | 905/3000 [02:37<05:51,  5.96it/s]
instructblip/pope/ricd/gqa/adversarial/seed1:  30%|███       | 906/3000 [02:37<05:48,  6.01it/s]
instructblip/pope/ricd/gqa/adversarial/seed1:  30%|███       | 907/3000 [02:38<05:48,  6.01it/s]
instructblip/pope/ricd/gqa/adversarial/seed1:  30%|███       | 908/3000 [02:38<05:45,  6.05it/s]
instructblip/pope/ricd/gqa/adversarial/seed1:  30%|███       | 909/3000 [02:38<05:46,  6.03it/s]
instructblip/pope/ricd/gqa/adversarial/seed1:  30%|███       | 910/3000 [02:38<05:51,  5.94it/s]
instructblip/pope/ricd/gqa/adversarial/seed1:  30%|███       | 911/3000 [02:38<05:52,  5.93it/s]
instructblip/pope/ricd/gqa/adversarial/seed1:  30%|███       | 912/3000 [02:38<05:50,  5.97it/s]
instructblip/pope/ricd/gqa/adversarial/seed1:  30%|███       | 913/3000 [02:39<05:46,  6.03it/s]
instructblip/pope/ricd/gqa/adversarial/seed1:  30%|███       | 914/3000 [02:39<05:50,  5.95it/s]
instructblip/pope/ricd/gqa/adversarial/seed1:  30%|███       | 915/3000 [02:39<05:48,  5.98it/s]
instructblip/pope/ricd/gqa/adversarial/seed1:  31%|███       | 916/3000 [02:39<05:57,  5.83it/s]
instructblip/pope/ricd/gqa/adversarial/seed1:  31%|███       | 917/3000 [02:39<06:00,  5.78it/s]
instructblip/pope/ricd/gqa/adversarial/seed1:  31%|███       | 918/3000 [02:39<05:56,  5.84it/s]
instructblip/pope/ricd/gqa/adversarial/seed1:  31%|███       | 919/3000 [02:40<06:01,  5.75it/s]
instructblip/pope/ricd/gqa/adversarial/seed1:  31%|███       | 920/3000 [02:40<06:03,  5.73it/s]
instructblip/pope/ricd/gqa/adversarial/seed1:  31%|███       | 921/3000 [02:40<06:03,  5.71it/s]
instructblip/pope/ricd/gqa/adversarial/seed1:  31%|███       | 922/3000 [02:40<05:58,  5.80it/s]
instructblip/pope/ricd/gqa/adversarial/seed1:  31%|███       | 923/3000 [02:40<05:54,  5.86it/s]
instructblip/pope/ricd/gqa/adversarial/seed1:  31%|███       | 924/3000 [02:40<06:01,  5.75it/s]
instructblip/pope/ricd/gqa/adversarial/seed1:  31%|███       | 925/3000 [02:41<06:08,  5.63it/s]
instructblip/pope/ricd/gqa/adversarial/seed1:  31%|███       | 926/3000 [02:41<06:04,  5.70it/s]
instructblip/pope/ricd/gqa/adversarial/seed1:  31%|███       | 927/3000 [02:41<06:03,  5.71it/s]
instructblip/pope/ricd/gqa/adversarial/seed1:  31%|███       | 928/3000 [02:41<06:14,  5.54it/s]
instructblip/pope/ricd/gqa/adversarial/seed1:  31%|███       | 929/3000 [02:41<06:25,  5.38it/s]
instructblip/pope/ricd/gqa/adversarial/seed1:  31%|███       | 930/3000 [02:42<07:03,  4.89it/s]
instructblip/pope/ricd/gqa/adversarial/seed1:  31%|███       | 931/3000 [02:42<06:49,  5.05it/s]
instructblip/pope/ricd/gqa/adversarial/seed1:  31%|███       | 932/3000 [02:42<06:31,  5.28it/s]
instructblip/pope/ricd/gqa/adversarial/seed1:  31%|███       | 933/3000 [02:42<06:21,  5.42it/s]
instructblip/pope/ricd/gqa/adversarial/seed1:  31%|███       | 934/3000 [02:42<06:13,  5.54it/s]
instructblip/pope/ricd/gqa/adversarial/seed1:  31%|███       | 935/3000 [02:42<06:06,  5.63it/s]
instructblip/pope/ricd/gqa/adversarial/seed1:  31%|███       | 936/3000 [02:43<06:09,  5.59it/s]
instructblip/pope/ricd/gqa/adversarial/seed1:  31%|███       | 937/3000 [02:43<05:58,  5.75it/s]
instructblip/pope/ricd/gqa/adversarial/seed1:  31%|███▏      | 938/3000 [02:43<05:53,  5.84it/s]
instructblip/pope/ricd/gqa/adversarial/seed1:  31%|███▏      | 939/3000 [02:43<05:52,  5.85it/s]
instructblip/pope/ricd/gqa/adversarial/seed1:  31%|███▏      | 940/3000 [02:43<05:57,  5.76it/s]
instructblip/pope/ricd/gqa/adversarial/seed1:  31%|███▏      | 941/3000 [02:43<05:52,  5.85it/s]
instructblip/pope/ricd/gqa/adversarial/seed1:  31%|███▏      | 942/3000 [02:44<05:53,  5.83it/s]
instructblip/pope/ricd/gqa/adversarial/seed1:  31%|███▏      | 943/3000 [02:44<05:54,  5.81it/s]
instructblip/pope/ricd/gqa/adversarial/seed1:  31%|███▏      | 944/3000 [02:44<06:07,  5.60it/s]
instructblip/pope/ricd/gqa/adversarial/seed1:  32%|███▏      | 945/3000 [02:44<06:18,  5.43it/s]
instructblip/pope/ricd/gqa/adversarial/seed1:  32%|███▏      | 946/3000 [02:44<06:31,  5.24it/s]
instructblip/pope/ricd/gqa/adversarial/seed1:  32%|███▏      | 947/3000 [02:45<06:20,  5.40it/s]
instructblip/pope/ricd/gqa/adversarial/seed1:  32%|███▏      | 948/3000 [02:45<06:10,  5.53it/s]
instructblip/pope/ricd/gqa/adversarial/seed1:  32%|███▏      | 949/3000 [02:45<06:07,  5.58it/s]
instructblip/pope/ricd/gqa/adversarial/seed1:  32%|███▏      | 950/3000 [02:45<06:01,  5.68it/s]
instructblip/pope/ricd/gqa/adversarial/seed1:  32%|███▏      | 951/3000 [02:45<05:54,  5.78it/s]
instructblip/pope/ricd/gqa/adversarial/seed1:  32%|███▏      | 952/3000 [02:45<05:51,  5.83it/s]
instructblip/pope/ricd/gqa/adversarial/seed1:  32%|███▏      | 953/3000 [02:46<05:47,  5.89it/s]
instructblip/pope/ricd/gqa/adversarial/seed1:  32%|███▏      | 954/3000 [02:46<05:49,  5.85it/s]
instructblip/pope/ricd/gqa/adversarial/seed1:  32%|███▏      | 955/3000 [02:46<05:46,  5.91it/s]
instructblip/pope/ricd/gqa/adversarial/seed1:  32%|███▏      | 956/3000 [02:46<05:42,  5.96it/s]
instructblip/pope/ricd/gqa/adversarial/seed1:  32%|███▏      | 957/3000 [02:46<05:40,  6.00it/s]
instructblip/pope/ricd/gqa/adversarial/seed1:  32%|███▏      | 958/3000 [02:46<05:36,  6.07it/s]
instructblip/pope/ricd/gqa/adversarial/seed1:  32%|███▏      | 959/3000 [02:47<05:39,  6.01it/s]
instructblip/pope/ricd/gqa/adversarial/seed1:  32%|███▏      | 960/3000 [02:47<05:44,  5.92it/s]
instructblip/pope/ricd/gqa/adversarial/seed1:  32%|███▏      | 961/3000 [02:47<05:49,  5.83it/s]
instructblip/pope/ricd/gqa/adversarial/seed1:  32%|███▏      | 962/3000 [02:47<05:47,  5.86it/s]
instructblip/pope/ricd/gqa/adversarial/seed1:  32%|███▏      | 963/3000 [02:47<06:26,  5.27it/s]
instructblip/pope/ricd/gqa/adversarial/seed1:  32%|███▏      | 964/3000 [02:48<06:27,  5.26it/s]
instructblip/pope/ricd/gqa/adversarial/seed1:  32%|███▏      | 965/3000 [02:48<06:18,  5.37it/s]
instructblip/pope/ricd/gqa/adversarial/seed1:  32%|███▏      | 966/3000 [02:48<06:13,  5.45it/s]
instructblip/pope/ricd/gqa/adversarial/seed1:  32%|███▏      | 967/3000 [02:48<06:06,  5.55it/s]
instructblip/pope/ricd/gqa/adversarial/seed1:  32%|███▏      | 968/3000 [02:48<06:04,  5.58it/s]
instructblip/pope/ricd/gqa/adversarial/seed1:  32%|███▏      | 969/3000 [02:48<06:06,  5.54it/s]
instructblip/pope/ricd/gqa/adversarial/seed1:  32%|███▏      | 970/3000 [02:49<06:04,  5.57it/s]
instructblip/pope/ricd/gqa/adversarial/seed1:  32%|███▏      | 971/3000 [02:49<06:03,  5.59it/s]
instructblip/pope/ricd/gqa/adversarial/seed1:  32%|███▏      | 972/3000 [02:49<06:09,  5.49it/s]
instructblip/pope/ricd/gqa/adversarial/seed1:  32%|███▏      | 973/3000 [02:49<06:13,  5.42it/s]
instructblip/pope/ricd/gqa/adversarial/seed1:  32%|███▏      | 974/3000 [02:49<06:09,  5.49it/s]
instructblip/pope/ricd/gqa/adversarial/seed1:  32%|███▎      | 975/3000 [02:50<06:07,  5.52it/s]
instructblip/pope/ricd/gqa/adversarial/seed1:  33%|███▎      | 976/3000 [02:50<06:01,  5.60it/s]
instructblip/pope/ricd/gqa/adversarial/seed1:  33%|███▎      | 977/3000 [02:50<06:04,  5.55it/s]
instructblip/pope/ricd/gqa/adversarial/seed1:  33%|███▎      | 978/3000 [02:50<06:00,  5.62it/s]
instructblip/pope/ricd/gqa/adversarial/seed1:  33%|███▎      | 979/3000 [02:50<05:52,  5.73it/s]
instructblip/pope/ricd/gqa/adversarial/seed1:  33%|███▎      | 980/3000 [02:50<05:56,  5.67it/s]
instructblip/pope/ricd/gqa/adversarial/seed1:  33%|███▎      | 981/3000 [02:51<05:52,  5.72it/s]
instructblip/pope/ricd/gqa/adversarial/seed1:  33%|███▎      | 982/3000 [02:51<05:48,  5.79it/s]
instructblip/pope/ricd/gqa/adversarial/seed1:  33%|███▎      | 983/3000 [02:51<05:46,  5.82it/s]
instructblip/pope/ricd/gqa/adversarial/seed1:  33%|███▎      | 984/3000 [02:51<05:52,  5.72it/s]
instructblip/pope/ricd/gqa/adversarial/seed1:  33%|███▎      | 985/3000 [02:51<05:49,  5.77it/s]
instructblip/pope/ricd/gqa/adversarial/seed1:  33%|███▎      | 986/3000 [02:51<05:51,  5.73it/s]
instructblip/pope/ricd/gqa/adversarial/seed1:  33%|███▎      | 987/3000 [02:52<05:49,  5.76it/s]
instructblip/pope/ricd/gqa/adversarial/seed1:  33%|███▎      | 988/3000 [02:52<05:49,  5.75it/s]
instructblip/pope/ricd/gqa/adversarial/seed1:  33%|███▎      | 989/3000 [02:52<05:43,  5.86it/s]
instructblip/pope/ricd/gqa/adversarial/seed1:  33%|███▎      | 990/3000 [02:52<05:43,  5.84it/s]
instructblip/pope/ricd/gqa/adversarial/seed1:  33%|███▎      | 991/3000 [02:52<05:47,  5.79it/s]
instructblip/pope/ricd/gqa/adversarial/seed1:  33%|███▎      | 992/3000 [02:52<05:46,  5.80it/s]
instructblip/pope/ricd/gqa/adversarial/seed1:  33%|███▎      | 993/3000 [02:53<05:40,  5.90it/s]
instructblip/pope/ricd/gqa/adversarial/seed1:  33%|███▎      | 994/3000 [02:53<05:43,  5.85it/s]
instructblip/pope/ricd/gqa/adversarial/seed1:  33%|███▎      | 995/3000 [02:53<05:41,  5.86it/s]
instructblip/pope/ricd/gqa/adversarial/seed1:  33%|███▎      | 996/3000 [02:53<05:42,  5.86it/s]
instructblip/pope/ricd/gqa/adversarial/seed1:  33%|███▎      | 997/3000 [02:53<05:39,  5.90it/s]
instructblip/pope/ricd/gqa/adversarial/seed1:  33%|███▎      | 998/3000 [02:53<05:37,  5.94it/s]
instructblip/pope/ricd/gqa/adversarial/seed1:  33%|███▎      | 999/3000 [02:54<05:34,  5.98it/s]
instructblip/pope/ricd/gqa/adversarial/seed1:  33%|███▎      | 1000/3000 [02:54<05:33,  6.00it/s]
instructblip/pope/ricd/gqa/adversarial/seed1:  33%|███▎      | 1001/3000 [02:54<05:39,  5.89it/s]
instructblip/pope/ricd/gqa/adversarial/seed1:  33%|███▎      | 1002/3000 [02:54<05:49,  5.71it/s]
instructblip/pope/ricd/gqa/adversarial/seed1:  33%|███▎      | 1003/3000 [02:54<05:51,  5.68it/s]
instructblip/pope/ricd/gqa/adversarial/seed1:  33%|███▎      | 1004/3000 [02:55<05:48,  5.72it/s]
instructblip/pope/ricd/gqa/adversarial/seed1:  34%|███▎      | 1005/3000 [02:55<05:50,  5.69it/s]
instructblip/pope/ricd/gqa/adversarial/seed1:  34%|███▎      | 1006/3000 [02:55<05:50,  5.69it/s]
instructblip/pope/ricd/gqa/adversarial/seed1:  34%|███▎      | 1007/3000 [02:55<05:51,  5.67it/s]
instructblip/pope/ricd/gqa/adversarial/seed1:  34%|███▎      | 1008/3000 [02:55<05:49,  5.69it/s]
instructblip/pope/ricd/gqa/adversarial/seed1:  34%|███▎      | 1009/3000 [02:55<05:49,  5.70it/s]
instructblip/pope/ricd/gqa/adversarial/seed1:  34%|███▎      | 1010/3000 [02:56<05:46,  5.74it/s]
instructblip/pope/ricd/gqa/adversarial/seed1:  34%|███▎      | 1011/3000 [02:56<05:46,  5.74it/s]
instructblip/pope/ricd/gqa/adversarial/seed1:  34%|███▎      | 1012/3000 [02:56<05:40,  5.84it/s]
instructblip/pope/ricd/gqa/adversarial/seed1:  34%|███▍      | 1013/3000 [02:56<05:40,  5.84it/s]
instructblip/pope/ricd/gqa/adversarial/seed1:  34%|███▍      | 1014/3000 [02:56<05:36,  5.90it/s]
instructblip/pope/ricd/gqa/adversarial/seed1:  34%|███▍      | 1015/3000 [02:56<05:41,  5.82it/s]
instructblip/pope/ricd/gqa/adversarial/seed1:  34%|███▍      | 1016/3000 [02:57<05:37,  5.88it/s]
instructblip/pope/ricd/gqa/adversarial/seed1:  34%|███▍      | 1017/3000 [02:57<05:32,  5.96it/s]
instructblip/pope/ricd/gqa/adversarial/seed1:  34%|███▍      | 1018/3000 [02:57<05:34,  5.93it/s]
instructblip/pope/ricd/gqa/adversarial/seed1:  34%|███▍      | 1019/3000 [02:57<05:34,  5.93it/s]
instructblip/pope/ricd/gqa/adversarial/seed1:  34%|███▍      | 1020/3000 [02:57<05:45,  5.74it/s]
instructblip/pope/ricd/gqa/adversarial/seed1:  34%|███▍      | 1021/3000 [02:57<05:43,  5.77it/s]
instructblip/pope/ricd/gqa/adversarial/seed1:  34%|███▍      | 1022/3000 [02:58<05:44,  5.74it/s]
instructblip/pope/ricd/gqa/adversarial/seed1:  34%|███▍      | 1023/3000 [02:58<05:48,  5.67it/s]
instructblip/pope/ricd/gqa/adversarial/seed1:  34%|███▍      | 1024/3000 [02:58<05:57,  5.52it/s]
instructblip/pope/ricd/gqa/adversarial/seed1:  34%|███▍      | 1025/3000 [02:58<05:56,  5.53it/s]
instructblip/pope/ricd/gqa/adversarial/seed1:  34%|███▍      | 1026/3000 [02:58<05:58,  5.51it/s]
instructblip/pope/ricd/gqa/adversarial/seed1:  34%|███▍      | 1027/3000 [02:59<05:58,  5.50it/s]
instructblip/pope/ricd/gqa/adversarial/seed1:  34%|███▍      | 1028/3000 [02:59<05:56,  5.54it/s]
instructblip/pope/ricd/gqa/adversarial/seed1:  34%|███▍      | 1029/3000 [02:59<06:26,  5.11it/s]
instructblip/pope/ricd/gqa/adversarial/seed1:  34%|███▍      | 1030/3000 [02:59<06:20,  5.18it/s]
instructblip/pope/ricd/gqa/adversarial/seed1:  34%|███▍      | 1031/3000 [02:59<06:48,  4.82it/s]
instructblip/pope/ricd/gqa/adversarial/seed1:  34%|███▍      | 1032/3000 [03:00<06:32,  5.01it/s]
instructblip/pope/ricd/gqa/adversarial/seed1:  34%|███▍      | 1033/3000 [03:00<06:19,  5.19it/s]
instructblip/pope/ricd/gqa/adversarial/seed1:  34%|███▍      | 1034/3000 [03:00<06:04,  5.39it/s]
instructblip/pope/ricd/gqa/adversarial/seed1:  34%|███▍      | 1035/3000 [03:00<05:54,  5.55it/s]
instructblip/pope/ricd/gqa/adversarial/seed1:  35%|███▍      | 1036/3000 [03:00<05:49,  5.62it/s]
instructblip/pope/ricd/gqa/adversarial/seed1:  35%|███▍      | 1037/3000 [03:00<05:45,  5.67it/s]
instructblip/pope/ricd/gqa/adversarial/seed1:  35%|███▍      | 1038/3000 [03:01<05:46,  5.66it/s]
instructblip/pope/ricd/gqa/adversarial/seed1:  35%|███▍      | 1039/3000 [03:01<05:47,  5.65it/s]
instructblip/pope/ricd/gqa/adversarial/seed1:  35%|███▍      | 1040/3000 [03:01<05:47,  5.64it/s]
instructblip/pope/ricd/gqa/adversarial/seed1:  35%|███▍      | 1041/3000 [03:01<05:55,  5.51it/s]
instructblip/pope/ricd/gqa/adversarial/seed1:  35%|███▍      | 1042/3000 [03:01<06:01,  5.42it/s]
instructblip/pope/ricd/gqa/adversarial/seed1:  35%|███▍      | 1043/3000 [03:02<05:56,  5.49it/s]
instructblip/pope/ricd/gqa/adversarial/seed1:  35%|███▍      | 1044/3000 [03:02<05:51,  5.56it/s]
instructblip/pope/ricd/gqa/adversarial/seed1:  35%|███▍      | 1045/3000 [03:02<06:01,  5.40it/s]
instructblip/pope/ricd/gqa/adversarial/seed1:  35%|███▍      | 1046/3000 [03:02<06:11,  5.26it/s]
instructblip/pope/ricd/gqa/adversarial/seed1:  35%|███▍      | 1047/3000 [03:02<06:02,  5.38it/s]
instructblip/pope/ricd/gqa/adversarial/seed1:  35%|███▍      | 1048/3000 [03:03<06:25,  5.07it/s]
instructblip/pope/ricd/gqa/adversarial/seed1:  35%|███▍      | 1049/3000 [03:03<06:16,  5.18it/s]
instructblip/pope/ricd/gqa/adversarial/seed1:  35%|███▌      | 1050/3000 [03:03<06:13,  5.22it/s]
instructblip/pope/ricd/gqa/adversarial/seed1:  35%|███▌      | 1051/3000 [03:03<06:06,  5.31it/s]
instructblip/pope/ricd/gqa/adversarial/seed1:  35%|███▌      | 1052/3000 [03:03<06:02,  5.37it/s]
instructblip/pope/ricd/gqa/adversarial/seed1:  35%|███▌      | 1053/3000 [03:03<06:00,  5.40it/s]
instructblip/pope/ricd/gqa/adversarial/seed1:  35%|███▌      | 1054/3000 [03:04<05:46,  5.61it/s]
instructblip/pope/ricd/gqa/adversarial/seed1:  35%|███▌      | 1055/3000 [03:04<05:48,  5.58it/s]
instructblip/pope/ricd/gqa/adversarial/seed1:  35%|███▌      | 1056/3000 [03:04<05:51,  5.53it/s]
instructblip/pope/ricd/gqa/adversarial/seed1:  35%|███▌      | 1057/3000 [03:04<05:56,  5.46it/s]
instructblip/pope/ricd/gqa/adversarial/seed1:  35%|███▌      | 1058/3000 [03:04<05:55,  5.46it/s]
instructblip/pope/ricd/gqa/adversarial/seed1:  35%|███▌      | 1059/3000 [03:05<06:01,  5.38it/s]
instructblip/pope/ricd/gqa/adversarial/seed1:  35%|███▌      | 1060/3000 [03:05<05:48,  5.57it/s]
instructblip/pope/ricd/gqa/adversarial/seed1:  35%|███▌      | 1061/3000 [03:05<05:45,  5.62it/s]
instructblip/pope/ricd/gqa/adversarial/seed1:  35%|███▌      | 1062/3000 [03:05<05:38,  5.73it/s]
instructblip/pope/ricd/gqa/adversarial/seed1:  35%|███▌      | 1063/3000 [03:05<05:43,  5.64it/s]
instructblip/pope/ricd/gqa/adversarial/seed1:  35%|███▌      | 1064/3000 [03:05<05:42,  5.65it/s]
instructblip/pope/ricd/gqa/adversarial/seed1:  36%|███▌      | 1065/3000 [03:06<05:45,  5.61it/s]
instructblip/pope/ricd/gqa/adversarial/seed1:  36%|███▌      | 1066/3000 [03:06<05:42,  5.65it/s]
instructblip/pope/ricd/gqa/adversarial/seed1:  36%|███▌      | 1067/3000 [03:06<05:35,  5.77it/s]
instructblip/pope/ricd/gqa/adversarial/seed1:  36%|███▌      | 1068/3000 [03:06<05:33,  5.79it/s]
instructblip/pope/ricd/gqa/adversarial/seed1:  36%|███▌      | 1069/3000 [03:06<05:27,  5.90it/s]
instructblip/pope/ricd/gqa/adversarial/seed1:  36%|███▌      | 1070/3000 [03:06<05:34,  5.76it/s]
instructblip/pope/ricd/gqa/adversarial/seed1:  36%|███▌      | 1071/3000 [03:07<05:34,  5.77it/s]
instructblip/pope/ricd/gqa/adversarial/seed1:  36%|███▌      | 1072/3000 [03:07<05:28,  5.87it/s]
instructblip/pope/ricd/gqa/adversarial/seed1:  36%|███▌      | 1073/3000 [03:07<05:32,  5.80it/s]
instructblip/pope/ricd/gqa/adversarial/seed1:  36%|███▌      | 1074/3000 [03:07<05:42,  5.63it/s]
instructblip/pope/ricd/gqa/adversarial/seed1:  36%|███▌      | 1075/3000 [03:07<05:46,  5.55it/s]
instructblip/pope/ricd/gqa/adversarial/seed1:  36%|███▌      | 1076/3000 [03:07<05:45,  5.56it/s]
instructblip/pope/ricd/gqa/adversarial/seed1:  36%|███▌      | 1077/3000 [03:08<05:43,  5.60it/s]
instructblip/pope/ricd/gqa/adversarial/seed1:  36%|███▌      | 1078/3000 [03:08<05:49,  5.50it/s]
instructblip/pope/ricd/gqa/adversarial/seed1:  36%|███▌      | 1079/3000 [03:08<05:42,  5.61it/s]
instructblip/pope/ricd/gqa/adversarial/seed1:  36%|███▌      | 1080/3000 [03:08<05:41,  5.63it/s]
instructblip/pope/ricd/gqa/adversarial/seed1:  36%|███▌      | 1081/3000 [03:08<05:39,  5.65it/s]
instructblip/pope/ricd/gqa/adversarial/seed1:  36%|███▌      | 1082/3000 [03:09<05:32,  5.76it/s]
instructblip/pope/ricd/gqa/adversarial/seed1:  36%|███▌      | 1083/3000 [03:09<05:40,  5.62it/s]
instructblip/pope/ricd/gqa/adversarial/seed1:  36%|███▌      | 1084/3000 [03:09<05:42,  5.60it/s]
instructblip/pope/ricd/gqa/adversarial/seed1:  36%|███▌      | 1085/3000 [03:09<05:39,  5.64it/s]
instructblip/pope/ricd/gqa/adversarial/seed1:  36%|███▌      | 1086/3000 [03:09<05:34,  5.72it/s]
instructblip/pope/ricd/gqa/adversarial/seed1:  36%|███▌      | 1087/3000 [03:09<05:31,  5.78it/s]
instructblip/pope/ricd/gqa/adversarial/seed1:  36%|███▋      | 1088/3000 [03:10<05:31,  5.76it/s]
instructblip/pope/ricd/gqa/adversarial/seed1:  36%|███▋      | 1089/3000 [03:10<05:34,  5.72it/s]
instructblip/pope/ricd/gqa/adversarial/seed1:  36%|███▋      | 1090/3000 [03:10<05:34,  5.72it/s]
instructblip/pope/ricd/gqa/adversarial/seed1:  36%|███▋      | 1091/3000 [03:10<05:34,  5.71it/s]
instructblip/pope/ricd/gqa/adversarial/seed1:  36%|███▋      | 1092/3000 [03:10<05:34,  5.71it/s]
instructblip/pope/ricd/gqa/adversarial/seed1:  36%|███▋      | 1093/3000 [03:10<05:26,  5.85it/s]
instructblip/pope/ricd/gqa/adversarial/seed1:  36%|███▋      | 1094/3000 [03:11<05:25,  5.86it/s]
instructblip/pope/ricd/gqa/adversarial/seed1:  36%|███▋      | 1095/3000 [03:11<05:26,  5.83it/s]
instructblip/pope/ricd/gqa/adversarial/seed1:  37%|███▋      | 1096/3000 [03:11<05:24,  5.87it/s]
instructblip/pope/ricd/gqa/adversarial/seed1:  37%|███▋      | 1097/3000 [03:11<05:20,  5.94it/s]
instructblip/pope/ricd/gqa/adversarial/seed1:  37%|███▋      | 1098/3000 [03:11<05:25,  5.85it/s]
instructblip/pope/ricd/gqa/adversarial/seed1:  37%|███▋      | 1099/3000 [03:11<05:20,  5.93it/s]
instructblip/pope/ricd/gqa/adversarial/seed1:  37%|███▋      | 1100/3000 [03:12<05:25,  5.84it/s]
instructblip/pope/ricd/gqa/adversarial/seed1:  37%|███▋      | 1101/3000 [03:12<05:26,  5.81it/s]
instructblip/pope/ricd/gqa/adversarial/seed1:  37%|███▋      | 1102/3000 [03:12<05:26,  5.82it/s]
instructblip/pope/ricd/gqa/adversarial/seed1:  37%|███▋      | 1103/3000 [03:12<05:23,  5.87it/s]
instructblip/pope/ricd/gqa/adversarial/seed1:  37%|███▋      | 1104/3000 [03:12<05:19,  5.94it/s]
instructblip/pope/ricd/gqa/adversarial/seed1:  37%|███▋      | 1105/3000 [03:13<05:27,  5.78it/s]
instructblip/pope/ricd/gqa/adversarial/seed1:  37%|███▋      | 1106/3000 [03:13<05:21,  5.90it/s]
instructblip/pope/ricd/gqa/adversarial/seed1:  37%|███▋      | 1107/3000 [03:13<05:21,  5.89it/s]
instructblip/pope/ricd/gqa/adversarial/seed1:  37%|███▋      | 1108/3000 [03:13<05:21,  5.89it/s]
instructblip/pope/ricd/gqa/adversarial/seed1:  37%|███▋      | 1109/3000 [03:13<05:20,  5.91it/s]
instructblip/pope/ricd/gqa/adversarial/seed1:  37%|███▋      | 1110/3000 [03:13<05:19,  5.92it/s]
instructblip/pope/ricd/gqa/adversarial/seed1:  37%|███▋      | 1111/3000 [03:14<05:16,  5.98it/s]
instructblip/pope/ricd/gqa/adversarial/seed1:  37%|███▋      | 1112/3000 [03:14<05:16,  5.96it/s]
instructblip/pope/ricd/gqa/adversarial/seed1:  37%|███▋      | 1113/3000 [03:14<05:23,  5.83it/s]
instructblip/pope/ricd/gqa/adversarial/seed1:  37%|███▋      | 1114/3000 [03:14<05:24,  5.81it/s]
instructblip/pope/ricd/gqa/adversarial/seed1:  37%|███▋      | 1115/3000 [03:14<05:35,  5.62it/s]
instructblip/pope/ricd/gqa/adversarial/seed1:  37%|███▋      | 1116/3000 [03:14<05:34,  5.63it/s]
instructblip/pope/ricd/gqa/adversarial/seed1:  37%|███▋      | 1117/3000 [03:15<05:37,  5.59it/s]
instructblip/pope/ricd/gqa/adversarial/seed1:  37%|███▋      | 1118/3000 [03:15<05:26,  5.76it/s]
instructblip/pope/ricd/gqa/adversarial/seed1:  37%|███▋      | 1119/3000 [03:15<05:25,  5.78it/s]
instructblip/pope/ricd/gqa/adversarial/seed1:  37%|███▋      | 1120/3000 [03:15<05:21,  5.84it/s]
instructblip/pope/ricd/gqa/adversarial/seed1:  37%|███▋      | 1121/3000 [03:15<05:17,  5.92it/s]
instructblip/pope/ricd/gqa/adversarial/seed1:  37%|███▋      | 1122/3000 [03:15<05:41,  5.50it/s]
instructblip/pope/ricd/gqa/adversarial/seed1:  37%|███▋      | 1123/3000 [03:16<05:56,  5.27it/s]
instructblip/pope/ricd/gqa/adversarial/seed1:  37%|███▋      | 1124/3000 [03:16<06:13,  5.02it/s]
instructblip/pope/ricd/gqa/adversarial/seed1:  38%|███▊      | 1125/3000 [03:16<06:31,  4.78it/s]
instructblip/pope/ricd/gqa/adversarial/seed1:  38%|███▊      | 1126/3000 [03:16<06:18,  4.95it/s]
instructblip/pope/ricd/gqa/adversarial/seed1:  38%|███▊      | 1127/3000 [03:16<06:01,  5.19it/s]
instructblip/pope/ricd/gqa/adversarial/seed1:  38%|███▊      | 1128/3000 [03:17<05:58,  5.22it/s]
instructblip/pope/ricd/gqa/adversarial/seed1:  38%|███▊      | 1129/3000 [03:17<05:44,  5.44it/s]
instructblip/pope/ricd/gqa/adversarial/seed1:  38%|███▊      | 1130/3000 [03:17<05:38,  5.52it/s]
instructblip/pope/ricd/gqa/adversarial/seed1:  38%|███▊      | 1131/3000 [03:17<05:43,  5.45it/s]
instructblip/pope/ricd/gqa/adversarial/seed1:  38%|███▊      | 1132/3000 [03:17<05:37,  5.53it/s]
instructblip/pope/ricd/gqa/adversarial/seed1:  38%|███▊      | 1133/3000 [03:18<05:30,  5.65it/s]
instructblip/pope/ricd/gqa/adversarial/seed1:  38%|███▊      | 1134/3000 [03:18<05:27,  5.69it/s]
instructblip/pope/ricd/gqa/adversarial/seed1:  38%|███▊      | 1135/3000 [03:18<05:26,  5.72it/s]
instructblip/pope/ricd/gqa/adversarial/seed1:  38%|███▊      | 1136/3000 [03:18<05:20,  5.82it/s]
instructblip/pope/ricd/gqa/adversarial/seed1:  38%|███▊      | 1137/3000 [03:18<05:23,  5.76it/s]
instructblip/pope/ricd/gqa/adversarial/seed1:  38%|███▊      | 1138/3000 [03:18<05:26,  5.70it/s]
instructblip/pope/ricd/gqa/adversarial/seed1:  38%|███▊      | 1139/3000 [03:19<05:26,  5.70it/s]
instructblip/pope/ricd/gqa/adversarial/seed1:  38%|███▊      | 1140/3000 [03:19<05:18,  5.84it/s]
instructblip/pope/ricd/gqa/adversarial/seed1:  38%|███▊      | 1141/3000 [03:19<05:12,  5.95it/s]
instructblip/pope/ricd/gqa/adversarial/seed1:  38%|███▊      | 1142/3000 [03:19<05:12,  5.94it/s]
instructblip/pope/ricd/gqa/adversarial/seed1:  38%|███▊      | 1143/3000 [03:19<05:30,  5.61it/s]
instructblip/pope/ricd/gqa/adversarial/seed1:  38%|███▊      | 1144/3000 [03:19<05:23,  5.74it/s]
instructblip/pope/ricd/gqa/adversarial/seed1:  38%|███▊      | 1145/3000 [03:20<05:15,  5.88it/s]
instructblip/pope/ricd/gqa/adversarial/seed1:  38%|███▊      | 1146/3000 [03:20<05:10,  5.98it/s]
instructblip/pope/ricd/gqa/adversarial/seed1:  38%|███▊      | 1147/3000 [03:20<05:10,  5.97it/s]
instructblip/pope/ricd/gqa/adversarial/seed1:  38%|███▊      | 1148/3000 [03:20<05:12,  5.93it/s]
instructblip/pope/ricd/gqa/adversarial/seed1:  38%|███▊      | 1149/3000 [03:20<05:09,  5.99it/s]
instructblip/pope/ricd/gqa/adversarial/seed1:  38%|███▊      | 1150/3000 [03:20<05:07,  6.02it/s]
instructblip/pope/ricd/gqa/adversarial/seed1:  38%|███▊      | 1151/3000 [03:21<05:04,  6.06it/s]
instructblip/pope/ricd/gqa/adversarial/seed1:  38%|███▊      | 1152/3000 [03:21<05:02,  6.11it/s]
instructblip/pope/ricd/gqa/adversarial/seed1:  38%|███▊      | 1153/3000 [03:21<05:01,  6.13it/s]
instructblip/pope/ricd/gqa/adversarial/seed1:  38%|███▊      | 1154/3000 [03:21<05:00,  6.14it/s]
instructblip/pope/ricd/gqa/adversarial/seed1:  38%|███▊      | 1155/3000 [03:21<05:00,  6.14it/s]
instructblip/pope/ricd/gqa/adversarial/seed1:  39%|███▊      | 1156/3000 [03:21<04:59,  6.16it/s]
instructblip/pope/ricd/gqa/adversarial/seed1:  39%|███▊      | 1157/3000 [03:22<05:00,  6.14it/s]
instructblip/pope/ricd/gqa/adversarial/seed1:  39%|███▊      | 1158/3000 [03:22<05:03,  6.08it/s]
instructblip/pope/ricd/gqa/adversarial/seed1:  39%|███▊      | 1159/3000 [03:22<05:05,  6.03it/s]
instructblip/pope/ricd/gqa/adversarial/seed1:  39%|███▊      | 1160/3000 [03:22<05:04,  6.03it/s]
instructblip/pope/ricd/gqa/adversarial/seed1:  39%|███▊      | 1161/3000 [03:22<05:03,  6.05it/s]
instructblip/pope/ricd/gqa/adversarial/seed1:  39%|███▊      | 1162/3000 [03:22<05:08,  5.96it/s]
instructblip/pope/ricd/gqa/adversarial/seed1:  39%|███▉      | 1163/3000 [03:23<05:06,  5.99it/s]
instructblip/pope/ricd/gqa/adversarial/seed1:  39%|███▉      | 1164/3000 [03:23<05:17,  5.79it/s]
instructblip/pope/ricd/gqa/adversarial/seed1:  39%|███▉      | 1165/3000 [03:23<05:21,  5.71it/s]
instructblip/pope/ricd/gqa/adversarial/seed1:  39%|███▉      | 1166/3000 [03:23<05:19,  5.73it/s]
instructblip/pope/ricd/gqa/adversarial/seed1:  39%|███▉      | 1167/3000 [03:23<05:22,  5.68it/s]
instructblip/pope/ricd/gqa/adversarial/seed1:  39%|███▉      | 1168/3000 [03:23<05:18,  5.75it/s]
instructblip/pope/ricd/gqa/adversarial/seed1:  39%|███▉      | 1169/3000 [03:24<05:16,  5.78it/s]
instructblip/pope/ricd/gqa/adversarial/seed1:  39%|███▉      | 1170/3000 [03:24<05:21,  5.70it/s]
instructblip/pope/ricd/gqa/adversarial/seed1:  39%|███▉      | 1171/3000 [03:24<05:13,  5.83it/s]
instructblip/pope/ricd/gqa/adversarial/seed1:  39%|███▉      | 1172/3000 [03:24<05:08,  5.93it/s]
instructblip/pope/ricd/gqa/adversarial/seed1:  39%|███▉      | 1173/3000 [03:24<05:07,  5.94it/s]
instructblip/pope/ricd/gqa/adversarial/seed1:  39%|███▉      | 1174/3000 [03:24<05:03,  6.01it/s]
instructblip/pope/ricd/gqa/adversarial/seed1:  39%|███▉      | 1175/3000 [03:25<05:09,  5.90it/s]
instructblip/pope/ricd/gqa/adversarial/seed1:  39%|███▉      | 1176/3000 [03:25<05:08,  5.90it/s]
instructblip/pope/ricd/gqa/adversarial/seed1:  39%|███▉      | 1177/3000 [03:25<05:13,  5.82it/s]
instructblip/pope/ricd/gqa/adversarial/seed1:  39%|███▉      | 1178/3000 [03:25<05:12,  5.83it/s]
instructblip/pope/ricd/gqa/adversarial/seed1:  39%|███▉      | 1179/3000 [03:25<05:21,  5.66it/s]
instructblip/pope/ricd/gqa/adversarial/seed1:  39%|███▉      | 1180/3000 [03:26<05:20,  5.68it/s]
instructblip/pope/ricd/gqa/adversarial/seed1:  39%|███▉      | 1181/3000 [03:26<05:18,  5.72it/s]
instructblip/pope/ricd/gqa/adversarial/seed1:  39%|███▉      | 1182/3000 [03:26<05:10,  5.86it/s]
instructblip/pope/ricd/gqa/adversarial/seed1:  39%|███▉      | 1183/3000 [03:26<05:05,  5.95it/s]
instructblip/pope/ricd/gqa/adversarial/seed1:  39%|███▉      | 1184/3000 [03:26<05:03,  5.98it/s]
instructblip/pope/ricd/gqa/adversarial/seed1:  40%|███▉      | 1185/3000 [03:26<05:01,  6.02it/s]
instructblip/pope/ricd/gqa/adversarial/seed1:  40%|███▉      | 1186/3000 [03:27<05:09,  5.86it/s]
instructblip/pope/ricd/gqa/adversarial/seed1:  40%|███▉      | 1187/3000 [03:27<05:10,  5.84it/s]
instructblip/pope/ricd/gqa/adversarial/seed1:  40%|███▉      | 1188/3000 [03:27<05:05,  5.93it/s]
instructblip/pope/ricd/gqa/adversarial/seed1:  40%|███▉      | 1189/3000 [03:27<05:02,  5.99it/s]
instructblip/pope/ricd/gqa/adversarial/seed1:  40%|███▉      | 1190/3000 [03:27<05:06,  5.91it/s]
instructblip/pope/ricd/gqa/adversarial/seed1:  40%|███▉      | 1191/3000 [03:27<05:02,  5.97it/s]
instructblip/pope/ricd/gqa/adversarial/seed1:  40%|███▉      | 1192/3000 [03:28<05:09,  5.84it/s]
instructblip/pope/ricd/gqa/adversarial/seed1:  40%|███▉      | 1193/3000 [03:28<05:16,  5.72it/s]
instructblip/pope/ricd/gqa/adversarial/seed1:  40%|███▉      | 1194/3000 [03:28<05:19,  5.64it/s]
instructblip/pope/ricd/gqa/adversarial/seed1:  40%|███▉      | 1195/3000 [03:28<05:14,  5.74it/s]
instructblip/pope/ricd/gqa/adversarial/seed1:  40%|███▉      | 1196/3000 [03:28<05:16,  5.69it/s]
instructblip/pope/ricd/gqa/adversarial/seed1:  40%|███▉      | 1197/3000 [03:28<05:11,  5.78it/s]
instructblip/pope/ricd/gqa/adversarial/seed1:  40%|███▉      | 1198/3000 [03:29<05:11,  5.78it/s]
instructblip/pope/ricd/gqa/adversarial/seed1:  40%|███▉      | 1199/3000 [03:29<05:11,  5.78it/s]
instructblip/pope/ricd/gqa/adversarial/seed1:  40%|████      | 1200/3000 [03:29<05:16,  5.69it/s]
instructblip/pope/ricd/gqa/adversarial/seed1:  40%|████      | 1201/3000 [03:29<05:14,  5.72it/s]
instructblip/pope/ricd/gqa/adversarial/seed1:  40%|████      | 1202/3000 [03:29<05:15,  5.70it/s]
instructblip/pope/ricd/gqa/adversarial/seed1:  40%|████      | 1203/3000 [03:29<05:23,  5.55it/s]
instructblip/pope/ricd/gqa/adversarial/seed1:  40%|████      | 1204/3000 [03:30<05:17,  5.65it/s]
instructblip/pope/ricd/gqa/adversarial/seed1:  40%|████      | 1205/3000 [03:30<05:12,  5.75it/s]
instructblip/pope/ricd/gqa/adversarial/seed1:  40%|████      | 1206/3000 [03:30<05:12,  5.75it/s]
instructblip/pope/ricd/gqa/adversarial/seed1:  40%|████      | 1207/3000 [03:30<06:46,  4.41it/s]
instructblip/pope/ricd/gqa/adversarial/seed1:  40%|████      | 1208/3000 [03:31<06:25,  4.65it/s]
instructblip/pope/ricd/gqa/adversarial/seed1:  40%|████      | 1209/3000 [03:31<06:07,  4.88it/s]
instructblip/pope/ricd/gqa/adversarial/seed1:  40%|████      | 1210/3000 [03:31<05:51,  5.10it/s]
instructblip/pope/ricd/gqa/adversarial/seed1:  40%|████      | 1211/3000 [03:31<05:43,  5.20it/s]
instructblip/pope/ricd/gqa/adversarial/seed1:  40%|████      | 1212/3000 [03:31<05:40,  5.25it/s]
instructblip/pope/ricd/gqa/adversarial/seed1:  40%|████      | 1213/3000 [03:31<05:28,  5.45it/s]
instructblip/pope/ricd/gqa/adversarial/seed1:  40%|████      | 1214/3000 [03:32<05:23,  5.52it/s]
instructblip/pope/ricd/gqa/adversarial/seed1:  40%|████      | 1215/3000 [03:32<05:17,  5.63it/s]
instructblip/pope/ricd/gqa/adversarial/seed1:  41%|████      | 1216/3000 [03:32<05:09,  5.77it/s]
instructblip/pope/ricd/gqa/adversarial/seed1:  41%|████      | 1217/3000 [03:32<05:08,  5.79it/s]
instructblip/pope/ricd/gqa/adversarial/seed1:  41%|████      | 1218/3000 [03:32<05:04,  5.86it/s]
instructblip/pope/ricd/gqa/adversarial/seed1:  41%|████      | 1219/3000 [03:32<05:00,  5.93it/s]
instructblip/pope/ricd/gqa/adversarial/seed1:  41%|████      | 1220/3000 [03:33<05:03,  5.87it/s]
instructblip/pope/ricd/gqa/adversarial/seed1:  41%|████      | 1221/3000 [03:33<05:09,  5.75it/s]
instructblip/pope/ricd/gqa/adversarial/seed1:  41%|████      | 1222/3000 [03:33<05:15,  5.63it/s]
instructblip/pope/ricd/gqa/adversarial/seed1:  41%|████      | 1223/3000 [03:33<05:18,  5.59it/s]
instructblip/pope/ricd/gqa/adversarial/seed1:  41%|████      | 1224/3000 [03:33<05:10,  5.72it/s]
instructblip/pope/ricd/gqa/adversarial/seed1:  41%|████      | 1225/3000 [03:34<05:13,  5.66it/s]
instructblip/pope/ricd/gqa/adversarial/seed1:  41%|████      | 1226/3000 [03:34<05:07,  5.76it/s]
instructblip/pope/ricd/gqa/adversarial/seed1:  41%|████      | 1227/3000 [03:34<05:01,  5.87it/s]
instructblip/pope/ricd/gqa/adversarial/seed1:  41%|████      | 1228/3000 [03:34<05:01,  5.87it/s]
instructblip/pope/ricd/gqa/adversarial/seed1:  41%|████      | 1229/3000 [03:34<05:06,  5.77it/s]
instructblip/pope/ricd/gqa/adversarial/seed1:  41%|████      | 1230/3000 [03:34<05:06,  5.78it/s]
instructblip/pope/ricd/gqa/adversarial/seed1:  41%|████      | 1231/3000 [03:35<05:03,  5.82it/s]
instructblip/pope/ricd/gqa/adversarial/seed1:  41%|████      | 1232/3000 [03:35<05:05,  5.78it/s]
instructblip/pope/ricd/gqa/adversarial/seed1:  41%|████      | 1233/3000 [03:35<05:04,  5.80it/s]
instructblip/pope/ricd/gqa/adversarial/seed1:  41%|████      | 1234/3000 [03:35<05:04,  5.80it/s]
instructblip/pope/ricd/gqa/adversarial/seed1:  41%|████      | 1235/3000 [03:35<05:00,  5.88it/s]
instructblip/pope/ricd/gqa/adversarial/seed1:  41%|████      | 1236/3000 [03:35<04:57,  5.92it/s]
instructblip/pope/ricd/gqa/adversarial/seed1:  41%|████      | 1237/3000 [03:36<04:59,  5.88it/s]
instructblip/pope/ricd/gqa/adversarial/seed1:  41%|████▏     | 1238/3000 [03:36<04:55,  5.95it/s]
instructblip/pope/ricd/gqa/adversarial/seed1:  41%|████▏     | 1239/3000 [03:36<05:03,  5.80it/s]
instructblip/pope/ricd/gqa/adversarial/seed1:  41%|████▏     | 1240/3000 [03:36<04:58,  5.89it/s]
instructblip/pope/ricd/gqa/adversarial/seed1:  41%|████▏     | 1241/3000 [03:36<04:55,  5.96it/s]
instructblip/pope/ricd/gqa/adversarial/seed1:  41%|████▏     | 1242/3000 [03:36<04:56,  5.94it/s]
instructblip/pope/ricd/gqa/adversarial/seed1:  41%|████▏     | 1243/3000 [03:37<04:55,  5.96it/s]
instructblip/pope/ricd/gqa/adversarial/seed1:  41%|████▏     | 1244/3000 [03:37<04:54,  5.97it/s]
instructblip/pope/ricd/gqa/adversarial/seed1:  42%|████▏     | 1245/3000 [03:37<04:53,  5.98it/s]
instructblip/pope/ricd/gqa/adversarial/seed1:  42%|████▏     | 1246/3000 [03:37<04:53,  5.98it/s]
instructblip/pope/ricd/gqa/adversarial/seed1:  42%|████▏     | 1247/3000 [03:37<04:51,  6.02it/s]
instructblip/pope/ricd/gqa/adversarial/seed1:  42%|████▏     | 1248/3000 [03:37<04:59,  5.86it/s]
instructblip/pope/ricd/gqa/adversarial/seed1:  42%|████▏     | 1249/3000 [03:38<04:59,  5.86it/s]
instructblip/pope/ricd/gqa/adversarial/seed1:  42%|████▏     | 1250/3000 [03:38<04:59,  5.85it/s]
instructblip/pope/ricd/gqa/adversarial/seed1:  42%|████▏     | 1251/3000 [03:38<04:58,  5.86it/s]
instructblip/pope/ricd/gqa/adversarial/seed1:  42%|████▏     | 1252/3000 [03:38<04:57,  5.89it/s]
instructblip/pope/ricd/gqa/adversarial/seed1:  42%|████▏     | 1253/3000 [03:38<04:54,  5.93it/s]
instructblip/pope/ricd/gqa/adversarial/seed1:  42%|████▏     | 1254/3000 [03:38<04:51,  6.00it/s]
instructblip/pope/ricd/gqa/adversarial/seed1:  42%|████▏     | 1255/3000 [03:39<04:50,  6.00it/s]
instructblip/pope/ricd/gqa/adversarial/seed1:  42%|████▏     | 1256/3000 [03:39<04:49,  6.03it/s]
instructblip/pope/ricd/gqa/adversarial/seed1:  42%|████▏     | 1257/3000 [03:39<04:54,  5.93it/s]
instructblip/pope/ricd/gqa/adversarial/seed1:  42%|████▏     | 1258/3000 [03:39<04:58,  5.84it/s]
instructblip/pope/ricd/gqa/adversarial/seed1:  42%|████▏     | 1259/3000 [03:39<05:03,  5.74it/s]
instructblip/pope/ricd/gqa/adversarial/seed1:  42%|████▏     | 1260/3000 [03:39<05:04,  5.71it/s]
instructblip/pope/ricd/gqa/adversarial/seed1:  42%|████▏     | 1261/3000 [03:40<05:08,  5.64it/s]
instructblip/pope/ricd/gqa/adversarial/seed1:  42%|████▏     | 1262/3000 [03:40<05:11,  5.57it/s]
instructblip/pope/ricd/gqa/adversarial/seed1:  42%|████▏     | 1263/3000 [03:40<05:22,  5.38it/s]
instructblip/pope/ricd/gqa/adversarial/seed1:  42%|████▏     | 1264/3000 [03:40<05:32,  5.22it/s]
instructblip/pope/ricd/gqa/adversarial/seed1:  42%|████▏     | 1265/3000 [03:40<05:30,  5.25it/s]
instructblip/pope/ricd/gqa/adversarial/seed1:  42%|████▏     | 1266/3000 [03:41<05:21,  5.40it/s]
instructblip/pope/ricd/gqa/adversarial/seed1:  42%|████▏     | 1267/3000 [03:41<05:11,  5.57it/s]
instructblip/pope/ricd/gqa/adversarial/seed1:  42%|████▏     | 1268/3000 [03:41<05:02,  5.72it/s]
instructblip/pope/ricd/gqa/adversarial/seed1:  42%|████▏     | 1269/3000 [03:41<04:58,  5.80it/s]
instructblip/pope/ricd/gqa/adversarial/seed1:  42%|████▏     | 1270/3000 [03:41<04:53,  5.90it/s]
instructblip/pope/ricd/gqa/adversarial/seed1:  42%|████▏     | 1271/3000 [03:41<04:51,  5.94it/s]
instructblip/pope/ricd/gqa/adversarial/seed1:  42%|████▏     | 1272/3000 [03:42<05:00,  5.75it/s]
instructblip/pope/ricd/gqa/adversarial/seed1:  42%|████▏     | 1273/3000 [03:42<05:03,  5.69it/s]
instructblip/pope/ricd/gqa/adversarial/seed1:  42%|████▏     | 1274/3000 [03:42<05:04,  5.66it/s]
instructblip/pope/ricd/gqa/adversarial/seed1:  42%|████▎     | 1275/3000 [03:42<05:22,  5.35it/s]
instructblip/pope/ricd/gqa/adversarial/seed1:  43%|████▎     | 1276/3000 [03:42<05:18,  5.41it/s]
instructblip/pope/ricd/gqa/adversarial/seed1:  43%|████▎     | 1277/3000 [03:43<05:12,  5.52it/s]
instructblip/pope/ricd/gqa/adversarial/seed1:  43%|████▎     | 1278/3000 [03:43<05:08,  5.57it/s]
instructblip/pope/ricd/gqa/adversarial/seed1:  43%|████▎     | 1279/3000 [03:43<05:03,  5.68it/s]
instructblip/pope/ricd/gqa/adversarial/seed1:  43%|████▎     | 1280/3000 [03:43<05:06,  5.61it/s]
instructblip/pope/ricd/gqa/adversarial/seed1:  43%|████▎     | 1281/3000 [03:43<05:07,  5.59it/s]
instructblip/pope/ricd/gqa/adversarial/seed1:  43%|████▎     | 1282/3000 [03:43<05:06,  5.61it/s]
instructblip/pope/ricd/gqa/adversarial/seed1:  43%|████▎     | 1283/3000 [03:44<05:10,  5.52it/s]
instructblip/pope/ricd/gqa/adversarial/seed1:  43%|████▎     | 1284/3000 [03:44<05:11,  5.52it/s]
instructblip/pope/ricd/gqa/adversarial/seed1:  43%|████▎     | 1285/3000 [03:44<05:09,  5.55it/s]
instructblip/pope/ricd/gqa/adversarial/seed1:  43%|████▎     | 1286/3000 [03:44<05:03,  5.65it/s]
instructblip/pope/ricd/gqa/adversarial/seed1:  43%|████▎     | 1287/3000 [03:44<05:05,  5.61it/s]
instructblip/pope/ricd/gqa/adversarial/seed1:  43%|████▎     | 1288/3000 [03:44<04:59,  5.72it/s]
instructblip/pope/ricd/gqa/adversarial/seed1:  43%|████▎     | 1289/3000 [03:45<04:58,  5.73it/s]
instructblip/pope/ricd/gqa/adversarial/seed1:  43%|████▎     | 1290/3000 [03:45<04:51,  5.86it/s]
instructblip/pope/ricd/gqa/adversarial/seed1:  43%|████▎     | 1291/3000 [03:45<04:50,  5.88it/s]
instructblip/pope/ricd/gqa/adversarial/seed1:  43%|████▎     | 1292/3000 [03:45<04:46,  5.96it/s]
instructblip/pope/ricd/gqa/adversarial/seed1:  43%|████▎     | 1293/3000 [03:45<04:45,  5.98it/s]
instructblip/pope/ricd/gqa/adversarial/seed1:  43%|████▎     | 1294/3000 [03:45<04:42,  6.05it/s]
instructblip/pope/ricd/gqa/adversarial/seed1:  43%|████▎     | 1295/3000 [03:46<04:39,  6.09it/s]
instructblip/pope/ricd/gqa/adversarial/seed1:  43%|████▎     | 1296/3000 [03:46<04:38,  6.11it/s]
instructblip/pope/ricd/gqa/adversarial/seed1:  43%|████▎     | 1297/3000 [03:46<04:39,  6.10it/s]
instructblip/pope/ricd/gqa/adversarial/seed1:  43%|████▎     | 1298/3000 [03:46<04:38,  6.10it/s]
instructblip/pope/ricd/gqa/adversarial/seed1:  43%|████▎     | 1299/3000 [03:46<04:44,  5.98it/s]
instructblip/pope/ricd/gqa/adversarial/seed1:  43%|████▎     | 1300/3000 [03:46<04:45,  5.96it/s]
instructblip/pope/ricd/gqa/adversarial/seed1:  43%|████▎     | 1301/3000 [03:47<04:48,  5.89it/s]
instructblip/pope/ricd/gqa/adversarial/seed1:  43%|████▎     | 1302/3000 [03:47<04:49,  5.87it/s]
instructblip/pope/ricd/gqa/adversarial/seed1:  43%|████▎     | 1303/3000 [03:47<04:47,  5.90it/s]
instructblip/pope/ricd/gqa/adversarial/seed1:  43%|████▎     | 1304/3000 [03:47<04:42,  5.99it/s]
instructblip/pope/ricd/gqa/adversarial/seed1:  44%|████▎     | 1305/3000 [03:47<04:43,  5.97it/s]
instructblip/pope/ricd/gqa/adversarial/seed1:  44%|████▎     | 1306/3000 [03:47<04:49,  5.86it/s]
instructblip/pope/ricd/gqa/adversarial/seed1:  44%|████▎     | 1307/3000 [03:48<04:50,  5.83it/s]
instructblip/pope/ricd/gqa/adversarial/seed1:  44%|████▎     | 1308/3000 [03:48<04:48,  5.86it/s]
instructblip/pope/ricd/gqa/adversarial/seed1:  44%|████▎     | 1309/3000 [03:48<04:54,  5.74it/s]
instructblip/pope/ricd/gqa/adversarial/seed1:  44%|████▎     | 1310/3000 [03:48<05:08,  5.47it/s]
instructblip/pope/ricd/gqa/adversarial/seed1:  44%|████▎     | 1311/3000 [03:48<05:06,  5.51it/s]
instructblip/pope/ricd/gqa/adversarial/seed1:  44%|████▎     | 1312/3000 [03:49<05:00,  5.62it/s]
instructblip/pope/ricd/gqa/adversarial/seed1:  44%|████▍     | 1313/3000 [03:49<04:55,  5.72it/s]
instructblip/pope/ricd/gqa/adversarial/seed1:  44%|████▍     | 1314/3000 [03:49<04:54,  5.73it/s]
instructblip/pope/ricd/gqa/adversarial/seed1:  44%|████▍     | 1315/3000 [03:49<04:47,  5.87it/s]
instructblip/pope/ricd/gqa/adversarial/seed1:  44%|████▍     | 1316/3000 [03:49<04:52,  5.75it/s]
instructblip/pope/ricd/gqa/adversarial/seed1:  44%|████▍     | 1317/3000 [03:49<04:53,  5.73it/s]
instructblip/pope/ricd/gqa/adversarial/seed1:  44%|████▍     | 1318/3000 [03:50<04:54,  5.71it/s]
instructblip/pope/ricd/gqa/adversarial/seed1:  44%|████▍     | 1319/3000 [03:50<04:49,  5.80it/s]
instructblip/pope/ricd/gqa/adversarial/seed1:  44%|████▍     | 1320/3000 [03:50<04:45,  5.89it/s]
instructblip/pope/ricd/gqa/adversarial/seed1:  44%|████▍     | 1321/3000 [03:50<04:49,  5.81it/s]
instructblip/pope/ricd/gqa/adversarial/seed1:  44%|████▍     | 1322/3000 [03:50<04:46,  5.87it/s]
instructblip/pope/ricd/gqa/adversarial/seed1:  44%|████▍     | 1323/3000 [03:50<04:44,  5.89it/s]
instructblip/pope/ricd/gqa/adversarial/seed1:  44%|████▍     | 1324/3000 [03:51<04:52,  5.72it/s]
instructblip/pope/ricd/gqa/adversarial/seed1:  44%|████▍     | 1325/3000 [03:51<04:58,  5.61it/s]
instructblip/pope/ricd/gqa/adversarial/seed1:  44%|████▍     | 1326/3000 [03:51<04:52,  5.72it/s]
instructblip/pope/ricd/gqa/adversarial/seed1:  44%|████▍     | 1327/3000 [03:51<05:00,  5.57it/s]
instructblip/pope/ricd/gqa/adversarial/seed1:  44%|████▍     | 1328/3000 [03:51<05:04,  5.49it/s]
instructblip/pope/ricd/gqa/adversarial/seed1:  44%|████▍     | 1329/3000 [03:52<05:11,  5.37it/s]
instructblip/pope/ricd/gqa/adversarial/seed1:  44%|████▍     | 1330/3000 [03:52<05:11,  5.37it/s]
instructblip/pope/ricd/gqa/adversarial/seed1:  44%|████▍     | 1331/3000 [03:52<05:09,  5.39it/s]
instructblip/pope/ricd/gqa/adversarial/seed1:  44%|████▍     | 1332/3000 [03:52<05:09,  5.38it/s]
instructblip/pope/ricd/gqa/adversarial/seed1:  44%|████▍     | 1333/3000 [03:52<05:00,  5.55it/s]
instructblip/pope/ricd/gqa/adversarial/seed1:  44%|████▍     | 1334/3000 [03:52<04:54,  5.65it/s]
instructblip/pope/ricd/gqa/adversarial/seed1:  44%|████▍     | 1335/3000 [03:53<04:51,  5.72it/s]
instructblip/pope/ricd/gqa/adversarial/seed1:  45%|████▍     | 1336/3000 [03:53<04:46,  5.80it/s]
instructblip/pope/ricd/gqa/adversarial/seed1:  45%|████▍     | 1337/3000 [03:53<04:45,  5.83it/s]
instructblip/pope/ricd/gqa/adversarial/seed1:  45%|████▍     | 1338/3000 [03:53<04:43,  5.86it/s]
instructblip/pope/ricd/gqa/adversarial/seed1:  45%|████▍     | 1339/3000 [03:53<04:47,  5.77it/s]
instructblip/pope/ricd/gqa/adversarial/seed1:  45%|████▍     | 1340/3000 [03:53<04:43,  5.86it/s]
instructblip/pope/ricd/gqa/adversarial/seed1:  45%|████▍     | 1341/3000 [03:54<04:45,  5.81it/s]
instructblip/pope/ricd/gqa/adversarial/seed1:  45%|████▍     | 1342/3000 [03:54<04:41,  5.90it/s]
instructblip/pope/ricd/gqa/adversarial/seed1:  45%|████▍     | 1343/3000 [03:54<04:41,  5.89it/s]
instructblip/pope/ricd/gqa/adversarial/seed1:  45%|████▍     | 1344/3000 [03:54<04:37,  5.96it/s]
instructblip/pope/ricd/gqa/adversarial/seed1:  45%|████▍     | 1345/3000 [03:54<04:41,  5.88it/s]
instructblip/pope/ricd/gqa/adversarial/seed1:  45%|████▍     | 1346/3000 [03:54<04:45,  5.79it/s]
instructblip/pope/ricd/gqa/adversarial/seed1:  45%|████▍     | 1347/3000 [03:55<04:48,  5.73it/s]
instructblip/pope/ricd/gqa/adversarial/seed1:  45%|████▍     | 1348/3000 [03:55<04:51,  5.67it/s]
instructblip/pope/ricd/gqa/adversarial/seed1:  45%|████▍     | 1349/3000 [03:55<04:50,  5.68it/s]
instructblip/pope/ricd/gqa/adversarial/seed1:  45%|████▌     | 1350/3000 [03:55<04:46,  5.76it/s]
instructblip/pope/ricd/gqa/adversarial/seed1:  45%|████▌     | 1351/3000 [03:55<04:42,  5.85it/s]
instructblip/pope/ricd/gqa/adversarial/seed1:  45%|████▌     | 1352/3000 [03:56<04:40,  5.87it/s]
instructblip/pope/ricd/gqa/adversarial/seed1:  45%|████▌     | 1353/3000 [03:56<04:42,  5.82it/s]
instructblip/pope/ricd/gqa/adversarial/seed1:  45%|████▌     | 1354/3000 [03:56<04:38,  5.90it/s]
instructblip/pope/ricd/gqa/adversarial/seed1:  45%|████▌     | 1355/3000 [03:56<04:37,  5.92it/s]
instructblip/pope/ricd/gqa/adversarial/seed1:  45%|████▌     | 1356/3000 [03:56<04:38,  5.91it/s]
instructblip/pope/ricd/gqa/adversarial/seed1:  45%|████▌     | 1357/3000 [03:56<04:33,  6.01it/s]
instructblip/pope/ricd/gqa/adversarial/seed1:  45%|████▌     | 1358/3000 [03:57<04:31,  6.06it/s]
instructblip/pope/ricd/gqa/adversarial/seed1:  45%|████▌     | 1359/3000 [03:57<04:29,  6.09it/s]
instructblip/pope/ricd/gqa/adversarial/seed1:  45%|████▌     | 1360/3000 [03:57<04:30,  6.06it/s]
instructblip/pope/ricd/gqa/adversarial/seed1:  45%|████▌     | 1361/3000 [03:57<04:31,  6.05it/s]
instructblip/pope/ricd/gqa/adversarial/seed1:  45%|████▌     | 1362/3000 [03:57<04:29,  6.09it/s]
instructblip/pope/ricd/gqa/adversarial/seed1:  45%|████▌     | 1363/3000 [03:57<04:26,  6.13it/s]
instructblip/pope/ricd/gqa/adversarial/seed1:  45%|████▌     | 1364/3000 [03:58<04:29,  6.06it/s]
instructblip/pope/ricd/gqa/adversarial/seed1:  46%|████▌     | 1365/3000 [03:58<04:31,  6.02it/s]
instructblip/pope/ricd/gqa/adversarial/seed1:  46%|████▌     | 1366/3000 [03:58<04:30,  6.04it/s]
instructblip/pope/ricd/gqa/adversarial/seed1:  46%|████▌     | 1367/3000 [03:58<04:31,  6.02it/s]
instructblip/pope/ricd/gqa/adversarial/seed1:  46%|████▌     | 1368/3000 [03:58<04:28,  6.07it/s]
instructblip/pope/ricd/gqa/adversarial/seed1:  46%|████▌     | 1369/3000 [03:58<04:28,  6.07it/s]
instructblip/pope/ricd/gqa/adversarial/seed1:  46%|████▌     | 1370/3000 [03:59<04:32,  5.98it/s]
instructblip/pope/ricd/gqa/adversarial/seed1:  46%|████▌     | 1371/3000 [03:59<04:38,  5.85it/s]
instructblip/pope/ricd/gqa/adversarial/seed1:  46%|████▌     | 1372/3000 [03:59<04:40,  5.81it/s]
instructblip/pope/ricd/gqa/adversarial/seed1:  46%|████▌     | 1373/3000 [03:59<04:36,  5.88it/s]
instructblip/pope/ricd/gqa/adversarial/seed1:  46%|████▌     | 1374/3000 [03:59<04:37,  5.86it/s]
instructblip/pope/ricd/gqa/adversarial/seed1:  46%|████▌     | 1375/3000 [03:59<04:35,  5.90it/s]
instructblip/pope/ricd/gqa/adversarial/seed1:  46%|████▌     | 1376/3000 [04:00<04:32,  5.97it/s]
instructblip/pope/ricd/gqa/adversarial/seed1:  46%|████▌     | 1377/3000 [04:00<04:32,  5.95it/s]
instructblip/pope/ricd/gqa/adversarial/seed1:  46%|████▌     | 1378/3000 [04:00<04:30,  6.01it/s]
instructblip/pope/ricd/gqa/adversarial/seed1:  46%|████▌     | 1379/3000 [04:00<04:31,  5.98it/s]
instructblip/pope/ricd/gqa/adversarial/seed1:  46%|████▌     | 1380/3000 [04:00<04:30,  6.00it/s]
instructblip/pope/ricd/gqa/adversarial/seed1:  46%|████▌     | 1381/3000 [04:00<04:31,  5.96it/s]
instructblip/pope/ricd/gqa/adversarial/seed1:  46%|████▌     | 1382/3000 [04:01<04:33,  5.91it/s]
instructblip/pope/ricd/gqa/adversarial/seed1:  46%|████▌     | 1383/3000 [04:01<04:32,  5.94it/s]
instructblip/pope/ricd/gqa/adversarial/seed1:  46%|████▌     | 1384/3000 [04:01<04:29,  6.00it/s]
instructblip/pope/ricd/gqa/adversarial/seed1:  46%|████▌     | 1385/3000 [04:01<04:33,  5.90it/s]
instructblip/pope/ricd/gqa/adversarial/seed1:  46%|████▌     | 1386/3000 [04:01<04:34,  5.89it/s]
instructblip/pope/ricd/gqa/adversarial/seed1:  46%|████▌     | 1387/3000 [04:01<04:47,  5.61it/s]
instructblip/pope/ricd/gqa/adversarial/seed1:  46%|████▋     | 1388/3000 [04:02<04:52,  5.51it/s]
instructblip/pope/ricd/gqa/adversarial/seed1:  46%|████▋     | 1389/3000 [04:02<04:52,  5.51it/s]
instructblip/pope/ricd/gqa/adversarial/seed1:  46%|████▋     | 1390/3000 [04:02<04:50,  5.55it/s]
instructblip/pope/ricd/gqa/adversarial/seed1:  46%|████▋     | 1391/3000 [04:02<04:44,  5.66it/s]
instructblip/pope/ricd/gqa/adversarial/seed1:  46%|████▋     | 1392/3000 [04:02<04:41,  5.71it/s]
instructblip/pope/ricd/gqa/adversarial/seed1:  46%|████▋     | 1393/3000 [04:02<04:37,  5.80it/s]
instructblip/pope/ricd/gqa/adversarial/seed1:  46%|████▋     | 1394/3000 [04:03<04:33,  5.88it/s]
instructblip/pope/ricd/gqa/adversarial/seed1:  46%|████▋     | 1395/3000 [04:03<04:37,  5.79it/s]
instructblip/pope/ricd/gqa/adversarial/seed1:  47%|████▋     | 1396/3000 [04:03<04:43,  5.66it/s]
instructblip/pope/ricd/gqa/adversarial/seed1:  47%|████▋     | 1397/3000 [04:03<04:41,  5.69it/s]
instructblip/pope/ricd/gqa/adversarial/seed1:  47%|████▋     | 1398/3000 [04:03<04:37,  5.77it/s]
instructblip/pope/ricd/gqa/adversarial/seed1:  47%|████▋     | 1399/3000 [04:04<04:49,  5.53it/s]
instructblip/pope/ricd/gqa/adversarial/seed1:  47%|████▋     | 1400/3000 [04:04<04:47,  5.57it/s]
instructblip/pope/ricd/gqa/adversarial/seed1:  47%|████▋     | 1401/3000 [04:04<04:43,  5.65it/s]
instructblip/pope/ricd/gqa/adversarial/seed1:  47%|████▋     | 1402/3000 [04:04<04:42,  5.66it/s]
instructblip/pope/ricd/gqa/adversarial/seed1:  47%|████▋     | 1403/3000 [04:04<04:34,  5.82it/s]
instructblip/pope/ricd/gqa/adversarial/seed1:  47%|████▋     | 1404/3000 [04:04<04:34,  5.82it/s]
instructblip/pope/ricd/gqa/adversarial/seed1:  47%|████▋     | 1405/3000 [04:05<04:34,  5.81it/s]
instructblip/pope/ricd/gqa/adversarial/seed1:  47%|████▋     | 1406/3000 [04:05<04:39,  5.70it/s]
instructblip/pope/ricd/gqa/adversarial/seed1:  47%|████▋     | 1407/3000 [04:05<04:35,  5.79it/s]
instructblip/pope/ricd/gqa/adversarial/seed1:  47%|████▋     | 1408/3000 [04:05<04:37,  5.74it/s]
instructblip/pope/ricd/gqa/adversarial/seed1:  47%|████▋     | 1409/3000 [04:05<04:31,  5.86it/s]
instructblip/pope/ricd/gqa/adversarial/seed1:  47%|████▋     | 1410/3000 [04:05<04:28,  5.92it/s]
instructblip/pope/ricd/gqa/adversarial/seed1:  47%|████▋     | 1411/3000 [04:06<04:27,  5.95it/s]
instructblip/pope/ricd/gqa/adversarial/seed1:  47%|████▋     | 1412/3000 [04:06<04:26,  5.96it/s]
instructblip/pope/ricd/gqa/adversarial/seed1:  47%|████▋     | 1413/3000 [04:06<04:26,  5.94it/s]
instructblip/pope/ricd/gqa/adversarial/seed1:  47%|████▋     | 1414/3000 [04:06<04:27,  5.93it/s]
instructblip/pope/ricd/gqa/adversarial/seed1:  47%|████▋     | 1415/3000 [04:06<04:23,  6.01it/s]
instructblip/pope/ricd/gqa/adversarial/seed1:  47%|████▋     | 1416/3000 [04:06<04:22,  6.04it/s]
instructblip/pope/ricd/gqa/adversarial/seed1:  47%|████▋     | 1417/3000 [04:07<04:20,  6.08it/s]
instructblip/pope/ricd/gqa/adversarial/seed1:  47%|████▋     | 1418/3000 [04:07<04:17,  6.13it/s]
instructblip/pope/ricd/gqa/adversarial/seed1:  47%|████▋     | 1419/3000 [04:07<04:18,  6.11it/s]
instructblip/pope/ricd/gqa/adversarial/seed1:  47%|████▋     | 1420/3000 [04:07<04:18,  6.11it/s]
instructblip/pope/ricd/gqa/adversarial/seed1:  47%|████▋     | 1421/3000 [04:07<04:22,  6.02it/s]
instructblip/pope/ricd/gqa/adversarial/seed1:  47%|████▋     | 1422/3000 [04:07<04:20,  6.07it/s]
instructblip/pope/ricd/gqa/adversarial/seed1:  47%|████▋     | 1423/3000 [04:08<04:23,  6.00it/s]
instructblip/pope/ricd/gqa/adversarial/seed1:  47%|████▋     | 1424/3000 [04:08<04:23,  5.98it/s]
instructblip/pope/ricd/gqa/adversarial/seed1:  48%|████▊     | 1425/3000 [04:08<04:21,  6.02it/s]
instructblip/pope/ricd/gqa/adversarial/seed1:  48%|████▊     | 1426/3000 [04:08<04:22,  5.99it/s]
instructblip/pope/ricd/gqa/adversarial/seed1:  48%|████▊     | 1427/3000 [04:08<04:21,  6.01it/s]
instructblip/pope/ricd/gqa/adversarial/seed1:  48%|████▊     | 1428/3000 [04:08<04:22,  5.99it/s]
instructblip/pope/ricd/gqa/adversarial/seed1:  48%|████▊     | 1429/3000 [04:09<04:20,  6.03it/s]
instructblip/pope/ricd/gqa/adversarial/seed1:  48%|████▊     | 1430/3000 [04:09<04:21,  6.00it/s]
instructblip/pope/ricd/gqa/adversarial/seed1:  48%|████▊     | 1431/3000 [04:09<04:30,  5.81it/s]
instructblip/pope/ricd/gqa/adversarial/seed1:  48%|████▊     | 1432/3000 [04:09<04:34,  5.72it/s]
instructblip/pope/ricd/gqa/adversarial/seed1:  48%|████▊     | 1433/3000 [04:09<04:32,  5.74it/s]
instructblip/pope/ricd/gqa/adversarial/seed1:  48%|████▊     | 1434/3000 [04:09<04:26,  5.88it/s]
instructblip/pope/ricd/gqa/adversarial/seed1:  48%|████▊     | 1435/3000 [04:10<04:23,  5.94it/s]
instructblip/pope/ricd/gqa/adversarial/seed1:  48%|████▊     | 1436/3000 [04:10<04:23,  5.92it/s]
instructblip/pope/ricd/gqa/adversarial/seed1:  48%|████▊     | 1437/3000 [04:10<04:26,  5.86it/s]
instructblip/pope/ricd/gqa/adversarial/seed1:  48%|████▊     | 1438/3000 [04:10<04:24,  5.90it/s]
instructblip/pope/ricd/gqa/adversarial/seed1:  48%|████▊     | 1439/3000 [04:10<04:30,  5.78it/s]
instructblip/pope/ricd/gqa/adversarial/seed1:  48%|████▊     | 1440/3000 [04:10<04:26,  5.86it/s]
instructblip/pope/ricd/gqa/adversarial/seed1:  48%|████▊     | 1441/3000 [04:11<04:24,  5.89it/s]
instructblip/pope/ricd/gqa/adversarial/seed1:  48%|████▊     | 1442/3000 [04:11<04:24,  5.88it/s]
instructblip/pope/ricd/gqa/adversarial/seed1:  48%|████▊     | 1443/3000 [04:11<04:28,  5.80it/s]
instructblip/pope/ricd/gqa/adversarial/seed1:  48%|████▊     | 1444/3000 [04:11<04:25,  5.85it/s]
instructblip/pope/ricd/gqa/adversarial/seed1:  48%|████▊     | 1445/3000 [04:11<04:27,  5.81it/s]
instructblip/pope/ricd/gqa/adversarial/seed1:  48%|████▊     | 1446/3000 [04:11<04:29,  5.77it/s]
instructblip/pope/ricd/gqa/adversarial/seed1:  48%|████▊     | 1447/3000 [04:12<04:25,  5.86it/s]
instructblip/pope/ricd/gqa/adversarial/seed1:  48%|████▊     | 1448/3000 [04:12<04:22,  5.92it/s]
instructblip/pope/ricd/gqa/adversarial/seed1:  48%|████▊     | 1449/3000 [04:12<04:20,  5.94it/s]
instructblip/pope/ricd/gqa/adversarial/seed1:  48%|████▊     | 1450/3000 [04:12<04:19,  5.97it/s]
instructblip/pope/ricd/gqa/adversarial/seed1:  48%|████▊     | 1451/3000 [04:12<04:30,  5.72it/s]
instructblip/pope/ricd/gqa/adversarial/seed1:  48%|████▊     | 1452/3000 [04:13<04:23,  5.86it/s]
instructblip/pope/ricd/gqa/adversarial/seed1:  48%|████▊     | 1453/3000 [04:13<04:21,  5.92it/s]
instructblip/pope/ricd/gqa/adversarial/seed1:  48%|████▊     | 1454/3000 [04:13<04:20,  5.94it/s]
instructblip/pope/ricd/gqa/adversarial/seed1:  48%|████▊     | 1455/3000 [04:13<04:18,  5.98it/s]
instructblip/pope/ricd/gqa/adversarial/seed1:  49%|████▊     | 1456/3000 [04:13<04:17,  6.00it/s]
instructblip/pope/ricd/gqa/adversarial/seed1:  49%|████▊     | 1457/3000 [04:13<04:17,  5.98it/s]
instructblip/pope/ricd/gqa/adversarial/seed1:  49%|████▊     | 1458/3000 [04:14<04:18,  5.96it/s]
instructblip/pope/ricd/gqa/adversarial/seed1:  49%|████▊     | 1459/3000 [04:14<04:16,  6.01it/s]
instructblip/pope/ricd/gqa/adversarial/seed1:  49%|████▊     | 1460/3000 [04:14<04:14,  6.06it/s]
instructblip/pope/ricd/gqa/adversarial/seed1:  49%|████▊     | 1461/3000 [04:14<04:16,  6.00it/s]
instructblip/pope/ricd/gqa/adversarial/seed1:  49%|████▊     | 1462/3000 [04:14<04:16,  6.00it/s]
instructblip/pope/ricd/gqa/adversarial/seed1:  49%|████▉     | 1463/3000 [04:14<04:13,  6.06it/s]
instructblip/pope/ricd/gqa/adversarial/seed1:  49%|████▉     | 1464/3000 [04:14<04:13,  6.05it/s]
instructblip/pope/ricd/gqa/adversarial/seed1:  49%|████▉     | 1465/3000 [04:15<04:21,  5.87it/s]
instructblip/pope/ricd/gqa/adversarial/seed1:  49%|████▉     | 1466/3000 [04:15<04:23,  5.82it/s]
instructblip/pope/ricd/gqa/adversarial/seed1:  49%|████▉     | 1467/3000 [04:15<04:26,  5.75it/s]
instructblip/pope/ricd/gqa/adversarial/seed1:  49%|████▉     | 1468/3000 [04:15<04:32,  5.62it/s]
instructblip/pope/ricd/gqa/adversarial/seed1:  49%|████▉     | 1469/3000 [04:15<04:31,  5.63it/s]
instructblip/pope/ricd/gqa/adversarial/seed1:  49%|████▉     | 1470/3000 [04:16<04:30,  5.66it/s]
instructblip/pope/ricd/gqa/adversarial/seed1:  49%|████▉     | 1471/3000 [04:16<04:24,  5.78it/s]
instructblip/pope/ricd/gqa/adversarial/seed1:  49%|████▉     | 1472/3000 [04:16<04:26,  5.74it/s]
instructblip/pope/ricd/gqa/adversarial/seed1:  49%|████▉     | 1473/3000 [04:16<04:26,  5.74it/s]
instructblip/pope/ricd/gqa/adversarial/seed1:  49%|████▉     | 1474/3000 [04:16<04:23,  5.79it/s]
instructblip/pope/ricd/gqa/adversarial/seed1:  49%|████▉     | 1475/3000 [04:16<04:29,  5.66it/s]
instructblip/pope/ricd/gqa/adversarial/seed1:  49%|████▉     | 1476/3000 [04:17<04:32,  5.59it/s]
instructblip/pope/ricd/gqa/adversarial/seed1:  49%|████▉     | 1477/3000 [04:17<04:34,  5.55it/s]
instructblip/pope/ricd/gqa/adversarial/seed1:  49%|████▉     | 1478/3000 [04:17<04:35,  5.53it/s]
instructblip/pope/ricd/gqa/adversarial/seed1:  49%|████▉     | 1479/3000 [04:17<04:39,  5.44it/s]
instructblip/pope/ricd/gqa/adversarial/seed1:  49%|████▉     | 1480/3000 [04:17<04:36,  5.49it/s]
instructblip/pope/ricd/gqa/adversarial/seed1:  49%|████▉     | 1481/3000 [04:18<04:30,  5.61it/s]
instructblip/pope/ricd/gqa/adversarial/seed1:  49%|████▉     | 1482/3000 [04:18<04:31,  5.59it/s]
instructblip/pope/ricd/gqa/adversarial/seed1:  49%|████▉     | 1483/3000 [04:18<04:25,  5.71it/s]
instructblip/pope/ricd/gqa/adversarial/seed1:  49%|████▉     | 1484/3000 [04:18<04:27,  5.66it/s]
instructblip/pope/ricd/gqa/adversarial/seed1:  50%|████▉     | 1485/3000 [04:18<04:22,  5.77it/s]
instructblip/pope/ricd/gqa/adversarial/seed1:  50%|████▉     | 1486/3000 [04:18<04:29,  5.61it/s]
instructblip/pope/ricd/gqa/adversarial/seed1:  50%|████▉     | 1487/3000 [04:19<04:34,  5.51it/s]
instructblip/pope/ricd/gqa/adversarial/seed1:  50%|████▉     | 1488/3000 [04:19<04:35,  5.49it/s]
instructblip/pope/ricd/gqa/adversarial/seed1:  50%|████▉     | 1489/3000 [04:19<04:36,  5.46it/s]
instructblip/pope/ricd/gqa/adversarial/seed1:  50%|████▉     | 1490/3000 [04:19<04:32,  5.54it/s]
instructblip/pope/ricd/gqa/adversarial/seed1:  50%|████▉     | 1491/3000 [04:19<04:41,  5.35it/s]
instructblip/pope/ricd/gqa/adversarial/seed1:  50%|████▉     | 1492/3000 [04:20<04:38,  5.42it/s]
instructblip/pope/ricd/gqa/adversarial/seed1:  50%|████▉     | 1493/3000 [04:20<04:40,  5.37it/s]
instructblip/pope/ricd/gqa/adversarial/seed1:  50%|████▉     | 1494/3000 [04:20<04:42,  5.33it/s]
instructblip/pope/ricd/gqa/adversarial/seed1:  50%|████▉     | 1495/3000 [04:20<04:37,  5.43it/s]
instructblip/pope/ricd/gqa/adversarial/seed1:  50%|████▉     | 1496/3000 [04:20<04:28,  5.59it/s]
instructblip/pope/ricd/gqa/adversarial/seed1:  50%|████▉     | 1497/3000 [04:20<04:32,  5.51it/s]
instructblip/pope/ricd/gqa/adversarial/seed1:  50%|████▉     | 1498/3000 [04:21<04:32,  5.52it/s]
instructblip/pope/ricd/gqa/adversarial/seed1:  50%|████▉     | 1499/3000 [04:21<04:33,  5.50it/s]
instructblip/pope/ricd/gqa/adversarial/seed1:  50%|█████     | 1500/3000 [04:21<04:30,  5.55it/s]
instructblip/pope/ricd/gqa/adversarial/seed1:  50%|█████     | 1501/3000 [04:21<04:27,  5.60it/s]
instructblip/pope/ricd/gqa/adversarial/seed1:  50%|█████     | 1502/3000 [04:21<04:22,  5.71it/s]
instructblip/pope/ricd/gqa/adversarial/seed1:  50%|█████     | 1503/3000 [04:21<04:23,  5.69it/s]
instructblip/pope/ricd/gqa/adversarial/seed1:  50%|█████     | 1504/3000 [04:22<04:28,  5.58it/s]
instructblip/pope/ricd/gqa/adversarial/seed1:  50%|█████     | 1505/3000 [04:22<04:26,  5.60it/s]
instructblip/pope/ricd/gqa/adversarial/seed1:  50%|█████     | 1506/3000 [04:22<04:26,  5.62it/s]
instructblip/pope/ricd/gqa/adversarial/seed1:  50%|█████     | 1507/3000 [04:22<04:24,  5.63it/s]
instructblip/pope/ricd/gqa/adversarial/seed1:  50%|█████     | 1508/3000 [04:22<04:21,  5.70it/s]
instructblip/pope/ricd/gqa/adversarial/seed1:  50%|█████     | 1509/3000 [04:23<04:19,  5.75it/s]
instructblip/pope/ricd/gqa/adversarial/seed1:  50%|█████     | 1510/3000 [04:23<04:14,  5.84it/s]
instructblip/pope/ricd/gqa/adversarial/seed1:  50%|█████     | 1511/3000 [04:23<04:14,  5.86it/s]
instructblip/pope/ricd/gqa/adversarial/seed1:  50%|█████     | 1512/3000 [04:23<04:11,  5.91it/s]
instructblip/pope/ricd/gqa/adversarial/seed1:  50%|█████     | 1513/3000 [04:23<04:07,  6.01it/s]
instructblip/pope/ricd/gqa/adversarial/seed1:  50%|█████     | 1514/3000 [04:23<04:11,  5.90it/s]
instructblip/pope/ricd/gqa/adversarial/seed1:  50%|█████     | 1515/3000 [04:24<04:12,  5.88it/s]
instructblip/pope/ricd/gqa/adversarial/seed1:  51%|█████     | 1516/3000 [04:24<04:12,  5.87it/s]
instructblip/pope/ricd/gqa/adversarial/seed1:  51%|█████     | 1517/3000 [04:24<04:09,  5.94it/s]
instructblip/pope/ricd/gqa/adversarial/seed1:  51%|█████     | 1518/3000 [04:24<04:09,  5.93it/s]
instructblip/pope/ricd/gqa/adversarial/seed1:  51%|█████     | 1519/3000 [04:24<04:07,  5.99it/s]
instructblip/pope/ricd/gqa/adversarial/seed1:  51%|█████     | 1520/3000 [04:24<04:33,  5.40it/s]
instructblip/pope/ricd/gqa/adversarial/seed1:  51%|█████     | 1521/3000 [04:25<04:52,  5.05it/s]
instructblip/pope/ricd/gqa/adversarial/seed1:  51%|█████     | 1522/3000 [04:25<04:57,  4.97it/s]
instructblip/pope/ricd/gqa/adversarial/seed1:  51%|█████     | 1523/3000 [04:25<04:42,  5.24it/s]
instructblip/pope/ricd/gqa/adversarial/seed1:  51%|█████     | 1524/3000 [04:25<04:34,  5.38it/s]
instructblip/pope/ricd/gqa/adversarial/seed1:  51%|█████     | 1525/3000 [04:25<04:25,  5.56it/s]
instructblip/pope/ricd/gqa/adversarial/seed1:  51%|█████     | 1526/3000 [04:26<04:21,  5.64it/s]
instructblip/pope/ricd/gqa/adversarial/seed1:  51%|█████     | 1527/3000 [04:26<04:15,  5.77it/s]
instructblip/pope/ricd/gqa/adversarial/seed1:  51%|█████     | 1528/3000 [04:26<04:14,  5.78it/s]
instructblip/pope/ricd/gqa/adversarial/seed1:  51%|█████     | 1529/3000 [04:26<04:13,  5.80it/s]
instructblip/pope/ricd/gqa/adversarial/seed1:  51%|█████     | 1530/3000 [04:26<04:16,  5.74it/s]
instructblip/pope/ricd/gqa/adversarial/seed1:  51%|█████     | 1531/3000 [04:26<04:15,  5.75it/s]
instructblip/pope/ricd/gqa/adversarial/seed1:  51%|█████     | 1532/3000 [04:27<04:13,  5.79it/s]
instructblip/pope/ricd/gqa/adversarial/seed1:  51%|█████     | 1533/3000 [04:27<04:13,  5.78it/s]
instructblip/pope/ricd/gqa/adversarial/seed1:  51%|█████     | 1534/3000 [04:27<04:13,  5.79it/s]
instructblip/pope/ricd/gqa/adversarial/seed1:  51%|█████     | 1535/3000 [04:27<04:17,  5.70it/s]
instructblip/pope/ricd/gqa/adversarial/seed1:  51%|█████     | 1536/3000 [04:27<04:19,  5.64it/s]
instructblip/pope/ricd/gqa/adversarial/seed1:  51%|█████     | 1537/3000 [04:27<04:15,  5.73it/s]
instructblip/pope/ricd/gqa/adversarial/seed1:  51%|█████▏    | 1538/3000 [04:28<04:15,  5.73it/s]
instructblip/pope/ricd/gqa/adversarial/seed1:  51%|█████▏    | 1539/3000 [04:28<04:11,  5.81it/s]
instructblip/pope/ricd/gqa/adversarial/seed1:  51%|█████▏    | 1540/3000 [04:28<04:12,  5.77it/s]
instructblip/pope/ricd/gqa/adversarial/seed1:  51%|█████▏    | 1541/3000 [04:28<04:12,  5.79it/s]
instructblip/pope/ricd/gqa/adversarial/seed1:  51%|█████▏    | 1542/3000 [04:28<04:08,  5.86it/s]
instructblip/pope/ricd/gqa/adversarial/seed1:  51%|█████▏    | 1543/3000 [04:28<04:04,  5.95it/s]
instructblip/pope/ricd/gqa/adversarial/seed1:  51%|█████▏    | 1544/3000 [04:29<04:03,  5.98it/s]
instructblip/pope/ricd/gqa/adversarial/seed1:  52%|█████▏    | 1545/3000 [04:29<04:04,  5.94it/s]
instructblip/pope/ricd/gqa/adversarial/seed1:  52%|█████▏    | 1546/3000 [04:29<04:14,  5.71it/s]
instructblip/pope/ricd/gqa/adversarial/seed1:  52%|█████▏    | 1547/3000 [04:29<04:18,  5.63it/s]
instructblip/pope/ricd/gqa/adversarial/seed1:  52%|█████▏    | 1548/3000 [04:29<04:13,  5.73it/s]
instructblip/pope/ricd/gqa/adversarial/seed1:  52%|█████▏    | 1549/3000 [04:30<04:08,  5.83it/s]
instructblip/pope/ricd/gqa/adversarial/seed1:  52%|█████▏    | 1550/3000 [04:30<04:12,  5.75it/s]
instructblip/pope/ricd/gqa/adversarial/seed1:  52%|█████▏    | 1551/3000 [04:30<04:06,  5.88it/s]
instructblip/pope/ricd/gqa/adversarial/seed1:  52%|█████▏    | 1552/3000 [04:30<04:07,  5.86it/s]
instructblip/pope/ricd/gqa/adversarial/seed1:  52%|█████▏    | 1553/3000 [04:30<04:25,  5.45it/s]
instructblip/pope/ricd/gqa/adversarial/seed1:  52%|█████▏    | 1554/3000 [04:30<04:15,  5.66it/s]
instructblip/pope/ricd/gqa/adversarial/seed1:  52%|█████▏    | 1555/3000 [04:31<04:09,  5.80it/s]
instructblip/pope/ricd/gqa/adversarial/seed1:  52%|█████▏    | 1556/3000 [04:31<04:08,  5.82it/s]
instructblip/pope/ricd/gqa/adversarial/seed1:  52%|█████▏    | 1557/3000 [04:31<04:03,  5.92it/s]
instructblip/pope/ricd/gqa/adversarial/seed1:  52%|█████▏    | 1558/3000 [04:31<04:01,  5.97it/s]
instructblip/pope/ricd/gqa/adversarial/seed1:  52%|█████▏    | 1559/3000 [04:31<03:58,  6.04it/s]
instructblip/pope/ricd/gqa/adversarial/seed1:  52%|█████▏    | 1560/3000 [04:31<03:57,  6.07it/s]
instructblip/pope/ricd/gqa/adversarial/seed1:  52%|█████▏    | 1561/3000 [04:32<03:55,  6.10it/s]
instructblip/pope/ricd/gqa/adversarial/seed1:  52%|█████▏    | 1562/3000 [04:32<03:57,  6.04it/s]
instructblip/pope/ricd/gqa/adversarial/seed1:  52%|█████▏    | 1563/3000 [04:32<04:07,  5.81it/s]
instructblip/pope/ricd/gqa/adversarial/seed1:  52%|█████▏    | 1564/3000 [04:32<04:08,  5.79it/s]
instructblip/pope/ricd/gqa/adversarial/seed1:  52%|█████▏    | 1565/3000 [04:32<04:06,  5.82it/s]
instructblip/pope/ricd/gqa/adversarial/seed1:  52%|█████▏    | 1566/3000 [04:32<04:02,  5.90it/s]
instructblip/pope/ricd/gqa/adversarial/seed1:  52%|█████▏    | 1567/3000 [04:33<04:04,  5.85it/s]
instructblip/pope/ricd/gqa/adversarial/seed1:  52%|█████▏    | 1568/3000 [04:33<04:03,  5.87it/s]
instructblip/pope/ricd/gqa/adversarial/seed1:  52%|█████▏    | 1569/3000 [04:33<04:02,  5.91it/s]
instructblip/pope/ricd/gqa/adversarial/seed1:  52%|█████▏    | 1570/3000 [04:33<04:02,  5.90it/s]
instructblip/pope/ricd/gqa/adversarial/seed1:  52%|█████▏    | 1571/3000 [04:33<04:04,  5.84it/s]
instructblip/pope/ricd/gqa/adversarial/seed1:  52%|█████▏    | 1572/3000 [04:33<04:02,  5.90it/s]
instructblip/pope/ricd/gqa/adversarial/seed1:  52%|█████▏    | 1573/3000 [04:34<04:06,  5.79it/s]
instructblip/pope/ricd/gqa/adversarial/seed1:  52%|█████▏    | 1574/3000 [04:34<04:06,  5.79it/s]
instructblip/pope/ricd/gqa/adversarial/seed1:  52%|█████▎    | 1575/3000 [04:34<04:06,  5.79it/s]
instructblip/pope/ricd/gqa/adversarial/seed1:  53%|█████▎    | 1576/3000 [04:34<04:06,  5.79it/s]
instructblip/pope/ricd/gqa/adversarial/seed1:  53%|█████▎    | 1577/3000 [04:34<04:02,  5.86it/s]
instructblip/pope/ricd/gqa/adversarial/seed1:  53%|█████▎    | 1578/3000 [04:35<04:10,  5.69it/s]
instructblip/pope/ricd/gqa/adversarial/seed1:  53%|█████▎    | 1579/3000 [04:35<04:12,  5.63it/s]
instructblip/pope/ricd/gqa/adversarial/seed1:  53%|█████▎    | 1580/3000 [04:35<04:08,  5.71it/s]
instructblip/pope/ricd/gqa/adversarial/seed1:  53%|█████▎    | 1581/3000 [04:35<04:04,  5.80it/s]
instructblip/pope/ricd/gqa/adversarial/seed1:  53%|█████▎    | 1582/3000 [04:35<04:02,  5.84it/s]
instructblip/pope/ricd/gqa/adversarial/seed1:  53%|█████▎    | 1583/3000 [04:35<04:04,  5.79it/s]
instructblip/pope/ricd/gqa/adversarial/seed1:  53%|█████▎    | 1584/3000 [04:36<04:05,  5.78it/s]
instructblip/pope/ricd/gqa/adversarial/seed1:  53%|█████▎    | 1585/3000 [04:36<04:06,  5.74it/s]
instructblip/pope/ricd/gqa/adversarial/seed1:  53%|█████▎    | 1586/3000 [04:36<04:11,  5.61it/s]
instructblip/pope/ricd/gqa/adversarial/seed1:  53%|█████▎    | 1587/3000 [04:36<04:12,  5.60it/s]
instructblip/pope/ricd/gqa/adversarial/seed1:  53%|█████▎    | 1588/3000 [04:36<04:15,  5.53it/s]
instructblip/pope/ricd/gqa/adversarial/seed1:  53%|█████▎    | 1589/3000 [04:36<04:13,  5.57it/s]
instructblip/pope/ricd/gqa/adversarial/seed1:  53%|█████▎    | 1590/3000 [04:37<04:10,  5.64it/s]
instructblip/pope/ricd/gqa/adversarial/seed1:  53%|█████▎    | 1591/3000 [04:37<04:12,  5.57it/s]
instructblip/pope/ricd/gqa/adversarial/seed1:  53%|█████▎    | 1592/3000 [04:37<04:10,  5.63it/s]
instructblip/pope/ricd/gqa/adversarial/seed1:  53%|█████▎    | 1593/3000 [04:37<04:11,  5.60it/s]
instructblip/pope/ricd/gqa/adversarial/seed1:  53%|█████▎    | 1594/3000 [04:37<04:10,  5.62it/s]
instructblip/pope/ricd/gqa/adversarial/seed1:  53%|█████▎    | 1595/3000 [04:38<04:11,  5.59it/s]
instructblip/pope/ricd/gqa/adversarial/seed1:  53%|█████▎    | 1596/3000 [04:38<04:11,  5.59it/s]
instructblip/pope/ricd/gqa/adversarial/seed1:  53%|█████▎    | 1597/3000 [04:38<04:08,  5.65it/s]
instructblip/pope/ricd/gqa/adversarial/seed1:  53%|█████▎    | 1598/3000 [04:38<04:07,  5.66it/s]
instructblip/pope/ricd/gqa/adversarial/seed1:  53%|█████▎    | 1599/3000 [04:38<04:07,  5.65it/s]
instructblip/pope/ricd/gqa/adversarial/seed1:  53%|█████▎    | 1600/3000 [04:38<04:07,  5.66it/s]
instructblip/pope/ricd/gqa/adversarial/seed1:  53%|█████▎    | 1601/3000 [04:39<04:01,  5.78it/s]
instructblip/pope/ricd/gqa/adversarial/seed1:  53%|█████▎    | 1602/3000 [04:39<03:58,  5.86it/s]
instructblip/pope/ricd/gqa/adversarial/seed1:  53%|█████▎    | 1603/3000 [04:39<04:02,  5.77it/s]
instructblip/pope/ricd/gqa/adversarial/seed1:  53%|█████▎    | 1604/3000 [04:39<04:04,  5.71it/s]
instructblip/pope/ricd/gqa/adversarial/seed1:  54%|█████▎    | 1605/3000 [04:39<04:04,  5.70it/s]
instructblip/pope/ricd/gqa/adversarial/seed1:  54%|█████▎    | 1606/3000 [04:39<04:06,  5.65it/s]
instructblip/pope/ricd/gqa/adversarial/seed1:  54%|█████▎    | 1607/3000 [04:40<04:08,  5.60it/s]
instructblip/pope/ricd/gqa/adversarial/seed1:  54%|█████▎    | 1608/3000 [04:40<04:08,  5.61it/s]
instructblip/pope/ricd/gqa/adversarial/seed1:  54%|█████▎    | 1609/3000 [04:40<04:08,  5.60it/s]
instructblip/pope/ricd/gqa/adversarial/seed1:  54%|█████▎    | 1610/3000 [04:40<04:06,  5.63it/s]
instructblip/pope/ricd/gqa/adversarial/seed1:  54%|█████▎    | 1611/3000 [04:40<04:09,  5.56it/s]
instructblip/pope/ricd/gqa/adversarial/seed1:  54%|█████▎    | 1612/3000 [04:41<04:15,  5.43it/s]
instructblip/pope/ricd/gqa/adversarial/seed1:  54%|█████▍    | 1613/3000 [04:41<04:19,  5.35it/s]
instructblip/pope/ricd/gqa/adversarial/seed1:  54%|█████▍    | 1614/3000 [04:41<04:12,  5.49it/s]
instructblip/pope/ricd/gqa/adversarial/seed1:  54%|█████▍    | 1615/3000 [04:41<04:09,  5.55it/s]
instructblip/pope/ricd/gqa/adversarial/seed1:  54%|█████▍    | 1616/3000 [04:41<04:06,  5.61it/s]
instructblip/pope/ricd/gqa/adversarial/seed1:  54%|█████▍    | 1617/3000 [04:41<04:01,  5.72it/s]
instructblip/pope/ricd/gqa/adversarial/seed1:  54%|█████▍    | 1618/3000 [04:42<04:05,  5.63it/s]
instructblip/pope/ricd/gqa/adversarial/seed1:  54%|█████▍    | 1619/3000 [04:42<04:03,  5.66it/s]
instructblip/pope/ricd/gqa/adversarial/seed1:  54%|█████▍    | 1620/3000 [04:42<04:02,  5.68it/s]
instructblip/pope/ricd/gqa/adversarial/seed1:  54%|█████▍    | 1621/3000 [04:42<03:59,  5.76it/s]
instructblip/pope/ricd/gqa/adversarial/seed1:  54%|█████▍    | 1622/3000 [04:42<04:07,  5.56it/s]
instructblip/pope/ricd/gqa/adversarial/seed1:  54%|█████▍    | 1623/3000 [04:43<04:11,  5.48it/s]
instructblip/pope/ricd/gqa/adversarial/seed1:  54%|█████▍    | 1624/3000 [04:43<04:13,  5.43it/s]
instructblip/pope/ricd/gqa/adversarial/seed1:  54%|█████▍    | 1625/3000 [04:43<04:07,  5.56it/s]
instructblip/pope/ricd/gqa/adversarial/seed1:  54%|█████▍    | 1626/3000 [04:43<04:25,  5.18it/s]
instructblip/pope/ricd/gqa/adversarial/seed1:  54%|█████▍    | 1627/3000 [04:43<04:24,  5.19it/s]
instructblip/pope/ricd/gqa/adversarial/seed1:  54%|█████▍    | 1628/3000 [04:43<04:23,  5.21it/s]
instructblip/pope/ricd/gqa/adversarial/seed1:  54%|█████▍    | 1629/3000 [04:44<04:28,  5.10it/s]
instructblip/pope/ricd/gqa/adversarial/seed1:  54%|█████▍    | 1630/3000 [04:44<04:34,  4.99it/s]
instructblip/pope/ricd/gqa/adversarial/seed1:  54%|█████▍    | 1631/3000 [04:44<04:35,  4.98it/s]
instructblip/pope/ricd/gqa/adversarial/seed1:  54%|█████▍    | 1632/3000 [04:44<04:27,  5.12it/s]
instructblip/pope/ricd/gqa/adversarial/seed1:  54%|█████▍    | 1633/3000 [04:44<04:22,  5.21it/s]
instructblip/pope/ricd/gqa/adversarial/seed1:  54%|█████▍    | 1634/3000 [04:45<04:16,  5.33it/s]
instructblip/pope/ricd/gqa/adversarial/seed1:  55%|█████▍    | 1635/3000 [04:45<04:12,  5.41it/s]
instructblip/pope/ricd/gqa/adversarial/seed1:  55%|█████▍    | 1636/3000 [04:45<04:03,  5.59it/s]
instructblip/pope/ricd/gqa/adversarial/seed1:  55%|█████▍    | 1637/3000 [04:45<03:57,  5.74it/s]
instructblip/pope/ricd/gqa/adversarial/seed1:  55%|█████▍    | 1638/3000 [04:45<03:51,  5.87it/s]
instructblip/pope/ricd/gqa/adversarial/seed1:  55%|█████▍    | 1639/3000 [04:45<03:53,  5.83it/s]
instructblip/pope/ricd/gqa/adversarial/seed1:  55%|█████▍    | 1640/3000 [04:46<03:52,  5.85it/s]
instructblip/pope/ricd/gqa/adversarial/seed1:  55%|█████▍    | 1641/3000 [04:46<03:53,  5.82it/s]
instructblip/pope/ricd/gqa/adversarial/seed1:  55%|█████▍    | 1642/3000 [04:46<04:00,  5.64it/s]
instructblip/pope/ricd/gqa/adversarial/seed1:  55%|█████▍    | 1643/3000 [04:46<04:02,  5.59it/s]
instructblip/pope/ricd/gqa/adversarial/seed1:  55%|█████▍    | 1644/3000 [04:46<04:01,  5.60it/s]
instructblip/pope/ricd/gqa/adversarial/seed1:  55%|█████▍    | 1645/3000 [04:47<03:58,  5.68it/s]
instructblip/pope/ricd/gqa/adversarial/seed1:  55%|█████▍    | 1646/3000 [04:47<03:57,  5.69it/s]
instructblip/pope/ricd/gqa/adversarial/seed1:  55%|█████▍    | 1647/3000 [04:47<04:00,  5.62it/s]
instructblip/pope/ricd/gqa/adversarial/seed1:  55%|█████▍    | 1648/3000 [04:47<03:57,  5.68it/s]
instructblip/pope/ricd/gqa/adversarial/seed1:  55%|█████▍    | 1649/3000 [04:47<03:56,  5.72it/s]
instructblip/pope/ricd/gqa/adversarial/seed1:  55%|█████▌    | 1650/3000 [04:47<03:58,  5.67it/s]
instructblip/pope/ricd/gqa/adversarial/seed1:  55%|█████▌    | 1651/3000 [04:48<03:57,  5.68it/s]
instructblip/pope/ricd/gqa/adversarial/seed1:  55%|█████▌    | 1652/3000 [04:48<03:53,  5.76it/s]
instructblip/pope/ricd/gqa/adversarial/seed1:  55%|█████▌    | 1653/3000 [04:48<04:06,  5.46it/s]
instructblip/pope/ricd/gqa/adversarial/seed1:  55%|█████▌    | 1654/3000 [04:48<04:04,  5.50it/s]
instructblip/pope/ricd/gqa/adversarial/seed1:  55%|█████▌    | 1655/3000 [04:48<04:01,  5.56it/s]
instructblip/pope/ricd/gqa/adversarial/seed1:  55%|█████▌    | 1656/3000 [04:49<04:05,  5.47it/s]
instructblip/pope/ricd/gqa/adversarial/seed1:  55%|█████▌    | 1657/3000 [04:49<03:57,  5.67it/s]
instructblip/pope/ricd/gqa/adversarial/seed1:  55%|█████▌    | 1658/3000 [04:49<03:56,  5.66it/s]
instructblip/pope/ricd/gqa/adversarial/seed1:  55%|█████▌    | 1659/3000 [04:49<04:02,  5.53it/s]
instructblip/pope/ricd/gqa/adversarial/seed1:  55%|█████▌    | 1660/3000 [04:49<04:00,  5.58it/s]
instructblip/pope/ricd/gqa/adversarial/seed1:  55%|█████▌    | 1661/3000 [04:49<04:00,  5.56it/s]
instructblip/pope/ricd/gqa/adversarial/seed1:  55%|█████▌    | 1662/3000 [04:50<04:00,  5.55it/s]
instructblip/pope/ricd/gqa/adversarial/seed1:  55%|█████▌    | 1663/3000 [04:50<03:57,  5.64it/s]
instructblip/pope/ricd/gqa/adversarial/seed1:  55%|█████▌    | 1664/3000 [04:50<03:56,  5.64it/s]
instructblip/pope/ricd/gqa/adversarial/seed1:  56%|█████▌    | 1665/3000 [04:50<03:56,  5.64it/s]
instructblip/pope/ricd/gqa/adversarial/seed1:  56%|█████▌    | 1666/3000 [04:50<03:53,  5.72it/s]
instructblip/pope/ricd/gqa/adversarial/seed1:  56%|█████▌    | 1667/3000 [04:50<03:53,  5.71it/s]
instructblip/pope/ricd/gqa/adversarial/seed1:  56%|█████▌    | 1668/3000 [04:51<03:49,  5.81it/s]
instructblip/pope/ricd/gqa/adversarial/seed1:  56%|█████▌    | 1669/3000 [04:51<03:47,  5.84it/s]
instructblip/pope/ricd/gqa/adversarial/seed1:  56%|█████▌    | 1670/3000 [04:51<03:45,  5.90it/s]
instructblip/pope/ricd/gqa/adversarial/seed1:  56%|█████▌    | 1671/3000 [04:51<03:45,  5.88it/s]
instructblip/pope/ricd/gqa/adversarial/seed1:  56%|█████▌    | 1672/3000 [04:51<03:48,  5.81it/s]
instructblip/pope/ricd/gqa/adversarial/seed1:  56%|█████▌    | 1673/3000 [04:51<03:52,  5.72it/s]
instructblip/pope/ricd/gqa/adversarial/seed1:  56%|█████▌    | 1674/3000 [04:52<03:49,  5.78it/s]
instructblip/pope/ricd/gqa/adversarial/seed1:  56%|█████▌    | 1675/3000 [04:52<03:58,  5.56it/s]
instructblip/pope/ricd/gqa/adversarial/seed1:  56%|█████▌    | 1676/3000 [04:52<03:57,  5.57it/s]
instructblip/pope/ricd/gqa/adversarial/seed1:  56%|█████▌    | 1677/3000 [04:52<03:56,  5.59it/s]
instructblip/pope/ricd/gqa/adversarial/seed1:  56%|█████▌    | 1678/3000 [04:52<03:53,  5.66it/s]
instructblip/pope/ricd/gqa/adversarial/seed1:  56%|█████▌    | 1679/3000 [04:53<03:50,  5.73it/s]
instructblip/pope/ricd/gqa/adversarial/seed1:  56%|█████▌    | 1680/3000 [04:53<03:48,  5.78it/s]
instructblip/pope/ricd/gqa/adversarial/seed1:  56%|█████▌    | 1681/3000 [04:53<03:49,  5.74it/s]
instructblip/pope/ricd/gqa/adversarial/seed1:  56%|█████▌    | 1682/3000 [04:53<03:48,  5.76it/s]
instructblip/pope/ricd/gqa/adversarial/seed1:  56%|█████▌    | 1683/3000 [04:53<03:43,  5.88it/s]
instructblip/pope/ricd/gqa/adversarial/seed1:  56%|█████▌    | 1684/3000 [04:53<03:50,  5.72it/s]
instructblip/pope/ricd/gqa/adversarial/seed1:  56%|█████▌    | 1685/3000 [04:54<03:52,  5.65it/s]
instructblip/pope/ricd/gqa/adversarial/seed1:  56%|█████▌    | 1686/3000 [04:54<03:50,  5.71it/s]
instructblip/pope/ricd/gqa/adversarial/seed1:  56%|█████▌    | 1687/3000 [04:54<03:49,  5.73it/s]
instructblip/pope/ricd/gqa/adversarial/seed1:  56%|█████▋    | 1688/3000 [04:54<03:53,  5.61it/s]
instructblip/pope/ricd/gqa/adversarial/seed1:  56%|█████▋    | 1689/3000 [04:54<03:56,  5.54it/s]
instructblip/pope/ricd/gqa/adversarial/seed1:  56%|█████▋    | 1690/3000 [04:54<03:52,  5.64it/s]
instructblip/pope/ricd/gqa/adversarial/seed1:  56%|█████▋    | 1691/3000 [04:55<03:48,  5.73it/s]
instructblip/pope/ricd/gqa/adversarial/seed1:  56%|█████▋    | 1692/3000 [04:55<03:46,  5.77it/s]
instructblip/pope/ricd/gqa/adversarial/seed1:  56%|█████▋    | 1693/3000 [04:55<03:45,  5.80it/s]
instructblip/pope/ricd/gqa/adversarial/seed1:  56%|█████▋    | 1694/3000 [04:55<03:45,  5.80it/s]
instructblip/pope/ricd/gqa/adversarial/seed1:  56%|█████▋    | 1695/3000 [04:55<03:46,  5.76it/s]
instructblip/pope/ricd/gqa/adversarial/seed1:  57%|█████▋    | 1696/3000 [04:56<03:55,  5.53it/s]
instructblip/pope/ricd/gqa/adversarial/seed1:  57%|█████▋    | 1697/3000 [04:56<04:00,  5.43it/s]
instructblip/pope/ricd/gqa/adversarial/seed1:  57%|█████▋    | 1698/3000 [04:56<04:01,  5.39it/s]
instructblip/pope/ricd/gqa/adversarial/seed1:  57%|█████▋    | 1699/3000 [04:56<04:04,  5.32it/s]
instructblip/pope/ricd/gqa/adversarial/seed1:  57%|█████▋    | 1700/3000 [04:56<04:03,  5.33it/s]
instructblip/pope/ricd/gqa/adversarial/seed1:  57%|█████▋    | 1701/3000 [04:56<04:03,  5.32it/s]
instructblip/pope/ricd/gqa/adversarial/seed1:  57%|█████▋    | 1702/3000 [04:57<04:02,  5.36it/s]
instructblip/pope/ricd/gqa/adversarial/seed1:  57%|█████▋    | 1703/3000 [04:57<03:59,  5.42it/s]
instructblip/pope/ricd/gqa/adversarial/seed1:  57%|█████▋    | 1704/3000 [04:57<03:59,  5.40it/s]
instructblip/pope/ricd/gqa/adversarial/seed1:  57%|█████▋    | 1705/3000 [04:57<04:02,  5.34it/s]
instructblip/pope/ricd/gqa/adversarial/seed1:  57%|█████▋    | 1706/3000 [04:57<04:01,  5.36it/s]
instructblip/pope/ricd/gqa/adversarial/seed1:  57%|█████▋    | 1707/3000 [04:58<03:54,  5.52it/s]
instructblip/pope/ricd/gqa/adversarial/seed1:  57%|█████▋    | 1708/3000 [04:58<03:48,  5.66it/s]
instructblip/pope/ricd/gqa/adversarial/seed1:  57%|█████▋    | 1709/3000 [04:58<03:45,  5.73it/s]
instructblip/pope/ricd/gqa/adversarial/seed1:  57%|█████▋    | 1710/3000 [04:58<03:49,  5.62it/s]
instructblip/pope/ricd/gqa/adversarial/seed1:  57%|█████▋    | 1711/3000 [04:58<03:48,  5.65it/s]
instructblip/pope/ricd/gqa/adversarial/seed1:  57%|█████▋    | 1712/3000 [04:58<03:51,  5.57it/s]
instructblip/pope/ricd/gqa/adversarial/seed1:  57%|█████▋    | 1713/3000 [04:59<03:55,  5.48it/s]
instructblip/pope/ricd/gqa/adversarial/seed1:  57%|█████▋    | 1714/3000 [04:59<03:47,  5.65it/s]
instructblip/pope/ricd/gqa/adversarial/seed1:  57%|█████▋    | 1715/3000 [04:59<04:04,  5.25it/s]
instructblip/pope/ricd/gqa/adversarial/seed1:  57%|█████▋    | 1716/3000 [04:59<04:17,  4.99it/s]
instructblip/pope/ricd/gqa/adversarial/seed1:  57%|█████▋    | 1717/3000 [04:59<04:27,  4.79it/s]
instructblip/pope/ricd/gqa/adversarial/seed1:  57%|█████▋    | 1718/3000 [05:00<04:15,  5.03it/s]
instructblip/pope/ricd/gqa/adversarial/seed1:  57%|█████▋    | 1719/3000 [05:00<04:05,  5.22it/s]
instructblip/pope/ricd/gqa/adversarial/seed1:  57%|█████▋    | 1720/3000 [05:00<03:57,  5.38it/s]
instructblip/pope/ricd/gqa/adversarial/seed1:  57%|█████▋    | 1721/3000 [05:00<03:51,  5.52it/s]
instructblip/pope/ricd/gqa/adversarial/seed1:  57%|█████▋    | 1722/3000 [05:00<03:44,  5.68it/s]
instructblip/pope/ricd/gqa/adversarial/seed1:  57%|█████▋    | 1723/3000 [05:01<03:40,  5.78it/s]
instructblip/pope/ricd/gqa/adversarial/seed1:  57%|█████▋    | 1724/3000 [05:01<03:37,  5.86it/s]
instructblip/pope/ricd/gqa/adversarial/seed1:  57%|█████▊    | 1725/3000 [05:01<03:36,  5.88it/s]
instructblip/pope/ricd/gqa/adversarial/seed1:  58%|█████▊    | 1726/3000 [05:01<03:42,  5.74it/s]
instructblip/pope/ricd/gqa/adversarial/seed1:  58%|█████▊    | 1727/3000 [05:01<03:40,  5.76it/s]
instructblip/pope/ricd/gqa/adversarial/seed1:  58%|█████▊    | 1728/3000 [05:01<03:37,  5.85it/s]
instructblip/pope/ricd/gqa/adversarial/seed1:  58%|█████▊    | 1729/3000 [05:02<03:33,  5.96it/s]
instructblip/pope/ricd/gqa/adversarial/seed1:  58%|█████▊    | 1730/3000 [05:02<03:29,  6.05it/s]
instructblip/pope/ricd/gqa/adversarial/seed1:  58%|█████▊    | 1731/3000 [05:02<03:39,  5.78it/s]
instructblip/pope/ricd/gqa/adversarial/seed1:  58%|█████▊    | 1732/3000 [05:02<03:56,  5.36it/s]
instructblip/pope/ricd/gqa/adversarial/seed1:  58%|█████▊    | 1733/3000 [05:02<03:48,  5.55it/s]
instructblip/pope/ricd/gqa/adversarial/seed1:  58%|█████▊    | 1734/3000 [05:02<03:42,  5.69it/s]
instructblip/pope/ricd/gqa/adversarial/seed1:  58%|█████▊    | 1735/3000 [05:03<03:44,  5.64it/s]
instructblip/pope/ricd/gqa/adversarial/seed1:  58%|█████▊    | 1736/3000 [05:03<03:38,  5.78it/s]
instructblip/pope/ricd/gqa/adversarial/seed1:  58%|█████▊    | 1737/3000 [05:03<03:41,  5.71it/s]
instructblip/pope/ricd/gqa/adversarial/seed1:  58%|█████▊    | 1738/3000 [05:03<03:40,  5.71it/s]
instructblip/pope/ricd/gqa/adversarial/seed1:  58%|█████▊    | 1739/3000 [05:03<03:39,  5.73it/s]
instructblip/pope/ricd/gqa/adversarial/seed1:  58%|█████▊    | 1740/3000 [05:03<03:37,  5.79it/s]
instructblip/pope/ricd/gqa/adversarial/seed1:  58%|█████▊    | 1741/3000 [05:04<03:31,  5.94it/s]
instructblip/pope/ricd/gqa/adversarial/seed1:  58%|█████▊    | 1742/3000 [05:04<03:33,  5.90it/s]
instructblip/pope/ricd/gqa/adversarial/seed1:  58%|█████▊    | 1743/3000 [05:04<03:31,  5.94it/s]
instructblip/pope/ricd/gqa/adversarial/seed1:  58%|█████▊    | 1744/3000 [05:04<03:32,  5.92it/s]
instructblip/pope/ricd/gqa/adversarial/seed1:  58%|█████▊    | 1745/3000 [05:04<03:32,  5.90it/s]
instructblip/pope/ricd/gqa/adversarial/seed1:  58%|█████▊    | 1746/3000 [05:04<03:33,  5.88it/s]
instructblip/pope/ricd/gqa/adversarial/seed1:  58%|█████▊    | 1747/3000 [05:05<03:33,  5.87it/s]
instructblip/pope/ricd/gqa/adversarial/seed1:  58%|█████▊    | 1748/3000 [05:05<03:32,  5.90it/s]
instructblip/pope/ricd/gqa/adversarial/seed1:  58%|█████▊    | 1749/3000 [05:05<03:30,  5.95it/s]
instructblip/pope/ricd/gqa/adversarial/seed1:  58%|█████▊    | 1750/3000 [05:05<03:36,  5.78it/s]
instructblip/pope/ricd/gqa/adversarial/seed1:  58%|█████▊    | 1751/3000 [05:05<03:41,  5.64it/s]
instructblip/pope/ricd/gqa/adversarial/seed1:  58%|█████▊    | 1752/3000 [05:06<03:44,  5.57it/s]
instructblip/pope/ricd/gqa/adversarial/seed1:  58%|█████▊    | 1753/3000 [05:06<03:38,  5.71it/s]
instructblip/pope/ricd/gqa/adversarial/seed1:  58%|█████▊    | 1754/3000 [05:06<03:34,  5.80it/s]
instructblip/pope/ricd/gqa/adversarial/seed1:  58%|█████▊    | 1755/3000 [05:06<03:31,  5.88it/s]
instructblip/pope/ricd/gqa/adversarial/seed1:  59%|█████▊    | 1756/3000 [05:06<03:43,  5.57it/s]
instructblip/pope/ricd/gqa/adversarial/seed1:  59%|█████▊    | 1757/3000 [05:06<03:44,  5.53it/s]
instructblip/pope/ricd/gqa/adversarial/seed1:  59%|█████▊    | 1758/3000 [05:07<03:40,  5.64it/s]
instructblip/pope/ricd/gqa/adversarial/seed1:  59%|█████▊    | 1759/3000 [05:07<03:38,  5.69it/s]
instructblip/pope/ricd/gqa/adversarial/seed1:  59%|█████▊    | 1760/3000 [05:07<03:34,  5.77it/s]
instructblip/pope/ricd/gqa/adversarial/seed1:  59%|█████▊    | 1761/3000 [05:07<03:36,  5.73it/s]
instructblip/pope/ricd/gqa/adversarial/seed1:  59%|█████▊    | 1762/3000 [05:07<03:31,  5.85it/s]
instructblip/pope/ricd/gqa/adversarial/seed1:  59%|█████▉    | 1763/3000 [05:07<03:27,  5.96it/s]
instructblip/pope/ricd/gqa/adversarial/seed1:  59%|█████▉    | 1764/3000 [05:08<03:30,  5.88it/s]
instructblip/pope/ricd/gqa/adversarial/seed1:  59%|█████▉    | 1765/3000 [05:08<03:31,  5.85it/s]
instructblip/pope/ricd/gqa/adversarial/seed1:  59%|█████▉    | 1766/3000 [05:08<03:28,  5.91it/s]
instructblip/pope/ricd/gqa/adversarial/seed1:  59%|█████▉    | 1767/3000 [05:08<03:28,  5.92it/s]
instructblip/pope/ricd/gqa/adversarial/seed1:  59%|█████▉    | 1768/3000 [05:08<03:29,  5.88it/s]
instructblip/pope/ricd/gqa/adversarial/seed1:  59%|█████▉    | 1769/3000 [05:08<03:31,  5.82it/s]
instructblip/pope/ricd/gqa/adversarial/seed1:  59%|█████▉    | 1770/3000 [05:09<03:32,  5.78it/s]
instructblip/pope/ricd/gqa/adversarial/seed1:  59%|█████▉    | 1771/3000 [05:09<03:33,  5.76it/s]
instructblip/pope/ricd/gqa/adversarial/seed1:  59%|█████▉    | 1772/3000 [05:09<03:37,  5.64it/s]
instructblip/pope/ricd/gqa/adversarial/seed1:  59%|█████▉    | 1773/3000 [05:09<03:40,  5.57it/s]
instructblip/pope/ricd/gqa/adversarial/seed1:  59%|█████▉    | 1774/3000 [05:09<03:42,  5.51it/s]
instructblip/pope/ricd/gqa/adversarial/seed1:  59%|█████▉    | 1775/3000 [05:10<03:35,  5.69it/s]
instructblip/pope/ricd/gqa/adversarial/seed1:  59%|█████▉    | 1776/3000 [05:10<03:34,  5.70it/s]
instructblip/pope/ricd/gqa/adversarial/seed1:  59%|█████▉    | 1777/3000 [05:10<03:31,  5.77it/s]
instructblip/pope/ricd/gqa/adversarial/seed1:  59%|█████▉    | 1778/3000 [05:10<03:34,  5.69it/s]
instructblip/pope/ricd/gqa/adversarial/seed1:  59%|█████▉    | 1779/3000 [05:10<03:37,  5.62it/s]
instructblip/pope/ricd/gqa/adversarial/seed1:  59%|█████▉    | 1780/3000 [05:10<03:40,  5.54it/s]
instructblip/pope/ricd/gqa/adversarial/seed1:  59%|█████▉    | 1781/3000 [05:11<03:37,  5.61it/s]
instructblip/pope/ricd/gqa/adversarial/seed1:  59%|█████▉    | 1782/3000 [05:11<03:33,  5.72it/s]
instructblip/pope/ricd/gqa/adversarial/seed1:  59%|█████▉    | 1783/3000 [05:11<03:28,  5.83it/s]
instructblip/pope/ricd/gqa/adversarial/seed1:  59%|█████▉    | 1784/3000 [05:11<03:33,  5.70it/s]
instructblip/pope/ricd/gqa/adversarial/seed1:  60%|█████▉    | 1785/3000 [05:11<03:29,  5.81it/s]
instructblip/pope/ricd/gqa/adversarial/seed1:  60%|█████▉    | 1786/3000 [05:11<03:28,  5.83it/s]
instructblip/pope/ricd/gqa/adversarial/seed1:  60%|█████▉    | 1787/3000 [05:12<03:26,  5.86it/s]
instructblip/pope/ricd/gqa/adversarial/seed1:  60%|█████▉    | 1788/3000 [05:12<03:23,  5.95it/s]
instructblip/pope/ricd/gqa/adversarial/seed1:  60%|█████▉    | 1789/3000 [05:12<03:26,  5.86it/s]
instructblip/pope/ricd/gqa/adversarial/seed1:  60%|█████▉    | 1790/3000 [05:12<03:27,  5.84it/s]
instructblip/pope/ricd/gqa/adversarial/seed1:  60%|█████▉    | 1791/3000 [05:12<03:24,  5.91it/s]
instructblip/pope/ricd/gqa/adversarial/seed1:  60%|█████▉    | 1792/3000 [05:12<03:21,  5.98it/s]
instructblip/pope/ricd/gqa/adversarial/seed1:  60%|█████▉    | 1793/3000 [05:13<03:25,  5.88it/s]
instructblip/pope/ricd/gqa/adversarial/seed1:  60%|█████▉    | 1794/3000 [05:13<03:29,  5.77it/s]
instructblip/pope/ricd/gqa/adversarial/seed1:  60%|█████▉    | 1795/3000 [05:13<03:29,  5.75it/s]
instructblip/pope/ricd/gqa/adversarial/seed1:  60%|█████▉    | 1796/3000 [05:13<03:30,  5.72it/s]
instructblip/pope/ricd/gqa/adversarial/seed1:  60%|█████▉    | 1797/3000 [05:13<03:27,  5.80it/s]
instructblip/pope/ricd/gqa/adversarial/seed1:  60%|█████▉    | 1798/3000 [05:14<03:33,  5.62it/s]
instructblip/pope/ricd/gqa/adversarial/seed1:  60%|█████▉    | 1799/3000 [05:14<03:31,  5.67it/s]
instructblip/pope/ricd/gqa/adversarial/seed1:  60%|██████    | 1800/3000 [05:14<03:30,  5.69it/s]
instructblip/pope/ricd/gqa/adversarial/seed1:  60%|██████    | 1801/3000 [05:14<03:34,  5.59it/s]
instructblip/pope/ricd/gqa/adversarial/seed1:  60%|██████    | 1802/3000 [05:14<03:31,  5.67it/s]
instructblip/pope/ricd/gqa/adversarial/seed1:  60%|██████    | 1803/3000 [05:14<03:30,  5.69it/s]
instructblip/pope/ricd/gqa/adversarial/seed1:  60%|██████    | 1804/3000 [05:15<03:25,  5.81it/s]
instructblip/pope/ricd/gqa/adversarial/seed1:  60%|██████    | 1805/3000 [05:15<03:23,  5.87it/s]
instructblip/pope/ricd/gqa/adversarial/seed1:  60%|██████    | 1806/3000 [05:15<03:24,  5.85it/s]
instructblip/pope/ricd/gqa/adversarial/seed1:  60%|██████    | 1807/3000 [05:15<03:28,  5.72it/s]
instructblip/pope/ricd/gqa/adversarial/seed1:  60%|██████    | 1808/3000 [05:15<03:29,  5.69it/s]
instructblip/pope/ricd/gqa/adversarial/seed1:  60%|██████    | 1809/3000 [05:15<03:34,  5.55it/s]
instructblip/pope/ricd/gqa/adversarial/seed1:  60%|██████    | 1810/3000 [05:16<03:34,  5.56it/s]
instructblip/pope/ricd/gqa/adversarial/seed1:  60%|██████    | 1811/3000 [05:16<03:36,  5.50it/s]
instructblip/pope/ricd/gqa/adversarial/seed1:  60%|██████    | 1812/3000 [05:16<03:38,  5.44it/s]
instructblip/pope/ricd/gqa/adversarial/seed1:  60%|██████    | 1813/3000 [05:16<03:33,  5.57it/s]
instructblip/pope/ricd/gqa/adversarial/seed1:  60%|██████    | 1814/3000 [05:16<03:27,  5.72it/s]
instructblip/pope/ricd/gqa/adversarial/seed1:  60%|██████    | 1815/3000 [05:17<03:27,  5.70it/s]
instructblip/pope/ricd/gqa/adversarial/seed1:  61%|██████    | 1816/3000 [05:17<03:29,  5.64it/s]
instructblip/pope/ricd/gqa/adversarial/seed1:  61%|██████    | 1817/3000 [05:17<03:27,  5.71it/s]
instructblip/pope/ricd/gqa/adversarial/seed1:  61%|██████    | 1818/3000 [05:17<03:26,  5.71it/s]
instructblip/pope/ricd/gqa/adversarial/seed1:  61%|██████    | 1819/3000 [05:17<03:24,  5.77it/s]
instructblip/pope/ricd/gqa/adversarial/seed1:  61%|██████    | 1820/3000 [05:17<03:21,  5.85it/s]
instructblip/pope/ricd/gqa/adversarial/seed1:  61%|██████    | 1821/3000 [05:18<03:18,  5.93it/s]
instructblip/pope/ricd/gqa/adversarial/seed1:  61%|██████    | 1822/3000 [05:18<03:17,  5.95it/s]
instructblip/pope/ricd/gqa/adversarial/seed1:  61%|██████    | 1823/3000 [05:18<03:17,  5.97it/s]
instructblip/pope/ricd/gqa/adversarial/seed1:  61%|██████    | 1824/3000 [05:18<03:14,  6.05it/s]
instructblip/pope/ricd/gqa/adversarial/seed1:  61%|██████    | 1825/3000 [05:18<03:19,  5.90it/s]
instructblip/pope/ricd/gqa/adversarial/seed1:  61%|██████    | 1826/3000 [05:18<03:15,  6.00it/s]
instructblip/pope/ricd/gqa/adversarial/seed1:  61%|██████    | 1827/3000 [05:19<03:19,  5.89it/s]
instructblip/pope/ricd/gqa/adversarial/seed1:  61%|██████    | 1828/3000 [05:19<03:20,  5.86it/s]
instructblip/pope/ricd/gqa/adversarial/seed1:  61%|██████    | 1829/3000 [05:19<03:26,  5.66it/s]
instructblip/pope/ricd/gqa/adversarial/seed1:  61%|██████    | 1830/3000 [05:19<03:26,  5.66it/s]
instructblip/pope/ricd/gqa/adversarial/seed1:  61%|██████    | 1831/3000 [05:19<03:22,  5.78it/s]
instructblip/pope/ricd/gqa/adversarial/seed1:  61%|██████    | 1832/3000 [05:19<03:24,  5.71it/s]
instructblip/pope/ricd/gqa/adversarial/seed1:  61%|██████    | 1833/3000 [05:20<03:25,  5.67it/s]
instructblip/pope/ricd/gqa/adversarial/seed1:  61%|██████    | 1834/3000 [05:20<03:23,  5.73it/s]
instructblip/pope/ricd/gqa/adversarial/seed1:  61%|██████    | 1835/3000 [05:20<03:24,  5.69it/s]
instructblip/pope/ricd/gqa/adversarial/seed1:  61%|██████    | 1836/3000 [05:20<03:25,  5.68it/s]
instructblip/pope/ricd/gqa/adversarial/seed1:  61%|██████    | 1837/3000 [05:20<03:22,  5.76it/s]
instructblip/pope/ricd/gqa/adversarial/seed1:  61%|██████▏   | 1838/3000 [05:20<03:17,  5.88it/s]
instructblip/pope/ricd/gqa/adversarial/seed1:  61%|██████▏   | 1839/3000 [05:21<03:15,  5.95it/s]
instructblip/pope/ricd/gqa/adversarial/seed1:  61%|██████▏   | 1840/3000 [05:21<03:15,  5.94it/s]
instructblip/pope/ricd/gqa/adversarial/seed1:  61%|██████▏   | 1841/3000 [05:21<03:16,  5.90it/s]
instructblip/pope/ricd/gqa/adversarial/seed1:  61%|██████▏   | 1842/3000 [05:21<03:33,  5.43it/s]
instructblip/pope/ricd/gqa/adversarial/seed1:  61%|██████▏   | 1843/3000 [05:21<03:26,  5.62it/s]
instructblip/pope/ricd/gqa/adversarial/seed1:  61%|██████▏   | 1844/3000 [05:22<03:24,  5.64it/s]
instructblip/pope/ricd/gqa/adversarial/seed1:  62%|██████▏   | 1845/3000 [05:22<03:24,  5.64it/s]
instructblip/pope/ricd/gqa/adversarial/seed1:  62%|██████▏   | 1846/3000 [05:22<03:20,  5.76it/s]
instructblip/pope/ricd/gqa/adversarial/seed1:  62%|██████▏   | 1847/3000 [05:22<03:18,  5.82it/s]
instructblip/pope/ricd/gqa/adversarial/seed1:  62%|██████▏   | 1848/3000 [05:22<03:17,  5.85it/s]
instructblip/pope/ricd/gqa/adversarial/seed1:  62%|██████▏   | 1849/3000 [05:22<03:17,  5.83it/s]
instructblip/pope/ricd/gqa/adversarial/seed1:  62%|██████▏   | 1850/3000 [05:23<03:17,  5.81it/s]
instructblip/pope/ricd/gqa/adversarial/seed1:  62%|██████▏   | 1851/3000 [05:23<03:20,  5.74it/s]
instructblip/pope/ricd/gqa/adversarial/seed1:  62%|██████▏   | 1852/3000 [05:23<03:19,  5.74it/s]
instructblip/pope/ricd/gqa/adversarial/seed1:  62%|██████▏   | 1853/3000 [05:23<03:17,  5.82it/s]
instructblip/pope/ricd/gqa/adversarial/seed1:  62%|██████▏   | 1854/3000 [05:23<03:14,  5.89it/s]
instructblip/pope/ricd/gqa/adversarial/seed1:  62%|██████▏   | 1855/3000 [05:23<03:13,  5.91it/s]
instructblip/pope/ricd/gqa/adversarial/seed1:  62%|██████▏   | 1856/3000 [05:24<03:18,  5.75it/s]
instructblip/pope/ricd/gqa/adversarial/seed1:  62%|██████▏   | 1857/3000 [05:24<03:25,  5.57it/s]
instructblip/pope/ricd/gqa/adversarial/seed1:  62%|██████▏   | 1858/3000 [05:24<03:21,  5.67it/s]
instructblip/pope/ricd/gqa/adversarial/seed1:  62%|██████▏   | 1859/3000 [05:24<03:21,  5.65it/s]
instructblip/pope/ricd/gqa/adversarial/seed1:  62%|██████▏   | 1860/3000 [05:24<03:22,  5.64it/s]
instructblip/pope/ricd/gqa/adversarial/seed1:  62%|██████▏   | 1861/3000 [05:24<03:16,  5.80it/s]
instructblip/pope/ricd/gqa/adversarial/seed1:  62%|██████▏   | 1862/3000 [05:25<03:20,  5.66it/s]
instructblip/pope/ricd/gqa/adversarial/seed1:  62%|██████▏   | 1863/3000 [05:25<03:20,  5.66it/s]
instructblip/pope/ricd/gqa/adversarial/seed1:  62%|██████▏   | 1864/3000 [05:25<03:20,  5.67it/s]
instructblip/pope/ricd/gqa/adversarial/seed1:  62%|██████▏   | 1865/3000 [05:25<03:16,  5.77it/s]
instructblip/pope/ricd/gqa/adversarial/seed1:  62%|██████▏   | 1866/3000 [05:25<03:20,  5.67it/s]
instructblip/pope/ricd/gqa/adversarial/seed1:  62%|██████▏   | 1867/3000 [05:26<03:17,  5.74it/s]
instructblip/pope/ricd/gqa/adversarial/seed1:  62%|██████▏   | 1868/3000 [05:26<03:16,  5.78it/s]
instructblip/pope/ricd/gqa/adversarial/seed1:  62%|██████▏   | 1869/3000 [05:26<03:18,  5.70it/s]
instructblip/pope/ricd/gqa/adversarial/seed1:  62%|██████▏   | 1870/3000 [05:26<03:19,  5.66it/s]
instructblip/pope/ricd/gqa/adversarial/seed1:  62%|██████▏   | 1871/3000 [05:26<03:18,  5.69it/s]
instructblip/pope/ricd/gqa/adversarial/seed1:  62%|██████▏   | 1872/3000 [05:26<03:18,  5.70it/s]
instructblip/pope/ricd/gqa/adversarial/seed1:  62%|██████▏   | 1873/3000 [05:27<03:16,  5.72it/s]
instructblip/pope/ricd/gqa/adversarial/seed1:  62%|██████▏   | 1874/3000 [05:27<03:14,  5.80it/s]
instructblip/pope/ricd/gqa/adversarial/seed1:  62%|██████▎   | 1875/3000 [05:27<03:16,  5.73it/s]
instructblip/pope/ricd/gqa/adversarial/seed1:  63%|██████▎   | 1876/3000 [05:27<03:13,  5.82it/s]
instructblip/pope/ricd/gqa/adversarial/seed1:  63%|██████▎   | 1877/3000 [05:27<03:09,  5.92it/s]
instructblip/pope/ricd/gqa/adversarial/seed1:  63%|██████▎   | 1878/3000 [05:27<03:12,  5.83it/s]
instructblip/pope/ricd/gqa/adversarial/seed1:  63%|██████▎   | 1879/3000 [05:28<03:12,  5.83it/s]
instructblip/pope/ricd/gqa/adversarial/seed1:  63%|██████▎   | 1880/3000 [05:28<03:10,  5.86it/s]
instructblip/pope/ricd/gqa/adversarial/seed1:  63%|██████▎   | 1881/3000 [05:28<03:06,  5.98it/s]
instructblip/pope/ricd/gqa/adversarial/seed1:  63%|██████▎   | 1882/3000 [05:28<03:09,  5.89it/s]
instructblip/pope/ricd/gqa/adversarial/seed1:  63%|██████▎   | 1883/3000 [05:28<03:11,  5.83it/s]
instructblip/pope/ricd/gqa/adversarial/seed1:  63%|██████▎   | 1884/3000 [05:28<03:09,  5.90it/s]
instructblip/pope/ricd/gqa/adversarial/seed1:  63%|██████▎   | 1885/3000 [05:29<03:05,  6.01it/s]
instructblip/pope/ricd/gqa/adversarial/seed1:  63%|██████▎   | 1886/3000 [05:29<03:03,  6.08it/s]
instructblip/pope/ricd/gqa/adversarial/seed1:  63%|██████▎   | 1887/3000 [05:29<03:04,  6.04it/s]
instructblip/pope/ricd/gqa/adversarial/seed1:  63%|██████▎   | 1888/3000 [05:29<03:07,  5.93it/s]
instructblip/pope/ricd/gqa/adversarial/seed1:  63%|██████▎   | 1889/3000 [05:29<03:09,  5.86it/s]
instructblip/pope/ricd/gqa/adversarial/seed1:  63%|██████▎   | 1890/3000 [05:29<03:09,  5.87it/s]
instructblip/pope/ricd/gqa/adversarial/seed1:  63%|██████▎   | 1891/3000 [05:30<03:06,  5.94it/s]
instructblip/pope/ricd/gqa/adversarial/seed1:  63%|██████▎   | 1892/3000 [05:30<03:09,  5.85it/s]
instructblip/pope/ricd/gqa/adversarial/seed1:  63%|██████▎   | 1893/3000 [05:30<03:11,  5.79it/s]
instructblip/pope/ricd/gqa/adversarial/seed1:  63%|██████▎   | 1894/3000 [05:30<03:08,  5.86it/s]
instructblip/pope/ricd/gqa/adversarial/seed1:  63%|██████▎   | 1895/3000 [05:30<03:08,  5.88it/s]
instructblip/pope/ricd/gqa/adversarial/seed1:  63%|██████▎   | 1896/3000 [05:30<03:08,  5.87it/s]
instructblip/pope/ricd/gqa/adversarial/seed1:  63%|██████▎   | 1897/3000 [05:31<03:09,  5.82it/s]
instructblip/pope/ricd/gqa/adversarial/seed1:  63%|██████▎   | 1898/3000 [05:31<03:11,  5.74it/s]
instructblip/pope/ricd/gqa/adversarial/seed1:  63%|██████▎   | 1899/3000 [05:31<03:17,  5.57it/s]
instructblip/pope/ricd/gqa/adversarial/seed1:  63%|██████▎   | 1900/3000 [05:31<03:15,  5.61it/s]
instructblip/pope/ricd/gqa/adversarial/seed1:  63%|██████▎   | 1901/3000 [05:31<03:10,  5.78it/s]
instructblip/pope/ricd/gqa/adversarial/seed1:  63%|██████▎   | 1902/3000 [05:32<03:13,  5.66it/s]
instructblip/pope/ricd/gqa/adversarial/seed1:  63%|██████▎   | 1903/3000 [05:32<03:10,  5.76it/s]
instructblip/pope/ricd/gqa/adversarial/seed1:  63%|██████▎   | 1904/3000 [05:32<03:09,  5.79it/s]
instructblip/pope/ricd/gqa/adversarial/seed1:  64%|██████▎   | 1905/3000 [05:32<03:14,  5.63it/s]
instructblip/pope/ricd/gqa/adversarial/seed1:  64%|██████▎   | 1906/3000 [05:32<03:15,  5.60it/s]
instructblip/pope/ricd/gqa/adversarial/seed1:  64%|██████▎   | 1907/3000 [05:32<03:10,  5.75it/s]
instructblip/pope/ricd/gqa/adversarial/seed1:  64%|██████▎   | 1908/3000 [05:33<03:10,  5.73it/s]
instructblip/pope/ricd/gqa/adversarial/seed1:  64%|██████▎   | 1909/3000 [05:33<03:12,  5.66it/s]
instructblip/pope/ricd/gqa/adversarial/seed1:  64%|██████▎   | 1910/3000 [05:33<03:08,  5.77it/s]
instructblip/pope/ricd/gqa/adversarial/seed1:  64%|██████▎   | 1911/3000 [05:33<03:07,  5.82it/s]
instructblip/pope/ricd/gqa/adversarial/seed1:  64%|██████▎   | 1912/3000 [05:33<03:07,  5.80it/s]
instructblip/pope/ricd/gqa/adversarial/seed1:  64%|██████▍   | 1913/3000 [05:33<03:04,  5.90it/s]
instructblip/pope/ricd/gqa/adversarial/seed1:  64%|██████▍   | 1914/3000 [05:34<03:06,  5.83it/s]
instructblip/pope/ricd/gqa/adversarial/seed1:  64%|██████▍   | 1915/3000 [05:34<03:08,  5.77it/s]
instructblip/pope/ricd/gqa/adversarial/seed1:  64%|██████▍   | 1916/3000 [05:34<03:05,  5.84it/s]
instructblip/pope/ricd/gqa/adversarial/seed1:  64%|██████▍   | 1917/3000 [05:34<03:02,  5.93it/s]
instructblip/pope/ricd/gqa/adversarial/seed1:  64%|██████▍   | 1918/3000 [05:34<03:03,  5.90it/s]
instructblip/pope/ricd/gqa/adversarial/seed1:  64%|██████▍   | 1919/3000 [05:34<03:02,  5.92it/s]
instructblip/pope/ricd/gqa/adversarial/seed1:  64%|██████▍   | 1920/3000 [05:35<03:01,  5.94it/s]
instructblip/pope/ricd/gqa/adversarial/seed1:  64%|██████▍   | 1921/3000 [05:35<03:14,  5.54it/s]
instructblip/pope/ricd/gqa/adversarial/seed1:  64%|██████▍   | 1922/3000 [05:35<03:09,  5.68it/s]
instructblip/pope/ricd/gqa/adversarial/seed1:  64%|██████▍   | 1923/3000 [05:35<03:04,  5.82it/s]
instructblip/pope/ricd/gqa/adversarial/seed1:  64%|██████▍   | 1924/3000 [05:35<03:02,  5.90it/s]
instructblip/pope/ricd/gqa/adversarial/seed1:  64%|██████▍   | 1925/3000 [05:35<03:02,  5.90it/s]
instructblip/pope/ricd/gqa/adversarial/seed1:  64%|██████▍   | 1926/3000 [05:36<03:01,  5.93it/s]
instructblip/pope/ricd/gqa/adversarial/seed1:  64%|██████▍   | 1927/3000 [05:36<03:02,  5.86it/s]
instructblip/pope/ricd/gqa/adversarial/seed1:  64%|██████▍   | 1928/3000 [05:36<03:04,  5.81it/s]
instructblip/pope/ricd/gqa/adversarial/seed1:  64%|██████▍   | 1929/3000 [05:36<03:04,  5.82it/s]
instructblip/pope/ricd/gqa/adversarial/seed1:  64%|██████▍   | 1930/3000 [05:36<03:03,  5.82it/s]
instructblip/pope/ricd/gqa/adversarial/seed1:  64%|██████▍   | 1931/3000 [05:37<03:05,  5.77it/s]
instructblip/pope/ricd/gqa/adversarial/seed1:  64%|██████▍   | 1932/3000 [05:37<03:04,  5.80it/s]
instructblip/pope/ricd/gqa/adversarial/seed1:  64%|██████▍   | 1933/3000 [05:37<03:05,  5.74it/s]
instructblip/pope/ricd/gqa/adversarial/seed1:  64%|██████▍   | 1934/3000 [05:37<03:03,  5.80it/s]
instructblip/pope/ricd/gqa/adversarial/seed1:  64%|██████▍   | 1935/3000 [05:37<03:03,  5.82it/s]
instructblip/pope/ricd/gqa/adversarial/seed1:  65%|██████▍   | 1936/3000 [05:37<03:09,  5.60it/s]
instructblip/pope/ricd/gqa/adversarial/seed1:  65%|██████▍   | 1937/3000 [05:38<03:08,  5.64it/s]
instructblip/pope/ricd/gqa/adversarial/seed1:  65%|██████▍   | 1938/3000 [05:38<03:03,  5.80it/s]
instructblip/pope/ricd/gqa/adversarial/seed1:  65%|██████▍   | 1939/3000 [05:38<03:01,  5.83it/s]
instructblip/pope/ricd/gqa/adversarial/seed1:  65%|██████▍   | 1940/3000 [05:38<03:02,  5.82it/s]
instructblip/pope/ricd/gqa/adversarial/seed1:  65%|██████▍   | 1941/3000 [05:38<03:03,  5.78it/s]
instructblip/pope/ricd/gqa/adversarial/seed1:  65%|██████▍   | 1942/3000 [05:38<03:00,  5.87it/s]
instructblip/pope/ricd/gqa/adversarial/seed1:  65%|██████▍   | 1943/3000 [05:39<03:00,  5.85it/s]
instructblip/pope/ricd/gqa/adversarial/seed1:  65%|██████▍   | 1944/3000 [05:39<02:59,  5.88it/s]
instructblip/pope/ricd/gqa/adversarial/seed1:  65%|██████▍   | 1945/3000 [05:39<02:58,  5.89it/s]
instructblip/pope/ricd/gqa/adversarial/seed1:  65%|██████▍   | 1946/3000 [05:39<02:58,  5.91it/s]
instructblip/pope/ricd/gqa/adversarial/seed1:  65%|██████▍   | 1947/3000 [05:39<02:57,  5.92it/s]
instructblip/pope/ricd/gqa/adversarial/seed1:  65%|██████▍   | 1948/3000 [05:39<03:01,  5.79it/s]
instructblip/pope/ricd/gqa/adversarial/seed1:  65%|██████▍   | 1949/3000 [05:40<03:17,  5.32it/s]
instructblip/pope/ricd/gqa/adversarial/seed1:  65%|██████▌   | 1950/3000 [05:40<03:15,  5.37it/s]
instructblip/pope/ricd/gqa/adversarial/seed1:  65%|██████▌   | 1951/3000 [05:40<03:16,  5.34it/s]
instructblip/pope/ricd/gqa/adversarial/seed1:  65%|██████▌   | 1952/3000 [05:40<03:10,  5.50it/s]
instructblip/pope/ricd/gqa/adversarial/seed1:  65%|██████▌   | 1953/3000 [05:40<03:06,  5.60it/s]
instructblip/pope/ricd/gqa/adversarial/seed1:  65%|██████▌   | 1954/3000 [05:41<03:06,  5.60it/s]
instructblip/pope/ricd/gqa/adversarial/seed1:  65%|██████▌   | 1955/3000 [05:41<03:01,  5.75it/s]
instructblip/pope/ricd/gqa/adversarial/seed1:  65%|██████▌   | 1956/3000 [05:41<03:00,  5.79it/s]
instructblip/pope/ricd/gqa/adversarial/seed1:  65%|██████▌   | 1957/3000 [05:41<02:56,  5.90it/s]
instructblip/pope/ricd/gqa/adversarial/seed1:  65%|██████▌   | 1958/3000 [05:41<02:59,  5.82it/s]
instructblip/pope/ricd/gqa/adversarial/seed1:  65%|██████▌   | 1959/3000 [05:41<02:57,  5.85it/s]
instructblip/pope/ricd/gqa/adversarial/seed1:  65%|██████▌   | 1960/3000 [05:42<02:54,  5.96it/s]
instructblip/pope/ricd/gqa/adversarial/seed1:  65%|██████▌   | 1961/3000 [05:42<02:54,  5.94it/s]
instructblip/pope/ricd/gqa/adversarial/seed1:  65%|██████▌   | 1962/3000 [05:42<02:54,  5.95it/s]
instructblip/pope/ricd/gqa/adversarial/seed1:  65%|██████▌   | 1963/3000 [05:42<02:51,  6.04it/s]
instructblip/pope/ricd/gqa/adversarial/seed1:  65%|██████▌   | 1964/3000 [05:42<02:49,  6.10it/s]
instructblip/pope/ricd/gqa/adversarial/seed1:  66%|██████▌   | 1965/3000 [05:42<02:51,  6.04it/s]
instructblip/pope/ricd/gqa/adversarial/seed1:  66%|██████▌   | 1966/3000 [05:43<02:48,  6.12it/s]
instructblip/pope/ricd/gqa/adversarial/seed1:  66%|██████▌   | 1967/3000 [05:43<02:48,  6.14it/s]
instructblip/pope/ricd/gqa/adversarial/seed1:  66%|██████▌   | 1968/3000 [05:43<02:48,  6.11it/s]
instructblip/pope/ricd/gqa/adversarial/seed1:  66%|██████▌   | 1969/3000 [05:43<02:52,  5.97it/s]
instructblip/pope/ricd/gqa/adversarial/seed1:  66%|██████▌   | 1970/3000 [05:43<02:53,  5.95it/s]
instructblip/pope/ricd/gqa/adversarial/seed1:  66%|██████▌   | 1971/3000 [05:43<02:57,  5.81it/s]
instructblip/pope/ricd/gqa/adversarial/seed1:  66%|██████▌   | 1972/3000 [05:44<02:58,  5.75it/s]
instructblip/pope/ricd/gqa/adversarial/seed1:  66%|██████▌   | 1973/3000 [05:44<02:54,  5.87it/s]
instructblip/pope/ricd/gqa/adversarial/seed1:  66%|██████▌   | 1974/3000 [05:44<02:58,  5.76it/s]
instructblip/pope/ricd/gqa/adversarial/seed1:  66%|██████▌   | 1975/3000 [05:44<02:56,  5.81it/s]
instructblip/pope/ricd/gqa/adversarial/seed1:  66%|██████▌   | 1976/3000 [05:44<02:56,  5.80it/s]
instructblip/pope/ricd/gqa/adversarial/seed1:  66%|██████▌   | 1977/3000 [05:44<02:54,  5.85it/s]
instructblip/pope/ricd/gqa/adversarial/seed1:  66%|██████▌   | 1978/3000 [05:45<02:55,  5.82it/s]
instructblip/pope/ricd/gqa/adversarial/seed1:  66%|██████▌   | 1979/3000 [05:45<03:00,  5.65it/s]
instructblip/pope/ricd/gqa/adversarial/seed1:  66%|██████▌   | 1980/3000 [05:45<02:58,  5.70it/s]
instructblip/pope/ricd/gqa/adversarial/seed1:  66%|██████▌   | 1981/3000 [05:45<02:58,  5.72it/s]
instructblip/pope/ricd/gqa/adversarial/seed1:  66%|██████▌   | 1982/3000 [05:45<02:57,  5.72it/s]
instructblip/pope/ricd/gqa/adversarial/seed1:  66%|██████▌   | 1983/3000 [05:46<02:59,  5.66it/s]
instructblip/pope/ricd/gqa/adversarial/seed1:  66%|██████▌   | 1984/3000 [05:46<02:56,  5.76it/s]
instructblip/pope/ricd/gqa/adversarial/seed1:  66%|██████▌   | 1985/3000 [05:46<02:55,  5.80it/s]
instructblip/pope/ricd/gqa/adversarial/seed1:  66%|██████▌   | 1986/3000 [05:46<02:55,  5.78it/s]
instructblip/pope/ricd/gqa/adversarial/seed1:  66%|██████▌   | 1987/3000 [05:46<02:52,  5.86it/s]
instructblip/pope/ricd/gqa/adversarial/seed1:  66%|██████▋   | 1988/3000 [05:46<02:53,  5.83it/s]
instructblip/pope/ricd/gqa/adversarial/seed1:  66%|██████▋   | 1989/3000 [05:47<02:52,  5.86it/s]
instructblip/pope/ricd/gqa/adversarial/seed1:  66%|██████▋   | 1990/3000 [05:47<02:59,  5.63it/s]
instructblip/pope/ricd/gqa/adversarial/seed1:  66%|██████▋   | 1991/3000 [05:47<03:01,  5.56it/s]
instructblip/pope/ricd/gqa/adversarial/seed1:  66%|██████▋   | 1992/3000 [05:47<03:01,  5.56it/s]
instructblip/pope/ricd/gqa/adversarial/seed1:  66%|██████▋   | 1993/3000 [05:47<03:01,  5.55it/s]
instructblip/pope/ricd/gqa/adversarial/seed1:  66%|██████▋   | 1994/3000 [05:47<03:00,  5.56it/s]
instructblip/pope/ricd/gqa/adversarial/seed1:  66%|██████▋   | 1995/3000 [05:48<02:59,  5.60it/s]
instructblip/pope/ricd/gqa/adversarial/seed1:  67%|██████▋   | 1996/3000 [05:48<03:02,  5.51it/s]
instructblip/pope/ricd/gqa/adversarial/seed1:  67%|██████▋   | 1997/3000 [05:48<03:00,  5.56it/s]
instructblip/pope/ricd/gqa/adversarial/seed1:  67%|██████▋   | 1998/3000 [05:48<03:02,  5.49it/s]
instructblip/pope/ricd/gqa/adversarial/seed1:  67%|██████▋   | 1999/3000 [05:48<02:58,  5.61it/s]
instructblip/pope/ricd/gqa/adversarial/seed1:  67%|██████▋   | 2000/3000 [05:49<02:57,  5.64it/s]
instructblip/pope/ricd/gqa/adversarial/seed1:  67%|██████▋   | 2001/3000 [05:49<02:59,  5.55it/s]
instructblip/pope/ricd/gqa/adversarial/seed1:  67%|██████▋   | 2002/3000 [05:49<03:02,  5.48it/s]
instructblip/pope/ricd/gqa/adversarial/seed1:  67%|██████▋   | 2003/3000 [05:49<03:04,  5.42it/s]
instructblip/pope/ricd/gqa/adversarial/seed1:  67%|██████▋   | 2004/3000 [05:49<02:59,  5.55it/s]
instructblip/pope/ricd/gqa/adversarial/seed1:  67%|██████▋   | 2005/3000 [05:49<03:01,  5.48it/s]
instructblip/pope/ricd/gqa/adversarial/seed1:  67%|██████▋   | 2006/3000 [05:50<02:59,  5.53it/s]
instructblip/pope/ricd/gqa/adversarial/seed1:  67%|██████▋   | 2007/3000 [05:50<03:13,  5.13it/s]
instructblip/pope/ricd/gqa/adversarial/seed1:  67%|██████▋   | 2008/3000 [05:50<03:09,  5.24it/s]
instructblip/pope/ricd/gqa/adversarial/seed1:  67%|██████▋   | 2009/3000 [05:50<03:05,  5.34it/s]
instructblip/pope/ricd/gqa/adversarial/seed1:  67%|██████▋   | 2010/3000 [05:50<02:58,  5.54it/s]
instructblip/pope/ricd/gqa/adversarial/seed1:  67%|██████▋   | 2011/3000 [05:51<02:55,  5.63it/s]
instructblip/pope/ricd/gqa/adversarial/seed1:  67%|██████▋   | 2012/3000 [05:51<02:51,  5.77it/s]
instructblip/pope/ricd/gqa/adversarial/seed1:  67%|██████▋   | 2013/3000 [05:51<02:47,  5.89it/s]
instructblip/pope/ricd/gqa/adversarial/seed1:  67%|██████▋   | 2014/3000 [05:51<02:50,  5.78it/s]
instructblip/pope/ricd/gqa/adversarial/seed1:  67%|██████▋   | 2015/3000 [05:51<02:48,  5.84it/s]
instructblip/pope/ricd/gqa/adversarial/seed1:  67%|██████▋   | 2016/3000 [05:51<02:47,  5.88it/s]
instructblip/pope/ricd/gqa/adversarial/seed1:  67%|██████▋   | 2017/3000 [05:52<02:49,  5.79it/s]
instructblip/pope/ricd/gqa/adversarial/seed1:  67%|██████▋   | 2018/3000 [05:52<02:47,  5.86it/s]
instructblip/pope/ricd/gqa/adversarial/seed1:  67%|██████▋   | 2019/3000 [05:52<02:47,  5.85it/s]
instructblip/pope/ricd/gqa/adversarial/seed1:  67%|██████▋   | 2020/3000 [05:52<02:47,  5.84it/s]
instructblip/pope/ricd/gqa/adversarial/seed1:  67%|██████▋   | 2021/3000 [05:52<02:46,  5.88it/s]
instructblip/pope/ricd/gqa/adversarial/seed1:  67%|██████▋   | 2022/3000 [05:52<02:47,  5.84it/s]
instructblip/pope/ricd/gqa/adversarial/seed1:  67%|██████▋   | 2023/3000 [05:53<02:45,  5.91it/s]
instructblip/pope/ricd/gqa/adversarial/seed1:  67%|██████▋   | 2024/3000 [05:53<02:51,  5.68it/s]
instructblip/pope/ricd/gqa/adversarial/seed1:  68%|██████▊   | 2025/3000 [05:53<02:55,  5.57it/s]
instructblip/pope/ricd/gqa/adversarial/seed1:  68%|██████▊   | 2026/3000 [05:53<02:56,  5.52it/s]
instructblip/pope/ricd/gqa/adversarial/seed1:  68%|██████▊   | 2027/3000 [05:53<02:56,  5.50it/s]
instructblip/pope/ricd/gqa/adversarial/seed1:  68%|██████▊   | 2028/3000 [05:53<02:54,  5.58it/s]
instructblip/pope/ricd/gqa/adversarial/seed1:  68%|██████▊   | 2029/3000 [05:54<02:57,  5.47it/s]
instructblip/pope/ricd/gqa/adversarial/seed1:  68%|██████▊   | 2030/3000 [05:54<02:53,  5.58it/s]
instructblip/pope/ricd/gqa/adversarial/seed1:  68%|██████▊   | 2031/3000 [05:54<02:49,  5.72it/s]
instructblip/pope/ricd/gqa/adversarial/seed1:  68%|██████▊   | 2032/3000 [05:54<02:50,  5.68it/s]
instructblip/pope/ricd/gqa/adversarial/seed1:  68%|██████▊   | 2033/3000 [05:54<02:47,  5.77it/s]
instructblip/pope/ricd/gqa/adversarial/seed1:  68%|██████▊   | 2034/3000 [05:55<02:45,  5.84it/s]
instructblip/pope/ricd/gqa/adversarial/seed1:  68%|██████▊   | 2035/3000 [05:55<02:42,  5.93it/s]
instructblip/pope/ricd/gqa/adversarial/seed1:  68%|██████▊   | 2036/3000 [05:55<02:40,  5.99it/s]
instructblip/pope/ricd/gqa/adversarial/seed1:  68%|██████▊   | 2037/3000 [05:55<02:41,  5.97it/s]
instructblip/pope/ricd/gqa/adversarial/seed1:  68%|██████▊   | 2038/3000 [05:55<02:39,  6.02it/s]
instructblip/pope/ricd/gqa/adversarial/seed1:  68%|██████▊   | 2039/3000 [05:55<02:39,  6.04it/s]
instructblip/pope/ricd/gqa/adversarial/seed1:  68%|██████▊   | 2040/3000 [05:56<02:42,  5.91it/s]
instructblip/pope/ricd/gqa/adversarial/seed1:  68%|██████▊   | 2041/3000 [05:56<02:40,  5.99it/s]
instructblip/pope/ricd/gqa/adversarial/seed1:  68%|██████▊   | 2042/3000 [05:56<02:39,  6.01it/s]
instructblip/pope/ricd/gqa/adversarial/seed1:  68%|██████▊   | 2043/3000 [05:56<02:39,  5.99it/s]
instructblip/pope/ricd/gqa/adversarial/seed1:  68%|██████▊   | 2044/3000 [05:56<02:39,  5.99it/s]
instructblip/pope/ricd/gqa/adversarial/seed1:  68%|██████▊   | 2045/3000 [05:56<02:41,  5.90it/s]
instructblip/pope/ricd/gqa/adversarial/seed1:  68%|██████▊   | 2046/3000 [05:57<02:45,  5.78it/s]
instructblip/pope/ricd/gqa/adversarial/seed1:  68%|██████▊   | 2047/3000 [05:57<02:49,  5.63it/s]
instructblip/pope/ricd/gqa/adversarial/seed1:  68%|██████▊   | 2048/3000 [05:57<02:45,  5.75it/s]
instructblip/pope/ricd/gqa/adversarial/seed1:  68%|██████▊   | 2049/3000 [05:57<02:44,  5.79it/s]
instructblip/pope/ricd/gqa/adversarial/seed1:  68%|██████▊   | 2050/3000 [05:57<02:43,  5.82it/s]
instructblip/pope/ricd/gqa/adversarial/seed1:  68%|██████▊   | 2051/3000 [05:57<02:43,  5.79it/s]
instructblip/pope/ricd/gqa/adversarial/seed1:  68%|██████▊   | 2052/3000 [05:58<02:46,  5.69it/s]
instructblip/pope/ricd/gqa/adversarial/seed1:  68%|██████▊   | 2053/3000 [05:58<02:43,  5.79it/s]
instructblip/pope/ricd/gqa/adversarial/seed1:  68%|██████▊   | 2054/3000 [05:58<02:43,  5.79it/s]
instructblip/pope/ricd/gqa/adversarial/seed1:  68%|██████▊   | 2055/3000 [05:58<02:42,  5.81it/s]
instructblip/pope/ricd/gqa/adversarial/seed1:  69%|██████▊   | 2056/3000 [05:58<02:41,  5.86it/s]
instructblip/pope/ricd/gqa/adversarial/seed1:  69%|██████▊   | 2057/3000 [05:58<02:42,  5.80it/s]
instructblip/pope/ricd/gqa/adversarial/seed1:  69%|██████▊   | 2058/3000 [05:59<02:44,  5.72it/s]
instructblip/pope/ricd/gqa/adversarial/seed1:  69%|██████▊   | 2059/3000 [05:59<02:45,  5.70it/s]
instructblip/pope/ricd/gqa/adversarial/seed1:  69%|██████▊   | 2060/3000 [05:59<02:41,  5.83it/s]
instructblip/pope/ricd/gqa/adversarial/seed1:  69%|██████▊   | 2061/3000 [05:59<02:40,  5.86it/s]
instructblip/pope/ricd/gqa/adversarial/seed1:  69%|██████▊   | 2062/3000 [05:59<02:40,  5.85it/s]
instructblip/pope/ricd/gqa/adversarial/seed1:  69%|██████▉   | 2063/3000 [05:59<02:41,  5.80it/s]
instructblip/pope/ricd/gqa/adversarial/seed1:  69%|██████▉   | 2064/3000 [06:00<02:38,  5.90it/s]
instructblip/pope/ricd/gqa/adversarial/seed1:  69%|██████▉   | 2065/3000 [06:00<02:40,  5.83it/s]
instructblip/pope/ricd/gqa/adversarial/seed1:  69%|██████▉   | 2066/3000 [06:00<02:42,  5.74it/s]
instructblip/pope/ricd/gqa/adversarial/seed1:  69%|██████▉   | 2067/3000 [06:00<02:40,  5.81it/s]
instructblip/pope/ricd/gqa/adversarial/seed1:  69%|██████▉   | 2068/3000 [06:00<02:36,  5.94it/s]
instructblip/pope/ricd/gqa/adversarial/seed1:  69%|██████▉   | 2069/3000 [06:01<02:36,  5.95it/s]
instructblip/pope/ricd/gqa/adversarial/seed1:  69%|██████▉   | 2070/3000 [06:01<02:36,  5.96it/s]
instructblip/pope/ricd/gqa/adversarial/seed1:  69%|██████▉   | 2071/3000 [06:01<02:45,  5.62it/s]
instructblip/pope/ricd/gqa/adversarial/seed1:  69%|██████▉   | 2072/3000 [06:01<02:41,  5.73it/s]
instructblip/pope/ricd/gqa/adversarial/seed1:  69%|██████▉   | 2073/3000 [06:01<02:40,  5.76it/s]
instructblip/pope/ricd/gqa/adversarial/seed1:  69%|██████▉   | 2074/3000 [06:01<02:38,  5.85it/s]
instructblip/pope/ricd/gqa/adversarial/seed1:  69%|██████▉   | 2075/3000 [06:02<02:38,  5.84it/s]
instructblip/pope/ricd/gqa/adversarial/seed1:  69%|██████▉   | 2076/3000 [06:02<02:36,  5.91it/s]
instructblip/pope/ricd/gqa/adversarial/seed1:  69%|██████▉   | 2077/3000 [06:02<02:36,  5.88it/s]
instructblip/pope/ricd/gqa/adversarial/seed1:  69%|██████▉   | 2078/3000 [06:02<02:36,  5.90it/s]
instructblip/pope/ricd/gqa/adversarial/seed1:  69%|██████▉   | 2079/3000 [06:02<02:34,  5.95it/s]
instructblip/pope/ricd/gqa/adversarial/seed1:  69%|██████▉   | 2080/3000 [06:02<02:34,  5.97it/s]
instructblip/pope/ricd/gqa/adversarial/seed1:  69%|██████▉   | 2081/3000 [06:03<02:34,  5.95it/s]
instructblip/pope/ricd/gqa/adversarial/seed1:  69%|██████▉   | 2082/3000 [06:03<02:36,  5.86it/s]
instructblip/pope/ricd/gqa/adversarial/seed1:  69%|██████▉   | 2083/3000 [06:03<02:35,  5.89it/s]
instructblip/pope/ricd/gqa/adversarial/seed1:  69%|██████▉   | 2084/3000 [06:03<02:33,  5.95it/s]
instructblip/pope/ricd/gqa/adversarial/seed1:  70%|██████▉   | 2085/3000 [06:03<02:34,  5.91it/s]
instructblip/pope/ricd/gqa/adversarial/seed1:  70%|██████▉   | 2086/3000 [06:03<02:39,  5.74it/s]
instructblip/pope/ricd/gqa/adversarial/seed1:  70%|██████▉   | 2087/3000 [06:04<02:40,  5.68it/s]
instructblip/pope/ricd/gqa/adversarial/seed1:  70%|██████▉   | 2088/3000 [06:04<02:41,  5.66it/s]
instructblip/pope/ricd/gqa/adversarial/seed1:  70%|██████▉   | 2089/3000 [06:04<02:37,  5.77it/s]
instructblip/pope/ricd/gqa/adversarial/seed1:  70%|██████▉   | 2090/3000 [06:04<02:37,  5.78it/s]
instructblip/pope/ricd/gqa/adversarial/seed1:  70%|██████▉   | 2091/3000 [06:04<02:41,  5.64it/s]
instructblip/pope/ricd/gqa/adversarial/seed1:  70%|██████▉   | 2092/3000 [06:04<02:40,  5.65it/s]
instructblip/pope/ricd/gqa/adversarial/seed1:  70%|██████▉   | 2093/3000 [06:05<02:40,  5.67it/s]
instructblip/pope/ricd/gqa/adversarial/seed1:  70%|██████▉   | 2094/3000 [06:05<02:36,  5.78it/s]
instructblip/pope/ricd/gqa/adversarial/seed1:  70%|██████▉   | 2095/3000 [06:05<02:37,  5.74it/s]
instructblip/pope/ricd/gqa/adversarial/seed1:  70%|██████▉   | 2096/3000 [06:05<02:42,  5.55it/s]
instructblip/pope/ricd/gqa/adversarial/seed1:  70%|██████▉   | 2097/3000 [06:05<02:41,  5.58it/s]
instructblip/pope/ricd/gqa/adversarial/seed1:  70%|██████▉   | 2098/3000 [06:06<02:41,  5.59it/s]
instructblip/pope/ricd/gqa/adversarial/seed1:  70%|██████▉   | 2099/3000 [06:06<02:40,  5.63it/s]
instructblip/pope/ricd/gqa/adversarial/seed1:  70%|███████   | 2100/3000 [06:06<02:39,  5.65it/s]
instructblip/pope/ricd/gqa/adversarial/seed1:  70%|███████   | 2101/3000 [06:06<02:38,  5.68it/s]
instructblip/pope/ricd/gqa/adversarial/seed1:  70%|███████   | 2102/3000 [06:06<02:37,  5.70it/s]
instructblip/pope/ricd/gqa/adversarial/seed1:  70%|███████   | 2103/3000 [06:06<02:35,  5.78it/s]
instructblip/pope/ricd/gqa/adversarial/seed1:  70%|███████   | 2104/3000 [06:07<02:33,  5.82it/s]
instructblip/pope/ricd/gqa/adversarial/seed1:  70%|███████   | 2105/3000 [06:07<02:35,  5.76it/s]
instructblip/pope/ricd/gqa/adversarial/seed1:  70%|███████   | 2106/3000 [06:07<02:35,  5.74it/s]
instructblip/pope/ricd/gqa/adversarial/seed1:  70%|███████   | 2107/3000 [06:07<02:33,  5.83it/s]
instructblip/pope/ricd/gqa/adversarial/seed1:  70%|███████   | 2108/3000 [06:07<02:31,  5.91it/s]
instructblip/pope/ricd/gqa/adversarial/seed1:  70%|███████   | 2109/3000 [06:07<02:38,  5.62it/s]
instructblip/pope/ricd/gqa/adversarial/seed1:  70%|███████   | 2110/3000 [06:08<02:43,  5.45it/s]
instructblip/pope/ricd/gqa/adversarial/seed1:  70%|███████   | 2111/3000 [06:08<02:47,  5.29it/s]
instructblip/pope/ricd/gqa/adversarial/seed1:  70%|███████   | 2112/3000 [06:08<02:45,  5.36it/s]
instructblip/pope/ricd/gqa/adversarial/seed1:  70%|███████   | 2113/3000 [06:08<02:41,  5.49it/s]
instructblip/pope/ricd/gqa/adversarial/seed1:  70%|███████   | 2114/3000 [06:08<02:38,  5.57it/s]
instructblip/pope/ricd/gqa/adversarial/seed1:  70%|███████   | 2115/3000 [06:09<02:35,  5.70it/s]
instructblip/pope/ricd/gqa/adversarial/seed1:  71%|███████   | 2116/3000 [06:09<02:33,  5.74it/s]
instructblip/pope/ricd/gqa/adversarial/seed1:  71%|███████   | 2117/3000 [06:09<02:34,  5.70it/s]
instructblip/pope/ricd/gqa/adversarial/seed1:  71%|███████   | 2118/3000 [06:09<02:40,  5.48it/s]
instructblip/pope/ricd/gqa/adversarial/seed1:  71%|███████   | 2119/3000 [06:09<02:36,  5.65it/s]
instructblip/pope/ricd/gqa/adversarial/seed1:  71%|███████   | 2120/3000 [06:09<02:37,  5.57it/s]
instructblip/pope/ricd/gqa/adversarial/seed1:  71%|███████   | 2121/3000 [06:10<02:33,  5.71it/s]
instructblip/pope/ricd/gqa/adversarial/seed1:  71%|███████   | 2122/3000 [06:10<02:36,  5.61it/s]
instructblip/pope/ricd/gqa/adversarial/seed1:  71%|███████   | 2123/3000 [06:10<02:36,  5.59it/s]
instructblip/pope/ricd/gqa/adversarial/seed1:  71%|███████   | 2124/3000 [06:10<02:33,  5.72it/s]
instructblip/pope/ricd/gqa/adversarial/seed1:  71%|███████   | 2125/3000 [06:10<02:29,  5.85it/s]
instructblip/pope/ricd/gqa/adversarial/seed1:  71%|███████   | 2126/3000 [06:10<02:30,  5.83it/s]
instructblip/pope/ricd/gqa/adversarial/seed1:  71%|███████   | 2127/3000 [06:11<02:30,  5.78it/s]
instructblip/pope/ricd/gqa/adversarial/seed1:  71%|███████   | 2128/3000 [06:11<02:30,  5.77it/s]
instructblip/pope/ricd/gqa/adversarial/seed1:  71%|███████   | 2129/3000 [06:11<02:33,  5.69it/s]
instructblip/pope/ricd/gqa/adversarial/seed1:  71%|███████   | 2130/3000 [06:11<02:30,  5.78it/s]
instructblip/pope/ricd/gqa/adversarial/seed1:  71%|███████   | 2131/3000 [06:11<02:32,  5.71it/s]
instructblip/pope/ricd/gqa/adversarial/seed1:  71%|███████   | 2132/3000 [06:12<02:34,  5.63it/s]
instructblip/pope/ricd/gqa/adversarial/seed1:  71%|███████   | 2133/3000 [06:12<02:37,  5.52it/s]
instructblip/pope/ricd/gqa/adversarial/seed1:  71%|███████   | 2134/3000 [06:12<02:37,  5.52it/s]
instructblip/pope/ricd/gqa/adversarial/seed1:  71%|███████   | 2135/3000 [06:12<02:37,  5.50it/s]
instructblip/pope/ricd/gqa/adversarial/seed1:  71%|███████   | 2136/3000 [06:12<02:36,  5.51it/s]
instructblip/pope/ricd/gqa/adversarial/seed1:  71%|███████   | 2137/3000 [06:12<02:34,  5.57it/s]
instructblip/pope/ricd/gqa/adversarial/seed1:  71%|███████▏  | 2138/3000 [06:13<02:31,  5.69it/s]
instructblip/pope/ricd/gqa/adversarial/seed1:  71%|███████▏  | 2139/3000 [06:13<02:31,  5.69it/s]
instructblip/pope/ricd/gqa/adversarial/seed1:  71%|███████▏  | 2140/3000 [06:13<02:29,  5.74it/s]
instructblip/pope/ricd/gqa/adversarial/seed1:  71%|███████▏  | 2141/3000 [06:13<02:27,  5.81it/s]
instructblip/pope/ricd/gqa/adversarial/seed1:  71%|███████▏  | 2142/3000 [06:13<02:29,  5.74it/s]
instructblip/pope/ricd/gqa/adversarial/seed1:  71%|███████▏  | 2143/3000 [06:13<02:30,  5.70it/s]
instructblip/pope/ricd/gqa/adversarial/seed1:  71%|███████▏  | 2144/3000 [06:14<02:29,  5.74it/s]
instructblip/pope/ricd/gqa/adversarial/seed1:  72%|███████▏  | 2145/3000 [06:14<02:30,  5.68it/s]
instructblip/pope/ricd/gqa/adversarial/seed1:  72%|███████▏  | 2146/3000 [06:14<02:41,  5.29it/s]
instructblip/pope/ricd/gqa/adversarial/seed1:  72%|███████▏  | 2147/3000 [06:14<02:35,  5.49it/s]
instructblip/pope/ricd/gqa/adversarial/seed1:  72%|███████▏  | 2148/3000 [06:14<02:40,  5.32it/s]
instructblip/pope/ricd/gqa/adversarial/seed1:  72%|███████▏  | 2149/3000 [06:15<02:36,  5.44it/s]
instructblip/pope/ricd/gqa/adversarial/seed1:  72%|███████▏  | 2150/3000 [06:15<02:36,  5.43it/s]
instructblip/pope/ricd/gqa/adversarial/seed1:  72%|███████▏  | 2151/3000 [06:15<02:43,  5.19it/s]
instructblip/pope/ricd/gqa/adversarial/seed1:  72%|███████▏  | 2152/3000 [06:15<02:40,  5.27it/s]
instructblip/pope/ricd/gqa/adversarial/seed1:  72%|███████▏  | 2153/3000 [06:15<02:35,  5.46it/s]
instructblip/pope/ricd/gqa/adversarial/seed1:  72%|███████▏  | 2154/3000 [06:16<02:36,  5.41it/s]
instructblip/pope/ricd/gqa/adversarial/seed1:  72%|███████▏  | 2155/3000 [06:16<02:39,  5.30it/s]
instructblip/pope/ricd/gqa/adversarial/seed1:  72%|███████▏  | 2156/3000 [06:16<02:36,  5.41it/s]
instructblip/pope/ricd/gqa/adversarial/seed1:  72%|███████▏  | 2157/3000 [06:16<02:41,  5.21it/s]
instructblip/pope/ricd/gqa/adversarial/seed1:  72%|███████▏  | 2158/3000 [06:16<02:42,  5.17it/s]
instructblip/pope/ricd/gqa/adversarial/seed1:  72%|███████▏  | 2159/3000 [06:17<02:40,  5.22it/s]
instructblip/pope/ricd/gqa/adversarial/seed1:  72%|███████▏  | 2160/3000 [06:17<02:38,  5.29it/s]
instructblip/pope/ricd/gqa/adversarial/seed1:  72%|███████▏  | 2161/3000 [06:17<02:33,  5.46it/s]
instructblip/pope/ricd/gqa/adversarial/seed1:  72%|███████▏  | 2162/3000 [06:17<02:44,  5.09it/s]
instructblip/pope/ricd/gqa/adversarial/seed1:  72%|███████▏  | 2163/3000 [06:17<02:38,  5.29it/s]
instructblip/pope/ricd/gqa/adversarial/seed1:  72%|███████▏  | 2164/3000 [06:17<02:47,  4.99it/s]
instructblip/pope/ricd/gqa/adversarial/seed1:  72%|███████▏  | 2165/3000 [06:18<02:50,  4.89it/s]
instructblip/pope/ricd/gqa/adversarial/seed1:  72%|███████▏  | 2166/3000 [06:18<02:42,  5.13it/s]
instructblip/pope/ricd/gqa/adversarial/seed1:  72%|███████▏  | 2167/3000 [06:18<02:35,  5.34it/s]
instructblip/pope/ricd/gqa/adversarial/seed1:  72%|███████▏  | 2168/3000 [06:18<02:34,  5.40it/s]
instructblip/pope/ricd/gqa/adversarial/seed1:  72%|███████▏  | 2169/3000 [06:18<02:31,  5.49it/s]
instructblip/pope/ricd/gqa/adversarial/seed1:  72%|███████▏  | 2170/3000 [06:19<02:27,  5.61it/s]
instructblip/pope/ricd/gqa/adversarial/seed1:  72%|███████▏  | 2171/3000 [06:19<02:25,  5.69it/s]
instructblip/pope/ricd/gqa/adversarial/seed1:  72%|███████▏  | 2172/3000 [06:19<02:23,  5.78it/s]
instructblip/pope/ricd/gqa/adversarial/seed1:  72%|███████▏  | 2173/3000 [06:19<02:23,  5.78it/s]
instructblip/pope/ricd/gqa/adversarial/seed1:  72%|███████▏  | 2174/3000 [06:19<02:26,  5.65it/s]
instructblip/pope/ricd/gqa/adversarial/seed1:  72%|███████▎  | 2175/3000 [06:19<02:23,  5.77it/s]
instructblip/pope/ricd/gqa/adversarial/seed1:  73%|███████▎  | 2176/3000 [06:20<02:27,  5.57it/s]
instructblip/pope/ricd/gqa/adversarial/seed1:  73%|███████▎  | 2177/3000 [06:20<02:30,  5.49it/s]
instructblip/pope/ricd/gqa/adversarial/seed1:  73%|███████▎  | 2178/3000 [06:20<02:26,  5.59it/s]
instructblip/pope/ricd/gqa/adversarial/seed1:  73%|███████▎  | 2179/3000 [06:20<02:27,  5.55it/s]
instructblip/pope/ricd/gqa/adversarial/seed1:  73%|███████▎  | 2180/3000 [06:20<02:24,  5.68it/s]
instructblip/pope/ricd/gqa/adversarial/seed1:  73%|███████▎  | 2181/3000 [06:20<02:22,  5.74it/s]
instructblip/pope/ricd/gqa/adversarial/seed1:  73%|███████▎  | 2182/3000 [06:21<02:19,  5.85it/s]
instructblip/pope/ricd/gqa/adversarial/seed1:  73%|███████▎  | 2183/3000 [06:21<02:18,  5.88it/s]
instructblip/pope/ricd/gqa/adversarial/seed1:  73%|███████▎  | 2184/3000 [06:21<02:33,  5.33it/s]
instructblip/pope/ricd/gqa/adversarial/seed1:  73%|███████▎  | 2185/3000 [06:21<02:39,  5.11it/s]
instructblip/pope/ricd/gqa/adversarial/seed1:  73%|███████▎  | 2186/3000 [06:21<02:34,  5.26it/s]
instructblip/pope/ricd/gqa/adversarial/seed1:  73%|███████▎  | 2187/3000 [06:22<02:30,  5.40it/s]
instructblip/pope/ricd/gqa/adversarial/seed1:  73%|███████▎  | 2188/3000 [06:22<02:29,  5.43it/s]
instructblip/pope/ricd/gqa/adversarial/seed1:  73%|███████▎  | 2189/3000 [06:22<02:28,  5.47it/s]
instructblip/pope/ricd/gqa/adversarial/seed1:  73%|███████▎  | 2190/3000 [06:22<02:29,  5.41it/s]
instructblip/pope/ricd/gqa/adversarial/seed1:  73%|███████▎  | 2191/3000 [06:22<02:26,  5.54it/s]
instructblip/pope/ricd/gqa/adversarial/seed1:  73%|███████▎  | 2192/3000 [06:23<02:26,  5.52it/s]
instructblip/pope/ricd/gqa/adversarial/seed1:  73%|███████▎  | 2193/3000 [06:23<02:25,  5.56it/s]
instructblip/pope/ricd/gqa/adversarial/seed1:  73%|███████▎  | 2194/3000 [06:23<02:20,  5.72it/s]
instructblip/pope/ricd/gqa/adversarial/seed1:  73%|███████▎  | 2195/3000 [06:23<02:20,  5.72it/s]
instructblip/pope/ricd/gqa/adversarial/seed1:  73%|███████▎  | 2196/3000 [06:23<02:20,  5.72it/s]
instructblip/pope/ricd/gqa/adversarial/seed1:  73%|███████▎  | 2197/3000 [06:23<02:19,  5.76it/s]
instructblip/pope/ricd/gqa/adversarial/seed1:  73%|███████▎  | 2198/3000 [06:24<02:20,  5.70it/s]
instructblip/pope/ricd/gqa/adversarial/seed1:  73%|███████▎  | 2199/3000 [06:24<02:19,  5.76it/s]
instructblip/pope/ricd/gqa/adversarial/seed1:  73%|███████▎  | 2200/3000 [06:24<02:17,  5.81it/s]
instructblip/pope/ricd/gqa/adversarial/seed1:  73%|███████▎  | 2201/3000 [06:24<02:16,  5.84it/s]
instructblip/pope/ricd/gqa/adversarial/seed1:  73%|███████▎  | 2202/3000 [06:24<02:18,  5.75it/s]
instructblip/pope/ricd/gqa/adversarial/seed1:  73%|███████▎  | 2203/3000 [06:24<02:17,  5.80it/s]
instructblip/pope/ricd/gqa/adversarial/seed1:  73%|███████▎  | 2204/3000 [06:25<02:16,  5.84it/s]
instructblip/pope/ricd/gqa/adversarial/seed1:  74%|███████▎  | 2205/3000 [06:25<02:17,  5.79it/s]
instructblip/pope/ricd/gqa/adversarial/seed1:  74%|███████▎  | 2206/3000 [06:25<02:15,  5.85it/s]
instructblip/pope/ricd/gqa/adversarial/seed1:  74%|███████▎  | 2207/3000 [06:25<02:16,  5.80it/s]
instructblip/pope/ricd/gqa/adversarial/seed1:  74%|███████▎  | 2208/3000 [06:25<02:16,  5.82it/s]
instructblip/pope/ricd/gqa/adversarial/seed1:  74%|███████▎  | 2209/3000 [06:25<02:18,  5.70it/s]
instructblip/pope/ricd/gqa/adversarial/seed1:  74%|███████▎  | 2210/3000 [06:26<02:15,  5.84it/s]
instructblip/pope/ricd/gqa/adversarial/seed1:  74%|███████▎  | 2211/3000 [06:26<02:31,  5.20it/s]
instructblip/pope/ricd/gqa/adversarial/seed1:  74%|███████▎  | 2212/3000 [06:26<02:38,  4.97it/s]
instructblip/pope/ricd/gqa/adversarial/seed1:  74%|███████▍  | 2213/3000 [06:26<02:32,  5.18it/s]
instructblip/pope/ricd/gqa/adversarial/seed1:  74%|███████▍  | 2214/3000 [06:26<02:26,  5.35it/s]
instructblip/pope/ricd/gqa/adversarial/seed1:  74%|███████▍  | 2215/3000 [06:27<02:23,  5.49it/s]
instructblip/pope/ricd/gqa/adversarial/seed1:  74%|███████▍  | 2216/3000 [06:27<02:23,  5.48it/s]
instructblip/pope/ricd/gqa/adversarial/seed1:  74%|███████▍  | 2217/3000 [06:27<02:19,  5.62it/s]
instructblip/pope/ricd/gqa/adversarial/seed1:  74%|███████▍  | 2218/3000 [06:27<02:16,  5.71it/s]
instructblip/pope/ricd/gqa/adversarial/seed1:  74%|███████▍  | 2219/3000 [06:27<02:17,  5.69it/s]
instructblip/pope/ricd/gqa/adversarial/seed1:  74%|███████▍  | 2220/3000 [06:27<02:17,  5.68it/s]
instructblip/pope/ricd/gqa/adversarial/seed1:  74%|███████▍  | 2221/3000 [06:28<02:14,  5.80it/s]
instructblip/pope/ricd/gqa/adversarial/seed1:  74%|███████▍  | 2222/3000 [06:28<02:15,  5.76it/s]
instructblip/pope/ricd/gqa/adversarial/seed1:  74%|███████▍  | 2223/3000 [06:28<02:19,  5.59it/s]
instructblip/pope/ricd/gqa/adversarial/seed1:  74%|███████▍  | 2224/3000 [06:28<02:16,  5.68it/s]
instructblip/pope/ricd/gqa/adversarial/seed1:  74%|███████▍  | 2225/3000 [06:28<02:19,  5.57it/s]
instructblip/pope/ricd/gqa/adversarial/seed1:  74%|███████▍  | 2226/3000 [06:29<02:16,  5.65it/s]
instructblip/pope/ricd/gqa/adversarial/seed1:  74%|███████▍  | 2227/3000 [06:29<02:12,  5.81it/s]
instructblip/pope/ricd/gqa/adversarial/seed1:  74%|███████▍  | 2228/3000 [06:29<02:12,  5.80it/s]
instructblip/pope/ricd/gqa/adversarial/seed1:  74%|███████▍  | 2229/3000 [06:29<02:12,  5.84it/s]
instructblip/pope/ricd/gqa/adversarial/seed1:  74%|███████▍  | 2230/3000 [06:29<02:11,  5.85it/s]
instructblip/pope/ricd/gqa/adversarial/seed1:  74%|███████▍  | 2231/3000 [06:29<02:15,  5.69it/s]
instructblip/pope/ricd/gqa/adversarial/seed1:  74%|███████▍  | 2232/3000 [06:30<02:14,  5.70it/s]
instructblip/pope/ricd/gqa/adversarial/seed1:  74%|███████▍  | 2233/3000 [06:30<02:11,  5.82it/s]
instructblip/pope/ricd/gqa/adversarial/seed1:  74%|███████▍  | 2234/3000 [06:30<02:15,  5.66it/s]
instructblip/pope/ricd/gqa/adversarial/seed1:  74%|███████▍  | 2235/3000 [06:30<02:12,  5.76it/s]
instructblip/pope/ricd/gqa/adversarial/seed1:  75%|███████▍  | 2236/3000 [06:30<02:13,  5.70it/s]
instructblip/pope/ricd/gqa/adversarial/seed1:  75%|███████▍  | 2237/3000 [06:30<02:17,  5.56it/s]
instructblip/pope/ricd/gqa/adversarial/seed1:  75%|███████▍  | 2238/3000 [06:31<02:19,  5.46it/s]
instructblip/pope/ricd/gqa/adversarial/seed1:  75%|███████▍  | 2239/3000 [06:31<02:23,  5.32it/s]
instructblip/pope/ricd/gqa/adversarial/seed1:  75%|███████▍  | 2240/3000 [06:31<02:20,  5.42it/s]
instructblip/pope/ricd/gqa/adversarial/seed1:  75%|███████▍  | 2241/3000 [06:31<02:18,  5.50it/s]
instructblip/pope/ricd/gqa/adversarial/seed1:  75%|███████▍  | 2242/3000 [06:31<02:17,  5.49it/s]
instructblip/pope/ricd/gqa/adversarial/seed1:  75%|███████▍  | 2243/3000 [06:32<02:20,  5.37it/s]
instructblip/pope/ricd/gqa/adversarial/seed1:  75%|███████▍  | 2244/3000 [06:32<02:20,  5.38it/s]
instructblip/pope/ricd/gqa/adversarial/seed1:  75%|███████▍  | 2245/3000 [06:32<02:18,  5.47it/s]
instructblip/pope/ricd/gqa/adversarial/seed1:  75%|███████▍  | 2246/3000 [06:32<02:19,  5.41it/s]
instructblip/pope/ricd/gqa/adversarial/seed1:  75%|███████▍  | 2247/3000 [06:32<02:19,  5.39it/s]
instructblip/pope/ricd/gqa/adversarial/seed1:  75%|███████▍  | 2248/3000 [06:33<02:20,  5.34it/s]
instructblip/pope/ricd/gqa/adversarial/seed1:  75%|███████▍  | 2249/3000 [06:33<02:17,  5.47it/s]
instructblip/pope/ricd/gqa/adversarial/seed1:  75%|███████▌  | 2250/3000 [06:33<02:13,  5.62it/s]
instructblip/pope/ricd/gqa/adversarial/seed1:  75%|███████▌  | 2251/3000 [06:33<02:16,  5.49it/s]
instructblip/pope/ricd/gqa/adversarial/seed1:  75%|███████▌  | 2252/3000 [06:33<02:16,  5.47it/s]
instructblip/pope/ricd/gqa/adversarial/seed1:  75%|███████▌  | 2253/3000 [06:33<02:20,  5.31it/s]
instructblip/pope/ricd/gqa/adversarial/seed1:  75%|███████▌  | 2254/3000 [06:34<02:19,  5.33it/s]
instructblip/pope/ricd/gqa/adversarial/seed1:  75%|███████▌  | 2255/3000 [06:34<02:18,  5.38it/s]
instructblip/pope/ricd/gqa/adversarial/seed1:  75%|███████▌  | 2256/3000 [06:34<02:16,  5.46it/s]
instructblip/pope/ricd/gqa/adversarial/seed1:  75%|███████▌  | 2257/3000 [06:34<02:13,  5.57it/s]
instructblip/pope/ricd/gqa/adversarial/seed1:  75%|███████▌  | 2258/3000 [06:34<02:10,  5.69it/s]
instructblip/pope/ricd/gqa/adversarial/seed1:  75%|███████▌  | 2259/3000 [06:34<02:10,  5.70it/s]
instructblip/pope/ricd/gqa/adversarial/seed1:  75%|███████▌  | 2260/3000 [06:35<02:09,  5.73it/s]
instructblip/pope/ricd/gqa/adversarial/seed1:  75%|███████▌  | 2261/3000 [06:35<02:07,  5.78it/s]
instructblip/pope/ricd/gqa/adversarial/seed1:  75%|███████▌  | 2262/3000 [06:35<02:06,  5.84it/s]
instructblip/pope/ricd/gqa/adversarial/seed1:  75%|███████▌  | 2263/3000 [06:35<02:05,  5.89it/s]
instructblip/pope/ricd/gqa/adversarial/seed1:  75%|███████▌  | 2264/3000 [06:35<02:04,  5.91it/s]
instructblip/pope/ricd/gqa/adversarial/seed1:  76%|███████▌  | 2265/3000 [06:36<02:06,  5.79it/s]
instructblip/pope/ricd/gqa/adversarial/seed1:  76%|███████▌  | 2266/3000 [06:36<02:08,  5.73it/s]
instructblip/pope/ricd/gqa/adversarial/seed1:  76%|███████▌  | 2267/3000 [06:36<02:05,  5.83it/s]
instructblip/pope/ricd/gqa/adversarial/seed1:  76%|███████▌  | 2268/3000 [06:36<02:16,  5.35it/s]
instructblip/pope/ricd/gqa/adversarial/seed1:  76%|███████▌  | 2269/3000 [06:36<02:18,  5.29it/s]
instructblip/pope/ricd/gqa/adversarial/seed1:  76%|███████▌  | 2270/3000 [06:36<02:13,  5.45it/s]
instructblip/pope/ricd/gqa/adversarial/seed1:  76%|███████▌  | 2271/3000 [06:37<02:17,  5.32it/s]
instructblip/pope/ricd/gqa/adversarial/seed1:  76%|███████▌  | 2272/3000 [06:37<02:13,  5.45it/s]
instructblip/pope/ricd/gqa/adversarial/seed1:  76%|███████▌  | 2273/3000 [06:37<02:10,  5.59it/s]
instructblip/pope/ricd/gqa/adversarial/seed1:  76%|███████▌  | 2274/3000 [06:37<02:09,  5.60it/s]
instructblip/pope/ricd/gqa/adversarial/seed1:  76%|███████▌  | 2275/3000 [06:37<02:07,  5.71it/s]
instructblip/pope/ricd/gqa/adversarial/seed1:  76%|███████▌  | 2276/3000 [06:38<02:09,  5.59it/s]
instructblip/pope/ricd/gqa/adversarial/seed1:  76%|███████▌  | 2277/3000 [06:38<02:09,  5.58it/s]
instructblip/pope/ricd/gqa/adversarial/seed1:  76%|███████▌  | 2278/3000 [06:38<02:08,  5.60it/s]
instructblip/pope/ricd/gqa/adversarial/seed1:  76%|███████▌  | 2279/3000 [06:38<02:05,  5.75it/s]
instructblip/pope/ricd/gqa/adversarial/seed1:  76%|███████▌  | 2280/3000 [06:38<02:06,  5.68it/s]
instructblip/pope/ricd/gqa/adversarial/seed1:  76%|███████▌  | 2281/3000 [06:38<02:09,  5.56it/s]
instructblip/pope/ricd/gqa/adversarial/seed1:  76%|███████▌  | 2282/3000 [06:39<02:08,  5.59it/s]
instructblip/pope/ricd/gqa/adversarial/seed1:  76%|███████▌  | 2283/3000 [06:39<02:10,  5.50it/s]
instructblip/pope/ricd/gqa/adversarial/seed1:  76%|███████▌  | 2284/3000 [06:39<02:10,  5.51it/s]
instructblip/pope/ricd/gqa/adversarial/seed1:  76%|███████▌  | 2285/3000 [06:39<02:07,  5.60it/s]
instructblip/pope/ricd/gqa/adversarial/seed1:  76%|███████▌  | 2286/3000 [06:39<02:08,  5.56it/s]
instructblip/pope/ricd/gqa/adversarial/seed1:  76%|███████▌  | 2287/3000 [06:39<02:09,  5.52it/s]
instructblip/pope/ricd/gqa/adversarial/seed1:  76%|███████▋  | 2288/3000 [06:40<02:06,  5.61it/s]
instructblip/pope/ricd/gqa/adversarial/seed1:  76%|███████▋  | 2289/3000 [06:40<02:06,  5.62it/s]
instructblip/pope/ricd/gqa/adversarial/seed1:  76%|███████▋  | 2290/3000 [06:40<02:08,  5.51it/s]
instructblip/pope/ricd/gqa/adversarial/seed1:  76%|███████▋  | 2291/3000 [06:40<02:06,  5.60it/s]
instructblip/pope/ricd/gqa/adversarial/seed1:  76%|███████▋  | 2292/3000 [06:40<02:03,  5.71it/s]
instructblip/pope/ricd/gqa/adversarial/seed1:  76%|███████▋  | 2293/3000 [06:41<02:02,  5.78it/s]
instructblip/pope/ricd/gqa/adversarial/seed1:  76%|███████▋  | 2294/3000 [06:41<01:59,  5.89it/s]
instructblip/pope/ricd/gqa/adversarial/seed1:  76%|███████▋  | 2295/3000 [06:41<01:58,  5.93it/s]
instructblip/pope/ricd/gqa/adversarial/seed1:  77%|███████▋  | 2296/3000 [06:41<01:58,  5.95it/s]
instructblip/pope/ricd/gqa/adversarial/seed1:  77%|███████▋  | 2297/3000 [06:41<01:58,  5.93it/s]
instructblip/pope/ricd/gqa/adversarial/seed1:  77%|███████▋  | 2298/3000 [06:41<01:59,  5.88it/s]
instructblip/pope/ricd/gqa/adversarial/seed1:  77%|███████▋  | 2299/3000 [06:42<01:58,  5.93it/s]
instructblip/pope/ricd/gqa/adversarial/seed1:  77%|███████▋  | 2300/3000 [06:42<01:57,  5.94it/s]
instructblip/pope/ricd/gqa/adversarial/seed1:  77%|███████▋  | 2301/3000 [06:42<01:55,  6.03it/s]
instructblip/pope/ricd/gqa/adversarial/seed1:  77%|███████▋  | 2302/3000 [06:42<01:57,  5.95it/s]
instructblip/pope/ricd/gqa/adversarial/seed1:  77%|███████▋  | 2303/3000 [06:42<01:56,  6.01it/s]
instructblip/pope/ricd/gqa/adversarial/seed1:  77%|███████▋  | 2304/3000 [06:42<01:54,  6.06it/s]
instructblip/pope/ricd/gqa/adversarial/seed1:  77%|███████▋  | 2305/3000 [06:43<01:54,  6.07it/s]
instructblip/pope/ricd/gqa/adversarial/seed1:  77%|███████▋  | 2306/3000 [06:43<01:54,  6.06it/s]
instructblip/pope/ricd/gqa/adversarial/seed1:  77%|███████▋  | 2307/3000 [06:43<01:54,  6.04it/s]
instructblip/pope/ricd/gqa/adversarial/seed1:  77%|███████▋  | 2308/3000 [06:43<01:58,  5.85it/s]
instructblip/pope/ricd/gqa/adversarial/seed1:  77%|███████▋  | 2309/3000 [06:43<02:01,  5.67it/s]
instructblip/pope/ricd/gqa/adversarial/seed1:  77%|███████▋  | 2310/3000 [06:43<02:03,  5.58it/s]
instructblip/pope/ricd/gqa/adversarial/seed1:  77%|███████▋  | 2311/3000 [06:44<02:03,  5.58it/s]
instructblip/pope/ricd/gqa/adversarial/seed1:  77%|███████▋  | 2312/3000 [06:44<02:00,  5.69it/s]
instructblip/pope/ricd/gqa/adversarial/seed1:  77%|███████▋  | 2313/3000 [06:44<01:58,  5.79it/s]
instructblip/pope/ricd/gqa/adversarial/seed1:  77%|███████▋  | 2314/3000 [06:44<02:01,  5.65it/s]
instructblip/pope/ricd/gqa/adversarial/seed1:  77%|███████▋  | 2315/3000 [06:44<02:02,  5.58it/s]
instructblip/pope/ricd/gqa/adversarial/seed1:  77%|███████▋  | 2316/3000 [06:44<02:00,  5.68it/s]
instructblip/pope/ricd/gqa/adversarial/seed1:  77%|███████▋  | 2317/3000 [06:45<01:58,  5.79it/s]
instructblip/pope/ricd/gqa/adversarial/seed1:  77%|███████▋  | 2318/3000 [06:45<02:01,  5.60it/s]
instructblip/pope/ricd/gqa/adversarial/seed1:  77%|███████▋  | 2319/3000 [06:45<01:59,  5.68it/s]
instructblip/pope/ricd/gqa/adversarial/seed1:  77%|███████▋  | 2320/3000 [06:45<01:59,  5.68it/s]
instructblip/pope/ricd/gqa/adversarial/seed1:  77%|███████▋  | 2321/3000 [06:45<01:59,  5.69it/s]
instructblip/pope/ricd/gqa/adversarial/seed1:  77%|███████▋  | 2322/3000 [06:46<01:58,  5.74it/s]
instructblip/pope/ricd/gqa/adversarial/seed1:  77%|███████▋  | 2323/3000 [06:46<01:57,  5.77it/s]
instructblip/pope/ricd/gqa/adversarial/seed1:  77%|███████▋  | 2324/3000 [06:46<01:56,  5.80it/s]
instructblip/pope/ricd/gqa/adversarial/seed1:  78%|███████▊  | 2325/3000 [06:46<01:57,  5.75it/s]
instructblip/pope/ricd/gqa/adversarial/seed1:  78%|███████▊  | 2326/3000 [06:46<01:56,  5.76it/s]
instructblip/pope/ricd/gqa/adversarial/seed1:  78%|███████▊  | 2327/3000 [06:46<01:56,  5.80it/s]
instructblip/pope/ricd/gqa/adversarial/seed1:  78%|███████▊  | 2328/3000 [06:47<01:59,  5.61it/s]
instructblip/pope/ricd/gqa/adversarial/seed1:  78%|███████▊  | 2329/3000 [06:47<01:59,  5.62it/s]
instructblip/pope/ricd/gqa/adversarial/seed1:  78%|███████▊  | 2330/3000 [06:47<02:02,  5.47it/s]
instructblip/pope/ricd/gqa/adversarial/seed1:  78%|███████▊  | 2331/3000 [06:47<02:03,  5.42it/s]
instructblip/pope/ricd/gqa/adversarial/seed1:  78%|███████▊  | 2332/3000 [06:47<02:02,  5.45it/s]
instructblip/pope/ricd/gqa/adversarial/seed1:  78%|███████▊  | 2333/3000 [06:48<02:03,  5.40it/s]
instructblip/pope/ricd/gqa/adversarial/seed1:  78%|███████▊  | 2334/3000 [06:48<02:01,  5.46it/s]
instructblip/pope/ricd/gqa/adversarial/seed1:  78%|███████▊  | 2335/3000 [06:48<02:02,  5.41it/s]
instructblip/pope/ricd/gqa/adversarial/seed1:  78%|███████▊  | 2336/3000 [06:48<02:00,  5.49it/s]
instructblip/pope/ricd/gqa/adversarial/seed1:  78%|███████▊  | 2337/3000 [06:48<01:57,  5.66it/s]
instructblip/pope/ricd/gqa/adversarial/seed1:  78%|███████▊  | 2338/3000 [06:48<01:54,  5.76it/s]
instructblip/pope/ricd/gqa/adversarial/seed1:  78%|███████▊  | 2339/3000 [06:49<01:54,  5.79it/s]
instructblip/pope/ricd/gqa/adversarial/seed1:  78%|███████▊  | 2340/3000 [06:49<01:58,  5.55it/s]
instructblip/pope/ricd/gqa/adversarial/seed1:  78%|███████▊  | 2341/3000 [06:49<02:00,  5.46it/s]
instructblip/pope/ricd/gqa/adversarial/seed1:  78%|███████▊  | 2342/3000 [06:49<02:01,  5.42it/s]
instructblip/pope/ricd/gqa/adversarial/seed1:  78%|███████▊  | 2343/3000 [06:49<02:01,  5.42it/s]
instructblip/pope/ricd/gqa/adversarial/seed1:  78%|███████▊  | 2344/3000 [06:49<01:57,  5.60it/s]
instructblip/pope/ricd/gqa/adversarial/seed1:  78%|███████▊  | 2345/3000 [06:50<01:53,  5.77it/s]
instructblip/pope/ricd/gqa/adversarial/seed1:  78%|███████▊  | 2346/3000 [06:50<01:52,  5.79it/s]
instructblip/pope/ricd/gqa/adversarial/seed1:  78%|███████▊  | 2347/3000 [06:50<01:50,  5.88it/s]
instructblip/pope/ricd/gqa/adversarial/seed1:  78%|███████▊  | 2348/3000 [06:50<01:50,  5.93it/s]
instructblip/pope/ricd/gqa/adversarial/seed1:  78%|███████▊  | 2349/3000 [06:50<01:48,  5.98it/s]
instructblip/pope/ricd/gqa/adversarial/seed1:  78%|███████▊  | 2350/3000 [06:50<01:47,  6.02it/s]
instructblip/pope/ricd/gqa/adversarial/seed1:  78%|███████▊  | 2351/3000 [06:51<01:47,  6.01it/s]
instructblip/pope/ricd/gqa/adversarial/seed1:  78%|███████▊  | 2352/3000 [06:51<01:49,  5.94it/s]
instructblip/pope/ricd/gqa/adversarial/seed1:  78%|███████▊  | 2353/3000 [06:51<01:48,  5.97it/s]
instructblip/pope/ricd/gqa/adversarial/seed1:  78%|███████▊  | 2354/3000 [06:51<01:47,  6.02it/s]
instructblip/pope/ricd/gqa/adversarial/seed1:  78%|███████▊  | 2355/3000 [06:51<01:46,  6.05it/s]
instructblip/pope/ricd/gqa/adversarial/seed1:  79%|███████▊  | 2356/3000 [06:51<01:45,  6.09it/s]
instructblip/pope/ricd/gqa/adversarial/seed1:  79%|███████▊  | 2357/3000 [06:52<01:45,  6.12it/s]
instructblip/pope/ricd/gqa/adversarial/seed1:  79%|███████▊  | 2358/3000 [06:52<01:44,  6.12it/s]
instructblip/pope/ricd/gqa/adversarial/seed1:  79%|███████▊  | 2359/3000 [06:52<01:54,  5.62it/s]
instructblip/pope/ricd/gqa/adversarial/seed1:  79%|███████▊  | 2360/3000 [06:52<01:52,  5.71it/s]
instructblip/pope/ricd/gqa/adversarial/seed1:  79%|███████▊  | 2361/3000 [06:52<01:51,  5.76it/s]
instructblip/pope/ricd/gqa/adversarial/seed1:  79%|███████▊  | 2362/3000 [06:53<01:51,  5.70it/s]
instructblip/pope/ricd/gqa/adversarial/seed1:  79%|███████▉  | 2363/3000 [06:53<01:52,  5.68it/s]
instructblip/pope/ricd/gqa/adversarial/seed1:  79%|███████▉  | 2364/3000 [06:53<01:51,  5.71it/s]
instructblip/pope/ricd/gqa/adversarial/seed1:  79%|███████▉  | 2365/3000 [06:53<01:50,  5.74it/s]
instructblip/pope/ricd/gqa/adversarial/seed1:  79%|███████▉  | 2366/3000 [06:53<01:49,  5.78it/s]
instructblip/pope/ricd/gqa/adversarial/seed1:  79%|███████▉  | 2367/3000 [06:53<01:48,  5.83it/s]
instructblip/pope/ricd/gqa/adversarial/seed1:  79%|███████▉  | 2368/3000 [06:54<01:48,  5.82it/s]
instructblip/pope/ricd/gqa/adversarial/seed1:  79%|███████▉  | 2369/3000 [06:54<01:48,  5.81it/s]
instructblip/pope/ricd/gqa/adversarial/seed1:  79%|███████▉  | 2370/3000 [06:54<01:50,  5.70it/s]
instructblip/pope/ricd/gqa/adversarial/seed1:  79%|███████▉  | 2371/3000 [06:54<01:49,  5.74it/s]
instructblip/pope/ricd/gqa/adversarial/seed1:  79%|███████▉  | 2372/3000 [06:54<01:47,  5.86it/s]
instructblip/pope/ricd/gqa/adversarial/seed1:  79%|███████▉  | 2373/3000 [06:54<01:47,  5.84it/s]
instructblip/pope/ricd/gqa/adversarial/seed1:  79%|███████▉  | 2374/3000 [06:55<01:47,  5.84it/s]
instructblip/pope/ricd/gqa/adversarial/seed1:  79%|███████▉  | 2375/3000 [06:55<01:49,  5.71it/s]
instructblip/pope/ricd/gqa/adversarial/seed1:  79%|███████▉  | 2376/3000 [06:55<01:48,  5.77it/s]
instructblip/pope/ricd/gqa/adversarial/seed1:  79%|███████▉  | 2377/3000 [06:55<01:49,  5.71it/s]
instructblip/pope/ricd/gqa/adversarial/seed1:  79%|███████▉  | 2378/3000 [06:55<01:46,  5.84it/s]
instructblip/pope/ricd/gqa/adversarial/seed1:  79%|███████▉  | 2379/3000 [06:55<01:44,  5.92it/s]
instructblip/pope/ricd/gqa/adversarial/seed1:  79%|███████▉  | 2380/3000 [06:56<01:45,  5.85it/s]
instructblip/pope/ricd/gqa/adversarial/seed1:  79%|███████▉  | 2381/3000 [06:56<01:44,  5.92it/s]
instructblip/pope/ricd/gqa/adversarial/seed1:  79%|███████▉  | 2382/3000 [06:56<01:45,  5.85it/s]
instructblip/pope/ricd/gqa/adversarial/seed1:  79%|███████▉  | 2383/3000 [06:56<01:45,  5.84it/s]
instructblip/pope/ricd/gqa/adversarial/seed1:  79%|███████▉  | 2384/3000 [06:56<01:46,  5.78it/s]
instructblip/pope/ricd/gqa/adversarial/seed1:  80%|███████▉  | 2385/3000 [06:56<01:44,  5.89it/s]
instructblip/pope/ricd/gqa/adversarial/seed1:  80%|███████▉  | 2386/3000 [06:57<01:44,  5.88it/s]
instructblip/pope/ricd/gqa/adversarial/seed1:  80%|███████▉  | 2387/3000 [06:57<01:47,  5.70it/s]
instructblip/pope/ricd/gqa/adversarial/seed1:  80%|███████▉  | 2388/3000 [06:57<01:47,  5.68it/s]
instructblip/pope/ricd/gqa/adversarial/seed1:  80%|███████▉  | 2389/3000 [06:57<01:45,  5.78it/s]
instructblip/pope/ricd/gqa/adversarial/seed1:  80%|███████▉  | 2390/3000 [06:57<01:44,  5.81it/s]
instructblip/pope/ricd/gqa/adversarial/seed1:  80%|███████▉  | 2391/3000 [06:58<01:45,  5.76it/s]
instructblip/pope/ricd/gqa/adversarial/seed1:  80%|███████▉  | 2392/3000 [06:58<01:43,  5.85it/s]
instructblip/pope/ricd/gqa/adversarial/seed1:  80%|███████▉  | 2393/3000 [06:58<01:44,  5.80it/s]
instructblip/pope/ricd/gqa/adversarial/seed1:  80%|███████▉  | 2394/3000 [06:58<01:46,  5.68it/s]
instructblip/pope/ricd/gqa/adversarial/seed1:  80%|███████▉  | 2395/3000 [06:58<01:47,  5.61it/s]
instructblip/pope/ricd/gqa/adversarial/seed1:  80%|███████▉  | 2396/3000 [06:58<01:51,  5.44it/s]
instructblip/pope/ricd/gqa/adversarial/seed1:  80%|███████▉  | 2397/3000 [06:59<01:50,  5.43it/s]
instructblip/pope/ricd/gqa/adversarial/seed1:  80%|███████▉  | 2398/3000 [06:59<01:50,  5.44it/s]
instructblip/pope/ricd/gqa/adversarial/seed1:  80%|███████▉  | 2399/3000 [06:59<01:50,  5.44it/s]
instructblip/pope/ricd/gqa/adversarial/seed1:  80%|████████  | 2400/3000 [06:59<01:49,  5.48it/s]
instructblip/pope/ricd/gqa/adversarial/seed1:  80%|████████  | 2401/3000 [06:59<01:50,  5.41it/s]
instructblip/pope/ricd/gqa/adversarial/seed1:  80%|████████  | 2402/3000 [07:00<01:50,  5.40it/s]
instructblip/pope/ricd/gqa/adversarial/seed1:  80%|████████  | 2403/3000 [07:00<01:47,  5.53it/s]
instructblip/pope/ricd/gqa/adversarial/seed1:  80%|████████  | 2404/3000 [07:00<01:48,  5.50it/s]
instructblip/pope/ricd/gqa/adversarial/seed1:  80%|████████  | 2405/3000 [07:00<01:46,  5.60it/s]
instructblip/pope/ricd/gqa/adversarial/seed1:  80%|████████  | 2406/3000 [07:00<01:47,  5.52it/s]
instructblip/pope/ricd/gqa/adversarial/seed1:  80%|████████  | 2407/3000 [07:00<01:47,  5.51it/s]
instructblip/pope/ricd/gqa/adversarial/seed1:  80%|████████  | 2408/3000 [07:01<01:45,  5.60it/s]
instructblip/pope/ricd/gqa/adversarial/seed1:  80%|████████  | 2409/3000 [07:01<01:42,  5.75it/s]
instructblip/pope/ricd/gqa/adversarial/seed1:  80%|████████  | 2410/3000 [07:01<01:43,  5.67it/s]
instructblip/pope/ricd/gqa/adversarial/seed1:  80%|████████  | 2411/3000 [07:01<01:43,  5.69it/s]
instructblip/pope/ricd/gqa/adversarial/seed1:  80%|████████  | 2412/3000 [07:01<01:45,  5.56it/s]
instructblip/pope/ricd/gqa/adversarial/seed1:  80%|████████  | 2413/3000 [07:01<01:42,  5.72it/s]
instructblip/pope/ricd/gqa/adversarial/seed1:  80%|████████  | 2414/3000 [07:02<01:40,  5.84it/s]
instructblip/pope/ricd/gqa/adversarial/seed1:  80%|████████  | 2415/3000 [07:02<01:42,  5.72it/s]
instructblip/pope/ricd/gqa/adversarial/seed1:  81%|████████  | 2416/3000 [07:02<01:41,  5.74it/s]
instructblip/pope/ricd/gqa/adversarial/seed1:  81%|████████  | 2417/3000 [07:02<01:39,  5.86it/s]
instructblip/pope/ricd/gqa/adversarial/seed1:  81%|████████  | 2418/3000 [07:02<01:38,  5.92it/s]
instructblip/pope/ricd/gqa/adversarial/seed1:  81%|████████  | 2419/3000 [07:03<01:43,  5.63it/s]
instructblip/pope/ricd/gqa/adversarial/seed1:  81%|████████  | 2420/3000 [07:03<01:44,  5.56it/s]
instructblip/pope/ricd/gqa/adversarial/seed1:  81%|████████  | 2421/3000 [07:03<01:43,  5.58it/s]
instructblip/pope/ricd/gqa/adversarial/seed1:  81%|████████  | 2422/3000 [07:03<01:43,  5.59it/s]
instructblip/pope/ricd/gqa/adversarial/seed1:  81%|████████  | 2423/3000 [07:03<01:42,  5.61it/s]
instructblip/pope/ricd/gqa/adversarial/seed1:  81%|████████  | 2424/3000 [07:03<01:42,  5.60it/s]
instructblip/pope/ricd/gqa/adversarial/seed1:  81%|████████  | 2425/3000 [07:04<01:39,  5.75it/s]
instructblip/pope/ricd/gqa/adversarial/seed1:  81%|████████  | 2426/3000 [07:04<01:39,  5.78it/s]
instructblip/pope/ricd/gqa/adversarial/seed1:  81%|████████  | 2427/3000 [07:04<01:37,  5.90it/s]
instructblip/pope/ricd/gqa/adversarial/seed1:  81%|████████  | 2428/3000 [07:04<01:35,  6.00it/s]
instructblip/pope/ricd/gqa/adversarial/seed1:  81%|████████  | 2429/3000 [07:04<01:34,  6.06it/s]
instructblip/pope/ricd/gqa/adversarial/seed1:  81%|████████  | 2430/3000 [07:04<01:34,  6.05it/s]
instructblip/pope/ricd/gqa/adversarial/seed1:  81%|████████  | 2431/3000 [07:05<01:34,  6.04it/s]
instructblip/pope/ricd/gqa/adversarial/seed1:  81%|████████  | 2432/3000 [07:05<01:56,  4.88it/s]
instructblip/pope/ricd/gqa/adversarial/seed1:  81%|████████  | 2433/3000 [07:05<01:49,  5.19it/s]
instructblip/pope/ricd/gqa/adversarial/seed1:  81%|████████  | 2434/3000 [07:05<01:45,  5.36it/s]
instructblip/pope/ricd/gqa/adversarial/seed1:  81%|████████  | 2435/3000 [07:05<01:41,  5.58it/s]
instructblip/pope/ricd/gqa/adversarial/seed1:  81%|████████  | 2436/3000 [07:06<01:38,  5.72it/s]
instructblip/pope/ricd/gqa/adversarial/seed1:  81%|████████  | 2437/3000 [07:06<01:37,  5.77it/s]
instructblip/pope/ricd/gqa/adversarial/seed1:  81%|████████▏ | 2438/3000 [07:06<01:37,  5.77it/s]
instructblip/pope/ricd/gqa/adversarial/seed1:  81%|████████▏ | 2439/3000 [07:06<01:35,  5.87it/s]
instructblip/pope/ricd/gqa/adversarial/seed1:  81%|████████▏ | 2440/3000 [07:06<01:38,  5.70it/s]
instructblip/pope/ricd/gqa/adversarial/seed1:  81%|████████▏ | 2441/3000 [07:06<01:39,  5.61it/s]
instructblip/pope/ricd/gqa/adversarial/seed1:  81%|████████▏ | 2442/3000 [07:07<01:38,  5.67it/s]
instructblip/pope/ricd/gqa/adversarial/seed1:  81%|████████▏ | 2443/3000 [07:07<01:40,  5.53it/s]
instructblip/pope/ricd/gqa/adversarial/seed1:  81%|████████▏ | 2444/3000 [07:07<01:39,  5.61it/s]
instructblip/pope/ricd/gqa/adversarial/seed1:  82%|████████▏ | 2445/3000 [07:07<01:36,  5.75it/s]
instructblip/pope/ricd/gqa/adversarial/seed1:  82%|████████▏ | 2446/3000 [07:07<01:35,  5.81it/s]
instructblip/pope/ricd/gqa/adversarial/seed1:  82%|████████▏ | 2447/3000 [07:07<01:34,  5.87it/s]
instructblip/pope/ricd/gqa/adversarial/seed1:  82%|████████▏ | 2448/3000 [07:08<01:33,  5.88it/s]
instructblip/pope/ricd/gqa/adversarial/seed1:  82%|████████▏ | 2449/3000 [07:08<01:32,  5.95it/s]
instructblip/pope/ricd/gqa/adversarial/seed1:  82%|████████▏ | 2450/3000 [07:08<01:32,  5.97it/s]
instructblip/pope/ricd/gqa/adversarial/seed1:  82%|████████▏ | 2451/3000 [07:08<01:32,  5.94it/s]
instructblip/pope/ricd/gqa/adversarial/seed1:  82%|████████▏ | 2452/3000 [07:08<01:32,  5.93it/s]
instructblip/pope/ricd/gqa/adversarial/seed1:  82%|████████▏ | 2453/3000 [07:08<01:31,  5.95it/s]
instructblip/pope/ricd/gqa/adversarial/seed1:  82%|████████▏ | 2454/3000 [07:09<01:31,  5.94it/s]
instructblip/pope/ricd/gqa/adversarial/seed1:  82%|████████▏ | 2455/3000 [07:09<01:31,  5.97it/s]
instructblip/pope/ricd/gqa/adversarial/seed1:  82%|████████▏ | 2456/3000 [07:09<01:32,  5.89it/s]
instructblip/pope/ricd/gqa/adversarial/seed1:  82%|████████▏ | 2457/3000 [07:09<01:31,  5.96it/s]
instructblip/pope/ricd/gqa/adversarial/seed1:  82%|████████▏ | 2458/3000 [07:09<01:31,  5.90it/s]
instructblip/pope/ricd/gqa/adversarial/seed1:  82%|████████▏ | 2459/3000 [07:09<01:33,  5.80it/s]
instructblip/pope/ricd/gqa/adversarial/seed1:  82%|████████▏ | 2460/3000 [07:10<01:31,  5.92it/s]
instructblip/pope/ricd/gqa/adversarial/seed1:  82%|████████▏ | 2461/3000 [07:10<01:30,  5.94it/s]
instructblip/pope/ricd/gqa/adversarial/seed1:  82%|████████▏ | 2462/3000 [07:10<01:29,  6.02it/s]
instructblip/pope/ricd/gqa/adversarial/seed1:  82%|████████▏ | 2463/3000 [07:10<01:31,  5.89it/s]
instructblip/pope/ricd/gqa/adversarial/seed1:  82%|████████▏ | 2464/3000 [07:10<01:32,  5.79it/s]
instructblip/pope/ricd/gqa/adversarial/seed1:  82%|████████▏ | 2465/3000 [07:10<01:30,  5.90it/s]
instructblip/pope/ricd/gqa/adversarial/seed1:  82%|████████▏ | 2466/3000 [07:11<01:30,  5.88it/s]
instructblip/pope/ricd/gqa/adversarial/seed1:  82%|████████▏ | 2467/3000 [07:11<01:31,  5.83it/s]
instructblip/pope/ricd/gqa/adversarial/seed1:  82%|████████▏ | 2468/3000 [07:11<01:31,  5.81it/s]
instructblip/pope/ricd/gqa/adversarial/seed1:  82%|████████▏ | 2469/3000 [07:11<01:30,  5.89it/s]
instructblip/pope/ricd/gqa/adversarial/seed1:  82%|████████▏ | 2470/3000 [07:11<01:30,  5.84it/s]
instructblip/pope/ricd/gqa/adversarial/seed1:  82%|████████▏ | 2471/3000 [07:12<01:34,  5.62it/s]
instructblip/pope/ricd/gqa/adversarial/seed1:  82%|████████▏ | 2472/3000 [07:12<01:33,  5.62it/s]
instructblip/pope/ricd/gqa/adversarial/seed1:  82%|████████▏ | 2473/3000 [07:12<01:32,  5.70it/s]
instructblip/pope/ricd/gqa/adversarial/seed1:  82%|████████▏ | 2474/3000 [07:12<01:33,  5.65it/s]
instructblip/pope/ricd/gqa/adversarial/seed1:  82%|████████▎ | 2475/3000 [07:12<01:32,  5.70it/s]
instructblip/pope/ricd/gqa/adversarial/seed1:  83%|████████▎ | 2476/3000 [07:12<01:32,  5.67it/s]
instructblip/pope/ricd/gqa/adversarial/seed1:  83%|████████▎ | 2477/3000 [07:13<01:30,  5.79it/s]
instructblip/pope/ricd/gqa/adversarial/seed1:  83%|████████▎ | 2478/3000 [07:13<01:28,  5.91it/s]
instructblip/pope/ricd/gqa/adversarial/seed1:  83%|████████▎ | 2479/3000 [07:13<01:28,  5.89it/s]
instructblip/pope/ricd/gqa/adversarial/seed1:  83%|████████▎ | 2480/3000 [07:13<01:29,  5.84it/s]
instructblip/pope/ricd/gqa/adversarial/seed1:  83%|████████▎ | 2481/3000 [07:13<01:31,  5.64it/s]
instructblip/pope/ricd/gqa/adversarial/seed1:  83%|████████▎ | 2482/3000 [07:13<01:31,  5.66it/s]
instructblip/pope/ricd/gqa/adversarial/seed1:  83%|████████▎ | 2483/3000 [07:14<01:31,  5.63it/s]
instructblip/pope/ricd/gqa/adversarial/seed1:  83%|████████▎ | 2484/3000 [07:14<01:29,  5.74it/s]
instructblip/pope/ricd/gqa/adversarial/seed1:  83%|████████▎ | 2485/3000 [07:14<01:28,  5.81it/s]
instructblip/pope/ricd/gqa/adversarial/seed1:  83%|████████▎ | 2486/3000 [07:14<01:27,  5.89it/s]
instructblip/pope/ricd/gqa/adversarial/seed1:  83%|████████▎ | 2487/3000 [07:14<01:27,  5.87it/s]
instructblip/pope/ricd/gqa/adversarial/seed1:  83%|████████▎ | 2488/3000 [07:14<01:27,  5.88it/s]
instructblip/pope/ricd/gqa/adversarial/seed1:  83%|████████▎ | 2489/3000 [07:15<01:26,  5.88it/s]
instructblip/pope/ricd/gqa/adversarial/seed1:  83%|████████▎ | 2490/3000 [07:15<01:27,  5.82it/s]
instructblip/pope/ricd/gqa/adversarial/seed1:  83%|████████▎ | 2491/3000 [07:15<01:25,  5.93it/s]
instructblip/pope/ricd/gqa/adversarial/seed1:  83%|████████▎ | 2492/3000 [07:15<01:25,  5.96it/s]
instructblip/pope/ricd/gqa/adversarial/seed1:  83%|████████▎ | 2493/3000 [07:15<01:24,  6.03it/s]
instructblip/pope/ricd/gqa/adversarial/seed1:  83%|████████▎ | 2494/3000 [07:15<01:24,  6.01it/s]
instructblip/pope/ricd/gqa/adversarial/seed1:  83%|████████▎ | 2495/3000 [07:16<01:23,  6.08it/s]
instructblip/pope/ricd/gqa/adversarial/seed1:  83%|████████▎ | 2496/3000 [07:16<01:22,  6.11it/s]
instructblip/pope/ricd/gqa/adversarial/seed1:  83%|████████▎ | 2497/3000 [07:16<01:22,  6.13it/s]
instructblip/pope/ricd/gqa/adversarial/seed1:  83%|████████▎ | 2498/3000 [07:16<01:23,  6.04it/s]
instructblip/pope/ricd/gqa/adversarial/seed1:  83%|████████▎ | 2499/3000 [07:16<01:23,  6.03it/s]
instructblip/pope/ricd/gqa/adversarial/seed1:  83%|████████▎ | 2500/3000 [07:16<01:23,  5.97it/s]
instructblip/pope/ricd/gqa/adversarial/seed1:  83%|████████▎ | 2501/3000 [07:17<01:23,  5.97it/s]
instructblip/pope/ricd/gqa/adversarial/seed1:  83%|████████▎ | 2502/3000 [07:17<01:23,  5.96it/s]
instructblip/pope/ricd/gqa/adversarial/seed1:  83%|████████▎ | 2503/3000 [07:17<01:25,  5.82it/s]
instructblip/pope/ricd/gqa/adversarial/seed1:  83%|████████▎ | 2504/3000 [07:17<01:25,  5.82it/s]
instructblip/pope/ricd/gqa/adversarial/seed1:  84%|████████▎ | 2505/3000 [07:17<01:25,  5.77it/s]
instructblip/pope/ricd/gqa/adversarial/seed1:  84%|████████▎ | 2506/3000 [07:17<01:26,  5.70it/s]
instructblip/pope/ricd/gqa/adversarial/seed1:  84%|████████▎ | 2507/3000 [07:18<01:27,  5.61it/s]
instructblip/pope/ricd/gqa/adversarial/seed1:  84%|████████▎ | 2508/3000 [07:18<01:27,  5.63it/s]
instructblip/pope/ricd/gqa/adversarial/seed1:  84%|████████▎ | 2509/3000 [07:18<01:24,  5.79it/s]
instructblip/pope/ricd/gqa/adversarial/seed1:  84%|████████▎ | 2510/3000 [07:18<01:22,  5.91it/s]
instructblip/pope/ricd/gqa/adversarial/seed1:  84%|████████▎ | 2511/3000 [07:18<01:21,  6.00it/s]
instructblip/pope/ricd/gqa/adversarial/seed1:  84%|████████▎ | 2512/3000 [07:18<01:20,  6.04it/s]
instructblip/pope/ricd/gqa/adversarial/seed1:  84%|████████▍ | 2513/3000 [07:19<01:20,  6.07it/s]
instructblip/pope/ricd/gqa/adversarial/seed1:  84%|████████▍ | 2514/3000 [07:19<01:27,  5.57it/s]
instructblip/pope/ricd/gqa/adversarial/seed1:  84%|████████▍ | 2515/3000 [07:19<01:27,  5.52it/s]
instructblip/pope/ricd/gqa/adversarial/seed1:  84%|████████▍ | 2516/3000 [07:19<01:25,  5.69it/s]
instructblip/pope/ricd/gqa/adversarial/seed1:  84%|████████▍ | 2517/3000 [07:19<01:24,  5.73it/s]
instructblip/pope/ricd/gqa/adversarial/seed1:  84%|████████▍ | 2518/3000 [07:20<01:22,  5.84it/s]
instructblip/pope/ricd/gqa/adversarial/seed1:  84%|████████▍ | 2519/3000 [07:20<01:22,  5.83it/s]
instructblip/pope/ricd/gqa/adversarial/seed1:  84%|████████▍ | 2520/3000 [07:20<01:22,  5.81it/s]
instructblip/pope/ricd/gqa/adversarial/seed1:  84%|████████▍ | 2521/3000 [07:20<01:21,  5.89it/s]
instructblip/pope/ricd/gqa/adversarial/seed1:  84%|████████▍ | 2522/3000 [07:20<01:23,  5.75it/s]
instructblip/pope/ricd/gqa/adversarial/seed1:  84%|████████▍ | 2523/3000 [07:20<01:24,  5.66it/s]
instructblip/pope/ricd/gqa/adversarial/seed1:  84%|████████▍ | 2524/3000 [07:21<01:25,  5.58it/s]
instructblip/pope/ricd/gqa/adversarial/seed1:  84%|████████▍ | 2525/3000 [07:21<01:25,  5.53it/s]
instructblip/pope/ricd/gqa/adversarial/seed1:  84%|████████▍ | 2526/3000 [07:21<01:27,  5.44it/s]
instructblip/pope/ricd/gqa/adversarial/seed1:  84%|████████▍ | 2527/3000 [07:21<01:27,  5.42it/s]
instructblip/pope/ricd/gqa/adversarial/seed1:  84%|████████▍ | 2528/3000 [07:21<01:24,  5.58it/s]
instructblip/pope/ricd/gqa/adversarial/seed1:  84%|████████▍ | 2529/3000 [07:22<01:23,  5.64it/s]
instructblip/pope/ricd/gqa/adversarial/seed1:  84%|████████▍ | 2530/3000 [07:22<01:22,  5.69it/s]
instructblip/pope/ricd/gqa/adversarial/seed1:  84%|████████▍ | 2531/3000 [07:22<01:20,  5.79it/s]
instructblip/pope/ricd/gqa/adversarial/seed1:  84%|████████▍ | 2532/3000 [07:22<01:20,  5.82it/s]
instructblip/pope/ricd/gqa/adversarial/seed1:  84%|████████▍ | 2533/3000 [07:22<01:19,  5.87it/s]
instructblip/pope/ricd/gqa/adversarial/seed1:  84%|████████▍ | 2534/3000 [07:22<01:19,  5.87it/s]
instructblip/pope/ricd/gqa/adversarial/seed1:  84%|████████▍ | 2535/3000 [07:23<01:18,  5.93it/s]
instructblip/pope/ricd/gqa/adversarial/seed1:  85%|████████▍ | 2536/3000 [07:23<01:18,  5.91it/s]
instructblip/pope/ricd/gqa/adversarial/seed1:  85%|████████▍ | 2537/3000 [07:23<01:17,  5.95it/s]
instructblip/pope/ricd/gqa/adversarial/seed1:  85%|████████▍ | 2538/3000 [07:23<01:18,  5.88it/s]
instructblip/pope/ricd/gqa/adversarial/seed1:  85%|████████▍ | 2539/3000 [07:23<01:17,  5.91it/s]
instructblip/pope/ricd/gqa/adversarial/seed1:  85%|████████▍ | 2540/3000 [07:23<01:18,  5.85it/s]
instructblip/pope/ricd/gqa/adversarial/seed1:  85%|████████▍ | 2541/3000 [07:24<01:18,  5.88it/s]
instructblip/pope/ricd/gqa/adversarial/seed1:  85%|████████▍ | 2542/3000 [07:24<01:17,  5.94it/s]
instructblip/pope/ricd/gqa/adversarial/seed1:  85%|████████▍ | 2543/3000 [07:24<01:23,  5.47it/s]
instructblip/pope/ricd/gqa/adversarial/seed1:  85%|████████▍ | 2544/3000 [07:24<01:23,  5.44it/s]
instructblip/pope/ricd/gqa/adversarial/seed1:  85%|████████▍ | 2545/3000 [07:24<01:22,  5.52it/s]
instructblip/pope/ricd/gqa/adversarial/seed1:  85%|████████▍ | 2546/3000 [07:24<01:22,  5.50it/s]
instructblip/pope/ricd/gqa/adversarial/seed1:  85%|████████▍ | 2547/3000 [07:25<01:21,  5.54it/s]
instructblip/pope/ricd/gqa/adversarial/seed1:  85%|████████▍ | 2548/3000 [07:25<01:22,  5.45it/s]
instructblip/pope/ricd/gqa/adversarial/seed1:  85%|████████▍ | 2549/3000 [07:25<01:24,  5.34it/s]
instructblip/pope/ricd/gqa/adversarial/seed1:  85%|████████▌ | 2550/3000 [07:25<01:22,  5.45it/s]
instructblip/pope/ricd/gqa/adversarial/seed1:  85%|████████▌ | 2551/3000 [07:25<01:20,  5.57it/s]
instructblip/pope/ricd/gqa/adversarial/seed1:  85%|████████▌ | 2552/3000 [07:26<01:19,  5.63it/s]
instructblip/pope/ricd/gqa/adversarial/seed1:  85%|████████▌ | 2553/3000 [07:26<01:16,  5.81it/s]
instructblip/pope/ricd/gqa/adversarial/seed1:  85%|████████▌ | 2554/3000 [07:26<01:15,  5.88it/s]
instructblip/pope/ricd/gqa/adversarial/seed1:  85%|████████▌ | 2555/3000 [07:26<01:16,  5.79it/s]
instructblip/pope/ricd/gqa/adversarial/seed1:  85%|████████▌ | 2556/3000 [07:26<01:15,  5.84it/s]
instructblip/pope/ricd/gqa/adversarial/seed1:  85%|████████▌ | 2557/3000 [07:26<01:16,  5.80it/s]
instructblip/pope/ricd/gqa/adversarial/seed1:  85%|████████▌ | 2558/3000 [07:27<01:15,  5.82it/s]
instructblip/pope/ricd/gqa/adversarial/seed1:  85%|████████▌ | 2559/3000 [07:27<01:15,  5.82it/s]
instructblip/pope/ricd/gqa/adversarial/seed1:  85%|████████▌ | 2560/3000 [07:27<01:15,  5.82it/s]
instructblip/pope/ricd/gqa/adversarial/seed1:  85%|████████▌ | 2561/3000 [07:27<01:14,  5.90it/s]
instructblip/pope/ricd/gqa/adversarial/seed1:  85%|████████▌ | 2562/3000 [07:27<01:14,  5.85it/s]
instructblip/pope/ricd/gqa/adversarial/seed1:  85%|████████▌ | 2563/3000 [07:27<01:13,  5.92it/s]
instructblip/pope/ricd/gqa/adversarial/seed1:  85%|████████▌ | 2564/3000 [07:28<01:13,  5.95it/s]
instructblip/pope/ricd/gqa/adversarial/seed1:  86%|████████▌ | 2565/3000 [07:28<01:14,  5.87it/s]
instructblip/pope/ricd/gqa/adversarial/seed1:  86%|████████▌ | 2566/3000 [07:28<01:13,  5.89it/s]
instructblip/pope/ricd/gqa/adversarial/seed1:  86%|████████▌ | 2567/3000 [07:28<01:14,  5.82it/s]
instructblip/pope/ricd/gqa/adversarial/seed1:  86%|████████▌ | 2568/3000 [07:28<01:13,  5.87it/s]
instructblip/pope/ricd/gqa/adversarial/seed1:  86%|████████▌ | 2569/3000 [07:28<01:12,  5.93it/s]
instructblip/pope/ricd/gqa/adversarial/seed1:  86%|████████▌ | 2570/3000 [07:29<01:12,  5.95it/s]
instructblip/pope/ricd/gqa/adversarial/seed1:  86%|████████▌ | 2571/3000 [07:29<01:12,  5.89it/s]
instructblip/pope/ricd/gqa/adversarial/seed1:  86%|████████▌ | 2572/3000 [07:29<01:12,  5.94it/s]
instructblip/pope/ricd/gqa/adversarial/seed1:  86%|████████▌ | 2573/3000 [07:29<01:12,  5.90it/s]
instructblip/pope/ricd/gqa/adversarial/seed1:  86%|████████▌ | 2574/3000 [07:29<01:13,  5.80it/s]
instructblip/pope/ricd/gqa/adversarial/seed1:  86%|████████▌ | 2575/3000 [07:29<01:12,  5.84it/s]
instructblip/pope/ricd/gqa/adversarial/seed1:  86%|████████▌ | 2576/3000 [07:30<01:11,  5.92it/s]
instructblip/pope/ricd/gqa/adversarial/seed1:  86%|████████▌ | 2577/3000 [07:30<01:11,  5.92it/s]
instructblip/pope/ricd/gqa/adversarial/seed1:  86%|████████▌ | 2578/3000 [07:30<01:10,  5.99it/s]
instructblip/pope/ricd/gqa/adversarial/seed1:  86%|████████▌ | 2579/3000 [07:30<01:11,  5.88it/s]
instructblip/pope/ricd/gqa/adversarial/seed1:  86%|████████▌ | 2580/3000 [07:30<01:11,  5.86it/s]
instructblip/pope/ricd/gqa/adversarial/seed1:  86%|████████▌ | 2581/3000 [07:30<01:13,  5.68it/s]
instructblip/pope/ricd/gqa/adversarial/seed1:  86%|████████▌ | 2582/3000 [07:31<01:14,  5.60it/s]
instructblip/pope/ricd/gqa/adversarial/seed1:  86%|████████▌ | 2583/3000 [07:31<01:13,  5.65it/s]
instructblip/pope/ricd/gqa/adversarial/seed1:  86%|████████▌ | 2584/3000 [07:31<01:12,  5.72it/s]
instructblip/pope/ricd/gqa/adversarial/seed1:  86%|████████▌ | 2585/3000 [07:31<01:12,  5.69it/s]
instructblip/pope/ricd/gqa/adversarial/seed1:  86%|████████▌ | 2586/3000 [07:31<01:12,  5.71it/s]
instructblip/pope/ricd/gqa/adversarial/seed1:  86%|████████▌ | 2587/3000 [07:32<01:10,  5.84it/s]
instructblip/pope/ricd/gqa/adversarial/seed1:  86%|████████▋ | 2588/3000 [07:32<01:09,  5.91it/s]
instructblip/pope/ricd/gqa/adversarial/seed1:  86%|████████▋ | 2589/3000 [07:32<01:09,  5.94it/s]
instructblip/pope/ricd/gqa/adversarial/seed1:  86%|████████▋ | 2590/3000 [07:32<01:08,  5.99it/s]
instructblip/pope/ricd/gqa/adversarial/seed1:  86%|████████▋ | 2591/3000 [07:32<01:08,  5.96it/s]
instructblip/pope/ricd/gqa/adversarial/seed1:  86%|████████▋ | 2592/3000 [07:32<01:07,  6.01it/s]
instructblip/pope/ricd/gqa/adversarial/seed1:  86%|████████▋ | 2593/3000 [07:33<01:07,  6.03it/s]
instructblip/pope/ricd/gqa/adversarial/seed1:  86%|████████▋ | 2594/3000 [07:33<01:07,  5.99it/s]
instructblip/pope/ricd/gqa/adversarial/seed1:  86%|████████▋ | 2595/3000 [07:33<01:07,  5.98it/s]
instructblip/pope/ricd/gqa/adversarial/seed1:  87%|████████▋ | 2596/3000 [07:33<01:09,  5.80it/s]
instructblip/pope/ricd/gqa/adversarial/seed1:  87%|████████▋ | 2597/3000 [07:33<01:10,  5.71it/s]
instructblip/pope/ricd/gqa/adversarial/seed1:  87%|████████▋ | 2598/3000 [07:33<01:10,  5.71it/s]
instructblip/pope/ricd/gqa/adversarial/seed1:  87%|████████▋ | 2599/3000 [07:34<01:12,  5.56it/s]
instructblip/pope/ricd/gqa/adversarial/seed1:  87%|████████▋ | 2600/3000 [07:34<01:11,  5.61it/s]
instructblip/pope/ricd/gqa/adversarial/seed1:  87%|████████▋ | 2601/3000 [07:34<01:11,  5.59it/s]
instructblip/pope/ricd/gqa/adversarial/seed1:  87%|████████▋ | 2602/3000 [07:34<01:10,  5.65it/s]
instructblip/pope/ricd/gqa/adversarial/seed1:  87%|████████▋ | 2603/3000 [07:34<01:09,  5.71it/s]
instructblip/pope/ricd/gqa/adversarial/seed1:  87%|████████▋ | 2604/3000 [07:34<01:08,  5.78it/s]
instructblip/pope/ricd/gqa/adversarial/seed1:  87%|████████▋ | 2605/3000 [07:35<01:07,  5.83it/s]
instructblip/pope/ricd/gqa/adversarial/seed1:  87%|████████▋ | 2606/3000 [07:35<01:07,  5.82it/s]
instructblip/pope/ricd/gqa/adversarial/seed1:  87%|████████▋ | 2607/3000 [07:35<01:06,  5.91it/s]
instructblip/pope/ricd/gqa/adversarial/seed1:  87%|████████▋ | 2608/3000 [07:35<01:06,  5.92it/s]
instructblip/pope/ricd/gqa/adversarial/seed1:  87%|████████▋ | 2609/3000 [07:35<01:05,  5.95it/s]
instructblip/pope/ricd/gqa/adversarial/seed1:  87%|████████▋ | 2610/3000 [07:35<01:05,  5.95it/s]
instructblip/pope/ricd/gqa/adversarial/seed1:  87%|████████▋ | 2611/3000 [07:36<01:05,  5.91it/s]
instructblip/pope/ricd/gqa/adversarial/seed1:  87%|████████▋ | 2612/3000 [07:36<01:05,  5.89it/s]
instructblip/pope/ricd/gqa/adversarial/seed1:  87%|████████▋ | 2613/3000 [07:36<01:07,  5.78it/s]
instructblip/pope/ricd/gqa/adversarial/seed1:  87%|████████▋ | 2614/3000 [07:36<01:06,  5.83it/s]
instructblip/pope/ricd/gqa/adversarial/seed1:  87%|████████▋ | 2615/3000 [07:36<01:04,  5.95it/s]
instructblip/pope/ricd/gqa/adversarial/seed1:  87%|████████▋ | 2616/3000 [07:36<01:03,  6.01it/s]
instructblip/pope/ricd/gqa/adversarial/seed1:  87%|████████▋ | 2617/3000 [07:37<01:06,  5.79it/s]
instructblip/pope/ricd/gqa/adversarial/seed1:  87%|████████▋ | 2618/3000 [07:37<01:06,  5.74it/s]
instructblip/pope/ricd/gqa/adversarial/seed1:  87%|████████▋ | 2619/3000 [07:37<01:05,  5.78it/s]
instructblip/pope/ricd/gqa/adversarial/seed1:  87%|████████▋ | 2620/3000 [07:37<01:06,  5.69it/s]
instructblip/pope/ricd/gqa/adversarial/seed1:  87%|████████▋ | 2621/3000 [07:37<01:07,  5.62it/s]
instructblip/pope/ricd/gqa/adversarial/seed1:  87%|████████▋ | 2622/3000 [07:38<01:07,  5.61it/s]
instructblip/pope/ricd/gqa/adversarial/seed1:  87%|████████▋ | 2623/3000 [07:38<01:07,  5.59it/s]
instructblip/pope/ricd/gqa/adversarial/seed1:  87%|████████▋ | 2624/3000 [07:38<01:06,  5.63it/s]
instructblip/pope/ricd/gqa/adversarial/seed1:  88%|████████▊ | 2625/3000 [07:38<01:06,  5.60it/s]
instructblip/pope/ricd/gqa/adversarial/seed1:  88%|████████▊ | 2626/3000 [07:38<01:05,  5.67it/s]
instructblip/pope/ricd/gqa/adversarial/seed1:  88%|████████▊ | 2627/3000 [07:38<01:05,  5.73it/s]
instructblip/pope/ricd/gqa/adversarial/seed1:  88%|████████▊ | 2628/3000 [07:39<01:05,  5.68it/s]
instructblip/pope/ricd/gqa/adversarial/seed1:  88%|████████▊ | 2629/3000 [07:39<01:04,  5.72it/s]
instructblip/pope/ricd/gqa/adversarial/seed1:  88%|████████▊ | 2630/3000 [07:39<01:04,  5.71it/s]
instructblip/pope/ricd/gqa/adversarial/seed1:  88%|████████▊ | 2631/3000 [07:39<01:03,  5.82it/s]
instructblip/pope/ricd/gqa/adversarial/seed1:  88%|████████▊ | 2632/3000 [07:39<01:04,  5.75it/s]
instructblip/pope/ricd/gqa/adversarial/seed1:  88%|████████▊ | 2633/3000 [07:39<01:04,  5.67it/s]
instructblip/pope/ricd/gqa/adversarial/seed1:  88%|████████▊ | 2634/3000 [07:40<01:05,  5.60it/s]
instructblip/pope/ricd/gqa/adversarial/seed1:  88%|████████▊ | 2635/3000 [07:40<01:03,  5.71it/s]
instructblip/pope/ricd/gqa/adversarial/seed1:  88%|████████▊ | 2636/3000 [07:40<01:02,  5.84it/s]
instructblip/pope/ricd/gqa/adversarial/seed1:  88%|████████▊ | 2637/3000 [07:40<01:02,  5.83it/s]
instructblip/pope/ricd/gqa/adversarial/seed1:  88%|████████▊ | 2638/3000 [07:40<01:01,  5.85it/s]
instructblip/pope/ricd/gqa/adversarial/seed1:  88%|████████▊ | 2639/3000 [07:41<01:01,  5.92it/s]
instructblip/pope/ricd/gqa/adversarial/seed1:  88%|████████▊ | 2640/3000 [07:41<01:01,  5.82it/s]
instructblip/pope/ricd/gqa/adversarial/seed1:  88%|████████▊ | 2641/3000 [07:41<01:00,  5.89it/s]
instructblip/pope/ricd/gqa/adversarial/seed1:  88%|████████▊ | 2642/3000 [07:41<01:00,  5.89it/s]
instructblip/pope/ricd/gqa/adversarial/seed1:  88%|████████▊ | 2643/3000 [07:41<01:01,  5.82it/s]
instructblip/pope/ricd/gqa/adversarial/seed1:  88%|████████▊ | 2644/3000 [07:41<01:00,  5.91it/s]
instructblip/pope/ricd/gqa/adversarial/seed1:  88%|████████▊ | 2645/3000 [07:42<00:59,  5.98it/s]
instructblip/pope/ricd/gqa/adversarial/seed1:  88%|████████▊ | 2646/3000 [07:42<00:59,  5.93it/s]
instructblip/pope/ricd/gqa/adversarial/seed1:  88%|████████▊ | 2647/3000 [07:42<00:59,  5.90it/s]
instructblip/pope/ricd/gqa/adversarial/seed1:  88%|████████▊ | 2648/3000 [07:42<00:59,  5.90it/s]
instructblip/pope/ricd/gqa/adversarial/seed1:  88%|████████▊ | 2649/3000 [07:42<00:59,  5.90it/s]
instructblip/pope/ricd/gqa/adversarial/seed1:  88%|████████▊ | 2650/3000 [07:42<00:58,  5.95it/s]
instructblip/pope/ricd/gqa/adversarial/seed1:  88%|████████▊ | 2651/3000 [07:43<00:59,  5.91it/s]
instructblip/pope/ricd/gqa/adversarial/seed1:  88%|████████▊ | 2652/3000 [07:43<00:59,  5.87it/s]
instructblip/pope/ricd/gqa/adversarial/seed1:  88%|████████▊ | 2653/3000 [07:43<00:58,  5.94it/s]
instructblip/pope/ricd/gqa/adversarial/seed1:  88%|████████▊ | 2654/3000 [07:43<00:58,  5.95it/s]
instructblip/pope/ricd/gqa/adversarial/seed1:  88%|████████▊ | 2655/3000 [07:43<00:58,  5.94it/s]
instructblip/pope/ricd/gqa/adversarial/seed1:  89%|████████▊ | 2656/3000 [07:43<00:57,  5.98it/s]
instructblip/pope/ricd/gqa/adversarial/seed1:  89%|████████▊ | 2657/3000 [07:44<00:56,  6.06it/s]
instructblip/pope/ricd/gqa/adversarial/seed1:  89%|████████▊ | 2658/3000 [07:44<00:57,  5.98it/s]
instructblip/pope/ricd/gqa/adversarial/seed1:  89%|████████▊ | 2659/3000 [07:44<00:56,  6.04it/s]
instructblip/pope/ricd/gqa/adversarial/seed1:  89%|████████▊ | 2660/3000 [07:44<00:56,  6.07it/s]
instructblip/pope/ricd/gqa/adversarial/seed1:  89%|████████▊ | 2661/3000 [07:44<00:55,  6.10it/s]
instructblip/pope/ricd/gqa/adversarial/seed1:  89%|████████▊ | 2662/3000 [07:44<00:55,  6.13it/s]
instructblip/pope/ricd/gqa/adversarial/seed1:  89%|████████▉ | 2663/3000 [07:45<00:54,  6.15it/s]
instructblip/pope/ricd/gqa/adversarial/seed1:  89%|████████▉ | 2664/3000 [07:45<00:55,  6.10it/s]
instructblip/pope/ricd/gqa/adversarial/seed1:  89%|████████▉ | 2665/3000 [07:45<00:56,  5.98it/s]
instructblip/pope/ricd/gqa/adversarial/seed1:  89%|████████▉ | 2666/3000 [07:45<00:56,  5.93it/s]
instructblip/pope/ricd/gqa/adversarial/seed1:  89%|████████▉ | 2667/3000 [07:45<00:56,  5.85it/s]
instructblip/pope/ricd/gqa/adversarial/seed1:  89%|████████▉ | 2668/3000 [07:45<00:58,  5.70it/s]
instructblip/pope/ricd/gqa/adversarial/seed1:  89%|████████▉ | 2669/3000 [07:46<00:58,  5.70it/s]
instructblip/pope/ricd/gqa/adversarial/seed1:  89%|████████▉ | 2670/3000 [07:46<00:57,  5.73it/s]
instructblip/pope/ricd/gqa/adversarial/seed1:  89%|████████▉ | 2671/3000 [07:46<00:56,  5.87it/s]
instructblip/pope/ricd/gqa/adversarial/seed1:  89%|████████▉ | 2672/3000 [07:46<00:56,  5.80it/s]
instructblip/pope/ricd/gqa/adversarial/seed1:  89%|████████▉ | 2673/3000 [07:46<00:56,  5.82it/s]
instructblip/pope/ricd/gqa/adversarial/seed1:  89%|████████▉ | 2674/3000 [07:46<00:55,  5.83it/s]
instructblip/pope/ricd/gqa/adversarial/seed1:  89%|████████▉ | 2675/3000 [07:47<00:55,  5.89it/s]
instructblip/pope/ricd/gqa/adversarial/seed1:  89%|████████▉ | 2676/3000 [07:47<00:54,  5.99it/s]
instructblip/pope/ricd/gqa/adversarial/seed1:  89%|████████▉ | 2677/3000 [07:47<00:53,  5.99it/s]
instructblip/pope/ricd/gqa/adversarial/seed1:  89%|████████▉ | 2678/3000 [07:47<00:54,  5.87it/s]
instructblip/pope/ricd/gqa/adversarial/seed1:  89%|████████▉ | 2679/3000 [07:47<00:53,  5.95it/s]
instructblip/pope/ricd/gqa/adversarial/seed1:  89%|████████▉ | 2680/3000 [07:47<00:54,  5.88it/s]
instructblip/pope/ricd/gqa/adversarial/seed1:  89%|████████▉ | 2681/3000 [07:48<00:53,  5.94it/s]
instructblip/pope/ricd/gqa/adversarial/seed1:  89%|████████▉ | 2682/3000 [07:48<00:53,  5.98it/s]
instructblip/pope/ricd/gqa/adversarial/seed1:  89%|████████▉ | 2683/3000 [07:48<00:53,  5.98it/s]
instructblip/pope/ricd/gqa/adversarial/seed1:  89%|████████▉ | 2684/3000 [07:48<00:53,  5.95it/s]
instructblip/pope/ricd/gqa/adversarial/seed1:  90%|████████▉ | 2685/3000 [07:48<00:52,  5.96it/s]
instructblip/pope/ricd/gqa/adversarial/seed1:  90%|████████▉ | 2686/3000 [07:48<00:52,  5.94it/s]
instructblip/pope/ricd/gqa/adversarial/seed1:  90%|████████▉ | 2687/3000 [07:49<00:52,  5.92it/s]
instructblip/pope/ricd/gqa/adversarial/seed1:  90%|████████▉ | 2688/3000 [07:49<00:52,  5.93it/s]
instructblip/pope/ricd/gqa/adversarial/seed1:  90%|████████▉ | 2689/3000 [07:49<00:52,  5.98it/s]
instructblip/pope/ricd/gqa/adversarial/seed1:  90%|████████▉ | 2690/3000 [07:49<00:51,  5.98it/s]
instructblip/pope/ricd/gqa/adversarial/seed1:  90%|████████▉ | 2691/3000 [07:49<00:53,  5.81it/s]
instructblip/pope/ricd/gqa/adversarial/seed1:  90%|████████▉ | 2692/3000 [07:49<00:51,  5.93it/s]
instructblip/pope/ricd/gqa/adversarial/seed1:  90%|████████▉ | 2693/3000 [07:50<00:51,  5.95it/s]
instructblip/pope/ricd/gqa/adversarial/seed1:  90%|████████▉ | 2694/3000 [07:50<00:51,  5.96it/s]
instructblip/pope/ricd/gqa/adversarial/seed1:  90%|████████▉ | 2695/3000 [07:50<00:51,  5.90it/s]
instructblip/pope/ricd/gqa/adversarial/seed1:  90%|████████▉ | 2696/3000 [07:50<00:51,  5.88it/s]
instructblip/pope/ricd/gqa/adversarial/seed1:  90%|████████▉ | 2697/3000 [07:50<00:52,  5.80it/s]
instructblip/pope/ricd/gqa/adversarial/seed1:  90%|████████▉ | 2698/3000 [07:51<00:53,  5.62it/s]
instructblip/pope/ricd/gqa/adversarial/seed1:  90%|████████▉ | 2699/3000 [07:51<00:58,  5.19it/s]
instructblip/pope/ricd/gqa/adversarial/seed1:  90%|█████████ | 2700/3000 [07:51<00:58,  5.13it/s]
instructblip/pope/ricd/gqa/adversarial/seed1:  90%|█████████ | 2701/3000 [07:51<00:58,  5.13it/s]
instructblip/pope/ricd/gqa/adversarial/seed1:  90%|█████████ | 2702/3000 [07:51<00:56,  5.26it/s]
instructblip/pope/ricd/gqa/adversarial/seed1:  90%|█████████ | 2703/3000 [07:51<00:56,  5.30it/s]
instructblip/pope/ricd/gqa/adversarial/seed1:  90%|█████████ | 2704/3000 [07:52<00:53,  5.52it/s]
instructblip/pope/ricd/gqa/adversarial/seed1:  90%|█████████ | 2705/3000 [07:52<00:52,  5.66it/s]
instructblip/pope/ricd/gqa/adversarial/seed1:  90%|█████████ | 2706/3000 [07:52<00:53,  5.51it/s]
instructblip/pope/ricd/gqa/adversarial/seed1:  90%|█████████ | 2707/3000 [07:52<00:52,  5.56it/s]
instructblip/pope/ricd/gqa/adversarial/seed1:  90%|█████████ | 2708/3000 [07:52<00:52,  5.61it/s]
instructblip/pope/ricd/gqa/adversarial/seed1:  90%|█████████ | 2709/3000 [07:53<00:52,  5.57it/s]
instructblip/pope/ricd/gqa/adversarial/seed1:  90%|█████████ | 2710/3000 [07:53<00:51,  5.59it/s]
instructblip/pope/ricd/gqa/adversarial/seed1:  90%|█████████ | 2711/3000 [07:53<00:52,  5.51it/s]
instructblip/pope/ricd/gqa/adversarial/seed1:  90%|█████████ | 2712/3000 [07:53<00:52,  5.50it/s]
instructblip/pope/ricd/gqa/adversarial/seed1:  90%|█████████ | 2713/3000 [07:53<00:51,  5.57it/s]
instructblip/pope/ricd/gqa/adversarial/seed1:  90%|█████████ | 2714/3000 [07:53<00:50,  5.69it/s]
instructblip/pope/ricd/gqa/adversarial/seed1:  90%|█████████ | 2715/3000 [07:54<00:49,  5.75it/s]
instructblip/pope/ricd/gqa/adversarial/seed1:  91%|█████████ | 2716/3000 [07:54<00:48,  5.84it/s]
instructblip/pope/ricd/gqa/adversarial/seed1:  91%|█████████ | 2717/3000 [07:54<00:47,  5.90it/s]
instructblip/pope/ricd/gqa/adversarial/seed1:  91%|█████████ | 2718/3000 [07:54<00:49,  5.69it/s]
instructblip/pope/ricd/gqa/adversarial/seed1:  91%|█████████ | 2719/3000 [07:54<00:49,  5.66it/s]
instructblip/pope/ricd/gqa/adversarial/seed1:  91%|█████████ | 2720/3000 [07:54<00:48,  5.77it/s]
instructblip/pope/ricd/gqa/adversarial/seed1:  91%|█████████ | 2721/3000 [07:55<00:47,  5.88it/s]
instructblip/pope/ricd/gqa/adversarial/seed1:  91%|█████████ | 2722/3000 [07:55<00:47,  5.84it/s]
instructblip/pope/ricd/gqa/adversarial/seed1:  91%|█████████ | 2723/3000 [07:55<00:47,  5.85it/s]
instructblip/pope/ricd/gqa/adversarial/seed1:  91%|█████████ | 2724/3000 [07:55<00:47,  5.81it/s]
instructblip/pope/ricd/gqa/adversarial/seed1:  91%|█████████ | 2725/3000 [07:55<00:47,  5.78it/s]
instructblip/pope/ricd/gqa/adversarial/seed1:  91%|█████████ | 2726/3000 [07:56<00:48,  5.63it/s]
instructblip/pope/ricd/gqa/adversarial/seed1:  91%|█████████ | 2727/3000 [07:56<00:49,  5.55it/s]
instructblip/pope/ricd/gqa/adversarial/seed1:  91%|█████████ | 2728/3000 [07:56<00:49,  5.51it/s]
instructblip/pope/ricd/gqa/adversarial/seed1:  91%|█████████ | 2729/3000 [07:56<00:48,  5.62it/s]
instructblip/pope/ricd/gqa/adversarial/seed1:  91%|█████████ | 2730/3000 [07:56<00:47,  5.72it/s]
instructblip/pope/ricd/gqa/adversarial/seed1:  91%|█████████ | 2731/3000 [07:56<00:46,  5.76it/s]
instructblip/pope/ricd/gqa/adversarial/seed1:  91%|█████████ | 2732/3000 [07:57<00:45,  5.85it/s]
instructblip/pope/ricd/gqa/adversarial/seed1:  91%|█████████ | 2733/3000 [07:57<00:45,  5.84it/s]
instructblip/pope/ricd/gqa/adversarial/seed1:  91%|█████████ | 2734/3000 [07:57<00:45,  5.88it/s]
instructblip/pope/ricd/gqa/adversarial/seed1:  91%|█████████ | 2735/3000 [07:57<00:44,  5.92it/s]
instructblip/pope/ricd/gqa/adversarial/seed1:  91%|█████████ | 2736/3000 [07:57<00:44,  5.98it/s]
instructblip/pope/ricd/gqa/adversarial/seed1:  91%|█████████ | 2737/3000 [07:57<00:46,  5.65it/s]
instructblip/pope/ricd/gqa/adversarial/seed1:  91%|█████████▏| 2738/3000 [07:58<00:49,  5.34it/s]
instructblip/pope/ricd/gqa/adversarial/seed1:  91%|█████████▏| 2739/3000 [07:58<00:47,  5.52it/s]
instructblip/pope/ricd/gqa/adversarial/seed1:  91%|█████████▏| 2740/3000 [07:58<00:45,  5.67it/s]
instructblip/pope/ricd/gqa/adversarial/seed1:  91%|█████████▏| 2741/3000 [07:58<00:45,  5.72it/s]
instructblip/pope/ricd/gqa/adversarial/seed1:  91%|█████████▏| 2742/3000 [07:58<00:44,  5.82it/s]
instructblip/pope/ricd/gqa/adversarial/seed1:  91%|█████████▏| 2743/3000 [07:58<00:43,  5.89it/s]
instructblip/pope/ricd/gqa/adversarial/seed1:  91%|█████████▏| 2744/3000 [07:59<00:43,  5.93it/s]
instructblip/pope/ricd/gqa/adversarial/seed1:  92%|█████████▏| 2745/3000 [07:59<00:42,  5.98it/s]
instructblip/pope/ricd/gqa/adversarial/seed1:  92%|█████████▏| 2746/3000 [07:59<00:42,  6.02it/s]
instructblip/pope/ricd/gqa/adversarial/seed1:  92%|█████████▏| 2747/3000 [07:59<00:42,  6.02it/s]
instructblip/pope/ricd/gqa/adversarial/seed1:  92%|█████████▏| 2748/3000 [07:59<00:41,  6.01it/s]
instructblip/pope/ricd/gqa/adversarial/seed1:  92%|█████████▏| 2749/3000 [07:59<00:41,  6.01it/s]
instructblip/pope/ricd/gqa/adversarial/seed1:  92%|█████████▏| 2750/3000 [08:00<00:41,  5.98it/s]
instructblip/pope/ricd/gqa/adversarial/seed1:  92%|█████████▏| 2751/3000 [08:00<00:42,  5.89it/s]
instructblip/pope/ricd/gqa/adversarial/seed1:  92%|█████████▏| 2752/3000 [08:00<00:41,  5.95it/s]
instructblip/pope/ricd/gqa/adversarial/seed1:  92%|█████████▏| 2753/3000 [08:00<00:41,  6.00it/s]
instructblip/pope/ricd/gqa/adversarial/seed1:  92%|█████████▏| 2754/3000 [08:00<00:40,  6.01it/s]
instructblip/pope/ricd/gqa/adversarial/seed1:  92%|█████████▏| 2755/3000 [08:00<00:40,  6.00it/s]
instructblip/pope/ricd/gqa/adversarial/seed1:  92%|█████████▏| 2756/3000 [08:01<00:41,  5.88it/s]
instructblip/pope/ricd/gqa/adversarial/seed1:  92%|█████████▏| 2757/3000 [08:01<00:41,  5.81it/s]
instructblip/pope/ricd/gqa/adversarial/seed1:  92%|█████████▏| 2758/3000 [08:01<00:41,  5.79it/s]
instructblip/pope/ricd/gqa/adversarial/seed1:  92%|█████████▏| 2759/3000 [08:01<00:42,  5.74it/s]
instructblip/pope/ricd/gqa/adversarial/seed1:  92%|█████████▏| 2760/3000 [08:01<00:42,  5.70it/s]
instructblip/pope/ricd/gqa/adversarial/seed1:  92%|█████████▏| 2761/3000 [08:02<00:41,  5.70it/s]
instructblip/pope/ricd/gqa/adversarial/seed1:  92%|█████████▏| 2762/3000 [08:02<00:42,  5.60it/s]
instructblip/pope/ricd/gqa/adversarial/seed1:  92%|█████████▏| 2763/3000 [08:02<00:41,  5.67it/s]
instructblip/pope/ricd/gqa/adversarial/seed1:  92%|█████████▏| 2764/3000 [08:02<00:40,  5.79it/s]
instructblip/pope/ricd/gqa/adversarial/seed1:  92%|█████████▏| 2765/3000 [08:02<00:40,  5.81it/s]
instructblip/pope/ricd/gqa/adversarial/seed1:  92%|█████████▏| 2766/3000 [08:02<00:40,  5.81it/s]
instructblip/pope/ricd/gqa/adversarial/seed1:  92%|█████████▏| 2767/3000 [08:03<00:39,  5.90it/s]
instructblip/pope/ricd/gqa/adversarial/seed1:  92%|█████████▏| 2768/3000 [08:03<00:40,  5.79it/s]
instructblip/pope/ricd/gqa/adversarial/seed1:  92%|█████████▏| 2769/3000 [08:03<00:40,  5.75it/s]
instructblip/pope/ricd/gqa/adversarial/seed1:  92%|█████████▏| 2770/3000 [08:03<00:39,  5.78it/s]
instructblip/pope/ricd/gqa/adversarial/seed1:  92%|█████████▏| 2771/3000 [08:03<00:39,  5.83it/s]
instructblip/pope/ricd/gqa/adversarial/seed1:  92%|█████████▏| 2772/3000 [08:03<00:39,  5.80it/s]
instructblip/pope/ricd/gqa/adversarial/seed1:  92%|█████████▏| 2773/3000 [08:04<00:39,  5.70it/s]
instructblip/pope/ricd/gqa/adversarial/seed1:  92%|█████████▏| 2774/3000 [08:04<00:40,  5.62it/s]
instructblip/pope/ricd/gqa/adversarial/seed1:  92%|█████████▎| 2775/3000 [08:04<00:39,  5.75it/s]
instructblip/pope/ricd/gqa/adversarial/seed1:  93%|█████████▎| 2776/3000 [08:04<00:40,  5.57it/s]
instructblip/pope/ricd/gqa/adversarial/seed1:  93%|█████████▎| 2777/3000 [08:04<00:39,  5.61it/s]
instructblip/pope/ricd/gqa/adversarial/seed1:  93%|█████████▎| 2778/3000 [08:04<00:39,  5.67it/s]
instructblip/pope/ricd/gqa/adversarial/seed1:  93%|█████████▎| 2779/3000 [08:05<00:38,  5.79it/s]
instructblip/pope/ricd/gqa/adversarial/seed1:  93%|█████████▎| 2780/3000 [08:05<00:38,  5.76it/s]
instructblip/pope/ricd/gqa/adversarial/seed1:  93%|█████████▎| 2781/3000 [08:05<00:38,  5.69it/s]
instructblip/pope/ricd/gqa/adversarial/seed1:  93%|█████████▎| 2782/3000 [08:05<00:39,  5.54it/s]
instructblip/pope/ricd/gqa/adversarial/seed1:  93%|█████████▎| 2783/3000 [08:05<00:39,  5.45it/s]
instructblip/pope/ricd/gqa/adversarial/seed1:  93%|█████████▎| 2784/3000 [08:06<00:38,  5.57it/s]
instructblip/pope/ricd/gqa/adversarial/seed1:  93%|█████████▎| 2785/3000 [08:06<00:38,  5.51it/s]
instructblip/pope/ricd/gqa/adversarial/seed1:  93%|█████████▎| 2786/3000 [08:06<00:37,  5.64it/s]
instructblip/pope/ricd/gqa/adversarial/seed1:  93%|█████████▎| 2787/3000 [08:06<00:37,  5.70it/s]
instructblip/pope/ricd/gqa/adversarial/seed1:  93%|█████████▎| 2788/3000 [08:06<00:37,  5.62it/s]
instructblip/pope/ricd/gqa/adversarial/seed1:  93%|█████████▎| 2789/3000 [08:06<00:38,  5.45it/s]
instructblip/pope/ricd/gqa/adversarial/seed1:  93%|█████████▎| 2790/3000 [08:07<00:38,  5.42it/s]
instructblip/pope/ricd/gqa/adversarial/seed1:  93%|█████████▎| 2791/3000 [08:07<00:39,  5.35it/s]
instructblip/pope/ricd/gqa/adversarial/seed1:  93%|█████████▎| 2792/3000 [08:07<00:38,  5.41it/s]
instructblip/pope/ricd/gqa/adversarial/seed1:  93%|█████████▎| 2793/3000 [08:07<00:37,  5.55it/s]
instructblip/pope/ricd/gqa/adversarial/seed1:  93%|█████████▎| 2794/3000 [08:07<00:37,  5.52it/s]
instructblip/pope/ricd/gqa/adversarial/seed1:  93%|█████████▎| 2795/3000 [08:08<00:36,  5.60it/s]
instructblip/pope/ricd/gqa/adversarial/seed1:  93%|█████████▎| 2796/3000 [08:08<00:36,  5.61it/s]
instructblip/pope/ricd/gqa/adversarial/seed1:  93%|█████████▎| 2797/3000 [08:08<00:36,  5.60it/s]
instructblip/pope/ricd/gqa/adversarial/seed1:  93%|█████████▎| 2798/3000 [08:08<00:35,  5.67it/s]
instructblip/pope/ricd/gqa/adversarial/seed1:  93%|█████████▎| 2799/3000 [08:08<00:34,  5.77it/s]
instructblip/pope/ricd/gqa/adversarial/seed1:  93%|█████████▎| 2800/3000 [08:08<00:35,  5.69it/s]
instructblip/pope/ricd/gqa/adversarial/seed1:  93%|█████████▎| 2801/3000 [08:09<00:35,  5.64it/s]
instructblip/pope/ricd/gqa/adversarial/seed1:  93%|█████████▎| 2802/3000 [08:09<00:34,  5.74it/s]
instructblip/pope/ricd/gqa/adversarial/seed1:  93%|█████████▎| 2803/3000 [08:09<00:33,  5.80it/s]
instructblip/pope/ricd/gqa/adversarial/seed1:  93%|█████████▎| 2804/3000 [08:09<00:34,  5.73it/s]
instructblip/pope/ricd/gqa/adversarial/seed1:  94%|█████████▎| 2805/3000 [08:09<00:34,  5.64it/s]
instructblip/pope/ricd/gqa/adversarial/seed1:  94%|█████████▎| 2806/3000 [08:09<00:34,  5.70it/s]
instructblip/pope/ricd/gqa/adversarial/seed1:  94%|█████████▎| 2807/3000 [08:10<00:34,  5.54it/s]
instructblip/pope/ricd/gqa/adversarial/seed1:  94%|█████████▎| 2808/3000 [08:10<00:34,  5.55it/s]
instructblip/pope/ricd/gqa/adversarial/seed1:  94%|█████████▎| 2809/3000 [08:10<00:34,  5.53it/s]
instructblip/pope/ricd/gqa/adversarial/seed1:  94%|█████████▎| 2810/3000 [08:10<00:33,  5.62it/s]
instructblip/pope/ricd/gqa/adversarial/seed1:  94%|█████████▎| 2811/3000 [08:10<00:36,  5.16it/s]
instructblip/pope/ricd/gqa/adversarial/seed1:  94%|█████████▎| 2812/3000 [08:11<00:37,  5.01it/s]
instructblip/pope/ricd/gqa/adversarial/seed1:  94%|█████████▍| 2813/3000 [08:11<00:35,  5.20it/s]
instructblip/pope/ricd/gqa/adversarial/seed1:  94%|█████████▍| 2814/3000 [08:11<00:37,  4.97it/s]
instructblip/pope/ricd/gqa/adversarial/seed1:  94%|█████████▍| 2815/3000 [08:11<00:36,  5.03it/s]
instructblip/pope/ricd/gqa/adversarial/seed1:  94%|█████████▍| 2816/3000 [08:11<00:36,  5.11it/s]
instructblip/pope/ricd/gqa/adversarial/seed1:  94%|█████████▍| 2817/3000 [08:12<00:34,  5.23it/s]
instructblip/pope/ricd/gqa/adversarial/seed1:  94%|█████████▍| 2818/3000 [08:12<00:34,  5.31it/s]
instructblip/pope/ricd/gqa/adversarial/seed1:  94%|█████████▍| 2819/3000 [08:12<00:33,  5.38it/s]
instructblip/pope/ricd/gqa/adversarial/seed1:  94%|█████████▍| 2820/3000 [08:12<00:32,  5.58it/s]
instructblip/pope/ricd/gqa/adversarial/seed1:  94%|█████████▍| 2821/3000 [08:12<00:32,  5.53it/s]
instructblip/pope/ricd/gqa/adversarial/seed1:  94%|█████████▍| 2822/3000 [08:12<00:31,  5.63it/s]
instructblip/pope/ricd/gqa/adversarial/seed1:  94%|█████████▍| 2823/3000 [08:13<00:31,  5.64it/s]
instructblip/pope/ricd/gqa/adversarial/seed1:  94%|█████████▍| 2824/3000 [08:13<00:30,  5.75it/s]
instructblip/pope/ricd/gqa/adversarial/seed1:  94%|█████████▍| 2825/3000 [08:13<00:30,  5.69it/s]
instructblip/pope/ricd/gqa/adversarial/seed1:  94%|█████████▍| 2826/3000 [08:13<00:31,  5.58it/s]
instructblip/pope/ricd/gqa/adversarial/seed1:  94%|█████████▍| 2827/3000 [08:13<00:31,  5.52it/s]
instructblip/pope/ricd/gqa/adversarial/seed1:  94%|█████████▍| 2828/3000 [08:14<00:31,  5.45it/s]
instructblip/pope/ricd/gqa/adversarial/seed1:  94%|█████████▍| 2829/3000 [08:14<00:30,  5.53it/s]
instructblip/pope/ricd/gqa/adversarial/seed1:  94%|█████████▍| 2830/3000 [08:14<00:31,  5.44it/s]
instructblip/pope/ricd/gqa/adversarial/seed1:  94%|█████████▍| 2831/3000 [08:14<00:31,  5.44it/s]
instructblip/pope/ricd/gqa/adversarial/seed1:  94%|█████████▍| 2832/3000 [08:14<00:31,  5.41it/s]
instructblip/pope/ricd/gqa/adversarial/seed1:  94%|█████████▍| 2833/3000 [08:15<00:30,  5.42it/s]
instructblip/pope/ricd/gqa/adversarial/seed1:  94%|█████████▍| 2834/3000 [08:15<00:29,  5.54it/s]
instructblip/pope/ricd/gqa/adversarial/seed1:  94%|█████████▍| 2835/3000 [08:15<00:29,  5.51it/s]
instructblip/pope/ricd/gqa/adversarial/seed1:  95%|█████████▍| 2836/3000 [08:15<00:29,  5.53it/s]
instructblip/pope/ricd/gqa/adversarial/seed1:  95%|█████████▍| 2837/3000 [08:15<00:29,  5.51it/s]
instructblip/pope/ricd/gqa/adversarial/seed1:  95%|█████████▍| 2838/3000 [08:15<00:29,  5.44it/s]
instructblip/pope/ricd/gqa/adversarial/seed1:  95%|█████████▍| 2839/3000 [08:16<00:29,  5.49it/s]
instructblip/pope/ricd/gqa/adversarial/seed1:  95%|█████████▍| 2840/3000 [08:16<00:28,  5.62it/s]
instructblip/pope/ricd/gqa/adversarial/seed1:  95%|█████████▍| 2841/3000 [08:16<00:28,  5.66it/s]
instructblip/pope/ricd/gqa/adversarial/seed1:  95%|█████████▍| 2842/3000 [08:16<00:27,  5.66it/s]
instructblip/pope/ricd/gqa/adversarial/seed1:  95%|█████████▍| 2843/3000 [08:16<00:27,  5.78it/s]
instructblip/pope/ricd/gqa/adversarial/seed1:  95%|█████████▍| 2844/3000 [08:16<00:27,  5.76it/s]
instructblip/pope/ricd/gqa/adversarial/seed1:  95%|█████████▍| 2845/3000 [08:17<00:26,  5.83it/s]
instructblip/pope/ricd/gqa/adversarial/seed1:  95%|█████████▍| 2846/3000 [08:17<00:26,  5.88it/s]
instructblip/pope/ricd/gqa/adversarial/seed1:  95%|█████████▍| 2847/3000 [08:17<00:26,  5.81it/s]
instructblip/pope/ricd/gqa/adversarial/seed1:  95%|█████████▍| 2848/3000 [08:17<00:25,  5.89it/s]
instructblip/pope/ricd/gqa/adversarial/seed1:  95%|█████████▍| 2849/3000 [08:17<00:26,  5.71it/s]
instructblip/pope/ricd/gqa/adversarial/seed1:  95%|█████████▌| 2850/3000 [08:17<00:26,  5.67it/s]
instructblip/pope/ricd/gqa/adversarial/seed1:  95%|█████████▌| 2851/3000 [08:18<00:25,  5.78it/s]
instructblip/pope/ricd/gqa/adversarial/seed1:  95%|█████████▌| 2852/3000 [08:18<00:25,  5.81it/s]
instructblip/pope/ricd/gqa/adversarial/seed1:  95%|█████████▌| 2853/3000 [08:18<00:25,  5.69it/s]
instructblip/pope/ricd/gqa/adversarial/seed1:  95%|█████████▌| 2854/3000 [08:18<00:25,  5.77it/s]
instructblip/pope/ricd/gqa/adversarial/seed1:  95%|█████████▌| 2855/3000 [08:18<00:25,  5.69it/s]
instructblip/pope/ricd/gqa/adversarial/seed1:  95%|█████████▌| 2856/3000 [08:19<00:24,  5.76it/s]
instructblip/pope/ricd/gqa/adversarial/seed1:  95%|█████████▌| 2857/3000 [08:19<00:24,  5.80it/s]
instructblip/pope/ricd/gqa/adversarial/seed1:  95%|█████████▌| 2858/3000 [08:19<00:24,  5.78it/s]
instructblip/pope/ricd/gqa/adversarial/seed1:  95%|█████████▌| 2859/3000 [08:19<00:24,  5.76it/s]
instructblip/pope/ricd/gqa/adversarial/seed1:  95%|█████████▌| 2860/3000 [08:19<00:24,  5.80it/s]
instructblip/pope/ricd/gqa/adversarial/seed1:  95%|█████████▌| 2861/3000 [08:19<00:23,  5.81it/s]
instructblip/pope/ricd/gqa/adversarial/seed1:  95%|█████████▌| 2862/3000 [08:20<00:23,  5.75it/s]
instructblip/pope/ricd/gqa/adversarial/seed1:  95%|█████████▌| 2863/3000 [08:20<00:23,  5.78it/s]
instructblip/pope/ricd/gqa/adversarial/seed1:  95%|█████████▌| 2864/3000 [08:20<00:23,  5.86it/s]
instructblip/pope/ricd/gqa/adversarial/seed1:  96%|█████████▌| 2865/3000 [08:20<00:23,  5.65it/s]
instructblip/pope/ricd/gqa/adversarial/seed1:  96%|█████████▌| 2866/3000 [08:20<00:23,  5.73it/s]
instructblip/pope/ricd/gqa/adversarial/seed1:  96%|█████████▌| 2867/3000 [08:20<00:22,  5.81it/s]
instructblip/pope/ricd/gqa/adversarial/seed1:  96%|█████████▌| 2868/3000 [08:21<00:22,  5.81it/s]
instructblip/pope/ricd/gqa/adversarial/seed1:  96%|█████████▌| 2869/3000 [08:21<00:22,  5.89it/s]
instructblip/pope/ricd/gqa/adversarial/seed1:  96%|█████████▌| 2870/3000 [08:21<00:22,  5.81it/s]
instructblip/pope/ricd/gqa/adversarial/seed1:  96%|█████████▌| 2871/3000 [08:21<00:22,  5.75it/s]
instructblip/pope/ricd/gqa/adversarial/seed1:  96%|█████████▌| 2872/3000 [08:21<00:21,  5.83it/s]
instructblip/pope/ricd/gqa/adversarial/seed1:  96%|█████████▌| 2873/3000 [08:21<00:21,  5.79it/s]
instructblip/pope/ricd/gqa/adversarial/seed1:  96%|█████████▌| 2874/3000 [08:22<00:21,  5.76it/s]
instructblip/pope/ricd/gqa/adversarial/seed1:  96%|█████████▌| 2875/3000 [08:22<00:22,  5.65it/s]
instructblip/pope/ricd/gqa/adversarial/seed1:  96%|█████████▌| 2876/3000 [08:22<00:22,  5.55it/s]
instructblip/pope/ricd/gqa/adversarial/seed1:  96%|█████████▌| 2877/3000 [08:22<00:21,  5.64it/s]
instructblip/pope/ricd/gqa/adversarial/seed1:  96%|█████████▌| 2878/3000 [08:22<00:21,  5.57it/s]
instructblip/pope/ricd/gqa/adversarial/seed1:  96%|█████████▌| 2879/3000 [08:23<00:22,  5.50it/s]
instructblip/pope/ricd/gqa/adversarial/seed1:  96%|█████████▌| 2880/3000 [08:23<00:21,  5.52it/s]
instructblip/pope/ricd/gqa/adversarial/seed1:  96%|█████████▌| 2881/3000 [08:23<00:21,  5.62it/s]
instructblip/pope/ricd/gqa/adversarial/seed1:  96%|█████████▌| 2882/3000 [08:23<00:21,  5.59it/s]
instructblip/pope/ricd/gqa/adversarial/seed1:  96%|█████████▌| 2883/3000 [08:23<00:20,  5.74it/s]
instructblip/pope/ricd/gqa/adversarial/seed1:  96%|█████████▌| 2884/3000 [08:23<00:20,  5.78it/s]
instructblip/pope/ricd/gqa/adversarial/seed1:  96%|█████████▌| 2885/3000 [08:24<00:19,  5.83it/s]
instructblip/pope/ricd/gqa/adversarial/seed1:  96%|█████████▌| 2886/3000 [08:24<00:19,  5.89it/s]
instructblip/pope/ricd/gqa/adversarial/seed1:  96%|█████████▌| 2887/3000 [08:24<00:19,  5.88it/s]
instructblip/pope/ricd/gqa/adversarial/seed1:  96%|█████████▋| 2888/3000 [08:24<00:19,  5.85it/s]
instructblip/pope/ricd/gqa/adversarial/seed1:  96%|█████████▋| 2889/3000 [08:24<00:19,  5.76it/s]
instructblip/pope/ricd/gqa/adversarial/seed1:  96%|█████████▋| 2890/3000 [08:24<00:19,  5.79it/s]
instructblip/pope/ricd/gqa/adversarial/seed1:  96%|█████████▋| 2891/3000 [08:25<00:18,  5.82it/s]
instructblip/pope/ricd/gqa/adversarial/seed1:  96%|█████████▋| 2892/3000 [08:25<00:18,  5.89it/s]
instructblip/pope/ricd/gqa/adversarial/seed1:  96%|█████████▋| 2893/3000 [08:25<00:18,  5.90it/s]
instructblip/pope/ricd/gqa/adversarial/seed1:  96%|█████████▋| 2894/3000 [08:25<00:18,  5.81it/s]
instructblip/pope/ricd/gqa/adversarial/seed1:  96%|█████████▋| 2895/3000 [08:25<00:17,  5.84it/s]
instructblip/pope/ricd/gqa/adversarial/seed1:  97%|█████████▋| 2896/3000 [08:25<00:17,  5.90it/s]
instructblip/pope/ricd/gqa/adversarial/seed1:  97%|█████████▋| 2897/3000 [08:26<00:17,  5.94it/s]
instructblip/pope/ricd/gqa/adversarial/seed1:  97%|█████████▋| 2898/3000 [08:26<00:16,  6.02it/s]
instructblip/pope/ricd/gqa/adversarial/seed1:  97%|█████████▋| 2899/3000 [08:26<00:16,  6.05it/s]
instructblip/pope/ricd/gqa/adversarial/seed1:  97%|█████████▋| 2900/3000 [08:26<00:16,  6.06it/s]
instructblip/pope/ricd/gqa/adversarial/seed1:  97%|█████████▋| 2901/3000 [08:26<00:16,  6.09it/s]
instructblip/pope/ricd/gqa/adversarial/seed1:  97%|█████████▋| 2902/3000 [08:26<00:15,  6.13it/s]
instructblip/pope/ricd/gqa/adversarial/seed1:  97%|█████████▋| 2903/3000 [08:27<00:15,  6.09it/s]
instructblip/pope/ricd/gqa/adversarial/seed1:  97%|█████████▋| 2904/3000 [08:27<00:15,  6.02it/s]
instructblip/pope/ricd/gqa/adversarial/seed1:  97%|█████████▋| 2905/3000 [08:27<00:15,  6.08it/s]
instructblip/pope/ricd/gqa/adversarial/seed1:  97%|█████████▋| 2906/3000 [08:27<00:15,  5.99it/s]
instructblip/pope/ricd/gqa/adversarial/seed1:  97%|█████████▋| 2907/3000 [08:27<00:15,  6.00it/s]
instructblip/pope/ricd/gqa/adversarial/seed1:  97%|█████████▋| 2908/3000 [08:27<00:15,  5.87it/s]
instructblip/pope/ricd/gqa/adversarial/seed1:  97%|█████████▋| 2909/3000 [08:28<00:15,  5.87it/s]
instructblip/pope/ricd/gqa/adversarial/seed1:  97%|█████████▋| 2910/3000 [08:28<00:15,  5.79it/s]
instructblip/pope/ricd/gqa/adversarial/seed1:  97%|█████████▋| 2911/3000 [08:28<00:15,  5.82it/s]
instructblip/pope/ricd/gqa/adversarial/seed1:  97%|█████████▋| 2912/3000 [08:28<00:15,  5.81it/s]
instructblip/pope/ricd/gqa/adversarial/seed1:  97%|█████████▋| 2913/3000 [08:28<00:14,  5.83it/s]
instructblip/pope/ricd/gqa/adversarial/seed1:  97%|█████████▋| 2914/3000 [08:28<00:14,  5.86it/s]
instructblip/pope/ricd/gqa/adversarial/seed1:  97%|█████████▋| 2915/3000 [08:29<00:14,  5.83it/s]
instructblip/pope/ricd/gqa/adversarial/seed1:  97%|█████████▋| 2916/3000 [08:29<00:14,  5.83it/s]
instructblip/pope/ricd/gqa/adversarial/seed1:  97%|█████████▋| 2917/3000 [08:29<00:14,  5.69it/s]
instructblip/pope/ricd/gqa/adversarial/seed1:  97%|█████████▋| 2918/3000 [08:29<00:14,  5.55it/s]
instructblip/pope/ricd/gqa/adversarial/seed1:  97%|█████████▋| 2919/3000 [08:29<00:15,  5.26it/s]
instructblip/pope/ricd/gqa/adversarial/seed1:  97%|█████████▋| 2920/3000 [08:30<00:14,  5.34it/s]
instructblip/pope/ricd/gqa/adversarial/seed1:  97%|█████████▋| 2921/3000 [08:30<00:14,  5.52it/s]
instructblip/pope/ricd/gqa/adversarial/seed1:  97%|█████████▋| 2922/3000 [08:30<00:14,  5.45it/s]
instructblip/pope/ricd/gqa/adversarial/seed1:  97%|█████████▋| 2923/3000 [08:30<00:13,  5.55it/s]
instructblip/pope/ricd/gqa/adversarial/seed1:  97%|█████████▋| 2924/3000 [08:30<00:14,  5.43it/s]
instructblip/pope/ricd/gqa/adversarial/seed1:  98%|█████████▊| 2925/3000 [08:31<00:14,  5.31it/s]
instructblip/pope/ricd/gqa/adversarial/seed1:  98%|█████████▊| 2926/3000 [08:31<00:13,  5.33it/s]
instructblip/pope/ricd/gqa/adversarial/seed1:  98%|█████████▊| 2927/3000 [08:31<00:13,  5.39it/s]
instructblip/pope/ricd/gqa/adversarial/seed1:  98%|█████████▊| 2928/3000 [08:31<00:13,  5.29it/s]
instructblip/pope/ricd/gqa/adversarial/seed1:  98%|█████████▊| 2929/3000 [08:31<00:13,  5.37it/s]
instructblip/pope/ricd/gqa/adversarial/seed1:  98%|█████████▊| 2930/3000 [08:31<00:12,  5.57it/s]
instructblip/pope/ricd/gqa/adversarial/seed1:  98%|█████████▊| 2931/3000 [08:32<00:12,  5.54it/s]
instructblip/pope/ricd/gqa/adversarial/seed1:  98%|█████████▊| 2932/3000 [08:32<00:12,  5.48it/s]
instructblip/pope/ricd/gqa/adversarial/seed1:  98%|█████████▊| 2933/3000 [08:32<00:12,  5.41it/s]
instructblip/pope/ricd/gqa/adversarial/seed1:  98%|█████████▊| 2934/3000 [08:32<00:12,  5.42it/s]
instructblip/pope/ricd/gqa/adversarial/seed1:  98%|█████████▊| 2935/3000 [08:32<00:11,  5.62it/s]
instructblip/pope/ricd/gqa/adversarial/seed1:  98%|█████████▊| 2936/3000 [08:32<00:11,  5.70it/s]
instructblip/pope/ricd/gqa/adversarial/seed1:  98%|█████████▊| 2937/3000 [08:33<00:11,  5.72it/s]
instructblip/pope/ricd/gqa/adversarial/seed1:  98%|█████████▊| 2938/3000 [08:33<00:10,  5.68it/s]
instructblip/pope/ricd/gqa/adversarial/seed1:  98%|█████████▊| 2939/3000 [08:33<00:10,  5.80it/s]
instructblip/pope/ricd/gqa/adversarial/seed1:  98%|█████████▊| 2940/3000 [08:33<00:10,  5.69it/s]
instructblip/pope/ricd/gqa/adversarial/seed1:  98%|█████████▊| 2941/3000 [08:33<00:10,  5.77it/s]
instructblip/pope/ricd/gqa/adversarial/seed1:  98%|█████████▊| 2942/3000 [08:34<00:10,  5.71it/s]
instructblip/pope/ricd/gqa/adversarial/seed1:  98%|█████████▊| 2943/3000 [08:34<00:10,  5.66it/s]
instructblip/pope/ricd/gqa/adversarial/seed1:  98%|█████████▊| 2944/3000 [08:34<00:10,  5.56it/s]
instructblip/pope/ricd/gqa/adversarial/seed1:  98%|█████████▊| 2945/3000 [08:34<00:09,  5.60it/s]
instructblip/pope/ricd/gqa/adversarial/seed1:  98%|█████████▊| 2946/3000 [08:34<00:09,  5.66it/s]
instructblip/pope/ricd/gqa/adversarial/seed1:  98%|█████████▊| 2947/3000 [08:34<00:09,  5.65it/s]
instructblip/pope/ricd/gqa/adversarial/seed1:  98%|█████████▊| 2948/3000 [08:35<00:09,  5.70it/s]
instructblip/pope/ricd/gqa/adversarial/seed1:  98%|█████████▊| 2949/3000 [08:35<00:08,  5.70it/s]
instructblip/pope/ricd/gqa/adversarial/seed1:  98%|█████████▊| 2950/3000 [08:35<00:08,  5.68it/s]
instructblip/pope/ricd/gqa/adversarial/seed1:  98%|█████████▊| 2951/3000 [08:35<00:08,  5.73it/s]
instructblip/pope/ricd/gqa/adversarial/seed1:  98%|█████████▊| 2952/3000 [08:35<00:08,  5.79it/s]
instructblip/pope/ricd/gqa/adversarial/seed1:  98%|█████████▊| 2953/3000 [08:35<00:08,  5.67it/s]
instructblip/pope/ricd/gqa/adversarial/seed1:  98%|█████████▊| 2954/3000 [08:36<00:08,  5.67it/s]
instructblip/pope/ricd/gqa/adversarial/seed1:  98%|█████████▊| 2955/3000 [08:36<00:07,  5.64it/s]
instructblip/pope/ricd/gqa/adversarial/seed1:  99%|█████████▊| 2956/3000 [08:36<00:07,  5.65it/s]
instructblip/pope/ricd/gqa/adversarial/seed1:  99%|█████████▊| 2957/3000 [08:36<00:07,  5.67it/s]
instructblip/pope/ricd/gqa/adversarial/seed1:  99%|█████████▊| 2958/3000 [08:36<00:07,  5.76it/s]
instructblip/pope/ricd/gqa/adversarial/seed1:  99%|█████████▊| 2959/3000 [08:37<00:07,  5.83it/s]
instructblip/pope/ricd/gqa/adversarial/seed1:  99%|█████████▊| 2960/3000 [08:37<00:06,  5.85it/s]
instructblip/pope/ricd/gqa/adversarial/seed1:  99%|█████████▊| 2961/3000 [08:37<00:06,  5.97it/s]
instructblip/pope/ricd/gqa/adversarial/seed1:  99%|█████████▊| 2962/3000 [08:37<00:06,  5.95it/s]
instructblip/pope/ricd/gqa/adversarial/seed1:  99%|█████████▉| 2963/3000 [08:37<00:06,  6.02it/s]
instructblip/pope/ricd/gqa/adversarial/seed1:  99%|█████████▉| 2964/3000 [08:37<00:05,  6.02it/s]
instructblip/pope/ricd/gqa/adversarial/seed1:  99%|█████████▉| 2965/3000 [08:38<00:05,  5.84it/s]
instructblip/pope/ricd/gqa/adversarial/seed1:  99%|█████████▉| 2966/3000 [08:38<00:05,  5.78it/s]
instructblip/pope/ricd/gqa/adversarial/seed1:  99%|█████████▉| 2967/3000 [08:38<00:05,  5.76it/s]
instructblip/pope/ricd/gqa/adversarial/seed1:  99%|█████████▉| 2968/3000 [08:38<00:05,  5.75it/s]
instructblip/pope/ricd/gqa/adversarial/seed1:  99%|█████████▉| 2969/3000 [08:38<00:05,  5.74it/s]
instructblip/pope/ricd/gqa/adversarial/seed1:  99%|█████████▉| 2970/3000 [08:38<00:05,  5.61it/s]
instructblip/pope/ricd/gqa/adversarial/seed1:  99%|█████████▉| 2971/3000 [08:39<00:05,  5.64it/s]
instructblip/pope/ricd/gqa/adversarial/seed1:  99%|█████████▉| 2972/3000 [08:39<00:04,  5.65it/s]
instructblip/pope/ricd/gqa/adversarial/seed1:  99%|█████████▉| 2973/3000 [08:39<00:04,  5.75it/s]
instructblip/pope/ricd/gqa/adversarial/seed1:  99%|█████████▉| 2974/3000 [08:39<00:04,  5.73it/s]
instructblip/pope/ricd/gqa/adversarial/seed1:  99%|█████████▉| 2975/3000 [08:39<00:04,  5.69it/s]
instructblip/pope/ricd/gqa/adversarial/seed1:  99%|█████████▉| 2976/3000 [08:39<00:04,  5.68it/s]
instructblip/pope/ricd/gqa/adversarial/seed1:  99%|█████████▉| 2977/3000 [08:40<00:04,  5.75it/s]
instructblip/pope/ricd/gqa/adversarial/seed1:  99%|█████████▉| 2978/3000 [08:40<00:03,  5.85it/s]
instructblip/pope/ricd/gqa/adversarial/seed1:  99%|█████████▉| 2979/3000 [08:40<00:03,  5.87it/s]
instructblip/pope/ricd/gqa/adversarial/seed1:  99%|█████████▉| 2980/3000 [08:40<00:03,  5.85it/s]
instructblip/pope/ricd/gqa/adversarial/seed1:  99%|█████████▉| 2981/3000 [08:40<00:03,  5.92it/s]
instructblip/pope/ricd/gqa/adversarial/seed1:  99%|█████████▉| 2982/3000 [08:40<00:03,  5.95it/s]
instructblip/pope/ricd/gqa/adversarial/seed1:  99%|█████████▉| 2983/3000 [08:41<00:02,  5.99it/s]
instructblip/pope/ricd/gqa/adversarial/seed1:  99%|█████████▉| 2984/3000 [08:41<00:02,  6.02it/s]
instructblip/pope/ricd/gqa/adversarial/seed1: 100%|█████████▉| 2985/3000 [08:41<00:02,  5.93it/s]
instructblip/pope/ricd/gqa/adversarial/seed1: 100%|█████████▉| 2986/3000 [08:41<00:02,  6.00it/s]
instructblip/pope/ricd/gqa/adversarial/seed1: 100%|█████████▉| 2987/3000 [08:41<00:02,  5.59it/s]
instructblip/pope/ricd/gqa/adversarial/seed1: 100%|█████████▉| 2988/3000 [08:42<00:02,  5.67it/s]
instructblip/pope/ricd/gqa/adversarial/seed1: 100%|█████████▉| 2989/3000 [08:42<00:01,  5.54it/s]
instructblip/pope/ricd/gqa/adversarial/seed1: 100%|█████████▉| 2990/3000 [08:42<00:01,  5.57it/s]
instructblip/pope/ricd/gqa/adversarial/seed1: 100%|█████████▉| 2991/3000 [08:42<00:01,  5.63it/s]
instructblip/pope/ricd/gqa/adversarial/seed1: 100%|█████████▉| 2992/3000 [08:42<00:01,  5.75it/s]
instructblip/pope/ricd/gqa/adversarial/seed1: 100%|█████████▉| 2993/3000 [08:42<00:01,  5.71it/s]
instructblip/pope/ricd/gqa/adversarial/seed1: 100%|█████████▉| 2994/3000 [08:43<00:01,  5.82it/s]
instructblip/pope/ricd/gqa/adversarial/seed1: 100%|█████████▉| 2995/3000 [08:43<00:00,  5.92it/s]
instructblip/pope/ricd/gqa/adversarial/seed1: 100%|█████████▉| 2996/3000 [08:43<00:00,  5.98it/s]
instructblip/pope/ricd/gqa/adversarial/seed1: 100%|█████████▉| 2997/3000 [08:43<00:00,  5.98it/s]
instructblip/pope/ricd/gqa/adversarial/seed1: 100%|█████████▉| 2998/3000 [08:43<00:00,  6.05it/s]
instructblip/pope/ricd/gqa/adversarial/seed1: 100%|█████████▉| 2999/3000 [08:43<00:00,  5.93it/s]
instructblip/pope/ricd/gqa/adversarial/seed1: 100%|██████████| 3000/3000 [08:44<00:00,  5.84it/s]
instructblip/pope/ricd/gqa/adversarial/seed1: 100%|██████████| 3000/3000 [08:44<00:00,  5.72it/s]
{
  "protocol_version": "instructblip-ricd-j3-fixed-popular-adversarial-v1",
  "benchmark": "pope",
  "model": "instructblip",
  "method": "ricd",
  "dataset": "gqa",
  "setting": "adversarial",
  "seed": 1,
  "generation": {
    "do_sample": false,
    "temperature": 1.0,
    "top_p": 1.0,
    "top_k": null,
    "max_new_tokens": 32,
    "use_cache": true
  },
  "ricd": {
    "lambda_l": 0.5,
    "lambda_s": 1.0,
    "tau_l": 1.0,
    "tau_v": 1.0,
    "top_k_proxy": 10,
    "apc_mode": "relative_max",
    "theta_apc": 0.3,
    "selection_status": "frozen_from_random_j3_before_popular_adversarial_evaluation"
  },
  "metrics": {
    "agla_official_compatible": {
      "total": 3000,
      "correct": 2288,
      "tp": 1307,
      "fp": 519,
      "tn": 981,
      "fn": 193,
      "unknown_predictions": 0,
      "ambiguous_contains_both": 0,
      "accuracy": 76.26666666666667,
      "precision": 71.57721796276013,
      "recall": 87.13333333333333,
      "f1": 78.59290438965724,
      "yes_ratio": 60.86666666666667
    },
    "strict_first_token": {
      "total": 3000,
      "correct": 2288,
      "tp": 1307,
      "fp": 519,
      "tn": 981,
      "fn": 193,
      "unknown_predictions": 0,
      "ambiguous_contains_both": 0,
      "accuracy": 76.26666666666667,
      "precision": 71.57721796276013,
      "recall": 87.13333333333333,
      "f1": 78.59290438965724,
      "yes_ratio": 60.86666666666667
    }
  }
}
[2026-08-25 14:04:49] GPU1 DONE  J3 gqa adversarial
[2026-08-25 14:04:49] GPU1 adversarial ALL_DONE
