[2026-08-25 23:30:36] START Qwen RiCD fixed l15 coco adversarial
{
  "protocol_version": "qwen2.5-vl-ricd-clean-random-lambda-l15-v1",
  "model": "qwen2.5-vl",
  "benchmark": "pope",
  "method": "ricd",
  "dataset": "coco",
  "setting": "adversarial",
  "seed": 1,
  "samples": 3000,
  "image_root": "/root/autodl-tmp/CCR-master/data/coco/val2014",
  "completed": 0,
  "job_dir": "/root/autodl-tmp/CCR-master/outputs/qwen2_5_vl_ricd_clean_fixed_l15_adversarial_v1/qwen2.5-vl/pope/ricd/coco/adversarial/seed1",
  "config_path": "/root/autodl-tmp/CCR-master/configs/qwen_clean_random_lambda_l_sweep/l15.json",
  "generation": {
    "do_sample": false,
    "temperature": 1.0,
    "top_p": 1.0,
    "top_k": null,
    "max_new_tokens": 32,
    "use_cache": false
  }
}
/root/autodl-tmp/qwen25vl_env/lib/python3.10/site-packages/transformers/utils/hub.py:106: FutureWarning: Using `TRANSFORMERS_CACHE` is deprecated and will be removed in v5 of Transformers. Use `HF_HOME` instead.
  warnings.warn(
/root/miniconda3/lib/python3.10/site-packages/torchvision/datapoints/__init__.py:12: UserWarning: The torchvision.datapoints and torchvision.transforms.v2 namespaces are still Beta. While we do not expect major breaking changes, some APIs may still change according to user feedback. Please submit any feedback you may have in this issue: https://github.com/pytorch/vision/issues/6753, and you can also check out https://github.com/pytorch/vision/issues/7319 to learn more about the APIs that we suspect might involve future changes. You can silence this warning by calling torchvision.disable_beta_transforms_warning().
  warnings.warn(_BETA_TRANSFORMS_WARNING)
/root/miniconda3/lib/python3.10/site-packages/torchvision/transforms/v2/__init__.py:54: UserWarning: The torchvision.datapoints and torchvision.transforms.v2 namespaces are still Beta. While we do not expect major breaking changes, some APIs may still change according to user feedback. Please submit any feedback you may have in this issue: https://github.com/pytorch/vision/issues/6753, and you can also check out https://github.com/pytorch/vision/issues/7319 to learn more about the APIs that we suspect might involve future changes. You can silence this warning by calling torchvision.disable_beta_transforms_warning().
  warnings.warn(_BETA_TRANSFORMS_WARNING)
[Qwen2.5-VL] Loading Qwen/Qwen2.5-VL-7B-Instruct...
  Using Qwen2_5_VLForConditionalGeneration
Using a slow image processor as `use_fast` is unset and a slow processor was saved with this model. `use_fast=True` will be the default behavior in v4.48, even if the model was saved with a slow processor. This will result in minor differences in outputs. You'll still be able to use a slow processor with `use_fast=False`.

Loading checkpoint shards:   0%|          | 0/5 [00:00<?, ?it/s]
Loading checkpoint shards:  20%|██        | 1/5 [00:04<00:16,  4.23s/it]
Loading checkpoint shards:  40%|████      | 2/5 [00:07<00:11,  3.79s/it]
Loading checkpoint shards:  60%|██████    | 3/5 [00:10<00:07,  3.55s/it]
Loading checkpoint shards:  80%|████████  | 4/5 [00:14<00:03,  3.43s/it]
Loading checkpoint shards: 100%|██████████| 5/5 [00:15<00:00,  2.56s/it]
Loading checkpoint shards: 100%|██████████| 5/5 [00:15<00:00,  3.05s/it]
[Qwen2.5-VL] Loaded. vocab=152064

qwen2.5-vl/pope/ricd/coco/adversarial/seed1:   0%|          | 0/3000 [00:00<?, ?it/s]
qwen2.5-vl/pope/ricd/coco/adversarial/seed1:   0%|          | 1/3000 [00:01<1:08:04,  1.36s/it]
qwen2.5-vl/pope/ricd/coco/adversarial/seed1:   0%|          | 2/3000 [00:01<45:57,  1.09it/s]  
qwen2.5-vl/pope/ricd/coco/adversarial/seed1:   0%|          | 3/3000 [00:02<38:44,  1.29it/s]
qwen2.5-vl/pope/ricd/coco/adversarial/seed1:   0%|          | 4/3000 [00:03<35:24,  1.41it/s]
qwen2.5-vl/pope/ricd/coco/adversarial/seed1:   0%|          | 5/3000 [00:03<33:31,  1.49it/s]
qwen2.5-vl/pope/ricd/coco/adversarial/seed1:   0%|          | 6/3000 [00:04<32:25,  1.54it/s]
qwen2.5-vl/pope/ricd/coco/adversarial/seed1:   0%|          | 7/3000 [00:04<31:09,  1.60it/s]
qwen2.5-vl/pope/ricd/coco/adversarial/seed1:   0%|          | 8/3000 [00:05<30:21,  1.64it/s]
qwen2.5-vl/pope/ricd/coco/adversarial/seed1:   0%|          | 9/3000 [00:06<29:42,  1.68it/s]
qwen2.5-vl/pope/ricd/coco/adversarial/seed1:   0%|          | 10/3000 [00:06<29:20,  1.70it/s]
qwen2.5-vl/pope/ricd/coco/adversarial/seed1:   0%|          | 11/3000 [00:07<29:03,  1.71it/s]
qwen2.5-vl/pope/ricd/coco/adversarial/seed1:   0%|          | 12/3000 [00:07<28:52,  1.72it/s]
qwen2.5-vl/pope/ricd/coco/adversarial/seed1:   0%|          | 13/3000 [00:08<29:17,  1.70it/s]
qwen2.5-vl/pope/ricd/coco/adversarial/seed1:   0%|          | 14/3000 [00:09<29:32,  1.68it/s]
qwen2.5-vl/pope/ricd/coco/adversarial/seed1:   0%|          | 15/3000 [00:09<29:42,  1.67it/s]
qwen2.5-vl/pope/ricd/coco/adversarial/seed1:   1%|          | 16/3000 [00:10<29:51,  1.67it/s]
qwen2.5-vl/pope/ricd/coco/adversarial/seed1:   1%|          | 17/3000 [00:10<29:56,  1.66it/s]
qwen2.5-vl/pope/ricd/coco/adversarial/seed1:   1%|          | 18/3000 [00:11<30:01,  1.66it/s]
qwen2.5-vl/pope/ricd/coco/adversarial/seed1:   1%|          | 19/3000 [00:12<31:35,  1.57it/s]
qwen2.5-vl/pope/ricd/coco/adversarial/seed1:   1%|          | 20/3000 [00:12<32:39,  1.52it/s]
qwen2.5-vl/pope/ricd/coco/adversarial/seed1:   1%|          | 21/3000 [00:13<33:30,  1.48it/s]
qwen2.5-vl/pope/ricd/coco/adversarial/seed1:   1%|          | 22/3000 [00:14<33:59,  1.46it/s]
qwen2.5-vl/pope/ricd/coco/adversarial/seed1:   1%|          | 23/3000 [00:15<34:24,  1.44it/s]
qwen2.5-vl/pope/ricd/coco/adversarial/seed1:   1%|          | 24/3000 [00:15<34:36,  1.43it/s]
qwen2.5-vl/pope/ricd/coco/adversarial/seed1:   1%|          | 25/3000 [00:16<29:52,  1.66it/s]
qwen2.5-vl/pope/ricd/coco/adversarial/seed1:   1%|          | 26/3000 [00:16<26:30,  1.87it/s]
qwen2.5-vl/pope/ricd/coco/adversarial/seed1:   1%|          | 27/3000 [00:16<24:11,  2.05it/s]
qwen2.5-vl/pope/ricd/coco/adversarial/seed1:   1%|          | 28/3000 [00:17<22:33,  2.20it/s]
qwen2.5-vl/pope/ricd/coco/adversarial/seed1:   1%|          | 29/3000 [00:17<21:23,  2.31it/s]
qwen2.5-vl/pope/ricd/coco/adversarial/seed1:   1%|          | 30/3000 [00:18<20:34,  2.41it/s]
qwen2.5-vl/pope/ricd/coco/adversarial/seed1:   1%|          | 31/3000 [00:18<23:21,  2.12it/s]
qwen2.5-vl/pope/ricd/coco/adversarial/seed1:   1%|          | 32/3000 [00:19<25:26,  1.94it/s]
qwen2.5-vl/pope/ricd/coco/adversarial/seed1:   1%|          | 33/3000 [00:19<27:08,  1.82it/s]
qwen2.5-vl/pope/ricd/coco/adversarial/seed1:   1%|          | 34/3000 [00:20<28:24,  1.74it/s]
qwen2.5-vl/pope/ricd/coco/adversarial/seed1:   1%|          | 35/3000 [00:21<29:17,  1.69it/s]
qwen2.5-vl/pope/ricd/coco/adversarial/seed1:   1%|          | 36/3000 [00:21<29:28,  1.68it/s]
qwen2.5-vl/pope/ricd/coco/adversarial/seed1:   1%|          | 37/3000 [00:22<31:18,  1.58it/s]
qwen2.5-vl/pope/ricd/coco/adversarial/seed1:   1%|▏         | 38/3000 [00:23<32:34,  1.52it/s]
qwen2.5-vl/pope/ricd/coco/adversarial/seed1:   1%|▏         | 39/3000 [00:23<33:28,  1.47it/s]
qwen2.5-vl/pope/ricd/coco/adversarial/seed1:   1%|▏         | 40/3000 [00:24<34:05,  1.45it/s]
qwen2.5-vl/pope/ricd/coco/adversarial/seed1:   1%|▏         | 41/3000 [00:25<34:30,  1.43it/s]
qwen2.5-vl/pope/ricd/coco/adversarial/seed1:   1%|▏         | 42/3000 [00:26<34:50,  1.41it/s]
qwen2.5-vl/pope/ricd/coco/adversarial/seed1:   1%|▏         | 43/3000 [00:26<35:02,  1.41it/s]
qwen2.5-vl/pope/ricd/coco/adversarial/seed1:   1%|▏         | 44/3000 [00:27<35:10,  1.40it/s]
qwen2.5-vl/pope/ricd/coco/adversarial/seed1:   2%|▏         | 45/3000 [00:28<35:17,  1.40it/s]
qwen2.5-vl/pope/ricd/coco/adversarial/seed1:   2%|▏         | 46/3000 [00:28<35:21,  1.39it/s]
qwen2.5-vl/pope/ricd/coco/adversarial/seed1:   2%|▏         | 47/3000 [00:29<35:27,  1.39it/s]
qwen2.5-vl/pope/ricd/coco/adversarial/seed1:   2%|▏         | 48/3000 [00:30<35:28,  1.39it/s]
qwen2.5-vl/pope/ricd/coco/adversarial/seed1:   2%|▏         | 49/3000 [00:30<33:47,  1.46it/s]
qwen2.5-vl/pope/ricd/coco/adversarial/seed1:   2%|▏         | 50/3000 [00:31<32:33,  1.51it/s]
qwen2.5-vl/pope/ricd/coco/adversarial/seed1:   2%|▏         | 51/3000 [00:32<31:44,  1.55it/s]
qwen2.5-vl/pope/ricd/coco/adversarial/seed1:   2%|▏         | 52/3000 [00:32<31:10,  1.58it/s]
qwen2.5-vl/pope/ricd/coco/adversarial/seed1:   2%|▏         | 53/3000 [00:33<30:46,  1.60it/s]
qwen2.5-vl/pope/ricd/coco/adversarial/seed1:   2%|▏         | 54/3000 [00:34<30:31,  1.61it/s]
qwen2.5-vl/pope/ricd/coco/adversarial/seed1:   2%|▏         | 55/3000 [00:34<32:11,  1.52it/s]
qwen2.5-vl/pope/ricd/coco/adversarial/seed1:   2%|▏         | 56/3000 [00:35<33:09,  1.48it/s]
qwen2.5-vl/pope/ricd/coco/adversarial/seed1:   2%|▏         | 57/3000 [00:36<33:49,  1.45it/s]
qwen2.5-vl/pope/ricd/coco/adversarial/seed1:   2%|▏         | 58/3000 [00:36<34:16,  1.43it/s]
qwen2.5-vl/pope/ricd/coco/adversarial/seed1:   2%|▏         | 59/3000 [00:37<34:35,  1.42it/s]
qwen2.5-vl/pope/ricd/coco/adversarial/seed1:   2%|▏         | 60/3000 [00:38<35:19,  1.39it/s]
qwen2.5-vl/pope/ricd/coco/adversarial/seed1:   2%|▏         | 61/3000 [00:39<34:03,  1.44it/s]
qwen2.5-vl/pope/ricd/coco/adversarial/seed1:   2%|▏         | 62/3000 [00:39<33:09,  1.48it/s]
qwen2.5-vl/pope/ricd/coco/adversarial/seed1:   2%|▏         | 63/3000 [00:40<32:15,  1.52it/s]
qwen2.5-vl/pope/ricd/coco/adversarial/seed1:   2%|▏         | 64/3000 [00:40<31:28,  1.55it/s]
qwen2.5-vl/pope/ricd/coco/adversarial/seed1:   2%|▏         | 65/3000 [00:41<30:55,  1.58it/s]
qwen2.5-vl/pope/ricd/coco/adversarial/seed1:   2%|▏         | 66/3000 [00:42<30:32,  1.60it/s]
qwen2.5-vl/pope/ricd/coco/adversarial/seed1:   2%|▏         | 67/3000 [00:42<30:10,  1.62it/s]
qwen2.5-vl/pope/ricd/coco/adversarial/seed1:   2%|▏         | 68/3000 [00:43<29:53,  1.63it/s]
qwen2.5-vl/pope/ricd/coco/adversarial/seed1:   2%|▏         | 69/3000 [00:43<29:42,  1.64it/s]
qwen2.5-vl/pope/ricd/coco/adversarial/seed1:   2%|▏         | 70/3000 [00:44<29:33,  1.65it/s]
qwen2.5-vl/pope/ricd/coco/adversarial/seed1:   2%|▏         | 71/3000 [00:45<29:27,  1.66it/s]
qwen2.5-vl/pope/ricd/coco/adversarial/seed1:   2%|▏         | 72/3000 [00:45<29:23,  1.66it/s]
qwen2.5-vl/pope/ricd/coco/adversarial/seed1:   2%|▏         | 73/3000 [00:46<31:10,  1.57it/s]
qwen2.5-vl/pope/ricd/coco/adversarial/seed1:   2%|▏         | 74/3000 [00:47<32:23,  1.51it/s]
qwen2.5-vl/pope/ricd/coco/adversarial/seed1:   2%|▎         | 75/3000 [00:47<33:24,  1.46it/s]
qwen2.5-vl/pope/ricd/coco/adversarial/seed1:   3%|▎         | 76/3000 [00:48<34:03,  1.43it/s]
qwen2.5-vl/pope/ricd/coco/adversarial/seed1:   3%|▎         | 77/3000 [00:49<34:36,  1.41it/s]
qwen2.5-vl/pope/ricd/coco/adversarial/seed1:   3%|▎         | 78/3000 [00:50<34:49,  1.40it/s]
qwen2.5-vl/pope/ricd/coco/adversarial/seed1:   3%|▎         | 79/3000 [00:50<29:53,  1.63it/s]
qwen2.5-vl/pope/ricd/coco/adversarial/seed1:   3%|▎         | 80/3000 [00:50<26:27,  1.84it/s]
qwen2.5-vl/pope/ricd/coco/adversarial/seed1:   3%|▎         | 81/3000 [00:51<24:02,  2.02it/s]
qwen2.5-vl/pope/ricd/coco/adversarial/seed1:   3%|▎         | 82/3000 [00:51<22:25,  2.17it/s]
qwen2.5-vl/pope/ricd/coco/adversarial/seed1:   3%|▎         | 83/3000 [00:51<21:17,  2.28it/s]
qwen2.5-vl/pope/ricd/coco/adversarial/seed1:   3%|▎         | 84/3000 [00:52<20:33,  2.36it/s]
qwen2.5-vl/pope/ricd/coco/adversarial/seed1:   3%|▎         | 85/3000 [00:52<19:58,  2.43it/s]
qwen2.5-vl/pope/ricd/coco/adversarial/seed1:   3%|▎         | 86/3000 [00:53<19:33,  2.48it/s]
qwen2.5-vl/pope/ricd/coco/adversarial/seed1:   3%|▎         | 87/3000 [00:53<19:16,  2.52it/s]
qwen2.5-vl/pope/ricd/coco/adversarial/seed1:   3%|▎         | 88/3000 [00:53<19:09,  2.53it/s]
qwen2.5-vl/pope/ricd/coco/adversarial/seed1:   3%|▎         | 89/3000 [00:54<19:22,  2.50it/s]
qwen2.5-vl/pope/ricd/coco/adversarial/seed1:   3%|▎         | 90/3000 [00:54<19:03,  2.55it/s]
qwen2.5-vl/pope/ricd/coco/adversarial/seed1:   3%|▎         | 91/3000 [00:55<23:50,  2.03it/s]
qwen2.5-vl/pope/ricd/coco/adversarial/seed1:   3%|▎         | 92/3000 [00:56<27:12,  1.78it/s]
qwen2.5-vl/pope/ricd/coco/adversarial/seed1:   3%|▎         | 93/3000 [00:56<29:30,  1.64it/s]
qwen2.5-vl/pope/ricd/coco/adversarial/seed1:   3%|▎         | 94/3000 [00:57<31:06,  1.56it/s]
qwen2.5-vl/pope/ricd/coco/adversarial/seed1:   3%|▎         | 95/3000 [00:58<32:13,  1.50it/s]
qwen2.5-vl/pope/ricd/coco/adversarial/seed1:   3%|▎         | 96/3000 [00:59<32:59,  1.47it/s]
qwen2.5-vl/pope/ricd/coco/adversarial/seed1:   3%|▎         | 97/3000 [00:59<31:53,  1.52it/s]
qwen2.5-vl/pope/ricd/coco/adversarial/seed1:   3%|▎         | 98/3000 [01:00<31:10,  1.55it/s]
qwen2.5-vl/pope/ricd/coco/adversarial/seed1:   3%|▎         | 99/3000 [01:00<30:38,  1.58it/s]
qwen2.5-vl/pope/ricd/coco/adversarial/seed1:   3%|▎         | 100/3000 [01:01<30:12,  1.60it/s]
qwen2.5-vl/pope/ricd/coco/adversarial/seed1:   3%|▎         | 101/3000 [01:02<29:52,  1.62it/s]
qwen2.5-vl/pope/ricd/coco/adversarial/seed1:   3%|▎         | 102/3000 [01:02<29:41,  1.63it/s]
qwen2.5-vl/pope/ricd/coco/adversarial/seed1:   3%|▎         | 103/3000 [01:03<29:30,  1.64it/s]
qwen2.5-vl/pope/ricd/coco/adversarial/seed1:   3%|▎         | 104/3000 [01:03<29:23,  1.64it/s]
qwen2.5-vl/pope/ricd/coco/adversarial/seed1:   4%|▎         | 105/3000 [01:04<29:18,  1.65it/s]
qwen2.5-vl/pope/ricd/coco/adversarial/seed1:   4%|▎         | 106/3000 [01:05<29:19,  1.64it/s]
qwen2.5-vl/pope/ricd/coco/adversarial/seed1:   4%|▎         | 107/3000 [01:05<29:14,  1.65it/s]
qwen2.5-vl/pope/ricd/coco/adversarial/seed1:   4%|▎         | 108/3000 [01:06<29:11,  1.65it/s]
qwen2.5-vl/pope/ricd/coco/adversarial/seed1:   4%|▎         | 109/3000 [01:06<29:08,  1.65it/s]
qwen2.5-vl/pope/ricd/coco/adversarial/seed1:   4%|▎         | 110/3000 [01:07<29:06,  1.65it/s]
qwen2.5-vl/pope/ricd/coco/adversarial/seed1:   4%|▎         | 111/3000 [01:08<29:03,  1.66it/s]
qwen2.5-vl/pope/ricd/coco/adversarial/seed1:   4%|▎         | 112/3000 [01:08<29:01,  1.66it/s]
qwen2.5-vl/pope/ricd/coco/adversarial/seed1:   4%|▍         | 113/3000 [01:09<29:00,  1.66it/s]
qwen2.5-vl/pope/ricd/coco/adversarial/seed1:   4%|▍         | 114/3000 [01:09<28:59,  1.66it/s]
qwen2.5-vl/pope/ricd/coco/adversarial/seed1:   4%|▍         | 115/3000 [01:10<25:34,  1.88it/s]
qwen2.5-vl/pope/ricd/coco/adversarial/seed1:   4%|▍         | 116/3000 [01:10<23:10,  2.07it/s]
qwen2.5-vl/pope/ricd/coco/adversarial/seed1:   4%|▍         | 117/3000 [01:11<21:30,  2.23it/s]
qwen2.5-vl/pope/ricd/coco/adversarial/seed1:   4%|▍         | 118/3000 [01:11<20:19,  2.36it/s]
qwen2.5-vl/pope/ricd/coco/adversarial/seed1:   4%|▍         | 119/3000 [01:11<19:30,  2.46it/s]
qwen2.5-vl/pope/ricd/coco/adversarial/seed1:   4%|▍         | 120/3000 [01:12<18:55,  2.54it/s]
qwen2.5-vl/pope/ricd/coco/adversarial/seed1:   4%|▍         | 121/3000 [01:12<23:36,  2.03it/s]
qwen2.5-vl/pope/ricd/coco/adversarial/seed1:   4%|▍         | 122/3000 [01:13<27:01,  1.77it/s]
qwen2.5-vl/pope/ricd/coco/adversarial/seed1:   4%|▍         | 123/3000 [01:14<29:25,  1.63it/s]
qwen2.5-vl/pope/ricd/coco/adversarial/seed1:   4%|▍         | 124/3000 [01:15<31:04,  1.54it/s]
qwen2.5-vl/pope/ricd/coco/adversarial/seed1:   4%|▍         | 125/3000 [01:15<32:15,  1.49it/s]
qwen2.5-vl/pope/ricd/coco/adversarial/seed1:   4%|▍         | 126/3000 [01:16<33:06,  1.45it/s]
qwen2.5-vl/pope/ricd/coco/adversarial/seed1:   4%|▍         | 127/3000 [01:17<36:55,  1.30it/s]
qwen2.5-vl/pope/ricd/coco/adversarial/seed1:   4%|▍         | 128/3000 [01:18<39:31,  1.21it/s]
qwen2.5-vl/pope/ricd/coco/adversarial/seed1:   4%|▍         | 129/3000 [01:19<41:35,  1.15it/s]
qwen2.5-vl/pope/ricd/coco/adversarial/seed1:   4%|▍         | 130/3000 [01:20<42:53,  1.12it/s]
qwen2.5-vl/pope/ricd/coco/adversarial/seed1:   4%|▍         | 131/3000 [01:21<43:43,  1.09it/s]
qwen2.5-vl/pope/ricd/coco/adversarial/seed1:   4%|▍         | 132/3000 [01:22<44:25,  1.08it/s]
qwen2.5-vl/pope/ricd/coco/adversarial/seed1:   4%|▍         | 133/3000 [01:22<41:34,  1.15it/s]
qwen2.5-vl/pope/ricd/coco/adversarial/seed1:   4%|▍         | 134/3000 [01:23<39:32,  1.21it/s]
qwen2.5-vl/pope/ricd/coco/adversarial/seed1:   4%|▍         | 135/3000 [01:24<38:12,  1.25it/s]
qwen2.5-vl/pope/ricd/coco/adversarial/seed1:   5%|▍         | 136/3000 [01:25<37:17,  1.28it/s]
qwen2.5-vl/pope/ricd/coco/adversarial/seed1:   5%|▍         | 137/3000 [01:25<36:35,  1.30it/s]
qwen2.5-vl/pope/ricd/coco/adversarial/seed1:   5%|▍         | 138/3000 [01:26<36:12,  1.32it/s]
qwen2.5-vl/pope/ricd/coco/adversarial/seed1:   5%|▍         | 139/3000 [01:27<33:30,  1.42it/s]
qwen2.5-vl/pope/ricd/coco/adversarial/seed1:   5%|▍         | 140/3000 [01:27<31:32,  1.51it/s]
qwen2.5-vl/pope/ricd/coco/adversarial/seed1:   5%|▍         | 141/3000 [01:28<30:12,  1.58it/s]
qwen2.5-vl/pope/ricd/coco/adversarial/seed1:   5%|▍         | 142/3000 [01:28<29:16,  1.63it/s]
qwen2.5-vl/pope/ricd/coco/adversarial/seed1:   5%|▍         | 143/3000 [01:29<28:34,  1.67it/s]
qwen2.5-vl/pope/ricd/coco/adversarial/seed1:   5%|▍         | 144/3000 [01:30<28:02,  1.70it/s]
qwen2.5-vl/pope/ricd/coco/adversarial/seed1:   5%|▍         | 145/3000 [01:30<29:59,  1.59it/s]
qwen2.5-vl/pope/ricd/coco/adversarial/seed1:   5%|▍         | 146/3000 [01:31<31:14,  1.52it/s]
qwen2.5-vl/pope/ricd/coco/adversarial/seed1:   5%|▍         | 147/3000 [01:32<32:10,  1.48it/s]
qwen2.5-vl/pope/ricd/coco/adversarial/seed1:   5%|▍         | 148/3000 [01:32<32:32,  1.46it/s]
qwen2.5-vl/pope/ricd/coco/adversarial/seed1:   5%|▍         | 149/3000 [01:33<32:39,  1.46it/s]
qwen2.5-vl/pope/ricd/coco/adversarial/seed1:   5%|▌         | 150/3000 [01:34<32:59,  1.44it/s]
qwen2.5-vl/pope/ricd/coco/adversarial/seed1:   5%|▌         | 151/3000 [01:34<31:06,  1.53it/s]
qwen2.5-vl/pope/ricd/coco/adversarial/seed1:   5%|▌         | 152/3000 [01:35<29:46,  1.59it/s]
qwen2.5-vl/pope/ricd/coco/adversarial/seed1:   5%|▌         | 153/3000 [01:36<28:49,  1.65it/s]
qwen2.5-vl/pope/ricd/coco/adversarial/seed1:   5%|▌         | 154/3000 [01:36<28:20,  1.67it/s]
qwen2.5-vl/pope/ricd/coco/adversarial/seed1:   5%|▌         | 155/3000 [01:37<27:55,  1.70it/s]
qwen2.5-vl/pope/ricd/coco/adversarial/seed1:   5%|▌         | 156/3000 [01:37<27:40,  1.71it/s]
qwen2.5-vl/pope/ricd/coco/adversarial/seed1:   5%|▌         | 157/3000 [01:38<28:08,  1.68it/s]
qwen2.5-vl/pope/ricd/coco/adversarial/seed1:   5%|▌         | 158/3000 [01:38<28:24,  1.67it/s]
qwen2.5-vl/pope/ricd/coco/adversarial/seed1:   5%|▌         | 159/3000 [01:39<28:39,  1.65it/s]
qwen2.5-vl/pope/ricd/coco/adversarial/seed1:   5%|▌         | 160/3000 [01:40<28:49,  1.64it/s]
qwen2.5-vl/pope/ricd/coco/adversarial/seed1:   5%|▌         | 161/3000 [01:40<28:52,  1.64it/s]
qwen2.5-vl/pope/ricd/coco/adversarial/seed1:   5%|▌         | 162/3000 [01:41<28:53,  1.64it/s]
qwen2.5-vl/pope/ricd/coco/adversarial/seed1:   5%|▌         | 163/3000 [01:42<30:52,  1.53it/s]
qwen2.5-vl/pope/ricd/coco/adversarial/seed1:   5%|▌         | 164/3000 [01:42<32:29,  1.45it/s]
qwen2.5-vl/pope/ricd/coco/adversarial/seed1:   6%|▌         | 165/3000 [01:43<33:37,  1.40it/s]
qwen2.5-vl/pope/ricd/coco/adversarial/seed1:   6%|▌         | 166/3000 [01:44<34:18,  1.38it/s]
qwen2.5-vl/pope/ricd/coco/adversarial/seed1:   6%|▌         | 167/3000 [01:45<34:42,  1.36it/s]
qwen2.5-vl/pope/ricd/coco/adversarial/seed1:   6%|▌         | 168/3000 [01:45<35:02,  1.35it/s]
qwen2.5-vl/pope/ricd/coco/adversarial/seed1:   6%|▌         | 169/3000 [01:46<32:50,  1.44it/s]
qwen2.5-vl/pope/ricd/coco/adversarial/seed1:   6%|▌         | 170/3000 [01:47<31:01,  1.52it/s]
qwen2.5-vl/pope/ricd/coco/adversarial/seed1:   6%|▌         | 171/3000 [01:47<29:51,  1.58it/s]
qwen2.5-vl/pope/ricd/coco/adversarial/seed1:   6%|▌         | 172/3000 [01:48<28:51,  1.63it/s]
qwen2.5-vl/pope/ricd/coco/adversarial/seed1:   6%|▌         | 173/3000 [01:48<28:08,  1.67it/s]
qwen2.5-vl/pope/ricd/coco/adversarial/seed1:   6%|▌         | 174/3000 [01:49<27:47,  1.69it/s]
qwen2.5-vl/pope/ricd/coco/adversarial/seed1:   6%|▌         | 175/3000 [01:50<29:40,  1.59it/s]
qwen2.5-vl/pope/ricd/coco/adversarial/seed1:   6%|▌         | 176/3000 [01:50<31:02,  1.52it/s]
qwen2.5-vl/pope/ricd/coco/adversarial/seed1:   6%|▌         | 177/3000 [01:51<31:58,  1.47it/s]
qwen2.5-vl/pope/ricd/coco/adversarial/seed1:   6%|▌         | 178/3000 [01:52<32:35,  1.44it/s]
qwen2.5-vl/pope/ricd/coco/adversarial/seed1:   6%|▌         | 179/3000 [01:53<33:04,  1.42it/s]
qwen2.5-vl/pope/ricd/coco/adversarial/seed1:   6%|▌         | 180/3000 [01:53<33:23,  1.41it/s]
qwen2.5-vl/pope/ricd/coco/adversarial/seed1:   6%|▌         | 181/3000 [01:54<33:34,  1.40it/s]
qwen2.5-vl/pope/ricd/coco/adversarial/seed1:   6%|▌         | 182/3000 [01:55<33:50,  1.39it/s]
qwen2.5-vl/pope/ricd/coco/adversarial/seed1:   6%|▌         | 183/3000 [01:55<34:04,  1.38it/s]
qwen2.5-vl/pope/ricd/coco/adversarial/seed1:   6%|▌         | 184/3000 [01:56<34:10,  1.37it/s]
qwen2.5-vl/pope/ricd/coco/adversarial/seed1:   6%|▌         | 185/3000 [01:57<34:13,  1.37it/s]
qwen2.5-vl/pope/ricd/coco/adversarial/seed1:   6%|▌         | 186/3000 [01:58<34:14,  1.37it/s]
qwen2.5-vl/pope/ricd/coco/adversarial/seed1:   6%|▌         | 187/3000 [01:58<29:22,  1.60it/s]
qwen2.5-vl/pope/ricd/coco/adversarial/seed1:   6%|▋         | 188/3000 [01:58<25:56,  1.81it/s]
qwen2.5-vl/pope/ricd/coco/adversarial/seed1:   6%|▋         | 189/3000 [01:59<23:33,  1.99it/s]
qwen2.5-vl/pope/ricd/coco/adversarial/seed1:   6%|▋         | 190/3000 [01:59<21:51,  2.14it/s]
qwen2.5-vl/pope/ricd/coco/adversarial/seed1:   6%|▋         | 191/3000 [02:00<20:43,  2.26it/s]
qwen2.5-vl/pope/ricd/coco/adversarial/seed1:   6%|▋         | 192/3000 [02:00<19:52,  2.35it/s]
qwen2.5-vl/pope/ricd/coco/adversarial/seed1:   6%|▋         | 193/3000 [02:00<19:18,  2.42it/s]
qwen2.5-vl/pope/ricd/coco/adversarial/seed1:   6%|▋         | 194/3000 [02:01<18:51,  2.48it/s]
qwen2.5-vl/pope/ricd/coco/adversarial/seed1:   6%|▋         | 195/3000 [02:01<18:35,  2.52it/s]
qwen2.5-vl/pope/ricd/coco/adversarial/seed1:   7%|▋         | 196/3000 [02:02<18:24,  2.54it/s]
qwen2.5-vl/pope/ricd/coco/adversarial/seed1:   7%|▋         | 197/3000 [02:02<18:12,  2.57it/s]
qwen2.5-vl/pope/ricd/coco/adversarial/seed1:   7%|▋         | 198/3000 [02:02<18:02,  2.59it/s]
qwen2.5-vl/pope/ricd/coco/adversarial/seed1:   7%|▋         | 199/3000 [02:03<21:04,  2.21it/s]
qwen2.5-vl/pope/ricd/coco/adversarial/seed1:   7%|▋         | 200/3000 [02:03<23:11,  2.01it/s]
qwen2.5-vl/pope/ricd/coco/adversarial/seed1:   7%|▋         | 201/3000 [02:04<24:50,  1.88it/s]
qwen2.5-vl/pope/ricd/coco/adversarial/seed1:   7%|▋         | 202/3000 [02:05<25:57,  1.80it/s]
qwen2.5-vl/pope/ricd/coco/adversarial/seed1:   7%|▋         | 203/3000 [02:05<26:46,  1.74it/s]
qwen2.5-vl/pope/ricd/coco/adversarial/seed1:   7%|▋         | 204/3000 [02:06<27:15,  1.71it/s]
qwen2.5-vl/pope/ricd/coco/adversarial/seed1:   7%|▋         | 205/3000 [02:06<24:01,  1.94it/s]
qwen2.5-vl/pope/ricd/coco/adversarial/seed1:   7%|▋         | 206/3000 [02:07<21:42,  2.14it/s]
qwen2.5-vl/pope/ricd/coco/adversarial/seed1:   7%|▋         | 207/3000 [02:07<20:07,  2.31it/s]
qwen2.5-vl/pope/ricd/coco/adversarial/seed1:   7%|▋         | 208/3000 [02:07<19:03,  2.44it/s]
qwen2.5-vl/pope/ricd/coco/adversarial/seed1:   7%|▋         | 209/3000 [02:08<18:16,  2.54it/s]
qwen2.5-vl/pope/ricd/coco/adversarial/seed1:   7%|▋         | 210/3000 [02:08<17:44,  2.62it/s]
qwen2.5-vl/pope/ricd/coco/adversarial/seed1:   7%|▋         | 211/3000 [02:08<17:37,  2.64it/s]
qwen2.5-vl/pope/ricd/coco/adversarial/seed1:   7%|▋         | 212/3000 [02:09<17:26,  2.66it/s]
qwen2.5-vl/pope/ricd/coco/adversarial/seed1:   7%|▋         | 213/3000 [02:09<17:23,  2.67it/s]
qwen2.5-vl/pope/ricd/coco/adversarial/seed1:   7%|▋         | 214/3000 [02:10<17:18,  2.68it/s]
qwen2.5-vl/pope/ricd/coco/adversarial/seed1:   7%|▋         | 215/3000 [02:10<17:14,  2.69it/s]
qwen2.5-vl/pope/ricd/coco/adversarial/seed1:   7%|▋         | 216/3000 [02:10<17:17,  2.68it/s]
qwen2.5-vl/pope/ricd/coco/adversarial/seed1:   7%|▋         | 217/3000 [02:11<20:41,  2.24it/s]
qwen2.5-vl/pope/ricd/coco/adversarial/seed1:   7%|▋         | 218/3000 [02:12<22:59,  2.02it/s]
qwen2.5-vl/pope/ricd/coco/adversarial/seed1:   7%|▋         | 219/3000 [02:12<24:53,  1.86it/s]
qwen2.5-vl/pope/ricd/coco/adversarial/seed1:   7%|▋         | 220/3000 [02:13<25:49,  1.79it/s]
qwen2.5-vl/pope/ricd/coco/adversarial/seed1:   7%|▋         | 221/3000 [02:13<26:28,  1.75it/s]
qwen2.5-vl/pope/ricd/coco/adversarial/seed1:   7%|▋         | 222/3000 [02:14<26:57,  1.72it/s]
qwen2.5-vl/pope/ricd/coco/adversarial/seed1:   7%|▋         | 223/3000 [02:15<28:55,  1.60it/s]
qwen2.5-vl/pope/ricd/coco/adversarial/seed1:   7%|▋         | 224/3000 [02:15<30:17,  1.53it/s]
qwen2.5-vl/pope/ricd/coco/adversarial/seed1:   8%|▊         | 225/3000 [02:16<31:15,  1.48it/s]
qwen2.5-vl/pope/ricd/coco/adversarial/seed1:   8%|▊         | 226/3000 [02:17<31:55,  1.45it/s]
qwen2.5-vl/pope/ricd/coco/adversarial/seed1:   8%|▊         | 227/3000 [02:18<32:22,  1.43it/s]
qwen2.5-vl/pope/ricd/coco/adversarial/seed1:   8%|▊         | 228/3000 [02:18<32:45,  1.41it/s]
qwen2.5-vl/pope/ricd/coco/adversarial/seed1:   8%|▊         | 229/3000 [02:19<33:03,  1.40it/s]
qwen2.5-vl/pope/ricd/coco/adversarial/seed1:   8%|▊         | 230/3000 [02:20<33:07,  1.39it/s]
qwen2.5-vl/pope/ricd/coco/adversarial/seed1:   8%|▊         | 231/3000 [02:20<33:10,  1.39it/s]
qwen2.5-vl/pope/ricd/coco/adversarial/seed1:   8%|▊         | 232/3000 [02:21<33:12,  1.39it/s]
qwen2.5-vl/pope/ricd/coco/adversarial/seed1:   8%|▊         | 233/3000 [02:22<33:12,  1.39it/s]
qwen2.5-vl/pope/ricd/coco/adversarial/seed1:   8%|▊         | 234/3000 [02:23<33:14,  1.39it/s]
qwen2.5-vl/pope/ricd/coco/adversarial/seed1:   8%|▊         | 235/3000 [02:23<31:12,  1.48it/s]
qwen2.5-vl/pope/ricd/coco/adversarial/seed1:   8%|▊         | 236/3000 [02:24<29:49,  1.54it/s]
qwen2.5-vl/pope/ricd/coco/adversarial/seed1:   8%|▊         | 237/3000 [02:24<29:01,  1.59it/s]
qwen2.5-vl/pope/ricd/coco/adversarial/seed1:   8%|▊         | 238/3000 [02:25<28:55,  1.59it/s]
qwen2.5-vl/pope/ricd/coco/adversarial/seed1:   8%|▊         | 239/3000 [02:26<28:09,  1.63it/s]
qwen2.5-vl/pope/ricd/coco/adversarial/seed1:   8%|▊         | 240/3000 [02:26<27:37,  1.66it/s]
qwen2.5-vl/pope/ricd/coco/adversarial/seed1:   8%|▊         | 241/3000 [02:27<29:17,  1.57it/s]
qwen2.5-vl/pope/ricd/coco/adversarial/seed1:   8%|▊         | 242/3000 [02:28<30:27,  1.51it/s]
qwen2.5-vl/pope/ricd/coco/adversarial/seed1:   8%|▊         | 243/3000 [02:28<31:17,  1.47it/s]
qwen2.5-vl/pope/ricd/coco/adversarial/seed1:   8%|▊         | 244/3000 [02:29<31:52,  1.44it/s]
qwen2.5-vl/pope/ricd/coco/adversarial/seed1:   8%|▊         | 245/3000 [02:30<32:14,  1.42it/s]
qwen2.5-vl/pope/ricd/coco/adversarial/seed1:   8%|▊         | 246/3000 [02:31<32:30,  1.41it/s]
qwen2.5-vl/pope/ricd/coco/adversarial/seed1:   8%|▊         | 247/3000 [02:31<32:49,  1.40it/s]
qwen2.5-vl/pope/ricd/coco/adversarial/seed1:   8%|▊         | 248/3000 [02:32<32:54,  1.39it/s]
qwen2.5-vl/pope/ricd/coco/adversarial/seed1:   8%|▊         | 249/3000 [02:33<32:59,  1.39it/s]
qwen2.5-vl/pope/ricd/coco/adversarial/seed1:   8%|▊         | 250/3000 [02:33<33:14,  1.38it/s]
qwen2.5-vl/pope/ricd/coco/adversarial/seed1:   8%|▊         | 251/3000 [02:34<33:11,  1.38it/s]
qwen2.5-vl/pope/ricd/coco/adversarial/seed1:   8%|▊         | 252/3000 [02:35<33:09,  1.38it/s]
qwen2.5-vl/pope/ricd/coco/adversarial/seed1:   8%|▊         | 253/3000 [02:35<30:54,  1.48it/s]
qwen2.5-vl/pope/ricd/coco/adversarial/seed1:   8%|▊         | 254/3000 [02:36<29:18,  1.56it/s]
qwen2.5-vl/pope/ricd/coco/adversarial/seed1:   8%|▊         | 255/3000 [02:37<28:12,  1.62it/s]
qwen2.5-vl/pope/ricd/coco/adversarial/seed1:   9%|▊         | 256/3000 [02:37<27:25,  1.67it/s]
qwen2.5-vl/pope/ricd/coco/adversarial/seed1:   9%|▊         | 257/3000 [02:38<26:58,  1.69it/s]
qwen2.5-vl/pope/ricd/coco/adversarial/seed1:   9%|▊         | 258/3000 [02:38<26:34,  1.72it/s]
qwen2.5-vl/pope/ricd/coco/adversarial/seed1:   9%|▊         | 259/3000 [02:39<26:52,  1.70it/s]
qwen2.5-vl/pope/ricd/coco/adversarial/seed1:   9%|▊         | 260/3000 [02:39<27:06,  1.68it/s]
qwen2.5-vl/pope/ricd/coco/adversarial/seed1:   9%|▊         | 261/3000 [02:40<27:16,  1.67it/s]
qwen2.5-vl/pope/ricd/coco/adversarial/seed1:   9%|▊         | 262/3000 [02:41<27:21,  1.67it/s]
qwen2.5-vl/pope/ricd/coco/adversarial/seed1:   9%|▉         | 263/3000 [02:41<27:24,  1.66it/s]
qwen2.5-vl/pope/ricd/coco/adversarial/seed1:   9%|▉         | 264/3000 [02:42<27:28,  1.66it/s]
qwen2.5-vl/pope/ricd/coco/adversarial/seed1:   9%|▉         | 265/3000 [02:42<26:58,  1.69it/s]
qwen2.5-vl/pope/ricd/coco/adversarial/seed1:   9%|▉         | 266/3000 [02:43<26:36,  1.71it/s]
qwen2.5-vl/pope/ricd/coco/adversarial/seed1:   9%|▉         | 267/3000 [02:44<26:20,  1.73it/s]
qwen2.5-vl/pope/ricd/coco/adversarial/seed1:   9%|▉         | 268/3000 [02:44<26:09,  1.74it/s]
qwen2.5-vl/pope/ricd/coco/adversarial/seed1:   9%|▉         | 269/3000 [02:45<26:01,  1.75it/s]
qwen2.5-vl/pope/ricd/coco/adversarial/seed1:   9%|▉         | 270/3000 [02:45<25:55,  1.76it/s]
qwen2.5-vl/pope/ricd/coco/adversarial/seed1:   9%|▉         | 271/3000 [02:46<28:06,  1.62it/s]
qwen2.5-vl/pope/ricd/coco/adversarial/seed1:   9%|▉         | 272/3000 [02:47<29:38,  1.53it/s]
qwen2.5-vl/pope/ricd/coco/adversarial/seed1:   9%|▉         | 273/3000 [02:47<30:41,  1.48it/s]
qwen2.5-vl/pope/ricd/coco/adversarial/seed1:   9%|▉         | 274/3000 [02:48<31:24,  1.45it/s]
qwen2.5-vl/pope/ricd/coco/adversarial/seed1:   9%|▉         | 275/3000 [02:49<31:55,  1.42it/s]
qwen2.5-vl/pope/ricd/coco/adversarial/seed1:   9%|▉         | 276/3000 [02:50<32:16,  1.41it/s]
qwen2.5-vl/pope/ricd/coco/adversarial/seed1:   9%|▉         | 277/3000 [02:50<32:31,  1.40it/s]
qwen2.5-vl/pope/ricd/coco/adversarial/seed1:   9%|▉         | 278/3000 [02:51<32:45,  1.39it/s]
qwen2.5-vl/pope/ricd/coco/adversarial/seed1:   9%|▉         | 279/3000 [02:52<32:48,  1.38it/s]
qwen2.5-vl/pope/ricd/coco/adversarial/seed1:   9%|▉         | 280/3000 [02:53<32:50,  1.38it/s]
qwen2.5-vl/pope/ricd/coco/adversarial/seed1:   9%|▉         | 281/3000 [02:53<32:51,  1.38it/s]
qwen2.5-vl/pope/ricd/coco/adversarial/seed1:   9%|▉         | 282/3000 [02:54<32:51,  1.38it/s]
qwen2.5-vl/pope/ricd/coco/adversarial/seed1:   9%|▉         | 283/3000 [02:55<30:38,  1.48it/s]
qwen2.5-vl/pope/ricd/coco/adversarial/seed1:   9%|▉         | 284/3000 [02:55<29:07,  1.55it/s]
qwen2.5-vl/pope/ricd/coco/adversarial/seed1:  10%|▉         | 285/3000 [02:56<28:05,  1.61it/s]
qwen2.5-vl/pope/ricd/coco/adversarial/seed1:  10%|▉         | 286/3000 [02:56<27:18,  1.66it/s]
qwen2.5-vl/pope/ricd/coco/adversarial/seed1:  10%|▉         | 287/3000 [02:57<26:44,  1.69it/s]
qwen2.5-vl/pope/ricd/coco/adversarial/seed1:  10%|▉         | 288/3000 [02:57<26:20,  1.72it/s]
qwen2.5-vl/pope/ricd/coco/adversarial/seed1:  10%|▉         | 289/3000 [02:58<26:44,  1.69it/s]
qwen2.5-vl/pope/ricd/coco/adversarial/seed1:  10%|▉         | 290/3000 [02:59<26:56,  1.68it/s]
qwen2.5-vl/pope/ricd/coco/adversarial/seed1:  10%|▉         | 291/3000 [02:59<27:06,  1.67it/s]
qwen2.5-vl/pope/ricd/coco/adversarial/seed1:  10%|▉         | 292/3000 [03:00<27:21,  1.65it/s]
qwen2.5-vl/pope/ricd/coco/adversarial/seed1:  10%|▉         | 293/3000 [03:00<27:28,  1.64it/s]
qwen2.5-vl/pope/ricd/coco/adversarial/seed1:  10%|▉         | 294/3000 [03:01<27:35,  1.63it/s]
qwen2.5-vl/pope/ricd/coco/adversarial/seed1:  10%|▉         | 295/3000 [03:02<32:21,  1.39it/s]
qwen2.5-vl/pope/ricd/coco/adversarial/seed1:  10%|▉         | 296/3000 [03:03<35:42,  1.26it/s]
qwen2.5-vl/pope/ricd/coco/adversarial/seed1:  10%|▉         | 297/3000 [03:04<38:22,  1.17it/s]
qwen2.5-vl/pope/ricd/coco/adversarial/seed1:  10%|▉         | 298/3000 [03:05<39:49,  1.13it/s]
qwen2.5-vl/pope/ricd/coco/adversarial/seed1:  10%|▉         | 299/3000 [03:06<40:47,  1.10it/s]
qwen2.5-vl/pope/ricd/coco/adversarial/seed1:  10%|█         | 300/3000 [03:07<41:32,  1.08it/s]
qwen2.5-vl/pope/ricd/coco/adversarial/seed1:  10%|█         | 301/3000 [03:08<37:21,  1.20it/s]
qwen2.5-vl/pope/ricd/coco/adversarial/seed1:  10%|█         | 302/3000 [03:08<34:24,  1.31it/s]
qwen2.5-vl/pope/ricd/coco/adversarial/seed1:  10%|█         | 303/3000 [03:09<32:20,  1.39it/s]
qwen2.5-vl/pope/ricd/coco/adversarial/seed1:  10%|█         | 304/3000 [03:09<30:51,  1.46it/s]
qwen2.5-vl/pope/ricd/coco/adversarial/seed1:  10%|█         | 305/3000 [03:10<30:07,  1.49it/s]
qwen2.5-vl/pope/ricd/coco/adversarial/seed1:  10%|█         | 306/3000 [03:11<29:22,  1.53it/s]
qwen2.5-vl/pope/ricd/coco/adversarial/seed1:  10%|█         | 307/3000 [03:11<30:23,  1.48it/s]
qwen2.5-vl/pope/ricd/coco/adversarial/seed1:  10%|█         | 308/3000 [03:12<31:05,  1.44it/s]
qwen2.5-vl/pope/ricd/coco/adversarial/seed1:  10%|█         | 309/3000 [03:13<31:35,  1.42it/s]
qwen2.5-vl/pope/ricd/coco/adversarial/seed1:  10%|█         | 310/3000 [03:14<31:53,  1.41it/s]
qwen2.5-vl/pope/ricd/coco/adversarial/seed1:  10%|█         | 311/3000 [03:14<32:08,  1.39it/s]
qwen2.5-vl/pope/ricd/coco/adversarial/seed1:  10%|█         | 312/3000 [03:15<32:28,  1.38it/s]
qwen2.5-vl/pope/ricd/coco/adversarial/seed1:  10%|█         | 313/3000 [03:16<33:17,  1.35it/s]
qwen2.5-vl/pope/ricd/coco/adversarial/seed1:  10%|█         | 314/3000 [03:17<33:49,  1.32it/s]
qwen2.5-vl/pope/ricd/coco/adversarial/seed1:  10%|█         | 315/3000 [03:17<33:44,  1.33it/s]
qwen2.5-vl/pope/ricd/coco/adversarial/seed1:  11%|█         | 316/3000 [03:18<33:40,  1.33it/s]
qwen2.5-vl/pope/ricd/coco/adversarial/seed1:  11%|█         | 317/3000 [03:19<33:33,  1.33it/s]
qwen2.5-vl/pope/ricd/coco/adversarial/seed1:  11%|█         | 318/3000 [03:20<33:31,  1.33it/s]
qwen2.5-vl/pope/ricd/coco/adversarial/seed1:  11%|█         | 319/3000 [03:20<31:41,  1.41it/s]
qwen2.5-vl/pope/ricd/coco/adversarial/seed1:  11%|█         | 320/3000 [03:21<30:23,  1.47it/s]
qwen2.5-vl/pope/ricd/coco/adversarial/seed1:  11%|█         | 321/3000 [03:21<29:25,  1.52it/s]
qwen2.5-vl/pope/ricd/coco/adversarial/seed1:  11%|█         | 322/3000 [03:22<28:46,  1.55it/s]
qwen2.5-vl/pope/ricd/coco/adversarial/seed1:  11%|█         | 323/3000 [03:23<28:20,  1.57it/s]
qwen2.5-vl/pope/ricd/coco/adversarial/seed1:  11%|█         | 324/3000 [03:23<28:00,  1.59it/s]
qwen2.5-vl/pope/ricd/coco/adversarial/seed1:  11%|█         | 325/3000 [03:24<29:19,  1.52it/s]
qwen2.5-vl/pope/ricd/coco/adversarial/seed1:  11%|█         | 326/3000 [03:25<30:23,  1.47it/s]
qwen2.5-vl/pope/ricd/coco/adversarial/seed1:  11%|█         | 327/3000 [03:25<31:08,  1.43it/s]
qwen2.5-vl/pope/ricd/coco/adversarial/seed1:  11%|█         | 328/3000 [03:26<31:35,  1.41it/s]
qwen2.5-vl/pope/ricd/coco/adversarial/seed1:  11%|█         | 329/3000 [03:27<31:57,  1.39it/s]
qwen2.5-vl/pope/ricd/coco/adversarial/seed1:  11%|█         | 330/3000 [03:28<32:20,  1.38it/s]
qwen2.5-vl/pope/ricd/coco/adversarial/seed1:  11%|█         | 331/3000 [03:28<32:33,  1.37it/s]
qwen2.5-vl/pope/ricd/coco/adversarial/seed1:  11%|█         | 332/3000 [03:29<32:31,  1.37it/s]
qwen2.5-vl/pope/ricd/coco/adversarial/seed1:  11%|█         | 333/3000 [03:30<32:31,  1.37it/s]
qwen2.5-vl/pope/ricd/coco/adversarial/seed1:  11%|█         | 334/3000 [03:31<32:49,  1.35it/s]
qwen2.5-vl/pope/ricd/coco/adversarial/seed1:  11%|█         | 335/3000 [03:31<33:17,  1.33it/s]
qwen2.5-vl/pope/ricd/coco/adversarial/seed1:  11%|█         | 336/3000 [03:32<33:29,  1.33it/s]
qwen2.5-vl/pope/ricd/coco/adversarial/seed1:  11%|█         | 337/3000 [03:33<33:25,  1.33it/s]
qwen2.5-vl/pope/ricd/coco/adversarial/seed1:  11%|█▏        | 338/3000 [03:34<33:02,  1.34it/s]
qwen2.5-vl/pope/ricd/coco/adversarial/seed1:  11%|█▏        | 339/3000 [03:34<32:48,  1.35it/s]
qwen2.5-vl/pope/ricd/coco/adversarial/seed1:  11%|█▏        | 340/3000 [03:35<32:35,  1.36it/s]
qwen2.5-vl/pope/ricd/coco/adversarial/seed1:  11%|█▏        | 341/3000 [03:36<32:38,  1.36it/s]
qwen2.5-vl/pope/ricd/coco/adversarial/seed1:  11%|█▏        | 342/3000 [03:37<32:41,  1.36it/s]
qwen2.5-vl/pope/ricd/coco/adversarial/seed1:  11%|█▏        | 343/3000 [03:37<31:07,  1.42it/s]
qwen2.5-vl/pope/ricd/coco/adversarial/seed1:  11%|█▏        | 344/3000 [03:38<29:55,  1.48it/s]
qwen2.5-vl/pope/ricd/coco/adversarial/seed1:  12%|█▏        | 345/3000 [03:38<29:06,  1.52it/s]
qwen2.5-vl/pope/ricd/coco/adversarial/seed1:  12%|█▏        | 346/3000 [03:39<28:49,  1.53it/s]
qwen2.5-vl/pope/ricd/coco/adversarial/seed1:  12%|█▏        | 347/3000 [03:40<28:47,  1.54it/s]
qwen2.5-vl/pope/ricd/coco/adversarial/seed1:  12%|█▏        | 348/3000 [03:40<28:41,  1.54it/s]
qwen2.5-vl/pope/ricd/coco/adversarial/seed1:  12%|█▏        | 349/3000 [03:41<30:17,  1.46it/s]
qwen2.5-vl/pope/ricd/coco/adversarial/seed1:  12%|█▏        | 350/3000 [03:42<31:01,  1.42it/s]
qwen2.5-vl/pope/ricd/coco/adversarial/seed1:  12%|█▏        | 351/3000 [03:43<31:26,  1.40it/s]
qwen2.5-vl/pope/ricd/coco/adversarial/seed1:  12%|█▏        | 352/3000 [03:43<31:55,  1.38it/s]
qwen2.5-vl/pope/ricd/coco/adversarial/seed1:  12%|█▏        | 353/3000 [03:44<32:02,  1.38it/s]
qwen2.5-vl/pope/ricd/coco/adversarial/seed1:  12%|█▏        | 354/3000 [03:45<32:17,  1.37it/s]
qwen2.5-vl/pope/ricd/coco/adversarial/seed1:  12%|█▏        | 355/3000 [03:46<32:22,  1.36it/s]
qwen2.5-vl/pope/ricd/coco/adversarial/seed1:  12%|█▏        | 356/3000 [03:46<32:20,  1.36it/s]
qwen2.5-vl/pope/ricd/coco/adversarial/seed1:  12%|█▏        | 357/3000 [03:47<32:11,  1.37it/s]
qwen2.5-vl/pope/ricd/coco/adversarial/seed1:  12%|█▏        | 358/3000 [03:48<31:49,  1.38it/s]
qwen2.5-vl/pope/ricd/coco/adversarial/seed1:  12%|█▏        | 359/3000 [03:48<31:53,  1.38it/s]
qwen2.5-vl/pope/ricd/coco/adversarial/seed1:  12%|█▏        | 360/3000 [03:49<31:39,  1.39it/s]
qwen2.5-vl/pope/ricd/coco/adversarial/seed1:  12%|█▏        | 361/3000 [03:50<29:54,  1.47it/s]
qwen2.5-vl/pope/ricd/coco/adversarial/seed1:  12%|█▏        | 362/3000 [03:50<28:42,  1.53it/s]
qwen2.5-vl/pope/ricd/coco/adversarial/seed1:  12%|█▏        | 363/3000 [03:51<27:51,  1.58it/s]
qwen2.5-vl/pope/ricd/coco/adversarial/seed1:  12%|█▏        | 364/3000 [03:52<27:17,  1.61it/s]
qwen2.5-vl/pope/ricd/coco/adversarial/seed1:  12%|█▏        | 365/3000 [03:52<26:56,  1.63it/s]
qwen2.5-vl/pope/ricd/coco/adversarial/seed1:  12%|█▏        | 366/3000 [03:53<26:40,  1.65it/s]
qwen2.5-vl/pope/ricd/coco/adversarial/seed1:  12%|█▏        | 367/3000 [03:53<26:30,  1.66it/s]
qwen2.5-vl/pope/ricd/coco/adversarial/seed1:  12%|█▏        | 368/3000 [03:54<26:27,  1.66it/s]
qwen2.5-vl/pope/ricd/coco/adversarial/seed1:  12%|█▏        | 369/3000 [03:54<26:22,  1.66it/s]
qwen2.5-vl/pope/ricd/coco/adversarial/seed1:  12%|█▏        | 370/3000 [03:55<26:20,  1.66it/s]
qwen2.5-vl/pope/ricd/coco/adversarial/seed1:  12%|█▏        | 371/3000 [03:56<26:17,  1.67it/s]
qwen2.5-vl/pope/ricd/coco/adversarial/seed1:  12%|█▏        | 372/3000 [03:56<26:17,  1.67it/s]
qwen2.5-vl/pope/ricd/coco/adversarial/seed1:  12%|█▏        | 373/3000 [03:57<27:48,  1.57it/s]
qwen2.5-vl/pope/ricd/coco/adversarial/seed1:  12%|█▏        | 374/3000 [03:58<28:51,  1.52it/s]
qwen2.5-vl/pope/ricd/coco/adversarial/seed1:  12%|█▎        | 375/3000 [03:58<29:36,  1.48it/s]
qwen2.5-vl/pope/ricd/coco/adversarial/seed1:  13%|█▎        | 376/3000 [03:59<30:08,  1.45it/s]
qwen2.5-vl/pope/ricd/coco/adversarial/seed1:  13%|█▎        | 377/3000 [04:00<30:30,  1.43it/s]
qwen2.5-vl/pope/ricd/coco/adversarial/seed1:  13%|█▎        | 378/3000 [04:01<30:49,  1.42it/s]
qwen2.5-vl/pope/ricd/coco/adversarial/seed1:  13%|█▎        | 379/3000 [04:01<29:37,  1.47it/s]
qwen2.5-vl/pope/ricd/coco/adversarial/seed1:  13%|█▎        | 380/3000 [04:02<28:41,  1.52it/s]
qwen2.5-vl/pope/ricd/coco/adversarial/seed1:  13%|█▎        | 381/3000 [04:02<28:00,  1.56it/s]
qwen2.5-vl/pope/ricd/coco/adversarial/seed1:  13%|█▎        | 382/3000 [04:03<27:30,  1.59it/s]
qwen2.5-vl/pope/ricd/coco/adversarial/seed1:  13%|█▎        | 383/3000 [04:04<27:08,  1.61it/s]
qwen2.5-vl/pope/ricd/coco/adversarial/seed1:  13%|█▎        | 384/3000 [04:04<26:53,  1.62it/s]
qwen2.5-vl/pope/ricd/coco/adversarial/seed1:  13%|█▎        | 385/3000 [04:05<28:14,  1.54it/s]
qwen2.5-vl/pope/ricd/coco/adversarial/seed1:  13%|█▎        | 386/3000 [04:06<29:10,  1.49it/s]
qwen2.5-vl/pope/ricd/coco/adversarial/seed1:  13%|█▎        | 387/3000 [04:06<29:51,  1.46it/s]
qwen2.5-vl/pope/ricd/coco/adversarial/seed1:  13%|█▎        | 388/3000 [04:07<30:21,  1.43it/s]
qwen2.5-vl/pope/ricd/coco/adversarial/seed1:  13%|█▎        | 389/3000 [04:08<30:39,  1.42it/s]
qwen2.5-vl/pope/ricd/coco/adversarial/seed1:  13%|█▎        | 390/3000 [04:09<30:51,  1.41it/s]
qwen2.5-vl/pope/ricd/coco/adversarial/seed1:  13%|█▎        | 391/3000 [04:09<29:27,  1.48it/s]
qwen2.5-vl/pope/ricd/coco/adversarial/seed1:  13%|█▎        | 392/3000 [04:10<28:29,  1.53it/s]
qwen2.5-vl/pope/ricd/coco/adversarial/seed1:  13%|█▎        | 393/3000 [04:10<28:03,  1.55it/s]
qwen2.5-vl/pope/ricd/coco/adversarial/seed1:  13%|█▎        | 394/3000 [04:11<27:30,  1.58it/s]
qwen2.5-vl/pope/ricd/coco/adversarial/seed1:  13%|█▎        | 395/3000 [04:12<27:07,  1.60it/s]
qwen2.5-vl/pope/ricd/coco/adversarial/seed1:  13%|█▎        | 396/3000 [04:12<26:51,  1.62it/s]
qwen2.5-vl/pope/ricd/coco/adversarial/seed1:  13%|█▎        | 397/3000 [04:13<26:04,  1.66it/s]
qwen2.5-vl/pope/ricd/coco/adversarial/seed1:  13%|█▎        | 398/3000 [04:13<25:32,  1.70it/s]
qwen2.5-vl/pope/ricd/coco/adversarial/seed1:  13%|█▎        | 399/3000 [04:14<25:09,  1.72it/s]
qwen2.5-vl/pope/ricd/coco/adversarial/seed1:  13%|█▎        | 400/3000 [04:14<25:06,  1.73it/s]
qwen2.5-vl/pope/ricd/coco/adversarial/seed1:  13%|█▎        | 401/3000 [04:15<25:40,  1.69it/s]
qwen2.5-vl/pope/ricd/coco/adversarial/seed1:  13%|█▎        | 402/3000 [04:16<25:36,  1.69it/s]
qwen2.5-vl/pope/ricd/coco/adversarial/seed1:  13%|█▎        | 403/3000 [04:16<26:07,  1.66it/s]
qwen2.5-vl/pope/ricd/coco/adversarial/seed1:  13%|█▎        | 404/3000 [04:17<26:21,  1.64it/s]
qwen2.5-vl/pope/ricd/coco/adversarial/seed1:  14%|█▎        | 405/3000 [04:18<26:17,  1.64it/s]
qwen2.5-vl/pope/ricd/coco/adversarial/seed1:  14%|█▎        | 406/3000 [04:18<26:15,  1.65it/s]
qwen2.5-vl/pope/ricd/coco/adversarial/seed1:  14%|█▎        | 407/3000 [04:19<26:29,  1.63it/s]
qwen2.5-vl/pope/ricd/coco/adversarial/seed1:  14%|█▎        | 408/3000 [04:19<26:32,  1.63it/s]
qwen2.5-vl/pope/ricd/coco/adversarial/seed1:  14%|█▎        | 409/3000 [04:20<28:08,  1.53it/s]
qwen2.5-vl/pope/ricd/coco/adversarial/seed1:  14%|█▎        | 410/3000 [04:21<29:13,  1.48it/s]
qwen2.5-vl/pope/ricd/coco/adversarial/seed1:  14%|█▎        | 411/3000 [04:22<29:57,  1.44it/s]
qwen2.5-vl/pope/ricd/coco/adversarial/seed1:  14%|█▎        | 412/3000 [04:22<30:29,  1.41it/s]
qwen2.5-vl/pope/ricd/coco/adversarial/seed1:  14%|█▍        | 413/3000 [04:23<30:48,  1.40it/s]
qwen2.5-vl/pope/ricd/coco/adversarial/seed1:  14%|█▍        | 414/3000 [04:24<31:01,  1.39it/s]
qwen2.5-vl/pope/ricd/coco/adversarial/seed1:  14%|█▍        | 415/3000 [04:24<29:01,  1.48it/s]
qwen2.5-vl/pope/ricd/coco/adversarial/seed1:  14%|█▍        | 416/3000 [04:25<27:37,  1.56it/s]
qwen2.5-vl/pope/ricd/coco/adversarial/seed1:  14%|█▍        | 417/3000 [04:25<26:38,  1.62it/s]
qwen2.5-vl/pope/ricd/coco/adversarial/seed1:  14%|█▍        | 418/3000 [04:26<25:56,  1.66it/s]
qwen2.5-vl/pope/ricd/coco/adversarial/seed1:  14%|█▍        | 419/3000 [04:27<25:26,  1.69it/s]
qwen2.5-vl/pope/ricd/coco/adversarial/seed1:  14%|█▍        | 420/3000 [04:27<25:05,  1.71it/s]
qwen2.5-vl/pope/ricd/coco/adversarial/seed1:  14%|█▍        | 421/3000 [04:28<24:51,  1.73it/s]
qwen2.5-vl/pope/ricd/coco/adversarial/seed1:  14%|█▍        | 422/3000 [04:28<24:41,  1.74it/s]
qwen2.5-vl/pope/ricd/coco/adversarial/seed1:  14%|█▍        | 423/3000 [04:29<24:40,  1.74it/s]
qwen2.5-vl/pope/ricd/coco/adversarial/seed1:  14%|█▍        | 424/3000 [04:29<24:36,  1.74it/s]
qwen2.5-vl/pope/ricd/coco/adversarial/seed1:  14%|█▍        | 425/3000 [04:30<24:33,  1.75it/s]
qwen2.5-vl/pope/ricd/coco/adversarial/seed1:  14%|█▍        | 426/3000 [04:31<24:30,  1.75it/s]
qwen2.5-vl/pope/ricd/coco/adversarial/seed1:  14%|█▍        | 427/3000 [04:31<25:03,  1.71it/s]
qwen2.5-vl/pope/ricd/coco/adversarial/seed1:  14%|█▍        | 428/3000 [04:32<25:27,  1.68it/s]
qwen2.5-vl/pope/ricd/coco/adversarial/seed1:  14%|█▍        | 429/3000 [04:32<25:43,  1.67it/s]
qwen2.5-vl/pope/ricd/coco/adversarial/seed1:  14%|█▍        | 430/3000 [04:33<25:48,  1.66it/s]
qwen2.5-vl/pope/ricd/coco/adversarial/seed1:  14%|█▍        | 431/3000 [04:34<25:50,  1.66it/s]
qwen2.5-vl/pope/ricd/coco/adversarial/seed1:  14%|█▍        | 432/3000 [04:34<25:53,  1.65it/s]
qwen2.5-vl/pope/ricd/coco/adversarial/seed1:  14%|█▍        | 433/3000 [04:35<27:06,  1.58it/s]
qwen2.5-vl/pope/ricd/coco/adversarial/seed1:  14%|█▍        | 434/3000 [04:36<27:57,  1.53it/s]
qwen2.5-vl/pope/ricd/coco/adversarial/seed1:  14%|█▍        | 435/3000 [04:36<28:33,  1.50it/s]
qwen2.5-vl/pope/ricd/coco/adversarial/seed1:  15%|█▍        | 436/3000 [04:37<28:57,  1.48it/s]
qwen2.5-vl/pope/ricd/coco/adversarial/seed1:  15%|█▍        | 437/3000 [04:38<29:11,  1.46it/s]
qwen2.5-vl/pope/ricd/coco/adversarial/seed1:  15%|█▍        | 438/3000 [04:38<29:22,  1.45it/s]
qwen2.5-vl/pope/ricd/coco/adversarial/seed1:  15%|█▍        | 439/3000 [04:39<28:19,  1.51it/s]
qwen2.5-vl/pope/ricd/coco/adversarial/seed1:  15%|█▍        | 440/3000 [04:40<27:38,  1.54it/s]
qwen2.5-vl/pope/ricd/coco/adversarial/seed1:  15%|█▍        | 441/3000 [04:40<27:09,  1.57it/s]
qwen2.5-vl/pope/ricd/coco/adversarial/seed1:  15%|█▍        | 442/3000 [04:41<26:50,  1.59it/s]
qwen2.5-vl/pope/ricd/coco/adversarial/seed1:  15%|█▍        | 443/3000 [04:42<26:43,  1.59it/s]
qwen2.5-vl/pope/ricd/coco/adversarial/seed1:  15%|█▍        | 444/3000 [04:42<26:33,  1.60it/s]
qwen2.5-vl/pope/ricd/coco/adversarial/seed1:  15%|█▍        | 445/3000 [04:43<27:52,  1.53it/s]
qwen2.5-vl/pope/ricd/coco/adversarial/seed1:  15%|█▍        | 446/3000 [04:44<28:44,  1.48it/s]
qwen2.5-vl/pope/ricd/coco/adversarial/seed1:  15%|█▍        | 447/3000 [04:44<29:19,  1.45it/s]
qwen2.5-vl/pope/ricd/coco/adversarial/seed1:  15%|█▍        | 448/3000 [04:45<29:44,  1.43it/s]
qwen2.5-vl/pope/ricd/coco/adversarial/seed1:  15%|█▍        | 449/3000 [04:46<30:31,  1.39it/s]
qwen2.5-vl/pope/ricd/coco/adversarial/seed1:  15%|█▌        | 450/3000 [04:47<31:02,  1.37it/s]
qwen2.5-vl/pope/ricd/coco/adversarial/seed1:  15%|█▌        | 451/3000 [04:47<26:40,  1.59it/s]
qwen2.5-vl/pope/ricd/coco/adversarial/seed1:  15%|█▌        | 452/3000 [04:47<23:35,  1.80it/s]
qwen2.5-vl/pope/ricd/coco/adversarial/seed1:  15%|█▌        | 453/3000 [04:48<21:25,  1.98it/s]
qwen2.5-vl/pope/ricd/coco/adversarial/seed1:  15%|█▌        | 454/3000 [04:48<19:53,  2.13it/s]
qwen2.5-vl/pope/ricd/coco/adversarial/seed1:  15%|█▌        | 455/3000 [04:49<18:53,  2.24it/s]
qwen2.5-vl/pope/ricd/coco/adversarial/seed1:  15%|█▌        | 456/3000 [04:49<18:05,  2.34it/s]
qwen2.5-vl/pope/ricd/coco/adversarial/seed1:  15%|█▌        | 457/3000 [04:50<21:59,  1.93it/s]
qwen2.5-vl/pope/ricd/coco/adversarial/seed1:  15%|█▌        | 458/3000 [04:50<24:44,  1.71it/s]
qwen2.5-vl/pope/ricd/coco/adversarial/seed1:  15%|█▌        | 459/3000 [04:51<26:34,  1.59it/s]
qwen2.5-vl/pope/ricd/coco/adversarial/seed1:  15%|█▌        | 460/3000 [04:52<28:00,  1.51it/s]
qwen2.5-vl/pope/ricd/coco/adversarial/seed1:  15%|█▌        | 461/3000 [04:53<28:44,  1.47it/s]
qwen2.5-vl/pope/ricd/coco/adversarial/seed1:  15%|█▌        | 462/3000 [04:53<29:11,  1.45it/s]
qwen2.5-vl/pope/ricd/coco/adversarial/seed1:  15%|█▌        | 463/3000 [04:54<29:33,  1.43it/s]
qwen2.5-vl/pope/ricd/coco/adversarial/seed1:  15%|█▌        | 464/3000 [04:55<29:54,  1.41it/s]
qwen2.5-vl/pope/ricd/coco/adversarial/seed1:  16%|█▌        | 465/3000 [04:55<30:06,  1.40it/s]
qwen2.5-vl/pope/ricd/coco/adversarial/seed1:  16%|█▌        | 466/3000 [04:56<30:16,  1.40it/s]
qwen2.5-vl/pope/ricd/coco/adversarial/seed1:  16%|█▌        | 467/3000 [04:57<30:42,  1.37it/s]
qwen2.5-vl/pope/ricd/coco/adversarial/seed1:  16%|█▌        | 468/3000 [04:58<30:42,  1.37it/s]
qwen2.5-vl/pope/ricd/coco/adversarial/seed1:  16%|█▌        | 469/3000 [04:58<29:15,  1.44it/s]
qwen2.5-vl/pope/ricd/coco/adversarial/seed1:  16%|█▌        | 470/3000 [04:59<28:10,  1.50it/s]
qwen2.5-vl/pope/ricd/coco/adversarial/seed1:  16%|█▌        | 471/3000 [04:59<27:29,  1.53it/s]
qwen2.5-vl/pope/ricd/coco/adversarial/seed1:  16%|█▌        | 472/3000 [05:00<26:53,  1.57it/s]
qwen2.5-vl/pope/ricd/coco/adversarial/seed1:  16%|█▌        | 473/3000 [05:01<26:28,  1.59it/s]
qwen2.5-vl/pope/ricd/coco/adversarial/seed1:  16%|█▌        | 474/3000 [05:01<26:10,  1.61it/s]
qwen2.5-vl/pope/ricd/coco/adversarial/seed1:  16%|█▌        | 475/3000 [05:02<29:30,  1.43it/s]
qwen2.5-vl/pope/ricd/coco/adversarial/seed1:  16%|█▌        | 476/3000 [05:03<31:45,  1.32it/s]
qwen2.5-vl/pope/ricd/coco/adversarial/seed1:  16%|█▌        | 477/3000 [05:04<33:22,  1.26it/s]
qwen2.5-vl/pope/ricd/coco/adversarial/seed1:  16%|█▌        | 478/3000 [05:05<34:34,  1.22it/s]
qwen2.5-vl/pope/ricd/coco/adversarial/seed1:  16%|█▌        | 479/3000 [05:06<35:28,  1.18it/s]
qwen2.5-vl/pope/ricd/coco/adversarial/seed1:  16%|█▌        | 480/3000 [05:07<36:08,  1.16it/s]
qwen2.5-vl/pope/ricd/coco/adversarial/seed1:  16%|█▌        | 481/3000 [05:07<34:30,  1.22it/s]
qwen2.5-vl/pope/ricd/coco/adversarial/seed1:  16%|█▌        | 482/3000 [05:08<33:47,  1.24it/s]
qwen2.5-vl/pope/ricd/coco/adversarial/seed1:  16%|█▌        | 483/3000 [05:09<33:02,  1.27it/s]
qwen2.5-vl/pope/ricd/coco/adversarial/seed1:  16%|█▌        | 484/3000 [05:10<32:11,  1.30it/s]
qwen2.5-vl/pope/ricd/coco/adversarial/seed1:  16%|█▌        | 485/3000 [05:10<31:39,  1.32it/s]
qwen2.5-vl/pope/ricd/coco/adversarial/seed1:  16%|█▌        | 486/3000 [05:11<31:21,  1.34it/s]
qwen2.5-vl/pope/ricd/coco/adversarial/seed1:  16%|█▌        | 487/3000 [05:12<34:00,  1.23it/s]
qwen2.5-vl/pope/ricd/coco/adversarial/seed1:  16%|█▋        | 488/3000 [05:13<35:52,  1.17it/s]
qwen2.5-vl/pope/ricd/coco/adversarial/seed1:  16%|█▋        | 489/3000 [05:14<37:17,  1.12it/s]
qwen2.5-vl/pope/ricd/coco/adversarial/seed1:  16%|█▋        | 490/3000 [05:15<38:12,  1.10it/s]
qwen2.5-vl/pope/ricd/coco/adversarial/seed1:  16%|█▋        | 491/3000 [05:16<38:48,  1.08it/s]
qwen2.5-vl/pope/ricd/coco/adversarial/seed1:  16%|█▋        | 492/3000 [05:17<39:08,  1.07it/s]
qwen2.5-vl/pope/ricd/coco/adversarial/seed1:  16%|█▋        | 493/3000 [05:18<38:37,  1.08it/s]
qwen2.5-vl/pope/ricd/coco/adversarial/seed1:  16%|█▋        | 494/3000 [05:19<38:17,  1.09it/s]
qwen2.5-vl/pope/ricd/coco/adversarial/seed1:  16%|█▋        | 495/3000 [05:20<38:10,  1.09it/s]
qwen2.5-vl/pope/ricd/coco/adversarial/seed1:  17%|█▋        | 496/3000 [05:20<38:07,  1.09it/s]
qwen2.5-vl/pope/ricd/coco/adversarial/seed1:  17%|█▋        | 497/3000 [05:21<37:58,  1.10it/s]
qwen2.5-vl/pope/ricd/coco/adversarial/seed1:  17%|█▋        | 498/3000 [05:22<37:52,  1.10it/s]
qwen2.5-vl/pope/ricd/coco/adversarial/seed1:  17%|█▋        | 499/3000 [05:23<34:11,  1.22it/s]
qwen2.5-vl/pope/ricd/coco/adversarial/seed1:  17%|█▋        | 500/3000 [05:23<31:33,  1.32it/s]
qwen2.5-vl/pope/ricd/coco/adversarial/seed1:  17%|█▋        | 501/3000 [05:24<29:47,  1.40it/s]
qwen2.5-vl/pope/ricd/coco/adversarial/seed1:  17%|█▋        | 502/3000 [05:25<28:31,  1.46it/s]
qwen2.5-vl/pope/ricd/coco/adversarial/seed1:  17%|█▋        | 503/3000 [05:25<27:54,  1.49it/s]
qwen2.5-vl/pope/ricd/coco/adversarial/seed1:  17%|█▋        | 504/3000 [05:26<27:26,  1.52it/s]
qwen2.5-vl/pope/ricd/coco/adversarial/seed1:  17%|█▋        | 505/3000 [05:27<28:41,  1.45it/s]
qwen2.5-vl/pope/ricd/coco/adversarial/seed1:  17%|█▋        | 506/3000 [05:28<29:27,  1.41it/s]
qwen2.5-vl/pope/ricd/coco/adversarial/seed1:  17%|█▋        | 507/3000 [05:28<29:54,  1.39it/s]
qwen2.5-vl/pope/ricd/coco/adversarial/seed1:  17%|█▋        | 508/3000 [05:29<30:10,  1.38it/s]
qwen2.5-vl/pope/ricd/coco/adversarial/seed1:  17%|█▋        | 509/3000 [05:30<30:23,  1.37it/s]
qwen2.5-vl/pope/ricd/coco/adversarial/seed1:  17%|█▋        | 510/3000 [05:30<30:38,  1.35it/s]
qwen2.5-vl/pope/ricd/coco/adversarial/seed1:  17%|█▋        | 511/3000 [05:31<29:16,  1.42it/s]
qwen2.5-vl/pope/ricd/coco/adversarial/seed1:  17%|█▋        | 512/3000 [05:32<28:15,  1.47it/s]
qwen2.5-vl/pope/ricd/coco/adversarial/seed1:  17%|█▋        | 513/3000 [05:32<27:31,  1.51it/s]
qwen2.5-vl/pope/ricd/coco/adversarial/seed1:  17%|█▋        | 514/3000 [05:33<26:54,  1.54it/s]
qwen2.5-vl/pope/ricd/coco/adversarial/seed1:  17%|█▋        | 515/3000 [05:34<26:44,  1.55it/s]
qwen2.5-vl/pope/ricd/coco/adversarial/seed1:  17%|█▋        | 516/3000 [05:34<26:24,  1.57it/s]
qwen2.5-vl/pope/ricd/coco/adversarial/seed1:  17%|█▋        | 517/3000 [05:35<23:17,  1.78it/s]
qwen2.5-vl/pope/ricd/coco/adversarial/seed1:  17%|█▋        | 518/3000 [05:35<21:08,  1.96it/s]
qwen2.5-vl/pope/ricd/coco/adversarial/seed1:  17%|█▋        | 519/3000 [05:35<19:34,  2.11it/s]
qwen2.5-vl/pope/ricd/coco/adversarial/seed1:  17%|█▋        | 520/3000 [05:36<18:30,  2.23it/s]
qwen2.5-vl/pope/ricd/coco/adversarial/seed1:  17%|█▋        | 521/3000 [05:36<17:45,  2.33it/s]
qwen2.5-vl/pope/ricd/coco/adversarial/seed1:  17%|█▋        | 522/3000 [05:37<17:14,  2.39it/s]
qwen2.5-vl/pope/ricd/coco/adversarial/seed1:  17%|█▋        | 523/3000 [05:37<21:07,  1.95it/s]
qwen2.5-vl/pope/ricd/coco/adversarial/seed1:  17%|█▋        | 524/3000 [05:38<23:53,  1.73it/s]
qwen2.5-vl/pope/ricd/coco/adversarial/seed1:  18%|█▊        | 525/3000 [05:39<25:48,  1.60it/s]
qwen2.5-vl/pope/ricd/coco/adversarial/seed1:  18%|█▊        | 526/3000 [05:39<27:05,  1.52it/s]
qwen2.5-vl/pope/ricd/coco/adversarial/seed1:  18%|█▊        | 527/3000 [05:40<27:57,  1.47it/s]
qwen2.5-vl/pope/ricd/coco/adversarial/seed1:  18%|█▊        | 528/3000 [05:41<28:33,  1.44it/s]
qwen2.5-vl/pope/ricd/coco/adversarial/seed1:  18%|█▊        | 529/3000 [05:42<28:58,  1.42it/s]
qwen2.5-vl/pope/ricd/coco/adversarial/seed1:  18%|█▊        | 530/3000 [05:42<29:15,  1.41it/s]
qwen2.5-vl/pope/ricd/coco/adversarial/seed1:  18%|█▊        | 531/3000 [05:43<29:26,  1.40it/s]
qwen2.5-vl/pope/ricd/coco/adversarial/seed1:  18%|█▊        | 532/3000 [05:44<29:34,  1.39it/s]
qwen2.5-vl/pope/ricd/coco/adversarial/seed1:  18%|█▊        | 533/3000 [05:45<29:39,  1.39it/s]
qwen2.5-vl/pope/ricd/coco/adversarial/seed1:  18%|█▊        | 534/3000 [05:45<29:45,  1.38it/s]
qwen2.5-vl/pope/ricd/coco/adversarial/seed1:  18%|█▊        | 535/3000 [05:46<29:45,  1.38it/s]
qwen2.5-vl/pope/ricd/coco/adversarial/seed1:  18%|█▊        | 536/3000 [05:47<29:45,  1.38it/s]
qwen2.5-vl/pope/ricd/coco/adversarial/seed1:  18%|█▊        | 537/3000 [05:47<29:46,  1.38it/s]
qwen2.5-vl/pope/ricd/coco/adversarial/seed1:  18%|█▊        | 538/3000 [05:48<29:45,  1.38it/s]
qwen2.5-vl/pope/ricd/coco/adversarial/seed1:  18%|█▊        | 539/3000 [05:49<29:44,  1.38it/s]
qwen2.5-vl/pope/ricd/coco/adversarial/seed1:  18%|█▊        | 540/3000 [05:50<29:43,  1.38it/s]
qwen2.5-vl/pope/ricd/coco/adversarial/seed1:  18%|█▊        | 541/3000 [05:50<28:16,  1.45it/s]
qwen2.5-vl/pope/ricd/coco/adversarial/seed1:  18%|█▊        | 542/3000 [05:51<27:13,  1.50it/s]
qwen2.5-vl/pope/ricd/coco/adversarial/seed1:  18%|█▊        | 543/3000 [05:51<26:32,  1.54it/s]
qwen2.5-vl/pope/ricd/coco/adversarial/seed1:  18%|█▊        | 544/3000 [05:52<26:05,  1.57it/s]
qwen2.5-vl/pope/ricd/coco/adversarial/seed1:  18%|█▊        | 545/3000 [05:53<25:44,  1.59it/s]
qwen2.5-vl/pope/ricd/coco/adversarial/seed1:  18%|█▊        | 546/3000 [05:53<25:27,  1.61it/s]
qwen2.5-vl/pope/ricd/coco/adversarial/seed1:  18%|█▊        | 547/3000 [05:54<25:02,  1.63it/s]
qwen2.5-vl/pope/ricd/coco/adversarial/seed1:  18%|█▊        | 548/3000 [05:54<24:43,  1.65it/s]
qwen2.5-vl/pope/ricd/coco/adversarial/seed1:  18%|█▊        | 549/3000 [05:55<24:29,  1.67it/s]
qwen2.5-vl/pope/ricd/coco/adversarial/seed1:  18%|█▊        | 550/3000 [05:56<24:19,  1.68it/s]
qwen2.5-vl/pope/ricd/coco/adversarial/seed1:  18%|█▊        | 551/3000 [05:56<24:16,  1.68it/s]
qwen2.5-vl/pope/ricd/coco/adversarial/seed1:  18%|█▊        | 552/3000 [05:57<24:09,  1.69it/s]
qwen2.5-vl/pope/ricd/coco/adversarial/seed1:  18%|█▊        | 553/3000 [05:58<25:45,  1.58it/s]
qwen2.5-vl/pope/ricd/coco/adversarial/seed1:  18%|█▊        | 554/3000 [05:58<26:55,  1.51it/s]
qwen2.5-vl/pope/ricd/coco/adversarial/seed1:  18%|█▊        | 555/3000 [05:59<27:44,  1.47it/s]
qwen2.5-vl/pope/ricd/coco/adversarial/seed1:  19%|█▊        | 556/3000 [06:00<28:19,  1.44it/s]
qwen2.5-vl/pope/ricd/coco/adversarial/seed1:  19%|█▊        | 557/3000 [06:00<28:42,  1.42it/s]
qwen2.5-vl/pope/ricd/coco/adversarial/seed1:  19%|█▊        | 558/3000 [06:01<28:58,  1.40it/s]
qwen2.5-vl/pope/ricd/coco/adversarial/seed1:  19%|█▊        | 559/3000 [06:02<27:43,  1.47it/s]
qwen2.5-vl/pope/ricd/coco/adversarial/seed1:  19%|█▊        | 560/3000 [06:02<26:50,  1.52it/s]
qwen2.5-vl/pope/ricd/coco/adversarial/seed1:  19%|█▊        | 561/3000 [06:03<26:14,  1.55it/s]
qwen2.5-vl/pope/ricd/coco/adversarial/seed1:  19%|█▊        | 562/3000 [06:04<25:48,  1.57it/s]
qwen2.5-vl/pope/ricd/coco/adversarial/seed1:  19%|█▉        | 563/3000 [06:04<25:35,  1.59it/s]
qwen2.5-vl/pope/ricd/coco/adversarial/seed1:  19%|█▉        | 564/3000 [06:05<25:22,  1.60it/s]
qwen2.5-vl/pope/ricd/coco/adversarial/seed1:  19%|█▉        | 565/3000 [06:05<22:27,  1.81it/s]
qwen2.5-vl/pope/ricd/coco/adversarial/seed1:  19%|█▉        | 566/3000 [06:06<20:26,  1.98it/s]
qwen2.5-vl/pope/ricd/coco/adversarial/seed1:  19%|█▉        | 567/3000 [06:06<19:01,  2.13it/s]
qwen2.5-vl/pope/ricd/coco/adversarial/seed1:  19%|█▉        | 568/3000 [06:06<17:56,  2.26it/s]
qwen2.5-vl/pope/ricd/coco/adversarial/seed1:  19%|█▉        | 569/3000 [06:07<17:15,  2.35it/s]
qwen2.5-vl/pope/ricd/coco/adversarial/seed1:  19%|█▉        | 570/3000 [06:07<16:48,  2.41it/s]
qwen2.5-vl/pope/ricd/coco/adversarial/seed1:  19%|█▉        | 571/3000 [06:08<18:38,  2.17it/s]
qwen2.5-vl/pope/ricd/coco/adversarial/seed1:  19%|█▉        | 572/3000 [06:08<19:59,  2.02it/s]
qwen2.5-vl/pope/ricd/coco/adversarial/seed1:  19%|█▉        | 573/3000 [06:09<20:52,  1.94it/s]
qwen2.5-vl/pope/ricd/coco/adversarial/seed1:  19%|█▉        | 574/3000 [06:09<21:28,  1.88it/s]
qwen2.5-vl/pope/ricd/coco/adversarial/seed1:  19%|█▉        | 575/3000 [06:10<21:55,  1.84it/s]
qwen2.5-vl/pope/ricd/coco/adversarial/seed1:  19%|█▉        | 576/3000 [06:11<22:11,  1.82it/s]
qwen2.5-vl/pope/ricd/coco/adversarial/seed1:  19%|█▉        | 577/3000 [06:11<24:11,  1.67it/s]
qwen2.5-vl/pope/ricd/coco/adversarial/seed1:  19%|█▉        | 578/3000 [06:12<25:35,  1.58it/s]
qwen2.5-vl/pope/ricd/coco/adversarial/seed1:  19%|█▉        | 579/3000 [06:13<26:27,  1.52it/s]
qwen2.5-vl/pope/ricd/coco/adversarial/seed1:  19%|█▉        | 580/3000 [06:13<27:10,  1.48it/s]
qwen2.5-vl/pope/ricd/coco/adversarial/seed1:  19%|█▉        | 581/3000 [06:14<27:32,  1.46it/s]
qwen2.5-vl/pope/ricd/coco/adversarial/seed1:  19%|█▉        | 582/3000 [06:15<27:47,  1.45it/s]
qwen2.5-vl/pope/ricd/coco/adversarial/seed1:  19%|█▉        | 583/3000 [06:15<26:16,  1.53it/s]
qwen2.5-vl/pope/ricd/coco/adversarial/seed1:  19%|█▉        | 584/3000 [06:16<25:12,  1.60it/s]
qwen2.5-vl/pope/ricd/coco/adversarial/seed1:  20%|█▉        | 585/3000 [06:17<24:28,  1.65it/s]
qwen2.5-vl/pope/ricd/coco/adversarial/seed1:  20%|█▉        | 586/3000 [06:17<23:54,  1.68it/s]
qwen2.5-vl/pope/ricd/coco/adversarial/seed1:  20%|█▉        | 587/3000 [06:18<23:36,  1.70it/s]
qwen2.5-vl/pope/ricd/coco/adversarial/seed1:  20%|█▉        | 588/3000 [06:18<23:17,  1.73it/s]
qwen2.5-vl/pope/ricd/coco/adversarial/seed1:  20%|█▉        | 589/3000 [06:19<25:24,  1.58it/s]
qwen2.5-vl/pope/ricd/coco/adversarial/seed1:  20%|█▉        | 590/3000 [06:20<26:50,  1.50it/s]
qwen2.5-vl/pope/ricd/coco/adversarial/seed1:  20%|█▉        | 591/3000 [06:21<27:49,  1.44it/s]
qwen2.5-vl/pope/ricd/coco/adversarial/seed1:  20%|█▉        | 592/3000 [06:21<28:31,  1.41it/s]
qwen2.5-vl/pope/ricd/coco/adversarial/seed1:  20%|█▉        | 593/3000 [06:22<28:56,  1.39it/s]
qwen2.5-vl/pope/ricd/coco/adversarial/seed1:  20%|█▉        | 594/3000 [06:23<29:20,  1.37it/s]
qwen2.5-vl/pope/ricd/coco/adversarial/seed1:  20%|█▉        | 595/3000 [06:24<29:17,  1.37it/s]
qwen2.5-vl/pope/ricd/coco/adversarial/seed1:  20%|█▉        | 596/3000 [06:24<29:20,  1.37it/s]
qwen2.5-vl/pope/ricd/coco/adversarial/seed1:  20%|█▉        | 597/3000 [06:25<29:12,  1.37it/s]
qwen2.5-vl/pope/ricd/coco/adversarial/seed1:  20%|█▉        | 598/3000 [06:26<29:06,  1.38it/s]
qwen2.5-vl/pope/ricd/coco/adversarial/seed1:  20%|█▉        | 599/3000 [06:26<29:01,  1.38it/s]
qwen2.5-vl/pope/ricd/coco/adversarial/seed1:  20%|██        | 600/3000 [06:27<28:58,  1.38it/s]
qwen2.5-vl/pope/ricd/coco/adversarial/seed1:  20%|██        | 601/3000 [06:28<28:57,  1.38it/s]
qwen2.5-vl/pope/ricd/coco/adversarial/seed1:  20%|██        | 602/3000 [06:29<29:01,  1.38it/s]
qwen2.5-vl/pope/ricd/coco/adversarial/seed1:  20%|██        | 603/3000 [06:29<29:03,  1.37it/s]
qwen2.5-vl/pope/ricd/coco/adversarial/seed1:  20%|██        | 604/3000 [06:30<23:50,  1.67it/s]
qwen2.5-vl/pope/ricd/coco/adversarial/seed1:  20%|██        | 605/3000 [06:30<25:27,  1.57it/s]
qwen2.5-vl/pope/ricd/coco/adversarial/seed1:  20%|██        | 606/3000 [06:31<26:36,  1.50it/s]
qwen2.5-vl/pope/ricd/coco/adversarial/seed1:  20%|██        | 607/3000 [06:32<27:23,  1.46it/s]
qwen2.5-vl/pope/ricd/coco/adversarial/seed1:  20%|██        | 608/3000 [06:33<27:49,  1.43it/s]
qwen2.5-vl/pope/ricd/coco/adversarial/seed1:  20%|██        | 609/3000 [06:33<28:07,  1.42it/s]
qwen2.5-vl/pope/ricd/coco/adversarial/seed1:  20%|██        | 610/3000 [06:34<28:19,  1.41it/s]
qwen2.5-vl/pope/ricd/coco/adversarial/seed1:  20%|██        | 611/3000 [06:35<28:29,  1.40it/s]
qwen2.5-vl/pope/ricd/coco/adversarial/seed1:  20%|██        | 612/3000 [06:35<28:34,  1.39it/s]
qwen2.5-vl/pope/ricd/coco/adversarial/seed1:  20%|██        | 613/3000 [06:36<27:53,  1.43it/s]
qwen2.5-vl/pope/ricd/coco/adversarial/seed1:  20%|██        | 614/3000 [06:37<27:24,  1.45it/s]
qwen2.5-vl/pope/ricd/coco/adversarial/seed1:  20%|██        | 615/3000 [06:37<27:03,  1.47it/s]
qwen2.5-vl/pope/ricd/coco/adversarial/seed1:  21%|██        | 616/3000 [06:38<26:49,  1.48it/s]
qwen2.5-vl/pope/ricd/coco/adversarial/seed1:  21%|██        | 617/3000 [06:39<26:38,  1.49it/s]
qwen2.5-vl/pope/ricd/coco/adversarial/seed1:  21%|██        | 618/3000 [06:39<26:42,  1.49it/s]
qwen2.5-vl/pope/ricd/coco/adversarial/seed1:  21%|██        | 619/3000 [06:40<27:16,  1.46it/s]
qwen2.5-vl/pope/ricd/coco/adversarial/seed1:  21%|██        | 620/3000 [06:41<27:39,  1.43it/s]
qwen2.5-vl/pope/ricd/coco/adversarial/seed1:  21%|██        | 621/3000 [06:42<27:55,  1.42it/s]
qwen2.5-vl/pope/ricd/coco/adversarial/seed1:  21%|██        | 622/3000 [06:42<28:06,  1.41it/s]
qwen2.5-vl/pope/ricd/coco/adversarial/seed1:  21%|██        | 623/3000 [06:43<28:14,  1.40it/s]
qwen2.5-vl/pope/ricd/coco/adversarial/seed1:  21%|██        | 624/3000 [06:44<28:20,  1.40it/s]
qwen2.5-vl/pope/ricd/coco/adversarial/seed1:  21%|██        | 625/3000 [06:44<27:03,  1.46it/s]
qwen2.5-vl/pope/ricd/coco/adversarial/seed1:  21%|██        | 626/3000 [06:45<26:11,  1.51it/s]
qwen2.5-vl/pope/ricd/coco/adversarial/seed1:  21%|██        | 627/3000 [06:46<25:34,  1.55it/s]
qwen2.5-vl/pope/ricd/coco/adversarial/seed1:  21%|██        | 628/3000 [06:46<25:10,  1.57it/s]
qwen2.5-vl/pope/ricd/coco/adversarial/seed1:  21%|██        | 629/3000 [06:47<25:04,  1.58it/s]
qwen2.5-vl/pope/ricd/coco/adversarial/seed1:  21%|██        | 630/3000 [06:47<24:55,  1.58it/s]
qwen2.5-vl/pope/ricd/coco/adversarial/seed1:  21%|██        | 631/3000 [06:48<24:41,  1.60it/s]
qwen2.5-vl/pope/ricd/coco/adversarial/seed1:  21%|██        | 632/3000 [06:49<24:31,  1.61it/s]
qwen2.5-vl/pope/ricd/coco/adversarial/seed1:  21%|██        | 633/3000 [06:49<24:30,  1.61it/s]
qwen2.5-vl/pope/ricd/coco/adversarial/seed1:  21%|██        | 634/3000 [06:50<24:22,  1.62it/s]
qwen2.5-vl/pope/ricd/coco/adversarial/seed1:  21%|██        | 635/3000 [06:51<24:16,  1.62it/s]
qwen2.5-vl/pope/ricd/coco/adversarial/seed1:  21%|██        | 636/3000 [06:51<24:11,  1.63it/s]
qwen2.5-vl/pope/ricd/coco/adversarial/seed1:  21%|██        | 637/3000 [06:52<25:37,  1.54it/s]
qwen2.5-vl/pope/ricd/coco/adversarial/seed1:  21%|██▏       | 638/3000 [06:53<26:39,  1.48it/s]
qwen2.5-vl/pope/ricd/coco/adversarial/seed1:  21%|██▏       | 639/3000 [06:53<27:23,  1.44it/s]
qwen2.5-vl/pope/ricd/coco/adversarial/seed1:  21%|██▏       | 640/3000 [06:54<27:55,  1.41it/s]
qwen2.5-vl/pope/ricd/coco/adversarial/seed1:  21%|██▏       | 641/3000 [06:55<28:16,  1.39it/s]
qwen2.5-vl/pope/ricd/coco/adversarial/seed1:  21%|██▏       | 642/3000 [06:56<28:31,  1.38it/s]
qwen2.5-vl/pope/ricd/coco/adversarial/seed1:  21%|██▏       | 643/3000 [06:56<28:40,  1.37it/s]
qwen2.5-vl/pope/ricd/coco/adversarial/seed1:  21%|██▏       | 644/3000 [06:57<28:37,  1.37it/s]
qwen2.5-vl/pope/ricd/coco/adversarial/seed1:  22%|██▏       | 645/3000 [06:58<28:41,  1.37it/s]
qwen2.5-vl/pope/ricd/coco/adversarial/seed1:  22%|██▏       | 646/3000 [06:58<28:37,  1.37it/s]
qwen2.5-vl/pope/ricd/coco/adversarial/seed1:  22%|██▏       | 647/3000 [06:59<28:42,  1.37it/s]
qwen2.5-vl/pope/ricd/coco/adversarial/seed1:  22%|██▏       | 648/3000 [07:00<28:40,  1.37it/s]
qwen2.5-vl/pope/ricd/coco/adversarial/seed1:  22%|██▏       | 649/3000 [07:01<28:42,  1.36it/s]
qwen2.5-vl/pope/ricd/coco/adversarial/seed1:  22%|██▏       | 650/3000 [07:01<28:53,  1.36it/s]
qwen2.5-vl/pope/ricd/coco/adversarial/seed1:  22%|██▏       | 651/3000 [07:02<28:45,  1.36it/s]
qwen2.5-vl/pope/ricd/coco/adversarial/seed1:  22%|██▏       | 652/3000 [07:03<29:39,  1.32it/s]
qwen2.5-vl/pope/ricd/coco/adversarial/seed1:  22%|██▏       | 653/3000 [07:04<29:18,  1.33it/s]
qwen2.5-vl/pope/ricd/coco/adversarial/seed1:  22%|██▏       | 654/3000 [07:04<29:08,  1.34it/s]
qwen2.5-vl/pope/ricd/coco/adversarial/seed1:  22%|██▏       | 655/3000 [07:05<27:01,  1.45it/s]
qwen2.5-vl/pope/ricd/coco/adversarial/seed1:  22%|██▏       | 656/3000 [07:06<25:32,  1.53it/s]
qwen2.5-vl/pope/ricd/coco/adversarial/seed1:  22%|██▏       | 657/3000 [07:06<24:36,  1.59it/s]
qwen2.5-vl/pope/ricd/coco/adversarial/seed1:  22%|██▏       | 658/3000 [07:07<23:49,  1.64it/s]
qwen2.5-vl/pope/ricd/coco/adversarial/seed1:  22%|██▏       | 659/3000 [07:07<23:17,  1.67it/s]
qwen2.5-vl/pope/ricd/coco/adversarial/seed1:  22%|██▏       | 660/3000 [07:08<22:53,  1.70it/s]
qwen2.5-vl/pope/ricd/coco/adversarial/seed1:  22%|██▏       | 661/3000 [07:09<25:07,  1.55it/s]
qwen2.5-vl/pope/ricd/coco/adversarial/seed1:  22%|██▏       | 662/3000 [07:09<26:40,  1.46it/s]
qwen2.5-vl/pope/ricd/coco/adversarial/seed1:  22%|██▏       | 663/3000 [07:10<27:08,  1.43it/s]
qwen2.5-vl/pope/ricd/coco/adversarial/seed1:  22%|██▏       | 664/3000 [07:11<27:31,  1.41it/s]
qwen2.5-vl/pope/ricd/coco/adversarial/seed1:  22%|██▏       | 665/3000 [07:12<27:52,  1.40it/s]
qwen2.5-vl/pope/ricd/coco/adversarial/seed1:  22%|██▏       | 666/3000 [07:12<28:04,  1.39it/s]
qwen2.5-vl/pope/ricd/coco/adversarial/seed1:  22%|██▏       | 667/3000 [07:13<30:01,  1.29it/s]
qwen2.5-vl/pope/ricd/coco/adversarial/seed1:  22%|██▏       | 668/3000 [07:14<31:25,  1.24it/s]
qwen2.5-vl/pope/ricd/coco/adversarial/seed1:  22%|██▏       | 669/3000 [07:15<32:30,  1.20it/s]
qwen2.5-vl/pope/ricd/coco/adversarial/seed1:  22%|██▏       | 670/3000 [07:16<33:05,  1.17it/s]
qwen2.5-vl/pope/ricd/coco/adversarial/seed1:  22%|██▏       | 671/3000 [07:17<33:35,  1.16it/s]
qwen2.5-vl/pope/ricd/coco/adversarial/seed1:  22%|██▏       | 672/3000 [07:18<34:00,  1.14it/s]
qwen2.5-vl/pope/ricd/coco/adversarial/seed1:  22%|██▏       | 673/3000 [07:18<32:26,  1.20it/s]
qwen2.5-vl/pope/ricd/coco/adversarial/seed1:  22%|██▏       | 674/3000 [07:19<31:12,  1.24it/s]
qwen2.5-vl/pope/ricd/coco/adversarial/seed1:  22%|██▎       | 675/3000 [07:20<30:20,  1.28it/s]
qwen2.5-vl/pope/ricd/coco/adversarial/seed1:  23%|██▎       | 676/3000 [07:21<29:42,  1.30it/s]
qwen2.5-vl/pope/ricd/coco/adversarial/seed1:  23%|██▎       | 677/3000 [07:21<29:21,  1.32it/s]
qwen2.5-vl/pope/ricd/coco/adversarial/seed1:  23%|██▎       | 678/3000 [07:22<29:08,  1.33it/s]
qwen2.5-vl/pope/ricd/coco/adversarial/seed1:  23%|██▎       | 679/3000 [07:23<31:37,  1.22it/s]
qwen2.5-vl/pope/ricd/coco/adversarial/seed1:  23%|██▎       | 680/3000 [07:24<33:11,  1.16it/s]
qwen2.5-vl/pope/ricd/coco/adversarial/seed1:  23%|██▎       | 681/3000 [07:25<34:32,  1.12it/s]
qwen2.5-vl/pope/ricd/coco/adversarial/seed1:  23%|██▎       | 682/3000 [07:26<35:14,  1.10it/s]
qwen2.5-vl/pope/ricd/coco/adversarial/seed1:  23%|██▎       | 683/3000 [07:27<35:49,  1.08it/s]
qwen2.5-vl/pope/ricd/coco/adversarial/seed1:  23%|██▎       | 684/3000 [07:28<36:08,  1.07it/s]
qwen2.5-vl/pope/ricd/coco/adversarial/seed1:  23%|██▎       | 685/3000 [07:29<33:56,  1.14it/s]
qwen2.5-vl/pope/ricd/coco/adversarial/seed1:  23%|██▎       | 686/3000 [07:29<32:24,  1.19it/s]
qwen2.5-vl/pope/ricd/coco/adversarial/seed1:  23%|██▎       | 687/3000 [07:30<31:19,  1.23it/s]
qwen2.5-vl/pope/ricd/coco/adversarial/seed1:  23%|██▎       | 688/3000 [07:31<30:31,  1.26it/s]
qwen2.5-vl/pope/ricd/coco/adversarial/seed1:  23%|██▎       | 689/3000 [07:32<29:57,  1.29it/s]
qwen2.5-vl/pope/ricd/coco/adversarial/seed1:  23%|██▎       | 690/3000 [07:32<29:31,  1.30it/s]
qwen2.5-vl/pope/ricd/coco/adversarial/seed1:  23%|██▎       | 691/3000 [07:33<28:59,  1.33it/s]
qwen2.5-vl/pope/ricd/coco/adversarial/seed1:  23%|██▎       | 692/3000 [07:34<28:37,  1.34it/s]
qwen2.5-vl/pope/ricd/coco/adversarial/seed1:  23%|██▎       | 693/3000 [07:35<28:21,  1.36it/s]
qwen2.5-vl/pope/ricd/coco/adversarial/seed1:  23%|██▎       | 694/3000 [07:35<28:12,  1.36it/s]
qwen2.5-vl/pope/ricd/coco/adversarial/seed1:  23%|██▎       | 695/3000 [07:36<28:05,  1.37it/s]
qwen2.5-vl/pope/ricd/coco/adversarial/seed1:  23%|██▎       | 696/3000 [07:37<27:59,  1.37it/s]
qwen2.5-vl/pope/ricd/coco/adversarial/seed1:  23%|██▎       | 697/3000 [07:37<27:55,  1.37it/s]
qwen2.5-vl/pope/ricd/coco/adversarial/seed1:  23%|██▎       | 698/3000 [07:38<28:10,  1.36it/s]
qwen2.5-vl/pope/ricd/coco/adversarial/seed1:  23%|██▎       | 699/3000 [07:39<28:28,  1.35it/s]
qwen2.5-vl/pope/ricd/coco/adversarial/seed1:  23%|██▎       | 700/3000 [07:40<28:38,  1.34it/s]
qwen2.5-vl/pope/ricd/coco/adversarial/seed1:  23%|██▎       | 701/3000 [07:40<28:36,  1.34it/s]
qwen2.5-vl/pope/ricd/coco/adversarial/seed1:  23%|██▎       | 702/3000 [07:41<28:24,  1.35it/s]
qwen2.5-vl/pope/ricd/coco/adversarial/seed1:  23%|██▎       | 703/3000 [07:42<26:50,  1.43it/s]
qwen2.5-vl/pope/ricd/coco/adversarial/seed1:  23%|██▎       | 704/3000 [07:42<25:46,  1.48it/s]
qwen2.5-vl/pope/ricd/coco/adversarial/seed1:  24%|██▎       | 705/3000 [07:43<25:02,  1.53it/s]
qwen2.5-vl/pope/ricd/coco/adversarial/seed1:  24%|██▎       | 706/3000 [07:44<24:38,  1.55it/s]
qwen2.5-vl/pope/ricd/coco/adversarial/seed1:  24%|██▎       | 707/3000 [07:44<24:18,  1.57it/s]
qwen2.5-vl/pope/ricd/coco/adversarial/seed1:  24%|██▎       | 708/3000 [07:45<24:02,  1.59it/s]
qwen2.5-vl/pope/ricd/coco/adversarial/seed1:  24%|██▎       | 709/3000 [07:46<25:13,  1.51it/s]
qwen2.5-vl/pope/ricd/coco/adversarial/seed1:  24%|██▎       | 710/3000 [07:46<26:06,  1.46it/s]
qwen2.5-vl/pope/ricd/coco/adversarial/seed1:  24%|██▎       | 711/3000 [07:47<26:42,  1.43it/s]
qwen2.5-vl/pope/ricd/coco/adversarial/seed1:  24%|██▎       | 712/3000 [07:48<27:05,  1.41it/s]
qwen2.5-vl/pope/ricd/coco/adversarial/seed1:  24%|██▍       | 713/3000 [07:49<27:14,  1.40it/s]
qwen2.5-vl/pope/ricd/coco/adversarial/seed1:  24%|██▍       | 714/3000 [07:49<27:21,  1.39it/s]
qwen2.5-vl/pope/ricd/coco/adversarial/seed1:  24%|██▍       | 715/3000 [07:50<26:04,  1.46it/s]
qwen2.5-vl/pope/ricd/coco/adversarial/seed1:  24%|██▍       | 716/3000 [07:50<25:09,  1.51it/s]
qwen2.5-vl/pope/ricd/coco/adversarial/seed1:  24%|██▍       | 717/3000 [07:51<24:31,  1.55it/s]
qwen2.5-vl/pope/ricd/coco/adversarial/seed1:  24%|██▍       | 718/3000 [07:52<24:03,  1.58it/s]
qwen2.5-vl/pope/ricd/coco/adversarial/seed1:  24%|██▍       | 719/3000 [07:52<23:44,  1.60it/s]
qwen2.5-vl/pope/ricd/coco/adversarial/seed1:  24%|██▍       | 720/3000 [07:53<23:30,  1.62it/s]
qwen2.5-vl/pope/ricd/coco/adversarial/seed1:  24%|██▍       | 721/3000 [07:54<24:42,  1.54it/s]
qwen2.5-vl/pope/ricd/coco/adversarial/seed1:  24%|██▍       | 722/3000 [07:54<25:31,  1.49it/s]
qwen2.5-vl/pope/ricd/coco/adversarial/seed1:  24%|██▍       | 723/3000 [07:55<26:05,  1.45it/s]
qwen2.5-vl/pope/ricd/coco/adversarial/seed1:  24%|██▍       | 724/3000 [07:56<26:30,  1.43it/s]
qwen2.5-vl/pope/ricd/coco/adversarial/seed1:  24%|██▍       | 725/3000 [07:57<27:03,  1.40it/s]
qwen2.5-vl/pope/ricd/coco/adversarial/seed1:  24%|██▍       | 726/3000 [07:57<27:25,  1.38it/s]
qwen2.5-vl/pope/ricd/coco/adversarial/seed1:  24%|██▍       | 727/3000 [07:58<26:31,  1.43it/s]
qwen2.5-vl/pope/ricd/coco/adversarial/seed1:  24%|██▍       | 728/3000 [07:59<25:33,  1.48it/s]
qwen2.5-vl/pope/ricd/coco/adversarial/seed1:  24%|██▍       | 729/3000 [07:59<24:51,  1.52it/s]
qwen2.5-vl/pope/ricd/coco/adversarial/seed1:  24%|██▍       | 730/3000 [08:00<24:29,  1.55it/s]
qwen2.5-vl/pope/ricd/coco/adversarial/seed1:  24%|██▍       | 731/3000 [08:00<24:05,  1.57it/s]
qwen2.5-vl/pope/ricd/coco/adversarial/seed1:  24%|██▍       | 732/3000 [08:01<23:48,  1.59it/s]
qwen2.5-vl/pope/ricd/coco/adversarial/seed1:  24%|██▍       | 733/3000 [08:02<24:58,  1.51it/s]
qwen2.5-vl/pope/ricd/coco/adversarial/seed1:  24%|██▍       | 734/3000 [08:02<25:40,  1.47it/s]
qwen2.5-vl/pope/ricd/coco/adversarial/seed1:  24%|██▍       | 735/3000 [08:03<26:12,  1.44it/s]
qwen2.5-vl/pope/ricd/coco/adversarial/seed1:  25%|██▍       | 736/3000 [08:04<26:39,  1.42it/s]
qwen2.5-vl/pope/ricd/coco/adversarial/seed1:  25%|██▍       | 737/3000 [08:05<26:56,  1.40it/s]
qwen2.5-vl/pope/ricd/coco/adversarial/seed1:  25%|██▍       | 738/3000 [08:05<27:04,  1.39it/s]
qwen2.5-vl/pope/ricd/coco/adversarial/seed1:  25%|██▍       | 739/3000 [08:06<27:14,  1.38it/s]
qwen2.5-vl/pope/ricd/coco/adversarial/seed1:  25%|██▍       | 740/3000 [08:07<27:18,  1.38it/s]
qwen2.5-vl/pope/ricd/coco/adversarial/seed1:  25%|██▍       | 741/3000 [08:08<27:29,  1.37it/s]
qwen2.5-vl/pope/ricd/coco/adversarial/seed1:  25%|██▍       | 742/3000 [08:08<27:50,  1.35it/s]
qwen2.5-vl/pope/ricd/coco/adversarial/seed1:  25%|██▍       | 743/3000 [08:09<27:50,  1.35it/s]
qwen2.5-vl/pope/ricd/coco/adversarial/seed1:  25%|██▍       | 744/3000 [08:10<27:48,  1.35it/s]
qwen2.5-vl/pope/ricd/coco/adversarial/seed1:  25%|██▍       | 745/3000 [08:11<27:43,  1.36it/s]
qwen2.5-vl/pope/ricd/coco/adversarial/seed1:  25%|██▍       | 746/3000 [08:11<27:36,  1.36it/s]
qwen2.5-vl/pope/ricd/coco/adversarial/seed1:  25%|██▍       | 747/3000 [08:12<27:31,  1.36it/s]
qwen2.5-vl/pope/ricd/coco/adversarial/seed1:  25%|██▍       | 748/3000 [08:13<27:28,  1.37it/s]
qwen2.5-vl/pope/ricd/coco/adversarial/seed1:  25%|██▍       | 749/3000 [08:13<27:24,  1.37it/s]
qwen2.5-vl/pope/ricd/coco/adversarial/seed1:  25%|██▌       | 750/3000 [08:14<27:21,  1.37it/s]
qwen2.5-vl/pope/ricd/coco/adversarial/seed1:  25%|██▌       | 751/3000 [08:15<25:29,  1.47it/s]
qwen2.5-vl/pope/ricd/coco/adversarial/seed1:  25%|██▌       | 752/3000 [08:15<24:10,  1.55it/s]
qwen2.5-vl/pope/ricd/coco/adversarial/seed1:  25%|██▌       | 753/3000 [08:16<23:16,  1.61it/s]
qwen2.5-vl/pope/ricd/coco/adversarial/seed1:  25%|██▌       | 754/3000 [08:16<22:37,  1.65it/s]
qwen2.5-vl/pope/ricd/coco/adversarial/seed1:  25%|██▌       | 755/3000 [08:17<22:11,  1.69it/s]
qwen2.5-vl/pope/ricd/coco/adversarial/seed1:  25%|██▌       | 756/3000 [08:18<21:54,  1.71it/s]
qwen2.5-vl/pope/ricd/coco/adversarial/seed1:  25%|██▌       | 757/3000 [08:18<21:38,  1.73it/s]
qwen2.5-vl/pope/ricd/coco/adversarial/seed1:  25%|██▌       | 758/3000 [08:19<21:28,  1.74it/s]
qwen2.5-vl/pope/ricd/coco/adversarial/seed1:  25%|██▌       | 759/3000 [08:19<21:20,  1.75it/s]
qwen2.5-vl/pope/ricd/coco/adversarial/seed1:  25%|██▌       | 760/3000 [08:20<21:16,  1.76it/s]
qwen2.5-vl/pope/ricd/coco/adversarial/seed1:  25%|██▌       | 761/3000 [08:20<21:11,  1.76it/s]
qwen2.5-vl/pope/ricd/coco/adversarial/seed1:  25%|██▌       | 762/3000 [08:21<21:07,  1.77it/s]
qwen2.5-vl/pope/ricd/coco/adversarial/seed1:  25%|██▌       | 763/3000 [08:22<22:15,  1.67it/s]
qwen2.5-vl/pope/ricd/coco/adversarial/seed1:  25%|██▌       | 764/3000 [08:22<22:59,  1.62it/s]
qwen2.5-vl/pope/ricd/coco/adversarial/seed1:  26%|██▌       | 765/3000 [08:23<23:35,  1.58it/s]
qwen2.5-vl/pope/ricd/coco/adversarial/seed1:  26%|██▌       | 766/3000 [08:24<23:58,  1.55it/s]
qwen2.5-vl/pope/ricd/coco/adversarial/seed1:  26%|██▌       | 767/3000 [08:24<24:11,  1.54it/s]
qwen2.5-vl/pope/ricd/coco/adversarial/seed1:  26%|██▌       | 768/3000 [08:25<24:19,  1.53it/s]
qwen2.5-vl/pope/ricd/coco/adversarial/seed1:  26%|██▌       | 769/3000 [08:26<23:17,  1.60it/s]
qwen2.5-vl/pope/ricd/coco/adversarial/seed1:  26%|██▌       | 770/3000 [08:26<22:33,  1.65it/s]
qwen2.5-vl/pope/ricd/coco/adversarial/seed1:  26%|██▌       | 771/3000 [08:27<22:02,  1.69it/s]
qwen2.5-vl/pope/ricd/coco/adversarial/seed1:  26%|██▌       | 772/3000 [08:27<21:40,  1.71it/s]
qwen2.5-vl/pope/ricd/coco/adversarial/seed1:  26%|██▌       | 773/3000 [08:28<21:26,  1.73it/s]
qwen2.5-vl/pope/ricd/coco/adversarial/seed1:  26%|██▌       | 774/3000 [08:28<21:15,  1.75it/s]
qwen2.5-vl/pope/ricd/coco/adversarial/seed1:  26%|██▌       | 775/3000 [08:29<22:55,  1.62it/s]
qwen2.5-vl/pope/ricd/coco/adversarial/seed1:  26%|██▌       | 776/3000 [08:30<24:04,  1.54it/s]
qwen2.5-vl/pope/ricd/coco/adversarial/seed1:  26%|██▌       | 777/3000 [08:31<24:53,  1.49it/s]
qwen2.5-vl/pope/ricd/coco/adversarial/seed1:  26%|██▌       | 778/3000 [08:31<25:27,  1.46it/s]
qwen2.5-vl/pope/ricd/coco/adversarial/seed1:  26%|██▌       | 779/3000 [08:32<25:49,  1.43it/s]
qwen2.5-vl/pope/ricd/coco/adversarial/seed1:  26%|██▌       | 780/3000 [08:33<26:05,  1.42it/s]
qwen2.5-vl/pope/ricd/coco/adversarial/seed1:  26%|██▌       | 781/3000 [08:33<24:28,  1.51it/s]
qwen2.5-vl/pope/ricd/coco/adversarial/seed1:  26%|██▌       | 782/3000 [08:34<23:21,  1.58it/s]
qwen2.5-vl/pope/ricd/coco/adversarial/seed1:  26%|██▌       | 783/3000 [08:34<22:37,  1.63it/s]
qwen2.5-vl/pope/ricd/coco/adversarial/seed1:  26%|██▌       | 784/3000 [08:35<22:05,  1.67it/s]
qwen2.5-vl/pope/ricd/coco/adversarial/seed1:  26%|██▌       | 785/3000 [08:36<21:43,  1.70it/s]
qwen2.5-vl/pope/ricd/coco/adversarial/seed1:  26%|██▌       | 786/3000 [08:36<21:30,  1.72it/s]
qwen2.5-vl/pope/ricd/coco/adversarial/seed1:  26%|██▌       | 787/3000 [08:37<21:54,  1.68it/s]
qwen2.5-vl/pope/ricd/coco/adversarial/seed1:  26%|██▋       | 788/3000 [08:37<22:08,  1.67it/s]
qwen2.5-vl/pope/ricd/coco/adversarial/seed1:  26%|██▋       | 789/3000 [08:38<22:15,  1.66it/s]
qwen2.5-vl/pope/ricd/coco/adversarial/seed1:  26%|██▋       | 790/3000 [08:39<22:19,  1.65it/s]
qwen2.5-vl/pope/ricd/coco/adversarial/seed1:  26%|██▋       | 791/3000 [08:39<22:23,  1.64it/s]
qwen2.5-vl/pope/ricd/coco/adversarial/seed1:  26%|██▋       | 792/3000 [08:40<22:23,  1.64it/s]
qwen2.5-vl/pope/ricd/coco/adversarial/seed1:  26%|██▋       | 793/3000 [08:40<21:55,  1.68it/s]
qwen2.5-vl/pope/ricd/coco/adversarial/seed1:  26%|██▋       | 794/3000 [08:41<21:37,  1.70it/s]
qwen2.5-vl/pope/ricd/coco/adversarial/seed1:  26%|██▋       | 795/3000 [08:41<21:23,  1.72it/s]
qwen2.5-vl/pope/ricd/coco/adversarial/seed1:  27%|██▋       | 796/3000 [08:42<21:13,  1.73it/s]
qwen2.5-vl/pope/ricd/coco/adversarial/seed1:  27%|██▋       | 797/3000 [08:43<21:01,  1.75it/s]
qwen2.5-vl/pope/ricd/coco/adversarial/seed1:  27%|██▋       | 798/3000 [08:43<20:55,  1.75it/s]
qwen2.5-vl/pope/ricd/coco/adversarial/seed1:  27%|██▋       | 799/3000 [08:44<24:29,  1.50it/s]
qwen2.5-vl/pope/ricd/coco/adversarial/seed1:  27%|██▋       | 800/3000 [08:45<26:56,  1.36it/s]
qwen2.5-vl/pope/ricd/coco/adversarial/seed1:  27%|██▋       | 801/3000 [08:46<28:44,  1.28it/s]
qwen2.5-vl/pope/ricd/coco/adversarial/seed1:  27%|██▋       | 802/3000 [08:47<30:00,  1.22it/s]
qwen2.5-vl/pope/ricd/coco/adversarial/seed1:  27%|██▋       | 803/3000 [08:48<30:46,  1.19it/s]
qwen2.5-vl/pope/ricd/coco/adversarial/seed1:  27%|██▋       | 804/3000 [08:49<31:16,  1.17it/s]
qwen2.5-vl/pope/ricd/coco/adversarial/seed1:  27%|██▋       | 805/3000 [08:49<28:02,  1.30it/s]
qwen2.5-vl/pope/ricd/coco/adversarial/seed1:  27%|██▋       | 806/3000 [08:50<25:49,  1.42it/s]
qwen2.5-vl/pope/ricd/coco/adversarial/seed1:  27%|██▋       | 807/3000 [08:50<24:16,  1.51it/s]
qwen2.5-vl/pope/ricd/coco/adversarial/seed1:  27%|██▋       | 808/3000 [08:51<23:09,  1.58it/s]
qwen2.5-vl/pope/ricd/coco/adversarial/seed1:  27%|██▋       | 809/3000 [08:51<22:21,  1.63it/s]
qwen2.5-vl/pope/ricd/coco/adversarial/seed1:  27%|██▋       | 810/3000 [08:52<21:49,  1.67it/s]
qwen2.5-vl/pope/ricd/coco/adversarial/seed1:  27%|██▋       | 811/3000 [08:53<23:14,  1.57it/s]
qwen2.5-vl/pope/ricd/coco/adversarial/seed1:  27%|██▋       | 812/3000 [08:53<24:13,  1.51it/s]
qwen2.5-vl/pope/ricd/coco/adversarial/seed1:  27%|██▋       | 813/3000 [08:54<24:56,  1.46it/s]
qwen2.5-vl/pope/ricd/coco/adversarial/seed1:  27%|██▋       | 814/3000 [08:55<25:23,  1.43it/s]
qwen2.5-vl/pope/ricd/coco/adversarial/seed1:  27%|██▋       | 815/3000 [08:56<25:45,  1.41it/s]
qwen2.5-vl/pope/ricd/coco/adversarial/seed1:  27%|██▋       | 816/3000 [08:56<25:58,  1.40it/s]
qwen2.5-vl/pope/ricd/coco/adversarial/seed1:  27%|██▋       | 817/3000 [08:57<26:14,  1.39it/s]
qwen2.5-vl/pope/ricd/coco/adversarial/seed1:  27%|██▋       | 818/3000 [08:58<26:18,  1.38it/s]
qwen2.5-vl/pope/ricd/coco/adversarial/seed1:  27%|██▋       | 819/3000 [08:58<26:19,  1.38it/s]
qwen2.5-vl/pope/ricd/coco/adversarial/seed1:  27%|██▋       | 820/3000 [08:59<26:20,  1.38it/s]
qwen2.5-vl/pope/ricd/coco/adversarial/seed1:  27%|██▋       | 821/3000 [09:00<26:37,  1.36it/s]
qwen2.5-vl/pope/ricd/coco/adversarial/seed1:  27%|██▋       | 822/3000 [09:01<26:38,  1.36it/s]
qwen2.5-vl/pope/ricd/coco/adversarial/seed1:  27%|██▋       | 823/3000 [09:01<25:16,  1.44it/s]
qwen2.5-vl/pope/ricd/coco/adversarial/seed1:  27%|██▋       | 824/3000 [09:02<24:16,  1.49it/s]
qwen2.5-vl/pope/ricd/coco/adversarial/seed1:  28%|██▊       | 825/3000 [09:03<23:39,  1.53it/s]
qwen2.5-vl/pope/ricd/coco/adversarial/seed1:  28%|██▊       | 826/3000 [09:03<23:11,  1.56it/s]
qwen2.5-vl/pope/ricd/coco/adversarial/seed1:  28%|██▊       | 827/3000 [09:04<22:50,  1.59it/s]
qwen2.5-vl/pope/ricd/coco/adversarial/seed1:  28%|██▊       | 828/3000 [09:04<22:33,  1.61it/s]
qwen2.5-vl/pope/ricd/coco/adversarial/seed1:  28%|██▊       | 829/3000 [09:05<22:23,  1.62it/s]
qwen2.5-vl/pope/ricd/coco/adversarial/seed1:  28%|██▊       | 830/3000 [09:06<22:15,  1.62it/s]
qwen2.5-vl/pope/ricd/coco/adversarial/seed1:  28%|██▊       | 831/3000 [09:06<22:12,  1.63it/s]
qwen2.5-vl/pope/ricd/coco/adversarial/seed1:  28%|██▊       | 832/3000 [09:07<22:09,  1.63it/s]
qwen2.5-vl/pope/ricd/coco/adversarial/seed1:  28%|██▊       | 833/3000 [09:07<22:07,  1.63it/s]
qwen2.5-vl/pope/ricd/coco/adversarial/seed1:  28%|██▊       | 834/3000 [09:08<22:04,  1.64it/s]
qwen2.5-vl/pope/ricd/coco/adversarial/seed1:  28%|██▊       | 835/3000 [09:09<25:06,  1.44it/s]
qwen2.5-vl/pope/ricd/coco/adversarial/seed1:  28%|██▊       | 836/3000 [09:10<27:17,  1.32it/s]
qwen2.5-vl/pope/ricd/coco/adversarial/seed1:  28%|██▊       | 837/3000 [09:11<28:48,  1.25it/s]
qwen2.5-vl/pope/ricd/coco/adversarial/seed1:  28%|██▊       | 838/3000 [09:12<29:41,  1.21it/s]
qwen2.5-vl/pope/ricd/coco/adversarial/seed1:  28%|██▊       | 839/3000 [09:12<30:13,  1.19it/s]
qwen2.5-vl/pope/ricd/coco/adversarial/seed1:  28%|██▊       | 840/3000 [09:13<30:38,  1.17it/s]
qwen2.5-vl/pope/ricd/coco/adversarial/seed1:  28%|██▊       | 841/3000 [09:14<29:09,  1.23it/s]
qwen2.5-vl/pope/ricd/coco/adversarial/seed1:  28%|██▊       | 842/3000 [09:15<28:07,  1.28it/s]
qwen2.5-vl/pope/ricd/coco/adversarial/seed1:  28%|██▊       | 843/3000 [09:15<27:24,  1.31it/s]
qwen2.5-vl/pope/ricd/coco/adversarial/seed1:  28%|██▊       | 844/3000 [09:16<26:54,  1.34it/s]
qwen2.5-vl/pope/ricd/coco/adversarial/seed1:  28%|██▊       | 845/3000 [09:17<26:32,  1.35it/s]
qwen2.5-vl/pope/ricd/coco/adversarial/seed1:  28%|██▊       | 846/3000 [09:18<26:18,  1.36it/s]
qwen2.5-vl/pope/ricd/coco/adversarial/seed1:  28%|██▊       | 847/3000 [09:18<26:14,  1.37it/s]
qwen2.5-vl/pope/ricd/coco/adversarial/seed1:  28%|██▊       | 848/3000 [09:19<26:09,  1.37it/s]
qwen2.5-vl/pope/ricd/coco/adversarial/seed1:  28%|██▊       | 849/3000 [09:20<26:04,  1.37it/s]
qwen2.5-vl/pope/ricd/coco/adversarial/seed1:  28%|██▊       | 850/3000 [09:21<25:59,  1.38it/s]
qwen2.5-vl/pope/ricd/coco/adversarial/seed1:  28%|██▊       | 851/3000 [09:21<25:58,  1.38it/s]
qwen2.5-vl/pope/ricd/coco/adversarial/seed1:  28%|██▊       | 852/3000 [09:22<25:55,  1.38it/s]
qwen2.5-vl/pope/ricd/coco/adversarial/seed1:  28%|██▊       | 853/3000 [09:23<24:37,  1.45it/s]
qwen2.5-vl/pope/ricd/coco/adversarial/seed1:  28%|██▊       | 854/3000 [09:23<23:40,  1.51it/s]
qwen2.5-vl/pope/ricd/coco/adversarial/seed1:  28%|██▊       | 855/3000 [09:24<23:00,  1.55it/s]
qwen2.5-vl/pope/ricd/coco/adversarial/seed1:  29%|██▊       | 856/3000 [09:24<22:33,  1.58it/s]
qwen2.5-vl/pope/ricd/coco/adversarial/seed1:  29%|██▊       | 857/3000 [09:25<22:13,  1.61it/s]
qwen2.5-vl/pope/ricd/coco/adversarial/seed1:  29%|██▊       | 858/3000 [09:26<21:59,  1.62it/s]
qwen2.5-vl/pope/ricd/coco/adversarial/seed1:  29%|██▊       | 859/3000 [09:26<21:49,  1.64it/s]
qwen2.5-vl/pope/ricd/coco/adversarial/seed1:  29%|██▊       | 860/3000 [09:27<21:40,  1.65it/s]
qwen2.5-vl/pope/ricd/coco/adversarial/seed1:  29%|██▊       | 861/3000 [09:27<21:37,  1.65it/s]
qwen2.5-vl/pope/ricd/coco/adversarial/seed1:  29%|██▊       | 862/3000 [09:28<21:32,  1.65it/s]
qwen2.5-vl/pope/ricd/coco/adversarial/seed1:  29%|██▉       | 863/3000 [09:29<21:30,  1.66it/s]
qwen2.5-vl/pope/ricd/coco/adversarial/seed1:  29%|██▉       | 864/3000 [09:29<21:28,  1.66it/s]
qwen2.5-vl/pope/ricd/coco/adversarial/seed1:  29%|██▉       | 865/3000 [09:30<21:27,  1.66it/s]
qwen2.5-vl/pope/ricd/coco/adversarial/seed1:  29%|██▉       | 866/3000 [09:30<21:25,  1.66it/s]
qwen2.5-vl/pope/ricd/coco/adversarial/seed1:  29%|██▉       | 867/3000 [09:31<21:23,  1.66it/s]
qwen2.5-vl/pope/ricd/coco/adversarial/seed1:  29%|██▉       | 868/3000 [09:32<21:23,  1.66it/s]
qwen2.5-vl/pope/ricd/coco/adversarial/seed1:  29%|██▉       | 869/3000 [09:32<21:21,  1.66it/s]
qwen2.5-vl/pope/ricd/coco/adversarial/seed1:  29%|██▉       | 870/3000 [09:33<21:20,  1.66it/s]
qwen2.5-vl/pope/ricd/coco/adversarial/seed1:  29%|██▉       | 871/3000 [09:33<20:54,  1.70it/s]
qwen2.5-vl/pope/ricd/coco/adversarial/seed1:  29%|██▉       | 872/3000 [09:34<20:37,  1.72it/s]
qwen2.5-vl/pope/ricd/coco/adversarial/seed1:  29%|██▉       | 873/3000 [09:34<20:25,  1.74it/s]
qwen2.5-vl/pope/ricd/coco/adversarial/seed1:  29%|██▉       | 874/3000 [09:35<20:18,  1.75it/s]
qwen2.5-vl/pope/ricd/coco/adversarial/seed1:  29%|██▉       | 875/3000 [09:36<20:13,  1.75it/s]
qwen2.5-vl/pope/ricd/coco/adversarial/seed1:  29%|██▉       | 876/3000 [09:36<20:07,  1.76it/s]
qwen2.5-vl/pope/ricd/coco/adversarial/seed1:  29%|██▉       | 877/3000 [09:37<20:29,  1.73it/s]
qwen2.5-vl/pope/ricd/coco/adversarial/seed1:  29%|██▉       | 878/3000 [09:37<20:44,  1.71it/s]
qwen2.5-vl/pope/ricd/coco/adversarial/seed1:  29%|██▉       | 879/3000 [09:38<20:55,  1.69it/s]
qwen2.5-vl/pope/ricd/coco/adversarial/seed1:  29%|██▉       | 880/3000 [09:39<21:01,  1.68it/s]
qwen2.5-vl/pope/ricd/coco/adversarial/seed1:  29%|██▉       | 881/3000 [09:39<21:06,  1.67it/s]
qwen2.5-vl/pope/ricd/coco/adversarial/seed1:  29%|██▉       | 882/3000 [09:40<21:10,  1.67it/s]
qwen2.5-vl/pope/ricd/coco/adversarial/seed1:  29%|██▉       | 883/3000 [09:40<22:07,  1.59it/s]
qwen2.5-vl/pope/ricd/coco/adversarial/seed1:  29%|██▉       | 884/3000 [09:41<22:47,  1.55it/s]
qwen2.5-vl/pope/ricd/coco/adversarial/seed1:  30%|██▉       | 885/3000 [09:42<23:14,  1.52it/s]
qwen2.5-vl/pope/ricd/coco/adversarial/seed1:  30%|██▉       | 886/3000 [09:43<23:33,  1.50it/s]
qwen2.5-vl/pope/ricd/coco/adversarial/seed1:  30%|██▉       | 887/3000 [09:43<23:46,  1.48it/s]
qwen2.5-vl/pope/ricd/coco/adversarial/seed1:  30%|██▉       | 888/3000 [09:44<23:57,  1.47it/s]
qwen2.5-vl/pope/ricd/coco/adversarial/seed1:  30%|██▉       | 889/3000 [09:45<23:10,  1.52it/s]
qwen2.5-vl/pope/ricd/coco/adversarial/seed1:  30%|██▉       | 890/3000 [09:45<22:34,  1.56it/s]
qwen2.5-vl/pope/ricd/coco/adversarial/seed1:  30%|██▉       | 891/3000 [09:46<22:08,  1.59it/s]
qwen2.5-vl/pope/ricd/coco/adversarial/seed1:  30%|██▉       | 892/3000 [09:46<21:54,  1.60it/s]
qwen2.5-vl/pope/ricd/coco/adversarial/seed1:  30%|██▉       | 893/3000 [09:47<21:41,  1.62it/s]
qwen2.5-vl/pope/ricd/coco/adversarial/seed1:  30%|██▉       | 894/3000 [09:48<21:31,  1.63it/s]
qwen2.5-vl/pope/ricd/coco/adversarial/seed1:  30%|██▉       | 895/3000 [09:48<22:46,  1.54it/s]
qwen2.5-vl/pope/ricd/coco/adversarial/seed1:  30%|██▉       | 896/3000 [09:49<23:37,  1.48it/s]
qwen2.5-vl/pope/ricd/coco/adversarial/seed1:  30%|██▉       | 897/3000 [09:50<24:10,  1.45it/s]
qwen2.5-vl/pope/ricd/coco/adversarial/seed1:  30%|██▉       | 898/3000 [09:50<24:34,  1.43it/s]
qwen2.5-vl/pope/ricd/coco/adversarial/seed1:  30%|██▉       | 899/3000 [09:51<24:49,  1.41it/s]
qwen2.5-vl/pope/ricd/coco/adversarial/seed1:  30%|███       | 900/3000 [09:52<25:00,  1.40it/s]
qwen2.5-vl/pope/ricd/coco/adversarial/seed1:  30%|███       | 901/3000 [09:53<25:06,  1.39it/s]
qwen2.5-vl/pope/ricd/coco/adversarial/seed1:  30%|███       | 902/3000 [09:53<25:11,  1.39it/s]
qwen2.5-vl/pope/ricd/coco/adversarial/seed1:  30%|███       | 903/3000 [09:54<25:13,  1.39it/s]
qwen2.5-vl/pope/ricd/coco/adversarial/seed1:  30%|███       | 904/3000 [09:55<25:14,  1.38it/s]
qwen2.5-vl/pope/ricd/coco/adversarial/seed1:  30%|███       | 905/3000 [09:56<25:15,  1.38it/s]
qwen2.5-vl/pope/ricd/coco/adversarial/seed1:  30%|███       | 906/3000 [09:56<25:15,  1.38it/s]
qwen2.5-vl/pope/ricd/coco/adversarial/seed1:  30%|███       | 907/3000 [09:57<23:34,  1.48it/s]
qwen2.5-vl/pope/ricd/coco/adversarial/seed1:  30%|███       | 908/3000 [09:57<22:25,  1.55it/s]
qwen2.5-vl/pope/ricd/coco/adversarial/seed1:  30%|███       | 909/3000 [09:58<21:34,  1.62it/s]
qwen2.5-vl/pope/ricd/coco/adversarial/seed1:  30%|███       | 910/3000 [09:59<20:59,  1.66it/s]
qwen2.5-vl/pope/ricd/coco/adversarial/seed1:  30%|███       | 911/3000 [09:59<20:33,  1.69it/s]
qwen2.5-vl/pope/ricd/coco/adversarial/seed1:  30%|███       | 912/3000 [10:00<20:15,  1.72it/s]
qwen2.5-vl/pope/ricd/coco/adversarial/seed1:  30%|███       | 913/3000 [10:00<21:33,  1.61it/s]
qwen2.5-vl/pope/ricd/coco/adversarial/seed1:  30%|███       | 914/3000 [10:01<22:33,  1.54it/s]
qwen2.5-vl/pope/ricd/coco/adversarial/seed1:  30%|███       | 915/3000 [10:02<23:12,  1.50it/s]
qwen2.5-vl/pope/ricd/coco/adversarial/seed1:  31%|███       | 916/3000 [10:03<23:37,  1.47it/s]
qwen2.5-vl/pope/ricd/coco/adversarial/seed1:  31%|███       | 917/3000 [10:03<23:54,  1.45it/s]
qwen2.5-vl/pope/ricd/coco/adversarial/seed1:  31%|███       | 918/3000 [10:04<24:05,  1.44it/s]
qwen2.5-vl/pope/ricd/coco/adversarial/seed1:  31%|███       | 919/3000 [10:05<23:11,  1.50it/s]
qwen2.5-vl/pope/ricd/coco/adversarial/seed1:  31%|███       | 920/3000 [10:05<22:30,  1.54it/s]
qwen2.5-vl/pope/ricd/coco/adversarial/seed1:  31%|███       | 921/3000 [10:06<22:02,  1.57it/s]
qwen2.5-vl/pope/ricd/coco/adversarial/seed1:  31%|███       | 922/3000 [10:06<21:42,  1.60it/s]
qwen2.5-vl/pope/ricd/coco/adversarial/seed1:  31%|███       | 923/3000 [10:07<21:28,  1.61it/s]
qwen2.5-vl/pope/ricd/coco/adversarial/seed1:  31%|███       | 924/3000 [10:08<21:19,  1.62it/s]
qwen2.5-vl/pope/ricd/coco/adversarial/seed1:  31%|███       | 925/3000 [10:08<21:11,  1.63it/s]
qwen2.5-vl/pope/ricd/coco/adversarial/seed1:  31%|███       | 926/3000 [10:09<21:06,  1.64it/s]
qwen2.5-vl/pope/ricd/coco/adversarial/seed1:  31%|███       | 927/3000 [10:09<21:02,  1.64it/s]
qwen2.5-vl/pope/ricd/coco/adversarial/seed1:  31%|███       | 928/3000 [10:10<20:59,  1.65it/s]
qwen2.5-vl/pope/ricd/coco/adversarial/seed1:  31%|███       | 929/3000 [10:11<21:11,  1.63it/s]
qwen2.5-vl/pope/ricd/coco/adversarial/seed1:  31%|███       | 930/3000 [10:11<21:05,  1.64it/s]
qwen2.5-vl/pope/ricd/coco/adversarial/seed1:  31%|███       | 931/3000 [10:12<22:00,  1.57it/s]
qwen2.5-vl/pope/ricd/coco/adversarial/seed1:  31%|███       | 932/3000 [10:13<22:39,  1.52it/s]
qwen2.5-vl/pope/ricd/coco/adversarial/seed1:  31%|███       | 933/3000 [10:13<23:05,  1.49it/s]
qwen2.5-vl/pope/ricd/coco/adversarial/seed1:  31%|███       | 934/3000 [10:14<23:27,  1.47it/s]
qwen2.5-vl/pope/ricd/coco/adversarial/seed1:  31%|███       | 935/3000 [10:15<23:46,  1.45it/s]
qwen2.5-vl/pope/ricd/coco/adversarial/seed1:  31%|███       | 936/3000 [10:15<23:56,  1.44it/s]
qwen2.5-vl/pope/ricd/coco/adversarial/seed1:  31%|███       | 937/3000 [10:16<23:03,  1.49it/s]
qwen2.5-vl/pope/ricd/coco/adversarial/seed1:  31%|███▏      | 938/3000 [10:17<22:27,  1.53it/s]
qwen2.5-vl/pope/ricd/coco/adversarial/seed1:  31%|███▏      | 939/3000 [10:17<22:04,  1.56it/s]
qwen2.5-vl/pope/ricd/coco/adversarial/seed1:  31%|███▏      | 940/3000 [10:18<21:44,  1.58it/s]
qwen2.5-vl/pope/ricd/coco/adversarial/seed1:  31%|███▏      | 941/3000 [10:19<21:29,  1.60it/s]
qwen2.5-vl/pope/ricd/coco/adversarial/seed1:  31%|███▏      | 942/3000 [10:19<21:23,  1.60it/s]
qwen2.5-vl/pope/ricd/coco/adversarial/seed1:  31%|███▏      | 943/3000 [10:20<22:41,  1.51it/s]
qwen2.5-vl/pope/ricd/coco/adversarial/seed1:  31%|███▏      | 944/3000 [10:21<23:38,  1.45it/s]
qwen2.5-vl/pope/ricd/coco/adversarial/seed1:  32%|███▏      | 945/3000 [10:21<24:21,  1.41it/s]
qwen2.5-vl/pope/ricd/coco/adversarial/seed1:  32%|███▏      | 946/3000 [10:22<24:50,  1.38it/s]
qwen2.5-vl/pope/ricd/coco/adversarial/seed1:  32%|███▏      | 947/3000 [10:23<25:04,  1.36it/s]
qwen2.5-vl/pope/ricd/coco/adversarial/seed1:  32%|███▏      | 948/3000 [10:24<25:17,  1.35it/s]
qwen2.5-vl/pope/ricd/coco/adversarial/seed1:  32%|███▏      | 949/3000 [10:24<23:59,  1.42it/s]
qwen2.5-vl/pope/ricd/coco/adversarial/seed1:  32%|███▏      | 950/3000 [10:25<23:06,  1.48it/s]
qwen2.5-vl/pope/ricd/coco/adversarial/seed1:  32%|███▏      | 951/3000 [10:26<22:25,  1.52it/s]
qwen2.5-vl/pope/ricd/coco/adversarial/seed1:  32%|███▏      | 952/3000 [10:26<21:59,  1.55it/s]
qwen2.5-vl/pope/ricd/coco/adversarial/seed1:  32%|███▏      | 953/3000 [10:27<21:44,  1.57it/s]
qwen2.5-vl/pope/ricd/coco/adversarial/seed1:  32%|███▏      | 954/3000 [10:27<21:30,  1.59it/s]
qwen2.5-vl/pope/ricd/coco/adversarial/seed1:  32%|███▏      | 955/3000 [10:28<22:32,  1.51it/s]
qwen2.5-vl/pope/ricd/coco/adversarial/seed1:  32%|███▏      | 956/3000 [10:29<23:15,  1.46it/s]
qwen2.5-vl/pope/ricd/coco/adversarial/seed1:  32%|███▏      | 957/3000 [10:30<23:45,  1.43it/s]
qwen2.5-vl/pope/ricd/coco/adversarial/seed1:  32%|███▏      | 958/3000 [10:30<24:11,  1.41it/s]
qwen2.5-vl/pope/ricd/coco/adversarial/seed1:  32%|███▏      | 959/3000 [10:31<24:20,  1.40it/s]
qwen2.5-vl/pope/ricd/coco/adversarial/seed1:  32%|███▏      | 960/3000 [10:32<24:30,  1.39it/s]
qwen2.5-vl/pope/ricd/coco/adversarial/seed1:  32%|███▏      | 961/3000 [10:32<23:22,  1.45it/s]
qwen2.5-vl/pope/ricd/coco/adversarial/seed1:  32%|███▏      | 962/3000 [10:33<22:34,  1.50it/s]
qwen2.5-vl/pope/ricd/coco/adversarial/seed1:  32%|███▏      | 963/3000 [10:34<22:02,  1.54it/s]
qwen2.5-vl/pope/ricd/coco/adversarial/seed1:  32%|███▏      | 964/3000 [10:34<21:42,  1.56it/s]
qwen2.5-vl/pope/ricd/coco/adversarial/seed1:  32%|███▏      | 965/3000 [10:35<21:32,  1.57it/s]
qwen2.5-vl/pope/ricd/coco/adversarial/seed1:  32%|███▏      | 966/3000 [10:35<21:20,  1.59it/s]
qwen2.5-vl/pope/ricd/coco/adversarial/seed1:  32%|███▏      | 967/3000 [10:36<18:30,  1.83it/s]
qwen2.5-vl/pope/ricd/coco/adversarial/seed1:  32%|███▏      | 968/3000 [10:36<16:27,  2.06it/s]
qwen2.5-vl/pope/ricd/coco/adversarial/seed1:  32%|███▏      | 969/3000 [10:37<15:05,  2.24it/s]
qwen2.5-vl/pope/ricd/coco/adversarial/seed1:  32%|███▏      | 970/3000 [10:37<14:06,  2.40it/s]
qwen2.5-vl/pope/ricd/coco/adversarial/seed1:  32%|███▏      | 971/3000 [10:37<13:27,  2.51it/s]
qwen2.5-vl/pope/ricd/coco/adversarial/seed1:  32%|███▏      | 972/3000 [10:38<12:57,  2.61it/s]
qwen2.5-vl/pope/ricd/coco/adversarial/seed1:  32%|███▏      | 973/3000 [10:38<14:48,  2.28it/s]
qwen2.5-vl/pope/ricd/coco/adversarial/seed1:  32%|███▏      | 974/3000 [10:39<16:19,  2.07it/s]
qwen2.5-vl/pope/ricd/coco/adversarial/seed1:  32%|███▎      | 975/3000 [10:39<17:21,  1.94it/s]
qwen2.5-vl/pope/ricd/coco/adversarial/seed1:  33%|███▎      | 976/3000 [10:40<18:05,  1.86it/s]
qwen2.5-vl/pope/ricd/coco/adversarial/seed1:  33%|███▎      | 977/3000 [10:40<18:35,  1.81it/s]
qwen2.5-vl/pope/ricd/coco/adversarial/seed1:  33%|███▎      | 978/3000 [10:41<18:47,  1.79it/s]
qwen2.5-vl/pope/ricd/coco/adversarial/seed1:  33%|███▎      | 979/3000 [10:42<19:18,  1.75it/s]
qwen2.5-vl/pope/ricd/coco/adversarial/seed1:  33%|███▎      | 980/3000 [10:42<19:39,  1.71it/s]
qwen2.5-vl/pope/ricd/coco/adversarial/seed1:  33%|███▎      | 981/3000 [10:43<19:55,  1.69it/s]
qwen2.5-vl/pope/ricd/coco/adversarial/seed1:  33%|███▎      | 982/3000 [10:43<20:10,  1.67it/s]
qwen2.5-vl/pope/ricd/coco/adversarial/seed1:  33%|███▎      | 983/3000 [10:44<20:32,  1.64it/s]
qwen2.5-vl/pope/ricd/coco/adversarial/seed1:  33%|███▎      | 984/3000 [10:45<20:45,  1.62it/s]
qwen2.5-vl/pope/ricd/coco/adversarial/seed1:  33%|███▎      | 985/3000 [10:46<23:54,  1.41it/s]
qwen2.5-vl/pope/ricd/coco/adversarial/seed1:  33%|███▎      | 986/3000 [10:47<25:42,  1.31it/s]
qwen2.5-vl/pope/ricd/coco/adversarial/seed1:  33%|███▎      | 987/3000 [10:47<26:59,  1.24it/s]
qwen2.5-vl/pope/ricd/coco/adversarial/seed1:  33%|███▎      | 988/3000 [10:48<27:49,  1.21it/s]
qwen2.5-vl/pope/ricd/coco/adversarial/seed1:  33%|███▎      | 989/3000 [10:50<33:02,  1.01it/s]
qwen2.5-vl/pope/ricd/coco/adversarial/seed1:  33%|███▎      | 990/3000 [10:51<32:02,  1.05it/s]
qwen2.5-vl/pope/ricd/coco/adversarial/seed1:  33%|███▎      | 991/3000 [10:51<28:45,  1.16it/s]
qwen2.5-vl/pope/ricd/coco/adversarial/seed1:  33%|███▎      | 992/3000 [10:52<26:35,  1.26it/s]
qwen2.5-vl/pope/ricd/coco/adversarial/seed1:  33%|███▎      | 993/3000 [10:53<25:03,  1.33it/s]
qwen2.5-vl/pope/ricd/coco/adversarial/seed1:  33%|███▎      | 994/3000 [10:53<23:55,  1.40it/s]
qwen2.5-vl/pope/ricd/coco/adversarial/seed1:  33%|███▎      | 995/3000 [10:54<22:55,  1.46it/s]
qwen2.5-vl/pope/ricd/coco/adversarial/seed1:  33%|███▎      | 996/3000 [10:54<22:09,  1.51it/s]
qwen2.5-vl/pope/ricd/coco/adversarial/seed1:  33%|███▎      | 997/3000 [10:55<22:57,  1.45it/s]
qwen2.5-vl/pope/ricd/coco/adversarial/seed1:  33%|███▎      | 998/3000 [10:56<23:24,  1.43it/s]
qwen2.5-vl/pope/ricd/coco/adversarial/seed1:  33%|███▎      | 999/3000 [10:57<23:39,  1.41it/s]
qwen2.5-vl/pope/ricd/coco/adversarial/seed1:  33%|███▎      | 1000/3000 [10:57<23:51,  1.40it/s]
qwen2.5-vl/pope/ricd/coco/adversarial/seed1:  33%|███▎      | 1001/3000 [10:58<23:58,  1.39it/s]
qwen2.5-vl/pope/ricd/coco/adversarial/seed1:  33%|███▎      | 1002/3000 [10:59<24:09,  1.38it/s]
qwen2.5-vl/pope/ricd/coco/adversarial/seed1:  33%|███▎      | 1003/3000 [11:00<24:32,  1.36it/s]
qwen2.5-vl/pope/ricd/coco/adversarial/seed1:  33%|███▎      | 1004/3000 [11:00<24:43,  1.35it/s]
qwen2.5-vl/pope/ricd/coco/adversarial/seed1:  34%|███▎      | 1005/3000 [11:01<24:36,  1.35it/s]
qwen2.5-vl/pope/ricd/coco/adversarial/seed1:  34%|███▎      | 1006/3000 [11:02<24:29,  1.36it/s]
qwen2.5-vl/pope/ricd/coco/adversarial/seed1:  34%|███▎      | 1007/3000 [11:03<24:23,  1.36it/s]
qwen2.5-vl/pope/ricd/coco/adversarial/seed1:  34%|███▎      | 1008/3000 [11:03<24:18,  1.37it/s]
qwen2.5-vl/pope/ricd/coco/adversarial/seed1:  34%|███▎      | 1009/3000 [11:04<26:08,  1.27it/s]
qwen2.5-vl/pope/ricd/coco/adversarial/seed1:  34%|███▎      | 1010/3000 [11:05<27:25,  1.21it/s]
qwen2.5-vl/pope/ricd/coco/adversarial/seed1:  34%|███▎      | 1011/3000 [11:06<32:49,  1.01it/s]
qwen2.5-vl/pope/ricd/coco/adversarial/seed1:  34%|███▎      | 1012/3000 [11:07<32:05,  1.03it/s]
qwen2.5-vl/pope/ricd/coco/adversarial/seed1:  34%|███▍      | 1013/3000 [11:08<31:32,  1.05it/s]
qwen2.5-vl/pope/ricd/coco/adversarial/seed1:  34%|███▍      | 1014/3000 [11:09<31:08,  1.06it/s]
qwen2.5-vl/pope/ricd/coco/adversarial/seed1:  34%|███▍      | 1015/3000 [11:10<29:03,  1.14it/s]
qwen2.5-vl/pope/ricd/coco/adversarial/seed1:  34%|███▍      | 1016/3000 [11:11<27:33,  1.20it/s]
qwen2.5-vl/pope/ricd/coco/adversarial/seed1:  34%|███▍      | 1017/3000 [11:11<26:31,  1.25it/s]
qwen2.5-vl/pope/ricd/coco/adversarial/seed1:  34%|███▍      | 1018/3000 [11:12<25:57,  1.27it/s]
qwen2.5-vl/pope/ricd/coco/adversarial/seed1:  34%|███▍      | 1019/3000 [11:13<25:44,  1.28it/s]
qwen2.5-vl/pope/ricd/coco/adversarial/seed1:  34%|███▍      | 1020/3000 [11:14<25:37,  1.29it/s]
qwen2.5-vl/pope/ricd/coco/adversarial/seed1:  34%|███▍      | 1021/3000 [11:14<24:16,  1.36it/s]
qwen2.5-vl/pope/ricd/coco/adversarial/seed1:  34%|███▍      | 1022/3000 [11:15<23:02,  1.43it/s]
qwen2.5-vl/pope/ricd/coco/adversarial/seed1:  34%|███▍      | 1023/3000 [11:16<22:11,  1.49it/s]
qwen2.5-vl/pope/ricd/coco/adversarial/seed1:  34%|███▍      | 1024/3000 [11:16<21:34,  1.53it/s]
qwen2.5-vl/pope/ricd/coco/adversarial/seed1:  34%|███▍      | 1025/3000 [11:17<21:09,  1.56it/s]
qwen2.5-vl/pope/ricd/coco/adversarial/seed1:  34%|███▍      | 1026/3000 [11:17<20:54,  1.57it/s]
qwen2.5-vl/pope/ricd/coco/adversarial/seed1:  34%|███▍      | 1027/3000 [11:18<22:05,  1.49it/s]
qwen2.5-vl/pope/ricd/coco/adversarial/seed1:  34%|███▍      | 1028/3000 [11:19<22:52,  1.44it/s]
qwen2.5-vl/pope/ricd/coco/adversarial/seed1:  34%|███▍      | 1029/3000 [11:20<23:23,  1.40it/s]
qwen2.5-vl/pope/ricd/coco/adversarial/seed1:  34%|███▍      | 1030/3000 [11:20<23:50,  1.38it/s]
qwen2.5-vl/pope/ricd/coco/adversarial/seed1:  34%|███▍      | 1031/3000 [11:21<24:02,  1.37it/s]
qwen2.5-vl/pope/ricd/coco/adversarial/seed1:  34%|███▍      | 1032/3000 [11:22<24:07,  1.36it/s]
qwen2.5-vl/pope/ricd/coco/adversarial/seed1:  34%|███▍      | 1033/3000 [11:22<22:26,  1.46it/s]
qwen2.5-vl/pope/ricd/coco/adversarial/seed1:  34%|███▍      | 1034/3000 [11:23<21:12,  1.54it/s]
qwen2.5-vl/pope/ricd/coco/adversarial/seed1:  34%|███▍      | 1035/3000 [11:24<20:22,  1.61it/s]
qwen2.5-vl/pope/ricd/coco/adversarial/seed1:  35%|███▍      | 1036/3000 [11:24<19:51,  1.65it/s]
qwen2.5-vl/pope/ricd/coco/adversarial/seed1:  35%|███▍      | 1037/3000 [11:25<19:30,  1.68it/s]
qwen2.5-vl/pope/ricd/coco/adversarial/seed1:  35%|███▍      | 1038/3000 [11:25<19:14,  1.70it/s]
qwen2.5-vl/pope/ricd/coco/adversarial/seed1:  35%|███▍      | 1039/3000 [11:26<17:14,  1.90it/s]
qwen2.5-vl/pope/ricd/coco/adversarial/seed1:  35%|███▍      | 1040/3000 [11:26<15:50,  2.06it/s]
qwen2.5-vl/pope/ricd/coco/adversarial/seed1:  35%|███▍      | 1041/3000 [11:26<14:53,  2.19it/s]
qwen2.5-vl/pope/ricd/coco/adversarial/seed1:  35%|███▍      | 1042/3000 [11:27<14:13,  2.30it/s]
qwen2.5-vl/pope/ricd/coco/adversarial/seed1:  35%|███▍      | 1043/3000 [11:27<13:44,  2.37it/s]
qwen2.5-vl/pope/ricd/coco/adversarial/seed1:  35%|███▍      | 1044/3000 [11:28<13:23,  2.43it/s]
qwen2.5-vl/pope/ricd/coco/adversarial/seed1:  35%|███▍      | 1045/3000 [11:28<15:21,  2.12it/s]
qwen2.5-vl/pope/ricd/coco/adversarial/seed1:  35%|███▍      | 1046/3000 [11:29<16:43,  1.95it/s]
qwen2.5-vl/pope/ricd/coco/adversarial/seed1:  35%|███▍      | 1047/3000 [11:29<17:41,  1.84it/s]
qwen2.5-vl/pope/ricd/coco/adversarial/seed1:  35%|███▍      | 1048/3000 [11:30<18:22,  1.77it/s]
qwen2.5-vl/pope/ricd/coco/adversarial/seed1:  35%|███▍      | 1049/3000 [11:31<18:51,  1.72it/s]
qwen2.5-vl/pope/ricd/coco/adversarial/seed1:  35%|███▌      | 1050/3000 [11:31<19:09,  1.70it/s]
qwen2.5-vl/pope/ricd/coco/adversarial/seed1:  35%|███▌      | 1051/3000 [11:32<20:35,  1.58it/s]
qwen2.5-vl/pope/ricd/coco/adversarial/seed1:  35%|███▌      | 1052/3000 [11:33<21:33,  1.51it/s]
qwen2.5-vl/pope/ricd/coco/adversarial/seed1:  35%|███▌      | 1053/3000 [11:33<22:08,  1.47it/s]
qwen2.5-vl/pope/ricd/coco/adversarial/seed1:  35%|███▌      | 1054/3000 [11:34<22:33,  1.44it/s]
qwen2.5-vl/pope/ricd/coco/adversarial/seed1:  35%|███▌      | 1055/3000 [11:35<22:50,  1.42it/s]
qwen2.5-vl/pope/ricd/coco/adversarial/seed1:  35%|███▌      | 1056/3000 [11:36<23:08,  1.40it/s]
qwen2.5-vl/pope/ricd/coco/adversarial/seed1:  35%|███▌      | 1057/3000 [11:36<22:41,  1.43it/s]
qwen2.5-vl/pope/ricd/coco/adversarial/seed1:  35%|███▌      | 1058/3000 [11:37<22:24,  1.44it/s]
qwen2.5-vl/pope/ricd/coco/adversarial/seed1:  35%|███▌      | 1059/3000 [11:38<22:14,  1.45it/s]
qwen2.5-vl/pope/ricd/coco/adversarial/seed1:  35%|███▌      | 1060/3000 [11:38<22:05,  1.46it/s]
qwen2.5-vl/pope/ricd/coco/adversarial/seed1:  35%|███▌      | 1061/3000 [11:39<21:57,  1.47it/s]
qwen2.5-vl/pope/ricd/coco/adversarial/seed1:  35%|███▌      | 1062/3000 [11:40<21:52,  1.48it/s]
qwen2.5-vl/pope/ricd/coco/adversarial/seed1:  35%|███▌      | 1063/3000 [11:40<22:24,  1.44it/s]
qwen2.5-vl/pope/ricd/coco/adversarial/seed1:  35%|███▌      | 1064/3000 [11:41<22:46,  1.42it/s]
qwen2.5-vl/pope/ricd/coco/adversarial/seed1:  36%|███▌      | 1065/3000 [11:42<23:07,  1.39it/s]
qwen2.5-vl/pope/ricd/coco/adversarial/seed1:  36%|███▌      | 1066/3000 [11:43<23:16,  1.38it/s]
qwen2.5-vl/pope/ricd/coco/adversarial/seed1:  36%|███▌      | 1067/3000 [11:43<23:21,  1.38it/s]
qwen2.5-vl/pope/ricd/coco/adversarial/seed1:  36%|███▌      | 1068/3000 [11:44<23:28,  1.37it/s]
qwen2.5-vl/pope/ricd/coco/adversarial/seed1:  36%|███▌      | 1069/3000 [11:45<23:29,  1.37it/s]
qwen2.5-vl/pope/ricd/coco/adversarial/seed1:  36%|███▌      | 1070/3000 [11:46<23:27,  1.37it/s]
qwen2.5-vl/pope/ricd/coco/adversarial/seed1:  36%|███▌      | 1071/3000 [11:46<23:23,  1.37it/s]
qwen2.5-vl/pope/ricd/coco/adversarial/seed1:  36%|███▌      | 1072/3000 [11:47<23:25,  1.37it/s]
qwen2.5-vl/pope/ricd/coco/adversarial/seed1:  36%|███▌      | 1073/3000 [11:48<23:29,  1.37it/s]
qwen2.5-vl/pope/ricd/coco/adversarial/seed1:  36%|███▌      | 1074/3000 [11:49<23:35,  1.36it/s]
qwen2.5-vl/pope/ricd/coco/adversarial/seed1:  36%|███▌      | 1075/3000 [11:49<23:28,  1.37it/s]
qwen2.5-vl/pope/ricd/coco/adversarial/seed1:  36%|███▌      | 1076/3000 [11:50<23:23,  1.37it/s]
qwen2.5-vl/pope/ricd/coco/adversarial/seed1:  36%|███▌      | 1077/3000 [11:51<23:23,  1.37it/s]
qwen2.5-vl/pope/ricd/coco/adversarial/seed1:  36%|███▌      | 1078/3000 [11:51<23:31,  1.36it/s]
qwen2.5-vl/pope/ricd/coco/adversarial/seed1:  36%|███▌      | 1079/3000 [11:52<23:29,  1.36it/s]
qwen2.5-vl/pope/ricd/coco/adversarial/seed1:  36%|███▌      | 1080/3000 [11:53<23:29,  1.36it/s]
qwen2.5-vl/pope/ricd/coco/adversarial/seed1:  36%|███▌      | 1081/3000 [11:54<22:20,  1.43it/s]
qwen2.5-vl/pope/ricd/coco/adversarial/seed1:  36%|███▌      | 1082/3000 [11:54<21:22,  1.50it/s]
qwen2.5-vl/pope/ricd/coco/adversarial/seed1:  36%|███▌      | 1083/3000 [11:55<20:37,  1.55it/s]
qwen2.5-vl/pope/ricd/coco/adversarial/seed1:  36%|███▌      | 1084/3000 [11:55<20:04,  1.59it/s]
qwen2.5-vl/pope/ricd/coco/adversarial/seed1:  36%|███▌      | 1085/3000 [11:56<19:39,  1.62it/s]
qwen2.5-vl/pope/ricd/coco/adversarial/seed1:  36%|███▌      | 1086/3000 [11:56<19:23,  1.64it/s]
qwen2.5-vl/pope/ricd/coco/adversarial/seed1:  36%|███▌      | 1087/3000 [11:57<20:18,  1.57it/s]
qwen2.5-vl/pope/ricd/coco/adversarial/seed1:  36%|███▋      | 1088/3000 [11:58<21:01,  1.52it/s]
qwen2.5-vl/pope/ricd/coco/adversarial/seed1:  36%|███▋      | 1089/3000 [11:59<21:33,  1.48it/s]
qwen2.5-vl/pope/ricd/coco/adversarial/seed1:  36%|███▋      | 1090/3000 [11:59<21:56,  1.45it/s]
qwen2.5-vl/pope/ricd/coco/adversarial/seed1:  36%|███▋      | 1091/3000 [12:00<22:15,  1.43it/s]
qwen2.5-vl/pope/ricd/coco/adversarial/seed1:  36%|███▋      | 1092/3000 [12:01<22:25,  1.42it/s]
qwen2.5-vl/pope/ricd/coco/adversarial/seed1:  36%|███▋      | 1093/3000 [12:01<22:27,  1.42it/s]
qwen2.5-vl/pope/ricd/coco/adversarial/seed1:  36%|███▋      | 1094/3000 [12:02<22:28,  1.41it/s]
qwen2.5-vl/pope/ricd/coco/adversarial/seed1:  36%|███▋      | 1095/3000 [12:03<22:28,  1.41it/s]
qwen2.5-vl/pope/ricd/coco/adversarial/seed1:  37%|███▋      | 1096/3000 [12:04<22:27,  1.41it/s]
qwen2.5-vl/pope/ricd/coco/adversarial/seed1:  37%|███▋      | 1097/3000 [12:04<22:29,  1.41it/s]
qwen2.5-vl/pope/ricd/coco/adversarial/seed1:  37%|███▋      | 1098/3000 [12:05<22:30,  1.41it/s]
qwen2.5-vl/pope/ricd/coco/adversarial/seed1:  37%|███▋      | 1099/3000 [12:06<22:07,  1.43it/s]
qwen2.5-vl/pope/ricd/coco/adversarial/seed1:  37%|███▋      | 1100/3000 [12:06<21:46,  1.45it/s]
qwen2.5-vl/pope/ricd/coco/adversarial/seed1:  37%|███▋      | 1101/3000 [12:07<21:29,  1.47it/s]
qwen2.5-vl/pope/ricd/coco/adversarial/seed1:  37%|███▋      | 1102/3000 [12:08<21:18,  1.48it/s]
qwen2.5-vl/pope/ricd/coco/adversarial/seed1:  37%|███▋      | 1103/3000 [12:08<21:16,  1.49it/s]
qwen2.5-vl/pope/ricd/coco/adversarial/seed1:  37%|███▋      | 1104/3000 [12:09<21:12,  1.49it/s]
qwen2.5-vl/pope/ricd/coco/adversarial/seed1:  37%|███▋      | 1105/3000 [12:10<21:11,  1.49it/s]
qwen2.5-vl/pope/ricd/coco/adversarial/seed1:  37%|███▋      | 1106/3000 [12:10<21:08,  1.49it/s]
qwen2.5-vl/pope/ricd/coco/adversarial/seed1:  37%|███▋      | 1107/3000 [12:11<21:07,  1.49it/s]
qwen2.5-vl/pope/ricd/coco/adversarial/seed1:  37%|███▋      | 1108/3000 [12:12<21:07,  1.49it/s]
qwen2.5-vl/pope/ricd/coco/adversarial/seed1:  37%|███▋      | 1109/3000 [12:12<21:06,  1.49it/s]
qwen2.5-vl/pope/ricd/coco/adversarial/seed1:  37%|███▋      | 1110/3000 [12:13<21:04,  1.49it/s]
qwen2.5-vl/pope/ricd/coco/adversarial/seed1:  37%|███▋      | 1111/3000 [12:14<20:32,  1.53it/s]
qwen2.5-vl/pope/ricd/coco/adversarial/seed1:  37%|███▋      | 1112/3000 [12:14<20:08,  1.56it/s]
qwen2.5-vl/pope/ricd/coco/adversarial/seed1:  37%|███▋      | 1113/3000 [12:15<19:51,  1.58it/s]
qwen2.5-vl/pope/ricd/coco/adversarial/seed1:  37%|███▋      | 1114/3000 [12:15<19:41,  1.60it/s]
qwen2.5-vl/pope/ricd/coco/adversarial/seed1:  37%|███▋      | 1115/3000 [12:16<19:33,  1.61it/s]
qwen2.5-vl/pope/ricd/coco/adversarial/seed1:  37%|███▋      | 1116/3000 [12:17<19:27,  1.61it/s]
qwen2.5-vl/pope/ricd/coco/adversarial/seed1:  37%|███▋      | 1117/3000 [12:17<19:20,  1.62it/s]
qwen2.5-vl/pope/ricd/coco/adversarial/seed1:  37%|███▋      | 1118/3000 [12:18<19:13,  1.63it/s]
qwen2.5-vl/pope/ricd/coco/adversarial/seed1:  37%|███▋      | 1119/3000 [12:19<19:11,  1.63it/s]
qwen2.5-vl/pope/ricd/coco/adversarial/seed1:  37%|███▋      | 1120/3000 [12:19<19:13,  1.63it/s]
qwen2.5-vl/pope/ricd/coco/adversarial/seed1:  37%|███▋      | 1121/3000 [12:20<19:12,  1.63it/s]
qwen2.5-vl/pope/ricd/coco/adversarial/seed1:  37%|███▋      | 1122/3000 [12:20<19:15,  1.62it/s]
qwen2.5-vl/pope/ricd/coco/adversarial/seed1:  37%|███▋      | 1123/3000 [12:21<19:14,  1.63it/s]
qwen2.5-vl/pope/ricd/coco/adversarial/seed1:  37%|███▋      | 1124/3000 [12:22<19:13,  1.63it/s]
qwen2.5-vl/pope/ricd/coco/adversarial/seed1:  38%|███▊      | 1125/3000 [12:22<19:10,  1.63it/s]
qwen2.5-vl/pope/ricd/coco/adversarial/seed1:  38%|███▊      | 1126/3000 [12:23<19:10,  1.63it/s]
qwen2.5-vl/pope/ricd/coco/adversarial/seed1:  38%|███▊      | 1127/3000 [12:23<19:10,  1.63it/s]
qwen2.5-vl/pope/ricd/coco/adversarial/seed1:  38%|███▊      | 1128/3000 [12:24<19:08,  1.63it/s]
qwen2.5-vl/pope/ricd/coco/adversarial/seed1:  38%|███▊      | 1129/3000 [12:25<20:15,  1.54it/s]
qwen2.5-vl/pope/ricd/coco/adversarial/seed1:  38%|███▊      | 1130/3000 [12:26<21:02,  1.48it/s]
qwen2.5-vl/pope/ricd/coco/adversarial/seed1:  38%|███▊      | 1131/3000 [12:26<21:36,  1.44it/s]
qwen2.5-vl/pope/ricd/coco/adversarial/seed1:  38%|███▊      | 1132/3000 [12:27<21:58,  1.42it/s]
qwen2.5-vl/pope/ricd/coco/adversarial/seed1:  38%|███▊      | 1133/3000 [12:28<22:13,  1.40it/s]
qwen2.5-vl/pope/ricd/coco/adversarial/seed1:  38%|███▊      | 1134/3000 [12:28<22:24,  1.39it/s]
qwen2.5-vl/pope/ricd/coco/adversarial/seed1:  38%|███▊      | 1135/3000 [12:29<22:27,  1.38it/s]
qwen2.5-vl/pope/ricd/coco/adversarial/seed1:  38%|███▊      | 1136/3000 [12:30<22:28,  1.38it/s]
qwen2.5-vl/pope/ricd/coco/adversarial/seed1:  38%|███▊      | 1137/3000 [12:31<22:27,  1.38it/s]
qwen2.5-vl/pope/ricd/coco/adversarial/seed1:  38%|███▊      | 1138/3000 [12:31<22:32,  1.38it/s]
qwen2.5-vl/pope/ricd/coco/adversarial/seed1:  38%|███▊      | 1139/3000 [12:32<22:36,  1.37it/s]
qwen2.5-vl/pope/ricd/coco/adversarial/seed1:  38%|███▊      | 1140/3000 [12:33<22:37,  1.37it/s]
qwen2.5-vl/pope/ricd/coco/adversarial/seed1:  38%|███▊      | 1141/3000 [12:34<24:10,  1.28it/s]
qwen2.5-vl/pope/ricd/coco/adversarial/seed1:  38%|███▊      | 1142/3000 [12:35<25:16,  1.22it/s]
qwen2.5-vl/pope/ricd/coco/adversarial/seed1:  38%|███▊      | 1143/3000 [12:36<25:58,  1.19it/s]
qwen2.5-vl/pope/ricd/coco/adversarial/seed1:  38%|███▊      | 1144/3000 [12:36<26:27,  1.17it/s]
qwen2.5-vl/pope/ricd/coco/adversarial/seed1:  38%|███▊      | 1145/3000 [12:37<26:47,  1.15it/s]
qwen2.5-vl/pope/ricd/coco/adversarial/seed1:  38%|███▊      | 1146/3000 [12:38<27:01,  1.14it/s]
qwen2.5-vl/pope/ricd/coco/adversarial/seed1:  38%|███▊      | 1147/3000 [12:39<25:43,  1.20it/s]
qwen2.5-vl/pope/ricd/coco/adversarial/seed1:  38%|███▊      | 1148/3000 [12:40<24:45,  1.25it/s]
qwen2.5-vl/pope/ricd/coco/adversarial/seed1:  38%|███▊      | 1149/3000 [12:40<24:06,  1.28it/s]
qwen2.5-vl/pope/ricd/coco/adversarial/seed1:  38%|███▊      | 1150/3000 [12:41<23:36,  1.31it/s]
qwen2.5-vl/pope/ricd/coco/adversarial/seed1:  38%|███▊      | 1151/3000 [12:42<23:13,  1.33it/s]
qwen2.5-vl/pope/ricd/coco/adversarial/seed1:  38%|███▊      | 1152/3000 [12:43<22:58,  1.34it/s]
qwen2.5-vl/pope/ricd/coco/adversarial/seed1:  38%|███▊      | 1153/3000 [12:43<22:55,  1.34it/s]
qwen2.5-vl/pope/ricd/coco/adversarial/seed1:  38%|███▊      | 1154/3000 [12:44<22:48,  1.35it/s]
qwen2.5-vl/pope/ricd/coco/adversarial/seed1:  38%|███▊      | 1155/3000 [12:45<22:45,  1.35it/s]
qwen2.5-vl/pope/ricd/coco/adversarial/seed1:  39%|███▊      | 1156/3000 [12:46<22:40,  1.36it/s]
qwen2.5-vl/pope/ricd/coco/adversarial/seed1:  39%|███▊      | 1157/3000 [12:46<22:37,  1.36it/s]
qwen2.5-vl/pope/ricd/coco/adversarial/seed1:  39%|███▊      | 1158/3000 [12:47<22:34,  1.36it/s]
qwen2.5-vl/pope/ricd/coco/adversarial/seed1:  39%|███▊      | 1159/3000 [12:48<21:27,  1.43it/s]
qwen2.5-vl/pope/ricd/coco/adversarial/seed1:  39%|███▊      | 1160/3000 [12:48<20:38,  1.49it/s]
qwen2.5-vl/pope/ricd/coco/adversarial/seed1:  39%|███▊      | 1161/3000 [12:49<20:06,  1.52it/s]
qwen2.5-vl/pope/ricd/coco/adversarial/seed1:  39%|███▊      | 1162/3000 [12:49<19:42,  1.55it/s]
qwen2.5-vl/pope/ricd/coco/adversarial/seed1:  39%|███▉      | 1163/3000 [12:50<19:23,  1.58it/s]
qwen2.5-vl/pope/ricd/coco/adversarial/seed1:  39%|███▉      | 1164/3000 [12:51<19:12,  1.59it/s]
qwen2.5-vl/pope/ricd/coco/adversarial/seed1:  39%|███▉      | 1165/3000 [12:51<19:51,  1.54it/s]
qwen2.5-vl/pope/ricd/coco/adversarial/seed1:  39%|███▉      | 1166/3000 [12:52<20:17,  1.51it/s]
qwen2.5-vl/pope/ricd/coco/adversarial/seed1:  39%|███▉      | 1167/3000 [12:53<20:36,  1.48it/s]
qwen2.5-vl/pope/ricd/coco/adversarial/seed1:  39%|███▉      | 1168/3000 [12:54<20:53,  1.46it/s]
qwen2.5-vl/pope/ricd/coco/adversarial/seed1:  39%|███▉      | 1169/3000 [12:54<21:01,  1.45it/s]
qwen2.5-vl/pope/ricd/coco/adversarial/seed1:  39%|███▉      | 1170/3000 [12:55<21:04,  1.45it/s]
qwen2.5-vl/pope/ricd/coco/adversarial/seed1:  39%|███▉      | 1171/3000 [12:56<21:27,  1.42it/s]
qwen2.5-vl/pope/ricd/coco/adversarial/seed1:  39%|███▉      | 1172/3000 [12:56<21:42,  1.40it/s]
qwen2.5-vl/pope/ricd/coco/adversarial/seed1:  39%|███▉      | 1173/3000 [12:57<21:51,  1.39it/s]
qwen2.5-vl/pope/ricd/coco/adversarial/seed1:  39%|███▉      | 1174/3000 [12:58<21:59,  1.38it/s]
qwen2.5-vl/pope/ricd/coco/adversarial/seed1:  39%|███▉      | 1175/3000 [12:59<22:03,  1.38it/s]
qwen2.5-vl/pope/ricd/coco/adversarial/seed1:  39%|███▉      | 1176/3000 [12:59<22:04,  1.38it/s]
qwen2.5-vl/pope/ricd/coco/adversarial/seed1:  39%|███▉      | 1177/3000 [13:00<20:59,  1.45it/s]
qwen2.5-vl/pope/ricd/coco/adversarial/seed1:  39%|███▉      | 1178/3000 [13:01<20:14,  1.50it/s]
qwen2.5-vl/pope/ricd/coco/adversarial/seed1:  39%|███▉      | 1179/3000 [13:01<19:45,  1.54it/s]
qwen2.5-vl/pope/ricd/coco/adversarial/seed1:  39%|███▉      | 1180/3000 [13:02<19:24,  1.56it/s]
qwen2.5-vl/pope/ricd/coco/adversarial/seed1:  39%|███▉      | 1181/3000 [13:02<19:14,  1.58it/s]
qwen2.5-vl/pope/ricd/coco/adversarial/seed1:  39%|███▉      | 1182/3000 [13:03<19:01,  1.59it/s]
qwen2.5-vl/pope/ricd/coco/adversarial/seed1:  39%|███▉      | 1183/3000 [13:04<19:57,  1.52it/s]
qwen2.5-vl/pope/ricd/coco/adversarial/seed1:  39%|███▉      | 1184/3000 [13:04<20:39,  1.47it/s]
qwen2.5-vl/pope/ricd/coco/adversarial/seed1:  40%|███▉      | 1185/3000 [13:05<21:04,  1.44it/s]
qwen2.5-vl/pope/ricd/coco/adversarial/seed1:  40%|███▉      | 1186/3000 [13:06<21:22,  1.41it/s]
qwen2.5-vl/pope/ricd/coco/adversarial/seed1:  40%|███▉      | 1187/3000 [13:07<21:37,  1.40it/s]
qwen2.5-vl/pope/ricd/coco/adversarial/seed1:  40%|███▉      | 1188/3000 [13:07<21:40,  1.39it/s]
qwen2.5-vl/pope/ricd/coco/adversarial/seed1:  40%|███▉      | 1189/3000 [13:08<22:09,  1.36it/s]
qwen2.5-vl/pope/ricd/coco/adversarial/seed1:  40%|███▉      | 1190/3000 [13:09<22:32,  1.34it/s]
qwen2.5-vl/pope/ricd/coco/adversarial/seed1:  40%|███▉      | 1191/3000 [13:10<22:51,  1.32it/s]
qwen2.5-vl/pope/ricd/coco/adversarial/seed1:  40%|███▉      | 1192/3000 [13:10<23:00,  1.31it/s]
qwen2.5-vl/pope/ricd/coco/adversarial/seed1:  40%|███▉      | 1193/3000 [13:11<23:11,  1.30it/s]
qwen2.5-vl/pope/ricd/coco/adversarial/seed1:  40%|███▉      | 1194/3000 [13:12<23:14,  1.29it/s]
qwen2.5-vl/pope/ricd/coco/adversarial/seed1:  40%|███▉      | 1195/3000 [13:13<22:42,  1.32it/s]
qwen2.5-vl/pope/ricd/coco/adversarial/seed1:  40%|███▉      | 1196/3000 [13:13<22:16,  1.35it/s]
qwen2.5-vl/pope/ricd/coco/adversarial/seed1:  40%|███▉      | 1197/3000 [13:14<21:57,  1.37it/s]
qwen2.5-vl/pope/ricd/coco/adversarial/seed1:  40%|███▉      | 1198/3000 [13:15<21:46,  1.38it/s]
qwen2.5-vl/pope/ricd/coco/adversarial/seed1:  40%|███▉      | 1199/3000 [13:16<21:41,  1.38it/s]
qwen2.5-vl/pope/ricd/coco/adversarial/seed1:  40%|████      | 1200/3000 [13:16<21:36,  1.39it/s]
qwen2.5-vl/pope/ricd/coco/adversarial/seed1:  40%|████      | 1201/3000 [13:17<20:38,  1.45it/s]
qwen2.5-vl/pope/ricd/coco/adversarial/seed1:  40%|████      | 1202/3000 [13:18<19:57,  1.50it/s]
qwen2.5-vl/pope/ricd/coco/adversarial/seed1:  40%|████      | 1203/3000 [13:18<19:31,  1.53it/s]
qwen2.5-vl/pope/ricd/coco/adversarial/seed1:  40%|████      | 1204/3000 [13:19<19:09,  1.56it/s]
qwen2.5-vl/pope/ricd/coco/adversarial/seed1:  40%|████      | 1205/3000 [13:19<18:54,  1.58it/s]
qwen2.5-vl/pope/ricd/coco/adversarial/seed1:  40%|████      | 1206/3000 [13:20<18:43,  1.60it/s]
qwen2.5-vl/pope/ricd/coco/adversarial/seed1:  40%|████      | 1207/3000 [13:21<18:35,  1.61it/s]
qwen2.5-vl/pope/ricd/coco/adversarial/seed1:  40%|████      | 1208/3000 [13:21<18:30,  1.61it/s]
qwen2.5-vl/pope/ricd/coco/adversarial/seed1:  40%|████      | 1209/3000 [13:22<18:25,  1.62it/s]
qwen2.5-vl/pope/ricd/coco/adversarial/seed1:  40%|████      | 1210/3000 [13:22<18:21,  1.63it/s]
qwen2.5-vl/pope/ricd/coco/adversarial/seed1:  40%|████      | 1211/3000 [13:23<18:21,  1.62it/s]
qwen2.5-vl/pope/ricd/coco/adversarial/seed1:  40%|████      | 1212/3000 [13:24<18:17,  1.63it/s]
qwen2.5-vl/pope/ricd/coco/adversarial/seed1:  40%|████      | 1213/3000 [13:24<16:13,  1.84it/s]
qwen2.5-vl/pope/ricd/coco/adversarial/seed1:  40%|████      | 1214/3000 [13:24<14:44,  2.02it/s]
qwen2.5-vl/pope/ricd/coco/adversarial/seed1:  40%|████      | 1215/3000 [13:25<13:43,  2.17it/s]
qwen2.5-vl/pope/ricd/coco/adversarial/seed1:  41%|████      | 1216/3000 [13:25<13:00,  2.29it/s]
qwen2.5-vl/pope/ricd/coco/adversarial/seed1:  41%|████      | 1217/3000 [13:26<12:29,  2.38it/s]
qwen2.5-vl/pope/ricd/coco/adversarial/seed1:  41%|████      | 1218/3000 [13:26<12:08,  2.45it/s]
qwen2.5-vl/pope/ricd/coco/adversarial/seed1:  41%|████      | 1219/3000 [13:27<14:55,  1.99it/s]
qwen2.5-vl/pope/ricd/coco/adversarial/seed1:  41%|████      | 1220/3000 [13:27<16:52,  1.76it/s]
qwen2.5-vl/pope/ricd/coco/adversarial/seed1:  41%|████      | 1221/3000 [13:28<18:16,  1.62it/s]
qwen2.5-vl/pope/ricd/coco/adversarial/seed1:  41%|████      | 1222/3000 [13:29<19:16,  1.54it/s]
qwen2.5-vl/pope/ricd/coco/adversarial/seed1:  41%|████      | 1223/3000 [13:30<19:58,  1.48it/s]
qwen2.5-vl/pope/ricd/coco/adversarial/seed1:  41%|████      | 1224/3000 [13:30<20:30,  1.44it/s]
qwen2.5-vl/pope/ricd/coco/adversarial/seed1:  41%|████      | 1225/3000 [13:31<20:41,  1.43it/s]
qwen2.5-vl/pope/ricd/coco/adversarial/seed1:  41%|████      | 1226/3000 [13:32<20:49,  1.42it/s]
qwen2.5-vl/pope/ricd/coco/adversarial/seed1:  41%|████      | 1227/3000 [13:32<21:04,  1.40it/s]
qwen2.5-vl/pope/ricd/coco/adversarial/seed1:  41%|████      | 1228/3000 [13:33<21:13,  1.39it/s]
qwen2.5-vl/pope/ricd/coco/adversarial/seed1:  41%|████      | 1229/3000 [13:34<21:21,  1.38it/s]
qwen2.5-vl/pope/ricd/coco/adversarial/seed1:  41%|████      | 1230/3000 [13:35<21:24,  1.38it/s]
qwen2.5-vl/pope/ricd/coco/adversarial/seed1:  41%|████      | 1231/3000 [13:35<18:25,  1.60it/s]
qwen2.5-vl/pope/ricd/coco/adversarial/seed1:  41%|████      | 1232/3000 [13:35<16:18,  1.81it/s]
qwen2.5-vl/pope/ricd/coco/adversarial/seed1:  41%|████      | 1233/3000 [13:36<14:49,  1.99it/s]
qwen2.5-vl/pope/ricd/coco/adversarial/seed1:  41%|████      | 1234/3000 [13:36<13:46,  2.14it/s]
qwen2.5-vl/pope/ricd/coco/adversarial/seed1:  41%|████      | 1235/3000 [13:37<13:02,  2.26it/s]
qwen2.5-vl/pope/ricd/coco/adversarial/seed1:  41%|████      | 1236/3000 [13:37<12:32,  2.34it/s]
qwen2.5-vl/pope/ricd/coco/adversarial/seed1:  41%|████      | 1237/3000 [13:38<15:10,  1.94it/s]
qwen2.5-vl/pope/ricd/coco/adversarial/seed1:  41%|████▏     | 1238/3000 [13:38<17:02,  1.72it/s]
qwen2.5-vl/pope/ricd/coco/adversarial/seed1:  41%|████▏     | 1239/3000 [13:39<18:16,  1.61it/s]
qwen2.5-vl/pope/ricd/coco/adversarial/seed1:  41%|████▏     | 1240/3000 [13:40<19:08,  1.53it/s]
qwen2.5-vl/pope/ricd/coco/adversarial/seed1:  41%|████▏     | 1241/3000 [13:41<19:44,  1.49it/s]
qwen2.5-vl/pope/ricd/coco/adversarial/seed1:  41%|████▏     | 1242/3000 [13:41<20:11,  1.45it/s]
qwen2.5-vl/pope/ricd/coco/adversarial/seed1:  41%|████▏     | 1243/3000 [13:42<17:35,  1.66it/s]
qwen2.5-vl/pope/ricd/coco/adversarial/seed1:  41%|████▏     | 1244/3000 [13:42<15:44,  1.86it/s]
qwen2.5-vl/pope/ricd/coco/adversarial/seed1:  42%|████▏     | 1245/3000 [13:43<14:23,  2.03it/s]
qwen2.5-vl/pope/ricd/coco/adversarial/seed1:  42%|████▏     | 1246/3000 [13:43<13:28,  2.17it/s]
qwen2.5-vl/pope/ricd/coco/adversarial/seed1:  42%|████▏     | 1247/3000 [13:43<12:48,  2.28it/s]
qwen2.5-vl/pope/ricd/coco/adversarial/seed1:  42%|████▏     | 1248/3000 [13:44<12:22,  2.36it/s]
qwen2.5-vl/pope/ricd/coco/adversarial/seed1:  42%|████▏     | 1249/3000 [13:44<13:39,  2.14it/s]
qwen2.5-vl/pope/ricd/coco/adversarial/seed1:  42%|████▏     | 1250/3000 [13:45<14:31,  2.01it/s]
qwen2.5-vl/pope/ricd/coco/adversarial/seed1:  42%|████▏     | 1251/3000 [13:45<15:10,  1.92it/s]
qwen2.5-vl/pope/ricd/coco/adversarial/seed1:  42%|████▏     | 1252/3000 [13:46<15:32,  1.87it/s]
qwen2.5-vl/pope/ricd/coco/adversarial/seed1:  42%|████▏     | 1253/3000 [13:47<15:47,  1.84it/s]
qwen2.5-vl/pope/ricd/coco/adversarial/seed1:  42%|████▏     | 1254/3000 [13:47<15:57,  1.82it/s]
qwen2.5-vl/pope/ricd/coco/adversarial/seed1:  42%|████▏     | 1255/3000 [13:48<17:31,  1.66it/s]
qwen2.5-vl/pope/ricd/coco/adversarial/seed1:  42%|████▏     | 1256/3000 [13:49<18:40,  1.56it/s]
qwen2.5-vl/pope/ricd/coco/adversarial/seed1:  42%|████▏     | 1257/3000 [13:49<19:27,  1.49it/s]
qwen2.5-vl/pope/ricd/coco/adversarial/seed1:  42%|████▏     | 1258/3000 [13:50<20:01,  1.45it/s]
qwen2.5-vl/pope/ricd/coco/adversarial/seed1:  42%|████▏     | 1259/3000 [13:51<20:24,  1.42it/s]
qwen2.5-vl/pope/ricd/coco/adversarial/seed1:  42%|████▏     | 1260/3000 [13:51<20:37,  1.41it/s]
qwen2.5-vl/pope/ricd/coco/adversarial/seed1:  42%|████▏     | 1261/3000 [13:52<20:48,  1.39it/s]
qwen2.5-vl/pope/ricd/coco/adversarial/seed1:  42%|████▏     | 1262/3000 [13:53<20:59,  1.38it/s]
qwen2.5-vl/pope/ricd/coco/adversarial/seed1:  42%|████▏     | 1263/3000 [13:54<21:03,  1.38it/s]
qwen2.5-vl/pope/ricd/coco/adversarial/seed1:  42%|████▏     | 1264/3000 [13:54<21:05,  1.37it/s]
qwen2.5-vl/pope/ricd/coco/adversarial/seed1:  42%|████▏     | 1265/3000 [13:55<21:07,  1.37it/s]
qwen2.5-vl/pope/ricd/coco/adversarial/seed1:  42%|████▏     | 1266/3000 [13:56<21:08,  1.37it/s]
qwen2.5-vl/pope/ricd/coco/adversarial/seed1:  42%|████▏     | 1267/3000 [13:57<21:06,  1.37it/s]
qwen2.5-vl/pope/ricd/coco/adversarial/seed1:  42%|████▏     | 1268/3000 [13:57<21:03,  1.37it/s]
qwen2.5-vl/pope/ricd/coco/adversarial/seed1:  42%|████▏     | 1269/3000 [13:58<21:01,  1.37it/s]
qwen2.5-vl/pope/ricd/coco/adversarial/seed1:  42%|████▏     | 1270/3000 [13:59<21:04,  1.37it/s]
qwen2.5-vl/pope/ricd/coco/adversarial/seed1:  42%|████▏     | 1271/3000 [14:00<21:04,  1.37it/s]
qwen2.5-vl/pope/ricd/coco/adversarial/seed1:  42%|████▏     | 1272/3000 [14:00<21:05,  1.36it/s]
qwen2.5-vl/pope/ricd/coco/adversarial/seed1:  42%|████▏     | 1273/3000 [14:01<21:05,  1.36it/s]
qwen2.5-vl/pope/ricd/coco/adversarial/seed1:  42%|████▏     | 1274/3000 [14:02<21:05,  1.36it/s]
qwen2.5-vl/pope/ricd/coco/adversarial/seed1:  42%|████▎     | 1275/3000 [14:02<21:03,  1.37it/s]
qwen2.5-vl/pope/ricd/coco/adversarial/seed1:  43%|████▎     | 1276/3000 [14:03<21:05,  1.36it/s]
qwen2.5-vl/pope/ricd/coco/adversarial/seed1:  43%|████▎     | 1277/3000 [14:04<21:01,  1.37it/s]
qwen2.5-vl/pope/ricd/coco/adversarial/seed1:  43%|████▎     | 1278/3000 [14:05<21:01,  1.36it/s]
qwen2.5-vl/pope/ricd/coco/adversarial/seed1:  43%|████▎     | 1279/3000 [14:05<20:00,  1.43it/s]
qwen2.5-vl/pope/ricd/coco/adversarial/seed1:  43%|████▎     | 1280/3000 [14:06<19:16,  1.49it/s]
qwen2.5-vl/pope/ricd/coco/adversarial/seed1:  43%|████▎     | 1281/3000 [14:07<18:43,  1.53it/s]
qwen2.5-vl/pope/ricd/coco/adversarial/seed1:  43%|████▎     | 1282/3000 [14:07<18:20,  1.56it/s]
qwen2.5-vl/pope/ricd/coco/adversarial/seed1:  43%|████▎     | 1283/3000 [14:08<18:02,  1.59it/s]
qwen2.5-vl/pope/ricd/coco/adversarial/seed1:  43%|████▎     | 1284/3000 [14:08<17:48,  1.61it/s]
qwen2.5-vl/pope/ricd/coco/adversarial/seed1:  43%|████▎     | 1285/3000 [14:09<18:24,  1.55it/s]
qwen2.5-vl/pope/ricd/coco/adversarial/seed1:  43%|████▎     | 1286/3000 [14:10<18:53,  1.51it/s]
qwen2.5-vl/pope/ricd/coco/adversarial/seed1:  43%|████▎     | 1287/3000 [14:10<19:15,  1.48it/s]
qwen2.5-vl/pope/ricd/coco/adversarial/seed1:  43%|████▎     | 1288/3000 [14:11<19:29,  1.46it/s]
qwen2.5-vl/pope/ricd/coco/adversarial/seed1:  43%|████▎     | 1289/3000 [14:12<19:37,  1.45it/s]
qwen2.5-vl/pope/ricd/coco/adversarial/seed1:  43%|████▎     | 1290/3000 [14:13<19:42,  1.45it/s]
qwen2.5-vl/pope/ricd/coco/adversarial/seed1:  43%|████▎     | 1291/3000 [14:13<20:03,  1.42it/s]
qwen2.5-vl/pope/ricd/coco/adversarial/seed1:  43%|████▎     | 1292/3000 [14:14<20:17,  1.40it/s]
qwen2.5-vl/pope/ricd/coco/adversarial/seed1:  43%|████▎     | 1293/3000 [14:15<20:25,  1.39it/s]
qwen2.5-vl/pope/ricd/coco/adversarial/seed1:  43%|████▎     | 1294/3000 [14:15<20:31,  1.38it/s]
qwen2.5-vl/pope/ricd/coco/adversarial/seed1:  43%|████▎     | 1295/3000 [14:16<20:36,  1.38it/s]
qwen2.5-vl/pope/ricd/coco/adversarial/seed1:  43%|████▎     | 1296/3000 [14:17<20:40,  1.37it/s]
qwen2.5-vl/pope/ricd/coco/adversarial/seed1:  43%|████▎     | 1297/3000 [14:18<20:43,  1.37it/s]
qwen2.5-vl/pope/ricd/coco/adversarial/seed1:  43%|████▎     | 1298/3000 [14:18<20:46,  1.36it/s]
qwen2.5-vl/pope/ricd/coco/adversarial/seed1:  43%|████▎     | 1299/3000 [14:19<20:42,  1.37it/s]
qwen2.5-vl/pope/ricd/coco/adversarial/seed1:  43%|████▎     | 1300/3000 [14:20<20:38,  1.37it/s]
qwen2.5-vl/pope/ricd/coco/adversarial/seed1:  43%|████▎     | 1301/3000 [14:21<20:36,  1.37it/s]
qwen2.5-vl/pope/ricd/coco/adversarial/seed1:  43%|████▎     | 1302/3000 [14:21<20:37,  1.37it/s]
qwen2.5-vl/pope/ricd/coco/adversarial/seed1:  43%|████▎     | 1303/3000 [14:22<19:38,  1.44it/s]
qwen2.5-vl/pope/ricd/coco/adversarial/seed1:  43%|████▎     | 1304/3000 [14:23<18:57,  1.49it/s]
qwen2.5-vl/pope/ricd/coco/adversarial/seed1:  44%|████▎     | 1305/3000 [14:23<18:28,  1.53it/s]
qwen2.5-vl/pope/ricd/coco/adversarial/seed1:  44%|████▎     | 1306/3000 [14:24<18:05,  1.56it/s]
qwen2.5-vl/pope/ricd/coco/adversarial/seed1:  44%|████▎     | 1307/3000 [14:24<17:52,  1.58it/s]
qwen2.5-vl/pope/ricd/coco/adversarial/seed1:  44%|████▎     | 1308/3000 [14:25<17:41,  1.59it/s]
qwen2.5-vl/pope/ricd/coco/adversarial/seed1:  44%|████▎     | 1309/3000 [14:26<17:33,  1.61it/s]
qwen2.5-vl/pope/ricd/coco/adversarial/seed1:  44%|████▎     | 1310/3000 [14:26<17:27,  1.61it/s]
qwen2.5-vl/pope/ricd/coco/adversarial/seed1:  44%|████▎     | 1311/3000 [14:27<17:22,  1.62it/s]
qwen2.5-vl/pope/ricd/coco/adversarial/seed1:  44%|████▎     | 1312/3000 [14:27<17:18,  1.63it/s]
qwen2.5-vl/pope/ricd/coco/adversarial/seed1:  44%|████▍     | 1313/3000 [14:28<17:13,  1.63it/s]
qwen2.5-vl/pope/ricd/coco/adversarial/seed1:  44%|████▍     | 1314/3000 [14:29<17:14,  1.63it/s]
qwen2.5-vl/pope/ricd/coco/adversarial/seed1:  44%|████▍     | 1315/3000 [14:29<18:13,  1.54it/s]
qwen2.5-vl/pope/ricd/coco/adversarial/seed1:  44%|████▍     | 1316/3000 [14:30<18:51,  1.49it/s]
qwen2.5-vl/pope/ricd/coco/adversarial/seed1:  44%|████▍     | 1317/3000 [14:31<19:17,  1.45it/s]
qwen2.5-vl/pope/ricd/coco/adversarial/seed1:  44%|████▍     | 1318/3000 [14:32<19:43,  1.42it/s]
qwen2.5-vl/pope/ricd/coco/adversarial/seed1:  44%|████▍     | 1319/3000 [14:32<19:57,  1.40it/s]
qwen2.5-vl/pope/ricd/coco/adversarial/seed1:  44%|████▍     | 1320/3000 [14:33<20:04,  1.40it/s]
qwen2.5-vl/pope/ricd/coco/adversarial/seed1:  44%|████▍     | 1321/3000 [14:34<20:13,  1.38it/s]
qwen2.5-vl/pope/ricd/coco/adversarial/seed1:  44%|████▍     | 1322/3000 [14:35<20:21,  1.37it/s]
qwen2.5-vl/pope/ricd/coco/adversarial/seed1:  44%|████▍     | 1323/3000 [14:35<20:25,  1.37it/s]
qwen2.5-vl/pope/ricd/coco/adversarial/seed1:  44%|████▍     | 1324/3000 [14:36<20:30,  1.36it/s]
qwen2.5-vl/pope/ricd/coco/adversarial/seed1:  44%|████▍     | 1325/3000 [14:37<20:29,  1.36it/s]
qwen2.5-vl/pope/ricd/coco/adversarial/seed1:  44%|████▍     | 1326/3000 [14:37<20:31,  1.36it/s]
qwen2.5-vl/pope/ricd/coco/adversarial/seed1:  44%|████▍     | 1327/3000 [14:38<19:10,  1.45it/s]
qwen2.5-vl/pope/ricd/coco/adversarial/seed1:  44%|████▍     | 1328/3000 [14:39<18:11,  1.53it/s]
qwen2.5-vl/pope/ricd/coco/adversarial/seed1:  44%|████▍     | 1329/3000 [14:39<17:28,  1.59it/s]
qwen2.5-vl/pope/ricd/coco/adversarial/seed1:  44%|████▍     | 1330/3000 [14:40<17:01,  1.63it/s]
qwen2.5-vl/pope/ricd/coco/adversarial/seed1:  44%|████▍     | 1331/3000 [14:40<16:40,  1.67it/s]
qwen2.5-vl/pope/ricd/coco/adversarial/seed1:  44%|████▍     | 1332/3000 [14:41<16:25,  1.69it/s]
qwen2.5-vl/pope/ricd/coco/adversarial/seed1:  44%|████▍     | 1333/3000 [14:42<17:39,  1.57it/s]
qwen2.5-vl/pope/ricd/coco/adversarial/seed1:  44%|████▍     | 1334/3000 [14:42<18:23,  1.51it/s]
qwen2.5-vl/pope/ricd/coco/adversarial/seed1:  44%|████▍     | 1335/3000 [14:43<18:57,  1.46it/s]
qwen2.5-vl/pope/ricd/coco/adversarial/seed1:  45%|████▍     | 1336/3000 [14:44<19:22,  1.43it/s]
qwen2.5-vl/pope/ricd/coco/adversarial/seed1:  45%|████▍     | 1337/3000 [14:45<19:39,  1.41it/s]
qwen2.5-vl/pope/ricd/coco/adversarial/seed1:  45%|████▍     | 1338/3000 [14:45<19:52,  1.39it/s]
qwen2.5-vl/pope/ricd/coco/adversarial/seed1:  45%|████▍     | 1339/3000 [14:46<20:02,  1.38it/s]
qwen2.5-vl/pope/ricd/coco/adversarial/seed1:  45%|████▍     | 1340/3000 [14:47<20:06,  1.38it/s]
qwen2.5-vl/pope/ricd/coco/adversarial/seed1:  45%|████▍     | 1341/3000 [14:48<20:06,  1.37it/s]
qwen2.5-vl/pope/ricd/coco/adversarial/seed1:  45%|████▍     | 1342/3000 [14:48<20:10,  1.37it/s]
qwen2.5-vl/pope/ricd/coco/adversarial/seed1:  45%|████▍     | 1343/3000 [14:49<20:12,  1.37it/s]
qwen2.5-vl/pope/ricd/coco/adversarial/seed1:  45%|████▍     | 1344/3000 [14:50<20:12,  1.37it/s]
qwen2.5-vl/pope/ricd/coco/adversarial/seed1:  45%|████▍     | 1345/3000 [14:50<20:11,  1.37it/s]
qwen2.5-vl/pope/ricd/coco/adversarial/seed1:  45%|████▍     | 1346/3000 [14:51<20:08,  1.37it/s]
qwen2.5-vl/pope/ricd/coco/adversarial/seed1:  45%|████▍     | 1347/3000 [14:52<20:05,  1.37it/s]
qwen2.5-vl/pope/ricd/coco/adversarial/seed1:  45%|████▍     | 1348/3000 [14:53<20:06,  1.37it/s]
qwen2.5-vl/pope/ricd/coco/adversarial/seed1:  45%|████▍     | 1349/3000 [14:53<20:20,  1.35it/s]
qwen2.5-vl/pope/ricd/coco/adversarial/seed1:  45%|████▌     | 1350/3000 [14:54<20:15,  1.36it/s]
qwen2.5-vl/pope/ricd/coco/adversarial/seed1:  45%|████▌     | 1351/3000 [14:55<20:13,  1.36it/s]
qwen2.5-vl/pope/ricd/coco/adversarial/seed1:  45%|████▌     | 1352/3000 [14:56<20:11,  1.36it/s]
qwen2.5-vl/pope/ricd/coco/adversarial/seed1:  45%|████▌     | 1353/3000 [14:56<20:09,  1.36it/s]
qwen2.5-vl/pope/ricd/coco/adversarial/seed1:  45%|████▌     | 1354/3000 [14:57<20:08,  1.36it/s]
qwen2.5-vl/pope/ricd/coco/adversarial/seed1:  45%|████▌     | 1355/3000 [14:58<20:08,  1.36it/s]
qwen2.5-vl/pope/ricd/coco/adversarial/seed1:  45%|████▌     | 1356/3000 [14:59<20:05,  1.36it/s]
qwen2.5-vl/pope/ricd/coco/adversarial/seed1:  45%|████▌     | 1357/3000 [14:59<20:29,  1.34it/s]
qwen2.5-vl/pope/ricd/coco/adversarial/seed1:  45%|████▌     | 1358/3000 [15:00<20:43,  1.32it/s]
qwen2.5-vl/pope/ricd/coco/adversarial/seed1:  45%|████▌     | 1359/3000 [15:01<20:51,  1.31it/s]
qwen2.5-vl/pope/ricd/coco/adversarial/seed1:  45%|████▌     | 1360/3000 [15:02<20:58,  1.30it/s]
qwen2.5-vl/pope/ricd/coco/adversarial/seed1:  45%|████▌     | 1361/3000 [15:02<21:04,  1.30it/s]
qwen2.5-vl/pope/ricd/coco/adversarial/seed1:  45%|████▌     | 1362/3000 [15:03<21:10,  1.29it/s]
qwen2.5-vl/pope/ricd/coco/adversarial/seed1:  45%|████▌     | 1363/3000 [15:04<21:38,  1.26it/s]
qwen2.5-vl/pope/ricd/coco/adversarial/seed1:  45%|████▌     | 1364/3000 [15:05<21:48,  1.25it/s]
qwen2.5-vl/pope/ricd/coco/adversarial/seed1:  46%|████▌     | 1365/3000 [15:06<21:54,  1.24it/s]
qwen2.5-vl/pope/ricd/coco/adversarial/seed1:  46%|████▌     | 1366/3000 [15:07<21:59,  1.24it/s]
qwen2.5-vl/pope/ricd/coco/adversarial/seed1:  46%|████▌     | 1367/3000 [15:07<22:01,  1.24it/s]
qwen2.5-vl/pope/ricd/coco/adversarial/seed1:  46%|████▌     | 1368/3000 [15:08<21:58,  1.24it/s]
qwen2.5-vl/pope/ricd/coco/adversarial/seed1:  46%|████▌     | 1369/3000 [15:09<19:57,  1.36it/s]
qwen2.5-vl/pope/ricd/coco/adversarial/seed1:  46%|████▌     | 1370/3000 [15:09<18:32,  1.47it/s]
qwen2.5-vl/pope/ricd/coco/adversarial/seed1:  46%|████▌     | 1371/3000 [15:10<17:36,  1.54it/s]
qwen2.5-vl/pope/ricd/coco/adversarial/seed1:  46%|████▌     | 1372/3000 [15:10<17:01,  1.59it/s]
qwen2.5-vl/pope/ricd/coco/adversarial/seed1:  46%|████▌     | 1373/3000 [15:11<17:01,  1.59it/s]
qwen2.5-vl/pope/ricd/coco/adversarial/seed1:  46%|████▌     | 1374/3000 [15:12<16:57,  1.60it/s]
qwen2.5-vl/pope/ricd/coco/adversarial/seed1:  46%|████▌     | 1375/3000 [15:12<17:15,  1.57it/s]
qwen2.5-vl/pope/ricd/coco/adversarial/seed1:  46%|████▌     | 1376/3000 [15:13<17:27,  1.55it/s]
qwen2.5-vl/pope/ricd/coco/adversarial/seed1:  46%|████▌     | 1377/3000 [15:14<17:30,  1.55it/s]
qwen2.5-vl/pope/ricd/coco/adversarial/seed1:  46%|████▌     | 1378/3000 [15:14<17:35,  1.54it/s]
qwen2.5-vl/pope/ricd/coco/adversarial/seed1:  46%|████▌     | 1379/3000 [15:15<17:21,  1.56it/s]
qwen2.5-vl/pope/ricd/coco/adversarial/seed1:  46%|████▌     | 1380/3000 [15:16<17:06,  1.58it/s]
qwen2.5-vl/pope/ricd/coco/adversarial/seed1:  46%|████▌     | 1381/3000 [15:16<16:55,  1.59it/s]
qwen2.5-vl/pope/ricd/coco/adversarial/seed1:  46%|████▌     | 1382/3000 [15:17<16:54,  1.59it/s]
qwen2.5-vl/pope/ricd/coco/adversarial/seed1:  46%|████▌     | 1383/3000 [15:17<16:50,  1.60it/s]
qwen2.5-vl/pope/ricd/coco/adversarial/seed1:  46%|████▌     | 1384/3000 [15:18<16:42,  1.61it/s]
qwen2.5-vl/pope/ricd/coco/adversarial/seed1:  46%|████▌     | 1385/3000 [15:19<16:37,  1.62it/s]
qwen2.5-vl/pope/ricd/coco/adversarial/seed1:  46%|████▌     | 1386/3000 [15:19<16:34,  1.62it/s]
qwen2.5-vl/pope/ricd/coco/adversarial/seed1:  46%|████▌     | 1387/3000 [15:20<17:33,  1.53it/s]
qwen2.5-vl/pope/ricd/coco/adversarial/seed1:  46%|████▋     | 1388/3000 [15:21<18:10,  1.48it/s]
qwen2.5-vl/pope/ricd/coco/adversarial/seed1:  46%|████▋     | 1389/3000 [15:21<18:35,  1.44it/s]
qwen2.5-vl/pope/ricd/coco/adversarial/seed1:  46%|████▋     | 1390/3000 [15:22<18:54,  1.42it/s]
qwen2.5-vl/pope/ricd/coco/adversarial/seed1:  46%|████▋     | 1391/3000 [15:23<19:05,  1.40it/s]
qwen2.5-vl/pope/ricd/coco/adversarial/seed1:  46%|████▋     | 1392/3000 [15:24<19:17,  1.39it/s]
qwen2.5-vl/pope/ricd/coco/adversarial/seed1:  46%|████▋     | 1393/3000 [15:24<19:31,  1.37it/s]
qwen2.5-vl/pope/ricd/coco/adversarial/seed1:  46%|████▋     | 1394/3000 [15:25<19:39,  1.36it/s]
qwen2.5-vl/pope/ricd/coco/adversarial/seed1:  46%|████▋     | 1395/3000 [15:26<19:43,  1.36it/s]
qwen2.5-vl/pope/ricd/coco/adversarial/seed1:  47%|████▋     | 1396/3000 [15:27<19:47,  1.35it/s]
qwen2.5-vl/pope/ricd/coco/adversarial/seed1:  47%|████▋     | 1397/3000 [15:27<19:48,  1.35it/s]
qwen2.5-vl/pope/ricd/coco/adversarial/seed1:  47%|████▋     | 1398/3000 [15:28<19:51,  1.34it/s]
qwen2.5-vl/pope/ricd/coco/adversarial/seed1:  47%|████▋     | 1399/3000 [15:29<19:47,  1.35it/s]
qwen2.5-vl/pope/ricd/coco/adversarial/seed1:  47%|████▋     | 1400/3000 [15:30<19:43,  1.35it/s]
qwen2.5-vl/pope/ricd/coco/adversarial/seed1:  47%|████▋     | 1401/3000 [15:30<19:36,  1.36it/s]
qwen2.5-vl/pope/ricd/coco/adversarial/seed1:  47%|████▋     | 1402/3000 [15:31<19:31,  1.36it/s]
qwen2.5-vl/pope/ricd/coco/adversarial/seed1:  47%|████▋     | 1403/3000 [15:32<19:27,  1.37it/s]
qwen2.5-vl/pope/ricd/coco/adversarial/seed1:  47%|████▋     | 1404/3000 [15:32<19:24,  1.37it/s]
qwen2.5-vl/pope/ricd/coco/adversarial/seed1:  47%|████▋     | 1405/3000 [15:33<20:06,  1.32it/s]
qwen2.5-vl/pope/ricd/coco/adversarial/seed1:  47%|████▋     | 1406/3000 [15:34<20:36,  1.29it/s]
qwen2.5-vl/pope/ricd/coco/adversarial/seed1:  47%|████▋     | 1407/3000 [15:35<20:57,  1.27it/s]
qwen2.5-vl/pope/ricd/coco/adversarial/seed1:  47%|████▋     | 1408/3000 [15:36<21:11,  1.25it/s]
qwen2.5-vl/pope/ricd/coco/adversarial/seed1:  47%|████▋     | 1409/3000 [15:37<21:20,  1.24it/s]
qwen2.5-vl/pope/ricd/coco/adversarial/seed1:  47%|████▋     | 1410/3000 [15:37<21:23,  1.24it/s]
qwen2.5-vl/pope/ricd/coco/adversarial/seed1:  47%|████▋     | 1411/3000 [15:38<20:42,  1.28it/s]
qwen2.5-vl/pope/ricd/coco/adversarial/seed1:  47%|████▋     | 1412/3000 [15:39<20:14,  1.31it/s]
qwen2.5-vl/pope/ricd/coco/adversarial/seed1:  47%|████▋     | 1413/3000 [15:40<19:58,  1.32it/s]
qwen2.5-vl/pope/ricd/coco/adversarial/seed1:  47%|████▋     | 1414/3000 [15:40<19:49,  1.33it/s]
qwen2.5-vl/pope/ricd/coco/adversarial/seed1:  47%|████▋     | 1415/3000 [15:41<19:37,  1.35it/s]
qwen2.5-vl/pope/ricd/coco/adversarial/seed1:  47%|████▋     | 1416/3000 [15:42<19:28,  1.36it/s]
qwen2.5-vl/pope/ricd/coco/adversarial/seed1:  47%|████▋     | 1417/3000 [15:42<18:15,  1.44it/s]
qwen2.5-vl/pope/ricd/coco/adversarial/seed1:  47%|████▋     | 1418/3000 [15:43<17:25,  1.51it/s]
qwen2.5-vl/pope/ricd/coco/adversarial/seed1:  47%|████▋     | 1419/3000 [15:44<16:53,  1.56it/s]
qwen2.5-vl/pope/ricd/coco/adversarial/seed1:  47%|████▋     | 1420/3000 [15:44<16:28,  1.60it/s]
qwen2.5-vl/pope/ricd/coco/adversarial/seed1:  47%|████▋     | 1421/3000 [15:45<16:12,  1.62it/s]
qwen2.5-vl/pope/ricd/coco/adversarial/seed1:  47%|████▋     | 1422/3000 [15:45<16:00,  1.64it/s]
qwen2.5-vl/pope/ricd/coco/adversarial/seed1:  47%|████▋     | 1423/3000 [15:46<15:33,  1.69it/s]
qwen2.5-vl/pope/ricd/coco/adversarial/seed1:  47%|████▋     | 1424/3000 [15:46<15:14,  1.72it/s]
qwen2.5-vl/pope/ricd/coco/adversarial/seed1:  48%|████▊     | 1425/3000 [15:47<15:01,  1.75it/s]
qwen2.5-vl/pope/ricd/coco/adversarial/seed1:  48%|████▊     | 1426/3000 [15:48<14:51,  1.77it/s]
qwen2.5-vl/pope/ricd/coco/adversarial/seed1:  48%|████▊     | 1427/3000 [15:48<14:45,  1.78it/s]
qwen2.5-vl/pope/ricd/coco/adversarial/seed1:  48%|████▊     | 1428/3000 [15:49<14:40,  1.78it/s]
qwen2.5-vl/pope/ricd/coco/adversarial/seed1:  48%|████▊     | 1429/3000 [15:49<15:53,  1.65it/s]
qwen2.5-vl/pope/ricd/coco/adversarial/seed1:  48%|████▊     | 1430/3000 [15:50<16:45,  1.56it/s]
qwen2.5-vl/pope/ricd/coco/adversarial/seed1:  48%|████▊     | 1431/3000 [15:51<17:20,  1.51it/s]
qwen2.5-vl/pope/ricd/coco/adversarial/seed1:  48%|████▊     | 1432/3000 [15:51<17:44,  1.47it/s]
qwen2.5-vl/pope/ricd/coco/adversarial/seed1:  48%|████▊     | 1433/3000 [15:52<18:02,  1.45it/s]
qwen2.5-vl/pope/ricd/coco/adversarial/seed1:  48%|████▊     | 1434/3000 [15:53<18:14,  1.43it/s]
qwen2.5-vl/pope/ricd/coco/adversarial/seed1:  48%|████▊     | 1435/3000 [15:54<18:22,  1.42it/s]
qwen2.5-vl/pope/ricd/coco/adversarial/seed1:  48%|████▊     | 1436/3000 [15:54<18:28,  1.41it/s]
qwen2.5-vl/pope/ricd/coco/adversarial/seed1:  48%|████▊     | 1437/3000 [15:55<18:33,  1.40it/s]
qwen2.5-vl/pope/ricd/coco/adversarial/seed1:  48%|████▊     | 1438/3000 [15:56<18:36,  1.40it/s]
qwen2.5-vl/pope/ricd/coco/adversarial/seed1:  48%|████▊     | 1439/3000 [15:57<18:38,  1.40it/s]
qwen2.5-vl/pope/ricd/coco/adversarial/seed1:  48%|████▊     | 1440/3000 [15:57<18:39,  1.39it/s]
qwen2.5-vl/pope/ricd/coco/adversarial/seed1:  48%|████▊     | 1441/3000 [15:58<18:39,  1.39it/s]
qwen2.5-vl/pope/ricd/coco/adversarial/seed1:  48%|████▊     | 1442/3000 [15:59<18:39,  1.39it/s]
qwen2.5-vl/pope/ricd/coco/adversarial/seed1:  48%|████▊     | 1443/3000 [15:59<18:41,  1.39it/s]
qwen2.5-vl/pope/ricd/coco/adversarial/seed1:  48%|████▊     | 1444/3000 [16:00<18:47,  1.38it/s]
qwen2.5-vl/pope/ricd/coco/adversarial/seed1:  48%|████▊     | 1445/3000 [16:01<18:53,  1.37it/s]
qwen2.5-vl/pope/ricd/coco/adversarial/seed1:  48%|████▊     | 1446/3000 [16:02<18:57,  1.37it/s]
qwen2.5-vl/pope/ricd/coco/adversarial/seed1:  48%|████▊     | 1447/3000 [16:02<18:01,  1.44it/s]
qwen2.5-vl/pope/ricd/coco/adversarial/seed1:  48%|████▊     | 1448/3000 [16:03<17:27,  1.48it/s]
qwen2.5-vl/pope/ricd/coco/adversarial/seed1:  48%|████▊     | 1449/3000 [16:03<16:54,  1.53it/s]
qwen2.5-vl/pope/ricd/coco/adversarial/seed1:  48%|████▊     | 1450/3000 [16:04<16:32,  1.56it/s]
qwen2.5-vl/pope/ricd/coco/adversarial/seed1:  48%|████▊     | 1451/3000 [16:05<16:17,  1.58it/s]
qwen2.5-vl/pope/ricd/coco/adversarial/seed1:  48%|████▊     | 1452/3000 [16:05<16:06,  1.60it/s]
qwen2.5-vl/pope/ricd/coco/adversarial/seed1:  48%|████▊     | 1453/3000 [16:06<16:55,  1.52it/s]
qwen2.5-vl/pope/ricd/coco/adversarial/seed1:  48%|████▊     | 1454/3000 [16:07<17:51,  1.44it/s]
qwen2.5-vl/pope/ricd/coco/adversarial/seed1:  48%|████▊     | 1455/3000 [16:08<18:25,  1.40it/s]
qwen2.5-vl/pope/ricd/coco/adversarial/seed1:  49%|████▊     | 1456/3000 [16:08<18:48,  1.37it/s]
qwen2.5-vl/pope/ricd/coco/adversarial/seed1:  49%|████▊     | 1457/3000 [16:09<19:02,  1.35it/s]
qwen2.5-vl/pope/ricd/coco/adversarial/seed1:  49%|████▊     | 1458/3000 [16:10<19:02,  1.35it/s]
qwen2.5-vl/pope/ricd/coco/adversarial/seed1:  49%|████▊     | 1459/3000 [16:11<18:55,  1.36it/s]
qwen2.5-vl/pope/ricd/coco/adversarial/seed1:  49%|████▊     | 1460/3000 [16:11<18:54,  1.36it/s]
qwen2.5-vl/pope/ricd/coco/adversarial/seed1:  49%|████▊     | 1461/3000 [16:12<18:50,  1.36it/s]
qwen2.5-vl/pope/ricd/coco/adversarial/seed1:  49%|████▊     | 1462/3000 [16:13<18:47,  1.36it/s]
qwen2.5-vl/pope/ricd/coco/adversarial/seed1:  49%|████▉     | 1463/3000 [16:13<18:47,  1.36it/s]
qwen2.5-vl/pope/ricd/coco/adversarial/seed1:  49%|████▉     | 1464/3000 [16:14<18:43,  1.37it/s]
qwen2.5-vl/pope/ricd/coco/adversarial/seed1:  49%|████▉     | 1465/3000 [16:15<17:45,  1.44it/s]
qwen2.5-vl/pope/ricd/coco/adversarial/seed1:  49%|████▉     | 1466/3000 [16:15<17:12,  1.49it/s]
qwen2.5-vl/pope/ricd/coco/adversarial/seed1:  49%|████▉     | 1467/3000 [16:16<16:45,  1.52it/s]
qwen2.5-vl/pope/ricd/coco/adversarial/seed1:  49%|████▉     | 1468/3000 [16:17<16:29,  1.55it/s]
qwen2.5-vl/pope/ricd/coco/adversarial/seed1:  49%|████▉     | 1469/3000 [16:17<16:16,  1.57it/s]
qwen2.5-vl/pope/ricd/coco/adversarial/seed1:  49%|████▉     | 1470/3000 [16:18<16:06,  1.58it/s]
qwen2.5-vl/pope/ricd/coco/adversarial/seed1:  49%|████▉     | 1471/3000 [16:19<16:52,  1.51it/s]
qwen2.5-vl/pope/ricd/coco/adversarial/seed1:  49%|████▉     | 1472/3000 [16:19<17:27,  1.46it/s]
qwen2.5-vl/pope/ricd/coco/adversarial/seed1:  49%|████▉     | 1473/3000 [16:20<17:48,  1.43it/s]
qwen2.5-vl/pope/ricd/coco/adversarial/seed1:  49%|████▉     | 1474/3000 [16:21<18:05,  1.41it/s]
qwen2.5-vl/pope/ricd/coco/adversarial/seed1:  49%|████▉     | 1475/3000 [16:22<18:17,  1.39it/s]
qwen2.5-vl/pope/ricd/coco/adversarial/seed1:  49%|████▉     | 1476/3000 [16:22<18:24,  1.38it/s]
qwen2.5-vl/pope/ricd/coco/adversarial/seed1:  49%|████▉     | 1477/3000 [16:23<17:35,  1.44it/s]
qwen2.5-vl/pope/ricd/coco/adversarial/seed1:  49%|████▉     | 1478/3000 [16:24<16:57,  1.50it/s]
qwen2.5-vl/pope/ricd/coco/adversarial/seed1:  49%|████▉     | 1479/3000 [16:24<16:33,  1.53it/s]
qwen2.5-vl/pope/ricd/coco/adversarial/seed1:  49%|████▉     | 1480/3000 [16:25<16:16,  1.56it/s]
qwen2.5-vl/pope/ricd/coco/adversarial/seed1:  49%|████▉     | 1481/3000 [16:25<16:13,  1.56it/s]
qwen2.5-vl/pope/ricd/coco/adversarial/seed1:  49%|████▉     | 1482/3000 [16:26<15:58,  1.58it/s]
qwen2.5-vl/pope/ricd/coco/adversarial/seed1:  49%|████▉     | 1483/3000 [16:27<15:49,  1.60it/s]
qwen2.5-vl/pope/ricd/coco/adversarial/seed1:  49%|████▉     | 1484/3000 [16:27<15:40,  1.61it/s]
qwen2.5-vl/pope/ricd/coco/adversarial/seed1:  50%|████▉     | 1485/3000 [16:28<15:36,  1.62it/s]
qwen2.5-vl/pope/ricd/coco/adversarial/seed1:  50%|████▉     | 1486/3000 [16:29<15:34,  1.62it/s]
qwen2.5-vl/pope/ricd/coco/adversarial/seed1:  50%|████▉     | 1487/3000 [16:29<15:32,  1.62it/s]
qwen2.5-vl/pope/ricd/coco/adversarial/seed1:  50%|████▉     | 1488/3000 [16:30<15:30,  1.62it/s]
qwen2.5-vl/pope/ricd/coco/adversarial/seed1:  50%|████▉     | 1489/3000 [16:30<15:07,  1.66it/s]
qwen2.5-vl/pope/ricd/coco/adversarial/seed1:  50%|████▉     | 1490/3000 [16:31<14:53,  1.69it/s]
qwen2.5-vl/pope/ricd/coco/adversarial/seed1:  50%|████▉     | 1491/3000 [16:31<14:42,  1.71it/s]
qwen2.5-vl/pope/ricd/coco/adversarial/seed1:  50%|████▉     | 1492/3000 [16:32<14:35,  1.72it/s]
qwen2.5-vl/pope/ricd/coco/adversarial/seed1:  50%|████▉     | 1493/3000 [16:33<14:28,  1.74it/s]
qwen2.5-vl/pope/ricd/coco/adversarial/seed1:  50%|████▉     | 1494/3000 [16:33<14:22,  1.75it/s]
qwen2.5-vl/pope/ricd/coco/adversarial/seed1:  50%|████▉     | 1495/3000 [16:34<15:45,  1.59it/s]
qwen2.5-vl/pope/ricd/coco/adversarial/seed1:  50%|████▉     | 1496/3000 [16:35<16:43,  1.50it/s]
qwen2.5-vl/pope/ricd/coco/adversarial/seed1:  50%|████▉     | 1497/3000 [16:35<17:24,  1.44it/s]
qwen2.5-vl/pope/ricd/coco/adversarial/seed1:  50%|████▉     | 1498/3000 [16:36<17:51,  1.40it/s]
qwen2.5-vl/pope/ricd/coco/adversarial/seed1:  50%|████▉     | 1499/3000 [16:37<18:09,  1.38it/s]
qwen2.5-vl/pope/ricd/coco/adversarial/seed1:  50%|█████     | 1500/3000 [16:38<18:22,  1.36it/s]
qwen2.5-vl/pope/ricd/coco/adversarial/seed1:  50%|█████     | 1501/3000 [16:38<17:55,  1.39it/s]
qwen2.5-vl/pope/ricd/coco/adversarial/seed1:  50%|█████     | 1502/3000 [16:39<17:32,  1.42it/s]
qwen2.5-vl/pope/ricd/coco/adversarial/seed1:  50%|█████     | 1503/3000 [16:40<17:15,  1.45it/s]
qwen2.5-vl/pope/ricd/coco/adversarial/seed1:  50%|█████     | 1504/3000 [16:40<17:06,  1.46it/s]
qwen2.5-vl/pope/ricd/coco/adversarial/seed1:  50%|█████     | 1505/3000 [16:41<17:00,  1.46it/s]
qwen2.5-vl/pope/ricd/coco/adversarial/seed1:  50%|█████     | 1506/3000 [16:42<16:53,  1.47it/s]
qwen2.5-vl/pope/ricd/coco/adversarial/seed1:  50%|█████     | 1507/3000 [16:42<17:09,  1.45it/s]
qwen2.5-vl/pope/ricd/coco/adversarial/seed1:  50%|█████     | 1508/3000 [16:43<17:21,  1.43it/s]
qwen2.5-vl/pope/ricd/coco/adversarial/seed1:  50%|█████     | 1509/3000 [16:44<17:32,  1.42it/s]
qwen2.5-vl/pope/ricd/coco/adversarial/seed1:  50%|█████     | 1510/3000 [16:45<17:36,  1.41it/s]
qwen2.5-vl/pope/ricd/coco/adversarial/seed1:  50%|█████     | 1511/3000 [16:45<17:38,  1.41it/s]
qwen2.5-vl/pope/ricd/coco/adversarial/seed1:  50%|█████     | 1512/3000 [16:46<17:39,  1.40it/s]
qwen2.5-vl/pope/ricd/coco/adversarial/seed1:  50%|█████     | 1513/3000 [16:47<19:11,  1.29it/s]
qwen2.5-vl/pope/ricd/coco/adversarial/seed1:  50%|█████     | 1514/3000 [16:48<20:09,  1.23it/s]
qwen2.5-vl/pope/ricd/coco/adversarial/seed1:  50%|█████     | 1515/3000 [16:49<20:49,  1.19it/s]
qwen2.5-vl/pope/ricd/coco/adversarial/seed1:  51%|█████     | 1516/3000 [16:50<21:19,  1.16it/s]
qwen2.5-vl/pope/ricd/coco/adversarial/seed1:  51%|█████     | 1517/3000 [16:51<21:40,  1.14it/s]
qwen2.5-vl/pope/ricd/coco/adversarial/seed1:  51%|█████     | 1518/3000 [16:51<21:49,  1.13it/s]
qwen2.5-vl/pope/ricd/coco/adversarial/seed1:  51%|█████     | 1519/3000 [16:52<20:35,  1.20it/s]
qwen2.5-vl/pope/ricd/coco/adversarial/seed1:  51%|█████     | 1520/3000 [16:53<19:47,  1.25it/s]
qwen2.5-vl/pope/ricd/coco/adversarial/seed1:  51%|█████     | 1521/3000 [16:54<19:12,  1.28it/s]
qwen2.5-vl/pope/ricd/coco/adversarial/seed1:  51%|█████     | 1522/3000 [16:54<18:50,  1.31it/s]
qwen2.5-vl/pope/ricd/coco/adversarial/seed1:  51%|█████     | 1523/3000 [16:55<18:44,  1.31it/s]
qwen2.5-vl/pope/ricd/coco/adversarial/seed1:  51%|█████     | 1524/3000 [16:56<18:45,  1.31it/s]
qwen2.5-vl/pope/ricd/coco/adversarial/seed1:  51%|█████     | 1525/3000 [16:57<18:32,  1.33it/s]
qwen2.5-vl/pope/ricd/coco/adversarial/seed1:  51%|█████     | 1526/3000 [16:57<18:19,  1.34it/s]
qwen2.5-vl/pope/ricd/coco/adversarial/seed1:  51%|█████     | 1527/3000 [16:58<18:18,  1.34it/s]
qwen2.5-vl/pope/ricd/coco/adversarial/seed1:  51%|█████     | 1528/3000 [16:59<18:12,  1.35it/s]
qwen2.5-vl/pope/ricd/coco/adversarial/seed1:  51%|█████     | 1529/3000 [17:00<17:55,  1.37it/s]
qwen2.5-vl/pope/ricd/coco/adversarial/seed1:  51%|█████     | 1530/3000 [17:00<17:49,  1.37it/s]
qwen2.5-vl/pope/ricd/coco/adversarial/seed1:  51%|█████     | 1531/3000 [17:01<17:47,  1.38it/s]
qwen2.5-vl/pope/ricd/coco/adversarial/seed1:  51%|█████     | 1532/3000 [17:02<17:45,  1.38it/s]
qwen2.5-vl/pope/ricd/coco/adversarial/seed1:  51%|█████     | 1533/3000 [17:02<17:43,  1.38it/s]
qwen2.5-vl/pope/ricd/coco/adversarial/seed1:  51%|█████     | 1534/3000 [17:03<17:45,  1.38it/s]
qwen2.5-vl/pope/ricd/coco/adversarial/seed1:  51%|█████     | 1535/3000 [17:04<17:46,  1.37it/s]
qwen2.5-vl/pope/ricd/coco/adversarial/seed1:  51%|█████     | 1536/3000 [17:05<17:47,  1.37it/s]
qwen2.5-vl/pope/ricd/coco/adversarial/seed1:  51%|█████     | 1537/3000 [17:05<17:48,  1.37it/s]
qwen2.5-vl/pope/ricd/coco/adversarial/seed1:  51%|█████▏    | 1538/3000 [17:06<17:44,  1.37it/s]
qwen2.5-vl/pope/ricd/coco/adversarial/seed1:  51%|█████▏    | 1539/3000 [17:07<17:45,  1.37it/s]
qwen2.5-vl/pope/ricd/coco/adversarial/seed1:  51%|█████▏    | 1540/3000 [17:08<17:46,  1.37it/s]
qwen2.5-vl/pope/ricd/coco/adversarial/seed1:  51%|█████▏    | 1541/3000 [17:08<17:46,  1.37it/s]
qwen2.5-vl/pope/ricd/coco/adversarial/seed1:  51%|█████▏    | 1542/3000 [17:09<17:47,  1.37it/s]
qwen2.5-vl/pope/ricd/coco/adversarial/seed1:  51%|█████▏    | 1543/3000 [17:10<17:42,  1.37it/s]
qwen2.5-vl/pope/ricd/coco/adversarial/seed1:  51%|█████▏    | 1544/3000 [17:10<17:40,  1.37it/s]
qwen2.5-vl/pope/ricd/coco/adversarial/seed1:  52%|█████▏    | 1545/3000 [17:11<17:42,  1.37it/s]
qwen2.5-vl/pope/ricd/coco/adversarial/seed1:  52%|█████▏    | 1546/3000 [17:12<17:44,  1.37it/s]
qwen2.5-vl/pope/ricd/coco/adversarial/seed1:  52%|█████▏    | 1547/3000 [17:13<17:45,  1.36it/s]
qwen2.5-vl/pope/ricd/coco/adversarial/seed1:  52%|█████▏    | 1548/3000 [17:13<17:40,  1.37it/s]
qwen2.5-vl/pope/ricd/coco/adversarial/seed1:  52%|█████▏    | 1549/3000 [17:14<16:45,  1.44it/s]
qwen2.5-vl/pope/ricd/coco/adversarial/seed1:  52%|█████▏    | 1550/3000 [17:15<16:06,  1.50it/s]
qwen2.5-vl/pope/ricd/coco/adversarial/seed1:  52%|█████▏    | 1551/3000 [17:15<15:41,  1.54it/s]
qwen2.5-vl/pope/ricd/coco/adversarial/seed1:  52%|█████▏    | 1552/3000 [17:16<15:24,  1.57it/s]
qwen2.5-vl/pope/ricd/coco/adversarial/seed1:  52%|█████▏    | 1553/3000 [17:16<15:10,  1.59it/s]
qwen2.5-vl/pope/ricd/coco/adversarial/seed1:  52%|█████▏    | 1554/3000 [17:17<14:59,  1.61it/s]
qwen2.5-vl/pope/ricd/coco/adversarial/seed1:  52%|█████▏    | 1555/3000 [17:18<15:46,  1.53it/s]
qwen2.5-vl/pope/ricd/coco/adversarial/seed1:  52%|█████▏    | 1556/3000 [17:18<16:17,  1.48it/s]
qwen2.5-vl/pope/ricd/coco/adversarial/seed1:  52%|█████▏    | 1557/3000 [17:19<16:42,  1.44it/s]
qwen2.5-vl/pope/ricd/coco/adversarial/seed1:  52%|█████▏    | 1558/3000 [17:20<16:59,  1.41it/s]
qwen2.5-vl/pope/ricd/coco/adversarial/seed1:  52%|█████▏    | 1559/3000 [17:21<17:07,  1.40it/s]
qwen2.5-vl/pope/ricd/coco/adversarial/seed1:  52%|█████▏    | 1560/3000 [17:21<17:15,  1.39it/s]
qwen2.5-vl/pope/ricd/coco/adversarial/seed1:  52%|█████▏    | 1561/3000 [17:22<17:01,  1.41it/s]
qwen2.5-vl/pope/ricd/coco/adversarial/seed1:  52%|█████▏    | 1562/3000 [17:23<16:52,  1.42it/s]
qwen2.5-vl/pope/ricd/coco/adversarial/seed1:  52%|█████▏    | 1563/3000 [17:23<16:43,  1.43it/s]
qwen2.5-vl/pope/ricd/coco/adversarial/seed1:  52%|█████▏    | 1564/3000 [17:24<16:37,  1.44it/s]
qwen2.5-vl/pope/ricd/coco/adversarial/seed1:  52%|█████▏    | 1565/3000 [17:25<16:35,  1.44it/s]
qwen2.5-vl/pope/ricd/coco/adversarial/seed1:  52%|█████▏    | 1566/3000 [17:26<16:36,  1.44it/s]
qwen2.5-vl/pope/ricd/coco/adversarial/seed1:  52%|█████▏    | 1567/3000 [17:26<16:52,  1.42it/s]
qwen2.5-vl/pope/ricd/coco/adversarial/seed1:  52%|█████▏    | 1568/3000 [17:27<17:01,  1.40it/s]
qwen2.5-vl/pope/ricd/coco/adversarial/seed1:  52%|█████▏    | 1569/3000 [17:28<17:08,  1.39it/s]
qwen2.5-vl/pope/ricd/coco/adversarial/seed1:  52%|█████▏    | 1570/3000 [17:28<17:13,  1.38it/s]
qwen2.5-vl/pope/ricd/coco/adversarial/seed1:  52%|█████▏    | 1571/3000 [17:29<17:15,  1.38it/s]
qwen2.5-vl/pope/ricd/coco/adversarial/seed1:  52%|█████▏    | 1572/3000 [17:30<17:19,  1.37it/s]
qwen2.5-vl/pope/ricd/coco/adversarial/seed1:  52%|█████▏    | 1573/3000 [17:30<14:40,  1.62it/s]
qwen2.5-vl/pope/ricd/coco/adversarial/seed1:  52%|█████▏    | 1574/3000 [17:31<12:51,  1.85it/s]
qwen2.5-vl/pope/ricd/coco/adversarial/seed1:  52%|█████▎    | 1575/3000 [17:31<11:33,  2.05it/s]
qwen2.5-vl/pope/ricd/coco/adversarial/seed1:  53%|█████▎    | 1576/3000 [17:31<10:39,  2.23it/s]
qwen2.5-vl/pope/ricd/coco/adversarial/seed1:  53%|█████▎    | 1577/3000 [17:32<10:01,  2.36it/s]
qwen2.5-vl/pope/ricd/coco/adversarial/seed1:  53%|█████▎    | 1578/3000 [17:32<09:35,  2.47it/s]
qwen2.5-vl/pope/ricd/coco/adversarial/seed1:  53%|█████▎    | 1579/3000 [17:33<11:38,  2.03it/s]
qwen2.5-vl/pope/ricd/coco/adversarial/seed1:  53%|█████▎    | 1580/3000 [17:34<13:02,  1.82it/s]
qwen2.5-vl/pope/ricd/coco/adversarial/seed1:  53%|█████▎    | 1581/3000 [17:34<14:00,  1.69it/s]
qwen2.5-vl/pope/ricd/coco/adversarial/seed1:  53%|█████▎    | 1582/3000 [17:35<14:42,  1.61it/s]
qwen2.5-vl/pope/ricd/coco/adversarial/seed1:  53%|█████▎    | 1583/3000 [17:36<15:13,  1.55it/s]
qwen2.5-vl/pope/ricd/coco/adversarial/seed1:  53%|█████▎    | 1584/3000 [17:36<15:36,  1.51it/s]
qwen2.5-vl/pope/ricd/coco/adversarial/seed1:  53%|█████▎    | 1585/3000 [17:37<16:06,  1.46it/s]
qwen2.5-vl/pope/ricd/coco/adversarial/seed1:  53%|█████▎    | 1586/3000 [17:38<16:25,  1.43it/s]
qwen2.5-vl/pope/ricd/coco/adversarial/seed1:  53%|█████▎    | 1587/3000 [17:38<16:40,  1.41it/s]
qwen2.5-vl/pope/ricd/coco/adversarial/seed1:  53%|█████▎    | 1588/3000 [17:39<16:49,  1.40it/s]
qwen2.5-vl/pope/ricd/coco/adversarial/seed1:  53%|█████▎    | 1589/3000 [17:40<16:56,  1.39it/s]
qwen2.5-vl/pope/ricd/coco/adversarial/seed1:  53%|█████▎    | 1590/3000 [17:41<17:00,  1.38it/s]
qwen2.5-vl/pope/ricd/coco/adversarial/seed1:  53%|█████▎    | 1591/3000 [17:41<17:03,  1.38it/s]
qwen2.5-vl/pope/ricd/coco/adversarial/seed1:  53%|█████▎    | 1592/3000 [17:42<17:08,  1.37it/s]
qwen2.5-vl/pope/ricd/coco/adversarial/seed1:  53%|█████▎    | 1593/3000 [17:43<17:09,  1.37it/s]
qwen2.5-vl/pope/ricd/coco/adversarial/seed1:  53%|█████▎    | 1594/3000 [17:44<17:10,  1.37it/s]
qwen2.5-vl/pope/ricd/coco/adversarial/seed1:  53%|█████▎    | 1595/3000 [17:44<17:07,  1.37it/s]
qwen2.5-vl/pope/ricd/coco/adversarial/seed1:  53%|█████▎    | 1596/3000 [17:45<17:04,  1.37it/s]
qwen2.5-vl/pope/ricd/coco/adversarial/seed1:  53%|█████▎    | 1597/3000 [17:46<17:35,  1.33it/s]
qwen2.5-vl/pope/ricd/coco/adversarial/seed1:  53%|█████▎    | 1598/3000 [17:47<18:02,  1.30it/s]
qwen2.5-vl/pope/ricd/coco/adversarial/seed1:  53%|█████▎    | 1599/3000 [17:48<18:16,  1.28it/s]
qwen2.5-vl/pope/ricd/coco/adversarial/seed1:  53%|█████▎    | 1600/3000 [17:48<18:28,  1.26it/s]
qwen2.5-vl/pope/ricd/coco/adversarial/seed1:  53%|█████▎    | 1601/3000 [17:49<18:38,  1.25it/s]
qwen2.5-vl/pope/ricd/coco/adversarial/seed1:  53%|█████▎    | 1602/3000 [17:50<18:45,  1.24it/s]
qwen2.5-vl/pope/ricd/coco/adversarial/seed1:  53%|█████▎    | 1603/3000 [17:51<19:56,  1.17it/s]
qwen2.5-vl/pope/ricd/coco/adversarial/seed1:  53%|█████▎    | 1604/3000 [17:52<20:49,  1.12it/s]
qwen2.5-vl/pope/ricd/coco/adversarial/seed1:  54%|█████▎    | 1605/3000 [17:53<21:22,  1.09it/s]
qwen2.5-vl/pope/ricd/coco/adversarial/seed1:  54%|█████▎    | 1606/3000 [17:54<21:41,  1.07it/s]
qwen2.5-vl/pope/ricd/coco/adversarial/seed1:  54%|█████▎    | 1607/3000 [17:55<22:15,  1.04it/s]
qwen2.5-vl/pope/ricd/coco/adversarial/seed1:  54%|█████▎    | 1608/3000 [17:56<22:32,  1.03it/s]
qwen2.5-vl/pope/ricd/coco/adversarial/seed1:  54%|█████▎    | 1609/3000 [17:56<19:47,  1.17it/s]
qwen2.5-vl/pope/ricd/coco/adversarial/seed1:  54%|█████▎    | 1610/3000 [17:57<17:46,  1.30it/s]
qwen2.5-vl/pope/ricd/coco/adversarial/seed1:  54%|█████▎    | 1611/3000 [17:58<16:25,  1.41it/s]
qwen2.5-vl/pope/ricd/coco/adversarial/seed1:  54%|█████▎    | 1612/3000 [17:58<15:28,  1.49it/s]
qwen2.5-vl/pope/ricd/coco/adversarial/seed1:  54%|█████▍    | 1613/3000 [17:59<14:47,  1.56it/s]
qwen2.5-vl/pope/ricd/coco/adversarial/seed1:  54%|█████▍    | 1614/3000 [17:59<14:15,  1.62it/s]
qwen2.5-vl/pope/ricd/coco/adversarial/seed1:  54%|█████▍    | 1615/3000 [18:00<14:16,  1.62it/s]
qwen2.5-vl/pope/ricd/coco/adversarial/seed1:  54%|█████▍    | 1616/3000 [18:01<14:13,  1.62it/s]
qwen2.5-vl/pope/ricd/coco/adversarial/seed1:  54%|█████▍    | 1617/3000 [18:01<14:15,  1.62it/s]
qwen2.5-vl/pope/ricd/coco/adversarial/seed1:  54%|█████▍    | 1618/3000 [18:02<14:13,  1.62it/s]
qwen2.5-vl/pope/ricd/coco/adversarial/seed1:  54%|█████▍    | 1619/3000 [18:02<14:13,  1.62it/s]
qwen2.5-vl/pope/ricd/coco/adversarial/seed1:  54%|█████▍    | 1620/3000 [18:03<14:23,  1.60it/s]
qwen2.5-vl/pope/ricd/coco/adversarial/seed1:  54%|█████▍    | 1621/3000 [18:04<14:18,  1.61it/s]
qwen2.5-vl/pope/ricd/coco/adversarial/seed1:  54%|█████▍    | 1622/3000 [18:04<14:15,  1.61it/s]
qwen2.5-vl/pope/ricd/coco/adversarial/seed1:  54%|█████▍    | 1623/3000 [18:05<14:11,  1.62it/s]
qwen2.5-vl/pope/ricd/coco/adversarial/seed1:  54%|█████▍    | 1624/3000 [18:05<14:09,  1.62it/s]
qwen2.5-vl/pope/ricd/coco/adversarial/seed1:  54%|█████▍    | 1625/3000 [18:06<14:07,  1.62it/s]
qwen2.5-vl/pope/ricd/coco/adversarial/seed1:  54%|█████▍    | 1626/3000 [18:07<14:04,  1.63it/s]
qwen2.5-vl/pope/ricd/coco/adversarial/seed1:  54%|█████▍    | 1627/3000 [18:07<14:49,  1.54it/s]
qwen2.5-vl/pope/ricd/coco/adversarial/seed1:  54%|█████▍    | 1628/3000 [18:08<15:22,  1.49it/s]
qwen2.5-vl/pope/ricd/coco/adversarial/seed1:  54%|█████▍    | 1629/3000 [18:09<15:47,  1.45it/s]
qwen2.5-vl/pope/ricd/coco/adversarial/seed1:  54%|█████▍    | 1630/3000 [18:10<16:07,  1.42it/s]
qwen2.5-vl/pope/ricd/coco/adversarial/seed1:  54%|█████▍    | 1631/3000 [18:10<16:19,  1.40it/s]
qwen2.5-vl/pope/ricd/coco/adversarial/seed1:  54%|█████▍    | 1632/3000 [18:11<16:27,  1.38it/s]
qwen2.5-vl/pope/ricd/coco/adversarial/seed1:  54%|█████▍    | 1633/3000 [18:12<15:24,  1.48it/s]
qwen2.5-vl/pope/ricd/coco/adversarial/seed1:  54%|█████▍    | 1634/3000 [18:12<14:40,  1.55it/s]
qwen2.5-vl/pope/ricd/coco/adversarial/seed1:  55%|█████▍    | 1635/3000 [18:13<14:07,  1.61it/s]
qwen2.5-vl/pope/ricd/coco/adversarial/seed1:  55%|█████▍    | 1636/3000 [18:13<13:45,  1.65it/s]
qwen2.5-vl/pope/ricd/coco/adversarial/seed1:  55%|█████▍    | 1637/3000 [18:14<13:30,  1.68it/s]
qwen2.5-vl/pope/ricd/coco/adversarial/seed1:  55%|█████▍    | 1638/3000 [18:15<13:19,  1.70it/s]
qwen2.5-vl/pope/ricd/coco/adversarial/seed1:  55%|█████▍    | 1639/3000 [18:15<13:32,  1.68it/s]
qwen2.5-vl/pope/ricd/coco/adversarial/seed1:  55%|█████▍    | 1640/3000 [18:16<13:37,  1.66it/s]
qwen2.5-vl/pope/ricd/coco/adversarial/seed1:  55%|█████▍    | 1641/3000 [18:16<13:43,  1.65it/s]
qwen2.5-vl/pope/ricd/coco/adversarial/seed1:  55%|█████▍    | 1642/3000 [18:17<13:48,  1.64it/s]
qwen2.5-vl/pope/ricd/coco/adversarial/seed1:  55%|█████▍    | 1643/3000 [18:18<13:50,  1.63it/s]
qwen2.5-vl/pope/ricd/coco/adversarial/seed1:  55%|█████▍    | 1644/3000 [18:18<13:50,  1.63it/s]
qwen2.5-vl/pope/ricd/coco/adversarial/seed1:  55%|█████▍    | 1645/3000 [18:19<14:37,  1.54it/s]
qwen2.5-vl/pope/ricd/coco/adversarial/seed1:  55%|█████▍    | 1646/3000 [18:20<15:12,  1.48it/s]
qwen2.5-vl/pope/ricd/coco/adversarial/seed1:  55%|█████▍    | 1647/3000 [18:20<15:33,  1.45it/s]
qwen2.5-vl/pope/ricd/coco/adversarial/seed1:  55%|█████▍    | 1648/3000 [18:21<15:52,  1.42it/s]
qwen2.5-vl/pope/ricd/coco/adversarial/seed1:  55%|█████▍    | 1649/3000 [18:22<16:03,  1.40it/s]
qwen2.5-vl/pope/ricd/coco/adversarial/seed1:  55%|█████▌    | 1650/3000 [18:23<16:09,  1.39it/s]
qwen2.5-vl/pope/ricd/coco/adversarial/seed1:  55%|█████▌    | 1651/3000 [18:23<15:26,  1.46it/s]
qwen2.5-vl/pope/ricd/coco/adversarial/seed1:  55%|█████▌    | 1652/3000 [18:24<14:57,  1.50it/s]
qwen2.5-vl/pope/ricd/coco/adversarial/seed1:  55%|█████▌    | 1653/3000 [18:24<14:35,  1.54it/s]
qwen2.5-vl/pope/ricd/coco/adversarial/seed1:  55%|█████▌    | 1654/3000 [18:25<14:20,  1.56it/s]
qwen2.5-vl/pope/ricd/coco/adversarial/seed1:  55%|█████▌    | 1655/3000 [18:26<14:09,  1.58it/s]
qwen2.5-vl/pope/ricd/coco/adversarial/seed1:  55%|█████▌    | 1656/3000 [18:26<14:00,  1.60it/s]
qwen2.5-vl/pope/ricd/coco/adversarial/seed1:  55%|█████▌    | 1657/3000 [18:27<13:54,  1.61it/s]
qwen2.5-vl/pope/ricd/coco/adversarial/seed1:  55%|█████▌    | 1658/3000 [18:28<13:49,  1.62it/s]
qwen2.5-vl/pope/ricd/coco/adversarial/seed1:  55%|█████▌    | 1659/3000 [18:28<13:47,  1.62it/s]
qwen2.5-vl/pope/ricd/coco/adversarial/seed1:  55%|█████▌    | 1660/3000 [18:29<13:45,  1.62it/s]
qwen2.5-vl/pope/ricd/coco/adversarial/seed1:  55%|█████▌    | 1661/3000 [18:29<13:43,  1.63it/s]
qwen2.5-vl/pope/ricd/coco/adversarial/seed1:  55%|█████▌    | 1662/3000 [18:30<13:40,  1.63it/s]
qwen2.5-vl/pope/ricd/coco/adversarial/seed1:  55%|█████▌    | 1663/3000 [18:31<13:36,  1.64it/s]
qwen2.5-vl/pope/ricd/coco/adversarial/seed1:  55%|█████▌    | 1664/3000 [18:31<13:34,  1.64it/s]
qwen2.5-vl/pope/ricd/coco/adversarial/seed1:  56%|█████▌    | 1665/3000 [18:32<13:34,  1.64it/s]
qwen2.5-vl/pope/ricd/coco/adversarial/seed1:  56%|█████▌    | 1666/3000 [18:32<13:37,  1.63it/s]
qwen2.5-vl/pope/ricd/coco/adversarial/seed1:  56%|█████▌    | 1667/3000 [18:33<13:36,  1.63it/s]
qwen2.5-vl/pope/ricd/coco/adversarial/seed1:  56%|█████▌    | 1668/3000 [18:34<13:37,  1.63it/s]
qwen2.5-vl/pope/ricd/coco/adversarial/seed1:  56%|█████▌    | 1669/3000 [18:34<13:37,  1.63it/s]
qwen2.5-vl/pope/ricd/coco/adversarial/seed1:  56%|█████▌    | 1670/3000 [18:35<13:37,  1.63it/s]
qwen2.5-vl/pope/ricd/coco/adversarial/seed1:  56%|█████▌    | 1671/3000 [18:36<13:35,  1.63it/s]
qwen2.5-vl/pope/ricd/coco/adversarial/seed1:  56%|█████▌    | 1672/3000 [18:36<13:34,  1.63it/s]
qwen2.5-vl/pope/ricd/coco/adversarial/seed1:  56%|█████▌    | 1673/3000 [18:37<13:34,  1.63it/s]
qwen2.5-vl/pope/ricd/coco/adversarial/seed1:  56%|█████▌    | 1674/3000 [18:37<13:33,  1.63it/s]
qwen2.5-vl/pope/ricd/coco/adversarial/seed1:  56%|█████▌    | 1675/3000 [18:38<14:22,  1.54it/s]
qwen2.5-vl/pope/ricd/coco/adversarial/seed1:  56%|█████▌    | 1676/3000 [18:39<14:57,  1.48it/s]
qwen2.5-vl/pope/ricd/coco/adversarial/seed1:  56%|█████▌    | 1677/3000 [18:40<15:20,  1.44it/s]
qwen2.5-vl/pope/ricd/coco/adversarial/seed1:  56%|█████▌    | 1678/3000 [18:40<15:35,  1.41it/s]
qwen2.5-vl/pope/ricd/coco/adversarial/seed1:  56%|█████▌    | 1679/3000 [18:41<15:44,  1.40it/s]
qwen2.5-vl/pope/ricd/coco/adversarial/seed1:  56%|█████▌    | 1680/3000 [18:42<15:52,  1.39it/s]
qwen2.5-vl/pope/ricd/coco/adversarial/seed1:  56%|█████▌    | 1681/3000 [18:42<14:49,  1.48it/s]
qwen2.5-vl/pope/ricd/coco/adversarial/seed1:  56%|█████▌    | 1682/3000 [18:43<14:03,  1.56it/s]
qwen2.5-vl/pope/ricd/coco/adversarial/seed1:  56%|█████▌    | 1683/3000 [18:43<13:32,  1.62it/s]
qwen2.5-vl/pope/ricd/coco/adversarial/seed1:  56%|█████▌    | 1684/3000 [18:44<13:19,  1.65it/s]
qwen2.5-vl/pope/ricd/coco/adversarial/seed1:  56%|█████▌    | 1685/3000 [18:45<13:07,  1.67it/s]
qwen2.5-vl/pope/ricd/coco/adversarial/seed1:  56%|█████▌    | 1686/3000 [18:45<12:54,  1.70it/s]
qwen2.5-vl/pope/ricd/coco/adversarial/seed1:  56%|█████▌    | 1687/3000 [18:46<13:50,  1.58it/s]
qwen2.5-vl/pope/ricd/coco/adversarial/seed1:  56%|█████▋    | 1688/3000 [18:47<14:33,  1.50it/s]
qwen2.5-vl/pope/ricd/coco/adversarial/seed1:  56%|█████▋    | 1689/3000 [18:47<15:03,  1.45it/s]
qwen2.5-vl/pope/ricd/coco/adversarial/seed1:  56%|█████▋    | 1690/3000 [18:48<15:21,  1.42it/s]
qwen2.5-vl/pope/ricd/coco/adversarial/seed1:  56%|█████▋    | 1691/3000 [18:49<15:35,  1.40it/s]
qwen2.5-vl/pope/ricd/coco/adversarial/seed1:  56%|█████▋    | 1692/3000 [18:50<15:42,  1.39it/s]
qwen2.5-vl/pope/ricd/coco/adversarial/seed1:  56%|█████▋    | 1693/3000 [18:50<14:58,  1.45it/s]
qwen2.5-vl/pope/ricd/coco/adversarial/seed1:  56%|█████▋    | 1694/3000 [18:51<14:30,  1.50it/s]
qwen2.5-vl/pope/ricd/coco/adversarial/seed1:  56%|█████▋    | 1695/3000 [18:51<14:09,  1.54it/s]
qwen2.5-vl/pope/ricd/coco/adversarial/seed1:  57%|█████▋    | 1696/3000 [18:52<13:54,  1.56it/s]
qwen2.5-vl/pope/ricd/coco/adversarial/seed1:  57%|█████▋    | 1697/3000 [18:53<13:41,  1.59it/s]
qwen2.5-vl/pope/ricd/coco/adversarial/seed1:  57%|█████▋    | 1698/3000 [18:53<13:36,  1.60it/s]
qwen2.5-vl/pope/ricd/coco/adversarial/seed1:  57%|█████▋    | 1699/3000 [18:54<14:15,  1.52it/s]
qwen2.5-vl/pope/ricd/coco/adversarial/seed1:  57%|█████▋    | 1700/3000 [18:55<14:40,  1.48it/s]
qwen2.5-vl/pope/ricd/coco/adversarial/seed1:  57%|█████▋    | 1701/3000 [18:55<15:01,  1.44it/s]
qwen2.5-vl/pope/ricd/coco/adversarial/seed1:  57%|█████▋    | 1702/3000 [18:56<15:16,  1.42it/s]
qwen2.5-vl/pope/ricd/coco/adversarial/seed1:  57%|█████▋    | 1703/3000 [18:57<15:30,  1.39it/s]
qwen2.5-vl/pope/ricd/coco/adversarial/seed1:  57%|█████▋    | 1704/3000 [18:58<15:35,  1.39it/s]
qwen2.5-vl/pope/ricd/coco/adversarial/seed1:  57%|█████▋    | 1705/3000 [18:58<16:02,  1.35it/s]
qwen2.5-vl/pope/ricd/coco/adversarial/seed1:  57%|█████▋    | 1706/3000 [18:59<16:17,  1.32it/s]
qwen2.5-vl/pope/ricd/coco/adversarial/seed1:  57%|█████▋    | 1707/3000 [19:00<16:29,  1.31it/s]
qwen2.5-vl/pope/ricd/coco/adversarial/seed1:  57%|█████▋    | 1708/3000 [19:01<16:32,  1.30it/s]
qwen2.5-vl/pope/ricd/coco/adversarial/seed1:  57%|█████▋    | 1709/3000 [19:02<16:35,  1.30it/s]
qwen2.5-vl/pope/ricd/coco/adversarial/seed1:  57%|█████▋    | 1710/3000 [19:02<16:42,  1.29it/s]
qwen2.5-vl/pope/ricd/coco/adversarial/seed1:  57%|█████▋    | 1711/3000 [19:03<14:09,  1.52it/s]
qwen2.5-vl/pope/ricd/coco/adversarial/seed1:  57%|█████▋    | 1712/3000 [19:03<12:22,  1.74it/s]
qwen2.5-vl/pope/ricd/coco/adversarial/seed1:  57%|█████▋    | 1713/3000 [19:04<11:06,  1.93it/s]
qwen2.5-vl/pope/ricd/coco/adversarial/seed1:  57%|█████▋    | 1714/3000 [19:04<10:13,  2.10it/s]
qwen2.5-vl/pope/ricd/coco/adversarial/seed1:  57%|█████▋    | 1715/3000 [19:04<09:36,  2.23it/s]
qwen2.5-vl/pope/ricd/coco/adversarial/seed1:  57%|█████▋    | 1716/3000 [19:05<09:10,  2.33it/s]
qwen2.5-vl/pope/ricd/coco/adversarial/seed1:  57%|█████▋    | 1717/3000 [19:05<11:03,  1.93it/s]
qwen2.5-vl/pope/ricd/coco/adversarial/seed1:  57%|█████▋    | 1718/3000 [19:06<12:22,  1.73it/s]
qwen2.5-vl/pope/ricd/coco/adversarial/seed1:  57%|█████▋    | 1719/3000 [19:07<13:18,  1.61it/s]
qwen2.5-vl/pope/ricd/coco/adversarial/seed1:  57%|█████▋    | 1720/3000 [19:08<13:55,  1.53it/s]
qwen2.5-vl/pope/ricd/coco/adversarial/seed1:  57%|█████▋    | 1721/3000 [19:08<14:25,  1.48it/s]
qwen2.5-vl/pope/ricd/coco/adversarial/seed1:  57%|█████▋    | 1722/3000 [19:09<14:44,  1.45it/s]
qwen2.5-vl/pope/ricd/coco/adversarial/seed1:  57%|█████▋    | 1723/3000 [19:10<14:57,  1.42it/s]
qwen2.5-vl/pope/ricd/coco/adversarial/seed1:  57%|█████▋    | 1724/3000 [19:11<15:05,  1.41it/s]
qwen2.5-vl/pope/ricd/coco/adversarial/seed1:  57%|█████▊    | 1725/3000 [19:11<15:12,  1.40it/s]
qwen2.5-vl/pope/ricd/coco/adversarial/seed1:  58%|█████▊    | 1726/3000 [19:12<15:15,  1.39it/s]
qwen2.5-vl/pope/ricd/coco/adversarial/seed1:  58%|█████▊    | 1727/3000 [19:13<15:17,  1.39it/s]
qwen2.5-vl/pope/ricd/coco/adversarial/seed1:  58%|█████▊    | 1728/3000 [19:13<15:23,  1.38it/s]
qwen2.5-vl/pope/ricd/coco/adversarial/seed1:  58%|█████▊    | 1729/3000 [19:14<15:43,  1.35it/s]
qwen2.5-vl/pope/ricd/coco/adversarial/seed1:  58%|█████▊    | 1730/3000 [19:15<15:57,  1.33it/s]
qwen2.5-vl/pope/ricd/coco/adversarial/seed1:  58%|█████▊    | 1731/3000 [19:16<16:08,  1.31it/s]
qwen2.5-vl/pope/ricd/coco/adversarial/seed1:  58%|█████▊    | 1732/3000 [19:17<16:17,  1.30it/s]
qwen2.5-vl/pope/ricd/coco/adversarial/seed1:  58%|█████▊    | 1733/3000 [19:17<16:23,  1.29it/s]
qwen2.5-vl/pope/ricd/coco/adversarial/seed1:  58%|█████▊    | 1734/3000 [19:18<16:25,  1.28it/s]
qwen2.5-vl/pope/ricd/coco/adversarial/seed1:  58%|█████▊    | 1735/3000 [19:19<15:19,  1.38it/s]
qwen2.5-vl/pope/ricd/coco/adversarial/seed1:  58%|█████▊    | 1736/3000 [19:19<14:33,  1.45it/s]
qwen2.5-vl/pope/ricd/coco/adversarial/seed1:  58%|█████▊    | 1737/3000 [19:20<14:01,  1.50it/s]
qwen2.5-vl/pope/ricd/coco/adversarial/seed1:  58%|█████▊    | 1738/3000 [19:21<13:37,  1.54it/s]
qwen2.5-vl/pope/ricd/coco/adversarial/seed1:  58%|█████▊    | 1739/3000 [19:21<13:21,  1.57it/s]
qwen2.5-vl/pope/ricd/coco/adversarial/seed1:  58%|█████▊    | 1740/3000 [19:22<13:10,  1.59it/s]
qwen2.5-vl/pope/ricd/coco/adversarial/seed1:  58%|█████▊    | 1741/3000 [19:22<12:44,  1.65it/s]
qwen2.5-vl/pope/ricd/coco/adversarial/seed1:  58%|█████▊    | 1742/3000 [19:23<12:26,  1.68it/s]
qwen2.5-vl/pope/ricd/coco/adversarial/seed1:  58%|█████▊    | 1743/3000 [19:23<12:13,  1.71it/s]
qwen2.5-vl/pope/ricd/coco/adversarial/seed1:  58%|█████▊    | 1744/3000 [19:24<12:05,  1.73it/s]
qwen2.5-vl/pope/ricd/coco/adversarial/seed1:  58%|█████▊    | 1745/3000 [19:25<11:58,  1.75it/s]
qwen2.5-vl/pope/ricd/coco/adversarial/seed1:  58%|█████▊    | 1746/3000 [19:25<11:53,  1.76it/s]
qwen2.5-vl/pope/ricd/coco/adversarial/seed1:  58%|█████▊    | 1747/3000 [19:26<12:06,  1.72it/s]
qwen2.5-vl/pope/ricd/coco/adversarial/seed1:  58%|█████▊    | 1748/3000 [19:26<12:15,  1.70it/s]
qwen2.5-vl/pope/ricd/coco/adversarial/seed1:  58%|█████▊    | 1749/3000 [19:27<12:21,  1.69it/s]
qwen2.5-vl/pope/ricd/coco/adversarial/seed1:  58%|█████▊    | 1750/3000 [19:28<12:26,  1.67it/s]
qwen2.5-vl/pope/ricd/coco/adversarial/seed1:  58%|█████▊    | 1751/3000 [19:28<12:30,  1.66it/s]
qwen2.5-vl/pope/ricd/coco/adversarial/seed1:  58%|█████▊    | 1752/3000 [19:29<12:33,  1.66it/s]
qwen2.5-vl/pope/ricd/coco/adversarial/seed1:  58%|█████▊    | 1753/3000 [19:29<13:06,  1.59it/s]
qwen2.5-vl/pope/ricd/coco/adversarial/seed1:  58%|█████▊    | 1754/3000 [19:30<13:29,  1.54it/s]
qwen2.5-vl/pope/ricd/coco/adversarial/seed1:  58%|█████▊    | 1755/3000 [19:31<13:44,  1.51it/s]
qwen2.5-vl/pope/ricd/coco/adversarial/seed1:  59%|█████▊    | 1756/3000 [19:32<13:54,  1.49it/s]
qwen2.5-vl/pope/ricd/coco/adversarial/seed1:  59%|█████▊    | 1757/3000 [19:32<14:01,  1.48it/s]
qwen2.5-vl/pope/ricd/coco/adversarial/seed1:  59%|█████▊    | 1758/3000 [19:33<14:05,  1.47it/s]
qwen2.5-vl/pope/ricd/coco/adversarial/seed1:  59%|█████▊    | 1759/3000 [19:33<12:12,  1.69it/s]
qwen2.5-vl/pope/ricd/coco/adversarial/seed1:  59%|█████▊    | 1760/3000 [19:34<10:53,  1.90it/s]
qwen2.5-vl/pope/ricd/coco/adversarial/seed1:  59%|█████▊    | 1761/3000 [19:34<09:57,  2.07it/s]
qwen2.5-vl/pope/ricd/coco/adversarial/seed1:  59%|█████▊    | 1762/3000 [19:34<09:18,  2.22it/s]
qwen2.5-vl/pope/ricd/coco/adversarial/seed1:  59%|█████▉    | 1763/3000 [19:35<08:51,  2.33it/s]
qwen2.5-vl/pope/ricd/coco/adversarial/seed1:  59%|█████▉    | 1764/3000 [19:35<08:32,  2.41it/s]
qwen2.5-vl/pope/ricd/coco/adversarial/seed1:  59%|█████▉    | 1765/3000 [19:36<09:42,  2.12it/s]
qwen2.5-vl/pope/ricd/coco/adversarial/seed1:  59%|█████▉    | 1766/3000 [19:36<10:31,  1.95it/s]
qwen2.5-vl/pope/ricd/coco/adversarial/seed1:  59%|█████▉    | 1767/3000 [19:37<11:06,  1.85it/s]
qwen2.5-vl/pope/ricd/coco/adversarial/seed1:  59%|█████▉    | 1768/3000 [19:38<11:29,  1.79it/s]
qwen2.5-vl/pope/ricd/coco/adversarial/seed1:  59%|█████▉    | 1769/3000 [19:38<11:46,  1.74it/s]
qwen2.5-vl/pope/ricd/coco/adversarial/seed1:  59%|█████▉    | 1770/3000 [19:39<11:57,  1.71it/s]
qwen2.5-vl/pope/ricd/coco/adversarial/seed1:  59%|█████▉    | 1771/3000 [19:39<12:05,  1.69it/s]
qwen2.5-vl/pope/ricd/coco/adversarial/seed1:  59%|█████▉    | 1772/3000 [19:40<12:10,  1.68it/s]
qwen2.5-vl/pope/ricd/coco/adversarial/seed1:  59%|█████▉    | 1773/3000 [19:41<12:13,  1.67it/s]
qwen2.5-vl/pope/ricd/coco/adversarial/seed1:  59%|█████▉    | 1774/3000 [19:41<12:19,  1.66it/s]
qwen2.5-vl/pope/ricd/coco/adversarial/seed1:  59%|█████▉    | 1775/3000 [19:42<12:24,  1.65it/s]
qwen2.5-vl/pope/ricd/coco/adversarial/seed1:  59%|█████▉    | 1776/3000 [19:43<12:26,  1.64it/s]
qwen2.5-vl/pope/ricd/coco/adversarial/seed1:  59%|█████▉    | 1777/3000 [19:43<13:11,  1.54it/s]
qwen2.5-vl/pope/ricd/coco/adversarial/seed1:  59%|█████▉    | 1778/3000 [19:44<13:43,  1.48it/s]
qwen2.5-vl/pope/ricd/coco/adversarial/seed1:  59%|█████▉    | 1779/3000 [19:45<14:05,  1.44it/s]
qwen2.5-vl/pope/ricd/coco/adversarial/seed1:  59%|█████▉    | 1780/3000 [19:45<14:30,  1.40it/s]
qwen2.5-vl/pope/ricd/coco/adversarial/seed1:  59%|█████▉    | 1781/3000 [19:46<14:37,  1.39it/s]
qwen2.5-vl/pope/ricd/coco/adversarial/seed1:  59%|█████▉    | 1782/3000 [19:47<14:42,  1.38it/s]
qwen2.5-vl/pope/ricd/coco/adversarial/seed1:  59%|█████▉    | 1783/3000 [19:48<16:38,  1.22it/s]
qwen2.5-vl/pope/ricd/coco/adversarial/seed1:  59%|█████▉    | 1784/3000 [19:49<17:28,  1.16it/s]
qwen2.5-vl/pope/ricd/coco/adversarial/seed1:  60%|█████▉    | 1785/3000 [19:50<18:06,  1.12it/s]
qwen2.5-vl/pope/ricd/coco/adversarial/seed1:  60%|█████▉    | 1786/3000 [19:51<18:28,  1.10it/s]
qwen2.5-vl/pope/ricd/coco/adversarial/seed1:  60%|█████▉    | 1787/3000 [19:52<18:40,  1.08it/s]
qwen2.5-vl/pope/ricd/coco/adversarial/seed1:  60%|█████▉    | 1788/3000 [19:53<18:53,  1.07it/s]
qwen2.5-vl/pope/ricd/coco/adversarial/seed1:  60%|█████▉    | 1789/3000 [19:53<16:57,  1.19it/s]
qwen2.5-vl/pope/ricd/coco/adversarial/seed1:  60%|█████▉    | 1790/3000 [19:54<15:34,  1.29it/s]
qwen2.5-vl/pope/ricd/coco/adversarial/seed1:  60%|█████▉    | 1791/3000 [19:55<14:35,  1.38it/s]
qwen2.5-vl/pope/ricd/coco/adversarial/seed1:  60%|█████▉    | 1792/3000 [19:55<13:54,  1.45it/s]
qwen2.5-vl/pope/ricd/coco/adversarial/seed1:  60%|█████▉    | 1793/3000 [19:56<13:27,  1.49it/s]
qwen2.5-vl/pope/ricd/coco/adversarial/seed1:  60%|█████▉    | 1794/3000 [19:56<13:05,  1.54it/s]
qwen2.5-vl/pope/ricd/coco/adversarial/seed1:  60%|█████▉    | 1795/3000 [19:57<13:33,  1.48it/s]
qwen2.5-vl/pope/ricd/coco/adversarial/seed1:  60%|█████▉    | 1796/3000 [19:58<13:54,  1.44it/s]
qwen2.5-vl/pope/ricd/coco/adversarial/seed1:  60%|█████▉    | 1797/3000 [19:59<14:08,  1.42it/s]
qwen2.5-vl/pope/ricd/coco/adversarial/seed1:  60%|█████▉    | 1798/3000 [19:59<14:21,  1.40it/s]
qwen2.5-vl/pope/ricd/coco/adversarial/seed1:  60%|█████▉    | 1799/3000 [20:00<14:28,  1.38it/s]
qwen2.5-vl/pope/ricd/coco/adversarial/seed1:  60%|██████    | 1800/3000 [20:01<14:32,  1.37it/s]
qwen2.5-vl/pope/ricd/coco/adversarial/seed1:  60%|██████    | 1801/3000 [20:02<13:52,  1.44it/s]
qwen2.5-vl/pope/ricd/coco/adversarial/seed1:  60%|██████    | 1802/3000 [20:02<13:21,  1.49it/s]
qwen2.5-vl/pope/ricd/coco/adversarial/seed1:  60%|██████    | 1803/3000 [20:03<13:01,  1.53it/s]
qwen2.5-vl/pope/ricd/coco/adversarial/seed1:  60%|██████    | 1804/3000 [20:03<12:45,  1.56it/s]
qwen2.5-vl/pope/ricd/coco/adversarial/seed1:  60%|██████    | 1805/3000 [20:04<12:35,  1.58it/s]
qwen2.5-vl/pope/ricd/coco/adversarial/seed1:  60%|██████    | 1806/3000 [20:05<12:25,  1.60it/s]
qwen2.5-vl/pope/ricd/coco/adversarial/seed1:  60%|██████    | 1807/3000 [20:05<13:20,  1.49it/s]
qwen2.5-vl/pope/ricd/coco/adversarial/seed1:  60%|██████    | 1808/3000 [20:06<13:58,  1.42it/s]
qwen2.5-vl/pope/ricd/coco/adversarial/seed1:  60%|██████    | 1809/3000 [20:07<14:24,  1.38it/s]
qwen2.5-vl/pope/ricd/coco/adversarial/seed1:  60%|██████    | 1810/3000 [20:08<14:47,  1.34it/s]
qwen2.5-vl/pope/ricd/coco/adversarial/seed1:  60%|██████    | 1811/3000 [20:08<15:02,  1.32it/s]
qwen2.5-vl/pope/ricd/coco/adversarial/seed1:  60%|██████    | 1812/3000 [20:09<15:09,  1.31it/s]
qwen2.5-vl/pope/ricd/coco/adversarial/seed1:  60%|██████    | 1813/3000 [20:10<14:56,  1.32it/s]
qwen2.5-vl/pope/ricd/coco/adversarial/seed1:  60%|██████    | 1814/3000 [20:11<14:47,  1.34it/s]
qwen2.5-vl/pope/ricd/coco/adversarial/seed1:  60%|██████    | 1815/3000 [20:11<14:41,  1.34it/s]
qwen2.5-vl/pope/ricd/coco/adversarial/seed1:  61%|██████    | 1816/3000 [20:12<14:36,  1.35it/s]
qwen2.5-vl/pope/ricd/coco/adversarial/seed1:  61%|██████    | 1817/3000 [20:13<14:34,  1.35it/s]
qwen2.5-vl/pope/ricd/coco/adversarial/seed1:  61%|██████    | 1818/3000 [20:14<14:31,  1.36it/s]
qwen2.5-vl/pope/ricd/coco/adversarial/seed1:  61%|██████    | 1819/3000 [20:15<15:48,  1.24it/s]
qwen2.5-vl/pope/ricd/coco/adversarial/seed1:  61%|██████    | 1820/3000 [20:16<16:44,  1.17it/s]
qwen2.5-vl/pope/ricd/coco/adversarial/seed1:  61%|██████    | 1821/3000 [20:17<17:20,  1.13it/s]
qwen2.5-vl/pope/ricd/coco/adversarial/seed1:  61%|██████    | 1822/3000 [20:17<17:43,  1.11it/s]
qwen2.5-vl/pope/ricd/coco/adversarial/seed1:  61%|██████    | 1823/3000 [20:18<18:02,  1.09it/s]
qwen2.5-vl/pope/ricd/coco/adversarial/seed1:  61%|██████    | 1824/3000 [20:19<18:15,  1.07it/s]
qwen2.5-vl/pope/ricd/coco/adversarial/seed1:  61%|██████    | 1825/3000 [20:20<16:49,  1.16it/s]
qwen2.5-vl/pope/ricd/coco/adversarial/seed1:  61%|██████    | 1826/3000 [20:21<15:51,  1.23it/s]
qwen2.5-vl/pope/ricd/coco/adversarial/seed1:  61%|██████    | 1827/3000 [20:21<15:09,  1.29it/s]
qwen2.5-vl/pope/ricd/coco/adversarial/seed1:  61%|██████    | 1828/3000 [20:22<14:40,  1.33it/s]
qwen2.5-vl/pope/ricd/coco/adversarial/seed1:  61%|██████    | 1829/3000 [20:23<14:19,  1.36it/s]
qwen2.5-vl/pope/ricd/coco/adversarial/seed1:  61%|██████    | 1830/3000 [20:24<14:03,  1.39it/s]
qwen2.5-vl/pope/ricd/coco/adversarial/seed1:  61%|██████    | 1831/3000 [20:24<14:09,  1.38it/s]
qwen2.5-vl/pope/ricd/coco/adversarial/seed1:  61%|██████    | 1832/3000 [20:25<14:11,  1.37it/s]
qwen2.5-vl/pope/ricd/coco/adversarial/seed1:  61%|██████    | 1833/3000 [20:26<14:13,  1.37it/s]
qwen2.5-vl/pope/ricd/coco/adversarial/seed1:  61%|██████    | 1834/3000 [20:27<14:13,  1.37it/s]
qwen2.5-vl/pope/ricd/coco/adversarial/seed1:  61%|██████    | 1835/3000 [20:27<14:13,  1.36it/s]
qwen2.5-vl/pope/ricd/coco/adversarial/seed1:  61%|██████    | 1836/3000 [20:28<14:14,  1.36it/s]
qwen2.5-vl/pope/ricd/coco/adversarial/seed1:  61%|██████    | 1837/3000 [20:29<15:30,  1.25it/s]
qwen2.5-vl/pope/ricd/coco/adversarial/seed1:  61%|██████▏   | 1838/3000 [20:30<16:23,  1.18it/s]
qwen2.5-vl/pope/ricd/coco/adversarial/seed1:  61%|██████▏   | 1839/3000 [20:31<17:02,  1.13it/s]
qwen2.5-vl/pope/ricd/coco/adversarial/seed1:  61%|██████▏   | 1840/3000 [20:32<17:30,  1.10it/s]
qwen2.5-vl/pope/ricd/coco/adversarial/seed1:  61%|██████▏   | 1841/3000 [20:33<17:49,  1.08it/s]
qwen2.5-vl/pope/ricd/coco/adversarial/seed1:  61%|██████▏   | 1842/3000 [20:34<18:02,  1.07it/s]
qwen2.5-vl/pope/ricd/coco/adversarial/seed1:  61%|██████▏   | 1843/3000 [20:34<16:00,  1.20it/s]
qwen2.5-vl/pope/ricd/coco/adversarial/seed1:  61%|██████▏   | 1844/3000 [20:35<14:34,  1.32it/s]
qwen2.5-vl/pope/ricd/coco/adversarial/seed1:  62%|██████▏   | 1845/3000 [20:35<13:31,  1.42it/s]
qwen2.5-vl/pope/ricd/coco/adversarial/seed1:  62%|██████▏   | 1846/3000 [20:36<12:50,  1.50it/s]
qwen2.5-vl/pope/ricd/coco/adversarial/seed1:  62%|██████▏   | 1847/3000 [20:37<12:20,  1.56it/s]
qwen2.5-vl/pope/ricd/coco/adversarial/seed1:  62%|██████▏   | 1848/3000 [20:37<11:59,  1.60it/s]
qwen2.5-vl/pope/ricd/coco/adversarial/seed1:  62%|██████▏   | 1849/3000 [20:38<11:55,  1.61it/s]
qwen2.5-vl/pope/ricd/coco/adversarial/seed1:  62%|██████▏   | 1850/3000 [20:38<11:51,  1.62it/s]
qwen2.5-vl/pope/ricd/coco/adversarial/seed1:  62%|██████▏   | 1851/3000 [20:39<11:48,  1.62it/s]
qwen2.5-vl/pope/ricd/coco/adversarial/seed1:  62%|██████▏   | 1852/3000 [20:40<11:45,  1.63it/s]
qwen2.5-vl/pope/ricd/coco/adversarial/seed1:  62%|██████▏   | 1853/3000 [20:40<11:42,  1.63it/s]
qwen2.5-vl/pope/ricd/coco/adversarial/seed1:  62%|██████▏   | 1854/3000 [20:41<11:40,  1.64it/s]
qwen2.5-vl/pope/ricd/coco/adversarial/seed1:  62%|██████▏   | 1855/3000 [20:42<12:20,  1.55it/s]
qwen2.5-vl/pope/ricd/coco/adversarial/seed1:  62%|██████▏   | 1856/3000 [20:42<12:48,  1.49it/s]
qwen2.5-vl/pope/ricd/coco/adversarial/seed1:  62%|██████▏   | 1857/3000 [20:43<13:05,  1.46it/s]
qwen2.5-vl/pope/ricd/coco/adversarial/seed1:  62%|██████▏   | 1858/3000 [20:44<13:16,  1.43it/s]
qwen2.5-vl/pope/ricd/coco/adversarial/seed1:  62%|██████▏   | 1859/3000 [20:45<13:24,  1.42it/s]
qwen2.5-vl/pope/ricd/coco/adversarial/seed1:  62%|██████▏   | 1860/3000 [20:45<13:30,  1.41it/s]
qwen2.5-vl/pope/ricd/coco/adversarial/seed1:  62%|██████▏   | 1861/3000 [20:46<12:53,  1.47it/s]
qwen2.5-vl/pope/ricd/coco/adversarial/seed1:  62%|██████▏   | 1862/3000 [20:46<12:27,  1.52it/s]
qwen2.5-vl/pope/ricd/coco/adversarial/seed1:  62%|██████▏   | 1863/3000 [20:47<12:09,  1.56it/s]
qwen2.5-vl/pope/ricd/coco/adversarial/seed1:  62%|██████▏   | 1864/3000 [20:48<11:56,  1.59it/s]
qwen2.5-vl/pope/ricd/coco/adversarial/seed1:  62%|██████▏   | 1865/3000 [20:48<11:47,  1.60it/s]
qwen2.5-vl/pope/ricd/coco/adversarial/seed1:  62%|██████▏   | 1866/3000 [20:49<11:40,  1.62it/s]
qwen2.5-vl/pope/ricd/coco/adversarial/seed1:  62%|██████▏   | 1867/3000 [20:50<11:35,  1.63it/s]
qwen2.5-vl/pope/ricd/coco/adversarial/seed1:  62%|██████▏   | 1868/3000 [20:50<11:32,  1.63it/s]
qwen2.5-vl/pope/ricd/coco/adversarial/seed1:  62%|██████▏   | 1869/3000 [20:51<11:29,  1.64it/s]
qwen2.5-vl/pope/ricd/coco/adversarial/seed1:  62%|██████▏   | 1870/3000 [20:51<11:28,  1.64it/s]
qwen2.5-vl/pope/ricd/coco/adversarial/seed1:  62%|██████▏   | 1871/3000 [20:52<11:29,  1.64it/s]
qwen2.5-vl/pope/ricd/coco/adversarial/seed1:  62%|██████▏   | 1872/3000 [20:53<11:27,  1.64it/s]
qwen2.5-vl/pope/ricd/coco/adversarial/seed1:  62%|██████▏   | 1873/3000 [20:53<11:10,  1.68it/s]
qwen2.5-vl/pope/ricd/coco/adversarial/seed1:  62%|██████▏   | 1874/3000 [20:54<10:58,  1.71it/s]
qwen2.5-vl/pope/ricd/coco/adversarial/seed1:  62%|██████▎   | 1875/3000 [20:54<10:49,  1.73it/s]
qwen2.5-vl/pope/ricd/coco/adversarial/seed1:  63%|██████▎   | 1876/3000 [20:55<10:43,  1.75it/s]
qwen2.5-vl/pope/ricd/coco/adversarial/seed1:  63%|██████▎   | 1877/3000 [20:55<10:39,  1.76it/s]
qwen2.5-vl/pope/ricd/coco/adversarial/seed1:  63%|██████▎   | 1878/3000 [20:56<10:36,  1.76it/s]
qwen2.5-vl/pope/ricd/coco/adversarial/seed1:  63%|██████▎   | 1879/3000 [20:57<11:29,  1.63it/s]
qwen2.5-vl/pope/ricd/coco/adversarial/seed1:  63%|██████▎   | 1880/3000 [20:57<12:05,  1.54it/s]
qwen2.5-vl/pope/ricd/coco/adversarial/seed1:  63%|██████▎   | 1881/3000 [20:58<12:32,  1.49it/s]
qwen2.5-vl/pope/ricd/coco/adversarial/seed1:  63%|██████▎   | 1882/3000 [20:59<12:48,  1.45it/s]
qwen2.5-vl/pope/ricd/coco/adversarial/seed1:  63%|██████▎   | 1883/3000 [21:00<13:00,  1.43it/s]
qwen2.5-vl/pope/ricd/coco/adversarial/seed1:  63%|██████▎   | 1884/3000 [21:00<13:09,  1.41it/s]
qwen2.5-vl/pope/ricd/coco/adversarial/seed1:  63%|██████▎   | 1885/3000 [21:01<13:14,  1.40it/s]
qwen2.5-vl/pope/ricd/coco/adversarial/seed1:  63%|██████▎   | 1886/3000 [21:02<13:17,  1.40it/s]
qwen2.5-vl/pope/ricd/coco/adversarial/seed1:  63%|██████▎   | 1887/3000 [21:02<13:21,  1.39it/s]
qwen2.5-vl/pope/ricd/coco/adversarial/seed1:  63%|██████▎   | 1888/3000 [21:03<13:21,  1.39it/s]
qwen2.5-vl/pope/ricd/coco/adversarial/seed1:  63%|██████▎   | 1889/3000 [21:04<13:21,  1.39it/s]
qwen2.5-vl/pope/ricd/coco/adversarial/seed1:  63%|██████▎   | 1890/3000 [21:05<13:21,  1.38it/s]
qwen2.5-vl/pope/ricd/coco/adversarial/seed1:  63%|██████▎   | 1891/3000 [21:06<14:40,  1.26it/s]
qwen2.5-vl/pope/ricd/coco/adversarial/seed1:  63%|██████▎   | 1892/3000 [21:07<15:32,  1.19it/s]
qwen2.5-vl/pope/ricd/coco/adversarial/seed1:  63%|██████▎   | 1893/3000 [21:07<16:07,  1.14it/s]
qwen2.5-vl/pope/ricd/coco/adversarial/seed1:  63%|██████▎   | 1894/3000 [21:08<16:31,  1.12it/s]
qwen2.5-vl/pope/ricd/coco/adversarial/seed1:  63%|██████▎   | 1895/3000 [21:09<16:48,  1.10it/s]
qwen2.5-vl/pope/ricd/coco/adversarial/seed1:  63%|██████▎   | 1896/3000 [21:10<17:00,  1.08it/s]
qwen2.5-vl/pope/ricd/coco/adversarial/seed1:  63%|██████▎   | 1897/3000 [21:11<16:48,  1.09it/s]
qwen2.5-vl/pope/ricd/coco/adversarial/seed1:  63%|██████▎   | 1898/3000 [21:12<16:40,  1.10it/s]
qwen2.5-vl/pope/ricd/coco/adversarial/seed1:  63%|██████▎   | 1899/3000 [21:13<16:35,  1.11it/s]
qwen2.5-vl/pope/ricd/coco/adversarial/seed1:  63%|██████▎   | 1900/3000 [21:14<16:31,  1.11it/s]
qwen2.5-vl/pope/ricd/coco/adversarial/seed1:  63%|██████▎   | 1901/3000 [21:15<16:26,  1.11it/s]
qwen2.5-vl/pope/ricd/coco/adversarial/seed1:  63%|██████▎   | 1902/3000 [21:16<16:21,  1.12it/s]
qwen2.5-vl/pope/ricd/coco/adversarial/seed1:  63%|██████▎   | 1903/3000 [21:16<15:26,  1.18it/s]
qwen2.5-vl/pope/ricd/coco/adversarial/seed1:  63%|██████▎   | 1904/3000 [21:17<14:49,  1.23it/s]
qwen2.5-vl/pope/ricd/coco/adversarial/seed1:  64%|██████▎   | 1905/3000 [21:18<14:22,  1.27it/s]
qwen2.5-vl/pope/ricd/coco/adversarial/seed1:  64%|██████▎   | 1906/3000 [21:19<14:04,  1.30it/s]
qwen2.5-vl/pope/ricd/coco/adversarial/seed1:  64%|██████▎   | 1907/3000 [21:19<13:51,  1.31it/s]
qwen2.5-vl/pope/ricd/coco/adversarial/seed1:  64%|██████▎   | 1908/3000 [21:20<13:40,  1.33it/s]
qwen2.5-vl/pope/ricd/coco/adversarial/seed1:  64%|██████▎   | 1909/3000 [21:21<13:21,  1.36it/s]
qwen2.5-vl/pope/ricd/coco/adversarial/seed1:  64%|██████▎   | 1910/3000 [21:21<13:06,  1.39it/s]
qwen2.5-vl/pope/ricd/coco/adversarial/seed1:  64%|██████▎   | 1911/3000 [21:22<12:55,  1.40it/s]
qwen2.5-vl/pope/ricd/coco/adversarial/seed1:  64%|██████▎   | 1912/3000 [21:23<12:48,  1.42it/s]
qwen2.5-vl/pope/ricd/coco/adversarial/seed1:  64%|██████▍   | 1913/3000 [21:24<12:42,  1.42it/s]
qwen2.5-vl/pope/ricd/coco/adversarial/seed1:  64%|██████▍   | 1914/3000 [21:24<12:39,  1.43it/s]
qwen2.5-vl/pope/ricd/coco/adversarial/seed1:  64%|██████▍   | 1915/3000 [21:25<12:46,  1.41it/s]
qwen2.5-vl/pope/ricd/coco/adversarial/seed1:  64%|██████▍   | 1916/3000 [21:26<12:52,  1.40it/s]
qwen2.5-vl/pope/ricd/coco/adversarial/seed1:  64%|██████▍   | 1917/3000 [21:26<12:55,  1.40it/s]
qwen2.5-vl/pope/ricd/coco/adversarial/seed1:  64%|██████▍   | 1918/3000 [21:27<12:57,  1.39it/s]
qwen2.5-vl/pope/ricd/coco/adversarial/seed1:  64%|██████▍   | 1919/3000 [21:28<12:58,  1.39it/s]
qwen2.5-vl/pope/ricd/coco/adversarial/seed1:  64%|██████▍   | 1920/3000 [21:29<12:59,  1.39it/s]
qwen2.5-vl/pope/ricd/coco/adversarial/seed1:  64%|██████▍   | 1921/3000 [21:29<12:22,  1.45it/s]
qwen2.5-vl/pope/ricd/coco/adversarial/seed1:  64%|██████▍   | 1922/3000 [21:30<11:55,  1.51it/s]
qwen2.5-vl/pope/ricd/coco/adversarial/seed1:  64%|██████▍   | 1923/3000 [21:30<11:37,  1.55it/s]
qwen2.5-vl/pope/ricd/coco/adversarial/seed1:  64%|██████▍   | 1924/3000 [21:31<11:23,  1.58it/s]
qwen2.5-vl/pope/ricd/coco/adversarial/seed1:  64%|██████▍   | 1925/3000 [21:32<11:13,  1.60it/s]
qwen2.5-vl/pope/ricd/coco/adversarial/seed1:  64%|██████▍   | 1926/3000 [21:32<11:08,  1.61it/s]
qwen2.5-vl/pope/ricd/coco/adversarial/seed1:  64%|██████▍   | 1927/3000 [21:33<11:48,  1.51it/s]
qwen2.5-vl/pope/ricd/coco/adversarial/seed1:  64%|██████▍   | 1928/3000 [21:34<12:12,  1.46it/s]
qwen2.5-vl/pope/ricd/coco/adversarial/seed1:  64%|██████▍   | 1929/3000 [21:34<12:29,  1.43it/s]
qwen2.5-vl/pope/ricd/coco/adversarial/seed1:  64%|██████▍   | 1930/3000 [21:35<12:40,  1.41it/s]
qwen2.5-vl/pope/ricd/coco/adversarial/seed1:  64%|██████▍   | 1931/3000 [21:36<12:48,  1.39it/s]
qwen2.5-vl/pope/ricd/coco/adversarial/seed1:  64%|██████▍   | 1932/3000 [21:37<12:54,  1.38it/s]
qwen2.5-vl/pope/ricd/coco/adversarial/seed1:  64%|██████▍   | 1933/3000 [21:37<12:18,  1.45it/s]
qwen2.5-vl/pope/ricd/coco/adversarial/seed1:  64%|██████▍   | 1934/3000 [21:38<11:51,  1.50it/s]
qwen2.5-vl/pope/ricd/coco/adversarial/seed1:  64%|██████▍   | 1935/3000 [21:38<11:32,  1.54it/s]
qwen2.5-vl/pope/ricd/coco/adversarial/seed1:  65%|██████▍   | 1936/3000 [21:39<11:20,  1.56it/s]
qwen2.5-vl/pope/ricd/coco/adversarial/seed1:  65%|██████▍   | 1937/3000 [21:40<11:11,  1.58it/s]
qwen2.5-vl/pope/ricd/coco/adversarial/seed1:  65%|██████▍   | 1938/3000 [21:40<11:04,  1.60it/s]
qwen2.5-vl/pope/ricd/coco/adversarial/seed1:  65%|██████▍   | 1939/3000 [21:41<11:03,  1.60it/s]
qwen2.5-vl/pope/ricd/coco/adversarial/seed1:  65%|██████▍   | 1940/3000 [21:42<11:00,  1.60it/s]
qwen2.5-vl/pope/ricd/coco/adversarial/seed1:  65%|██████▍   | 1941/3000 [21:42<10:57,  1.61it/s]
qwen2.5-vl/pope/ricd/coco/adversarial/seed1:  65%|██████▍   | 1942/3000 [21:43<10:54,  1.62it/s]
qwen2.5-vl/pope/ricd/coco/adversarial/seed1:  65%|██████▍   | 1943/3000 [21:43<10:52,  1.62it/s]
qwen2.5-vl/pope/ricd/coco/adversarial/seed1:  65%|██████▍   | 1944/3000 [21:44<10:55,  1.61it/s]
qwen2.5-vl/pope/ricd/coco/adversarial/seed1:  65%|██████▍   | 1945/3000 [21:44<09:47,  1.79it/s]
qwen2.5-vl/pope/ricd/coco/adversarial/seed1:  65%|██████▍   | 1946/3000 [21:45<09:00,  1.95it/s]
qwen2.5-vl/pope/ricd/coco/adversarial/seed1:  65%|██████▍   | 1947/3000 [21:45<08:26,  2.08it/s]
qwen2.5-vl/pope/ricd/coco/adversarial/seed1:  65%|██████▍   | 1948/3000 [21:46<08:03,  2.18it/s]
qwen2.5-vl/pope/ricd/coco/adversarial/seed1:  65%|██████▍   | 1949/3000 [21:46<07:47,  2.25it/s]
qwen2.5-vl/pope/ricd/coco/adversarial/seed1:  65%|██████▌   | 1950/3000 [21:47<07:35,  2.30it/s]
qwen2.5-vl/pope/ricd/coco/adversarial/seed1:  65%|██████▌   | 1951/3000 [21:47<09:10,  1.91it/s]
qwen2.5-vl/pope/ricd/coco/adversarial/seed1:  65%|██████▌   | 1952/3000 [21:48<10:20,  1.69it/s]
qwen2.5-vl/pope/ricd/coco/adversarial/seed1:  65%|██████▌   | 1953/3000 [21:49<11:02,  1.58it/s]
qwen2.5-vl/pope/ricd/coco/adversarial/seed1:  65%|██████▌   | 1954/3000 [21:49<11:31,  1.51it/s]
qwen2.5-vl/pope/ricd/coco/adversarial/seed1:  65%|██████▌   | 1955/3000 [21:50<11:51,  1.47it/s]
qwen2.5-vl/pope/ricd/coco/adversarial/seed1:  65%|██████▌   | 1956/3000 [21:51<12:05,  1.44it/s]
qwen2.5-vl/pope/ricd/coco/adversarial/seed1:  65%|██████▌   | 1957/3000 [21:52<12:17,  1.41it/s]
qwen2.5-vl/pope/ricd/coco/adversarial/seed1:  65%|██████▌   | 1958/3000 [21:52<12:26,  1.40it/s]
qwen2.5-vl/pope/ricd/coco/adversarial/seed1:  65%|██████▌   | 1959/3000 [21:53<12:32,  1.38it/s]
qwen2.5-vl/pope/ricd/coco/adversarial/seed1:  65%|██████▌   | 1960/3000 [21:54<12:34,  1.38it/s]
qwen2.5-vl/pope/ricd/coco/adversarial/seed1:  65%|██████▌   | 1961/3000 [21:55<12:35,  1.37it/s]
qwen2.5-vl/pope/ricd/coco/adversarial/seed1:  65%|██████▌   | 1962/3000 [21:55<12:37,  1.37it/s]
qwen2.5-vl/pope/ricd/coco/adversarial/seed1:  65%|██████▌   | 1963/3000 [21:56<12:17,  1.41it/s]
qwen2.5-vl/pope/ricd/coco/adversarial/seed1:  65%|██████▌   | 1964/3000 [21:57<12:05,  1.43it/s]
qwen2.5-vl/pope/ricd/coco/adversarial/seed1:  66%|██████▌   | 1965/3000 [21:57<11:56,  1.44it/s]
qwen2.5-vl/pope/ricd/coco/adversarial/seed1:  66%|██████▌   | 1966/3000 [21:58<11:51,  1.45it/s]
qwen2.5-vl/pope/ricd/coco/adversarial/seed1:  66%|██████▌   | 1967/3000 [21:59<11:44,  1.47it/s]
qwen2.5-vl/pope/ricd/coco/adversarial/seed1:  66%|██████▌   | 1968/3000 [21:59<11:41,  1.47it/s]
qwen2.5-vl/pope/ricd/coco/adversarial/seed1:  66%|██████▌   | 1969/3000 [22:00<10:09,  1.69it/s]
qwen2.5-vl/pope/ricd/coco/adversarial/seed1:  66%|██████▌   | 1970/3000 [22:00<09:05,  1.89it/s]
qwen2.5-vl/pope/ricd/coco/adversarial/seed1:  66%|██████▌   | 1971/3000 [22:00<08:18,  2.06it/s]
qwen2.5-vl/pope/ricd/coco/adversarial/seed1:  66%|██████▌   | 1972/3000 [22:01<07:47,  2.20it/s]
qwen2.5-vl/pope/ricd/coco/adversarial/seed1:  66%|██████▌   | 1973/3000 [22:01<07:25,  2.30it/s]
qwen2.5-vl/pope/ricd/coco/adversarial/seed1:  66%|██████▌   | 1974/3000 [22:02<07:08,  2.39it/s]
qwen2.5-vl/pope/ricd/coco/adversarial/seed1:  66%|██████▌   | 1975/3000 [22:02<08:06,  2.11it/s]
qwen2.5-vl/pope/ricd/coco/adversarial/seed1:  66%|██████▌   | 1976/3000 [22:03<08:46,  1.94it/s]
qwen2.5-vl/pope/ricd/coco/adversarial/seed1:  66%|██████▌   | 1977/3000 [22:03<09:17,  1.83it/s]
qwen2.5-vl/pope/ricd/coco/adversarial/seed1:  66%|██████▌   | 1978/3000 [22:04<09:39,  1.76it/s]
qwen2.5-vl/pope/ricd/coco/adversarial/seed1:  66%|██████▌   | 1979/3000 [22:05<09:55,  1.72it/s]
qwen2.5-vl/pope/ricd/coco/adversarial/seed1:  66%|██████▌   | 1980/3000 [22:05<10:03,  1.69it/s]
qwen2.5-vl/pope/ricd/coco/adversarial/seed1:  66%|██████▌   | 1981/3000 [22:06<10:08,  1.68it/s]
qwen2.5-vl/pope/ricd/coco/adversarial/seed1:  66%|██████▌   | 1982/3000 [22:07<10:11,  1.66it/s]
qwen2.5-vl/pope/ricd/coco/adversarial/seed1:  66%|██████▌   | 1983/3000 [22:07<10:14,  1.65it/s]
qwen2.5-vl/pope/ricd/coco/adversarial/seed1:  66%|██████▌   | 1984/3000 [22:08<10:16,  1.65it/s]
qwen2.5-vl/pope/ricd/coco/adversarial/seed1:  66%|██████▌   | 1985/3000 [22:08<10:18,  1.64it/s]
qwen2.5-vl/pope/ricd/coco/adversarial/seed1:  66%|██████▌   | 1986/3000 [22:09<10:18,  1.64it/s]
qwen2.5-vl/pope/ricd/coco/adversarial/seed1:  66%|██████▌   | 1987/3000 [22:10<10:55,  1.55it/s]
qwen2.5-vl/pope/ricd/coco/adversarial/seed1:  66%|██████▋   | 1988/3000 [22:10<11:21,  1.48it/s]
qwen2.5-vl/pope/ricd/coco/adversarial/seed1:  66%|██████▋   | 1989/3000 [22:11<11:38,  1.45it/s]
qwen2.5-vl/pope/ricd/coco/adversarial/seed1:  66%|██████▋   | 1990/3000 [22:12<11:50,  1.42it/s]
qwen2.5-vl/pope/ricd/coco/adversarial/seed1:  66%|██████▋   | 1991/3000 [22:13<11:58,  1.40it/s]
qwen2.5-vl/pope/ricd/coco/adversarial/seed1:  66%|██████▋   | 1992/3000 [22:13<12:01,  1.40it/s]
qwen2.5-vl/pope/ricd/coco/adversarial/seed1:  66%|██████▋   | 1993/3000 [22:14<12:03,  1.39it/s]
qwen2.5-vl/pope/ricd/coco/adversarial/seed1:  66%|██████▋   | 1994/3000 [22:15<12:06,  1.38it/s]
qwen2.5-vl/pope/ricd/coco/adversarial/seed1:  66%|██████▋   | 1995/3000 [22:16<12:09,  1.38it/s]
qwen2.5-vl/pope/ricd/coco/adversarial/seed1:  67%|██████▋   | 1996/3000 [22:16<12:12,  1.37it/s]
qwen2.5-vl/pope/ricd/coco/adversarial/seed1:  67%|██████▋   | 1997/3000 [22:17<12:13,  1.37it/s]
qwen2.5-vl/pope/ricd/coco/adversarial/seed1:  67%|██████▋   | 1998/3000 [22:18<12:12,  1.37it/s]
qwen2.5-vl/pope/ricd/coco/adversarial/seed1:  67%|██████▋   | 1999/3000 [22:18<10:28,  1.59it/s]
qwen2.5-vl/pope/ricd/coco/adversarial/seed1:  67%|██████▋   | 2000/3000 [22:19<09:14,  1.80it/s]
qwen2.5-vl/pope/ricd/coco/adversarial/seed1:  67%|██████▋   | 2001/3000 [22:19<08:24,  1.98it/s]
qwen2.5-vl/pope/ricd/coco/adversarial/seed1:  67%|██████▋   | 2002/3000 [22:19<07:47,  2.13it/s]
qwen2.5-vl/pope/ricd/coco/adversarial/seed1:  67%|██████▋   | 2003/3000 [22:20<07:21,  2.26it/s]
qwen2.5-vl/pope/ricd/coco/adversarial/seed1:  67%|██████▋   | 2004/3000 [22:20<07:03,  2.35it/s]
qwen2.5-vl/pope/ricd/coco/adversarial/seed1:  67%|██████▋   | 2005/3000 [22:21<07:50,  2.12it/s]
qwen2.5-vl/pope/ricd/coco/adversarial/seed1:  67%|██████▋   | 2006/3000 [22:21<08:22,  1.98it/s]
qwen2.5-vl/pope/ricd/coco/adversarial/seed1:  67%|██████▋   | 2007/3000 [22:22<08:44,  1.89it/s]
qwen2.5-vl/pope/ricd/coco/adversarial/seed1:  67%|██████▋   | 2008/3000 [22:22<09:00,  1.84it/s]
qwen2.5-vl/pope/ricd/coco/adversarial/seed1:  67%|██████▋   | 2009/3000 [22:23<09:10,  1.80it/s]
qwen2.5-vl/pope/ricd/coco/adversarial/seed1:  67%|██████▋   | 2010/3000 [22:24<09:18,  1.77it/s]
qwen2.5-vl/pope/ricd/coco/adversarial/seed1:  67%|██████▋   | 2011/3000 [22:24<10:06,  1.63it/s]
qwen2.5-vl/pope/ricd/coco/adversarial/seed1:  67%|██████▋   | 2012/3000 [22:25<10:38,  1.55it/s]
qwen2.5-vl/pope/ricd/coco/adversarial/seed1:  67%|██████▋   | 2013/3000 [22:26<11:01,  1.49it/s]
qwen2.5-vl/pope/ricd/coco/adversarial/seed1:  67%|██████▋   | 2014/3000 [22:26<11:19,  1.45it/s]
qwen2.5-vl/pope/ricd/coco/adversarial/seed1:  67%|██████▋   | 2015/3000 [22:27<11:33,  1.42it/s]
qwen2.5-vl/pope/ricd/coco/adversarial/seed1:  67%|██████▋   | 2016/3000 [22:28<11:42,  1.40it/s]
qwen2.5-vl/pope/ricd/coco/adversarial/seed1:  67%|██████▋   | 2017/3000 [22:29<11:47,  1.39it/s]
qwen2.5-vl/pope/ricd/coco/adversarial/seed1:  67%|██████▋   | 2018/3000 [22:29<11:50,  1.38it/s]
qwen2.5-vl/pope/ricd/coco/adversarial/seed1:  67%|██████▋   | 2019/3000 [22:30<11:53,  1.38it/s]
qwen2.5-vl/pope/ricd/coco/adversarial/seed1:  67%|██████▋   | 2020/3000 [22:31<11:54,  1.37it/s]
qwen2.5-vl/pope/ricd/coco/adversarial/seed1:  67%|██████▋   | 2021/3000 [22:32<11:55,  1.37it/s]
qwen2.5-vl/pope/ricd/coco/adversarial/seed1:  67%|██████▋   | 2022/3000 [22:32<11:56,  1.37it/s]
qwen2.5-vl/pope/ricd/coco/adversarial/seed1:  67%|██████▋   | 2023/3000 [22:33<11:56,  1.36it/s]
qwen2.5-vl/pope/ricd/coco/adversarial/seed1:  67%|██████▋   | 2024/3000 [22:34<11:56,  1.36it/s]
qwen2.5-vl/pope/ricd/coco/adversarial/seed1:  68%|██████▊   | 2025/3000 [22:35<11:56,  1.36it/s]
qwen2.5-vl/pope/ricd/coco/adversarial/seed1:  68%|██████▊   | 2026/3000 [22:35<11:55,  1.36it/s]
qwen2.5-vl/pope/ricd/coco/adversarial/seed1:  68%|██████▊   | 2027/3000 [22:36<11:51,  1.37it/s]
qwen2.5-vl/pope/ricd/coco/adversarial/seed1:  68%|██████▊   | 2028/3000 [22:37<11:48,  1.37it/s]
qwen2.5-vl/pope/ricd/coco/adversarial/seed1:  68%|██████▊   | 2029/3000 [22:37<11:46,  1.37it/s]
qwen2.5-vl/pope/ricd/coco/adversarial/seed1:  68%|██████▊   | 2030/3000 [22:38<11:46,  1.37it/s]
qwen2.5-vl/pope/ricd/coco/adversarial/seed1:  68%|██████▊   | 2031/3000 [22:39<11:47,  1.37it/s]
qwen2.5-vl/pope/ricd/coco/adversarial/seed1:  68%|██████▊   | 2032/3000 [22:40<11:48,  1.37it/s]
qwen2.5-vl/pope/ricd/coco/adversarial/seed1:  68%|██████▊   | 2033/3000 [22:40<11:47,  1.37it/s]
qwen2.5-vl/pope/ricd/coco/adversarial/seed1:  68%|██████▊   | 2034/3000 [22:41<11:48,  1.36it/s]
qwen2.5-vl/pope/ricd/coco/adversarial/seed1:  68%|██████▊   | 2035/3000 [22:42<11:11,  1.44it/s]
qwen2.5-vl/pope/ricd/coco/adversarial/seed1:  68%|██████▊   | 2036/3000 [22:42<10:47,  1.49it/s]
qwen2.5-vl/pope/ricd/coco/adversarial/seed1:  68%|██████▊   | 2037/3000 [22:43<10:30,  1.53it/s]
qwen2.5-vl/pope/ricd/coco/adversarial/seed1:  68%|██████▊   | 2038/3000 [22:44<10:18,  1.56it/s]
qwen2.5-vl/pope/ricd/coco/adversarial/seed1:  68%|██████▊   | 2039/3000 [22:44<10:08,  1.58it/s]
qwen2.5-vl/pope/ricd/coco/adversarial/seed1:  68%|██████▊   | 2040/3000 [22:45<10:02,  1.59it/s]
qwen2.5-vl/pope/ricd/coco/adversarial/seed1:  68%|██████▊   | 2041/3000 [22:45<09:57,  1.61it/s]
qwen2.5-vl/pope/ricd/coco/adversarial/seed1:  68%|██████▊   | 2042/3000 [22:46<09:52,  1.62it/s]
qwen2.5-vl/pope/ricd/coco/adversarial/seed1:  68%|██████▊   | 2043/3000 [22:47<09:49,  1.62it/s]
qwen2.5-vl/pope/ricd/coco/adversarial/seed1:  68%|██████▊   | 2044/3000 [22:47<09:45,  1.63it/s]
qwen2.5-vl/pope/ricd/coco/adversarial/seed1:  68%|██████▊   | 2045/3000 [22:48<09:48,  1.62it/s]
qwen2.5-vl/pope/ricd/coco/adversarial/seed1:  68%|██████▊   | 2046/3000 [22:49<09:44,  1.63it/s]
qwen2.5-vl/pope/ricd/coco/adversarial/seed1:  68%|██████▊   | 2047/3000 [22:49<09:40,  1.64it/s]
qwen2.5-vl/pope/ricd/coco/adversarial/seed1:  68%|██████▊   | 2048/3000 [22:50<09:38,  1.65it/s]
qwen2.5-vl/pope/ricd/coco/adversarial/seed1:  68%|██████▊   | 2049/3000 [22:50<09:38,  1.64it/s]
qwen2.5-vl/pope/ricd/coco/adversarial/seed1:  68%|██████▊   | 2050/3000 [22:51<09:38,  1.64it/s]
qwen2.5-vl/pope/ricd/coco/adversarial/seed1:  68%|██████▊   | 2051/3000 [22:52<09:37,  1.64it/s]
qwen2.5-vl/pope/ricd/coco/adversarial/seed1:  68%|██████▊   | 2052/3000 [22:52<09:36,  1.64it/s]
qwen2.5-vl/pope/ricd/coco/adversarial/seed1:  68%|██████▊   | 2053/3000 [22:53<10:12,  1.55it/s]
qwen2.5-vl/pope/ricd/coco/adversarial/seed1:  68%|██████▊   | 2054/3000 [22:54<10:36,  1.49it/s]
qwen2.5-vl/pope/ricd/coco/adversarial/seed1:  68%|██████▊   | 2055/3000 [22:54<10:53,  1.45it/s]
qwen2.5-vl/pope/ricd/coco/adversarial/seed1:  69%|██████▊   | 2056/3000 [22:55<11:04,  1.42it/s]
qwen2.5-vl/pope/ricd/coco/adversarial/seed1:  69%|██████▊   | 2057/3000 [22:56<11:11,  1.40it/s]
qwen2.5-vl/pope/ricd/coco/adversarial/seed1:  69%|██████▊   | 2058/3000 [22:57<11:14,  1.40it/s]
qwen2.5-vl/pope/ricd/coco/adversarial/seed1:  69%|██████▊   | 2059/3000 [22:57<10:42,  1.46it/s]
qwen2.5-vl/pope/ricd/coco/adversarial/seed1:  69%|██████▊   | 2060/3000 [22:58<10:19,  1.52it/s]
qwen2.5-vl/pope/ricd/coco/adversarial/seed1:  69%|██████▊   | 2061/3000 [22:58<10:04,  1.55it/s]
qwen2.5-vl/pope/ricd/coco/adversarial/seed1:  69%|██████▊   | 2062/3000 [22:59<09:52,  1.58it/s]
qwen2.5-vl/pope/ricd/coco/adversarial/seed1:  69%|██████▉   | 2063/3000 [23:00<09:44,  1.60it/s]
qwen2.5-vl/pope/ricd/coco/adversarial/seed1:  69%|██████▉   | 2064/3000 [23:00<09:38,  1.62it/s]
qwen2.5-vl/pope/ricd/coco/adversarial/seed1:  69%|██████▉   | 2065/3000 [23:01<10:07,  1.54it/s]
qwen2.5-vl/pope/ricd/coco/adversarial/seed1:  69%|██████▉   | 2066/3000 [23:02<10:28,  1.49it/s]
qwen2.5-vl/pope/ricd/coco/adversarial/seed1:  69%|██████▉   | 2067/3000 [23:02<10:44,  1.45it/s]
qwen2.5-vl/pope/ricd/coco/adversarial/seed1:  69%|██████▉   | 2068/3000 [23:03<10:54,  1.42it/s]
qwen2.5-vl/pope/ricd/coco/adversarial/seed1:  69%|██████▉   | 2069/3000 [23:04<11:03,  1.40it/s]
qwen2.5-vl/pope/ricd/coco/adversarial/seed1:  69%|██████▉   | 2070/3000 [23:05<11:09,  1.39it/s]
qwen2.5-vl/pope/ricd/coco/adversarial/seed1:  69%|██████▉   | 2071/3000 [23:05<10:55,  1.42it/s]
qwen2.5-vl/pope/ricd/coco/adversarial/seed1:  69%|██████▉   | 2072/3000 [23:06<10:45,  1.44it/s]
qwen2.5-vl/pope/ricd/coco/adversarial/seed1:  69%|██████▉   | 2073/3000 [23:07<10:37,  1.45it/s]
qwen2.5-vl/pope/ricd/coco/adversarial/seed1:  69%|██████▉   | 2074/3000 [23:07<10:38,  1.45it/s]
qwen2.5-vl/pope/ricd/coco/adversarial/seed1:  69%|██████▉   | 2075/3000 [23:08<10:40,  1.44it/s]
qwen2.5-vl/pope/ricd/coco/adversarial/seed1:  69%|██████▉   | 2076/3000 [23:09<10:39,  1.44it/s]
qwen2.5-vl/pope/ricd/coco/adversarial/seed1:  69%|██████▉   | 2077/3000 [23:09<10:22,  1.48it/s]
qwen2.5-vl/pope/ricd/coco/adversarial/seed1:  69%|██████▉   | 2078/3000 [23:10<10:11,  1.51it/s]
qwen2.5-vl/pope/ricd/coco/adversarial/seed1:  69%|██████▉   | 2079/3000 [23:11<09:55,  1.55it/s]
qwen2.5-vl/pope/ricd/coco/adversarial/seed1:  69%|██████▉   | 2080/3000 [23:11<09:43,  1.58it/s]
qwen2.5-vl/pope/ricd/coco/adversarial/seed1:  69%|██████▉   | 2081/3000 [23:12<09:35,  1.60it/s]
qwen2.5-vl/pope/ricd/coco/adversarial/seed1:  69%|██████▉   | 2082/3000 [23:12<09:29,  1.61it/s]
qwen2.5-vl/pope/ricd/coco/adversarial/seed1:  69%|██████▉   | 2083/3000 [23:13<10:00,  1.53it/s]
qwen2.5-vl/pope/ricd/coco/adversarial/seed1:  69%|██████▉   | 2084/3000 [23:14<10:32,  1.45it/s]
qwen2.5-vl/pope/ricd/coco/adversarial/seed1:  70%|██████▉   | 2085/3000 [23:15<10:49,  1.41it/s]
qwen2.5-vl/pope/ricd/coco/adversarial/seed1:  70%|██████▉   | 2086/3000 [23:15<10:54,  1.40it/s]
qwen2.5-vl/pope/ricd/coco/adversarial/seed1:  70%|██████▉   | 2087/3000 [23:16<11:00,  1.38it/s]
qwen2.5-vl/pope/ricd/coco/adversarial/seed1:  70%|██████▉   | 2088/3000 [23:17<11:03,  1.37it/s]
qwen2.5-vl/pope/ricd/coco/adversarial/seed1:  70%|██████▉   | 2089/3000 [23:17<10:31,  1.44it/s]
qwen2.5-vl/pope/ricd/coco/adversarial/seed1:  70%|██████▉   | 2090/3000 [23:18<10:09,  1.49it/s]
qwen2.5-vl/pope/ricd/coco/adversarial/seed1:  70%|██████▉   | 2091/3000 [23:19<09:54,  1.53it/s]
qwen2.5-vl/pope/ricd/coco/adversarial/seed1:  70%|██████▉   | 2092/3000 [23:19<09:43,  1.56it/s]
qwen2.5-vl/pope/ricd/coco/adversarial/seed1:  70%|██████▉   | 2093/3000 [23:20<09:35,  1.58it/s]
qwen2.5-vl/pope/ricd/coco/adversarial/seed1:  70%|██████▉   | 2094/3000 [23:21<09:27,  1.60it/s]
qwen2.5-vl/pope/ricd/coco/adversarial/seed1:  70%|██████▉   | 2095/3000 [23:21<09:21,  1.61it/s]
qwen2.5-vl/pope/ricd/coco/adversarial/seed1:  70%|██████▉   | 2096/3000 [23:22<09:17,  1.62it/s]
qwen2.5-vl/pope/ricd/coco/adversarial/seed1:  70%|██████▉   | 2097/3000 [23:22<09:14,  1.63it/s]
qwen2.5-vl/pope/ricd/coco/adversarial/seed1:  70%|██████▉   | 2098/3000 [23:23<09:13,  1.63it/s]
qwen2.5-vl/pope/ricd/coco/adversarial/seed1:  70%|██████▉   | 2099/3000 [23:24<09:17,  1.62it/s]
qwen2.5-vl/pope/ricd/coco/adversarial/seed1:  70%|███████   | 2100/3000 [23:24<09:14,  1.62it/s]
qwen2.5-vl/pope/ricd/coco/adversarial/seed1:  70%|███████   | 2101/3000 [23:25<09:55,  1.51it/s]
qwen2.5-vl/pope/ricd/coco/adversarial/seed1:  70%|███████   | 2102/3000 [23:26<10:24,  1.44it/s]
qwen2.5-vl/pope/ricd/coco/adversarial/seed1:  70%|███████   | 2103/3000 [23:26<10:43,  1.39it/s]
qwen2.5-vl/pope/ricd/coco/adversarial/seed1:  70%|███████   | 2104/3000 [23:27<10:57,  1.36it/s]
qwen2.5-vl/pope/ricd/coco/adversarial/seed1:  70%|███████   | 2105/3000 [23:28<10:56,  1.36it/s]
qwen2.5-vl/pope/ricd/coco/adversarial/seed1:  70%|███████   | 2106/3000 [23:29<10:56,  1.36it/s]
qwen2.5-vl/pope/ricd/coco/adversarial/seed1:  70%|███████   | 2107/3000 [23:29<10:23,  1.43it/s]
qwen2.5-vl/pope/ricd/coco/adversarial/seed1:  70%|███████   | 2108/3000 [23:30<09:57,  1.49it/s]
qwen2.5-vl/pope/ricd/coco/adversarial/seed1:  70%|███████   | 2109/3000 [23:31<09:39,  1.54it/s]
qwen2.5-vl/pope/ricd/coco/adversarial/seed1:  70%|███████   | 2110/3000 [23:31<09:26,  1.57it/s]
qwen2.5-vl/pope/ricd/coco/adversarial/seed1:  70%|███████   | 2111/3000 [23:32<09:18,  1.59it/s]
qwen2.5-vl/pope/ricd/coco/adversarial/seed1:  70%|███████   | 2112/3000 [23:32<09:11,  1.61it/s]
qwen2.5-vl/pope/ricd/coco/adversarial/seed1:  70%|███████   | 2113/3000 [23:33<09:39,  1.53it/s]
qwen2.5-vl/pope/ricd/coco/adversarial/seed1:  70%|███████   | 2114/3000 [23:34<09:58,  1.48it/s]
qwen2.5-vl/pope/ricd/coco/adversarial/seed1:  70%|███████   | 2115/3000 [23:35<10:13,  1.44it/s]
qwen2.5-vl/pope/ricd/coco/adversarial/seed1:  71%|███████   | 2116/3000 [23:35<10:22,  1.42it/s]
qwen2.5-vl/pope/ricd/coco/adversarial/seed1:  71%|███████   | 2117/3000 [23:36<10:27,  1.41it/s]
qwen2.5-vl/pope/ricd/coco/adversarial/seed1:  71%|███████   | 2118/3000 [23:37<10:31,  1.40it/s]
qwen2.5-vl/pope/ricd/coco/adversarial/seed1:  71%|███████   | 2119/3000 [23:37<10:34,  1.39it/s]
qwen2.5-vl/pope/ricd/coco/adversarial/seed1:  71%|███████   | 2120/3000 [23:38<10:36,  1.38it/s]
qwen2.5-vl/pope/ricd/coco/adversarial/seed1:  71%|███████   | 2121/3000 [23:39<10:36,  1.38it/s]
qwen2.5-vl/pope/ricd/coco/adversarial/seed1:  71%|███████   | 2122/3000 [23:40<10:50,  1.35it/s]
qwen2.5-vl/pope/ricd/coco/adversarial/seed1:  71%|███████   | 2123/3000 [23:40<10:49,  1.35it/s]
qwen2.5-vl/pope/ricd/coco/adversarial/seed1:  71%|███████   | 2124/3000 [23:41<10:47,  1.35it/s]
qwen2.5-vl/pope/ricd/coco/adversarial/seed1:  71%|███████   | 2125/3000 [23:42<10:45,  1.35it/s]
qwen2.5-vl/pope/ricd/coco/adversarial/seed1:  71%|███████   | 2126/3000 [23:43<10:41,  1.36it/s]
qwen2.5-vl/pope/ricd/coco/adversarial/seed1:  71%|███████   | 2127/3000 [23:43<10:39,  1.37it/s]
qwen2.5-vl/pope/ricd/coco/adversarial/seed1:  71%|███████   | 2128/3000 [23:44<10:37,  1.37it/s]
qwen2.5-vl/pope/ricd/coco/adversarial/seed1:  71%|███████   | 2129/3000 [23:45<10:35,  1.37it/s]
qwen2.5-vl/pope/ricd/coco/adversarial/seed1:  71%|███████   | 2130/3000 [23:46<10:34,  1.37it/s]
qwen2.5-vl/pope/ricd/coco/adversarial/seed1:  71%|███████   | 2131/3000 [23:46<10:02,  1.44it/s]
qwen2.5-vl/pope/ricd/coco/adversarial/seed1:  71%|███████   | 2132/3000 [23:47<09:38,  1.50it/s]
qwen2.5-vl/pope/ricd/coco/adversarial/seed1:  71%|███████   | 2133/3000 [23:47<09:23,  1.54it/s]
qwen2.5-vl/pope/ricd/coco/adversarial/seed1:  71%|███████   | 2134/3000 [23:48<09:12,  1.57it/s]
qwen2.5-vl/pope/ricd/coco/adversarial/seed1:  71%|███████   | 2135/3000 [23:49<09:10,  1.57it/s]
qwen2.5-vl/pope/ricd/coco/adversarial/seed1:  71%|███████   | 2136/3000 [23:49<09:04,  1.59it/s]
qwen2.5-vl/pope/ricd/coco/adversarial/seed1:  71%|███████   | 2137/3000 [23:50<08:01,  1.79it/s]
qwen2.5-vl/pope/ricd/coco/adversarial/seed1:  71%|███████▏  | 2138/3000 [23:50<07:21,  1.95it/s]
qwen2.5-vl/pope/ricd/coco/adversarial/seed1:  71%|███████▏  | 2139/3000 [23:50<06:53,  2.08it/s]
qwen2.5-vl/pope/ricd/coco/adversarial/seed1:  71%|███████▏  | 2140/3000 [23:51<06:32,  2.19it/s]
qwen2.5-vl/pope/ricd/coco/adversarial/seed1:  71%|███████▏  | 2141/3000 [23:51<06:17,  2.27it/s]
qwen2.5-vl/pope/ricd/coco/adversarial/seed1:  71%|███████▏  | 2142/3000 [23:52<06:07,  2.33it/s]
qwen2.5-vl/pope/ricd/coco/adversarial/seed1:  71%|███████▏  | 2143/3000 [23:52<06:55,  2.06it/s]
qwen2.5-vl/pope/ricd/coco/adversarial/seed1:  71%|███████▏  | 2144/3000 [23:53<07:27,  1.91it/s]
qwen2.5-vl/pope/ricd/coco/adversarial/seed1:  72%|███████▏  | 2145/3000 [23:54<07:51,  1.81it/s]
qwen2.5-vl/pope/ricd/coco/adversarial/seed1:  72%|███████▏  | 2146/3000 [23:54<08:07,  1.75it/s]
qwen2.5-vl/pope/ricd/coco/adversarial/seed1:  72%|███████▏  | 2147/3000 [23:55<08:19,  1.71it/s]
qwen2.5-vl/pope/ricd/coco/adversarial/seed1:  72%|███████▏  | 2148/3000 [23:55<08:26,  1.68it/s]
qwen2.5-vl/pope/ricd/coco/adversarial/seed1:  72%|███████▏  | 2149/3000 [23:56<08:31,  1.67it/s]
qwen2.5-vl/pope/ricd/coco/adversarial/seed1:  72%|███████▏  | 2150/3000 [23:57<08:34,  1.65it/s]
qwen2.5-vl/pope/ricd/coco/adversarial/seed1:  72%|███████▏  | 2151/3000 [23:57<08:34,  1.65it/s]
qwen2.5-vl/pope/ricd/coco/adversarial/seed1:  72%|███████▏  | 2152/3000 [23:58<08:35,  1.65it/s]
qwen2.5-vl/pope/ricd/coco/adversarial/seed1:  72%|███████▏  | 2153/3000 [23:58<08:34,  1.65it/s]
qwen2.5-vl/pope/ricd/coco/adversarial/seed1:  72%|███████▏  | 2154/3000 [23:59<08:34,  1.64it/s]
qwen2.5-vl/pope/ricd/coco/adversarial/seed1:  72%|███████▏  | 2155/3000 [24:00<08:35,  1.64it/s]
qwen2.5-vl/pope/ricd/coco/adversarial/seed1:  72%|███████▏  | 2156/3000 [24:00<08:34,  1.64it/s]
qwen2.5-vl/pope/ricd/coco/adversarial/seed1:  72%|███████▏  | 2157/3000 [24:01<08:34,  1.64it/s]
qwen2.5-vl/pope/ricd/coco/adversarial/seed1:  72%|███████▏  | 2158/3000 [24:01<08:32,  1.64it/s]
qwen2.5-vl/pope/ricd/coco/adversarial/seed1:  72%|███████▏  | 2159/3000 [24:02<08:31,  1.65it/s]
qwen2.5-vl/pope/ricd/coco/adversarial/seed1:  72%|███████▏  | 2160/3000 [24:03<08:32,  1.64it/s]
qwen2.5-vl/pope/ricd/coco/adversarial/seed1:  72%|███████▏  | 2161/3000 [24:03<09:02,  1.55it/s]
qwen2.5-vl/pope/ricd/coco/adversarial/seed1:  72%|███████▏  | 2162/3000 [24:04<09:22,  1.49it/s]
qwen2.5-vl/pope/ricd/coco/adversarial/seed1:  72%|███████▏  | 2163/3000 [24:05<09:42,  1.44it/s]
qwen2.5-vl/pope/ricd/coco/adversarial/seed1:  72%|███████▏  | 2164/3000 [24:06<09:59,  1.39it/s]
qwen2.5-vl/pope/ricd/coco/adversarial/seed1:  72%|███████▏  | 2165/3000 [24:06<10:11,  1.37it/s]
qwen2.5-vl/pope/ricd/coco/adversarial/seed1:  72%|███████▏  | 2166/3000 [24:07<10:18,  1.35it/s]
qwen2.5-vl/pope/ricd/coco/adversarial/seed1:  72%|███████▏  | 2167/3000 [24:08<09:46,  1.42it/s]
qwen2.5-vl/pope/ricd/coco/adversarial/seed1:  72%|███████▏  | 2168/3000 [24:08<09:20,  1.48it/s]
qwen2.5-vl/pope/ricd/coco/adversarial/seed1:  72%|███████▏  | 2169/3000 [24:09<09:03,  1.53it/s]
qwen2.5-vl/pope/ricd/coco/adversarial/seed1:  72%|███████▏  | 2170/3000 [24:10<08:50,  1.57it/s]
qwen2.5-vl/pope/ricd/coco/adversarial/seed1:  72%|███████▏  | 2171/3000 [24:10<08:41,  1.59it/s]
qwen2.5-vl/pope/ricd/coco/adversarial/seed1:  72%|███████▏  | 2172/3000 [24:11<08:34,  1.61it/s]
qwen2.5-vl/pope/ricd/coco/adversarial/seed1:  72%|███████▏  | 2173/3000 [24:12<08:59,  1.53it/s]
qwen2.5-vl/pope/ricd/coco/adversarial/seed1:  72%|███████▏  | 2174/3000 [24:12<09:16,  1.48it/s]
qwen2.5-vl/pope/ricd/coco/adversarial/seed1:  72%|███████▎  | 2175/3000 [24:13<09:28,  1.45it/s]
qwen2.5-vl/pope/ricd/coco/adversarial/seed1:  73%|███████▎  | 2176/3000 [24:14<09:35,  1.43it/s]
qwen2.5-vl/pope/ricd/coco/adversarial/seed1:  73%|███████▎  | 2177/3000 [24:14<09:41,  1.42it/s]
qwen2.5-vl/pope/ricd/coco/adversarial/seed1:  73%|███████▎  | 2178/3000 [24:15<09:44,  1.41it/s]
qwen2.5-vl/pope/ricd/coco/adversarial/seed1:  73%|███████▎  | 2179/3000 [24:16<09:48,  1.39it/s]
qwen2.5-vl/pope/ricd/coco/adversarial/seed1:  73%|███████▎  | 2180/3000 [24:17<09:49,  1.39it/s]
qwen2.5-vl/pope/ricd/coco/adversarial/seed1:  73%|███████▎  | 2181/3000 [24:17<09:49,  1.39it/s]
qwen2.5-vl/pope/ricd/coco/adversarial/seed1:  73%|███████▎  | 2182/3000 [24:18<09:50,  1.39it/s]
qwen2.5-vl/pope/ricd/coco/adversarial/seed1:  73%|███████▎  | 2183/3000 [24:19<09:49,  1.39it/s]
qwen2.5-vl/pope/ricd/coco/adversarial/seed1:  73%|███████▎  | 2184/3000 [24:20<09:49,  1.39it/s]
qwen2.5-vl/pope/ricd/coco/adversarial/seed1:  73%|███████▎  | 2185/3000 [24:20<09:49,  1.38it/s]
qwen2.5-vl/pope/ricd/coco/adversarial/seed1:  73%|███████▎  | 2186/3000 [24:21<09:50,  1.38it/s]
qwen2.5-vl/pope/ricd/coco/adversarial/seed1:  73%|███████▎  | 2187/3000 [24:22<09:50,  1.38it/s]
qwen2.5-vl/pope/ricd/coco/adversarial/seed1:  73%|███████▎  | 2188/3000 [24:22<09:49,  1.38it/s]
qwen2.5-vl/pope/ricd/coco/adversarial/seed1:  73%|███████▎  | 2189/3000 [24:23<09:48,  1.38it/s]
qwen2.5-vl/pope/ricd/coco/adversarial/seed1:  73%|███████▎  | 2190/3000 [24:24<09:47,  1.38it/s]
qwen2.5-vl/pope/ricd/coco/adversarial/seed1:  73%|███████▎  | 2191/3000 [24:24<09:18,  1.45it/s]
qwen2.5-vl/pope/ricd/coco/adversarial/seed1:  73%|███████▎  | 2192/3000 [24:25<08:56,  1.51it/s]
qwen2.5-vl/pope/ricd/coco/adversarial/seed1:  73%|███████▎  | 2193/3000 [24:26<08:41,  1.55it/s]
qwen2.5-vl/pope/ricd/coco/adversarial/seed1:  73%|███████▎  | 2194/3000 [24:26<08:31,  1.58it/s]
qwen2.5-vl/pope/ricd/coco/adversarial/seed1:  73%|███████▎  | 2195/3000 [24:27<08:24,  1.60it/s]
qwen2.5-vl/pope/ricd/coco/adversarial/seed1:  73%|███████▎  | 2196/3000 [24:28<08:18,  1.61it/s]
qwen2.5-vl/pope/ricd/coco/adversarial/seed1:  73%|███████▎  | 2197/3000 [24:28<07:20,  1.82it/s]
qwen2.5-vl/pope/ricd/coco/adversarial/seed1:  73%|███████▎  | 2198/3000 [24:28<06:39,  2.01it/s]
qwen2.5-vl/pope/ricd/coco/adversarial/seed1:  73%|███████▎  | 2199/3000 [24:29<06:10,  2.16it/s]
qwen2.5-vl/pope/ricd/coco/adversarial/seed1:  73%|███████▎  | 2200/3000 [24:29<05:50,  2.28it/s]
qwen2.5-vl/pope/ricd/coco/adversarial/seed1:  73%|███████▎  | 2201/3000 [24:29<05:36,  2.38it/s]
qwen2.5-vl/pope/ricd/coco/adversarial/seed1:  73%|███████▎  | 2202/3000 [24:30<05:25,  2.45it/s]
qwen2.5-vl/pope/ricd/coco/adversarial/seed1:  73%|███████▎  | 2203/3000 [24:30<06:01,  2.20it/s]
qwen2.5-vl/pope/ricd/coco/adversarial/seed1:  73%|███████▎  | 2204/3000 [24:31<06:26,  2.06it/s]
qwen2.5-vl/pope/ricd/coco/adversarial/seed1:  74%|███████▎  | 2205/3000 [24:31<06:43,  1.97it/s]
qwen2.5-vl/pope/ricd/coco/adversarial/seed1:  74%|███████▎  | 2206/3000 [24:32<06:55,  1.91it/s]
qwen2.5-vl/pope/ricd/coco/adversarial/seed1:  74%|███████▎  | 2207/3000 [24:33<07:03,  1.87it/s]
qwen2.5-vl/pope/ricd/coco/adversarial/seed1:  74%|███████▎  | 2208/3000 [24:33<07:09,  1.84it/s]
qwen2.5-vl/pope/ricd/coco/adversarial/seed1:  74%|███████▎  | 2209/3000 [24:34<07:53,  1.67it/s]
qwen2.5-vl/pope/ricd/coco/adversarial/seed1:  74%|███████▎  | 2210/3000 [24:35<08:22,  1.57it/s]
qwen2.5-vl/pope/ricd/coco/adversarial/seed1:  74%|███████▎  | 2211/3000 [24:35<08:42,  1.51it/s]
qwen2.5-vl/pope/ricd/coco/adversarial/seed1:  74%|███████▎  | 2212/3000 [24:36<08:56,  1.47it/s]
qwen2.5-vl/pope/ricd/coco/adversarial/seed1:  74%|███████▍  | 2213/3000 [24:37<09:05,  1.44it/s]
qwen2.5-vl/pope/ricd/coco/adversarial/seed1:  74%|███████▍  | 2214/3000 [24:38<09:12,  1.42it/s]
qwen2.5-vl/pope/ricd/coco/adversarial/seed1:  74%|███████▍  | 2215/3000 [24:38<08:48,  1.48it/s]
qwen2.5-vl/pope/ricd/coco/adversarial/seed1:  74%|███████▍  | 2216/3000 [24:39<08:31,  1.53it/s]
qwen2.5-vl/pope/ricd/coco/adversarial/seed1:  74%|███████▍  | 2217/3000 [24:39<08:19,  1.57it/s]
qwen2.5-vl/pope/ricd/coco/adversarial/seed1:  74%|███████▍  | 2218/3000 [24:40<08:11,  1.59it/s]
qwen2.5-vl/pope/ricd/coco/adversarial/seed1:  74%|███████▍  | 2219/3000 [24:41<08:04,  1.61it/s]
qwen2.5-vl/pope/ricd/coco/adversarial/seed1:  74%|███████▍  | 2220/3000 [24:41<08:00,  1.62it/s]
qwen2.5-vl/pope/ricd/coco/adversarial/seed1:  74%|███████▍  | 2221/3000 [24:42<08:10,  1.59it/s]
qwen2.5-vl/pope/ricd/coco/adversarial/seed1:  74%|███████▍  | 2222/3000 [24:42<08:17,  1.56it/s]
qwen2.5-vl/pope/ricd/coco/adversarial/seed1:  74%|███████▍  | 2223/3000 [24:43<08:22,  1.55it/s]
qwen2.5-vl/pope/ricd/coco/adversarial/seed1:  74%|███████▍  | 2224/3000 [24:44<08:25,  1.54it/s]
qwen2.5-vl/pope/ricd/coco/adversarial/seed1:  74%|███████▍  | 2225/3000 [24:44<08:27,  1.53it/s]
qwen2.5-vl/pope/ricd/coco/adversarial/seed1:  74%|███████▍  | 2226/3000 [24:45<08:28,  1.52it/s]
qwen2.5-vl/pope/ricd/coco/adversarial/seed1:  74%|███████▍  | 2227/3000 [24:46<08:15,  1.56it/s]
qwen2.5-vl/pope/ricd/coco/adversarial/seed1:  74%|███████▍  | 2228/3000 [24:46<08:07,  1.58it/s]
qwen2.5-vl/pope/ricd/coco/adversarial/seed1:  74%|███████▍  | 2229/3000 [24:47<08:00,  1.60it/s]
qwen2.5-vl/pope/ricd/coco/adversarial/seed1:  74%|███████▍  | 2230/3000 [24:48<07:56,  1.62it/s]
qwen2.5-vl/pope/ricd/coco/adversarial/seed1:  74%|███████▍  | 2231/3000 [24:48<07:53,  1.63it/s]
qwen2.5-vl/pope/ricd/coco/adversarial/seed1:  74%|███████▍  | 2232/3000 [24:49<07:49,  1.63it/s]
qwen2.5-vl/pope/ricd/coco/adversarial/seed1:  74%|███████▍  | 2233/3000 [24:49<07:47,  1.64it/s]
qwen2.5-vl/pope/ricd/coco/adversarial/seed1:  74%|███████▍  | 2234/3000 [24:50<07:45,  1.65it/s]
qwen2.5-vl/pope/ricd/coco/adversarial/seed1:  74%|███████▍  | 2235/3000 [24:51<07:44,  1.65it/s]
qwen2.5-vl/pope/ricd/coco/adversarial/seed1:  75%|███████▍  | 2236/3000 [24:51<07:42,  1.65it/s]
qwen2.5-vl/pope/ricd/coco/adversarial/seed1:  75%|███████▍  | 2237/3000 [24:52<07:41,  1.65it/s]
qwen2.5-vl/pope/ricd/coco/adversarial/seed1:  75%|███████▍  | 2238/3000 [24:52<07:40,  1.65it/s]
qwen2.5-vl/pope/ricd/coco/adversarial/seed1:  75%|███████▍  | 2239/3000 [24:53<08:07,  1.56it/s]
qwen2.5-vl/pope/ricd/coco/adversarial/seed1:  75%|███████▍  | 2240/3000 [24:54<08:27,  1.50it/s]
qwen2.5-vl/pope/ricd/coco/adversarial/seed1:  75%|███████▍  | 2241/3000 [24:55<08:39,  1.46it/s]
qwen2.5-vl/pope/ricd/coco/adversarial/seed1:  75%|███████▍  | 2242/3000 [24:55<08:54,  1.42it/s]
qwen2.5-vl/pope/ricd/coco/adversarial/seed1:  75%|███████▍  | 2243/3000 [24:56<09:05,  1.39it/s]
qwen2.5-vl/pope/ricd/coco/adversarial/seed1:  75%|███████▍  | 2244/3000 [24:57<09:13,  1.37it/s]
qwen2.5-vl/pope/ricd/coco/adversarial/seed1:  75%|███████▍  | 2245/3000 [24:57<08:49,  1.42it/s]
qwen2.5-vl/pope/ricd/coco/adversarial/seed1:  75%|███████▍  | 2246/3000 [24:58<08:29,  1.48it/s]
qwen2.5-vl/pope/ricd/coco/adversarial/seed1:  75%|███████▍  | 2247/3000 [24:59<08:12,  1.53it/s]
qwen2.5-vl/pope/ricd/coco/adversarial/seed1:  75%|███████▍  | 2248/3000 [24:59<08:01,  1.56it/s]
qwen2.5-vl/pope/ricd/coco/adversarial/seed1:  75%|███████▍  | 2249/3000 [25:00<07:52,  1.59it/s]
qwen2.5-vl/pope/ricd/coco/adversarial/seed1:  75%|███████▌  | 2250/3000 [25:00<07:47,  1.60it/s]
qwen2.5-vl/pope/ricd/coco/adversarial/seed1:  75%|███████▌  | 2251/3000 [25:01<07:33,  1.65it/s]
qwen2.5-vl/pope/ricd/coco/adversarial/seed1:  75%|███████▌  | 2252/3000 [25:02<07:23,  1.69it/s]
qwen2.5-vl/pope/ricd/coco/adversarial/seed1:  75%|███████▌  | 2253/3000 [25:02<07:15,  1.72it/s]
qwen2.5-vl/pope/ricd/coco/adversarial/seed1:  75%|███████▌  | 2254/3000 [25:03<07:09,  1.74it/s]
qwen2.5-vl/pope/ricd/coco/adversarial/seed1:  75%|███████▌  | 2255/3000 [25:03<07:05,  1.75it/s]
qwen2.5-vl/pope/ricd/coco/adversarial/seed1:  75%|███████▌  | 2256/3000 [25:04<07:03,  1.76it/s]
qwen2.5-vl/pope/ricd/coco/adversarial/seed1:  75%|███████▌  | 2257/3000 [25:04<07:10,  1.73it/s]
qwen2.5-vl/pope/ricd/coco/adversarial/seed1:  75%|███████▌  | 2258/3000 [25:05<07:15,  1.70it/s]
qwen2.5-vl/pope/ricd/coco/adversarial/seed1:  75%|███████▌  | 2259/3000 [25:06<07:19,  1.69it/s]
qwen2.5-vl/pope/ricd/coco/adversarial/seed1:  75%|███████▌  | 2260/3000 [25:06<07:21,  1.68it/s]
qwen2.5-vl/pope/ricd/coco/adversarial/seed1:  75%|███████▌  | 2261/3000 [25:07<07:22,  1.67it/s]
qwen2.5-vl/pope/ricd/coco/adversarial/seed1:  75%|███████▌  | 2262/3000 [25:07<07:23,  1.66it/s]
qwen2.5-vl/pope/ricd/coco/adversarial/seed1:  75%|███████▌  | 2263/3000 [25:08<07:23,  1.66it/s]
qwen2.5-vl/pope/ricd/coco/adversarial/seed1:  75%|███████▌  | 2264/3000 [25:09<07:23,  1.66it/s]
qwen2.5-vl/pope/ricd/coco/adversarial/seed1:  76%|███████▌  | 2265/3000 [25:09<07:23,  1.66it/s]
qwen2.5-vl/pope/ricd/coco/adversarial/seed1:  76%|███████▌  | 2266/3000 [25:10<07:22,  1.66it/s]
qwen2.5-vl/pope/ricd/coco/adversarial/seed1:  76%|███████▌  | 2267/3000 [25:11<07:22,  1.66it/s]
qwen2.5-vl/pope/ricd/coco/adversarial/seed1:  76%|███████▌  | 2268/3000 [25:11<07:21,  1.66it/s]
qwen2.5-vl/pope/ricd/coco/adversarial/seed1:  76%|███████▌  | 2269/3000 [25:12<07:46,  1.57it/s]
qwen2.5-vl/pope/ricd/coco/adversarial/seed1:  76%|███████▌  | 2270/3000 [25:13<08:04,  1.51it/s]
qwen2.5-vl/pope/ricd/coco/adversarial/seed1:  76%|███████▌  | 2271/3000 [25:13<08:16,  1.47it/s]
qwen2.5-vl/pope/ricd/coco/adversarial/seed1:  76%|███████▌  | 2272/3000 [25:14<08:25,  1.44it/s]
qwen2.5-vl/pope/ricd/coco/adversarial/seed1:  76%|███████▌  | 2273/3000 [25:15<08:31,  1.42it/s]
qwen2.5-vl/pope/ricd/coco/adversarial/seed1:  76%|███████▌  | 2274/3000 [25:15<08:37,  1.40it/s]
qwen2.5-vl/pope/ricd/coco/adversarial/seed1:  76%|███████▌  | 2275/3000 [25:16<08:41,  1.39it/s]
qwen2.5-vl/pope/ricd/coco/adversarial/seed1:  76%|███████▌  | 2276/3000 [25:17<08:43,  1.38it/s]
qwen2.5-vl/pope/ricd/coco/adversarial/seed1:  76%|███████▌  | 2277/3000 [25:18<08:44,  1.38it/s]
qwen2.5-vl/pope/ricd/coco/adversarial/seed1:  76%|███████▌  | 2278/3000 [25:18<08:48,  1.37it/s]
qwen2.5-vl/pope/ricd/coco/adversarial/seed1:  76%|███████▌  | 2279/3000 [25:19<08:48,  1.36it/s]
qwen2.5-vl/pope/ricd/coco/adversarial/seed1:  76%|███████▌  | 2280/3000 [25:20<08:50,  1.36it/s]
qwen2.5-vl/pope/ricd/coco/adversarial/seed1:  76%|███████▌  | 2281/3000 [25:21<08:48,  1.36it/s]
qwen2.5-vl/pope/ricd/coco/adversarial/seed1:  76%|███████▌  | 2282/3000 [25:21<08:46,  1.36it/s]
qwen2.5-vl/pope/ricd/coco/adversarial/seed1:  76%|███████▌  | 2283/3000 [25:22<08:46,  1.36it/s]
qwen2.5-vl/pope/ricd/coco/adversarial/seed1:  76%|███████▌  | 2284/3000 [25:23<08:45,  1.36it/s]
qwen2.5-vl/pope/ricd/coco/adversarial/seed1:  76%|███████▌  | 2285/3000 [25:24<08:46,  1.36it/s]
qwen2.5-vl/pope/ricd/coco/adversarial/seed1:  76%|███████▌  | 2286/3000 [25:24<08:45,  1.36it/s]
qwen2.5-vl/pope/ricd/coco/adversarial/seed1:  76%|███████▌  | 2287/3000 [25:25<08:23,  1.42it/s]
qwen2.5-vl/pope/ricd/coco/adversarial/seed1:  76%|███████▋  | 2288/3000 [25:26<08:08,  1.46it/s]
qwen2.5-vl/pope/ricd/coco/adversarial/seed1:  76%|███████▋  | 2289/3000 [25:26<07:56,  1.49it/s]
qwen2.5-vl/pope/ricd/coco/adversarial/seed1:  76%|███████▋  | 2290/3000 [25:27<07:43,  1.53it/s]
qwen2.5-vl/pope/ricd/coco/adversarial/seed1:  76%|███████▋  | 2291/3000 [25:27<07:33,  1.56it/s]
qwen2.5-vl/pope/ricd/coco/adversarial/seed1:  76%|███████▋  | 2292/3000 [25:28<07:25,  1.59it/s]
qwen2.5-vl/pope/ricd/coco/adversarial/seed1:  76%|███████▋  | 2293/3000 [25:29<07:46,  1.51it/s]
qwen2.5-vl/pope/ricd/coco/adversarial/seed1:  76%|███████▋  | 2294/3000 [25:29<07:59,  1.47it/s]
qwen2.5-vl/pope/ricd/coco/adversarial/seed1:  76%|███████▋  | 2295/3000 [25:30<08:08,  1.44it/s]
qwen2.5-vl/pope/ricd/coco/adversarial/seed1:  77%|███████▋  | 2296/3000 [25:31<08:15,  1.42it/s]
qwen2.5-vl/pope/ricd/coco/adversarial/seed1:  77%|███████▋  | 2297/3000 [25:32<08:19,  1.41it/s]
qwen2.5-vl/pope/ricd/coco/adversarial/seed1:  77%|███████▋  | 2298/3000 [25:32<08:23,  1.40it/s]
qwen2.5-vl/pope/ricd/coco/adversarial/seed1:  77%|███████▋  | 2299/3000 [25:33<08:00,  1.46it/s]
qwen2.5-vl/pope/ricd/coco/adversarial/seed1:  77%|███████▋  | 2300/3000 [25:34<07:44,  1.51it/s]
qwen2.5-vl/pope/ricd/coco/adversarial/seed1:  77%|███████▋  | 2301/3000 [25:34<07:31,  1.55it/s]
qwen2.5-vl/pope/ricd/coco/adversarial/seed1:  77%|███████▋  | 2302/3000 [25:35<07:24,  1.57it/s]
qwen2.5-vl/pope/ricd/coco/adversarial/seed1:  77%|███████▋  | 2303/3000 [25:35<07:18,  1.59it/s]
qwen2.5-vl/pope/ricd/coco/adversarial/seed1:  77%|███████▋  | 2304/3000 [25:36<07:13,  1.61it/s]
qwen2.5-vl/pope/ricd/coco/adversarial/seed1:  77%|███████▋  | 2305/3000 [25:37<07:14,  1.60it/s]
qwen2.5-vl/pope/ricd/coco/adversarial/seed1:  77%|███████▋  | 2306/3000 [25:37<07:10,  1.61it/s]
qwen2.5-vl/pope/ricd/coco/adversarial/seed1:  77%|███████▋  | 2307/3000 [25:38<07:08,  1.62it/s]
qwen2.5-vl/pope/ricd/coco/adversarial/seed1:  77%|███████▋  | 2308/3000 [25:39<07:06,  1.62it/s]
qwen2.5-vl/pope/ricd/coco/adversarial/seed1:  77%|███████▋  | 2309/3000 [25:39<07:03,  1.63it/s]
qwen2.5-vl/pope/ricd/coco/adversarial/seed1:  77%|███████▋  | 2310/3000 [25:40<07:02,  1.63it/s]
qwen2.5-vl/pope/ricd/coco/adversarial/seed1:  77%|███████▋  | 2311/3000 [25:40<07:01,  1.64it/s]
qwen2.5-vl/pope/ricd/coco/adversarial/seed1:  77%|███████▋  | 2312/3000 [25:41<06:59,  1.64it/s]
qwen2.5-vl/pope/ricd/coco/adversarial/seed1:  77%|███████▋  | 2313/3000 [25:42<06:58,  1.64it/s]
qwen2.5-vl/pope/ricd/coco/adversarial/seed1:  77%|███████▋  | 2314/3000 [25:42<06:58,  1.64it/s]
qwen2.5-vl/pope/ricd/coco/adversarial/seed1:  77%|███████▋  | 2315/3000 [25:43<06:58,  1.63it/s]
qwen2.5-vl/pope/ricd/coco/adversarial/seed1:  77%|███████▋  | 2316/3000 [25:43<06:57,  1.64it/s]
qwen2.5-vl/pope/ricd/coco/adversarial/seed1:  77%|███████▋  | 2317/3000 [25:44<06:47,  1.68it/s]
qwen2.5-vl/pope/ricd/coco/adversarial/seed1:  77%|███████▋  | 2318/3000 [25:45<06:40,  1.70it/s]
qwen2.5-vl/pope/ricd/coco/adversarial/seed1:  77%|███████▋  | 2319/3000 [25:45<06:34,  1.73it/s]
qwen2.5-vl/pope/ricd/coco/adversarial/seed1:  77%|███████▋  | 2320/3000 [25:46<06:37,  1.71it/s]
qwen2.5-vl/pope/ricd/coco/adversarial/seed1:  77%|███████▋  | 2321/3000 [25:46<06:32,  1.73it/s]
qwen2.5-vl/pope/ricd/coco/adversarial/seed1:  77%|███████▋  | 2322/3000 [25:47<06:29,  1.74it/s]
qwen2.5-vl/pope/ricd/coco/adversarial/seed1:  77%|███████▋  | 2323/3000 [25:48<07:01,  1.61it/s]
qwen2.5-vl/pope/ricd/coco/adversarial/seed1:  77%|███████▋  | 2324/3000 [25:48<07:22,  1.53it/s]
qwen2.5-vl/pope/ricd/coco/adversarial/seed1:  78%|███████▊  | 2325/3000 [25:49<07:38,  1.47it/s]
qwen2.5-vl/pope/ricd/coco/adversarial/seed1:  78%|███████▊  | 2326/3000 [25:50<07:50,  1.43it/s]
qwen2.5-vl/pope/ricd/coco/adversarial/seed1:  78%|███████▊  | 2327/3000 [25:50<07:57,  1.41it/s]
qwen2.5-vl/pope/ricd/coco/adversarial/seed1:  78%|███████▊  | 2328/3000 [25:51<08:01,  1.40it/s]
qwen2.5-vl/pope/ricd/coco/adversarial/seed1:  78%|███████▊  | 2329/3000 [25:52<07:39,  1.46it/s]
qwen2.5-vl/pope/ricd/coco/adversarial/seed1:  78%|███████▊  | 2330/3000 [25:52<07:23,  1.51it/s]
qwen2.5-vl/pope/ricd/coco/adversarial/seed1:  78%|███████▊  | 2331/3000 [25:53<07:11,  1.55it/s]
qwen2.5-vl/pope/ricd/coco/adversarial/seed1:  78%|███████▊  | 2332/3000 [25:54<07:03,  1.58it/s]
qwen2.5-vl/pope/ricd/coco/adversarial/seed1:  78%|███████▊  | 2333/3000 [25:54<06:57,  1.60it/s]
qwen2.5-vl/pope/ricd/coco/adversarial/seed1:  78%|███████▊  | 2334/3000 [25:55<06:52,  1.62it/s]
qwen2.5-vl/pope/ricd/coco/adversarial/seed1:  78%|███████▊  | 2335/3000 [25:55<06:49,  1.62it/s]
qwen2.5-vl/pope/ricd/coco/adversarial/seed1:  78%|███████▊  | 2336/3000 [25:56<06:47,  1.63it/s]
qwen2.5-vl/pope/ricd/coco/adversarial/seed1:  78%|███████▊  | 2337/3000 [25:57<06:45,  1.63it/s]
qwen2.5-vl/pope/ricd/coco/adversarial/seed1:  78%|███████▊  | 2338/3000 [25:57<06:44,  1.64it/s]
qwen2.5-vl/pope/ricd/coco/adversarial/seed1:  78%|███████▊  | 2339/3000 [25:58<06:42,  1.64it/s]
qwen2.5-vl/pope/ricd/coco/adversarial/seed1:  78%|███████▊  | 2340/3000 [25:59<06:41,  1.64it/s]
qwen2.5-vl/pope/ricd/coco/adversarial/seed1:  78%|███████▊  | 2341/3000 [25:59<07:03,  1.56it/s]
qwen2.5-vl/pope/ricd/coco/adversarial/seed1:  78%|███████▊  | 2342/3000 [26:00<07:18,  1.50it/s]
qwen2.5-vl/pope/ricd/coco/adversarial/seed1:  78%|███████▊  | 2343/3000 [26:01<07:29,  1.46it/s]
qwen2.5-vl/pope/ricd/coco/adversarial/seed1:  78%|███████▊  | 2344/3000 [26:01<07:35,  1.44it/s]
qwen2.5-vl/pope/ricd/coco/adversarial/seed1:  78%|███████▊  | 2345/3000 [26:02<07:39,  1.42it/s]
qwen2.5-vl/pope/ricd/coco/adversarial/seed1:  78%|███████▊  | 2346/3000 [26:03<07:42,  1.41it/s]
qwen2.5-vl/pope/ricd/coco/adversarial/seed1:  78%|███████▊  | 2347/3000 [26:03<06:37,  1.64it/s]
qwen2.5-vl/pope/ricd/coco/adversarial/seed1:  78%|███████▊  | 2348/3000 [26:04<05:51,  1.85it/s]
qwen2.5-vl/pope/ricd/coco/adversarial/seed1:  78%|███████▊  | 2349/3000 [26:04<05:19,  2.04it/s]
qwen2.5-vl/pope/ricd/coco/adversarial/seed1:  78%|███████▊  | 2350/3000 [26:04<04:57,  2.19it/s]
qwen2.5-vl/pope/ricd/coco/adversarial/seed1:  78%|███████▊  | 2351/3000 [26:05<04:41,  2.30it/s]
qwen2.5-vl/pope/ricd/coco/adversarial/seed1:  78%|███████▊  | 2352/3000 [26:05<04:30,  2.40it/s]
qwen2.5-vl/pope/ricd/coco/adversarial/seed1:  78%|███████▊  | 2353/3000 [26:06<05:05,  2.12it/s]
qwen2.5-vl/pope/ricd/coco/adversarial/seed1:  78%|███████▊  | 2354/3000 [26:06<05:29,  1.96it/s]
qwen2.5-vl/pope/ricd/coco/adversarial/seed1:  78%|███████▊  | 2355/3000 [26:07<05:47,  1.86it/s]
qwen2.5-vl/pope/ricd/coco/adversarial/seed1:  79%|███████▊  | 2356/3000 [26:08<05:58,  1.80it/s]
qwen2.5-vl/pope/ricd/coco/adversarial/seed1:  79%|███████▊  | 2357/3000 [26:08<06:06,  1.75it/s]
qwen2.5-vl/pope/ricd/coco/adversarial/seed1:  79%|███████▊  | 2358/3000 [26:09<06:12,  1.73it/s]
qwen2.5-vl/pope/ricd/coco/adversarial/seed1:  79%|███████▊  | 2359/3000 [26:09<05:33,  1.92it/s]
qwen2.5-vl/pope/ricd/coco/adversarial/seed1:  79%|███████▊  | 2360/3000 [26:09<05:05,  2.09it/s]
qwen2.5-vl/pope/ricd/coco/adversarial/seed1:  79%|███████▊  | 2361/3000 [26:10<04:46,  2.23it/s]
qwen2.5-vl/pope/ricd/coco/adversarial/seed1:  79%|███████▊  | 2362/3000 [26:10<04:32,  2.34it/s]
qwen2.5-vl/pope/ricd/coco/adversarial/seed1:  79%|███████▉  | 2363/3000 [26:11<04:22,  2.42it/s]
qwen2.5-vl/pope/ricd/coco/adversarial/seed1:  79%|███████▉  | 2364/3000 [26:11<04:16,  2.48it/s]
qwen2.5-vl/pope/ricd/coco/adversarial/seed1:  79%|███████▉  | 2365/3000 [26:12<04:54,  2.16it/s]
qwen2.5-vl/pope/ricd/coco/adversarial/seed1:  79%|███████▉  | 2366/3000 [26:12<05:21,  1.97it/s]
qwen2.5-vl/pope/ricd/coco/adversarial/seed1:  79%|███████▉  | 2367/3000 [26:13<05:39,  1.86it/s]
qwen2.5-vl/pope/ricd/coco/adversarial/seed1:  79%|███████▉  | 2368/3000 [26:13<05:52,  1.79it/s]
qwen2.5-vl/pope/ricd/coco/adversarial/seed1:  79%|███████▉  | 2369/3000 [26:14<06:00,  1.75it/s]
qwen2.5-vl/pope/ricd/coco/adversarial/seed1:  79%|███████▉  | 2370/3000 [26:15<06:05,  1.72it/s]
qwen2.5-vl/pope/ricd/coco/adversarial/seed1:  79%|███████▉  | 2371/3000 [26:15<06:25,  1.63it/s]
qwen2.5-vl/pope/ricd/coco/adversarial/seed1:  79%|███████▉  | 2372/3000 [26:16<06:39,  1.57it/s]
qwen2.5-vl/pope/ricd/coco/adversarial/seed1:  79%|███████▉  | 2373/3000 [26:17<06:48,  1.53it/s]
qwen2.5-vl/pope/ricd/coco/adversarial/seed1:  79%|███████▉  | 2374/3000 [26:17<06:55,  1.51it/s]
qwen2.5-vl/pope/ricd/coco/adversarial/seed1:  79%|███████▉  | 2375/3000 [26:18<06:59,  1.49it/s]
qwen2.5-vl/pope/ricd/coco/adversarial/seed1:  79%|███████▉  | 2376/3000 [26:19<07:02,  1.48it/s]
qwen2.5-vl/pope/ricd/coco/adversarial/seed1:  79%|███████▉  | 2377/3000 [26:19<06:47,  1.53it/s]
qwen2.5-vl/pope/ricd/coco/adversarial/seed1:  79%|███████▉  | 2378/3000 [26:20<06:38,  1.56it/s]
qwen2.5-vl/pope/ricd/coco/adversarial/seed1:  79%|███████▉  | 2379/3000 [26:21<06:30,  1.59it/s]
qwen2.5-vl/pope/ricd/coco/adversarial/seed1:  79%|███████▉  | 2380/3000 [26:21<06:25,  1.61it/s]
qwen2.5-vl/pope/ricd/coco/adversarial/seed1:  79%|███████▉  | 2381/3000 [26:22<06:21,  1.62it/s]
qwen2.5-vl/pope/ricd/coco/adversarial/seed1:  79%|███████▉  | 2382/3000 [26:22<06:19,  1.63it/s]
qwen2.5-vl/pope/ricd/coco/adversarial/seed1:  79%|███████▉  | 2383/3000 [26:23<06:38,  1.55it/s]
qwen2.5-vl/pope/ricd/coco/adversarial/seed1:  79%|███████▉  | 2384/3000 [26:24<06:51,  1.50it/s]
qwen2.5-vl/pope/ricd/coco/adversarial/seed1:  80%|███████▉  | 2385/3000 [26:25<07:01,  1.46it/s]
qwen2.5-vl/pope/ricd/coco/adversarial/seed1:  80%|███████▉  | 2386/3000 [26:25<07:07,  1.44it/s]
qwen2.5-vl/pope/ricd/coco/adversarial/seed1:  80%|███████▉  | 2387/3000 [26:26<07:12,  1.42it/s]
qwen2.5-vl/pope/ricd/coco/adversarial/seed1:  80%|███████▉  | 2388/3000 [26:27<07:15,  1.40it/s]
qwen2.5-vl/pope/ricd/coco/adversarial/seed1:  80%|███████▉  | 2389/3000 [26:27<07:16,  1.40it/s]
qwen2.5-vl/pope/ricd/coco/adversarial/seed1:  80%|███████▉  | 2390/3000 [26:28<07:17,  1.40it/s]
qwen2.5-vl/pope/ricd/coco/adversarial/seed1:  80%|███████▉  | 2391/3000 [26:29<07:17,  1.39it/s]
qwen2.5-vl/pope/ricd/coco/adversarial/seed1:  80%|███████▉  | 2392/3000 [26:30<07:17,  1.39it/s]
qwen2.5-vl/pope/ricd/coco/adversarial/seed1:  80%|███████▉  | 2393/3000 [26:30<07:17,  1.39it/s]
qwen2.5-vl/pope/ricd/coco/adversarial/seed1:  80%|███████▉  | 2394/3000 [26:31<07:16,  1.39it/s]
qwen2.5-vl/pope/ricd/coco/adversarial/seed1:  80%|███████▉  | 2395/3000 [26:32<06:56,  1.45it/s]
qwen2.5-vl/pope/ricd/coco/adversarial/seed1:  80%|███████▉  | 2396/3000 [26:32<06:40,  1.51it/s]
qwen2.5-vl/pope/ricd/coco/adversarial/seed1:  80%|███████▉  | 2397/3000 [26:33<06:29,  1.55it/s]
qwen2.5-vl/pope/ricd/coco/adversarial/seed1:  80%|███████▉  | 2398/3000 [26:33<06:21,  1.58it/s]
qwen2.5-vl/pope/ricd/coco/adversarial/seed1:  80%|███████▉  | 2399/3000 [26:34<06:19,  1.58it/s]
qwen2.5-vl/pope/ricd/coco/adversarial/seed1:  80%|████████  | 2400/3000 [26:35<06:13,  1.60it/s]
qwen2.5-vl/pope/ricd/coco/adversarial/seed1:  80%|████████  | 2401/3000 [26:35<06:10,  1.62it/s]
qwen2.5-vl/pope/ricd/coco/adversarial/seed1:  80%|████████  | 2402/3000 [26:36<06:07,  1.63it/s]
qwen2.5-vl/pope/ricd/coco/adversarial/seed1:  80%|████████  | 2403/3000 [26:37<06:04,  1.64it/s]
qwen2.5-vl/pope/ricd/coco/adversarial/seed1:  80%|████████  | 2404/3000 [26:37<06:03,  1.64it/s]
qwen2.5-vl/pope/ricd/coco/adversarial/seed1:  80%|████████  | 2405/3000 [26:38<06:06,  1.62it/s]
qwen2.5-vl/pope/ricd/coco/adversarial/seed1:  80%|████████  | 2406/3000 [26:38<06:04,  1.63it/s]
qwen2.5-vl/pope/ricd/coco/adversarial/seed1:  80%|████████  | 2407/3000 [26:39<06:55,  1.43it/s]
qwen2.5-vl/pope/ricd/coco/adversarial/seed1:  80%|████████  | 2408/3000 [26:40<07:30,  1.31it/s]
qwen2.5-vl/pope/ricd/coco/adversarial/seed1:  80%|████████  | 2409/3000 [26:41<07:55,  1.24it/s]
qwen2.5-vl/pope/ricd/coco/adversarial/seed1:  80%|████████  | 2410/3000 [26:42<08:12,  1.20it/s]
qwen2.5-vl/pope/ricd/coco/adversarial/seed1:  80%|████████  | 2411/3000 [26:43<08:23,  1.17it/s]
qwen2.5-vl/pope/ricd/coco/adversarial/seed1:  80%|████████  | 2412/3000 [26:44<08:29,  1.15it/s]
qwen2.5-vl/pope/ricd/coco/adversarial/seed1:  80%|████████  | 2413/3000 [26:44<07:42,  1.27it/s]
qwen2.5-vl/pope/ricd/coco/adversarial/seed1:  80%|████████  | 2414/3000 [26:45<07:08,  1.37it/s]
qwen2.5-vl/pope/ricd/coco/adversarial/seed1:  80%|████████  | 2415/3000 [26:46<06:44,  1.45it/s]
qwen2.5-vl/pope/ricd/coco/adversarial/seed1:  81%|████████  | 2416/3000 [26:46<06:28,  1.50it/s]
qwen2.5-vl/pope/ricd/coco/adversarial/seed1:  81%|████████  | 2417/3000 [26:47<06:16,  1.55it/s]
qwen2.5-vl/pope/ricd/coco/adversarial/seed1:  81%|████████  | 2418/3000 [26:47<06:08,  1.58it/s]
qwen2.5-vl/pope/ricd/coco/adversarial/seed1:  81%|████████  | 2419/3000 [26:48<06:02,  1.60it/s]
qwen2.5-vl/pope/ricd/coco/adversarial/seed1:  81%|████████  | 2420/3000 [26:49<05:58,  1.62it/s]
qwen2.5-vl/pope/ricd/coco/adversarial/seed1:  81%|████████  | 2421/3000 [26:49<05:55,  1.63it/s]
qwen2.5-vl/pope/ricd/coco/adversarial/seed1:  81%|████████  | 2422/3000 [26:50<05:53,  1.64it/s]
qwen2.5-vl/pope/ricd/coco/adversarial/seed1:  81%|████████  | 2423/3000 [26:50<05:51,  1.64it/s]
qwen2.5-vl/pope/ricd/coco/adversarial/seed1:  81%|████████  | 2424/3000 [26:51<05:50,  1.65it/s]
qwen2.5-vl/pope/ricd/coco/adversarial/seed1:  81%|████████  | 2425/3000 [26:52<06:37,  1.45it/s]
qwen2.5-vl/pope/ricd/coco/adversarial/seed1:  81%|████████  | 2426/3000 [26:53<07:11,  1.33it/s]
qwen2.5-vl/pope/ricd/coco/adversarial/seed1:  81%|████████  | 2427/3000 [26:54<07:33,  1.26it/s]
qwen2.5-vl/pope/ricd/coco/adversarial/seed1:  81%|████████  | 2428/3000 [26:55<07:48,  1.22it/s]
qwen2.5-vl/pope/ricd/coco/adversarial/seed1:  81%|████████  | 2429/3000 [26:55<07:58,  1.19it/s]
qwen2.5-vl/pope/ricd/coco/adversarial/seed1:  81%|████████  | 2430/3000 [26:56<08:05,  1.17it/s]
qwen2.5-vl/pope/ricd/coco/adversarial/seed1:  81%|████████  | 2431/3000 [26:57<07:22,  1.29it/s]
qwen2.5-vl/pope/ricd/coco/adversarial/seed1:  81%|████████  | 2432/3000 [26:58<06:51,  1.38it/s]
qwen2.5-vl/pope/ricd/coco/adversarial/seed1:  81%|████████  | 2433/3000 [26:58<06:30,  1.45it/s]
qwen2.5-vl/pope/ricd/coco/adversarial/seed1:  81%|████████  | 2434/3000 [26:59<06:15,  1.51it/s]
qwen2.5-vl/pope/ricd/coco/adversarial/seed1:  81%|████████  | 2435/3000 [26:59<06:04,  1.55it/s]
qwen2.5-vl/pope/ricd/coco/adversarial/seed1:  81%|████████  | 2436/3000 [27:00<05:57,  1.58it/s]
qwen2.5-vl/pope/ricd/coco/adversarial/seed1:  81%|████████  | 2437/3000 [27:01<06:11,  1.52it/s]
qwen2.5-vl/pope/ricd/coco/adversarial/seed1:  81%|████████▏ | 2438/3000 [27:01<06:21,  1.47it/s]
qwen2.5-vl/pope/ricd/coco/adversarial/seed1:  81%|████████▏ | 2439/3000 [27:02<06:28,  1.45it/s]
qwen2.5-vl/pope/ricd/coco/adversarial/seed1:  81%|████████▏ | 2440/3000 [27:03<06:32,  1.43it/s]
qwen2.5-vl/pope/ricd/coco/adversarial/seed1:  81%|████████▏ | 2441/3000 [27:04<06:35,  1.41it/s]
qwen2.5-vl/pope/ricd/coco/adversarial/seed1:  81%|████████▏ | 2442/3000 [27:04<06:36,  1.41it/s]
qwen2.5-vl/pope/ricd/coco/adversarial/seed1:  81%|████████▏ | 2443/3000 [27:05<06:38,  1.40it/s]
qwen2.5-vl/pope/ricd/coco/adversarial/seed1:  81%|████████▏ | 2444/3000 [27:06<06:39,  1.39it/s]
qwen2.5-vl/pope/ricd/coco/adversarial/seed1:  82%|████████▏ | 2445/3000 [27:06<06:39,  1.39it/s]
qwen2.5-vl/pope/ricd/coco/adversarial/seed1:  82%|████████▏ | 2446/3000 [27:07<06:40,  1.38it/s]
qwen2.5-vl/pope/ricd/coco/adversarial/seed1:  82%|████████▏ | 2447/3000 [27:08<06:44,  1.37it/s]
qwen2.5-vl/pope/ricd/coco/adversarial/seed1:  82%|████████▏ | 2448/3000 [27:09<06:42,  1.37it/s]
qwen2.5-vl/pope/ricd/coco/adversarial/seed1:  82%|████████▏ | 2449/3000 [27:09<06:41,  1.37it/s]
qwen2.5-vl/pope/ricd/coco/adversarial/seed1:  82%|████████▏ | 2450/3000 [27:10<06:44,  1.36it/s]
qwen2.5-vl/pope/ricd/coco/adversarial/seed1:  82%|████████▏ | 2451/3000 [27:11<06:43,  1.36it/s]
qwen2.5-vl/pope/ricd/coco/adversarial/seed1:  82%|████████▏ | 2452/3000 [27:12<06:43,  1.36it/s]
qwen2.5-vl/pope/ricd/coco/adversarial/seed1:  82%|████████▏ | 2453/3000 [27:12<06:42,  1.36it/s]
qwen2.5-vl/pope/ricd/coco/adversarial/seed1:  82%|████████▏ | 2454/3000 [27:13<06:42,  1.36it/s]
qwen2.5-vl/pope/ricd/coco/adversarial/seed1:  82%|████████▏ | 2455/3000 [27:14<06:21,  1.43it/s]
qwen2.5-vl/pope/ricd/coco/adversarial/seed1:  82%|████████▏ | 2456/3000 [27:14<06:05,  1.49it/s]
qwen2.5-vl/pope/ricd/coco/adversarial/seed1:  82%|████████▏ | 2457/3000 [27:15<05:54,  1.53it/s]
qwen2.5-vl/pope/ricd/coco/adversarial/seed1:  82%|████████▏ | 2458/3000 [27:16<05:46,  1.56it/s]
qwen2.5-vl/pope/ricd/coco/adversarial/seed1:  82%|████████▏ | 2459/3000 [27:16<05:40,  1.59it/s]
qwen2.5-vl/pope/ricd/coco/adversarial/seed1:  82%|████████▏ | 2460/3000 [27:17<05:36,  1.60it/s]
qwen2.5-vl/pope/ricd/coco/adversarial/seed1:  82%|████████▏ | 2461/3000 [27:17<05:33,  1.62it/s]
qwen2.5-vl/pope/ricd/coco/adversarial/seed1:  82%|████████▏ | 2462/3000 [27:18<05:31,  1.62it/s]
qwen2.5-vl/pope/ricd/coco/adversarial/seed1:  82%|████████▏ | 2463/3000 [27:19<05:29,  1.63it/s]
qwen2.5-vl/pope/ricd/coco/adversarial/seed1:  82%|████████▏ | 2464/3000 [27:19<05:27,  1.64it/s]
qwen2.5-vl/pope/ricd/coco/adversarial/seed1:  82%|████████▏ | 2465/3000 [27:20<05:26,  1.64it/s]
qwen2.5-vl/pope/ricd/coco/adversarial/seed1:  82%|████████▏ | 2466/3000 [27:20<05:25,  1.64it/s]
qwen2.5-vl/pope/ricd/coco/adversarial/seed1:  82%|████████▏ | 2467/3000 [27:21<05:24,  1.64it/s]
qwen2.5-vl/pope/ricd/coco/adversarial/seed1:  82%|████████▏ | 2468/3000 [27:22<05:24,  1.64it/s]
qwen2.5-vl/pope/ricd/coco/adversarial/seed1:  82%|████████▏ | 2469/3000 [27:22<05:23,  1.64it/s]
qwen2.5-vl/pope/ricd/coco/adversarial/seed1:  82%|████████▏ | 2470/3000 [27:23<05:22,  1.64it/s]
qwen2.5-vl/pope/ricd/coco/adversarial/seed1:  82%|████████▏ | 2471/3000 [27:23<05:22,  1.64it/s]
qwen2.5-vl/pope/ricd/coco/adversarial/seed1:  82%|████████▏ | 2472/3000 [27:24<05:21,  1.64it/s]
qwen2.5-vl/pope/ricd/coco/adversarial/seed1:  82%|████████▏ | 2473/3000 [27:25<05:21,  1.64it/s]
qwen2.5-vl/pope/ricd/coco/adversarial/seed1:  82%|████████▏ | 2474/3000 [27:25<05:20,  1.64it/s]
qwen2.5-vl/pope/ricd/coco/adversarial/seed1:  82%|████████▎ | 2475/3000 [27:26<05:19,  1.64it/s]
qwen2.5-vl/pope/ricd/coco/adversarial/seed1:  83%|████████▎ | 2476/3000 [27:26<05:19,  1.64it/s]
qwen2.5-vl/pope/ricd/coco/adversarial/seed1:  83%|████████▎ | 2477/3000 [27:27<05:18,  1.64it/s]
qwen2.5-vl/pope/ricd/coco/adversarial/seed1:  83%|████████▎ | 2478/3000 [27:28<05:17,  1.64it/s]
qwen2.5-vl/pope/ricd/coco/adversarial/seed1:  83%|████████▎ | 2479/3000 [27:28<05:35,  1.55it/s]
qwen2.5-vl/pope/ricd/coco/adversarial/seed1:  83%|████████▎ | 2480/3000 [27:29<05:48,  1.49it/s]
qwen2.5-vl/pope/ricd/coco/adversarial/seed1:  83%|████████▎ | 2481/3000 [27:30<05:57,  1.45it/s]
qwen2.5-vl/pope/ricd/coco/adversarial/seed1:  83%|████████▎ | 2482/3000 [27:31<06:02,  1.43it/s]
qwen2.5-vl/pope/ricd/coco/adversarial/seed1:  83%|████████▎ | 2483/3000 [27:31<06:05,  1.41it/s]
qwen2.5-vl/pope/ricd/coco/adversarial/seed1:  83%|████████▎ | 2484/3000 [27:32<06:07,  1.40it/s]
qwen2.5-vl/pope/ricd/coco/adversarial/seed1:  83%|████████▎ | 2485/3000 [27:33<05:50,  1.47it/s]
qwen2.5-vl/pope/ricd/coco/adversarial/seed1:  83%|████████▎ | 2486/3000 [27:33<05:39,  1.51it/s]
qwen2.5-vl/pope/ricd/coco/adversarial/seed1:  83%|████████▎ | 2487/3000 [27:34<05:32,  1.54it/s]
qwen2.5-vl/pope/ricd/coco/adversarial/seed1:  83%|████████▎ | 2488/3000 [27:35<05:31,  1.54it/s]
qwen2.5-vl/pope/ricd/coco/adversarial/seed1:  83%|████████▎ | 2489/3000 [27:35<05:25,  1.57it/s]
qwen2.5-vl/pope/ricd/coco/adversarial/seed1:  83%|████████▎ | 2490/3000 [27:36<05:22,  1.58it/s]
qwen2.5-vl/pope/ricd/coco/adversarial/seed1:  83%|████████▎ | 2491/3000 [27:37<05:37,  1.51it/s]
qwen2.5-vl/pope/ricd/coco/adversarial/seed1:  83%|████████▎ | 2492/3000 [27:37<05:48,  1.46it/s]
qwen2.5-vl/pope/ricd/coco/adversarial/seed1:  83%|████████▎ | 2493/3000 [27:38<05:53,  1.43it/s]
qwen2.5-vl/pope/ricd/coco/adversarial/seed1:  83%|████████▎ | 2494/3000 [27:39<05:57,  1.42it/s]
qwen2.5-vl/pope/ricd/coco/adversarial/seed1:  83%|████████▎ | 2495/3000 [27:39<06:00,  1.40it/s]
qwen2.5-vl/pope/ricd/coco/adversarial/seed1:  83%|████████▎ | 2496/3000 [27:40<06:01,  1.39it/s]
qwen2.5-vl/pope/ricd/coco/adversarial/seed1:  83%|████████▎ | 2497/3000 [27:41<06:04,  1.38it/s]
qwen2.5-vl/pope/ricd/coco/adversarial/seed1:  83%|████████▎ | 2498/3000 [27:42<06:03,  1.38it/s]
qwen2.5-vl/pope/ricd/coco/adversarial/seed1:  83%|████████▎ | 2499/3000 [27:42<06:03,  1.38it/s]
qwen2.5-vl/pope/ricd/coco/adversarial/seed1:  83%|████████▎ | 2500/3000 [27:43<06:03,  1.38it/s]
qwen2.5-vl/pope/ricd/coco/adversarial/seed1:  83%|████████▎ | 2501/3000 [27:44<06:04,  1.37it/s]
qwen2.5-vl/pope/ricd/coco/adversarial/seed1:  83%|████████▎ | 2502/3000 [27:45<06:05,  1.36it/s]
qwen2.5-vl/pope/ricd/coco/adversarial/seed1:  83%|████████▎ | 2503/3000 [27:45<05:47,  1.43it/s]
qwen2.5-vl/pope/ricd/coco/adversarial/seed1:  83%|████████▎ | 2504/3000 [27:46<05:34,  1.48it/s]
qwen2.5-vl/pope/ricd/coco/adversarial/seed1:  84%|████████▎ | 2505/3000 [27:46<05:24,  1.52it/s]
qwen2.5-vl/pope/ricd/coco/adversarial/seed1:  84%|████████▎ | 2506/3000 [27:47<05:18,  1.55it/s]
qwen2.5-vl/pope/ricd/coco/adversarial/seed1:  84%|████████▎ | 2507/3000 [27:48<05:12,  1.58it/s]
qwen2.5-vl/pope/ricd/coco/adversarial/seed1:  84%|████████▎ | 2508/3000 [27:48<05:07,  1.60it/s]
qwen2.5-vl/pope/ricd/coco/adversarial/seed1:  84%|████████▎ | 2509/3000 [27:49<05:04,  1.61it/s]
qwen2.5-vl/pope/ricd/coco/adversarial/seed1:  84%|████████▎ | 2510/3000 [27:49<05:02,  1.62it/s]
qwen2.5-vl/pope/ricd/coco/adversarial/seed1:  84%|████████▎ | 2511/3000 [27:50<05:06,  1.60it/s]
qwen2.5-vl/pope/ricd/coco/adversarial/seed1:  84%|████████▎ | 2512/3000 [27:51<05:07,  1.59it/s]
qwen2.5-vl/pope/ricd/coco/adversarial/seed1:  84%|████████▍ | 2513/3000 [27:51<05:06,  1.59it/s]
qwen2.5-vl/pope/ricd/coco/adversarial/seed1:  84%|████████▍ | 2514/3000 [27:52<05:02,  1.61it/s]
qwen2.5-vl/pope/ricd/coco/adversarial/seed1:  84%|████████▍ | 2515/3000 [27:53<05:16,  1.53it/s]
qwen2.5-vl/pope/ricd/coco/adversarial/seed1:  84%|████████▍ | 2516/3000 [27:53<05:26,  1.48it/s]
qwen2.5-vl/pope/ricd/coco/adversarial/seed1:  84%|████████▍ | 2517/3000 [27:54<05:32,  1.45it/s]
qwen2.5-vl/pope/ricd/coco/adversarial/seed1:  84%|████████▍ | 2518/3000 [27:55<05:37,  1.43it/s]
qwen2.5-vl/pope/ricd/coco/adversarial/seed1:  84%|████████▍ | 2519/3000 [27:56<05:40,  1.41it/s]
qwen2.5-vl/pope/ricd/coco/adversarial/seed1:  84%|████████▍ | 2520/3000 [27:56<05:42,  1.40it/s]
qwen2.5-vl/pope/ricd/coco/adversarial/seed1:  84%|████████▍ | 2521/3000 [27:57<06:06,  1.31it/s]
qwen2.5-vl/pope/ricd/coco/adversarial/seed1:  84%|████████▍ | 2522/3000 [27:58<06:23,  1.25it/s]
qwen2.5-vl/pope/ricd/coco/adversarial/seed1:  84%|████████▍ | 2523/3000 [27:59<06:34,  1.21it/s]
qwen2.5-vl/pope/ricd/coco/adversarial/seed1:  84%|████████▍ | 2524/3000 [28:00<06:42,  1.18it/s]
qwen2.5-vl/pope/ricd/coco/adversarial/seed1:  84%|████████▍ | 2525/3000 [28:01<06:47,  1.17it/s]
qwen2.5-vl/pope/ricd/coco/adversarial/seed1:  84%|████████▍ | 2526/3000 [28:02<06:50,  1.16it/s]
qwen2.5-vl/pope/ricd/coco/adversarial/seed1:  84%|████████▍ | 2527/3000 [28:02<06:29,  1.21it/s]
qwen2.5-vl/pope/ricd/coco/adversarial/seed1:  84%|████████▍ | 2528/3000 [28:03<06:14,  1.26it/s]
qwen2.5-vl/pope/ricd/coco/adversarial/seed1:  84%|████████▍ | 2529/3000 [28:04<06:04,  1.29it/s]
qwen2.5-vl/pope/ricd/coco/adversarial/seed1:  84%|████████▍ | 2530/3000 [28:05<05:57,  1.32it/s]
qwen2.5-vl/pope/ricd/coco/adversarial/seed1:  84%|████████▍ | 2531/3000 [28:05<05:51,  1.34it/s]
qwen2.5-vl/pope/ricd/coco/adversarial/seed1:  84%|████████▍ | 2532/3000 [28:06<05:46,  1.35it/s]
qwen2.5-vl/pope/ricd/coco/adversarial/seed1:  84%|████████▍ | 2533/3000 [28:07<05:23,  1.44it/s]
qwen2.5-vl/pope/ricd/coco/adversarial/seed1:  84%|████████▍ | 2534/3000 [28:07<05:06,  1.52it/s]
qwen2.5-vl/pope/ricd/coco/adversarial/seed1:  84%|████████▍ | 2535/3000 [28:08<04:54,  1.58it/s]
qwen2.5-vl/pope/ricd/coco/adversarial/seed1:  85%|████████▍ | 2536/3000 [28:08<04:45,  1.63it/s]
qwen2.5-vl/pope/ricd/coco/adversarial/seed1:  85%|████████▍ | 2537/3000 [28:09<04:39,  1.66it/s]
qwen2.5-vl/pope/ricd/coco/adversarial/seed1:  85%|████████▍ | 2538/3000 [28:09<04:35,  1.68it/s]
qwen2.5-vl/pope/ricd/coco/adversarial/seed1:  85%|████████▍ | 2539/3000 [28:10<04:52,  1.58it/s]
qwen2.5-vl/pope/ricd/coco/adversarial/seed1:  85%|████████▍ | 2540/3000 [28:11<05:03,  1.51it/s]
qwen2.5-vl/pope/ricd/coco/adversarial/seed1:  85%|████████▍ | 2541/3000 [28:12<05:11,  1.47it/s]
qwen2.5-vl/pope/ricd/coco/adversarial/seed1:  85%|████████▍ | 2542/3000 [28:12<05:17,  1.44it/s]
qwen2.5-vl/pope/ricd/coco/adversarial/seed1:  85%|████████▍ | 2543/3000 [28:13<05:21,  1.42it/s]
qwen2.5-vl/pope/ricd/coco/adversarial/seed1:  85%|████████▍ | 2544/3000 [28:14<05:23,  1.41it/s]
qwen2.5-vl/pope/ricd/coco/adversarial/seed1:  85%|████████▍ | 2545/3000 [28:15<05:31,  1.37it/s]
qwen2.5-vl/pope/ricd/coco/adversarial/seed1:  85%|████████▍ | 2546/3000 [28:15<05:37,  1.35it/s]
qwen2.5-vl/pope/ricd/coco/adversarial/seed1:  85%|████████▍ | 2547/3000 [28:16<05:40,  1.33it/s]
qwen2.5-vl/pope/ricd/coco/adversarial/seed1:  85%|████████▍ | 2548/3000 [28:17<05:43,  1.31it/s]
qwen2.5-vl/pope/ricd/coco/adversarial/seed1:  85%|████████▍ | 2549/3000 [28:18<05:46,  1.30it/s]
qwen2.5-vl/pope/ricd/coco/adversarial/seed1:  85%|████████▌ | 2550/3000 [28:18<05:47,  1.29it/s]
qwen2.5-vl/pope/ricd/coco/adversarial/seed1:  85%|████████▌ | 2551/3000 [28:19<05:41,  1.31it/s]
qwen2.5-vl/pope/ricd/coco/adversarial/seed1:  85%|████████▌ | 2552/3000 [28:20<05:36,  1.33it/s]
qwen2.5-vl/pope/ricd/coco/adversarial/seed1:  85%|████████▌ | 2553/3000 [28:21<05:34,  1.34it/s]
qwen2.5-vl/pope/ricd/coco/adversarial/seed1:  85%|████████▌ | 2554/3000 [28:21<05:30,  1.35it/s]
qwen2.5-vl/pope/ricd/coco/adversarial/seed1:  85%|████████▌ | 2555/3000 [28:22<05:27,  1.36it/s]
qwen2.5-vl/pope/ricd/coco/adversarial/seed1:  85%|████████▌ | 2556/3000 [28:23<05:25,  1.37it/s]
qwen2.5-vl/pope/ricd/coco/adversarial/seed1:  85%|████████▌ | 2557/3000 [28:24<05:24,  1.36it/s]
qwen2.5-vl/pope/ricd/coco/adversarial/seed1:  85%|████████▌ | 2558/3000 [28:24<05:24,  1.36it/s]
qwen2.5-vl/pope/ricd/coco/adversarial/seed1:  85%|████████▌ | 2559/3000 [28:25<05:23,  1.36it/s]
qwen2.5-vl/pope/ricd/coco/adversarial/seed1:  85%|████████▌ | 2560/3000 [28:26<05:22,  1.36it/s]
qwen2.5-vl/pope/ricd/coco/adversarial/seed1:  85%|████████▌ | 2561/3000 [28:27<05:22,  1.36it/s]
qwen2.5-vl/pope/ricd/coco/adversarial/seed1:  85%|████████▌ | 2562/3000 [28:27<05:21,  1.36it/s]
qwen2.5-vl/pope/ricd/coco/adversarial/seed1:  85%|████████▌ | 2563/3000 [28:28<04:58,  1.46it/s]
qwen2.5-vl/pope/ricd/coco/adversarial/seed1:  85%|████████▌ | 2564/3000 [28:28<04:42,  1.54it/s]
qwen2.5-vl/pope/ricd/coco/adversarial/seed1:  86%|████████▌ | 2565/3000 [28:29<04:31,  1.60it/s]
qwen2.5-vl/pope/ricd/coco/adversarial/seed1:  86%|████████▌ | 2566/3000 [28:30<04:23,  1.65it/s]
qwen2.5-vl/pope/ricd/coco/adversarial/seed1:  86%|████████▌ | 2567/3000 [28:30<04:17,  1.68it/s]
qwen2.5-vl/pope/ricd/coco/adversarial/seed1:  86%|████████▌ | 2568/3000 [28:31<04:12,  1.71it/s]
qwen2.5-vl/pope/ricd/coco/adversarial/seed1:  86%|████████▌ | 2569/3000 [28:31<04:14,  1.69it/s]
qwen2.5-vl/pope/ricd/coco/adversarial/seed1:  86%|████████▌ | 2570/3000 [28:32<04:16,  1.68it/s]
qwen2.5-vl/pope/ricd/coco/adversarial/seed1:  86%|████████▌ | 2571/3000 [28:32<04:16,  1.67it/s]
qwen2.5-vl/pope/ricd/coco/adversarial/seed1:  86%|████████▌ | 2572/3000 [28:33<04:17,  1.66it/s]
qwen2.5-vl/pope/ricd/coco/adversarial/seed1:  86%|████████▌ | 2573/3000 [28:34<04:17,  1.66it/s]
qwen2.5-vl/pope/ricd/coco/adversarial/seed1:  86%|████████▌ | 2574/3000 [28:34<04:16,  1.66it/s]
qwen2.5-vl/pope/ricd/coco/adversarial/seed1:  86%|████████▌ | 2575/3000 [28:35<04:27,  1.59it/s]
qwen2.5-vl/pope/ricd/coco/adversarial/seed1:  86%|████████▌ | 2576/3000 [28:36<04:34,  1.54it/s]
qwen2.5-vl/pope/ricd/coco/adversarial/seed1:  86%|████████▌ | 2577/3000 [28:36<04:39,  1.51it/s]
qwen2.5-vl/pope/ricd/coco/adversarial/seed1:  86%|████████▌ | 2578/3000 [28:37<04:43,  1.49it/s]
qwen2.5-vl/pope/ricd/coco/adversarial/seed1:  86%|████████▌ | 2579/3000 [28:38<04:44,  1.48it/s]
qwen2.5-vl/pope/ricd/coco/adversarial/seed1:  86%|████████▌ | 2580/3000 [28:38<04:46,  1.47it/s]
qwen2.5-vl/pope/ricd/coco/adversarial/seed1:  86%|████████▌ | 2581/3000 [28:39<04:50,  1.44it/s]
qwen2.5-vl/pope/ricd/coco/adversarial/seed1:  86%|████████▌ | 2582/3000 [28:40<04:53,  1.42it/s]
qwen2.5-vl/pope/ricd/coco/adversarial/seed1:  86%|████████▌ | 2583/3000 [28:41<04:55,  1.41it/s]
qwen2.5-vl/pope/ricd/coco/adversarial/seed1:  86%|████████▌ | 2584/3000 [28:41<04:56,  1.40it/s]
qwen2.5-vl/pope/ricd/coco/adversarial/seed1:  86%|████████▌ | 2585/3000 [28:42<04:57,  1.40it/s]
qwen2.5-vl/pope/ricd/coco/adversarial/seed1:  86%|████████▌ | 2586/3000 [28:43<04:57,  1.39it/s]
qwen2.5-vl/pope/ricd/coco/adversarial/seed1:  86%|████████▌ | 2587/3000 [28:43<04:43,  1.46it/s]
qwen2.5-vl/pope/ricd/coco/adversarial/seed1:  86%|████████▋ | 2588/3000 [28:44<04:33,  1.51it/s]
qwen2.5-vl/pope/ricd/coco/adversarial/seed1:  86%|████████▋ | 2589/3000 [28:45<04:25,  1.55it/s]
qwen2.5-vl/pope/ricd/coco/adversarial/seed1:  86%|████████▋ | 2590/3000 [28:45<04:19,  1.58it/s]
qwen2.5-vl/pope/ricd/coco/adversarial/seed1:  86%|████████▋ | 2591/3000 [28:46<04:15,  1.60it/s]
qwen2.5-vl/pope/ricd/coco/adversarial/seed1:  86%|████████▋ | 2592/3000 [28:46<04:12,  1.62it/s]
qwen2.5-vl/pope/ricd/coco/adversarial/seed1:  86%|████████▋ | 2593/3000 [28:47<04:24,  1.54it/s]
qwen2.5-vl/pope/ricd/coco/adversarial/seed1:  86%|████████▋ | 2594/3000 [28:48<04:32,  1.49it/s]
qwen2.5-vl/pope/ricd/coco/adversarial/seed1:  86%|████████▋ | 2595/3000 [28:49<04:38,  1.45it/s]
qwen2.5-vl/pope/ricd/coco/adversarial/seed1:  87%|████████▋ | 2596/3000 [28:49<04:42,  1.43it/s]
qwen2.5-vl/pope/ricd/coco/adversarial/seed1:  87%|████████▋ | 2597/3000 [28:50<04:44,  1.42it/s]
qwen2.5-vl/pope/ricd/coco/adversarial/seed1:  87%|████████▋ | 2598/3000 [28:51<04:46,  1.41it/s]
qwen2.5-vl/pope/ricd/coco/adversarial/seed1:  87%|████████▋ | 2599/3000 [28:52<04:49,  1.39it/s]
qwen2.5-vl/pope/ricd/coco/adversarial/seed1:  87%|████████▋ | 2600/3000 [28:52<04:51,  1.37it/s]
qwen2.5-vl/pope/ricd/coco/adversarial/seed1:  87%|████████▋ | 2601/3000 [28:53<04:52,  1.37it/s]
qwen2.5-vl/pope/ricd/coco/adversarial/seed1:  87%|████████▋ | 2602/3000 [28:54<04:52,  1.36it/s]
qwen2.5-vl/pope/ricd/coco/adversarial/seed1:  87%|████████▋ | 2603/3000 [28:54<04:52,  1.36it/s]
qwen2.5-vl/pope/ricd/coco/adversarial/seed1:  87%|████████▋ | 2604/3000 [28:55<04:52,  1.35it/s]
qwen2.5-vl/pope/ricd/coco/adversarial/seed1:  87%|████████▋ | 2605/3000 [28:56<04:36,  1.43it/s]
qwen2.5-vl/pope/ricd/coco/adversarial/seed1:  87%|████████▋ | 2606/3000 [28:56<04:24,  1.49it/s]
qwen2.5-vl/pope/ricd/coco/adversarial/seed1:  87%|████████▋ | 2607/3000 [28:57<04:16,  1.53it/s]
qwen2.5-vl/pope/ricd/coco/adversarial/seed1:  87%|████████▋ | 2608/3000 [28:58<04:10,  1.56it/s]
qwen2.5-vl/pope/ricd/coco/adversarial/seed1:  87%|████████▋ | 2609/3000 [28:58<04:06,  1.59it/s]
qwen2.5-vl/pope/ricd/coco/adversarial/seed1:  87%|████████▋ | 2610/3000 [28:59<04:04,  1.60it/s]
qwen2.5-vl/pope/ricd/coco/adversarial/seed1:  87%|████████▋ | 2611/3000 [29:00<04:16,  1.52it/s]
qwen2.5-vl/pope/ricd/coco/adversarial/seed1:  87%|████████▋ | 2612/3000 [29:00<04:24,  1.47it/s]
qwen2.5-vl/pope/ricd/coco/adversarial/seed1:  87%|████████▋ | 2613/3000 [29:01<04:29,  1.44it/s]
qwen2.5-vl/pope/ricd/coco/adversarial/seed1:  87%|████████▋ | 2614/3000 [29:02<04:35,  1.40it/s]
qwen2.5-vl/pope/ricd/coco/adversarial/seed1:  87%|████████▋ | 2615/3000 [29:03<04:40,  1.37it/s]
qwen2.5-vl/pope/ricd/coco/adversarial/seed1:  87%|████████▋ | 2616/3000 [29:03<04:43,  1.36it/s]
qwen2.5-vl/pope/ricd/coco/adversarial/seed1:  87%|████████▋ | 2617/3000 [29:04<04:31,  1.41it/s]
qwen2.5-vl/pope/ricd/coco/adversarial/seed1:  87%|████████▋ | 2618/3000 [29:05<04:20,  1.47it/s]
qwen2.5-vl/pope/ricd/coco/adversarial/seed1:  87%|████████▋ | 2619/3000 [29:05<04:11,  1.52it/s]
qwen2.5-vl/pope/ricd/coco/adversarial/seed1:  87%|████████▋ | 2620/3000 [29:06<04:05,  1.55it/s]
qwen2.5-vl/pope/ricd/coco/adversarial/seed1:  87%|████████▋ | 2621/3000 [29:06<04:00,  1.58it/s]
qwen2.5-vl/pope/ricd/coco/adversarial/seed1:  87%|████████▋ | 2622/3000 [29:07<03:56,  1.60it/s]
qwen2.5-vl/pope/ricd/coco/adversarial/seed1:  87%|████████▋ | 2623/3000 [29:08<04:08,  1.52it/s]
qwen2.5-vl/pope/ricd/coco/adversarial/seed1:  87%|████████▋ | 2624/3000 [29:09<04:16,  1.47it/s]
qwen2.5-vl/pope/ricd/coco/adversarial/seed1:  88%|████████▊ | 2625/3000 [29:09<04:23,  1.43it/s]
qwen2.5-vl/pope/ricd/coco/adversarial/seed1:  88%|████████▊ | 2626/3000 [29:10<04:25,  1.41it/s]
qwen2.5-vl/pope/ricd/coco/adversarial/seed1:  88%|████████▊ | 2627/3000 [29:11<04:27,  1.39it/s]
qwen2.5-vl/pope/ricd/coco/adversarial/seed1:  88%|████████▊ | 2628/3000 [29:11<04:28,  1.39it/s]
qwen2.5-vl/pope/ricd/coco/adversarial/seed1:  88%|████████▊ | 2629/3000 [29:12<04:14,  1.46it/s]
qwen2.5-vl/pope/ricd/coco/adversarial/seed1:  88%|████████▊ | 2630/3000 [29:13<04:05,  1.51it/s]
qwen2.5-vl/pope/ricd/coco/adversarial/seed1:  88%|████████▊ | 2631/3000 [29:13<03:58,  1.54it/s]
qwen2.5-vl/pope/ricd/coco/adversarial/seed1:  88%|████████▊ | 2632/3000 [29:14<03:53,  1.57it/s]
qwen2.5-vl/pope/ricd/coco/adversarial/seed1:  88%|████████▊ | 2633/3000 [29:15<03:54,  1.56it/s]
qwen2.5-vl/pope/ricd/coco/adversarial/seed1:  88%|████████▊ | 2634/3000 [29:15<03:53,  1.56it/s]
qwen2.5-vl/pope/ricd/coco/adversarial/seed1:  88%|████████▊ | 2635/3000 [29:16<04:23,  1.38it/s]
qwen2.5-vl/pope/ricd/coco/adversarial/seed1:  88%|████████▊ | 2636/3000 [29:17<04:41,  1.29it/s]
qwen2.5-vl/pope/ricd/coco/adversarial/seed1:  88%|████████▊ | 2637/3000 [29:18<04:53,  1.24it/s]
qwen2.5-vl/pope/ricd/coco/adversarial/seed1:  88%|████████▊ | 2638/3000 [29:19<05:01,  1.20it/s]
qwen2.5-vl/pope/ricd/coco/adversarial/seed1:  88%|████████▊ | 2639/3000 [29:20<05:07,  1.18it/s]
qwen2.5-vl/pope/ricd/coco/adversarial/seed1:  88%|████████▊ | 2640/3000 [29:21<05:11,  1.16it/s]
qwen2.5-vl/pope/ricd/coco/adversarial/seed1:  88%|████████▊ | 2641/3000 [29:21<04:54,  1.22it/s]
qwen2.5-vl/pope/ricd/coco/adversarial/seed1:  88%|████████▊ | 2642/3000 [29:22<04:41,  1.27it/s]
qwen2.5-vl/pope/ricd/coco/adversarial/seed1:  88%|████████▊ | 2643/3000 [29:23<04:33,  1.30it/s]
qwen2.5-vl/pope/ricd/coco/adversarial/seed1:  88%|████████▊ | 2644/3000 [29:23<04:27,  1.33it/s]
qwen2.5-vl/pope/ricd/coco/adversarial/seed1:  88%|████████▊ | 2645/3000 [29:24<04:22,  1.35it/s]
qwen2.5-vl/pope/ricd/coco/adversarial/seed1:  88%|████████▊ | 2646/3000 [29:25<04:18,  1.37it/s]
qwen2.5-vl/pope/ricd/coco/adversarial/seed1:  88%|████████▊ | 2647/3000 [29:26<04:11,  1.40it/s]
qwen2.5-vl/pope/ricd/coco/adversarial/seed1:  88%|████████▊ | 2648/3000 [29:26<04:05,  1.43it/s]
qwen2.5-vl/pope/ricd/coco/adversarial/seed1:  88%|████████▊ | 2649/3000 [29:27<04:01,  1.45it/s]
qwen2.5-vl/pope/ricd/coco/adversarial/seed1:  88%|████████▊ | 2650/3000 [29:28<03:59,  1.46it/s]
qwen2.5-vl/pope/ricd/coco/adversarial/seed1:  88%|████████▊ | 2651/3000 [29:28<03:57,  1.47it/s]
qwen2.5-vl/pope/ricd/coco/adversarial/seed1:  88%|████████▊ | 2652/3000 [29:29<03:55,  1.48it/s]
qwen2.5-vl/pope/ricd/coco/adversarial/seed1:  88%|████████▊ | 2653/3000 [29:29<03:24,  1.70it/s]
qwen2.5-vl/pope/ricd/coco/adversarial/seed1:  88%|████████▊ | 2654/3000 [29:30<03:02,  1.90it/s]
qwen2.5-vl/pope/ricd/coco/adversarial/seed1:  88%|████████▊ | 2655/3000 [29:30<02:46,  2.07it/s]
qwen2.5-vl/pope/ricd/coco/adversarial/seed1:  89%|████████▊ | 2656/3000 [29:30<02:36,  2.20it/s]
qwen2.5-vl/pope/ricd/coco/adversarial/seed1:  89%|████████▊ | 2657/3000 [29:31<02:28,  2.30it/s]
qwen2.5-vl/pope/ricd/coco/adversarial/seed1:  89%|████████▊ | 2658/3000 [29:31<02:23,  2.38it/s]
qwen2.5-vl/pope/ricd/coco/adversarial/seed1:  89%|████████▊ | 2659/3000 [29:32<02:49,  2.01it/s]
qwen2.5-vl/pope/ricd/coco/adversarial/seed1:  89%|████████▊ | 2660/3000 [29:33<03:06,  1.82it/s]
qwen2.5-vl/pope/ricd/coco/adversarial/seed1:  89%|████████▊ | 2661/3000 [29:33<03:18,  1.71it/s]
qwen2.5-vl/pope/ricd/coco/adversarial/seed1:  89%|████████▊ | 2662/3000 [29:34<03:26,  1.63it/s]
qwen2.5-vl/pope/ricd/coco/adversarial/seed1:  89%|████████▉ | 2663/3000 [29:35<03:32,  1.59it/s]
qwen2.5-vl/pope/ricd/coco/adversarial/seed1:  89%|████████▉ | 2664/3000 [29:35<03:36,  1.55it/s]
qwen2.5-vl/pope/ricd/coco/adversarial/seed1:  89%|████████▉ | 2665/3000 [29:36<03:31,  1.58it/s]
qwen2.5-vl/pope/ricd/coco/adversarial/seed1:  89%|████████▉ | 2666/3000 [29:36<03:29,  1.60it/s]
qwen2.5-vl/pope/ricd/coco/adversarial/seed1:  89%|████████▉ | 2667/3000 [29:37<03:26,  1.61it/s]
qwen2.5-vl/pope/ricd/coco/adversarial/seed1:  89%|████████▉ | 2668/3000 [29:38<03:24,  1.62it/s]
qwen2.5-vl/pope/ricd/coco/adversarial/seed1:  89%|████████▉ | 2669/3000 [29:38<03:23,  1.62it/s]
qwen2.5-vl/pope/ricd/coco/adversarial/seed1:  89%|████████▉ | 2670/3000 [29:39<03:23,  1.63it/s]
qwen2.5-vl/pope/ricd/coco/adversarial/seed1:  89%|████████▉ | 2671/3000 [29:39<03:23,  1.62it/s]
qwen2.5-vl/pope/ricd/coco/adversarial/seed1:  89%|████████▉ | 2672/3000 [29:40<03:24,  1.61it/s]
qwen2.5-vl/pope/ricd/coco/adversarial/seed1:  89%|████████▉ | 2673/3000 [29:41<03:25,  1.59it/s]
qwen2.5-vl/pope/ricd/coco/adversarial/seed1:  89%|████████▉ | 2674/3000 [29:41<03:25,  1.58it/s]
qwen2.5-vl/pope/ricd/coco/adversarial/seed1:  89%|████████▉ | 2675/3000 [29:42<03:25,  1.58it/s]
qwen2.5-vl/pope/ricd/coco/adversarial/seed1:  89%|████████▉ | 2676/3000 [29:43<03:23,  1.59it/s]
qwen2.5-vl/pope/ricd/coco/adversarial/seed1:  89%|████████▉ | 2677/3000 [29:43<03:16,  1.65it/s]
qwen2.5-vl/pope/ricd/coco/adversarial/seed1:  89%|████████▉ | 2678/3000 [29:44<03:11,  1.69it/s]
qwen2.5-vl/pope/ricd/coco/adversarial/seed1:  89%|████████▉ | 2679/3000 [29:44<03:07,  1.71it/s]
qwen2.5-vl/pope/ricd/coco/adversarial/seed1:  89%|████████▉ | 2680/3000 [29:45<03:04,  1.73it/s]
qwen2.5-vl/pope/ricd/coco/adversarial/seed1:  89%|████████▉ | 2681/3000 [29:45<03:02,  1.75it/s]
qwen2.5-vl/pope/ricd/coco/adversarial/seed1:  89%|████████▉ | 2682/3000 [29:46<03:00,  1.76it/s]
qwen2.5-vl/pope/ricd/coco/adversarial/seed1:  89%|████████▉ | 2683/3000 [29:47<02:59,  1.77it/s]
qwen2.5-vl/pope/ricd/coco/adversarial/seed1:  89%|████████▉ | 2684/3000 [29:47<02:58,  1.77it/s]
qwen2.5-vl/pope/ricd/coco/adversarial/seed1:  90%|████████▉ | 2685/3000 [29:48<02:57,  1.78it/s]
qwen2.5-vl/pope/ricd/coco/adversarial/seed1:  90%|████████▉ | 2686/3000 [29:48<02:56,  1.78it/s]
qwen2.5-vl/pope/ricd/coco/adversarial/seed1:  90%|████████▉ | 2687/3000 [29:49<02:55,  1.78it/s]
qwen2.5-vl/pope/ricd/coco/adversarial/seed1:  90%|████████▉ | 2688/3000 [29:49<02:54,  1.78it/s]
qwen2.5-vl/pope/ricd/coco/adversarial/seed1:  90%|████████▉ | 2689/3000 [29:50<02:54,  1.78it/s]
qwen2.5-vl/pope/ricd/coco/adversarial/seed1:  90%|████████▉ | 2690/3000 [29:51<02:53,  1.78it/s]
qwen2.5-vl/pope/ricd/coco/adversarial/seed1:  90%|████████▉ | 2691/3000 [29:51<02:53,  1.78it/s]
qwen2.5-vl/pope/ricd/coco/adversarial/seed1:  90%|████████▉ | 2692/3000 [29:52<02:52,  1.78it/s]
qwen2.5-vl/pope/ricd/coco/adversarial/seed1:  90%|████████▉ | 2693/3000 [29:52<02:52,  1.78it/s]
qwen2.5-vl/pope/ricd/coco/adversarial/seed1:  90%|████████▉ | 2694/3000 [29:53<02:51,  1.78it/s]
qwen2.5-vl/pope/ricd/coco/adversarial/seed1:  90%|████████▉ | 2695/3000 [29:53<03:05,  1.64it/s]
qwen2.5-vl/pope/ricd/coco/adversarial/seed1:  90%|████████▉ | 2696/3000 [29:54<03:15,  1.55it/s]
qwen2.5-vl/pope/ricd/coco/adversarial/seed1:  90%|████████▉ | 2697/3000 [29:55<03:23,  1.49it/s]
qwen2.5-vl/pope/ricd/coco/adversarial/seed1:  90%|████████▉ | 2698/3000 [29:56<03:27,  1.45it/s]
qwen2.5-vl/pope/ricd/coco/adversarial/seed1:  90%|████████▉ | 2699/3000 [29:56<03:30,  1.43it/s]
qwen2.5-vl/pope/ricd/coco/adversarial/seed1:  90%|█████████ | 2700/3000 [29:57<03:31,  1.42it/s]
qwen2.5-vl/pope/ricd/coco/adversarial/seed1:  90%|█████████ | 2701/3000 [29:58<03:21,  1.48it/s]
qwen2.5-vl/pope/ricd/coco/adversarial/seed1:  90%|█████████ | 2702/3000 [29:58<03:15,  1.53it/s]
qwen2.5-vl/pope/ricd/coco/adversarial/seed1:  90%|█████████ | 2703/3000 [29:59<03:10,  1.56it/s]
qwen2.5-vl/pope/ricd/coco/adversarial/seed1:  90%|█████████ | 2704/3000 [30:00<03:06,  1.59it/s]
qwen2.5-vl/pope/ricd/coco/adversarial/seed1:  90%|█████████ | 2705/3000 [30:00<03:03,  1.61it/s]
qwen2.5-vl/pope/ricd/coco/adversarial/seed1:  90%|█████████ | 2706/3000 [30:01<03:01,  1.62it/s]
qwen2.5-vl/pope/ricd/coco/adversarial/seed1:  90%|█████████ | 2707/3000 [30:01<02:59,  1.63it/s]
qwen2.5-vl/pope/ricd/coco/adversarial/seed1:  90%|█████████ | 2708/3000 [30:02<02:59,  1.63it/s]
qwen2.5-vl/pope/ricd/coco/adversarial/seed1:  90%|█████████ | 2709/3000 [30:03<02:57,  1.64it/s]
qwen2.5-vl/pope/ricd/coco/adversarial/seed1:  90%|█████████ | 2710/3000 [30:03<02:56,  1.64it/s]
qwen2.5-vl/pope/ricd/coco/adversarial/seed1:  90%|█████████ | 2711/3000 [30:04<02:55,  1.65it/s]
qwen2.5-vl/pope/ricd/coco/adversarial/seed1:  90%|█████████ | 2712/3000 [30:04<02:54,  1.65it/s]
qwen2.5-vl/pope/ricd/coco/adversarial/seed1:  90%|█████████ | 2713/3000 [30:05<03:04,  1.56it/s]
qwen2.5-vl/pope/ricd/coco/adversarial/seed1:  90%|█████████ | 2714/3000 [30:06<03:10,  1.50it/s]
qwen2.5-vl/pope/ricd/coco/adversarial/seed1:  90%|█████████ | 2715/3000 [30:07<03:15,  1.46it/s]
qwen2.5-vl/pope/ricd/coco/adversarial/seed1:  91%|█████████ | 2716/3000 [30:07<03:17,  1.44it/s]
qwen2.5-vl/pope/ricd/coco/adversarial/seed1:  91%|█████████ | 2717/3000 [30:08<03:19,  1.42it/s]
qwen2.5-vl/pope/ricd/coco/adversarial/seed1:  91%|█████████ | 2718/3000 [30:09<03:20,  1.40it/s]
qwen2.5-vl/pope/ricd/coco/adversarial/seed1:  91%|█████████ | 2719/3000 [30:09<03:11,  1.47it/s]
qwen2.5-vl/pope/ricd/coco/adversarial/seed1:  91%|█████████ | 2720/3000 [30:10<03:04,  1.52it/s]
qwen2.5-vl/pope/ricd/coco/adversarial/seed1:  91%|█████████ | 2721/3000 [30:11<02:58,  1.56it/s]
qwen2.5-vl/pope/ricd/coco/adversarial/seed1:  91%|█████████ | 2722/3000 [30:11<02:55,  1.59it/s]
qwen2.5-vl/pope/ricd/coco/adversarial/seed1:  91%|█████████ | 2723/3000 [30:12<02:52,  1.61it/s]
qwen2.5-vl/pope/ricd/coco/adversarial/seed1:  91%|█████████ | 2724/3000 [30:12<02:50,  1.62it/s]
qwen2.5-vl/pope/ricd/coco/adversarial/seed1:  91%|█████████ | 2725/3000 [30:13<02:48,  1.63it/s]
qwen2.5-vl/pope/ricd/coco/adversarial/seed1:  91%|█████████ | 2726/3000 [30:14<02:47,  1.64it/s]
qwen2.5-vl/pope/ricd/coco/adversarial/seed1:  91%|█████████ | 2727/3000 [30:14<02:46,  1.64it/s]
qwen2.5-vl/pope/ricd/coco/adversarial/seed1:  91%|█████████ | 2728/3000 [30:15<02:45,  1.64it/s]
qwen2.5-vl/pope/ricd/coco/adversarial/seed1:  91%|█████████ | 2729/3000 [30:15<02:44,  1.65it/s]
qwen2.5-vl/pope/ricd/coco/adversarial/seed1:  91%|█████████ | 2730/3000 [30:16<02:43,  1.65it/s]
qwen2.5-vl/pope/ricd/coco/adversarial/seed1:  91%|█████████ | 2731/3000 [30:17<02:39,  1.69it/s]
qwen2.5-vl/pope/ricd/coco/adversarial/seed1:  91%|█████████ | 2732/3000 [30:17<02:36,  1.72it/s]
qwen2.5-vl/pope/ricd/coco/adversarial/seed1:  91%|█████████ | 2733/3000 [30:18<02:33,  1.74it/s]
qwen2.5-vl/pope/ricd/coco/adversarial/seed1:  91%|█████████ | 2734/3000 [30:18<02:31,  1.75it/s]
qwen2.5-vl/pope/ricd/coco/adversarial/seed1:  91%|█████████ | 2735/3000 [30:19<02:30,  1.76it/s]
qwen2.5-vl/pope/ricd/coco/adversarial/seed1:  91%|█████████ | 2736/3000 [30:19<02:29,  1.77it/s]
qwen2.5-vl/pope/ricd/coco/adversarial/seed1:  91%|█████████ | 2737/3000 [30:20<02:41,  1.63it/s]
qwen2.5-vl/pope/ricd/coco/adversarial/seed1:  91%|█████████▏| 2738/3000 [30:21<02:49,  1.55it/s]
qwen2.5-vl/pope/ricd/coco/adversarial/seed1:  91%|█████████▏| 2739/3000 [30:22<02:55,  1.49it/s]
qwen2.5-vl/pope/ricd/coco/adversarial/seed1:  91%|█████████▏| 2740/3000 [30:22<02:58,  1.45it/s]
qwen2.5-vl/pope/ricd/coco/adversarial/seed1:  91%|█████████▏| 2741/3000 [30:23<03:01,  1.43it/s]
qwen2.5-vl/pope/ricd/coco/adversarial/seed1:  91%|█████████▏| 2742/3000 [30:24<03:02,  1.41it/s]
qwen2.5-vl/pope/ricd/coco/adversarial/seed1:  91%|█████████▏| 2743/3000 [30:24<02:53,  1.48it/s]
qwen2.5-vl/pope/ricd/coco/adversarial/seed1:  91%|█████████▏| 2744/3000 [30:25<02:47,  1.53it/s]
qwen2.5-vl/pope/ricd/coco/adversarial/seed1:  92%|█████████▏| 2745/3000 [30:26<02:44,  1.55it/s]
qwen2.5-vl/pope/ricd/coco/adversarial/seed1:  92%|█████████▏| 2746/3000 [30:26<02:41,  1.57it/s]
qwen2.5-vl/pope/ricd/coco/adversarial/seed1:  92%|█████████▏| 2747/3000 [30:27<02:38,  1.59it/s]
qwen2.5-vl/pope/ricd/coco/adversarial/seed1:  92%|█████████▏| 2748/3000 [30:27<02:36,  1.61it/s]
qwen2.5-vl/pope/ricd/coco/adversarial/seed1:  92%|█████████▏| 2749/3000 [30:28<02:35,  1.62it/s]
qwen2.5-vl/pope/ricd/coco/adversarial/seed1:  92%|█████████▏| 2750/3000 [30:29<02:33,  1.63it/s]
qwen2.5-vl/pope/ricd/coco/adversarial/seed1:  92%|█████████▏| 2751/3000 [30:29<02:32,  1.64it/s]
qwen2.5-vl/pope/ricd/coco/adversarial/seed1:  92%|█████████▏| 2752/3000 [30:30<02:31,  1.64it/s]
qwen2.5-vl/pope/ricd/coco/adversarial/seed1:  92%|█████████▏| 2753/3000 [30:30<02:30,  1.64it/s]
qwen2.5-vl/pope/ricd/coco/adversarial/seed1:  92%|█████████▏| 2754/3000 [30:31<02:29,  1.65it/s]
qwen2.5-vl/pope/ricd/coco/adversarial/seed1:  92%|█████████▏| 2755/3000 [30:32<02:37,  1.56it/s]
qwen2.5-vl/pope/ricd/coco/adversarial/seed1:  92%|█████████▏| 2756/3000 [30:32<02:42,  1.50it/s]
qwen2.5-vl/pope/ricd/coco/adversarial/seed1:  92%|█████████▏| 2757/3000 [30:33<02:48,  1.45it/s]
qwen2.5-vl/pope/ricd/coco/adversarial/seed1:  92%|█████████▏| 2758/3000 [30:34<02:50,  1.42it/s]
qwen2.5-vl/pope/ricd/coco/adversarial/seed1:  92%|█████████▏| 2759/3000 [30:35<02:51,  1.40it/s]
qwen2.5-vl/pope/ricd/coco/adversarial/seed1:  92%|█████████▏| 2760/3000 [30:35<02:51,  1.40it/s]
qwen2.5-vl/pope/ricd/coco/adversarial/seed1:  92%|█████████▏| 2761/3000 [30:36<02:43,  1.47it/s]
qwen2.5-vl/pope/ricd/coco/adversarial/seed1:  92%|█████████▏| 2762/3000 [30:37<02:36,  1.52it/s]
qwen2.5-vl/pope/ricd/coco/adversarial/seed1:  92%|█████████▏| 2763/3000 [30:37<02:32,  1.56it/s]
qwen2.5-vl/pope/ricd/coco/adversarial/seed1:  92%|█████████▏| 2764/3000 [30:38<02:28,  1.59it/s]
qwen2.5-vl/pope/ricd/coco/adversarial/seed1:  92%|█████████▏| 2765/3000 [30:38<02:26,  1.61it/s]
qwen2.5-vl/pope/ricd/coco/adversarial/seed1:  92%|█████████▏| 2766/3000 [30:39<02:24,  1.62it/s]
qwen2.5-vl/pope/ricd/coco/adversarial/seed1:  92%|█████████▏| 2767/3000 [30:40<02:22,  1.63it/s]
qwen2.5-vl/pope/ricd/coco/adversarial/seed1:  92%|█████████▏| 2768/3000 [30:40<02:21,  1.64it/s]
qwen2.5-vl/pope/ricd/coco/adversarial/seed1:  92%|█████████▏| 2769/3000 [30:41<02:20,  1.64it/s]
qwen2.5-vl/pope/ricd/coco/adversarial/seed1:  92%|█████████▏| 2770/3000 [30:41<02:20,  1.64it/s]
qwen2.5-vl/pope/ricd/coco/adversarial/seed1:  92%|█████████▏| 2771/3000 [30:42<02:19,  1.65it/s]
qwen2.5-vl/pope/ricd/coco/adversarial/seed1:  92%|█████████▏| 2772/3000 [30:43<02:18,  1.65it/s]
qwen2.5-vl/pope/ricd/coco/adversarial/seed1:  92%|█████████▏| 2773/3000 [30:43<02:17,  1.65it/s]
qwen2.5-vl/pope/ricd/coco/adversarial/seed1:  92%|█████████▏| 2774/3000 [30:44<02:16,  1.65it/s]
qwen2.5-vl/pope/ricd/coco/adversarial/seed1:  92%|█████████▎| 2775/3000 [30:44<02:16,  1.65it/s]
qwen2.5-vl/pope/ricd/coco/adversarial/seed1:  93%|█████████▎| 2776/3000 [30:45<02:15,  1.65it/s]
qwen2.5-vl/pope/ricd/coco/adversarial/seed1:  93%|█████████▎| 2777/3000 [30:46<02:14,  1.65it/s]
qwen2.5-vl/pope/ricd/coco/adversarial/seed1:  93%|█████████▎| 2778/3000 [30:46<02:14,  1.65it/s]
qwen2.5-vl/pope/ricd/coco/adversarial/seed1:  93%|█████████▎| 2779/3000 [30:47<02:21,  1.56it/s]
qwen2.5-vl/pope/ricd/coco/adversarial/seed1:  93%|█████████▎| 2780/3000 [30:48<02:26,  1.50it/s]
qwen2.5-vl/pope/ricd/coco/adversarial/seed1:  93%|█████████▎| 2781/3000 [30:48<02:29,  1.46it/s]
qwen2.5-vl/pope/ricd/coco/adversarial/seed1:  93%|█████████▎| 2782/3000 [30:49<02:31,  1.44it/s]
qwen2.5-vl/pope/ricd/coco/adversarial/seed1:  93%|█████████▎| 2783/3000 [30:50<02:33,  1.41it/s]
qwen2.5-vl/pope/ricd/coco/adversarial/seed1:  93%|█████████▎| 2784/3000 [30:51<02:35,  1.39it/s]
qwen2.5-vl/pope/ricd/coco/adversarial/seed1:  93%|█████████▎| 2785/3000 [30:52<02:50,  1.26it/s]
qwen2.5-vl/pope/ricd/coco/adversarial/seed1:  93%|█████████▎| 2786/3000 [30:53<03:00,  1.18it/s]
qwen2.5-vl/pope/ricd/coco/adversarial/seed1:  93%|█████████▎| 2787/3000 [30:54<03:07,  1.13it/s]
qwen2.5-vl/pope/ricd/coco/adversarial/seed1:  93%|█████████▎| 2788/3000 [30:55<03:11,  1.11it/s]
qwen2.5-vl/pope/ricd/coco/adversarial/seed1:  93%|█████████▎| 2789/3000 [30:55<03:13,  1.09it/s]
qwen2.5-vl/pope/ricd/coco/adversarial/seed1:  93%|█████████▎| 2790/3000 [30:56<03:17,  1.06it/s]
qwen2.5-vl/pope/ricd/coco/adversarial/seed1:  93%|█████████▎| 2791/3000 [30:57<02:54,  1.20it/s]
qwen2.5-vl/pope/ricd/coco/adversarial/seed1:  93%|█████████▎| 2792/3000 [30:58<02:38,  1.32it/s]
qwen2.5-vl/pope/ricd/coco/adversarial/seed1:  93%|█████████▎| 2793/3000 [30:58<02:25,  1.42it/s]
qwen2.5-vl/pope/ricd/coco/adversarial/seed1:  93%|█████████▎| 2794/3000 [30:59<02:17,  1.50it/s]
qwen2.5-vl/pope/ricd/coco/adversarial/seed1:  93%|█████████▎| 2795/3000 [30:59<02:10,  1.57it/s]
qwen2.5-vl/pope/ricd/coco/adversarial/seed1:  93%|█████████▎| 2796/3000 [31:00<02:05,  1.62it/s]
qwen2.5-vl/pope/ricd/coco/adversarial/seed1:  93%|█████████▎| 2797/3000 [31:01<02:14,  1.51it/s]
qwen2.5-vl/pope/ricd/coco/adversarial/seed1:  93%|█████████▎| 2798/3000 [31:01<02:18,  1.45it/s]
qwen2.5-vl/pope/ricd/coco/adversarial/seed1:  93%|█████████▎| 2799/3000 [31:02<02:22,  1.41it/s]
qwen2.5-vl/pope/ricd/coco/adversarial/seed1:  93%|█████████▎| 2800/3000 [31:03<02:24,  1.38it/s]
qwen2.5-vl/pope/ricd/coco/adversarial/seed1:  93%|█████████▎| 2801/3000 [31:04<02:26,  1.36it/s]
qwen2.5-vl/pope/ricd/coco/adversarial/seed1:  93%|█████████▎| 2802/3000 [31:04<02:26,  1.35it/s]
qwen2.5-vl/pope/ricd/coco/adversarial/seed1:  93%|█████████▎| 2803/3000 [31:05<02:25,  1.36it/s]
qwen2.5-vl/pope/ricd/coco/adversarial/seed1:  93%|█████████▎| 2804/3000 [31:06<02:23,  1.36it/s]
qwen2.5-vl/pope/ricd/coco/adversarial/seed1:  94%|█████████▎| 2805/3000 [31:07<02:22,  1.37it/s]
qwen2.5-vl/pope/ricd/coco/adversarial/seed1:  94%|█████████▎| 2806/3000 [31:07<02:21,  1.37it/s]
qwen2.5-vl/pope/ricd/coco/adversarial/seed1:  94%|█████████▎| 2807/3000 [31:08<02:20,  1.37it/s]
qwen2.5-vl/pope/ricd/coco/adversarial/seed1:  94%|█████████▎| 2808/3000 [31:09<02:20,  1.37it/s]
qwen2.5-vl/pope/ricd/coco/adversarial/seed1:  94%|█████████▎| 2809/3000 [31:10<02:30,  1.27it/s]
qwen2.5-vl/pope/ricd/coco/adversarial/seed1:  94%|█████████▎| 2810/3000 [31:11<02:36,  1.21it/s]
qwen2.5-vl/pope/ricd/coco/adversarial/seed1:  94%|█████████▎| 2811/3000 [31:12<02:40,  1.18it/s]
qwen2.5-vl/pope/ricd/coco/adversarial/seed1:  94%|█████████▎| 2812/3000 [31:12<02:43,  1.15it/s]
qwen2.5-vl/pope/ricd/coco/adversarial/seed1:  94%|█████████▍| 2813/3000 [31:13<02:45,  1.13it/s]
qwen2.5-vl/pope/ricd/coco/adversarial/seed1:  94%|█████████▍| 2814/3000 [31:14<02:45,  1.12it/s]
qwen2.5-vl/pope/ricd/coco/adversarial/seed1:  94%|█████████▍| 2815/3000 [31:15<02:36,  1.18it/s]
qwen2.5-vl/pope/ricd/coco/adversarial/seed1:  94%|█████████▍| 2816/3000 [31:16<02:30,  1.22it/s]
qwen2.5-vl/pope/ricd/coco/adversarial/seed1:  94%|█████████▍| 2817/3000 [31:17<02:25,  1.26it/s]
qwen2.5-vl/pope/ricd/coco/adversarial/seed1:  94%|█████████▍| 2818/3000 [31:17<02:22,  1.28it/s]
qwen2.5-vl/pope/ricd/coco/adversarial/seed1:  94%|█████████▍| 2819/3000 [31:18<02:19,  1.30it/s]
qwen2.5-vl/pope/ricd/coco/adversarial/seed1:  94%|█████████▍| 2820/3000 [31:19<02:17,  1.31it/s]
qwen2.5-vl/pope/ricd/coco/adversarial/seed1:  94%|█████████▍| 2821/3000 [31:19<02:11,  1.36it/s]
qwen2.5-vl/pope/ricd/coco/adversarial/seed1:  94%|█████████▍| 2822/3000 [31:20<02:08,  1.38it/s]
qwen2.5-vl/pope/ricd/coco/adversarial/seed1:  94%|█████████▍| 2823/3000 [31:21<02:05,  1.41it/s]
qwen2.5-vl/pope/ricd/coco/adversarial/seed1:  94%|█████████▍| 2824/3000 [31:22<02:02,  1.44it/s]
qwen2.5-vl/pope/ricd/coco/adversarial/seed1:  94%|█████████▍| 2825/3000 [31:22<02:00,  1.46it/s]
qwen2.5-vl/pope/ricd/coco/adversarial/seed1:  94%|█████████▍| 2826/3000 [31:23<01:58,  1.47it/s]
qwen2.5-vl/pope/ricd/coco/adversarial/seed1:  94%|█████████▍| 2827/3000 [31:23<01:54,  1.51it/s]
qwen2.5-vl/pope/ricd/coco/adversarial/seed1:  94%|█████████▍| 2828/3000 [31:24<01:50,  1.55it/s]
qwen2.5-vl/pope/ricd/coco/adversarial/seed1:  94%|█████████▍| 2829/3000 [31:25<01:48,  1.58it/s]
qwen2.5-vl/pope/ricd/coco/adversarial/seed1:  94%|█████████▍| 2830/3000 [31:25<01:46,  1.59it/s]
qwen2.5-vl/pope/ricd/coco/adversarial/seed1:  94%|█████████▍| 2831/3000 [31:26<01:45,  1.61it/s]
qwen2.5-vl/pope/ricd/coco/adversarial/seed1:  94%|█████████▍| 2832/3000 [31:26<01:43,  1.62it/s]
qwen2.5-vl/pope/ricd/coco/adversarial/seed1:  94%|█████████▍| 2833/3000 [31:27<01:45,  1.58it/s]
qwen2.5-vl/pope/ricd/coco/adversarial/seed1:  94%|█████████▍| 2834/3000 [31:28<01:46,  1.56it/s]
qwen2.5-vl/pope/ricd/coco/adversarial/seed1:  94%|█████████▍| 2835/3000 [31:28<01:47,  1.54it/s]
qwen2.5-vl/pope/ricd/coco/adversarial/seed1:  95%|█████████▍| 2836/3000 [31:29<01:47,  1.53it/s]
qwen2.5-vl/pope/ricd/coco/adversarial/seed1:  95%|█████████▍| 2837/3000 [31:30<01:47,  1.52it/s]
qwen2.5-vl/pope/ricd/coco/adversarial/seed1:  95%|█████████▍| 2838/3000 [31:30<01:46,  1.51it/s]
qwen2.5-vl/pope/ricd/coco/adversarial/seed1:  95%|█████████▍| 2839/3000 [31:31<01:48,  1.48it/s]
qwen2.5-vl/pope/ricd/coco/adversarial/seed1:  95%|█████████▍| 2840/3000 [31:32<01:49,  1.46it/s]
qwen2.5-vl/pope/ricd/coco/adversarial/seed1:  95%|█████████▍| 2841/3000 [31:33<01:50,  1.44it/s]
qwen2.5-vl/pope/ricd/coco/adversarial/seed1:  95%|█████████▍| 2842/3000 [31:33<01:50,  1.43it/s]
qwen2.5-vl/pope/ricd/coco/adversarial/seed1:  95%|█████████▍| 2843/3000 [31:34<01:50,  1.43it/s]
qwen2.5-vl/pope/ricd/coco/adversarial/seed1:  95%|█████████▍| 2844/3000 [31:35<01:49,  1.42it/s]
qwen2.5-vl/pope/ricd/coco/adversarial/seed1:  95%|█████████▍| 2845/3000 [31:35<01:44,  1.48it/s]
qwen2.5-vl/pope/ricd/coco/adversarial/seed1:  95%|█████████▍| 2846/3000 [31:36<01:40,  1.53it/s]
qwen2.5-vl/pope/ricd/coco/adversarial/seed1:  95%|█████████▍| 2847/3000 [31:37<01:37,  1.57it/s]
qwen2.5-vl/pope/ricd/coco/adversarial/seed1:  95%|█████████▍| 2848/3000 [31:37<01:35,  1.59it/s]
qwen2.5-vl/pope/ricd/coco/adversarial/seed1:  95%|█████████▍| 2849/3000 [31:38<01:33,  1.61it/s]
qwen2.5-vl/pope/ricd/coco/adversarial/seed1:  95%|█████████▌| 2850/3000 [31:38<01:32,  1.62it/s]
qwen2.5-vl/pope/ricd/coco/adversarial/seed1:  95%|█████████▌| 2851/3000 [31:39<01:31,  1.63it/s]
qwen2.5-vl/pope/ricd/coco/adversarial/seed1:  95%|█████████▌| 2852/3000 [31:40<01:30,  1.64it/s]
qwen2.5-vl/pope/ricd/coco/adversarial/seed1:  95%|█████████▌| 2853/3000 [31:40<01:29,  1.64it/s]
qwen2.5-vl/pope/ricd/coco/adversarial/seed1:  95%|█████████▌| 2854/3000 [31:41<01:28,  1.65it/s]
qwen2.5-vl/pope/ricd/coco/adversarial/seed1:  95%|█████████▌| 2855/3000 [31:41<01:27,  1.65it/s]
qwen2.5-vl/pope/ricd/coco/adversarial/seed1:  95%|█████████▌| 2856/3000 [31:42<01:27,  1.65it/s]
qwen2.5-vl/pope/ricd/coco/adversarial/seed1:  95%|█████████▌| 2857/3000 [31:43<01:31,  1.56it/s]
qwen2.5-vl/pope/ricd/coco/adversarial/seed1:  95%|█████████▌| 2858/3000 [31:43<01:34,  1.50it/s]
qwen2.5-vl/pope/ricd/coco/adversarial/seed1:  95%|█████████▌| 2859/3000 [31:44<01:36,  1.46it/s]
qwen2.5-vl/pope/ricd/coco/adversarial/seed1:  95%|█████████▌| 2860/3000 [31:45<01:37,  1.44it/s]
qwen2.5-vl/pope/ricd/coco/adversarial/seed1:  95%|█████████▌| 2861/3000 [31:46<01:38,  1.41it/s]
qwen2.5-vl/pope/ricd/coco/adversarial/seed1:  95%|█████████▌| 2862/3000 [31:46<01:38,  1.40it/s]
qwen2.5-vl/pope/ricd/coco/adversarial/seed1:  95%|█████████▌| 2863/3000 [31:47<01:31,  1.50it/s]
qwen2.5-vl/pope/ricd/coco/adversarial/seed1:  95%|█████████▌| 2864/3000 [31:47<01:26,  1.58it/s]
qwen2.5-vl/pope/ricd/coco/adversarial/seed1:  96%|█████████▌| 2865/3000 [31:48<01:22,  1.63it/s]
qwen2.5-vl/pope/ricd/coco/adversarial/seed1:  96%|█████████▌| 2866/3000 [31:49<01:20,  1.67it/s]
qwen2.5-vl/pope/ricd/coco/adversarial/seed1:  96%|█████████▌| 2867/3000 [31:49<01:17,  1.71it/s]
qwen2.5-vl/pope/ricd/coco/adversarial/seed1:  96%|█████████▌| 2868/3000 [31:50<01:16,  1.73it/s]
qwen2.5-vl/pope/ricd/coco/adversarial/seed1:  96%|█████████▌| 2869/3000 [31:50<01:21,  1.61it/s]
qwen2.5-vl/pope/ricd/coco/adversarial/seed1:  96%|█████████▌| 2870/3000 [31:51<01:24,  1.53it/s]
qwen2.5-vl/pope/ricd/coco/adversarial/seed1:  96%|█████████▌| 2871/3000 [31:52<01:26,  1.49it/s]
qwen2.5-vl/pope/ricd/coco/adversarial/seed1:  96%|█████████▌| 2872/3000 [31:53<01:28,  1.45it/s]
qwen2.5-vl/pope/ricd/coco/adversarial/seed1:  96%|█████████▌| 2873/3000 [31:53<01:28,  1.43it/s]
qwen2.5-vl/pope/ricd/coco/adversarial/seed1:  96%|█████████▌| 2874/3000 [31:54<01:28,  1.42it/s]
qwen2.5-vl/pope/ricd/coco/adversarial/seed1:  96%|█████████▌| 2875/3000 [31:55<01:24,  1.48it/s]
qwen2.5-vl/pope/ricd/coco/adversarial/seed1:  96%|█████████▌| 2876/3000 [31:55<01:21,  1.53it/s]
qwen2.5-vl/pope/ricd/coco/adversarial/seed1:  96%|█████████▌| 2877/3000 [31:56<01:18,  1.56it/s]
qwen2.5-vl/pope/ricd/coco/adversarial/seed1:  96%|█████████▌| 2878/3000 [31:56<01:16,  1.59it/s]
qwen2.5-vl/pope/ricd/coco/adversarial/seed1:  96%|█████████▌| 2879/3000 [31:57<01:15,  1.61it/s]
qwen2.5-vl/pope/ricd/coco/adversarial/seed1:  96%|█████████▌| 2880/3000 [31:58<01:13,  1.62it/s]
qwen2.5-vl/pope/ricd/coco/adversarial/seed1:  96%|█████████▌| 2881/3000 [31:58<01:13,  1.63it/s]
qwen2.5-vl/pope/ricd/coco/adversarial/seed1:  96%|█████████▌| 2882/3000 [31:59<01:12,  1.63it/s]
qwen2.5-vl/pope/ricd/coco/adversarial/seed1:  96%|█████████▌| 2883/3000 [32:00<01:11,  1.64it/s]
qwen2.5-vl/pope/ricd/coco/adversarial/seed1:  96%|█████████▌| 2884/3000 [32:00<01:10,  1.64it/s]
qwen2.5-vl/pope/ricd/coco/adversarial/seed1:  96%|█████████▌| 2885/3000 [32:01<01:10,  1.63it/s]
qwen2.5-vl/pope/ricd/coco/adversarial/seed1:  96%|█████████▌| 2886/3000 [32:01<01:09,  1.64it/s]
qwen2.5-vl/pope/ricd/coco/adversarial/seed1:  96%|█████████▌| 2887/3000 [32:02<01:08,  1.64it/s]
qwen2.5-vl/pope/ricd/coco/adversarial/seed1:  96%|█████████▋| 2888/3000 [32:03<01:07,  1.65it/s]
qwen2.5-vl/pope/ricd/coco/adversarial/seed1:  96%|█████████▋| 2889/3000 [32:03<01:07,  1.65it/s]
qwen2.5-vl/pope/ricd/coco/adversarial/seed1:  96%|█████████▋| 2890/3000 [32:04<01:06,  1.65it/s]
qwen2.5-vl/pope/ricd/coco/adversarial/seed1:  96%|█████████▋| 2891/3000 [32:04<01:06,  1.65it/s]
qwen2.5-vl/pope/ricd/coco/adversarial/seed1:  96%|█████████▋| 2892/3000 [32:05<01:06,  1.63it/s]
qwen2.5-vl/pope/ricd/coco/adversarial/seed1:  96%|█████████▋| 2893/3000 [32:06<01:06,  1.60it/s]
qwen2.5-vl/pope/ricd/coco/adversarial/seed1:  96%|█████████▋| 2894/3000 [32:06<01:06,  1.60it/s]
qwen2.5-vl/pope/ricd/coco/adversarial/seed1:  96%|█████████▋| 2895/3000 [32:07<01:04,  1.62it/s]
qwen2.5-vl/pope/ricd/coco/adversarial/seed1:  97%|█████████▋| 2896/3000 [32:07<01:03,  1.63it/s]
qwen2.5-vl/pope/ricd/coco/adversarial/seed1:  97%|█████████▋| 2897/3000 [32:08<01:02,  1.64it/s]
qwen2.5-vl/pope/ricd/coco/adversarial/seed1:  97%|█████████▋| 2898/3000 [32:09<01:02,  1.64it/s]
qwen2.5-vl/pope/ricd/coco/adversarial/seed1:  97%|█████████▋| 2899/3000 [32:09<01:01,  1.64it/s]
qwen2.5-vl/pope/ricd/coco/adversarial/seed1:  97%|█████████▋| 2900/3000 [32:10<01:00,  1.65it/s]
qwen2.5-vl/pope/ricd/coco/adversarial/seed1:  97%|█████████▋| 2901/3000 [32:11<01:00,  1.65it/s]
qwen2.5-vl/pope/ricd/coco/adversarial/seed1:  97%|█████████▋| 2902/3000 [32:11<00:59,  1.65it/s]
qwen2.5-vl/pope/ricd/coco/adversarial/seed1:  97%|█████████▋| 2903/3000 [32:12<00:58,  1.64it/s]
qwen2.5-vl/pope/ricd/coco/adversarial/seed1:  97%|█████████▋| 2904/3000 [32:12<00:58,  1.64it/s]
qwen2.5-vl/pope/ricd/coco/adversarial/seed1:  97%|█████████▋| 2905/3000 [32:13<00:56,  1.68it/s]
qwen2.5-vl/pope/ricd/coco/adversarial/seed1:  97%|█████████▋| 2906/3000 [32:13<00:54,  1.71it/s]
qwen2.5-vl/pope/ricd/coco/adversarial/seed1:  97%|█████████▋| 2907/3000 [32:14<00:53,  1.73it/s]
qwen2.5-vl/pope/ricd/coco/adversarial/seed1:  97%|█████████▋| 2908/3000 [32:15<00:52,  1.75it/s]
qwen2.5-vl/pope/ricd/coco/adversarial/seed1:  97%|█████████▋| 2909/3000 [32:15<00:51,  1.76it/s]
qwen2.5-vl/pope/ricd/coco/adversarial/seed1:  97%|█████████▋| 2910/3000 [32:16<00:50,  1.77it/s]
qwen2.5-vl/pope/ricd/coco/adversarial/seed1:  97%|█████████▋| 2911/3000 [32:16<00:54,  1.63it/s]
qwen2.5-vl/pope/ricd/coco/adversarial/seed1:  97%|█████████▋| 2912/3000 [32:17<00:56,  1.55it/s]
qwen2.5-vl/pope/ricd/coco/adversarial/seed1:  97%|█████████▋| 2913/3000 [32:18<00:58,  1.49it/s]
qwen2.5-vl/pope/ricd/coco/adversarial/seed1:  97%|█████████▋| 2914/3000 [32:19<00:58,  1.46it/s]
qwen2.5-vl/pope/ricd/coco/adversarial/seed1:  97%|█████████▋| 2915/3000 [32:19<00:59,  1.43it/s]
qwen2.5-vl/pope/ricd/coco/adversarial/seed1:  97%|█████████▋| 2916/3000 [32:20<00:59,  1.42it/s]
qwen2.5-vl/pope/ricd/coco/adversarial/seed1:  97%|█████████▋| 2917/3000 [32:21<00:56,  1.48it/s]
qwen2.5-vl/pope/ricd/coco/adversarial/seed1:  97%|█████████▋| 2918/3000 [32:21<00:53,  1.53it/s]
qwen2.5-vl/pope/ricd/coco/adversarial/seed1:  97%|█████████▋| 2919/3000 [32:22<00:51,  1.56it/s]
qwen2.5-vl/pope/ricd/coco/adversarial/seed1:  97%|█████████▋| 2920/3000 [32:22<00:50,  1.59it/s]
qwen2.5-vl/pope/ricd/coco/adversarial/seed1:  97%|█████████▋| 2921/3000 [32:23<00:49,  1.61it/s]
qwen2.5-vl/pope/ricd/coco/adversarial/seed1:  97%|█████████▋| 2922/3000 [32:24<00:48,  1.62it/s]
qwen2.5-vl/pope/ricd/coco/adversarial/seed1:  97%|█████████▋| 2923/3000 [32:24<00:47,  1.63it/s]
qwen2.5-vl/pope/ricd/coco/adversarial/seed1:  97%|█████████▋| 2924/3000 [32:25<00:46,  1.63it/s]
qwen2.5-vl/pope/ricd/coco/adversarial/seed1:  98%|█████████▊| 2925/3000 [32:26<00:45,  1.63it/s]
qwen2.5-vl/pope/ricd/coco/adversarial/seed1:  98%|█████████▊| 2926/3000 [32:26<00:45,  1.64it/s]
qwen2.5-vl/pope/ricd/coco/adversarial/seed1:  98%|█████████▊| 2927/3000 [32:27<00:44,  1.64it/s]
qwen2.5-vl/pope/ricd/coco/adversarial/seed1:  98%|█████████▊| 2928/3000 [32:27<00:43,  1.65it/s]
qwen2.5-vl/pope/ricd/coco/adversarial/seed1:  98%|█████████▊| 2929/3000 [32:28<00:42,  1.69it/s]
qwen2.5-vl/pope/ricd/coco/adversarial/seed1:  98%|█████████▊| 2930/3000 [32:28<00:40,  1.71it/s]
qwen2.5-vl/pope/ricd/coco/adversarial/seed1:  98%|█████████▊| 2931/3000 [32:29<00:39,  1.73it/s]
qwen2.5-vl/pope/ricd/coco/adversarial/seed1:  98%|█████████▊| 2932/3000 [32:30<00:38,  1.75it/s]
qwen2.5-vl/pope/ricd/coco/adversarial/seed1:  98%|█████████▊| 2933/3000 [32:30<00:38,  1.75it/s]
qwen2.5-vl/pope/ricd/coco/adversarial/seed1:  98%|█████████▊| 2934/3000 [32:31<00:37,  1.76it/s]
qwen2.5-vl/pope/ricd/coco/adversarial/seed1:  98%|█████████▊| 2935/3000 [32:31<00:39,  1.63it/s]
qwen2.5-vl/pope/ricd/coco/adversarial/seed1:  98%|█████████▊| 2936/3000 [32:32<00:41,  1.54it/s]
qwen2.5-vl/pope/ricd/coco/adversarial/seed1:  98%|█████████▊| 2937/3000 [32:33<00:42,  1.49it/s]
qwen2.5-vl/pope/ricd/coco/adversarial/seed1:  98%|█████████▊| 2938/3000 [32:34<00:42,  1.46it/s]
qwen2.5-vl/pope/ricd/coco/adversarial/seed1:  98%|█████████▊| 2939/3000 [32:34<00:42,  1.43it/s]
qwen2.5-vl/pope/ricd/coco/adversarial/seed1:  98%|█████████▊| 2940/3000 [32:35<00:42,  1.42it/s]
qwen2.5-vl/pope/ricd/coco/adversarial/seed1:  98%|█████████▊| 2941/3000 [32:36<00:41,  1.41it/s]
qwen2.5-vl/pope/ricd/coco/adversarial/seed1:  98%|█████████▊| 2942/3000 [32:36<00:41,  1.40it/s]
qwen2.5-vl/pope/ricd/coco/adversarial/seed1:  98%|█████████▊| 2943/3000 [32:37<00:40,  1.39it/s]
qwen2.5-vl/pope/ricd/coco/adversarial/seed1:  98%|█████████▊| 2944/3000 [32:38<00:40,  1.39it/s]
qwen2.5-vl/pope/ricd/coco/adversarial/seed1:  98%|█████████▊| 2945/3000 [32:39<00:39,  1.38it/s]
qwen2.5-vl/pope/ricd/coco/adversarial/seed1:  98%|█████████▊| 2946/3000 [32:39<00:39,  1.37it/s]
qwen2.5-vl/pope/ricd/coco/adversarial/seed1:  98%|█████████▊| 2947/3000 [32:40<00:36,  1.44it/s]
qwen2.5-vl/pope/ricd/coco/adversarial/seed1:  98%|█████████▊| 2948/3000 [32:41<00:35,  1.48it/s]
qwen2.5-vl/pope/ricd/coco/adversarial/seed1:  98%|█████████▊| 2949/3000 [32:41<00:33,  1.51it/s]
qwen2.5-vl/pope/ricd/coco/adversarial/seed1:  98%|█████████▊| 2950/3000 [32:42<00:32,  1.55it/s]
qwen2.5-vl/pope/ricd/coco/adversarial/seed1:  98%|█████████▊| 2951/3000 [32:43<00:31,  1.58it/s]
qwen2.5-vl/pope/ricd/coco/adversarial/seed1:  98%|█████████▊| 2952/3000 [32:43<00:30,  1.59it/s]
qwen2.5-vl/pope/ricd/coco/adversarial/seed1:  98%|█████████▊| 2953/3000 [32:44<00:29,  1.61it/s]
qwen2.5-vl/pope/ricd/coco/adversarial/seed1:  98%|█████████▊| 2954/3000 [32:44<00:28,  1.61it/s]
qwen2.5-vl/pope/ricd/coco/adversarial/seed1:  98%|█████████▊| 2955/3000 [32:45<00:27,  1.62it/s]
qwen2.5-vl/pope/ricd/coco/adversarial/seed1:  99%|█████████▊| 2956/3000 [32:46<00:27,  1.62it/s]
qwen2.5-vl/pope/ricd/coco/adversarial/seed1:  99%|█████████▊| 2957/3000 [32:46<00:26,  1.63it/s]
qwen2.5-vl/pope/ricd/coco/adversarial/seed1:  99%|█████████▊| 2958/3000 [32:47<00:25,  1.63it/s]
qwen2.5-vl/pope/ricd/coco/adversarial/seed1:  99%|█████████▊| 2959/3000 [32:47<00:24,  1.66it/s]
qwen2.5-vl/pope/ricd/coco/adversarial/seed1:  99%|█████████▊| 2960/3000 [32:48<00:23,  1.69it/s]
qwen2.5-vl/pope/ricd/coco/adversarial/seed1:  99%|█████████▊| 2961/3000 [32:48<00:22,  1.72it/s]
qwen2.5-vl/pope/ricd/coco/adversarial/seed1:  99%|█████████▊| 2962/3000 [32:49<00:21,  1.73it/s]
qwen2.5-vl/pope/ricd/coco/adversarial/seed1:  99%|█████████▉| 2963/3000 [32:50<00:21,  1.74it/s]
qwen2.5-vl/pope/ricd/coco/adversarial/seed1:  99%|█████████▉| 2964/3000 [32:50<00:20,  1.75it/s]
qwen2.5-vl/pope/ricd/coco/adversarial/seed1:  99%|█████████▉| 2965/3000 [32:51<00:20,  1.71it/s]
qwen2.5-vl/pope/ricd/coco/adversarial/seed1:  99%|█████████▉| 2966/3000 [32:51<00:20,  1.69it/s]
qwen2.5-vl/pope/ricd/coco/adversarial/seed1:  99%|█████████▉| 2967/3000 [32:52<00:19,  1.67it/s]
qwen2.5-vl/pope/ricd/coco/adversarial/seed1:  99%|█████████▉| 2968/3000 [32:53<00:19,  1.65it/s]
qwen2.5-vl/pope/ricd/coco/adversarial/seed1:  99%|█████████▉| 2969/3000 [32:53<00:18,  1.64it/s]
qwen2.5-vl/pope/ricd/coco/adversarial/seed1:  99%|█████████▉| 2970/3000 [32:54<00:18,  1.64it/s]
qwen2.5-vl/pope/ricd/coco/adversarial/seed1:  99%|█████████▉| 2971/3000 [32:54<00:17,  1.63it/s]
qwen2.5-vl/pope/ricd/coco/adversarial/seed1:  99%|█████████▉| 2972/3000 [32:55<00:17,  1.63it/s]
qwen2.5-vl/pope/ricd/coco/adversarial/seed1:  99%|█████████▉| 2973/3000 [32:56<00:16,  1.63it/s]
qwen2.5-vl/pope/ricd/coco/adversarial/seed1:  99%|█████████▉| 2974/3000 [32:56<00:15,  1.63it/s]
qwen2.5-vl/pope/ricd/coco/adversarial/seed1:  99%|█████████▉| 2975/3000 [32:57<00:15,  1.63it/s]
qwen2.5-vl/pope/ricd/coco/adversarial/seed1:  99%|█████████▉| 2976/3000 [32:58<00:14,  1.64it/s]
qwen2.5-vl/pope/ricd/coco/adversarial/seed1:  99%|█████████▉| 2977/3000 [32:58<00:14,  1.64it/s]
qwen2.5-vl/pope/ricd/coco/adversarial/seed1:  99%|█████████▉| 2978/3000 [32:59<00:13,  1.64it/s]
qwen2.5-vl/pope/ricd/coco/adversarial/seed1:  99%|█████████▉| 2979/3000 [32:59<00:12,  1.64it/s]
qwen2.5-vl/pope/ricd/coco/adversarial/seed1:  99%|█████████▉| 2980/3000 [33:00<00:12,  1.64it/s]
qwen2.5-vl/pope/ricd/coco/adversarial/seed1:  99%|█████████▉| 2981/3000 [33:01<00:11,  1.64it/s]
qwen2.5-vl/pope/ricd/coco/adversarial/seed1:  99%|█████████▉| 2982/3000 [33:01<00:10,  1.64it/s]
qwen2.5-vl/pope/ricd/coco/adversarial/seed1:  99%|█████████▉| 2983/3000 [33:02<00:10,  1.55it/s]
qwen2.5-vl/pope/ricd/coco/adversarial/seed1:  99%|█████████▉| 2984/3000 [33:03<00:10,  1.49it/s]
qwen2.5-vl/pope/ricd/coco/adversarial/seed1: 100%|█████████▉| 2985/3000 [33:03<00:10,  1.46it/s]
qwen2.5-vl/pope/ricd/coco/adversarial/seed1: 100%|█████████▉| 2986/3000 [33:04<00:09,  1.43it/s]
qwen2.5-vl/pope/ricd/coco/adversarial/seed1: 100%|█████████▉| 2987/3000 [33:05<00:09,  1.41it/s]
qwen2.5-vl/pope/ricd/coco/adversarial/seed1: 100%|█████████▉| 2988/3000 [33:06<00:08,  1.40it/s]
qwen2.5-vl/pope/ricd/coco/adversarial/seed1: 100%|█████████▉| 2989/3000 [33:06<00:07,  1.39it/s]
qwen2.5-vl/pope/ricd/coco/adversarial/seed1: 100%|█████████▉| 2990/3000 [33:07<00:07,  1.39it/s]
qwen2.5-vl/pope/ricd/coco/adversarial/seed1: 100%|█████████▉| 2991/3000 [33:08<00:06,  1.38it/s]
qwen2.5-vl/pope/ricd/coco/adversarial/seed1: 100%|█████████▉| 2992/3000 [33:08<00:05,  1.38it/s]
qwen2.5-vl/pope/ricd/coco/adversarial/seed1: 100%|█████████▉| 2993/3000 [33:09<00:05,  1.38it/s]
qwen2.5-vl/pope/ricd/coco/adversarial/seed1: 100%|█████████▉| 2994/3000 [33:10<00:04,  1.38it/s]
qwen2.5-vl/pope/ricd/coco/adversarial/seed1: 100%|█████████▉| 2995/3000 [33:11<00:03,  1.38it/s]
qwen2.5-vl/pope/ricd/coco/adversarial/seed1: 100%|█████████▉| 2996/3000 [33:11<00:02,  1.38it/s]
qwen2.5-vl/pope/ricd/coco/adversarial/seed1: 100%|█████████▉| 2997/3000 [33:12<00:02,  1.37it/s]
qwen2.5-vl/pope/ricd/coco/adversarial/seed1: 100%|█████████▉| 2998/3000 [33:13<00:01,  1.38it/s]
qwen2.5-vl/pope/ricd/coco/adversarial/seed1: 100%|█████████▉| 2999/3000 [33:14<00:00,  1.38it/s]
qwen2.5-vl/pope/ricd/coco/adversarial/seed1: 100%|██████████| 3000/3000 [33:14<00:00,  1.37it/s]
qwen2.5-vl/pope/ricd/coco/adversarial/seed1: 100%|██████████| 3000/3000 [33:14<00:00,  1.50it/s]
{
  "protocol_version": "qwen2.5-vl-ricd-clean-random-lambda-l15-v1",
  "benchmark": "pope",
  "model": "qwen2.5-vl",
  "method": "ricd",
  "dataset": "coco",
  "setting": "adversarial",
  "seed": 1,
  "generation": {
    "do_sample": false,
    "temperature": 1.0,
    "top_p": 1.0,
    "top_k": null,
    "max_new_tokens": 32,
    "use_cache": false
  },
  "ricd": {
    "lambda_l": 1.5,
    "lambda_s": 1.0,
    "tau_l": 1.0,
    "tau_v": 1.0,
    "top_k_proxy": 10,
    "apc_mode": "relative_max",
    "theta_apc": 0.3,
    "selection_status": "predeclared_clean_lambda_l_sweep_l15"
  },
  "metrics": {
    "agla_official_compatible": {
      "total": 3000,
      "correct": 2565,
      "tp": 1155,
      "fp": 90,
      "tn": 1410,
      "fn": 345,
      "unknown_predictions": 0,
      "ambiguous_contains_both": 0,
      "accuracy": 85.5,
      "precision": 92.7710843373494,
      "recall": 77.0,
      "f1": 84.15300546448088,
      "yes_ratio": 41.5
    },
    "strict_first_token": {
      "total": 3000,
      "correct": 2565,
      "tp": 1155,
      "fp": 90,
      "tn": 1410,
      "fn": 345,
      "unknown_predictions": 0,
      "ambiguous_contains_both": 0,
      "accuracy": 85.5,
      "precision": 92.7710843373494,
      "recall": 77.0,
      "f1": 84.15300546448088,
      "yes_ratio": 41.5
    }
  }
}
[2026-08-26 00:04:18] DONE Qwen RiCD fixed l15 coco adversarial
[2026-08-26 00:04:18] START Qwen RiCD fixed l15 aokvqa adversarial
{
  "protocol_version": "qwen2.5-vl-ricd-clean-random-lambda-l15-v1",
  "model": "qwen2.5-vl",
  "benchmark": "pope",
  "method": "ricd",
  "dataset": "aokvqa",
  "setting": "adversarial",
  "seed": 1,
  "samples": 3000,
  "image_root": "/root/autodl-tmp/CCR-master/data/coco/val2014",
  "completed": 0,
  "job_dir": "/root/autodl-tmp/CCR-master/outputs/qwen2_5_vl_ricd_clean_fixed_l15_adversarial_v1/qwen2.5-vl/pope/ricd/aokvqa/adversarial/seed1",
  "config_path": "/root/autodl-tmp/CCR-master/configs/qwen_clean_random_lambda_l_sweep/l15.json",
  "generation": {
    "do_sample": false,
    "temperature": 1.0,
    "top_p": 1.0,
    "top_k": null,
    "max_new_tokens": 32,
    "use_cache": false
  }
}
/root/autodl-tmp/qwen25vl_env/lib/python3.10/site-packages/transformers/utils/hub.py:106: FutureWarning: Using `TRANSFORMERS_CACHE` is deprecated and will be removed in v5 of Transformers. Use `HF_HOME` instead.
  warnings.warn(
/root/miniconda3/lib/python3.10/site-packages/torchvision/datapoints/__init__.py:12: UserWarning: The torchvision.datapoints and torchvision.transforms.v2 namespaces are still Beta. While we do not expect major breaking changes, some APIs may still change according to user feedback. Please submit any feedback you may have in this issue: https://github.com/pytorch/vision/issues/6753, and you can also check out https://github.com/pytorch/vision/issues/7319 to learn more about the APIs that we suspect might involve future changes. You can silence this warning by calling torchvision.disable_beta_transforms_warning().
  warnings.warn(_BETA_TRANSFORMS_WARNING)
/root/miniconda3/lib/python3.10/site-packages/torchvision/transforms/v2/__init__.py:54: UserWarning: The torchvision.datapoints and torchvision.transforms.v2 namespaces are still Beta. While we do not expect major breaking changes, some APIs may still change according to user feedback. Please submit any feedback you may have in this issue: https://github.com/pytorch/vision/issues/6753, and you can also check out https://github.com/pytorch/vision/issues/7319 to learn more about the APIs that we suspect might involve future changes. You can silence this warning by calling torchvision.disable_beta_transforms_warning().
  warnings.warn(_BETA_TRANSFORMS_WARNING)
[Qwen2.5-VL] Loading Qwen/Qwen2.5-VL-7B-Instruct...
  Using Qwen2_5_VLForConditionalGeneration
Using a slow image processor as `use_fast` is unset and a slow processor was saved with this model. `use_fast=True` will be the default behavior in v4.48, even if the model was saved with a slow processor. This will result in minor differences in outputs. You'll still be able to use a slow processor with `use_fast=False`.

Loading checkpoint shards:   0%|          | 0/5 [00:00<?, ?it/s]
Loading checkpoint shards:  20%|██        | 1/5 [00:03<00:15,  3.95s/it]
Loading checkpoint shards:  40%|████      | 2/5 [00:07<00:10,  3.54s/it]
Loading checkpoint shards:  60%|██████    | 3/5 [00:10<00:06,  3.40s/it]
Loading checkpoint shards:  80%|████████  | 4/5 [00:13<00:03,  3.33s/it]
Loading checkpoint shards: 100%|██████████| 5/5 [00:14<00:00,  2.50s/it]
Loading checkpoint shards: 100%|██████████| 5/5 [00:14<00:00,  2.94s/it]
[Qwen2.5-VL] Loaded. vocab=152064

qwen2.5-vl/pope/ricd/aokvqa/adversarial/seed1:   0%|          | 0/3000 [00:00<?, ?it/s]
qwen2.5-vl/pope/ricd/aokvqa/adversarial/seed1:   0%|          | 1/3000 [00:01<1:22:18,  1.65s/it]
qwen2.5-vl/pope/ricd/aokvqa/adversarial/seed1:   0%|          | 2/3000 [00:02<57:34,  1.15s/it]  
qwen2.5-vl/pope/ricd/aokvqa/adversarial/seed1:   0%|          | 3/3000 [00:03<49:30,  1.01it/s]
qwen2.5-vl/pope/ricd/aokvqa/adversarial/seed1:   0%|          | 4/3000 [00:04<45:42,  1.09it/s]
qwen2.5-vl/pope/ricd/aokvqa/adversarial/seed1:   0%|          | 5/3000 [00:04<43:41,  1.14it/s]
qwen2.5-vl/pope/ricd/aokvqa/adversarial/seed1:   0%|          | 6/3000 [00:05<42:24,  1.18it/s]
qwen2.5-vl/pope/ricd/aokvqa/adversarial/seed1:   0%|          | 7/3000 [00:06<40:19,  1.24it/s]
qwen2.5-vl/pope/ricd/aokvqa/adversarial/seed1:   0%|          | 8/3000 [00:07<38:55,  1.28it/s]
qwen2.5-vl/pope/ricd/aokvqa/adversarial/seed1:   0%|          | 9/3000 [00:07<38:09,  1.31it/s]
qwen2.5-vl/pope/ricd/aokvqa/adversarial/seed1:   0%|          | 10/3000 [00:08<37:34,  1.33it/s]
qwen2.5-vl/pope/ricd/aokvqa/adversarial/seed1:   0%|          | 11/3000 [00:09<37:06,  1.34it/s]
qwen2.5-vl/pope/ricd/aokvqa/adversarial/seed1:   0%|          | 12/3000 [00:10<36:46,  1.35it/s]
qwen2.5-vl/pope/ricd/aokvqa/adversarial/seed1:   0%|          | 13/3000 [00:10<35:37,  1.40it/s]
qwen2.5-vl/pope/ricd/aokvqa/adversarial/seed1:   0%|          | 14/3000 [00:11<34:47,  1.43it/s]
qwen2.5-vl/pope/ricd/aokvqa/adversarial/seed1:   0%|          | 15/3000 [00:11<34:13,  1.45it/s]
qwen2.5-vl/pope/ricd/aokvqa/adversarial/seed1:   1%|          | 16/3000 [00:12<33:50,  1.47it/s]
qwen2.5-vl/pope/ricd/aokvqa/adversarial/seed1:   1%|          | 17/3000 [00:13<33:37,  1.48it/s]
qwen2.5-vl/pope/ricd/aokvqa/adversarial/seed1:   1%|          | 18/3000 [00:13<33:27,  1.49it/s]
qwen2.5-vl/pope/ricd/aokvqa/adversarial/seed1:   1%|          | 19/3000 [00:14<36:37,  1.36it/s]
qwen2.5-vl/pope/ricd/aokvqa/adversarial/seed1:   1%|          | 20/3000 [00:15<38:47,  1.28it/s]
qwen2.5-vl/pope/ricd/aokvqa/adversarial/seed1:   1%|          | 21/3000 [00:16<40:16,  1.23it/s]
qwen2.5-vl/pope/ricd/aokvqa/adversarial/seed1:   1%|          | 22/3000 [00:17<41:17,  1.20it/s]
qwen2.5-vl/pope/ricd/aokvqa/adversarial/seed1:   1%|          | 23/3000 [00:18<42:01,  1.18it/s]
qwen2.5-vl/pope/ricd/aokvqa/adversarial/seed1:   1%|          | 24/3000 [00:19<42:34,  1.17it/s]
qwen2.5-vl/pope/ricd/aokvqa/adversarial/seed1:   1%|          | 25/3000 [00:19<40:20,  1.23it/s]
qwen2.5-vl/pope/ricd/aokvqa/adversarial/seed1:   1%|          | 26/3000 [00:20<38:46,  1.28it/s]
qwen2.5-vl/pope/ricd/aokvqa/adversarial/seed1:   1%|          | 27/3000 [00:21<37:48,  1.31it/s]
qwen2.5-vl/pope/ricd/aokvqa/adversarial/seed1:   1%|          | 28/3000 [00:22<37:05,  1.34it/s]
qwen2.5-vl/pope/ricd/aokvqa/adversarial/seed1:   1%|          | 29/3000 [00:22<36:35,  1.35it/s]
qwen2.5-vl/pope/ricd/aokvqa/adversarial/seed1:   1%|          | 30/3000 [00:23<36:14,  1.37it/s]
qwen2.5-vl/pope/ricd/aokvqa/adversarial/seed1:   1%|          | 31/3000 [00:24<34:28,  1.44it/s]
qwen2.5-vl/pope/ricd/aokvqa/adversarial/seed1:   1%|          | 32/3000 [00:24<33:13,  1.49it/s]
qwen2.5-vl/pope/ricd/aokvqa/adversarial/seed1:   1%|          | 33/3000 [00:25<32:21,  1.53it/s]
qwen2.5-vl/pope/ricd/aokvqa/adversarial/seed1:   1%|          | 34/3000 [00:26<31:46,  1.56it/s]
qwen2.5-vl/pope/ricd/aokvqa/adversarial/seed1:   1%|          | 35/3000 [00:26<31:16,  1.58it/s]
qwen2.5-vl/pope/ricd/aokvqa/adversarial/seed1:   1%|          | 36/3000 [00:27<30:50,  1.60it/s]
qwen2.5-vl/pope/ricd/aokvqa/adversarial/seed1:   1%|          | 37/3000 [00:27<32:15,  1.53it/s]
qwen2.5-vl/pope/ricd/aokvqa/adversarial/seed1:   1%|▏         | 38/3000 [00:28<33:23,  1.48it/s]
qwen2.5-vl/pope/ricd/aokvqa/adversarial/seed1:   1%|▏         | 39/3000 [00:29<34:06,  1.45it/s]
qwen2.5-vl/pope/ricd/aokvqa/adversarial/seed1:   1%|▏         | 40/3000 [00:30<34:42,  1.42it/s]
qwen2.5-vl/pope/ricd/aokvqa/adversarial/seed1:   1%|▏         | 41/3000 [00:30<35:39,  1.38it/s]
qwen2.5-vl/pope/ricd/aokvqa/adversarial/seed1:   1%|▏         | 42/3000 [00:31<35:49,  1.38it/s]
qwen2.5-vl/pope/ricd/aokvqa/adversarial/seed1:   1%|▏         | 43/3000 [00:32<35:51,  1.37it/s]
qwen2.5-vl/pope/ricd/aokvqa/adversarial/seed1:   1%|▏         | 44/3000 [00:33<35:45,  1.38it/s]
qwen2.5-vl/pope/ricd/aokvqa/adversarial/seed1:   2%|▏         | 45/3000 [00:33<35:45,  1.38it/s]
qwen2.5-vl/pope/ricd/aokvqa/adversarial/seed1:   2%|▏         | 46/3000 [00:34<35:52,  1.37it/s]
qwen2.5-vl/pope/ricd/aokvqa/adversarial/seed1:   2%|▏         | 47/3000 [00:35<35:44,  1.38it/s]
qwen2.5-vl/pope/ricd/aokvqa/adversarial/seed1:   2%|▏         | 48/3000 [00:36<35:37,  1.38it/s]
qwen2.5-vl/pope/ricd/aokvqa/adversarial/seed1:   2%|▏         | 49/3000 [00:36<34:43,  1.42it/s]
qwen2.5-vl/pope/ricd/aokvqa/adversarial/seed1:   2%|▏         | 50/3000 [00:37<34:02,  1.44it/s]
qwen2.5-vl/pope/ricd/aokvqa/adversarial/seed1:   2%|▏         | 51/3000 [00:37<33:33,  1.46it/s]
qwen2.5-vl/pope/ricd/aokvqa/adversarial/seed1:   2%|▏         | 52/3000 [00:38<33:13,  1.48it/s]
qwen2.5-vl/pope/ricd/aokvqa/adversarial/seed1:   2%|▏         | 53/3000 [00:39<33:03,  1.49it/s]
qwen2.5-vl/pope/ricd/aokvqa/adversarial/seed1:   2%|▏         | 54/3000 [00:39<32:50,  1.49it/s]
qwen2.5-vl/pope/ricd/aokvqa/adversarial/seed1:   2%|▏         | 55/3000 [00:40<31:50,  1.54it/s]
qwen2.5-vl/pope/ricd/aokvqa/adversarial/seed1:   2%|▏         | 56/3000 [00:41<31:11,  1.57it/s]
qwen2.5-vl/pope/ricd/aokvqa/adversarial/seed1:   2%|▏         | 57/3000 [00:41<30:41,  1.60it/s]
qwen2.5-vl/pope/ricd/aokvqa/adversarial/seed1:   2%|▏         | 58/3000 [00:42<30:21,  1.62it/s]
qwen2.5-vl/pope/ricd/aokvqa/adversarial/seed1:   2%|▏         | 59/3000 [00:42<30:05,  1.63it/s]
qwen2.5-vl/pope/ricd/aokvqa/adversarial/seed1:   2%|▏         | 60/3000 [00:43<30:00,  1.63it/s]
qwen2.5-vl/pope/ricd/aokvqa/adversarial/seed1:   2%|▏         | 61/3000 [00:44<29:50,  1.64it/s]
qwen2.5-vl/pope/ricd/aokvqa/adversarial/seed1:   2%|▏         | 62/3000 [00:44<29:43,  1.65it/s]
qwen2.5-vl/pope/ricd/aokvqa/adversarial/seed1:   2%|▏         | 63/3000 [00:45<29:40,  1.65it/s]
qwen2.5-vl/pope/ricd/aokvqa/adversarial/seed1:   2%|▏         | 64/3000 [00:46<29:36,  1.65it/s]
qwen2.5-vl/pope/ricd/aokvqa/adversarial/seed1:   2%|▏         | 65/3000 [00:46<29:33,  1.66it/s]
qwen2.5-vl/pope/ricd/aokvqa/adversarial/seed1:   2%|▏         | 66/3000 [00:47<29:35,  1.65it/s]
qwen2.5-vl/pope/ricd/aokvqa/adversarial/seed1:   2%|▏         | 67/3000 [00:47<29:26,  1.66it/s]
qwen2.5-vl/pope/ricd/aokvqa/adversarial/seed1:   2%|▏         | 68/3000 [00:48<29:19,  1.67it/s]
qwen2.5-vl/pope/ricd/aokvqa/adversarial/seed1:   2%|▏         | 69/3000 [00:49<29:14,  1.67it/s]
qwen2.5-vl/pope/ricd/aokvqa/adversarial/seed1:   2%|▏         | 70/3000 [00:49<29:15,  1.67it/s]
qwen2.5-vl/pope/ricd/aokvqa/adversarial/seed1:   2%|▏         | 71/3000 [00:50<29:16,  1.67it/s]
qwen2.5-vl/pope/ricd/aokvqa/adversarial/seed1:   2%|▏         | 72/3000 [00:50<29:14,  1.67it/s]
qwen2.5-vl/pope/ricd/aokvqa/adversarial/seed1:   2%|▏         | 73/3000 [00:51<31:02,  1.57it/s]
qwen2.5-vl/pope/ricd/aokvqa/adversarial/seed1:   2%|▏         | 74/3000 [00:52<32:21,  1.51it/s]
qwen2.5-vl/pope/ricd/aokvqa/adversarial/seed1:   2%|▎         | 75/3000 [00:52<33:08,  1.47it/s]
qwen2.5-vl/pope/ricd/aokvqa/adversarial/seed1:   3%|▎         | 76/3000 [00:53<33:47,  1.44it/s]
qwen2.5-vl/pope/ricd/aokvqa/adversarial/seed1:   3%|▎         | 77/3000 [00:54<34:15,  1.42it/s]
qwen2.5-vl/pope/ricd/aokvqa/adversarial/seed1:   3%|▎         | 78/3000 [00:55<34:28,  1.41it/s]
qwen2.5-vl/pope/ricd/aokvqa/adversarial/seed1:   3%|▎         | 79/3000 [00:55<33:55,  1.44it/s]
qwen2.5-vl/pope/ricd/aokvqa/adversarial/seed1:   3%|▎         | 80/3000 [00:56<33:27,  1.45it/s]
qwen2.5-vl/pope/ricd/aokvqa/adversarial/seed1:   3%|▎         | 81/3000 [00:57<33:08,  1.47it/s]
qwen2.5-vl/pope/ricd/aokvqa/adversarial/seed1:   3%|▎         | 82/3000 [00:57<32:57,  1.48it/s]
qwen2.5-vl/pope/ricd/aokvqa/adversarial/seed1:   3%|▎         | 83/3000 [00:58<32:47,  1.48it/s]
qwen2.5-vl/pope/ricd/aokvqa/adversarial/seed1:   3%|▎         | 84/3000 [00:59<32:38,  1.49it/s]
qwen2.5-vl/pope/ricd/aokvqa/adversarial/seed1:   3%|▎         | 85/3000 [00:59<31:40,  1.53it/s]
qwen2.5-vl/pope/ricd/aokvqa/adversarial/seed1:   3%|▎         | 86/3000 [01:00<31:00,  1.57it/s]
qwen2.5-vl/pope/ricd/aokvqa/adversarial/seed1:   3%|▎         | 87/3000 [01:00<30:31,  1.59it/s]
qwen2.5-vl/pope/ricd/aokvqa/adversarial/seed1:   3%|▎         | 88/3000 [01:01<30:39,  1.58it/s]
qwen2.5-vl/pope/ricd/aokvqa/adversarial/seed1:   3%|▎         | 89/3000 [01:02<30:49,  1.57it/s]
qwen2.5-vl/pope/ricd/aokvqa/adversarial/seed1:   3%|▎         | 90/3000 [01:02<30:59,  1.56it/s]
qwen2.5-vl/pope/ricd/aokvqa/adversarial/seed1:   3%|▎         | 91/3000 [01:03<32:34,  1.49it/s]
qwen2.5-vl/pope/ricd/aokvqa/adversarial/seed1:   3%|▎         | 92/3000 [01:04<33:31,  1.45it/s]
qwen2.5-vl/pope/ricd/aokvqa/adversarial/seed1:   3%|▎         | 93/3000 [01:05<34:08,  1.42it/s]
qwen2.5-vl/pope/ricd/aokvqa/adversarial/seed1:   3%|▎         | 94/3000 [01:05<34:29,  1.40it/s]
qwen2.5-vl/pope/ricd/aokvqa/adversarial/seed1:   3%|▎         | 95/3000 [01:06<34:55,  1.39it/s]
qwen2.5-vl/pope/ricd/aokvqa/adversarial/seed1:   3%|▎         | 96/3000 [01:07<35:26,  1.37it/s]
qwen2.5-vl/pope/ricd/aokvqa/adversarial/seed1:   3%|▎         | 97/3000 [01:07<33:57,  1.42it/s]
qwen2.5-vl/pope/ricd/aokvqa/adversarial/seed1:   3%|▎         | 98/3000 [01:08<32:43,  1.48it/s]
qwen2.5-vl/pope/ricd/aokvqa/adversarial/seed1:   3%|▎         | 99/3000 [01:09<31:42,  1.52it/s]
qwen2.5-vl/pope/ricd/aokvqa/adversarial/seed1:   3%|▎         | 100/3000 [01:09<31:00,  1.56it/s]
qwen2.5-vl/pope/ricd/aokvqa/adversarial/seed1:   3%|▎         | 101/3000 [01:10<30:29,  1.58it/s]
qwen2.5-vl/pope/ricd/aokvqa/adversarial/seed1:   3%|▎         | 102/3000 [01:11<30:33,  1.58it/s]
qwen2.5-vl/pope/ricd/aokvqa/adversarial/seed1:   3%|▎         | 103/3000 [01:11<30:08,  1.60it/s]
qwen2.5-vl/pope/ricd/aokvqa/adversarial/seed1:   3%|▎         | 104/3000 [01:12<29:54,  1.61it/s]
qwen2.5-vl/pope/ricd/aokvqa/adversarial/seed1:   4%|▎         | 105/3000 [01:12<29:43,  1.62it/s]
qwen2.5-vl/pope/ricd/aokvqa/adversarial/seed1:   4%|▎         | 106/3000 [01:13<29:37,  1.63it/s]
qwen2.5-vl/pope/ricd/aokvqa/adversarial/seed1:   4%|▎         | 107/3000 [01:14<29:32,  1.63it/s]
qwen2.5-vl/pope/ricd/aokvqa/adversarial/seed1:   4%|▎         | 108/3000 [01:14<29:31,  1.63it/s]
qwen2.5-vl/pope/ricd/aokvqa/adversarial/seed1:   4%|▎         | 109/3000 [01:15<29:26,  1.64it/s]
qwen2.5-vl/pope/ricd/aokvqa/adversarial/seed1:   4%|▎         | 110/3000 [01:15<29:21,  1.64it/s]
qwen2.5-vl/pope/ricd/aokvqa/adversarial/seed1:   4%|▎         | 111/3000 [01:16<29:19,  1.64it/s]
qwen2.5-vl/pope/ricd/aokvqa/adversarial/seed1:   4%|▎         | 112/3000 [01:17<29:15,  1.64it/s]
qwen2.5-vl/pope/ricd/aokvqa/adversarial/seed1:   4%|▍         | 113/3000 [01:17<29:13,  1.65it/s]
qwen2.5-vl/pope/ricd/aokvqa/adversarial/seed1:   4%|▍         | 114/3000 [01:18<29:12,  1.65it/s]
qwen2.5-vl/pope/ricd/aokvqa/adversarial/seed1:   4%|▍         | 115/3000 [01:19<30:54,  1.56it/s]
qwen2.5-vl/pope/ricd/aokvqa/adversarial/seed1:   4%|▍         | 116/3000 [01:19<32:05,  1.50it/s]
qwen2.5-vl/pope/ricd/aokvqa/adversarial/seed1:   4%|▍         | 117/3000 [01:20<32:56,  1.46it/s]
qwen2.5-vl/pope/ricd/aokvqa/adversarial/seed1:   4%|▍         | 118/3000 [01:21<33:28,  1.44it/s]
qwen2.5-vl/pope/ricd/aokvqa/adversarial/seed1:   4%|▍         | 119/3000 [01:21<34:07,  1.41it/s]
qwen2.5-vl/pope/ricd/aokvqa/adversarial/seed1:   4%|▍         | 120/3000 [01:22<34:30,  1.39it/s]
qwen2.5-vl/pope/ricd/aokvqa/adversarial/seed1:   4%|▍         | 121/3000 [01:23<34:19,  1.40it/s]
qwen2.5-vl/pope/ricd/aokvqa/adversarial/seed1:   4%|▍         | 122/3000 [01:24<34:10,  1.40it/s]
qwen2.5-vl/pope/ricd/aokvqa/adversarial/seed1:   4%|▍         | 123/3000 [01:24<34:07,  1.40it/s]
qwen2.5-vl/pope/ricd/aokvqa/adversarial/seed1:   4%|▍         | 124/3000 [01:25<34:09,  1.40it/s]
qwen2.5-vl/pope/ricd/aokvqa/adversarial/seed1:   4%|▍         | 125/3000 [01:26<34:32,  1.39it/s]
qwen2.5-vl/pope/ricd/aokvqa/adversarial/seed1:   4%|▍         | 126/3000 [01:27<34:37,  1.38it/s]
qwen2.5-vl/pope/ricd/aokvqa/adversarial/seed1:   4%|▍         | 127/3000 [01:27<32:21,  1.48it/s]
qwen2.5-vl/pope/ricd/aokvqa/adversarial/seed1:   4%|▍         | 128/3000 [01:28<30:44,  1.56it/s]
qwen2.5-vl/pope/ricd/aokvqa/adversarial/seed1:   4%|▍         | 129/3000 [01:28<29:36,  1.62it/s]
qwen2.5-vl/pope/ricd/aokvqa/adversarial/seed1:   4%|▍         | 130/3000 [01:29<28:49,  1.66it/s]
qwen2.5-vl/pope/ricd/aokvqa/adversarial/seed1:   4%|▍         | 131/3000 [01:29<28:15,  1.69it/s]
qwen2.5-vl/pope/ricd/aokvqa/adversarial/seed1:   4%|▍         | 132/3000 [01:30<27:51,  1.72it/s]
qwen2.5-vl/pope/ricd/aokvqa/adversarial/seed1:   4%|▍         | 133/3000 [01:31<28:13,  1.69it/s]
qwen2.5-vl/pope/ricd/aokvqa/adversarial/seed1:   4%|▍         | 134/3000 [01:31<28:33,  1.67it/s]
qwen2.5-vl/pope/ricd/aokvqa/adversarial/seed1:   4%|▍         | 135/3000 [01:32<28:45,  1.66it/s]
qwen2.5-vl/pope/ricd/aokvqa/adversarial/seed1:   5%|▍         | 136/3000 [01:32<29:00,  1.65it/s]
qwen2.5-vl/pope/ricd/aokvqa/adversarial/seed1:   5%|▍         | 137/3000 [01:33<29:02,  1.64it/s]
qwen2.5-vl/pope/ricd/aokvqa/adversarial/seed1:   5%|▍         | 138/3000 [01:34<29:04,  1.64it/s]
qwen2.5-vl/pope/ricd/aokvqa/adversarial/seed1:   5%|▍         | 139/3000 [01:34<30:47,  1.55it/s]
qwen2.5-vl/pope/ricd/aokvqa/adversarial/seed1:   5%|▍         | 140/3000 [01:35<31:53,  1.49it/s]
qwen2.5-vl/pope/ricd/aokvqa/adversarial/seed1:   5%|▍         | 141/3000 [01:36<32:45,  1.45it/s]
qwen2.5-vl/pope/ricd/aokvqa/adversarial/seed1:   5%|▍         | 142/3000 [01:37<33:18,  1.43it/s]
qwen2.5-vl/pope/ricd/aokvqa/adversarial/seed1:   5%|▍         | 143/3000 [01:37<33:35,  1.42it/s]
qwen2.5-vl/pope/ricd/aokvqa/adversarial/seed1:   5%|▍         | 144/3000 [01:38<33:46,  1.41it/s]
qwen2.5-vl/pope/ricd/aokvqa/adversarial/seed1:   5%|▍         | 145/3000 [01:38<28:14,  1.68it/s]
qwen2.5-vl/pope/ricd/aokvqa/adversarial/seed1:   5%|▍         | 146/3000 [01:39<24:22,  1.95it/s]
qwen2.5-vl/pope/ricd/aokvqa/adversarial/seed1:   5%|▍         | 147/3000 [01:39<21:42,  2.19it/s]
qwen2.5-vl/pope/ricd/aokvqa/adversarial/seed1:   5%|▍         | 148/3000 [01:39<19:51,  2.39it/s]
qwen2.5-vl/pope/ricd/aokvqa/adversarial/seed1:   5%|▍         | 149/3000 [01:40<18:34,  2.56it/s]
qwen2.5-vl/pope/ricd/aokvqa/adversarial/seed1:   5%|▌         | 150/3000 [01:40<17:40,  2.69it/s]
qwen2.5-vl/pope/ricd/aokvqa/adversarial/seed1:   5%|▌         | 151/3000 [01:40<20:24,  2.33it/s]
qwen2.5-vl/pope/ricd/aokvqa/adversarial/seed1:   5%|▌         | 152/3000 [01:41<22:20,  2.12it/s]
qwen2.5-vl/pope/ricd/aokvqa/adversarial/seed1:   5%|▌         | 153/3000 [01:42<23:39,  2.01it/s]
qwen2.5-vl/pope/ricd/aokvqa/adversarial/seed1:   5%|▌         | 154/3000 [01:42<24:29,  1.94it/s]
qwen2.5-vl/pope/ricd/aokvqa/adversarial/seed1:   5%|▌         | 155/3000 [01:43<25:04,  1.89it/s]
qwen2.5-vl/pope/ricd/aokvqa/adversarial/seed1:   5%|▌         | 156/3000 [01:43<25:28,  1.86it/s]
qwen2.5-vl/pope/ricd/aokvqa/adversarial/seed1:   5%|▌         | 157/3000 [01:44<28:05,  1.69it/s]
qwen2.5-vl/pope/ricd/aokvqa/adversarial/seed1:   5%|▌         | 158/3000 [01:45<29:53,  1.58it/s]
qwen2.5-vl/pope/ricd/aokvqa/adversarial/seed1:   5%|▌         | 159/3000 [01:45<31:15,  1.51it/s]
qwen2.5-vl/pope/ricd/aokvqa/adversarial/seed1:   5%|▌         | 160/3000 [01:46<32:08,  1.47it/s]
qwen2.5-vl/pope/ricd/aokvqa/adversarial/seed1:   5%|▌         | 161/3000 [01:47<32:42,  1.45it/s]
qwen2.5-vl/pope/ricd/aokvqa/adversarial/seed1:   5%|▌         | 162/3000 [01:48<33:06,  1.43it/s]
qwen2.5-vl/pope/ricd/aokvqa/adversarial/seed1:   5%|▌         | 163/3000 [01:48<33:24,  1.42it/s]
qwen2.5-vl/pope/ricd/aokvqa/adversarial/seed1:   5%|▌         | 164/3000 [01:49<33:35,  1.41it/s]
qwen2.5-vl/pope/ricd/aokvqa/adversarial/seed1:   6%|▌         | 165/3000 [01:50<33:43,  1.40it/s]
qwen2.5-vl/pope/ricd/aokvqa/adversarial/seed1:   6%|▌         | 166/3000 [01:50<33:48,  1.40it/s]
qwen2.5-vl/pope/ricd/aokvqa/adversarial/seed1:   6%|▌         | 167/3000 [01:51<33:52,  1.39it/s]
qwen2.5-vl/pope/ricd/aokvqa/adversarial/seed1:   6%|▌         | 168/3000 [01:52<33:54,  1.39it/s]
qwen2.5-vl/pope/ricd/aokvqa/adversarial/seed1:   6%|▌         | 169/3000 [01:53<33:06,  1.42it/s]
qwen2.5-vl/pope/ricd/aokvqa/adversarial/seed1:   6%|▌         | 170/3000 [01:53<32:32,  1.45it/s]
qwen2.5-vl/pope/ricd/aokvqa/adversarial/seed1:   6%|▌         | 171/3000 [01:54<32:08,  1.47it/s]
qwen2.5-vl/pope/ricd/aokvqa/adversarial/seed1:   6%|▌         | 172/3000 [01:55<31:51,  1.48it/s]
qwen2.5-vl/pope/ricd/aokvqa/adversarial/seed1:   6%|▌         | 173/3000 [01:55<31:38,  1.49it/s]
qwen2.5-vl/pope/ricd/aokvqa/adversarial/seed1:   6%|▌         | 174/3000 [01:56<31:30,  1.50it/s]
qwen2.5-vl/pope/ricd/aokvqa/adversarial/seed1:   6%|▌         | 175/3000 [01:57<30:33,  1.54it/s]
qwen2.5-vl/pope/ricd/aokvqa/adversarial/seed1:   6%|▌         | 176/3000 [01:57<29:55,  1.57it/s]
qwen2.5-vl/pope/ricd/aokvqa/adversarial/seed1:   6%|▌         | 177/3000 [01:58<29:32,  1.59it/s]
qwen2.5-vl/pope/ricd/aokvqa/adversarial/seed1:   6%|▌         | 178/3000 [01:58<29:13,  1.61it/s]
qwen2.5-vl/pope/ricd/aokvqa/adversarial/seed1:   6%|▌         | 179/3000 [01:59<28:57,  1.62it/s]
qwen2.5-vl/pope/ricd/aokvqa/adversarial/seed1:   6%|▌         | 180/3000 [02:00<28:45,  1.63it/s]
qwen2.5-vl/pope/ricd/aokvqa/adversarial/seed1:   6%|▌         | 181/3000 [02:00<30:16,  1.55it/s]
qwen2.5-vl/pope/ricd/aokvqa/adversarial/seed1:   6%|▌         | 182/3000 [02:01<31:20,  1.50it/s]
qwen2.5-vl/pope/ricd/aokvqa/adversarial/seed1:   6%|▌         | 183/3000 [02:02<32:05,  1.46it/s]
qwen2.5-vl/pope/ricd/aokvqa/adversarial/seed1:   6%|▌         | 184/3000 [02:02<32:35,  1.44it/s]
qwen2.5-vl/pope/ricd/aokvqa/adversarial/seed1:   6%|▌         | 185/3000 [02:03<32:55,  1.42it/s]
qwen2.5-vl/pope/ricd/aokvqa/adversarial/seed1:   6%|▌         | 186/3000 [02:04<33:13,  1.41it/s]
qwen2.5-vl/pope/ricd/aokvqa/adversarial/seed1:   6%|▌         | 187/3000 [02:05<33:22,  1.40it/s]
qwen2.5-vl/pope/ricd/aokvqa/adversarial/seed1:   6%|▋         | 188/3000 [02:05<33:28,  1.40it/s]
qwen2.5-vl/pope/ricd/aokvqa/adversarial/seed1:   6%|▋         | 189/3000 [02:06<33:33,  1.40it/s]
qwen2.5-vl/pope/ricd/aokvqa/adversarial/seed1:   6%|▋         | 190/3000 [02:07<33:36,  1.39it/s]
qwen2.5-vl/pope/ricd/aokvqa/adversarial/seed1:   6%|▋         | 191/3000 [02:07<33:42,  1.39it/s]
qwen2.5-vl/pope/ricd/aokvqa/adversarial/seed1:   6%|▋         | 192/3000 [02:08<33:41,  1.39it/s]
qwen2.5-vl/pope/ricd/aokvqa/adversarial/seed1:   6%|▋         | 193/3000 [02:09<32:01,  1.46it/s]
qwen2.5-vl/pope/ricd/aokvqa/adversarial/seed1:   6%|▋         | 194/3000 [02:09<30:51,  1.52it/s]
qwen2.5-vl/pope/ricd/aokvqa/adversarial/seed1:   6%|▋         | 195/3000 [02:10<30:05,  1.55it/s]
qwen2.5-vl/pope/ricd/aokvqa/adversarial/seed1:   7%|▋         | 196/3000 [02:11<29:32,  1.58it/s]
qwen2.5-vl/pope/ricd/aokvqa/adversarial/seed1:   7%|▋         | 197/3000 [02:11<29:11,  1.60it/s]
qwen2.5-vl/pope/ricd/aokvqa/adversarial/seed1:   7%|▋         | 198/3000 [02:12<29:00,  1.61it/s]
qwen2.5-vl/pope/ricd/aokvqa/adversarial/seed1:   7%|▋         | 199/3000 [02:13<30:22,  1.54it/s]
qwen2.5-vl/pope/ricd/aokvqa/adversarial/seed1:   7%|▋         | 200/3000 [02:13<31:21,  1.49it/s]
qwen2.5-vl/pope/ricd/aokvqa/adversarial/seed1:   7%|▋         | 201/3000 [02:14<32:01,  1.46it/s]
qwen2.5-vl/pope/ricd/aokvqa/adversarial/seed1:   7%|▋         | 202/3000 [02:15<32:28,  1.44it/s]
qwen2.5-vl/pope/ricd/aokvqa/adversarial/seed1:   7%|▋         | 203/3000 [02:15<32:47,  1.42it/s]
qwen2.5-vl/pope/ricd/aokvqa/adversarial/seed1:   7%|▋         | 204/3000 [02:16<33:00,  1.41it/s]
qwen2.5-vl/pope/ricd/aokvqa/adversarial/seed1:   7%|▋         | 205/3000 [02:17<30:47,  1.51it/s]
qwen2.5-vl/pope/ricd/aokvqa/adversarial/seed1:   7%|▋         | 206/3000 [02:17<29:11,  1.60it/s]
qwen2.5-vl/pope/ricd/aokvqa/adversarial/seed1:   7%|▋         | 207/3000 [02:18<28:05,  1.66it/s]
qwen2.5-vl/pope/ricd/aokvqa/adversarial/seed1:   7%|▋         | 208/3000 [02:18<27:17,  1.70it/s]
qwen2.5-vl/pope/ricd/aokvqa/adversarial/seed1:   7%|▋         | 209/3000 [02:19<26:45,  1.74it/s]
qwen2.5-vl/pope/ricd/aokvqa/adversarial/seed1:   7%|▋         | 210/3000 [02:19<26:20,  1.77it/s]
qwen2.5-vl/pope/ricd/aokvqa/adversarial/seed1:   7%|▋         | 211/3000 [02:20<26:50,  1.73it/s]
qwen2.5-vl/pope/ricd/aokvqa/adversarial/seed1:   7%|▋         | 212/3000 [02:21<27:13,  1.71it/s]
qwen2.5-vl/pope/ricd/aokvqa/adversarial/seed1:   7%|▋         | 213/3000 [02:21<27:27,  1.69it/s]
qwen2.5-vl/pope/ricd/aokvqa/adversarial/seed1:   7%|▋         | 214/3000 [02:22<27:37,  1.68it/s]
qwen2.5-vl/pope/ricd/aokvqa/adversarial/seed1:   7%|▋         | 215/3000 [02:22<27:43,  1.67it/s]
qwen2.5-vl/pope/ricd/aokvqa/adversarial/seed1:   7%|▋         | 216/3000 [02:23<27:48,  1.67it/s]
qwen2.5-vl/pope/ricd/aokvqa/adversarial/seed1:   7%|▋         | 217/3000 [02:24<29:29,  1.57it/s]
qwen2.5-vl/pope/ricd/aokvqa/adversarial/seed1:   7%|▋         | 218/3000 [02:25<30:46,  1.51it/s]
qwen2.5-vl/pope/ricd/aokvqa/adversarial/seed1:   7%|▋         | 219/3000 [02:25<31:35,  1.47it/s]
qwen2.5-vl/pope/ricd/aokvqa/adversarial/seed1:   7%|▋         | 220/3000 [02:26<32:07,  1.44it/s]
qwen2.5-vl/pope/ricd/aokvqa/adversarial/seed1:   7%|▋         | 221/3000 [02:27<32:29,  1.43it/s]
qwen2.5-vl/pope/ricd/aokvqa/adversarial/seed1:   7%|▋         | 222/3000 [02:27<32:45,  1.41it/s]
qwen2.5-vl/pope/ricd/aokvqa/adversarial/seed1:   7%|▋         | 223/3000 [02:28<33:38,  1.38it/s]
qwen2.5-vl/pope/ricd/aokvqa/adversarial/seed1:   7%|▋         | 224/3000 [02:29<34:13,  1.35it/s]
qwen2.5-vl/pope/ricd/aokvqa/adversarial/seed1:   8%|▊         | 225/3000 [02:30<34:41,  1.33it/s]
qwen2.5-vl/pope/ricd/aokvqa/adversarial/seed1:   8%|▊         | 226/3000 [02:30<34:57,  1.32it/s]
qwen2.5-vl/pope/ricd/aokvqa/adversarial/seed1:   8%|▊         | 227/3000 [02:31<35:07,  1.32it/s]
qwen2.5-vl/pope/ricd/aokvqa/adversarial/seed1:   8%|▊         | 228/3000 [02:32<35:16,  1.31it/s]
qwen2.5-vl/pope/ricd/aokvqa/adversarial/seed1:   8%|▊         | 229/3000 [02:33<34:39,  1.33it/s]
qwen2.5-vl/pope/ricd/aokvqa/adversarial/seed1:   8%|▊         | 230/3000 [02:33<34:12,  1.35it/s]
qwen2.5-vl/pope/ricd/aokvqa/adversarial/seed1:   8%|▊         | 231/3000 [02:34<33:55,  1.36it/s]
qwen2.5-vl/pope/ricd/aokvqa/adversarial/seed1:   8%|▊         | 232/3000 [02:35<33:42,  1.37it/s]
qwen2.5-vl/pope/ricd/aokvqa/adversarial/seed1:   8%|▊         | 233/3000 [02:36<33:32,  1.38it/s]
qwen2.5-vl/pope/ricd/aokvqa/adversarial/seed1:   8%|▊         | 234/3000 [02:36<33:26,  1.38it/s]
qwen2.5-vl/pope/ricd/aokvqa/adversarial/seed1:   8%|▊         | 235/3000 [02:37<32:09,  1.43it/s]
qwen2.5-vl/pope/ricd/aokvqa/adversarial/seed1:   8%|▊         | 236/3000 [02:38<31:17,  1.47it/s]
qwen2.5-vl/pope/ricd/aokvqa/adversarial/seed1:   8%|▊         | 237/3000 [02:38<30:18,  1.52it/s]
qwen2.5-vl/pope/ricd/aokvqa/adversarial/seed1:   8%|▊         | 238/3000 [02:39<29:39,  1.55it/s]
qwen2.5-vl/pope/ricd/aokvqa/adversarial/seed1:   8%|▊         | 239/3000 [02:39<29:07,  1.58it/s]
qwen2.5-vl/pope/ricd/aokvqa/adversarial/seed1:   8%|▊         | 240/3000 [02:40<28:47,  1.60it/s]
qwen2.5-vl/pope/ricd/aokvqa/adversarial/seed1:   8%|▊         | 241/3000 [02:41<28:32,  1.61it/s]
qwen2.5-vl/pope/ricd/aokvqa/adversarial/seed1:   8%|▊         | 242/3000 [02:41<28:19,  1.62it/s]
qwen2.5-vl/pope/ricd/aokvqa/adversarial/seed1:   8%|▊         | 243/3000 [02:42<28:36,  1.61it/s]
qwen2.5-vl/pope/ricd/aokvqa/adversarial/seed1:   8%|▊         | 244/3000 [02:43<28:34,  1.61it/s]
qwen2.5-vl/pope/ricd/aokvqa/adversarial/seed1:   8%|▊         | 245/3000 [02:43<28:24,  1.62it/s]
qwen2.5-vl/pope/ricd/aokvqa/adversarial/seed1:   8%|▊         | 246/3000 [02:44<28:13,  1.63it/s]
qwen2.5-vl/pope/ricd/aokvqa/adversarial/seed1:   8%|▊         | 247/3000 [02:44<29:45,  1.54it/s]
qwen2.5-vl/pope/ricd/aokvqa/adversarial/seed1:   8%|▊         | 248/3000 [02:45<30:46,  1.49it/s]
qwen2.5-vl/pope/ricd/aokvqa/adversarial/seed1:   8%|▊         | 249/3000 [02:46<31:27,  1.46it/s]
qwen2.5-vl/pope/ricd/aokvqa/adversarial/seed1:   8%|▊         | 250/3000 [02:47<31:58,  1.43it/s]
qwen2.5-vl/pope/ricd/aokvqa/adversarial/seed1:   8%|▊         | 251/3000 [02:47<32:20,  1.42it/s]
qwen2.5-vl/pope/ricd/aokvqa/adversarial/seed1:   8%|▊         | 252/3000 [02:48<32:35,  1.41it/s]
qwen2.5-vl/pope/ricd/aokvqa/adversarial/seed1:   8%|▊         | 253/3000 [02:49<31:11,  1.47it/s]
qwen2.5-vl/pope/ricd/aokvqa/adversarial/seed1:   8%|▊         | 254/3000 [02:49<30:14,  1.51it/s]
qwen2.5-vl/pope/ricd/aokvqa/adversarial/seed1:   8%|▊         | 255/3000 [02:50<29:32,  1.55it/s]
qwen2.5-vl/pope/ricd/aokvqa/adversarial/seed1:   9%|▊         | 256/3000 [02:51<29:02,  1.58it/s]
qwen2.5-vl/pope/ricd/aokvqa/adversarial/seed1:   9%|▊         | 257/3000 [02:51<28:43,  1.59it/s]
qwen2.5-vl/pope/ricd/aokvqa/adversarial/seed1:   9%|▊         | 258/3000 [02:52<28:27,  1.61it/s]
qwen2.5-vl/pope/ricd/aokvqa/adversarial/seed1:   9%|▊         | 259/3000 [02:52<29:49,  1.53it/s]
qwen2.5-vl/pope/ricd/aokvqa/adversarial/seed1:   9%|▊         | 260/3000 [02:53<30:49,  1.48it/s]
qwen2.5-vl/pope/ricd/aokvqa/adversarial/seed1:   9%|▊         | 261/3000 [02:54<31:31,  1.45it/s]
qwen2.5-vl/pope/ricd/aokvqa/adversarial/seed1:   9%|▊         | 262/3000 [02:55<32:07,  1.42it/s]
qwen2.5-vl/pope/ricd/aokvqa/adversarial/seed1:   9%|▉         | 263/3000 [02:55<32:31,  1.40it/s]
qwen2.5-vl/pope/ricd/aokvqa/adversarial/seed1:   9%|▉         | 264/3000 [02:56<32:43,  1.39it/s]
qwen2.5-vl/pope/ricd/aokvqa/adversarial/seed1:   9%|▉         | 265/3000 [02:57<31:13,  1.46it/s]
qwen2.5-vl/pope/ricd/aokvqa/adversarial/seed1:   9%|▉         | 266/3000 [02:57<30:13,  1.51it/s]
qwen2.5-vl/pope/ricd/aokvqa/adversarial/seed1:   9%|▉         | 267/3000 [02:58<29:31,  1.54it/s]
qwen2.5-vl/pope/ricd/aokvqa/adversarial/seed1:   9%|▉         | 268/3000 [02:59<29:00,  1.57it/s]
qwen2.5-vl/pope/ricd/aokvqa/adversarial/seed1:   9%|▉         | 269/3000 [02:59<28:35,  1.59it/s]
qwen2.5-vl/pope/ricd/aokvqa/adversarial/seed1:   9%|▉         | 270/3000 [03:00<28:17,  1.61it/s]
qwen2.5-vl/pope/ricd/aokvqa/adversarial/seed1:   9%|▉         | 271/3000 [03:00<28:51,  1.58it/s]
qwen2.5-vl/pope/ricd/aokvqa/adversarial/seed1:   9%|▉         | 272/3000 [03:01<29:22,  1.55it/s]
qwen2.5-vl/pope/ricd/aokvqa/adversarial/seed1:   9%|▉         | 273/3000 [03:02<29:41,  1.53it/s]
qwen2.5-vl/pope/ricd/aokvqa/adversarial/seed1:   9%|▉         | 274/3000 [03:02<30:00,  1.51it/s]
qwen2.5-vl/pope/ricd/aokvqa/adversarial/seed1:   9%|▉         | 275/3000 [03:03<30:36,  1.48it/s]
qwen2.5-vl/pope/ricd/aokvqa/adversarial/seed1:   9%|▉         | 276/3000 [03:04<31:02,  1.46it/s]
qwen2.5-vl/pope/ricd/aokvqa/adversarial/seed1:   9%|▉         | 277/3000 [03:05<31:10,  1.46it/s]
qwen2.5-vl/pope/ricd/aokvqa/adversarial/seed1:   9%|▉         | 278/3000 [03:05<31:10,  1.46it/s]
qwen2.5-vl/pope/ricd/aokvqa/adversarial/seed1:   9%|▉         | 279/3000 [03:06<30:56,  1.47it/s]
qwen2.5-vl/pope/ricd/aokvqa/adversarial/seed1:   9%|▉         | 280/3000 [03:07<30:43,  1.48it/s]
qwen2.5-vl/pope/ricd/aokvqa/adversarial/seed1:   9%|▉         | 281/3000 [03:07<30:33,  1.48it/s]
qwen2.5-vl/pope/ricd/aokvqa/adversarial/seed1:   9%|▉         | 282/3000 [03:08<30:28,  1.49it/s]
qwen2.5-vl/pope/ricd/aokvqa/adversarial/seed1:   9%|▉         | 283/3000 [03:09<29:37,  1.53it/s]
qwen2.5-vl/pope/ricd/aokvqa/adversarial/seed1:   9%|▉         | 284/3000 [03:09<28:58,  1.56it/s]
qwen2.5-vl/pope/ricd/aokvqa/adversarial/seed1:  10%|▉         | 285/3000 [03:10<28:31,  1.59it/s]
qwen2.5-vl/pope/ricd/aokvqa/adversarial/seed1:  10%|▉         | 286/3000 [03:10<28:16,  1.60it/s]
qwen2.5-vl/pope/ricd/aokvqa/adversarial/seed1:  10%|▉         | 287/3000 [03:11<28:02,  1.61it/s]
qwen2.5-vl/pope/ricd/aokvqa/adversarial/seed1:  10%|▉         | 288/3000 [03:12<27:53,  1.62it/s]
qwen2.5-vl/pope/ricd/aokvqa/adversarial/seed1:  10%|▉         | 289/3000 [03:12<27:49,  1.62it/s]
qwen2.5-vl/pope/ricd/aokvqa/adversarial/seed1:  10%|▉         | 290/3000 [03:13<27:43,  1.63it/s]
qwen2.5-vl/pope/ricd/aokvqa/adversarial/seed1:  10%|▉         | 291/3000 [03:13<27:38,  1.63it/s]
qwen2.5-vl/pope/ricd/aokvqa/adversarial/seed1:  10%|▉         | 292/3000 [03:14<27:38,  1.63it/s]
qwen2.5-vl/pope/ricd/aokvqa/adversarial/seed1:  10%|▉         | 293/3000 [03:15<27:43,  1.63it/s]
qwen2.5-vl/pope/ricd/aokvqa/adversarial/seed1:  10%|▉         | 294/3000 [03:15<27:43,  1.63it/s]
qwen2.5-vl/pope/ricd/aokvqa/adversarial/seed1:  10%|▉         | 295/3000 [03:16<28:27,  1.58it/s]
qwen2.5-vl/pope/ricd/aokvqa/adversarial/seed1:  10%|▉         | 296/3000 [03:17<29:13,  1.54it/s]
qwen2.5-vl/pope/ricd/aokvqa/adversarial/seed1:  10%|▉         | 297/3000 [03:17<29:47,  1.51it/s]
qwen2.5-vl/pope/ricd/aokvqa/adversarial/seed1:  10%|▉         | 298/3000 [03:18<29:52,  1.51it/s]
qwen2.5-vl/pope/ricd/aokvqa/adversarial/seed1:  10%|▉         | 299/3000 [03:19<29:53,  1.51it/s]
qwen2.5-vl/pope/ricd/aokvqa/adversarial/seed1:  10%|█         | 300/3000 [03:19<30:00,  1.50it/s]
qwen2.5-vl/pope/ricd/aokvqa/adversarial/seed1:  10%|█         | 301/3000 [03:20<29:11,  1.54it/s]
qwen2.5-vl/pope/ricd/aokvqa/adversarial/seed1:  10%|█         | 302/3000 [03:21<28:39,  1.57it/s]
qwen2.5-vl/pope/ricd/aokvqa/adversarial/seed1:  10%|█         | 303/3000 [03:21<28:20,  1.59it/s]
qwen2.5-vl/pope/ricd/aokvqa/adversarial/seed1:  10%|█         | 304/3000 [03:22<28:02,  1.60it/s]
qwen2.5-vl/pope/ricd/aokvqa/adversarial/seed1:  10%|█         | 305/3000 [03:22<27:45,  1.62it/s]
qwen2.5-vl/pope/ricd/aokvqa/adversarial/seed1:  10%|█         | 306/3000 [03:23<27:32,  1.63it/s]
qwen2.5-vl/pope/ricd/aokvqa/adversarial/seed1:  10%|█         | 307/3000 [03:24<28:58,  1.55it/s]
qwen2.5-vl/pope/ricd/aokvqa/adversarial/seed1:  10%|█         | 308/3000 [03:24<29:58,  1.50it/s]
qwen2.5-vl/pope/ricd/aokvqa/adversarial/seed1:  10%|█         | 309/3000 [03:25<30:40,  1.46it/s]
qwen2.5-vl/pope/ricd/aokvqa/adversarial/seed1:  10%|█         | 310/3000 [03:26<31:10,  1.44it/s]
qwen2.5-vl/pope/ricd/aokvqa/adversarial/seed1:  10%|█         | 311/3000 [03:27<31:30,  1.42it/s]
qwen2.5-vl/pope/ricd/aokvqa/adversarial/seed1:  10%|█         | 312/3000 [03:27<31:43,  1.41it/s]
qwen2.5-vl/pope/ricd/aokvqa/adversarial/seed1:  10%|█         | 313/3000 [03:28<31:07,  1.44it/s]
qwen2.5-vl/pope/ricd/aokvqa/adversarial/seed1:  10%|█         | 314/3000 [03:29<30:40,  1.46it/s]
qwen2.5-vl/pope/ricd/aokvqa/adversarial/seed1:  10%|█         | 315/3000 [03:29<30:20,  1.47it/s]
qwen2.5-vl/pope/ricd/aokvqa/adversarial/seed1:  11%|█         | 316/3000 [03:30<30:07,  1.49it/s]
qwen2.5-vl/pope/ricd/aokvqa/adversarial/seed1:  11%|█         | 317/3000 [03:31<29:57,  1.49it/s]
qwen2.5-vl/pope/ricd/aokvqa/adversarial/seed1:  11%|█         | 318/3000 [03:31<29:49,  1.50it/s]
qwen2.5-vl/pope/ricd/aokvqa/adversarial/seed1:  11%|█         | 319/3000 [03:32<30:32,  1.46it/s]
qwen2.5-vl/pope/ricd/aokvqa/adversarial/seed1:  11%|█         | 320/3000 [03:33<31:02,  1.44it/s]
qwen2.5-vl/pope/ricd/aokvqa/adversarial/seed1:  11%|█         | 321/3000 [03:33<31:22,  1.42it/s]
qwen2.5-vl/pope/ricd/aokvqa/adversarial/seed1:  11%|█         | 322/3000 [03:34<31:42,  1.41it/s]
qwen2.5-vl/pope/ricd/aokvqa/adversarial/seed1:  11%|█         | 323/3000 [03:35<31:53,  1.40it/s]
qwen2.5-vl/pope/ricd/aokvqa/adversarial/seed1:  11%|█         | 324/3000 [03:36<31:58,  1.39it/s]
qwen2.5-vl/pope/ricd/aokvqa/adversarial/seed1:  11%|█         | 325/3000 [03:36<30:27,  1.46it/s]
qwen2.5-vl/pope/ricd/aokvqa/adversarial/seed1:  11%|█         | 326/3000 [03:37<29:22,  1.52it/s]
qwen2.5-vl/pope/ricd/aokvqa/adversarial/seed1:  11%|█         | 327/3000 [03:37<28:37,  1.56it/s]
qwen2.5-vl/pope/ricd/aokvqa/adversarial/seed1:  11%|█         | 328/3000 [03:38<28:05,  1.58it/s]
qwen2.5-vl/pope/ricd/aokvqa/adversarial/seed1:  11%|█         | 329/3000 [03:39<27:42,  1.61it/s]
qwen2.5-vl/pope/ricd/aokvqa/adversarial/seed1:  11%|█         | 330/3000 [03:39<27:27,  1.62it/s]
qwen2.5-vl/pope/ricd/aokvqa/adversarial/seed1:  11%|█         | 331/3000 [03:40<27:17,  1.63it/s]
qwen2.5-vl/pope/ricd/aokvqa/adversarial/seed1:  11%|█         | 332/3000 [03:40<27:08,  1.64it/s]
qwen2.5-vl/pope/ricd/aokvqa/adversarial/seed1:  11%|█         | 333/3000 [03:41<27:01,  1.64it/s]
qwen2.5-vl/pope/ricd/aokvqa/adversarial/seed1:  11%|█         | 334/3000 [03:42<26:56,  1.65it/s]
qwen2.5-vl/pope/ricd/aokvqa/adversarial/seed1:  11%|█         | 335/3000 [03:42<26:53,  1.65it/s]
qwen2.5-vl/pope/ricd/aokvqa/adversarial/seed1:  11%|█         | 336/3000 [03:43<26:50,  1.65it/s]
qwen2.5-vl/pope/ricd/aokvqa/adversarial/seed1:  11%|█         | 337/3000 [03:43<26:54,  1.65it/s]
qwen2.5-vl/pope/ricd/aokvqa/adversarial/seed1:  11%|█▏        | 338/3000 [03:44<26:51,  1.65it/s]
qwen2.5-vl/pope/ricd/aokvqa/adversarial/seed1:  11%|█▏        | 339/3000 [03:45<26:48,  1.65it/s]
qwen2.5-vl/pope/ricd/aokvqa/adversarial/seed1:  11%|█▏        | 340/3000 [03:45<26:46,  1.66it/s]
qwen2.5-vl/pope/ricd/aokvqa/adversarial/seed1:  11%|█▏        | 341/3000 [03:46<26:46,  1.66it/s]
qwen2.5-vl/pope/ricd/aokvqa/adversarial/seed1:  11%|█▏        | 342/3000 [03:46<26:44,  1.66it/s]
qwen2.5-vl/pope/ricd/aokvqa/adversarial/seed1:  11%|█▏        | 343/3000 [03:47<26:46,  1.65it/s]
qwen2.5-vl/pope/ricd/aokvqa/adversarial/seed1:  11%|█▏        | 344/3000 [03:48<26:51,  1.65it/s]
qwen2.5-vl/pope/ricd/aokvqa/adversarial/seed1:  12%|█▏        | 345/3000 [03:48<27:11,  1.63it/s]
qwen2.5-vl/pope/ricd/aokvqa/adversarial/seed1:  12%|█▏        | 346/3000 [03:49<27:23,  1.61it/s]
qwen2.5-vl/pope/ricd/aokvqa/adversarial/seed1:  12%|█▏        | 347/3000 [03:50<27:16,  1.62it/s]
qwen2.5-vl/pope/ricd/aokvqa/adversarial/seed1:  12%|█▏        | 348/3000 [03:50<27:06,  1.63it/s]
qwen2.5-vl/pope/ricd/aokvqa/adversarial/seed1:  12%|█▏        | 349/3000 [03:51<26:59,  1.64it/s]
qwen2.5-vl/pope/ricd/aokvqa/adversarial/seed1:  12%|█▏        | 350/3000 [03:51<26:54,  1.64it/s]
qwen2.5-vl/pope/ricd/aokvqa/adversarial/seed1:  12%|█▏        | 351/3000 [03:52<26:52,  1.64it/s]
qwen2.5-vl/pope/ricd/aokvqa/adversarial/seed1:  12%|█▏        | 352/3000 [03:53<26:49,  1.65it/s]
qwen2.5-vl/pope/ricd/aokvqa/adversarial/seed1:  12%|█▏        | 353/3000 [03:53<26:45,  1.65it/s]
qwen2.5-vl/pope/ricd/aokvqa/adversarial/seed1:  12%|█▏        | 354/3000 [03:54<26:43,  1.65it/s]
qwen2.5-vl/pope/ricd/aokvqa/adversarial/seed1:  12%|█▏        | 355/3000 [03:54<26:42,  1.65it/s]
qwen2.5-vl/pope/ricd/aokvqa/adversarial/seed1:  12%|█▏        | 356/3000 [03:55<26:39,  1.65it/s]
qwen2.5-vl/pope/ricd/aokvqa/adversarial/seed1:  12%|█▏        | 357/3000 [03:56<26:36,  1.66it/s]
qwen2.5-vl/pope/ricd/aokvqa/adversarial/seed1:  12%|█▏        | 358/3000 [03:56<26:35,  1.66it/s]
qwen2.5-vl/pope/ricd/aokvqa/adversarial/seed1:  12%|█▏        | 359/3000 [03:57<26:34,  1.66it/s]
qwen2.5-vl/pope/ricd/aokvqa/adversarial/seed1:  12%|█▏        | 360/3000 [03:57<26:33,  1.66it/s]
qwen2.5-vl/pope/ricd/aokvqa/adversarial/seed1:  12%|█▏        | 361/3000 [03:58<25:56,  1.70it/s]
qwen2.5-vl/pope/ricd/aokvqa/adversarial/seed1:  12%|█▏        | 362/3000 [03:59<25:31,  1.72it/s]
qwen2.5-vl/pope/ricd/aokvqa/adversarial/seed1:  12%|█▏        | 363/3000 [03:59<25:13,  1.74it/s]
qwen2.5-vl/pope/ricd/aokvqa/adversarial/seed1:  12%|█▏        | 364/3000 [04:00<25:00,  1.76it/s]
qwen2.5-vl/pope/ricd/aokvqa/adversarial/seed1:  12%|█▏        | 365/3000 [04:00<24:51,  1.77it/s]
qwen2.5-vl/pope/ricd/aokvqa/adversarial/seed1:  12%|█▏        | 366/3000 [04:01<24:47,  1.77it/s]
qwen2.5-vl/pope/ricd/aokvqa/adversarial/seed1:  12%|█▏        | 367/3000 [04:01<25:24,  1.73it/s]
qwen2.5-vl/pope/ricd/aokvqa/adversarial/seed1:  12%|█▏        | 368/3000 [04:02<25:43,  1.70it/s]
qwen2.5-vl/pope/ricd/aokvqa/adversarial/seed1:  12%|█▏        | 369/3000 [04:03<25:56,  1.69it/s]
qwen2.5-vl/pope/ricd/aokvqa/adversarial/seed1:  12%|█▏        | 370/3000 [04:03<26:05,  1.68it/s]
qwen2.5-vl/pope/ricd/aokvqa/adversarial/seed1:  12%|█▏        | 371/3000 [04:04<26:11,  1.67it/s]
qwen2.5-vl/pope/ricd/aokvqa/adversarial/seed1:  12%|█▏        | 372/3000 [04:04<26:15,  1.67it/s]
qwen2.5-vl/pope/ricd/aokvqa/adversarial/seed1:  12%|█▏        | 373/3000 [04:05<26:19,  1.66it/s]
qwen2.5-vl/pope/ricd/aokvqa/adversarial/seed1:  12%|█▏        | 374/3000 [04:06<26:20,  1.66it/s]
qwen2.5-vl/pope/ricd/aokvqa/adversarial/seed1:  12%|█▎        | 375/3000 [04:06<26:21,  1.66it/s]
qwen2.5-vl/pope/ricd/aokvqa/adversarial/seed1:  13%|█▎        | 376/3000 [04:07<26:21,  1.66it/s]
qwen2.5-vl/pope/ricd/aokvqa/adversarial/seed1:  13%|█▎        | 377/3000 [04:07<26:23,  1.66it/s]
qwen2.5-vl/pope/ricd/aokvqa/adversarial/seed1:  13%|█▎        | 378/3000 [04:08<26:23,  1.66it/s]
qwen2.5-vl/pope/ricd/aokvqa/adversarial/seed1:  13%|█▎        | 379/3000 [04:09<27:07,  1.61it/s]
qwen2.5-vl/pope/ricd/aokvqa/adversarial/seed1:  13%|█▎        | 380/3000 [04:09<27:39,  1.58it/s]
qwen2.5-vl/pope/ricd/aokvqa/adversarial/seed1:  13%|█▎        | 381/3000 [04:10<28:01,  1.56it/s]
qwen2.5-vl/pope/ricd/aokvqa/adversarial/seed1:  13%|█▎        | 382/3000 [04:11<28:16,  1.54it/s]
qwen2.5-vl/pope/ricd/aokvqa/adversarial/seed1:  13%|█▎        | 383/3000 [04:11<28:26,  1.53it/s]
qwen2.5-vl/pope/ricd/aokvqa/adversarial/seed1:  13%|█▎        | 384/3000 [04:12<28:34,  1.53it/s]
qwen2.5-vl/pope/ricd/aokvqa/adversarial/seed1:  13%|█▎        | 385/3000 [04:13<29:25,  1.48it/s]
qwen2.5-vl/pope/ricd/aokvqa/adversarial/seed1:  13%|█▎        | 386/3000 [04:13<30:02,  1.45it/s]
qwen2.5-vl/pope/ricd/aokvqa/adversarial/seed1:  13%|█▎        | 387/3000 [04:14<30:29,  1.43it/s]
qwen2.5-vl/pope/ricd/aokvqa/adversarial/seed1:  13%|█▎        | 388/3000 [04:15<30:48,  1.41it/s]
qwen2.5-vl/pope/ricd/aokvqa/adversarial/seed1:  13%|█▎        | 389/3000 [04:16<30:58,  1.41it/s]
qwen2.5-vl/pope/ricd/aokvqa/adversarial/seed1:  13%|█▎        | 390/3000 [04:16<31:07,  1.40it/s]
qwen2.5-vl/pope/ricd/aokvqa/adversarial/seed1:  13%|█▎        | 391/3000 [04:17<29:40,  1.47it/s]
qwen2.5-vl/pope/ricd/aokvqa/adversarial/seed1:  13%|█▎        | 392/3000 [04:18<28:39,  1.52it/s]
qwen2.5-vl/pope/ricd/aokvqa/adversarial/seed1:  13%|█▎        | 393/3000 [04:18<27:57,  1.55it/s]
qwen2.5-vl/pope/ricd/aokvqa/adversarial/seed1:  13%|█▎        | 394/3000 [04:19<27:27,  1.58it/s]
qwen2.5-vl/pope/ricd/aokvqa/adversarial/seed1:  13%|█▎        | 395/3000 [04:19<27:05,  1.60it/s]
qwen2.5-vl/pope/ricd/aokvqa/adversarial/seed1:  13%|█▎        | 396/3000 [04:20<26:50,  1.62it/s]
qwen2.5-vl/pope/ricd/aokvqa/adversarial/seed1:  13%|█▎        | 397/3000 [04:21<28:09,  1.54it/s]
qwen2.5-vl/pope/ricd/aokvqa/adversarial/seed1:  13%|█▎        | 398/3000 [04:21<29:04,  1.49it/s]
qwen2.5-vl/pope/ricd/aokvqa/adversarial/seed1:  13%|█▎        | 399/3000 [04:22<29:42,  1.46it/s]
qwen2.5-vl/pope/ricd/aokvqa/adversarial/seed1:  13%|█▎        | 400/3000 [04:23<30:09,  1.44it/s]
qwen2.5-vl/pope/ricd/aokvqa/adversarial/seed1:  13%|█▎        | 401/3000 [04:24<30:27,  1.42it/s]
qwen2.5-vl/pope/ricd/aokvqa/adversarial/seed1:  13%|█▎        | 402/3000 [04:24<30:40,  1.41it/s]
qwen2.5-vl/pope/ricd/aokvqa/adversarial/seed1:  13%|█▎        | 403/3000 [04:25<26:23,  1.64it/s]
qwen2.5-vl/pope/ricd/aokvqa/adversarial/seed1:  13%|█▎        | 404/3000 [04:25<23:22,  1.85it/s]
qwen2.5-vl/pope/ricd/aokvqa/adversarial/seed1:  14%|█▎        | 405/3000 [04:25<21:15,  2.03it/s]
qwen2.5-vl/pope/ricd/aokvqa/adversarial/seed1:  14%|█▎        | 406/3000 [04:26<19:46,  2.19it/s]
qwen2.5-vl/pope/ricd/aokvqa/adversarial/seed1:  14%|█▎        | 407/3000 [04:26<18:45,  2.30it/s]
qwen2.5-vl/pope/ricd/aokvqa/adversarial/seed1:  14%|█▎        | 408/3000 [04:27<18:01,  2.40it/s]
qwen2.5-vl/pope/ricd/aokvqa/adversarial/seed1:  14%|█▎        | 409/3000 [04:27<20:30,  2.11it/s]
qwen2.5-vl/pope/ricd/aokvqa/adversarial/seed1:  14%|█▎        | 410/3000 [04:28<22:14,  1.94it/s]
qwen2.5-vl/pope/ricd/aokvqa/adversarial/seed1:  14%|█▎        | 411/3000 [04:28<23:26,  1.84it/s]
qwen2.5-vl/pope/ricd/aokvqa/adversarial/seed1:  14%|█▎        | 412/3000 [04:29<24:17,  1.78it/s]
qwen2.5-vl/pope/ricd/aokvqa/adversarial/seed1:  14%|█▍        | 413/3000 [04:30<24:52,  1.73it/s]
qwen2.5-vl/pope/ricd/aokvqa/adversarial/seed1:  14%|█▍        | 414/3000 [04:30<25:15,  1.71it/s]
qwen2.5-vl/pope/ricd/aokvqa/adversarial/seed1:  14%|█▍        | 415/3000 [04:31<25:34,  1.68it/s]
qwen2.5-vl/pope/ricd/aokvqa/adversarial/seed1:  14%|█▍        | 416/3000 [04:31<25:47,  1.67it/s]
qwen2.5-vl/pope/ricd/aokvqa/adversarial/seed1:  14%|█▍        | 417/3000 [04:32<25:50,  1.67it/s]
qwen2.5-vl/pope/ricd/aokvqa/adversarial/seed1:  14%|█▍        | 418/3000 [04:33<26:02,  1.65it/s]
qwen2.5-vl/pope/ricd/aokvqa/adversarial/seed1:  14%|█▍        | 419/3000 [04:33<26:04,  1.65it/s]
qwen2.5-vl/pope/ricd/aokvqa/adversarial/seed1:  14%|█▍        | 420/3000 [04:34<26:07,  1.65it/s]
qwen2.5-vl/pope/ricd/aokvqa/adversarial/seed1:  14%|█▍        | 421/3000 [04:35<26:07,  1.65it/s]
qwen2.5-vl/pope/ricd/aokvqa/adversarial/seed1:  14%|█▍        | 422/3000 [04:35<26:05,  1.65it/s]
qwen2.5-vl/pope/ricd/aokvqa/adversarial/seed1:  14%|█▍        | 423/3000 [04:36<26:08,  1.64it/s]
qwen2.5-vl/pope/ricd/aokvqa/adversarial/seed1:  14%|█▍        | 424/3000 [04:36<26:05,  1.65it/s]
qwen2.5-vl/pope/ricd/aokvqa/adversarial/seed1:  14%|█▍        | 425/3000 [04:37<26:04,  1.65it/s]
qwen2.5-vl/pope/ricd/aokvqa/adversarial/seed1:  14%|█▍        | 426/3000 [04:38<26:06,  1.64it/s]
qwen2.5-vl/pope/ricd/aokvqa/adversarial/seed1:  14%|█▍        | 427/3000 [04:38<26:09,  1.64it/s]
qwen2.5-vl/pope/ricd/aokvqa/adversarial/seed1:  14%|█▍        | 428/3000 [04:39<26:06,  1.64it/s]
qwen2.5-vl/pope/ricd/aokvqa/adversarial/seed1:  14%|█▍        | 429/3000 [04:39<26:03,  1.64it/s]
qwen2.5-vl/pope/ricd/aokvqa/adversarial/seed1:  14%|█▍        | 430/3000 [04:40<26:06,  1.64it/s]
qwen2.5-vl/pope/ricd/aokvqa/adversarial/seed1:  14%|█▍        | 431/3000 [04:41<26:05,  1.64it/s]
qwen2.5-vl/pope/ricd/aokvqa/adversarial/seed1:  14%|█▍        | 432/3000 [04:41<26:04,  1.64it/s]
qwen2.5-vl/pope/ricd/aokvqa/adversarial/seed1:  14%|█▍        | 433/3000 [04:42<22:41,  1.89it/s]
qwen2.5-vl/pope/ricd/aokvqa/adversarial/seed1:  14%|█▍        | 434/3000 [04:42<20:18,  2.11it/s]
qwen2.5-vl/pope/ricd/aokvqa/adversarial/seed1:  14%|█▍        | 435/3000 [04:42<18:39,  2.29it/s]
qwen2.5-vl/pope/ricd/aokvqa/adversarial/seed1:  15%|█▍        | 436/3000 [04:43<17:25,  2.45it/s]
qwen2.5-vl/pope/ricd/aokvqa/adversarial/seed1:  15%|█▍        | 437/3000 [04:43<16:34,  2.58it/s]
qwen2.5-vl/pope/ricd/aokvqa/adversarial/seed1:  15%|█▍        | 438/3000 [04:43<16:03,  2.66it/s]
qwen2.5-vl/pope/ricd/aokvqa/adversarial/seed1:  15%|█▍        | 439/3000 [04:44<20:40,  2.07it/s]
qwen2.5-vl/pope/ricd/aokvqa/adversarial/seed1:  15%|█▍        | 440/3000 [04:45<23:51,  1.79it/s]
qwen2.5-vl/pope/ricd/aokvqa/adversarial/seed1:  15%|█▍        | 441/3000 [04:45<26:09,  1.63it/s]
qwen2.5-vl/pope/ricd/aokvqa/adversarial/seed1:  15%|█▍        | 442/3000 [04:46<27:42,  1.54it/s]
qwen2.5-vl/pope/ricd/aokvqa/adversarial/seed1:  15%|█▍        | 443/3000 [04:47<28:47,  1.48it/s]
qwen2.5-vl/pope/ricd/aokvqa/adversarial/seed1:  15%|█▍        | 444/3000 [04:48<29:26,  1.45it/s]
qwen2.5-vl/pope/ricd/aokvqa/adversarial/seed1:  15%|█▍        | 445/3000 [04:48<28:21,  1.50it/s]
qwen2.5-vl/pope/ricd/aokvqa/adversarial/seed1:  15%|█▍        | 446/3000 [04:49<27:38,  1.54it/s]
qwen2.5-vl/pope/ricd/aokvqa/adversarial/seed1:  15%|█▍        | 447/3000 [04:50<27:03,  1.57it/s]
qwen2.5-vl/pope/ricd/aokvqa/adversarial/seed1:  15%|█▍        | 448/3000 [04:50<26:41,  1.59it/s]
qwen2.5-vl/pope/ricd/aokvqa/adversarial/seed1:  15%|█▍        | 449/3000 [04:51<26:27,  1.61it/s]
qwen2.5-vl/pope/ricd/aokvqa/adversarial/seed1:  15%|█▌        | 450/3000 [04:51<26:17,  1.62it/s]
qwen2.5-vl/pope/ricd/aokvqa/adversarial/seed1:  15%|█▌        | 451/3000 [04:52<29:48,  1.43it/s]
qwen2.5-vl/pope/ricd/aokvqa/adversarial/seed1:  15%|█▌        | 452/3000 [04:53<32:10,  1.32it/s]
qwen2.5-vl/pope/ricd/aokvqa/adversarial/seed1:  15%|█▌        | 453/3000 [04:54<33:49,  1.26it/s]
qwen2.5-vl/pope/ricd/aokvqa/adversarial/seed1:  15%|█▌        | 454/3000 [04:55<35:03,  1.21it/s]
qwen2.5-vl/pope/ricd/aokvqa/adversarial/seed1:  15%|█▌        | 455/3000 [04:56<35:47,  1.18it/s]
qwen2.5-vl/pope/ricd/aokvqa/adversarial/seed1:  15%|█▌        | 456/3000 [04:57<36:23,  1.17it/s]
qwen2.5-vl/pope/ricd/aokvqa/adversarial/seed1:  15%|█▌        | 457/3000 [04:58<37:36,  1.13it/s]
qwen2.5-vl/pope/ricd/aokvqa/adversarial/seed1:  15%|█▌        | 458/3000 [04:59<38:30,  1.10it/s]
qwen2.5-vl/pope/ricd/aokvqa/adversarial/seed1:  15%|█▌        | 459/3000 [05:00<39:02,  1.08it/s]
qwen2.5-vl/pope/ricd/aokvqa/adversarial/seed1:  15%|█▌        | 460/3000 [05:00<39:24,  1.07it/s]
qwen2.5-vl/pope/ricd/aokvqa/adversarial/seed1:  15%|█▌        | 461/3000 [05:01<39:38,  1.07it/s]
qwen2.5-vl/pope/ricd/aokvqa/adversarial/seed1:  15%|█▌        | 462/3000 [05:02<39:52,  1.06it/s]
qwen2.5-vl/pope/ricd/aokvqa/adversarial/seed1:  15%|█▌        | 463/3000 [05:03<37:05,  1.14it/s]
qwen2.5-vl/pope/ricd/aokvqa/adversarial/seed1:  15%|█▌        | 464/3000 [05:04<35:13,  1.20it/s]
qwen2.5-vl/pope/ricd/aokvqa/adversarial/seed1:  16%|█▌        | 465/3000 [05:05<33:51,  1.25it/s]
qwen2.5-vl/pope/ricd/aokvqa/adversarial/seed1:  16%|█▌        | 466/3000 [05:05<32:56,  1.28it/s]
qwen2.5-vl/pope/ricd/aokvqa/adversarial/seed1:  16%|█▌        | 467/3000 [05:06<32:22,  1.30it/s]
qwen2.5-vl/pope/ricd/aokvqa/adversarial/seed1:  16%|█▌        | 468/3000 [05:07<31:59,  1.32it/s]
qwen2.5-vl/pope/ricd/aokvqa/adversarial/seed1:  16%|█▌        | 469/3000 [05:08<33:43,  1.25it/s]
qwen2.5-vl/pope/ricd/aokvqa/adversarial/seed1:  16%|█▌        | 470/3000 [05:09<34:59,  1.20it/s]
qwen2.5-vl/pope/ricd/aokvqa/adversarial/seed1:  16%|█▌        | 471/3000 [05:09<35:55,  1.17it/s]
qwen2.5-vl/pope/ricd/aokvqa/adversarial/seed1:  16%|█▌        | 472/3000 [05:10<36:34,  1.15it/s]
qwen2.5-vl/pope/ricd/aokvqa/adversarial/seed1:  16%|█▌        | 473/3000 [05:11<36:51,  1.14it/s]
qwen2.5-vl/pope/ricd/aokvqa/adversarial/seed1:  16%|█▌        | 474/3000 [05:12<37:05,  1.14it/s]
qwen2.5-vl/pope/ricd/aokvqa/adversarial/seed1:  16%|█▌        | 475/3000 [05:13<34:23,  1.22it/s]
qwen2.5-vl/pope/ricd/aokvqa/adversarial/seed1:  16%|█▌        | 476/3000 [05:14<32:24,  1.30it/s]
qwen2.5-vl/pope/ricd/aokvqa/adversarial/seed1:  16%|█▌        | 477/3000 [05:14<31:03,  1.35it/s]
qwen2.5-vl/pope/ricd/aokvqa/adversarial/seed1:  16%|█▌        | 478/3000 [05:15<30:09,  1.39it/s]
qwen2.5-vl/pope/ricd/aokvqa/adversarial/seed1:  16%|█▌        | 479/3000 [05:16<29:29,  1.42it/s]
qwen2.5-vl/pope/ricd/aokvqa/adversarial/seed1:  16%|█▌        | 480/3000 [05:16<29:00,  1.45it/s]
qwen2.5-vl/pope/ricd/aokvqa/adversarial/seed1:  16%|█▌        | 481/3000 [05:17<27:24,  1.53it/s]
qwen2.5-vl/pope/ricd/aokvqa/adversarial/seed1:  16%|█▌        | 482/3000 [05:17<26:18,  1.60it/s]
qwen2.5-vl/pope/ricd/aokvqa/adversarial/seed1:  16%|█▌        | 483/3000 [05:18<25:29,  1.65it/s]
qwen2.5-vl/pope/ricd/aokvqa/adversarial/seed1:  16%|█▌        | 484/3000 [05:18<24:57,  1.68it/s]
qwen2.5-vl/pope/ricd/aokvqa/adversarial/seed1:  16%|█▌        | 485/3000 [05:19<24:33,  1.71it/s]
qwen2.5-vl/pope/ricd/aokvqa/adversarial/seed1:  16%|█▌        | 486/3000 [05:20<24:16,  1.73it/s]
qwen2.5-vl/pope/ricd/aokvqa/adversarial/seed1:  16%|█▌        | 487/3000 [05:20<26:03,  1.61it/s]
qwen2.5-vl/pope/ricd/aokvqa/adversarial/seed1:  16%|█▋        | 488/3000 [05:21<27:13,  1.54it/s]
qwen2.5-vl/pope/ricd/aokvqa/adversarial/seed1:  16%|█▋        | 489/3000 [05:22<28:02,  1.49it/s]
qwen2.5-vl/pope/ricd/aokvqa/adversarial/seed1:  16%|█▋        | 490/3000 [05:22<28:35,  1.46it/s]
qwen2.5-vl/pope/ricd/aokvqa/adversarial/seed1:  16%|█▋        | 491/3000 [05:23<28:57,  1.44it/s]
qwen2.5-vl/pope/ricd/aokvqa/adversarial/seed1:  16%|█▋        | 492/3000 [05:24<29:14,  1.43it/s]
qwen2.5-vl/pope/ricd/aokvqa/adversarial/seed1:  16%|█▋        | 493/3000 [05:25<29:31,  1.41it/s]
qwen2.5-vl/pope/ricd/aokvqa/adversarial/seed1:  16%|█▋        | 494/3000 [05:25<29:48,  1.40it/s]
qwen2.5-vl/pope/ricd/aokvqa/adversarial/seed1:  16%|█▋        | 495/3000 [05:26<29:59,  1.39it/s]
qwen2.5-vl/pope/ricd/aokvqa/adversarial/seed1:  17%|█▋        | 496/3000 [05:27<30:09,  1.38it/s]
qwen2.5-vl/pope/ricd/aokvqa/adversarial/seed1:  17%|█▋        | 497/3000 [05:28<30:11,  1.38it/s]
qwen2.5-vl/pope/ricd/aokvqa/adversarial/seed1:  17%|█▋        | 498/3000 [05:28<30:13,  1.38it/s]
qwen2.5-vl/pope/ricd/aokvqa/adversarial/seed1:  17%|█▋        | 499/3000 [05:29<28:41,  1.45it/s]
qwen2.5-vl/pope/ricd/aokvqa/adversarial/seed1:  17%|█▋        | 500/3000 [05:29<27:38,  1.51it/s]
qwen2.5-vl/pope/ricd/aokvqa/adversarial/seed1:  17%|█▋        | 501/3000 [05:30<27:00,  1.54it/s]
qwen2.5-vl/pope/ricd/aokvqa/adversarial/seed1:  17%|█▋        | 502/3000 [05:31<26:30,  1.57it/s]
qwen2.5-vl/pope/ricd/aokvqa/adversarial/seed1:  17%|█▋        | 503/3000 [05:31<26:10,  1.59it/s]
qwen2.5-vl/pope/ricd/aokvqa/adversarial/seed1:  17%|█▋        | 504/3000 [05:32<25:54,  1.61it/s]
qwen2.5-vl/pope/ricd/aokvqa/adversarial/seed1:  17%|█▋        | 505/3000 [05:32<25:49,  1.61it/s]
qwen2.5-vl/pope/ricd/aokvqa/adversarial/seed1:  17%|█▋        | 506/3000 [05:33<25:42,  1.62it/s]
qwen2.5-vl/pope/ricd/aokvqa/adversarial/seed1:  17%|█▋        | 507/3000 [05:34<25:38,  1.62it/s]
qwen2.5-vl/pope/ricd/aokvqa/adversarial/seed1:  17%|█▋        | 508/3000 [05:34<25:32,  1.63it/s]
qwen2.5-vl/pope/ricd/aokvqa/adversarial/seed1:  17%|█▋        | 509/3000 [05:35<25:25,  1.63it/s]
qwen2.5-vl/pope/ricd/aokvqa/adversarial/seed1:  17%|█▋        | 510/3000 [05:36<25:18,  1.64it/s]
qwen2.5-vl/pope/ricd/aokvqa/adversarial/seed1:  17%|█▋        | 511/3000 [05:36<25:12,  1.65it/s]
qwen2.5-vl/pope/ricd/aokvqa/adversarial/seed1:  17%|█▋        | 512/3000 [05:37<25:11,  1.65it/s]
qwen2.5-vl/pope/ricd/aokvqa/adversarial/seed1:  17%|█▋        | 513/3000 [05:37<25:11,  1.65it/s]
qwen2.5-vl/pope/ricd/aokvqa/adversarial/seed1:  17%|█▋        | 514/3000 [05:38<25:16,  1.64it/s]
qwen2.5-vl/pope/ricd/aokvqa/adversarial/seed1:  17%|█▋        | 515/3000 [05:39<25:20,  1.63it/s]
qwen2.5-vl/pope/ricd/aokvqa/adversarial/seed1:  17%|█▋        | 516/3000 [05:39<25:20,  1.63it/s]
qwen2.5-vl/pope/ricd/aokvqa/adversarial/seed1:  17%|█▋        | 517/3000 [05:40<27:50,  1.49it/s]
qwen2.5-vl/pope/ricd/aokvqa/adversarial/seed1:  17%|█▋        | 518/3000 [05:41<29:31,  1.40it/s]
qwen2.5-vl/pope/ricd/aokvqa/adversarial/seed1:  17%|█▋        | 519/3000 [05:42<30:42,  1.35it/s]
qwen2.5-vl/pope/ricd/aokvqa/adversarial/seed1:  17%|█▋        | 520/3000 [05:42<31:30,  1.31it/s]
qwen2.5-vl/pope/ricd/aokvqa/adversarial/seed1:  17%|█▋        | 521/3000 [05:43<32:04,  1.29it/s]
qwen2.5-vl/pope/ricd/aokvqa/adversarial/seed1:  17%|█▋        | 522/3000 [05:44<32:32,  1.27it/s]
qwen2.5-vl/pope/ricd/aokvqa/adversarial/seed1:  17%|█▋        | 523/3000 [05:45<31:51,  1.30it/s]
qwen2.5-vl/pope/ricd/aokvqa/adversarial/seed1:  17%|█▋        | 524/3000 [05:46<31:22,  1.32it/s]
qwen2.5-vl/pope/ricd/aokvqa/adversarial/seed1:  18%|█▊        | 525/3000 [05:46<30:54,  1.33it/s]
qwen2.5-vl/pope/ricd/aokvqa/adversarial/seed1:  18%|█▊        | 526/3000 [05:47<30:32,  1.35it/s]
qwen2.5-vl/pope/ricd/aokvqa/adversarial/seed1:  18%|█▊        | 527/3000 [05:48<30:19,  1.36it/s]
qwen2.5-vl/pope/ricd/aokvqa/adversarial/seed1:  18%|█▊        | 528/3000 [05:48<30:17,  1.36it/s]
qwen2.5-vl/pope/ricd/aokvqa/adversarial/seed1:  18%|█▊        | 529/3000 [05:49<29:47,  1.38it/s]
qwen2.5-vl/pope/ricd/aokvqa/adversarial/seed1:  18%|█▊        | 530/3000 [05:50<29:20,  1.40it/s]
qwen2.5-vl/pope/ricd/aokvqa/adversarial/seed1:  18%|█▊        | 531/3000 [05:51<29:00,  1.42it/s]
qwen2.5-vl/pope/ricd/aokvqa/adversarial/seed1:  18%|█▊        | 532/3000 [05:51<28:50,  1.43it/s]
qwen2.5-vl/pope/ricd/aokvqa/adversarial/seed1:  18%|█▊        | 533/3000 [05:52<28:40,  1.43it/s]
qwen2.5-vl/pope/ricd/aokvqa/adversarial/seed1:  18%|█▊        | 534/3000 [05:53<28:33,  1.44it/s]
qwen2.5-vl/pope/ricd/aokvqa/adversarial/seed1:  18%|█▊        | 535/3000 [05:53<27:25,  1.50it/s]
qwen2.5-vl/pope/ricd/aokvqa/adversarial/seed1:  18%|█▊        | 536/3000 [05:54<26:39,  1.54it/s]
qwen2.5-vl/pope/ricd/aokvqa/adversarial/seed1:  18%|█▊        | 537/3000 [05:54<26:04,  1.57it/s]
qwen2.5-vl/pope/ricd/aokvqa/adversarial/seed1:  18%|█▊        | 538/3000 [05:55<25:40,  1.60it/s]
qwen2.5-vl/pope/ricd/aokvqa/adversarial/seed1:  18%|█▊        | 539/3000 [05:56<25:22,  1.62it/s]
qwen2.5-vl/pope/ricd/aokvqa/adversarial/seed1:  18%|█▊        | 540/3000 [05:56<25:11,  1.63it/s]
qwen2.5-vl/pope/ricd/aokvqa/adversarial/seed1:  18%|█▊        | 541/3000 [05:57<26:30,  1.55it/s]
qwen2.5-vl/pope/ricd/aokvqa/adversarial/seed1:  18%|█▊        | 542/3000 [05:58<27:24,  1.49it/s]
qwen2.5-vl/pope/ricd/aokvqa/adversarial/seed1:  18%|█▊        | 543/3000 [05:58<28:09,  1.45it/s]
qwen2.5-vl/pope/ricd/aokvqa/adversarial/seed1:  18%|█▊        | 544/3000 [05:59<28:42,  1.43it/s]
qwen2.5-vl/pope/ricd/aokvqa/adversarial/seed1:  18%|█▊        | 545/3000 [06:00<29:04,  1.41it/s]
qwen2.5-vl/pope/ricd/aokvqa/adversarial/seed1:  18%|█▊        | 546/3000 [06:01<29:20,  1.39it/s]
qwen2.5-vl/pope/ricd/aokvqa/adversarial/seed1:  18%|█▊        | 547/3000 [06:01<29:30,  1.39it/s]
qwen2.5-vl/pope/ricd/aokvqa/adversarial/seed1:  18%|█▊        | 548/3000 [06:02<29:37,  1.38it/s]
qwen2.5-vl/pope/ricd/aokvqa/adversarial/seed1:  18%|█▊        | 549/3000 [06:03<29:39,  1.38it/s]
qwen2.5-vl/pope/ricd/aokvqa/adversarial/seed1:  18%|█▊        | 550/3000 [06:04<29:41,  1.38it/s]
qwen2.5-vl/pope/ricd/aokvqa/adversarial/seed1:  18%|█▊        | 551/3000 [06:04<29:47,  1.37it/s]
qwen2.5-vl/pope/ricd/aokvqa/adversarial/seed1:  18%|█▊        | 552/3000 [06:05<29:52,  1.37it/s]
qwen2.5-vl/pope/ricd/aokvqa/adversarial/seed1:  18%|█▊        | 553/3000 [06:06<29:46,  1.37it/s]
qwen2.5-vl/pope/ricd/aokvqa/adversarial/seed1:  18%|█▊        | 554/3000 [06:06<29:43,  1.37it/s]
qwen2.5-vl/pope/ricd/aokvqa/adversarial/seed1:  18%|█▊        | 555/3000 [06:07<29:37,  1.38it/s]
qwen2.5-vl/pope/ricd/aokvqa/adversarial/seed1:  19%|█▊        | 556/3000 [06:08<29:32,  1.38it/s]
qwen2.5-vl/pope/ricd/aokvqa/adversarial/seed1:  19%|█▊        | 557/3000 [06:09<29:33,  1.38it/s]
qwen2.5-vl/pope/ricd/aokvqa/adversarial/seed1:  19%|█▊        | 558/3000 [06:09<29:40,  1.37it/s]
qwen2.5-vl/pope/ricd/aokvqa/adversarial/seed1:  19%|█▊        | 559/3000 [06:10<29:42,  1.37it/s]
qwen2.5-vl/pope/ricd/aokvqa/adversarial/seed1:  19%|█▊        | 560/3000 [06:11<29:40,  1.37it/s]
qwen2.5-vl/pope/ricd/aokvqa/adversarial/seed1:  19%|█▊        | 561/3000 [06:12<29:41,  1.37it/s]
qwen2.5-vl/pope/ricd/aokvqa/adversarial/seed1:  19%|█▊        | 562/3000 [06:12<29:41,  1.37it/s]
qwen2.5-vl/pope/ricd/aokvqa/adversarial/seed1:  19%|█▉        | 563/3000 [06:13<29:43,  1.37it/s]
qwen2.5-vl/pope/ricd/aokvqa/adversarial/seed1:  19%|█▉        | 564/3000 [06:14<29:45,  1.36it/s]
qwen2.5-vl/pope/ricd/aokvqa/adversarial/seed1:  19%|█▉        | 565/3000 [06:14<29:42,  1.37it/s]
qwen2.5-vl/pope/ricd/aokvqa/adversarial/seed1:  19%|█▉        | 566/3000 [06:15<29:42,  1.37it/s]
qwen2.5-vl/pope/ricd/aokvqa/adversarial/seed1:  19%|█▉        | 567/3000 [06:16<29:42,  1.37it/s]
qwen2.5-vl/pope/ricd/aokvqa/adversarial/seed1:  19%|█▉        | 568/3000 [06:17<29:35,  1.37it/s]
qwen2.5-vl/pope/ricd/aokvqa/adversarial/seed1:  19%|█▉        | 569/3000 [06:17<29:35,  1.37it/s]
qwen2.5-vl/pope/ricd/aokvqa/adversarial/seed1:  19%|█▉        | 570/3000 [06:18<29:37,  1.37it/s]
qwen2.5-vl/pope/ricd/aokvqa/adversarial/seed1:  19%|█▉        | 571/3000 [06:19<28:14,  1.43it/s]
qwen2.5-vl/pope/ricd/aokvqa/adversarial/seed1:  19%|█▉        | 572/3000 [06:19<27:19,  1.48it/s]
qwen2.5-vl/pope/ricd/aokvqa/adversarial/seed1:  19%|█▉        | 573/3000 [06:20<26:33,  1.52it/s]
qwen2.5-vl/pope/ricd/aokvqa/adversarial/seed1:  19%|█▉        | 574/3000 [06:21<26:01,  1.55it/s]
qwen2.5-vl/pope/ricd/aokvqa/adversarial/seed1:  19%|█▉        | 575/3000 [06:21<25:39,  1.57it/s]
qwen2.5-vl/pope/ricd/aokvqa/adversarial/seed1:  19%|█▉        | 576/3000 [06:22<25:26,  1.59it/s]
qwen2.5-vl/pope/ricd/aokvqa/adversarial/seed1:  19%|█▉        | 577/3000 [06:22<22:29,  1.80it/s]
qwen2.5-vl/pope/ricd/aokvqa/adversarial/seed1:  19%|█▉        | 578/3000 [06:23<20:21,  1.98it/s]
qwen2.5-vl/pope/ricd/aokvqa/adversarial/seed1:  19%|█▉        | 579/3000 [06:23<19:01,  2.12it/s]
qwen2.5-vl/pope/ricd/aokvqa/adversarial/seed1:  19%|█▉        | 580/3000 [06:23<18:05,  2.23it/s]
qwen2.5-vl/pope/ricd/aokvqa/adversarial/seed1:  19%|█▉        | 581/3000 [06:24<17:11,  2.34it/s]
qwen2.5-vl/pope/ricd/aokvqa/adversarial/seed1:  19%|█▉        | 582/3000 [06:24<16:41,  2.41it/s]
qwen2.5-vl/pope/ricd/aokvqa/adversarial/seed1:  19%|█▉        | 583/3000 [06:25<20:56,  1.92it/s]
qwen2.5-vl/pope/ricd/aokvqa/adversarial/seed1:  19%|█▉        | 584/3000 [06:26<23:47,  1.69it/s]
qwen2.5-vl/pope/ricd/aokvqa/adversarial/seed1:  20%|█▉        | 585/3000 [06:26<25:34,  1.57it/s]
qwen2.5-vl/pope/ricd/aokvqa/adversarial/seed1:  20%|█▉        | 586/3000 [06:27<26:37,  1.51it/s]
qwen2.5-vl/pope/ricd/aokvqa/adversarial/seed1:  20%|█▉        | 587/3000 [06:28<27:20,  1.47it/s]
qwen2.5-vl/pope/ricd/aokvqa/adversarial/seed1:  20%|█▉        | 588/3000 [06:29<27:54,  1.44it/s]
qwen2.5-vl/pope/ricd/aokvqa/adversarial/seed1:  20%|█▉        | 589/3000 [06:29<26:51,  1.50it/s]
qwen2.5-vl/pope/ricd/aokvqa/adversarial/seed1:  20%|█▉        | 590/3000 [06:30<26:04,  1.54it/s]
qwen2.5-vl/pope/ricd/aokvqa/adversarial/seed1:  20%|█▉        | 591/3000 [06:30<25:34,  1.57it/s]
qwen2.5-vl/pope/ricd/aokvqa/adversarial/seed1:  20%|█▉        | 592/3000 [06:31<25:19,  1.58it/s]
qwen2.5-vl/pope/ricd/aokvqa/adversarial/seed1:  20%|█▉        | 593/3000 [06:32<25:07,  1.60it/s]
qwen2.5-vl/pope/ricd/aokvqa/adversarial/seed1:  20%|█▉        | 594/3000 [06:32<24:57,  1.61it/s]
qwen2.5-vl/pope/ricd/aokvqa/adversarial/seed1:  20%|█▉        | 595/3000 [06:33<25:37,  1.56it/s]
qwen2.5-vl/pope/ricd/aokvqa/adversarial/seed1:  20%|█▉        | 596/3000 [06:34<26:02,  1.54it/s]
qwen2.5-vl/pope/ricd/aokvqa/adversarial/seed1:  20%|█▉        | 597/3000 [06:34<26:21,  1.52it/s]
qwen2.5-vl/pope/ricd/aokvqa/adversarial/seed1:  20%|█▉        | 598/3000 [06:35<26:34,  1.51it/s]
qwen2.5-vl/pope/ricd/aokvqa/adversarial/seed1:  20%|█▉        | 599/3000 [06:36<26:46,  1.49it/s]
qwen2.5-vl/pope/ricd/aokvqa/adversarial/seed1:  20%|██        | 600/3000 [06:36<26:52,  1.49it/s]
qwen2.5-vl/pope/ricd/aokvqa/adversarial/seed1:  20%|██        | 601/3000 [06:37<26:24,  1.51it/s]
qwen2.5-vl/pope/ricd/aokvqa/adversarial/seed1:  20%|██        | 602/3000 [06:38<26:05,  1.53it/s]
qwen2.5-vl/pope/ricd/aokvqa/adversarial/seed1:  20%|██        | 603/3000 [06:38<25:50,  1.55it/s]
qwen2.5-vl/pope/ricd/aokvqa/adversarial/seed1:  20%|██        | 604/3000 [06:39<25:33,  1.56it/s]
qwen2.5-vl/pope/ricd/aokvqa/adversarial/seed1:  20%|██        | 605/3000 [06:39<25:07,  1.59it/s]
qwen2.5-vl/pope/ricd/aokvqa/adversarial/seed1:  20%|██        | 606/3000 [06:40<24:51,  1.61it/s]
qwen2.5-vl/pope/ricd/aokvqa/adversarial/seed1:  20%|██        | 607/3000 [06:41<24:44,  1.61it/s]
qwen2.5-vl/pope/ricd/aokvqa/adversarial/seed1:  20%|██        | 608/3000 [06:41<24:37,  1.62it/s]
qwen2.5-vl/pope/ricd/aokvqa/adversarial/seed1:  20%|██        | 609/3000 [06:42<24:34,  1.62it/s]
qwen2.5-vl/pope/ricd/aokvqa/adversarial/seed1:  20%|██        | 610/3000 [06:42<24:26,  1.63it/s]
qwen2.5-vl/pope/ricd/aokvqa/adversarial/seed1:  20%|██        | 611/3000 [06:43<24:22,  1.63it/s]
qwen2.5-vl/pope/ricd/aokvqa/adversarial/seed1:  20%|██        | 612/3000 [06:44<24:17,  1.64it/s]
qwen2.5-vl/pope/ricd/aokvqa/adversarial/seed1:  20%|██        | 613/3000 [06:44<25:27,  1.56it/s]
qwen2.5-vl/pope/ricd/aokvqa/adversarial/seed1:  20%|██        | 614/3000 [06:45<26:17,  1.51it/s]
qwen2.5-vl/pope/ricd/aokvqa/adversarial/seed1:  20%|██        | 615/3000 [06:46<26:54,  1.48it/s]
qwen2.5-vl/pope/ricd/aokvqa/adversarial/seed1:  21%|██        | 616/3000 [06:47<27:24,  1.45it/s]
qwen2.5-vl/pope/ricd/aokvqa/adversarial/seed1:  21%|██        | 617/3000 [06:47<27:39,  1.44it/s]
qwen2.5-vl/pope/ricd/aokvqa/adversarial/seed1:  21%|██        | 618/3000 [06:48<27:48,  1.43it/s]
qwen2.5-vl/pope/ricd/aokvqa/adversarial/seed1:  21%|██        | 619/3000 [06:49<28:06,  1.41it/s]
qwen2.5-vl/pope/ricd/aokvqa/adversarial/seed1:  21%|██        | 620/3000 [06:49<28:18,  1.40it/s]
qwen2.5-vl/pope/ricd/aokvqa/adversarial/seed1:  21%|██        | 621/3000 [06:50<28:26,  1.39it/s]
qwen2.5-vl/pope/ricd/aokvqa/adversarial/seed1:  21%|██        | 622/3000 [06:51<28:33,  1.39it/s]
qwen2.5-vl/pope/ricd/aokvqa/adversarial/seed1:  21%|██        | 623/3000 [06:52<28:37,  1.38it/s]
qwen2.5-vl/pope/ricd/aokvqa/adversarial/seed1:  21%|██        | 624/3000 [06:52<28:36,  1.38it/s]
qwen2.5-vl/pope/ricd/aokvqa/adversarial/seed1:  21%|██        | 625/3000 [06:53<27:15,  1.45it/s]
qwen2.5-vl/pope/ricd/aokvqa/adversarial/seed1:  21%|██        | 626/3000 [06:54<26:16,  1.51it/s]
qwen2.5-vl/pope/ricd/aokvqa/adversarial/seed1:  21%|██        | 627/3000 [06:54<25:34,  1.55it/s]
qwen2.5-vl/pope/ricd/aokvqa/adversarial/seed1:  21%|██        | 628/3000 [06:55<25:07,  1.57it/s]
qwen2.5-vl/pope/ricd/aokvqa/adversarial/seed1:  21%|██        | 629/3000 [06:55<24:44,  1.60it/s]
qwen2.5-vl/pope/ricd/aokvqa/adversarial/seed1:  21%|██        | 630/3000 [06:56<24:35,  1.61it/s]
qwen2.5-vl/pope/ricd/aokvqa/adversarial/seed1:  21%|██        | 631/3000 [06:57<24:44,  1.60it/s]
qwen2.5-vl/pope/ricd/aokvqa/adversarial/seed1:  21%|██        | 632/3000 [06:57<24:29,  1.61it/s]
qwen2.5-vl/pope/ricd/aokvqa/adversarial/seed1:  21%|██        | 633/3000 [06:58<24:17,  1.62it/s]
qwen2.5-vl/pope/ricd/aokvqa/adversarial/seed1:  21%|██        | 634/3000 [06:58<24:10,  1.63it/s]
qwen2.5-vl/pope/ricd/aokvqa/adversarial/seed1:  21%|██        | 635/3000 [06:59<24:08,  1.63it/s]
qwen2.5-vl/pope/ricd/aokvqa/adversarial/seed1:  21%|██        | 636/3000 [07:00<24:04,  1.64it/s]
qwen2.5-vl/pope/ricd/aokvqa/adversarial/seed1:  21%|██        | 637/3000 [07:00<25:28,  1.55it/s]
qwen2.5-vl/pope/ricd/aokvqa/adversarial/seed1:  21%|██▏       | 638/3000 [07:01<26:27,  1.49it/s]
qwen2.5-vl/pope/ricd/aokvqa/adversarial/seed1:  21%|██▏       | 639/3000 [07:02<27:06,  1.45it/s]
qwen2.5-vl/pope/ricd/aokvqa/adversarial/seed1:  21%|██▏       | 640/3000 [07:03<27:30,  1.43it/s]
qwen2.5-vl/pope/ricd/aokvqa/adversarial/seed1:  21%|██▏       | 641/3000 [07:03<27:45,  1.42it/s]
qwen2.5-vl/pope/ricd/aokvqa/adversarial/seed1:  21%|██▏       | 642/3000 [07:04<27:56,  1.41it/s]
qwen2.5-vl/pope/ricd/aokvqa/adversarial/seed1:  21%|██▏       | 643/3000 [07:05<26:08,  1.50it/s]
qwen2.5-vl/pope/ricd/aokvqa/adversarial/seed1:  21%|██▏       | 644/3000 [07:05<24:52,  1.58it/s]
qwen2.5-vl/pope/ricd/aokvqa/adversarial/seed1:  22%|██▏       | 645/3000 [07:06<23:59,  1.64it/s]
qwen2.5-vl/pope/ricd/aokvqa/adversarial/seed1:  22%|██▏       | 646/3000 [07:06<23:23,  1.68it/s]
qwen2.5-vl/pope/ricd/aokvqa/adversarial/seed1:  22%|██▏       | 647/3000 [07:07<22:57,  1.71it/s]
qwen2.5-vl/pope/ricd/aokvqa/adversarial/seed1:  22%|██▏       | 648/3000 [07:07<22:38,  1.73it/s]
qwen2.5-vl/pope/ricd/aokvqa/adversarial/seed1:  22%|██▏       | 649/3000 [07:08<22:24,  1.75it/s]
qwen2.5-vl/pope/ricd/aokvqa/adversarial/seed1:  22%|██▏       | 650/3000 [07:08<22:14,  1.76it/s]
qwen2.5-vl/pope/ricd/aokvqa/adversarial/seed1:  22%|██▏       | 651/3000 [07:09<22:07,  1.77it/s]
qwen2.5-vl/pope/ricd/aokvqa/adversarial/seed1:  22%|██▏       | 652/3000 [07:10<22:02,  1.78it/s]
qwen2.5-vl/pope/ricd/aokvqa/adversarial/seed1:  22%|██▏       | 653/3000 [07:10<22:01,  1.78it/s]
qwen2.5-vl/pope/ricd/aokvqa/adversarial/seed1:  22%|██▏       | 654/3000 [07:11<21:57,  1.78it/s]
qwen2.5-vl/pope/ricd/aokvqa/adversarial/seed1:  22%|██▏       | 655/3000 [07:11<23:51,  1.64it/s]
qwen2.5-vl/pope/ricd/aokvqa/adversarial/seed1:  22%|██▏       | 656/3000 [07:12<25:10,  1.55it/s]
qwen2.5-vl/pope/ricd/aokvqa/adversarial/seed1:  22%|██▏       | 657/3000 [07:13<26:02,  1.50it/s]
qwen2.5-vl/pope/ricd/aokvqa/adversarial/seed1:  22%|██▏       | 658/3000 [07:14<26:40,  1.46it/s]
qwen2.5-vl/pope/ricd/aokvqa/adversarial/seed1:  22%|██▏       | 659/3000 [07:14<27:11,  1.43it/s]
qwen2.5-vl/pope/ricd/aokvqa/adversarial/seed1:  22%|██▏       | 660/3000 [07:15<27:30,  1.42it/s]
qwen2.5-vl/pope/ricd/aokvqa/adversarial/seed1:  22%|██▏       | 661/3000 [07:15<23:32,  1.66it/s]
qwen2.5-vl/pope/ricd/aokvqa/adversarial/seed1:  22%|██▏       | 662/3000 [07:16<20:46,  1.88it/s]
qwen2.5-vl/pope/ricd/aokvqa/adversarial/seed1:  22%|██▏       | 663/3000 [07:16<18:49,  2.07it/s]
qwen2.5-vl/pope/ricd/aokvqa/adversarial/seed1:  22%|██▏       | 664/3000 [07:17<17:30,  2.22it/s]
qwen2.5-vl/pope/ricd/aokvqa/adversarial/seed1:  22%|██▏       | 665/3000 [07:17<16:31,  2.35it/s]
qwen2.5-vl/pope/ricd/aokvqa/adversarial/seed1:  22%|██▏       | 666/3000 [07:17<15:51,  2.45it/s]
qwen2.5-vl/pope/ricd/aokvqa/adversarial/seed1:  22%|██▏       | 667/3000 [07:18<18:08,  2.14it/s]
qwen2.5-vl/pope/ricd/aokvqa/adversarial/seed1:  22%|██▏       | 668/3000 [07:18<19:45,  1.97it/s]
qwen2.5-vl/pope/ricd/aokvqa/adversarial/seed1:  22%|██▏       | 669/3000 [07:19<20:52,  1.86it/s]
qwen2.5-vl/pope/ricd/aokvqa/adversarial/seed1:  22%|██▏       | 670/3000 [07:20<21:38,  1.79it/s]
qwen2.5-vl/pope/ricd/aokvqa/adversarial/seed1:  22%|██▏       | 671/3000 [07:20<22:10,  1.75it/s]
qwen2.5-vl/pope/ricd/aokvqa/adversarial/seed1:  22%|██▏       | 672/3000 [07:21<22:33,  1.72it/s]
qwen2.5-vl/pope/ricd/aokvqa/adversarial/seed1:  22%|██▏       | 673/3000 [07:21<22:16,  1.74it/s]
qwen2.5-vl/pope/ricd/aokvqa/adversarial/seed1:  22%|██▏       | 674/3000 [07:22<22:03,  1.76it/s]
qwen2.5-vl/pope/ricd/aokvqa/adversarial/seed1:  22%|██▎       | 675/3000 [07:23<21:55,  1.77it/s]
qwen2.5-vl/pope/ricd/aokvqa/adversarial/seed1:  23%|██▎       | 676/3000 [07:23<21:49,  1.77it/s]
qwen2.5-vl/pope/ricd/aokvqa/adversarial/seed1:  23%|██▎       | 677/3000 [07:24<21:45,  1.78it/s]
qwen2.5-vl/pope/ricd/aokvqa/adversarial/seed1:  23%|██▎       | 678/3000 [07:24<21:41,  1.78it/s]
qwen2.5-vl/pope/ricd/aokvqa/adversarial/seed1:  23%|██▎       | 679/3000 [07:25<23:34,  1.64it/s]
qwen2.5-vl/pope/ricd/aokvqa/adversarial/seed1:  23%|██▎       | 680/3000 [07:26<24:51,  1.56it/s]
qwen2.5-vl/pope/ricd/aokvqa/adversarial/seed1:  23%|██▎       | 681/3000 [07:26<25:44,  1.50it/s]
qwen2.5-vl/pope/ricd/aokvqa/adversarial/seed1:  23%|██▎       | 682/3000 [07:27<26:23,  1.46it/s]
qwen2.5-vl/pope/ricd/aokvqa/adversarial/seed1:  23%|██▎       | 683/3000 [07:28<27:00,  1.43it/s]
qwen2.5-vl/pope/ricd/aokvqa/adversarial/seed1:  23%|██▎       | 684/3000 [07:29<27:19,  1.41it/s]
qwen2.5-vl/pope/ricd/aokvqa/adversarial/seed1:  23%|██▎       | 685/3000 [07:29<27:29,  1.40it/s]
qwen2.5-vl/pope/ricd/aokvqa/adversarial/seed1:  23%|██▎       | 686/3000 [07:30<27:35,  1.40it/s]
qwen2.5-vl/pope/ricd/aokvqa/adversarial/seed1:  23%|██▎       | 687/3000 [07:31<27:43,  1.39it/s]
qwen2.5-vl/pope/ricd/aokvqa/adversarial/seed1:  23%|██▎       | 688/3000 [07:32<27:50,  1.38it/s]
qwen2.5-vl/pope/ricd/aokvqa/adversarial/seed1:  23%|██▎       | 689/3000 [07:32<27:58,  1.38it/s]
qwen2.5-vl/pope/ricd/aokvqa/adversarial/seed1:  23%|██▎       | 690/3000 [07:33<28:01,  1.37it/s]
qwen2.5-vl/pope/ricd/aokvqa/adversarial/seed1:  23%|██▎       | 691/3000 [07:34<26:40,  1.44it/s]
qwen2.5-vl/pope/ricd/aokvqa/adversarial/seed1:  23%|██▎       | 692/3000 [07:34<25:45,  1.49it/s]
qwen2.5-vl/pope/ricd/aokvqa/adversarial/seed1:  23%|██▎       | 693/3000 [07:35<25:04,  1.53it/s]
qwen2.5-vl/pope/ricd/aokvqa/adversarial/seed1:  23%|██▎       | 694/3000 [07:35<24:36,  1.56it/s]
qwen2.5-vl/pope/ricd/aokvqa/adversarial/seed1:  23%|██▎       | 695/3000 [07:36<24:16,  1.58it/s]
qwen2.5-vl/pope/ricd/aokvqa/adversarial/seed1:  23%|██▎       | 696/3000 [07:37<24:01,  1.60it/s]
qwen2.5-vl/pope/ricd/aokvqa/adversarial/seed1:  23%|██▎       | 697/3000 [07:37<25:13,  1.52it/s]
qwen2.5-vl/pope/ricd/aokvqa/adversarial/seed1:  23%|██▎       | 698/3000 [07:38<26:03,  1.47it/s]
qwen2.5-vl/pope/ricd/aokvqa/adversarial/seed1:  23%|██▎       | 699/3000 [07:39<26:31,  1.45it/s]
qwen2.5-vl/pope/ricd/aokvqa/adversarial/seed1:  23%|██▎       | 700/3000 [07:40<26:50,  1.43it/s]
qwen2.5-vl/pope/ricd/aokvqa/adversarial/seed1:  23%|██▎       | 701/3000 [07:40<27:12,  1.41it/s]
qwen2.5-vl/pope/ricd/aokvqa/adversarial/seed1:  23%|██▎       | 702/3000 [07:41<27:25,  1.40it/s]
qwen2.5-vl/pope/ricd/aokvqa/adversarial/seed1:  23%|██▎       | 703/3000 [07:42<27:29,  1.39it/s]
qwen2.5-vl/pope/ricd/aokvqa/adversarial/seed1:  23%|██▎       | 704/3000 [07:42<27:30,  1.39it/s]
qwen2.5-vl/pope/ricd/aokvqa/adversarial/seed1:  24%|██▎       | 705/3000 [07:43<27:31,  1.39it/s]
qwen2.5-vl/pope/ricd/aokvqa/adversarial/seed1:  24%|██▎       | 706/3000 [07:44<27:30,  1.39it/s]
qwen2.5-vl/pope/ricd/aokvqa/adversarial/seed1:  24%|██▎       | 707/3000 [07:45<27:32,  1.39it/s]
qwen2.5-vl/pope/ricd/aokvqa/adversarial/seed1:  24%|██▎       | 708/3000 [07:45<27:31,  1.39it/s]
qwen2.5-vl/pope/ricd/aokvqa/adversarial/seed1:  24%|██▎       | 709/3000 [07:46<26:49,  1.42it/s]
qwen2.5-vl/pope/ricd/aokvqa/adversarial/seed1:  24%|██▎       | 710/3000 [07:47<26:21,  1.45it/s]
qwen2.5-vl/pope/ricd/aokvqa/adversarial/seed1:  24%|██▎       | 711/3000 [07:47<26:01,  1.47it/s]
qwen2.5-vl/pope/ricd/aokvqa/adversarial/seed1:  24%|██▎       | 712/3000 [07:48<25:47,  1.48it/s]
qwen2.5-vl/pope/ricd/aokvqa/adversarial/seed1:  24%|██▍       | 713/3000 [07:49<25:35,  1.49it/s]
qwen2.5-vl/pope/ricd/aokvqa/adversarial/seed1:  24%|██▍       | 714/3000 [07:49<25:28,  1.50it/s]
qwen2.5-vl/pope/ricd/aokvqa/adversarial/seed1:  24%|██▍       | 715/3000 [07:50<26:02,  1.46it/s]
qwen2.5-vl/pope/ricd/aokvqa/adversarial/seed1:  24%|██▍       | 716/3000 [07:51<26:26,  1.44it/s]
qwen2.5-vl/pope/ricd/aokvqa/adversarial/seed1:  24%|██▍       | 717/3000 [07:51<26:44,  1.42it/s]
qwen2.5-vl/pope/ricd/aokvqa/adversarial/seed1:  24%|██▍       | 718/3000 [07:52<26:55,  1.41it/s]
qwen2.5-vl/pope/ricd/aokvqa/adversarial/seed1:  24%|██▍       | 719/3000 [07:53<27:02,  1.41it/s]
qwen2.5-vl/pope/ricd/aokvqa/adversarial/seed1:  24%|██▍       | 720/3000 [07:54<27:12,  1.40it/s]
qwen2.5-vl/pope/ricd/aokvqa/adversarial/seed1:  24%|██▍       | 721/3000 [07:54<25:57,  1.46it/s]
qwen2.5-vl/pope/ricd/aokvqa/adversarial/seed1:  24%|██▍       | 722/3000 [07:55<25:03,  1.51it/s]
qwen2.5-vl/pope/ricd/aokvqa/adversarial/seed1:  24%|██▍       | 723/3000 [07:55<24:27,  1.55it/s]
qwen2.5-vl/pope/ricd/aokvqa/adversarial/seed1:  24%|██▍       | 724/3000 [07:56<23:59,  1.58it/s]
qwen2.5-vl/pope/ricd/aokvqa/adversarial/seed1:  24%|██▍       | 725/3000 [07:57<23:38,  1.60it/s]
qwen2.5-vl/pope/ricd/aokvqa/adversarial/seed1:  24%|██▍       | 726/3000 [07:57<23:24,  1.62it/s]
qwen2.5-vl/pope/ricd/aokvqa/adversarial/seed1:  24%|██▍       | 727/3000 [07:58<23:16,  1.63it/s]
qwen2.5-vl/pope/ricd/aokvqa/adversarial/seed1:  24%|██▍       | 728/3000 [07:58<23:09,  1.64it/s]
qwen2.5-vl/pope/ricd/aokvqa/adversarial/seed1:  24%|██▍       | 729/3000 [07:59<23:04,  1.64it/s]
qwen2.5-vl/pope/ricd/aokvqa/adversarial/seed1:  24%|██▍       | 730/3000 [08:00<23:00,  1.64it/s]
qwen2.5-vl/pope/ricd/aokvqa/adversarial/seed1:  24%|██▍       | 731/3000 [08:00<22:58,  1.65it/s]
qwen2.5-vl/pope/ricd/aokvqa/adversarial/seed1:  24%|██▍       | 732/3000 [08:01<22:56,  1.65it/s]
qwen2.5-vl/pope/ricd/aokvqa/adversarial/seed1:  24%|██▍       | 733/3000 [08:02<24:14,  1.56it/s]
qwen2.5-vl/pope/ricd/aokvqa/adversarial/seed1:  24%|██▍       | 734/3000 [08:02<25:12,  1.50it/s]
qwen2.5-vl/pope/ricd/aokvqa/adversarial/seed1:  24%|██▍       | 735/3000 [08:03<25:49,  1.46it/s]
qwen2.5-vl/pope/ricd/aokvqa/adversarial/seed1:  25%|██▍       | 736/3000 [08:04<26:13,  1.44it/s]
qwen2.5-vl/pope/ricd/aokvqa/adversarial/seed1:  25%|██▍       | 737/3000 [08:05<26:30,  1.42it/s]
qwen2.5-vl/pope/ricd/aokvqa/adversarial/seed1:  25%|██▍       | 738/3000 [08:05<26:42,  1.41it/s]
qwen2.5-vl/pope/ricd/aokvqa/adversarial/seed1:  25%|██▍       | 739/3000 [08:06<25:31,  1.48it/s]
qwen2.5-vl/pope/ricd/aokvqa/adversarial/seed1:  25%|██▍       | 740/3000 [08:06<24:43,  1.52it/s]
qwen2.5-vl/pope/ricd/aokvqa/adversarial/seed1:  25%|██▍       | 741/3000 [08:07<24:12,  1.56it/s]
qwen2.5-vl/pope/ricd/aokvqa/adversarial/seed1:  25%|██▍       | 742/3000 [08:08<23:48,  1.58it/s]
qwen2.5-vl/pope/ricd/aokvqa/adversarial/seed1:  25%|██▍       | 743/3000 [08:08<23:30,  1.60it/s]
qwen2.5-vl/pope/ricd/aokvqa/adversarial/seed1:  25%|██▍       | 744/3000 [08:09<23:19,  1.61it/s]
qwen2.5-vl/pope/ricd/aokvqa/adversarial/seed1:  25%|██▍       | 745/3000 [08:10<23:12,  1.62it/s]
qwen2.5-vl/pope/ricd/aokvqa/adversarial/seed1:  25%|██▍       | 746/3000 [08:10<23:05,  1.63it/s]
qwen2.5-vl/pope/ricd/aokvqa/adversarial/seed1:  25%|██▍       | 747/3000 [08:11<23:10,  1.62it/s]
qwen2.5-vl/pope/ricd/aokvqa/adversarial/seed1:  25%|██▍       | 748/3000 [08:11<23:02,  1.63it/s]
qwen2.5-vl/pope/ricd/aokvqa/adversarial/seed1:  25%|██▍       | 749/3000 [08:12<22:58,  1.63it/s]
qwen2.5-vl/pope/ricd/aokvqa/adversarial/seed1:  25%|██▌       | 750/3000 [08:13<22:56,  1.63it/s]
qwen2.5-vl/pope/ricd/aokvqa/adversarial/seed1:  25%|██▌       | 751/3000 [08:13<24:12,  1.55it/s]
qwen2.5-vl/pope/ricd/aokvqa/adversarial/seed1:  25%|██▌       | 752/3000 [08:14<25:06,  1.49it/s]
qwen2.5-vl/pope/ricd/aokvqa/adversarial/seed1:  25%|██▌       | 753/3000 [08:15<26:06,  1.43it/s]
qwen2.5-vl/pope/ricd/aokvqa/adversarial/seed1:  25%|██▌       | 754/3000 [08:16<26:46,  1.40it/s]
qwen2.5-vl/pope/ricd/aokvqa/adversarial/seed1:  25%|██▌       | 755/3000 [08:16<27:07,  1.38it/s]
qwen2.5-vl/pope/ricd/aokvqa/adversarial/seed1:  25%|██▌       | 756/3000 [08:17<27:07,  1.38it/s]
qwen2.5-vl/pope/ricd/aokvqa/adversarial/seed1:  25%|██▌       | 757/3000 [08:18<25:47,  1.45it/s]
qwen2.5-vl/pope/ricd/aokvqa/adversarial/seed1:  25%|██▌       | 758/3000 [08:18<24:50,  1.50it/s]
qwen2.5-vl/pope/ricd/aokvqa/adversarial/seed1:  25%|██▌       | 759/3000 [08:19<24:15,  1.54it/s]
qwen2.5-vl/pope/ricd/aokvqa/adversarial/seed1:  25%|██▌       | 760/3000 [08:19<24:01,  1.55it/s]
qwen2.5-vl/pope/ricd/aokvqa/adversarial/seed1:  25%|██▌       | 761/3000 [08:20<23:54,  1.56it/s]
qwen2.5-vl/pope/ricd/aokvqa/adversarial/seed1:  25%|██▌       | 762/3000 [08:21<23:52,  1.56it/s]
qwen2.5-vl/pope/ricd/aokvqa/adversarial/seed1:  25%|██▌       | 763/3000 [08:21<24:57,  1.49it/s]
qwen2.5-vl/pope/ricd/aokvqa/adversarial/seed1:  25%|██▌       | 764/3000 [08:22<25:34,  1.46it/s]
qwen2.5-vl/pope/ricd/aokvqa/adversarial/seed1:  26%|██▌       | 765/3000 [08:23<26:05,  1.43it/s]
qwen2.5-vl/pope/ricd/aokvqa/adversarial/seed1:  26%|██▌       | 766/3000 [08:24<26:27,  1.41it/s]
qwen2.5-vl/pope/ricd/aokvqa/adversarial/seed1:  26%|██▌       | 767/3000 [08:24<27:10,  1.37it/s]
qwen2.5-vl/pope/ricd/aokvqa/adversarial/seed1:  26%|██▌       | 768/3000 [08:25<27:40,  1.34it/s]
qwen2.5-vl/pope/ricd/aokvqa/adversarial/seed1:  26%|██▌       | 769/3000 [08:26<26:54,  1.38it/s]
qwen2.5-vl/pope/ricd/aokvqa/adversarial/seed1:  26%|██▌       | 770/3000 [08:27<26:24,  1.41it/s]
qwen2.5-vl/pope/ricd/aokvqa/adversarial/seed1:  26%|██▌       | 771/3000 [08:27<25:57,  1.43it/s]
qwen2.5-vl/pope/ricd/aokvqa/adversarial/seed1:  26%|██▌       | 772/3000 [08:28<25:42,  1.44it/s]
qwen2.5-vl/pope/ricd/aokvqa/adversarial/seed1:  26%|██▌       | 773/3000 [08:29<25:33,  1.45it/s]
qwen2.5-vl/pope/ricd/aokvqa/adversarial/seed1:  26%|██▌       | 774/3000 [08:29<25:25,  1.46it/s]
qwen2.5-vl/pope/ricd/aokvqa/adversarial/seed1:  26%|██▌       | 775/3000 [08:30<25:37,  1.45it/s]
qwen2.5-vl/pope/ricd/aokvqa/adversarial/seed1:  26%|██▌       | 776/3000 [08:31<25:48,  1.44it/s]
qwen2.5-vl/pope/ricd/aokvqa/adversarial/seed1:  26%|██▌       | 777/3000 [08:31<25:48,  1.44it/s]
qwen2.5-vl/pope/ricd/aokvqa/adversarial/seed1:  26%|██▌       | 778/3000 [08:32<25:50,  1.43it/s]
qwen2.5-vl/pope/ricd/aokvqa/adversarial/seed1:  26%|██▌       | 779/3000 [08:33<25:52,  1.43it/s]
qwen2.5-vl/pope/ricd/aokvqa/adversarial/seed1:  26%|██▌       | 780/3000 [08:33<25:50,  1.43it/s]
qwen2.5-vl/pope/ricd/aokvqa/adversarial/seed1:  26%|██▌       | 781/3000 [08:34<24:50,  1.49it/s]
qwen2.5-vl/pope/ricd/aokvqa/adversarial/seed1:  26%|██▌       | 782/3000 [08:35<24:09,  1.53it/s]
qwen2.5-vl/pope/ricd/aokvqa/adversarial/seed1:  26%|██▌       | 783/3000 [08:35<23:36,  1.57it/s]
qwen2.5-vl/pope/ricd/aokvqa/adversarial/seed1:  26%|██▌       | 784/3000 [08:36<23:15,  1.59it/s]
qwen2.5-vl/pope/ricd/aokvqa/adversarial/seed1:  26%|██▌       | 785/3000 [08:37<23:01,  1.60it/s]
qwen2.5-vl/pope/ricd/aokvqa/adversarial/seed1:  26%|██▌       | 786/3000 [08:37<22:51,  1.61it/s]
qwen2.5-vl/pope/ricd/aokvqa/adversarial/seed1:  26%|██▌       | 787/3000 [08:38<23:39,  1.56it/s]
qwen2.5-vl/pope/ricd/aokvqa/adversarial/seed1:  26%|██▋       | 788/3000 [08:39<24:16,  1.52it/s]
qwen2.5-vl/pope/ricd/aokvqa/adversarial/seed1:  26%|██▋       | 789/3000 [08:39<24:43,  1.49it/s]
qwen2.5-vl/pope/ricd/aokvqa/adversarial/seed1:  26%|██▋       | 790/3000 [08:40<25:05,  1.47it/s]
qwen2.5-vl/pope/ricd/aokvqa/adversarial/seed1:  26%|██▋       | 791/3000 [08:41<25:16,  1.46it/s]
qwen2.5-vl/pope/ricd/aokvqa/adversarial/seed1:  26%|██▋       | 792/3000 [08:41<25:19,  1.45it/s]
qwen2.5-vl/pope/ricd/aokvqa/adversarial/seed1:  26%|██▋       | 793/3000 [08:42<24:29,  1.50it/s]
qwen2.5-vl/pope/ricd/aokvqa/adversarial/seed1:  26%|██▋       | 794/3000 [08:43<23:47,  1.54it/s]
qwen2.5-vl/pope/ricd/aokvqa/adversarial/seed1:  26%|██▋       | 795/3000 [08:43<23:21,  1.57it/s]
qwen2.5-vl/pope/ricd/aokvqa/adversarial/seed1:  27%|██▋       | 796/3000 [08:44<23:03,  1.59it/s]
qwen2.5-vl/pope/ricd/aokvqa/adversarial/seed1:  27%|██▋       | 797/3000 [08:44<22:57,  1.60it/s]
qwen2.5-vl/pope/ricd/aokvqa/adversarial/seed1:  27%|██▋       | 798/3000 [08:45<22:52,  1.60it/s]
qwen2.5-vl/pope/ricd/aokvqa/adversarial/seed1:  27%|██▋       | 799/3000 [08:46<23:25,  1.57it/s]
qwen2.5-vl/pope/ricd/aokvqa/adversarial/seed1:  27%|██▋       | 800/3000 [08:46<23:47,  1.54it/s]
qwen2.5-vl/pope/ricd/aokvqa/adversarial/seed1:  27%|██▋       | 801/3000 [08:47<24:03,  1.52it/s]
qwen2.5-vl/pope/ricd/aokvqa/adversarial/seed1:  27%|██▋       | 802/3000 [08:48<24:12,  1.51it/s]
qwen2.5-vl/pope/ricd/aokvqa/adversarial/seed1:  27%|██▋       | 803/3000 [08:48<24:19,  1.50it/s]
qwen2.5-vl/pope/ricd/aokvqa/adversarial/seed1:  27%|██▋       | 804/3000 [08:49<24:28,  1.49it/s]
qwen2.5-vl/pope/ricd/aokvqa/adversarial/seed1:  27%|██▋       | 805/3000 [08:50<24:55,  1.47it/s]
qwen2.5-vl/pope/ricd/aokvqa/adversarial/seed1:  27%|██▋       | 806/3000 [08:50<25:15,  1.45it/s]
qwen2.5-vl/pope/ricd/aokvqa/adversarial/seed1:  27%|██▋       | 807/3000 [08:51<25:28,  1.44it/s]
qwen2.5-vl/pope/ricd/aokvqa/adversarial/seed1:  27%|██▋       | 808/3000 [08:52<25:35,  1.43it/s]
qwen2.5-vl/pope/ricd/aokvqa/adversarial/seed1:  27%|██▋       | 809/3000 [08:53<25:39,  1.42it/s]
qwen2.5-vl/pope/ricd/aokvqa/adversarial/seed1:  27%|██▋       | 810/3000 [08:53<25:40,  1.42it/s]
qwen2.5-vl/pope/ricd/aokvqa/adversarial/seed1:  27%|██▋       | 811/3000 [08:54<25:53,  1.41it/s]
qwen2.5-vl/pope/ricd/aokvqa/adversarial/seed1:  27%|██▋       | 812/3000 [08:55<26:01,  1.40it/s]
qwen2.5-vl/pope/ricd/aokvqa/adversarial/seed1:  27%|██▋       | 813/3000 [08:55<26:07,  1.40it/s]
qwen2.5-vl/pope/ricd/aokvqa/adversarial/seed1:  27%|██▋       | 814/3000 [08:56<26:10,  1.39it/s]
qwen2.5-vl/pope/ricd/aokvqa/adversarial/seed1:  27%|██▋       | 815/3000 [08:57<26:13,  1.39it/s]
qwen2.5-vl/pope/ricd/aokvqa/adversarial/seed1:  27%|██▋       | 816/3000 [08:58<26:14,  1.39it/s]
qwen2.5-vl/pope/ricd/aokvqa/adversarial/seed1:  27%|██▋       | 817/3000 [08:59<28:02,  1.30it/s]
qwen2.5-vl/pope/ricd/aokvqa/adversarial/seed1:  27%|██▋       | 818/3000 [08:59<29:16,  1.24it/s]
qwen2.5-vl/pope/ricd/aokvqa/adversarial/seed1:  27%|██▋       | 819/3000 [09:00<30:05,  1.21it/s]
qwen2.5-vl/pope/ricd/aokvqa/adversarial/seed1:  27%|██▋       | 820/3000 [09:01<30:43,  1.18it/s]
qwen2.5-vl/pope/ricd/aokvqa/adversarial/seed1:  27%|██▋       | 821/3000 [09:02<31:05,  1.17it/s]
qwen2.5-vl/pope/ricd/aokvqa/adversarial/seed1:  27%|██▋       | 822/3000 [09:03<31:24,  1.16it/s]
qwen2.5-vl/pope/ricd/aokvqa/adversarial/seed1:  27%|██▋       | 823/3000 [09:04<30:02,  1.21it/s]
qwen2.5-vl/pope/ricd/aokvqa/adversarial/seed1:  27%|██▋       | 824/3000 [09:04<29:08,  1.24it/s]
qwen2.5-vl/pope/ricd/aokvqa/adversarial/seed1:  28%|██▊       | 825/3000 [09:05<28:31,  1.27it/s]
qwen2.5-vl/pope/ricd/aokvqa/adversarial/seed1:  28%|██▊       | 826/3000 [09:06<27:59,  1.29it/s]
qwen2.5-vl/pope/ricd/aokvqa/adversarial/seed1:  28%|██▊       | 827/3000 [09:07<27:36,  1.31it/s]
qwen2.5-vl/pope/ricd/aokvqa/adversarial/seed1:  28%|██▊       | 828/3000 [09:07<27:23,  1.32it/s]
qwen2.5-vl/pope/ricd/aokvqa/adversarial/seed1:  28%|██▊       | 829/3000 [09:08<27:00,  1.34it/s]
qwen2.5-vl/pope/ricd/aokvqa/adversarial/seed1:  28%|██▊       | 830/3000 [09:09<26:43,  1.35it/s]
qwen2.5-vl/pope/ricd/aokvqa/adversarial/seed1:  28%|██▊       | 831/3000 [09:10<26:31,  1.36it/s]
qwen2.5-vl/pope/ricd/aokvqa/adversarial/seed1:  28%|██▊       | 832/3000 [09:10<26:22,  1.37it/s]
qwen2.5-vl/pope/ricd/aokvqa/adversarial/seed1:  28%|██▊       | 833/3000 [09:11<26:16,  1.37it/s]
qwen2.5-vl/pope/ricd/aokvqa/adversarial/seed1:  28%|██▊       | 834/3000 [09:12<26:11,  1.38it/s]
qwen2.5-vl/pope/ricd/aokvqa/adversarial/seed1:  28%|██▊       | 835/3000 [09:12<25:29,  1.42it/s]
qwen2.5-vl/pope/ricd/aokvqa/adversarial/seed1:  28%|██▊       | 836/3000 [09:13<25:00,  1.44it/s]
qwen2.5-vl/pope/ricd/aokvqa/adversarial/seed1:  28%|██▊       | 837/3000 [09:14<24:39,  1.46it/s]
qwen2.5-vl/pope/ricd/aokvqa/adversarial/seed1:  28%|██▊       | 838/3000 [09:14<24:26,  1.47it/s]
qwen2.5-vl/pope/ricd/aokvqa/adversarial/seed1:  28%|██▊       | 839/3000 [09:15<24:14,  1.49it/s]
qwen2.5-vl/pope/ricd/aokvqa/adversarial/seed1:  28%|██▊       | 840/3000 [09:16<24:06,  1.49it/s]
qwen2.5-vl/pope/ricd/aokvqa/adversarial/seed1:  28%|██▊       | 841/3000 [09:16<24:17,  1.48it/s]
qwen2.5-vl/pope/ricd/aokvqa/adversarial/seed1:  28%|██▊       | 842/3000 [09:17<24:24,  1.47it/s]
qwen2.5-vl/pope/ricd/aokvqa/adversarial/seed1:  28%|██▊       | 843/3000 [09:18<24:34,  1.46it/s]
qwen2.5-vl/pope/ricd/aokvqa/adversarial/seed1:  28%|██▊       | 844/3000 [09:18<24:38,  1.46it/s]
qwen2.5-vl/pope/ricd/aokvqa/adversarial/seed1:  28%|██▊       | 845/3000 [09:19<24:38,  1.46it/s]
qwen2.5-vl/pope/ricd/aokvqa/adversarial/seed1:  28%|██▊       | 846/3000 [09:20<24:38,  1.46it/s]
qwen2.5-vl/pope/ricd/aokvqa/adversarial/seed1:  28%|██▊       | 847/3000 [09:20<21:19,  1.68it/s]
qwen2.5-vl/pope/ricd/aokvqa/adversarial/seed1:  28%|██▊       | 848/3000 [09:21<19:00,  1.89it/s]
qwen2.5-vl/pope/ricd/aokvqa/adversarial/seed1:  28%|██▊       | 849/3000 [09:21<17:22,  2.06it/s]
qwen2.5-vl/pope/ricd/aokvqa/adversarial/seed1:  28%|██▊       | 850/3000 [09:21<16:13,  2.21it/s]
qwen2.5-vl/pope/ricd/aokvqa/adversarial/seed1:  28%|██▊       | 851/3000 [09:22<15:25,  2.32it/s]
qwen2.5-vl/pope/ricd/aokvqa/adversarial/seed1:  28%|██▊       | 852/3000 [09:22<14:52,  2.41it/s]
qwen2.5-vl/pope/ricd/aokvqa/adversarial/seed1:  28%|██▊       | 853/3000 [09:23<18:10,  1.97it/s]
qwen2.5-vl/pope/ricd/aokvqa/adversarial/seed1:  28%|██▊       | 854/3000 [09:24<20:27,  1.75it/s]
qwen2.5-vl/pope/ricd/aokvqa/adversarial/seed1:  28%|██▊       | 855/3000 [09:24<22:04,  1.62it/s]
qwen2.5-vl/pope/ricd/aokvqa/adversarial/seed1:  29%|██▊       | 856/3000 [09:25<23:13,  1.54it/s]
qwen2.5-vl/pope/ricd/aokvqa/adversarial/seed1:  29%|██▊       | 857/3000 [09:26<23:59,  1.49it/s]
qwen2.5-vl/pope/ricd/aokvqa/adversarial/seed1:  29%|██▊       | 858/3000 [09:26<24:30,  1.46it/s]
qwen2.5-vl/pope/ricd/aokvqa/adversarial/seed1:  29%|██▊       | 859/3000 [09:27<23:37,  1.51it/s]
qwen2.5-vl/pope/ricd/aokvqa/adversarial/seed1:  29%|██▊       | 860/3000 [09:28<22:59,  1.55it/s]
qwen2.5-vl/pope/ricd/aokvqa/adversarial/seed1:  29%|██▊       | 861/3000 [09:28<22:31,  1.58it/s]
qwen2.5-vl/pope/ricd/aokvqa/adversarial/seed1:  29%|██▊       | 862/3000 [09:29<22:12,  1.60it/s]
qwen2.5-vl/pope/ricd/aokvqa/adversarial/seed1:  29%|██▉       | 863/3000 [09:29<22:01,  1.62it/s]
qwen2.5-vl/pope/ricd/aokvqa/adversarial/seed1:  29%|██▉       | 864/3000 [09:30<21:51,  1.63it/s]
qwen2.5-vl/pope/ricd/aokvqa/adversarial/seed1:  29%|██▉       | 865/3000 [09:31<21:17,  1.67it/s]
qwen2.5-vl/pope/ricd/aokvqa/adversarial/seed1:  29%|██▉       | 866/3000 [09:31<20:56,  1.70it/s]
qwen2.5-vl/pope/ricd/aokvqa/adversarial/seed1:  29%|██▉       | 867/3000 [09:32<20:38,  1.72it/s]
qwen2.5-vl/pope/ricd/aokvqa/adversarial/seed1:  29%|██▉       | 868/3000 [09:32<20:26,  1.74it/s]
qwen2.5-vl/pope/ricd/aokvqa/adversarial/seed1:  29%|██▉       | 869/3000 [09:33<20:19,  1.75it/s]
qwen2.5-vl/pope/ricd/aokvqa/adversarial/seed1:  29%|██▉       | 870/3000 [09:33<20:12,  1.76it/s]
qwen2.5-vl/pope/ricd/aokvqa/adversarial/seed1:  29%|██▉       | 871/3000 [09:34<21:49,  1.63it/s]
qwen2.5-vl/pope/ricd/aokvqa/adversarial/seed1:  29%|██▉       | 872/3000 [09:35<22:56,  1.55it/s]
qwen2.5-vl/pope/ricd/aokvqa/adversarial/seed1:  29%|██▉       | 873/3000 [09:36<23:43,  1.49it/s]
qwen2.5-vl/pope/ricd/aokvqa/adversarial/seed1:  29%|██▉       | 874/3000 [09:36<24:16,  1.46it/s]
qwen2.5-vl/pope/ricd/aokvqa/adversarial/seed1:  29%|██▉       | 875/3000 [09:37<24:42,  1.43it/s]
qwen2.5-vl/pope/ricd/aokvqa/adversarial/seed1:  29%|██▉       | 876/3000 [09:38<24:57,  1.42it/s]
qwen2.5-vl/pope/ricd/aokvqa/adversarial/seed1:  29%|██▉       | 877/3000 [09:38<23:23,  1.51it/s]
qwen2.5-vl/pope/ricd/aokvqa/adversarial/seed1:  29%|██▉       | 878/3000 [09:39<22:17,  1.59it/s]
qwen2.5-vl/pope/ricd/aokvqa/adversarial/seed1:  29%|██▉       | 879/3000 [09:39<21:31,  1.64it/s]
qwen2.5-vl/pope/ricd/aokvqa/adversarial/seed1:  29%|██▉       | 880/3000 [09:40<20:59,  1.68it/s]
qwen2.5-vl/pope/ricd/aokvqa/adversarial/seed1:  29%|██▉       | 881/3000 [09:41<20:37,  1.71it/s]
qwen2.5-vl/pope/ricd/aokvqa/adversarial/seed1:  29%|██▉       | 882/3000 [09:41<20:21,  1.73it/s]
qwen2.5-vl/pope/ricd/aokvqa/adversarial/seed1:  29%|██▉       | 883/3000 [09:42<20:37,  1.71it/s]
qwen2.5-vl/pope/ricd/aokvqa/adversarial/seed1:  29%|██▉       | 884/3000 [09:42<20:50,  1.69it/s]
qwen2.5-vl/pope/ricd/aokvqa/adversarial/seed1:  30%|██▉       | 885/3000 [09:43<20:57,  1.68it/s]
qwen2.5-vl/pope/ricd/aokvqa/adversarial/seed1:  30%|██▉       | 886/3000 [09:44<21:02,  1.67it/s]
qwen2.5-vl/pope/ricd/aokvqa/adversarial/seed1:  30%|██▉       | 887/3000 [09:44<21:14,  1.66it/s]
qwen2.5-vl/pope/ricd/aokvqa/adversarial/seed1:  30%|██▉       | 888/3000 [09:45<21:18,  1.65it/s]
qwen2.5-vl/pope/ricd/aokvqa/adversarial/seed1:  30%|██▉       | 889/3000 [09:46<22:36,  1.56it/s]
qwen2.5-vl/pope/ricd/aokvqa/adversarial/seed1:  30%|██▉       | 890/3000 [09:46<23:29,  1.50it/s]
qwen2.5-vl/pope/ricd/aokvqa/adversarial/seed1:  30%|██▉       | 891/3000 [09:47<24:06,  1.46it/s]
qwen2.5-vl/pope/ricd/aokvqa/adversarial/seed1:  30%|██▉       | 892/3000 [09:48<24:29,  1.43it/s]
qwen2.5-vl/pope/ricd/aokvqa/adversarial/seed1:  30%|██▉       | 893/3000 [09:48<24:45,  1.42it/s]
qwen2.5-vl/pope/ricd/aokvqa/adversarial/seed1:  30%|██▉       | 894/3000 [09:49<25:00,  1.40it/s]
qwen2.5-vl/pope/ricd/aokvqa/adversarial/seed1:  30%|██▉       | 895/3000 [09:50<24:43,  1.42it/s]
qwen2.5-vl/pope/ricd/aokvqa/adversarial/seed1:  30%|██▉       | 896/3000 [09:51<24:31,  1.43it/s]
qwen2.5-vl/pope/ricd/aokvqa/adversarial/seed1:  30%|██▉       | 897/3000 [09:51<24:23,  1.44it/s]
qwen2.5-vl/pope/ricd/aokvqa/adversarial/seed1:  30%|██▉       | 898/3000 [09:52<24:16,  1.44it/s]
qwen2.5-vl/pope/ricd/aokvqa/adversarial/seed1:  30%|██▉       | 899/3000 [09:53<24:12,  1.45it/s]
qwen2.5-vl/pope/ricd/aokvqa/adversarial/seed1:  30%|███       | 900/3000 [09:53<24:10,  1.45it/s]
qwen2.5-vl/pope/ricd/aokvqa/adversarial/seed1:  30%|███       | 901/3000 [09:54<23:14,  1.51it/s]
qwen2.5-vl/pope/ricd/aokvqa/adversarial/seed1:  30%|███       | 902/3000 [09:54<22:35,  1.55it/s]
qwen2.5-vl/pope/ricd/aokvqa/adversarial/seed1:  30%|███       | 903/3000 [09:55<22:07,  1.58it/s]
qwen2.5-vl/pope/ricd/aokvqa/adversarial/seed1:  30%|███       | 904/3000 [09:56<21:48,  1.60it/s]
qwen2.5-vl/pope/ricd/aokvqa/adversarial/seed1:  30%|███       | 905/3000 [09:56<21:34,  1.62it/s]
qwen2.5-vl/pope/ricd/aokvqa/adversarial/seed1:  30%|███       | 906/3000 [09:57<21:25,  1.63it/s]
qwen2.5-vl/pope/ricd/aokvqa/adversarial/seed1:  30%|███       | 907/3000 [09:58<22:34,  1.54it/s]
qwen2.5-vl/pope/ricd/aokvqa/adversarial/seed1:  30%|███       | 908/3000 [09:58<23:24,  1.49it/s]
qwen2.5-vl/pope/ricd/aokvqa/adversarial/seed1:  30%|███       | 909/3000 [09:59<24:05,  1.45it/s]
qwen2.5-vl/pope/ricd/aokvqa/adversarial/seed1:  30%|███       | 910/3000 [10:00<24:28,  1.42it/s]
qwen2.5-vl/pope/ricd/aokvqa/adversarial/seed1:  30%|███       | 911/3000 [10:01<24:47,  1.40it/s]
qwen2.5-vl/pope/ricd/aokvqa/adversarial/seed1:  30%|███       | 912/3000 [10:01<24:54,  1.40it/s]
qwen2.5-vl/pope/ricd/aokvqa/adversarial/seed1:  30%|███       | 913/3000 [10:02<24:43,  1.41it/s]
qwen2.5-vl/pope/ricd/aokvqa/adversarial/seed1:  30%|███       | 914/3000 [10:03<24:39,  1.41it/s]
qwen2.5-vl/pope/ricd/aokvqa/adversarial/seed1:  30%|███       | 915/3000 [10:03<24:38,  1.41it/s]
qwen2.5-vl/pope/ricd/aokvqa/adversarial/seed1:  31%|███       | 916/3000 [10:04<24:34,  1.41it/s]
qwen2.5-vl/pope/ricd/aokvqa/adversarial/seed1:  31%|███       | 917/3000 [10:05<24:27,  1.42it/s]
qwen2.5-vl/pope/ricd/aokvqa/adversarial/seed1:  31%|███       | 918/3000 [10:05<24:24,  1.42it/s]
qwen2.5-vl/pope/ricd/aokvqa/adversarial/seed1:  31%|███       | 919/3000 [10:06<24:01,  1.44it/s]
qwen2.5-vl/pope/ricd/aokvqa/adversarial/seed1:  31%|███       | 920/3000 [10:07<23:45,  1.46it/s]
qwen2.5-vl/pope/ricd/aokvqa/adversarial/seed1:  31%|███       | 921/3000 [10:08<23:32,  1.47it/s]
qwen2.5-vl/pope/ricd/aokvqa/adversarial/seed1:  31%|███       | 922/3000 [10:08<23:25,  1.48it/s]
qwen2.5-vl/pope/ricd/aokvqa/adversarial/seed1:  31%|███       | 923/3000 [10:09<23:17,  1.49it/s]
qwen2.5-vl/pope/ricd/aokvqa/adversarial/seed1:  31%|███       | 924/3000 [10:09<23:11,  1.49it/s]
qwen2.5-vl/pope/ricd/aokvqa/adversarial/seed1:  31%|███       | 925/3000 [10:10<22:33,  1.53it/s]
qwen2.5-vl/pope/ricd/aokvqa/adversarial/seed1:  31%|███       | 926/3000 [10:11<22:06,  1.56it/s]
qwen2.5-vl/pope/ricd/aokvqa/adversarial/seed1:  31%|███       | 927/3000 [10:11<21:46,  1.59it/s]
qwen2.5-vl/pope/ricd/aokvqa/adversarial/seed1:  31%|███       | 928/3000 [10:12<21:32,  1.60it/s]
qwen2.5-vl/pope/ricd/aokvqa/adversarial/seed1:  31%|███       | 929/3000 [10:13<21:22,  1.62it/s]
qwen2.5-vl/pope/ricd/aokvqa/adversarial/seed1:  31%|███       | 930/3000 [10:13<21:15,  1.62it/s]
qwen2.5-vl/pope/ricd/aokvqa/adversarial/seed1:  31%|███       | 931/3000 [10:14<22:25,  1.54it/s]
qwen2.5-vl/pope/ricd/aokvqa/adversarial/seed1:  31%|███       | 932/3000 [10:15<23:12,  1.48it/s]
qwen2.5-vl/pope/ricd/aokvqa/adversarial/seed1:  31%|███       | 933/3000 [10:15<23:47,  1.45it/s]
qwen2.5-vl/pope/ricd/aokvqa/adversarial/seed1:  31%|███       | 934/3000 [10:16<24:13,  1.42it/s]
qwen2.5-vl/pope/ricd/aokvqa/adversarial/seed1:  31%|███       | 935/3000 [10:17<24:26,  1.41it/s]
qwen2.5-vl/pope/ricd/aokvqa/adversarial/seed1:  31%|███       | 936/3000 [10:18<24:33,  1.40it/s]
qwen2.5-vl/pope/ricd/aokvqa/adversarial/seed1:  31%|███       | 937/3000 [10:18<24:38,  1.40it/s]
qwen2.5-vl/pope/ricd/aokvqa/adversarial/seed1:  31%|███▏      | 938/3000 [10:19<24:41,  1.39it/s]
qwen2.5-vl/pope/ricd/aokvqa/adversarial/seed1:  31%|███▏      | 939/3000 [10:20<24:47,  1.39it/s]
qwen2.5-vl/pope/ricd/aokvqa/adversarial/seed1:  31%|███▏      | 940/3000 [10:20<24:47,  1.39it/s]
qwen2.5-vl/pope/ricd/aokvqa/adversarial/seed1:  31%|███▏      | 941/3000 [10:21<24:48,  1.38it/s]
qwen2.5-vl/pope/ricd/aokvqa/adversarial/seed1:  31%|███▏      | 942/3000 [10:22<24:51,  1.38it/s]
qwen2.5-vl/pope/ricd/aokvqa/adversarial/seed1:  31%|███▏      | 943/3000 [10:23<26:35,  1.29it/s]
qwen2.5-vl/pope/ricd/aokvqa/adversarial/seed1:  31%|███▏      | 944/3000 [10:24<28:03,  1.22it/s]
qwen2.5-vl/pope/ricd/aokvqa/adversarial/seed1:  32%|███▏      | 945/3000 [10:25<29:02,  1.18it/s]
qwen2.5-vl/pope/ricd/aokvqa/adversarial/seed1:  32%|███▏      | 946/3000 [10:25<29:27,  1.16it/s]
qwen2.5-vl/pope/ricd/aokvqa/adversarial/seed1:  32%|███▏      | 947/3000 [10:26<29:45,  1.15it/s]
qwen2.5-vl/pope/ricd/aokvqa/adversarial/seed1:  32%|███▏      | 948/3000 [10:27<29:56,  1.14it/s]
qwen2.5-vl/pope/ricd/aokvqa/adversarial/seed1:  32%|███▏      | 949/3000 [10:28<26:47,  1.28it/s]
qwen2.5-vl/pope/ricd/aokvqa/adversarial/seed1:  32%|███▏      | 950/3000 [10:28<24:30,  1.39it/s]
qwen2.5-vl/pope/ricd/aokvqa/adversarial/seed1:  32%|███▏      | 951/3000 [10:29<22:52,  1.49it/s]
qwen2.5-vl/pope/ricd/aokvqa/adversarial/seed1:  32%|███▏      | 952/3000 [10:30<21:46,  1.57it/s]
qwen2.5-vl/pope/ricd/aokvqa/adversarial/seed1:  32%|███▏      | 953/3000 [10:30<20:58,  1.63it/s]
qwen2.5-vl/pope/ricd/aokvqa/adversarial/seed1:  32%|███▏      | 954/3000 [10:31<20:24,  1.67it/s]
qwen2.5-vl/pope/ricd/aokvqa/adversarial/seed1:  32%|███▏      | 955/3000 [10:31<20:13,  1.69it/s]
qwen2.5-vl/pope/ricd/aokvqa/adversarial/seed1:  32%|███▏      | 956/3000 [10:32<20:02,  1.70it/s]
qwen2.5-vl/pope/ricd/aokvqa/adversarial/seed1:  32%|███▏      | 957/3000 [10:32<19:53,  1.71it/s]
qwen2.5-vl/pope/ricd/aokvqa/adversarial/seed1:  32%|███▏      | 958/3000 [10:33<19:49,  1.72it/s]
qwen2.5-vl/pope/ricd/aokvqa/adversarial/seed1:  32%|███▏      | 959/3000 [10:34<19:44,  1.72it/s]
qwen2.5-vl/pope/ricd/aokvqa/adversarial/seed1:  32%|███▏      | 960/3000 [10:34<19:40,  1.73it/s]
qwen2.5-vl/pope/ricd/aokvqa/adversarial/seed1:  32%|███▏      | 961/3000 [10:35<20:00,  1.70it/s]
qwen2.5-vl/pope/ricd/aokvqa/adversarial/seed1:  32%|███▏      | 962/3000 [10:35<20:11,  1.68it/s]
qwen2.5-vl/pope/ricd/aokvqa/adversarial/seed1:  32%|███▏      | 963/3000 [10:36<20:19,  1.67it/s]
qwen2.5-vl/pope/ricd/aokvqa/adversarial/seed1:  32%|███▏      | 964/3000 [10:37<20:29,  1.66it/s]
qwen2.5-vl/pope/ricd/aokvqa/adversarial/seed1:  32%|███▏      | 965/3000 [10:37<20:35,  1.65it/s]
qwen2.5-vl/pope/ricd/aokvqa/adversarial/seed1:  32%|███▏      | 966/3000 [10:38<20:35,  1.65it/s]
qwen2.5-vl/pope/ricd/aokvqa/adversarial/seed1:  32%|███▏      | 967/3000 [10:38<20:37,  1.64it/s]
qwen2.5-vl/pope/ricd/aokvqa/adversarial/seed1:  32%|███▏      | 968/3000 [10:39<20:35,  1.64it/s]
qwen2.5-vl/pope/ricd/aokvqa/adversarial/seed1:  32%|███▏      | 969/3000 [10:40<20:36,  1.64it/s]
qwen2.5-vl/pope/ricd/aokvqa/adversarial/seed1:  32%|███▏      | 970/3000 [10:40<20:35,  1.64it/s]
qwen2.5-vl/pope/ricd/aokvqa/adversarial/seed1:  32%|███▏      | 971/3000 [10:41<20:35,  1.64it/s]
qwen2.5-vl/pope/ricd/aokvqa/adversarial/seed1:  32%|███▏      | 972/3000 [10:41<20:32,  1.65it/s]
qwen2.5-vl/pope/ricd/aokvqa/adversarial/seed1:  32%|███▏      | 973/3000 [10:42<21:40,  1.56it/s]
qwen2.5-vl/pope/ricd/aokvqa/adversarial/seed1:  32%|███▏      | 974/3000 [10:43<22:28,  1.50it/s]
qwen2.5-vl/pope/ricd/aokvqa/adversarial/seed1:  32%|███▎      | 975/3000 [10:44<23:20,  1.45it/s]
qwen2.5-vl/pope/ricd/aokvqa/adversarial/seed1:  33%|███▎      | 976/3000 [10:44<23:37,  1.43it/s]
qwen2.5-vl/pope/ricd/aokvqa/adversarial/seed1:  33%|███▎      | 977/3000 [10:45<23:49,  1.41it/s]
qwen2.5-vl/pope/ricd/aokvqa/adversarial/seed1:  33%|███▎      | 978/3000 [10:46<23:59,  1.40it/s]
qwen2.5-vl/pope/ricd/aokvqa/adversarial/seed1:  33%|███▎      | 979/3000 [10:47<24:04,  1.40it/s]
qwen2.5-vl/pope/ricd/aokvqa/adversarial/seed1:  33%|███▎      | 980/3000 [10:47<24:08,  1.40it/s]
qwen2.5-vl/pope/ricd/aokvqa/adversarial/seed1:  33%|███▎      | 981/3000 [10:48<24:11,  1.39it/s]
qwen2.5-vl/pope/ricd/aokvqa/adversarial/seed1:  33%|███▎      | 982/3000 [10:49<24:11,  1.39it/s]
qwen2.5-vl/pope/ricd/aokvqa/adversarial/seed1:  33%|███▎      | 983/3000 [10:49<24:12,  1.39it/s]
qwen2.5-vl/pope/ricd/aokvqa/adversarial/seed1:  33%|███▎      | 984/3000 [10:50<24:12,  1.39it/s]
qwen2.5-vl/pope/ricd/aokvqa/adversarial/seed1:  33%|███▎      | 985/3000 [10:51<24:42,  1.36it/s]
qwen2.5-vl/pope/ricd/aokvqa/adversarial/seed1:  33%|███▎      | 986/3000 [10:52<25:03,  1.34it/s]
qwen2.5-vl/pope/ricd/aokvqa/adversarial/seed1:  33%|███▎      | 987/3000 [10:52<25:17,  1.33it/s]
qwen2.5-vl/pope/ricd/aokvqa/adversarial/seed1:  33%|███▎      | 988/3000 [10:53<25:27,  1.32it/s]
qwen2.5-vl/pope/ricd/aokvqa/adversarial/seed1:  33%|███▎      | 989/3000 [10:54<25:40,  1.31it/s]
qwen2.5-vl/pope/ricd/aokvqa/adversarial/seed1:  33%|███▎      | 990/3000 [10:55<25:42,  1.30it/s]
qwen2.5-vl/pope/ricd/aokvqa/adversarial/seed1:  33%|███▎      | 991/3000 [10:55<25:05,  1.33it/s]
qwen2.5-vl/pope/ricd/aokvqa/adversarial/seed1:  33%|███▎      | 992/3000 [10:56<24:41,  1.36it/s]
qwen2.5-vl/pope/ricd/aokvqa/adversarial/seed1:  33%|███▎      | 993/3000 [10:57<24:23,  1.37it/s]
qwen2.5-vl/pope/ricd/aokvqa/adversarial/seed1:  33%|███▎      | 994/3000 [10:58<24:09,  1.38it/s]
qwen2.5-vl/pope/ricd/aokvqa/adversarial/seed1:  33%|███▎      | 995/3000 [10:58<23:59,  1.39it/s]
qwen2.5-vl/pope/ricd/aokvqa/adversarial/seed1:  33%|███▎      | 996/3000 [10:59<23:52,  1.40it/s]
qwen2.5-vl/pope/ricd/aokvqa/adversarial/seed1:  33%|███▎      | 997/3000 [11:00<22:45,  1.47it/s]
qwen2.5-vl/pope/ricd/aokvqa/adversarial/seed1:  33%|███▎      | 998/3000 [11:00<21:57,  1.52it/s]
qwen2.5-vl/pope/ricd/aokvqa/adversarial/seed1:  33%|███▎      | 999/3000 [11:01<21:24,  1.56it/s]
qwen2.5-vl/pope/ricd/aokvqa/adversarial/seed1:  33%|███▎      | 1000/3000 [11:01<21:01,  1.59it/s]
qwen2.5-vl/pope/ricd/aokvqa/adversarial/seed1:  33%|███▎      | 1001/3000 [11:02<20:43,  1.61it/s]
qwen2.5-vl/pope/ricd/aokvqa/adversarial/seed1:  33%|███▎      | 1002/3000 [11:03<20:31,  1.62it/s]
qwen2.5-vl/pope/ricd/aokvqa/adversarial/seed1:  33%|███▎      | 1003/3000 [11:03<20:23,  1.63it/s]
qwen2.5-vl/pope/ricd/aokvqa/adversarial/seed1:  33%|███▎      | 1004/3000 [11:04<20:16,  1.64it/s]
qwen2.5-vl/pope/ricd/aokvqa/adversarial/seed1:  34%|███▎      | 1005/3000 [11:04<20:12,  1.65it/s]
qwen2.5-vl/pope/ricd/aokvqa/adversarial/seed1:  34%|███▎      | 1006/3000 [11:05<20:08,  1.65it/s]
qwen2.5-vl/pope/ricd/aokvqa/adversarial/seed1:  34%|███▎      | 1007/3000 [11:06<20:06,  1.65it/s]
qwen2.5-vl/pope/ricd/aokvqa/adversarial/seed1:  34%|███▎      | 1008/3000 [11:06<20:06,  1.65it/s]
qwen2.5-vl/pope/ricd/aokvqa/adversarial/seed1:  34%|███▎      | 1009/3000 [11:07<21:55,  1.51it/s]
qwen2.5-vl/pope/ricd/aokvqa/adversarial/seed1:  34%|███▎      | 1010/3000 [11:08<23:18,  1.42it/s]
qwen2.5-vl/pope/ricd/aokvqa/adversarial/seed1:  34%|███▎      | 1011/3000 [11:09<24:18,  1.36it/s]
qwen2.5-vl/pope/ricd/aokvqa/adversarial/seed1:  34%|███▎      | 1012/3000 [11:09<24:50,  1.33it/s]
qwen2.5-vl/pope/ricd/aokvqa/adversarial/seed1:  34%|███▍      | 1013/3000 [11:10<25:03,  1.32it/s]
qwen2.5-vl/pope/ricd/aokvqa/adversarial/seed1:  34%|███▍      | 1014/3000 [11:11<25:11,  1.31it/s]
qwen2.5-vl/pope/ricd/aokvqa/adversarial/seed1:  34%|███▍      | 1015/3000 [11:11<21:17,  1.55it/s]
qwen2.5-vl/pope/ricd/aokvqa/adversarial/seed1:  34%|███▍      | 1016/3000 [11:12<18:32,  1.78it/s]
qwen2.5-vl/pope/ricd/aokvqa/adversarial/seed1:  34%|███▍      | 1017/3000 [11:12<16:37,  1.99it/s]
qwen2.5-vl/pope/ricd/aokvqa/adversarial/seed1:  34%|███▍      | 1018/3000 [11:12<15:16,  2.16it/s]
qwen2.5-vl/pope/ricd/aokvqa/adversarial/seed1:  34%|███▍      | 1019/3000 [11:13<14:19,  2.30it/s]
qwen2.5-vl/pope/ricd/aokvqa/adversarial/seed1:  34%|███▍      | 1020/3000 [11:13<13:39,  2.42it/s]
qwen2.5-vl/pope/ricd/aokvqa/adversarial/seed1:  34%|███▍      | 1021/3000 [11:14<15:32,  2.12it/s]
qwen2.5-vl/pope/ricd/aokvqa/adversarial/seed1:  34%|███▍      | 1022/3000 [11:14<16:51,  1.96it/s]
qwen2.5-vl/pope/ricd/aokvqa/adversarial/seed1:  34%|███▍      | 1023/3000 [11:15<17:44,  1.86it/s]
qwen2.5-vl/pope/ricd/aokvqa/adversarial/seed1:  34%|███▍      | 1024/3000 [11:16<18:24,  1.79it/s]
qwen2.5-vl/pope/ricd/aokvqa/adversarial/seed1:  34%|███▍      | 1025/3000 [11:16<18:50,  1.75it/s]
qwen2.5-vl/pope/ricd/aokvqa/adversarial/seed1:  34%|███▍      | 1026/3000 [11:17<19:08,  1.72it/s]
qwen2.5-vl/pope/ricd/aokvqa/adversarial/seed1:  34%|███▍      | 1027/3000 [11:17<19:21,  1.70it/s]
qwen2.5-vl/pope/ricd/aokvqa/adversarial/seed1:  34%|███▍      | 1028/3000 [11:18<19:31,  1.68it/s]
qwen2.5-vl/pope/ricd/aokvqa/adversarial/seed1:  34%|███▍      | 1029/3000 [11:19<19:37,  1.67it/s]
qwen2.5-vl/pope/ricd/aokvqa/adversarial/seed1:  34%|███▍      | 1030/3000 [11:19<19:42,  1.67it/s]
qwen2.5-vl/pope/ricd/aokvqa/adversarial/seed1:  34%|███▍      | 1031/3000 [11:20<19:47,  1.66it/s]
qwen2.5-vl/pope/ricd/aokvqa/adversarial/seed1:  34%|███▍      | 1032/3000 [11:20<19:50,  1.65it/s]
qwen2.5-vl/pope/ricd/aokvqa/adversarial/seed1:  34%|███▍      | 1033/3000 [11:21<19:49,  1.65it/s]
qwen2.5-vl/pope/ricd/aokvqa/adversarial/seed1:  34%|███▍      | 1034/3000 [11:22<19:49,  1.65it/s]
qwen2.5-vl/pope/ricd/aokvqa/adversarial/seed1:  34%|███▍      | 1035/3000 [11:22<19:54,  1.65it/s]
qwen2.5-vl/pope/ricd/aokvqa/adversarial/seed1:  35%|███▍      | 1036/3000 [11:23<19:52,  1.65it/s]
qwen2.5-vl/pope/ricd/aokvqa/adversarial/seed1:  35%|███▍      | 1037/3000 [11:23<19:51,  1.65it/s]
qwen2.5-vl/pope/ricd/aokvqa/adversarial/seed1:  35%|███▍      | 1038/3000 [11:24<19:50,  1.65it/s]
qwen2.5-vl/pope/ricd/aokvqa/adversarial/seed1:  35%|███▍      | 1039/3000 [11:25<20:49,  1.57it/s]
qwen2.5-vl/pope/ricd/aokvqa/adversarial/seed1:  35%|███▍      | 1040/3000 [11:26<21:29,  1.52it/s]
qwen2.5-vl/pope/ricd/aokvqa/adversarial/seed1:  35%|███▍      | 1041/3000 [11:26<21:59,  1.49it/s]
qwen2.5-vl/pope/ricd/aokvqa/adversarial/seed1:  35%|███▍      | 1042/3000 [11:27<22:19,  1.46it/s]
qwen2.5-vl/pope/ricd/aokvqa/adversarial/seed1:  35%|███▍      | 1043/3000 [11:28<22:33,  1.45it/s]
qwen2.5-vl/pope/ricd/aokvqa/adversarial/seed1:  35%|███▍      | 1044/3000 [11:28<22:43,  1.43it/s]
qwen2.5-vl/pope/ricd/aokvqa/adversarial/seed1:  35%|███▍      | 1045/3000 [11:29<22:59,  1.42it/s]
qwen2.5-vl/pope/ricd/aokvqa/adversarial/seed1:  35%|███▍      | 1046/3000 [11:30<23:12,  1.40it/s]
qwen2.5-vl/pope/ricd/aokvqa/adversarial/seed1:  35%|███▍      | 1047/3000 [11:31<23:19,  1.40it/s]
qwen2.5-vl/pope/ricd/aokvqa/adversarial/seed1:  35%|███▍      | 1048/3000 [11:31<23:23,  1.39it/s]
qwen2.5-vl/pope/ricd/aokvqa/adversarial/seed1:  35%|███▍      | 1049/3000 [11:32<23:25,  1.39it/s]
qwen2.5-vl/pope/ricd/aokvqa/adversarial/seed1:  35%|███▌      | 1050/3000 [11:33<23:28,  1.38it/s]
qwen2.5-vl/pope/ricd/aokvqa/adversarial/seed1:  35%|███▌      | 1051/3000 [11:33<20:12,  1.61it/s]
qwen2.5-vl/pope/ricd/aokvqa/adversarial/seed1:  35%|███▌      | 1052/3000 [11:33<17:51,  1.82it/s]
qwen2.5-vl/pope/ricd/aokvqa/adversarial/seed1:  35%|███▌      | 1053/3000 [11:34<16:15,  2.00it/s]
qwen2.5-vl/pope/ricd/aokvqa/adversarial/seed1:  35%|███▌      | 1054/3000 [11:34<15:06,  2.15it/s]
qwen2.5-vl/pope/ricd/aokvqa/adversarial/seed1:  35%|███▌      | 1055/3000 [11:35<14:17,  2.27it/s]
qwen2.5-vl/pope/ricd/aokvqa/adversarial/seed1:  35%|███▌      | 1056/3000 [11:35<13:40,  2.37it/s]
qwen2.5-vl/pope/ricd/aokvqa/adversarial/seed1:  35%|███▌      | 1057/3000 [11:36<17:05,  1.89it/s]
qwen2.5-vl/pope/ricd/aokvqa/adversarial/seed1:  35%|███▌      | 1058/3000 [11:37<19:33,  1.65it/s]
qwen2.5-vl/pope/ricd/aokvqa/adversarial/seed1:  35%|███▌      | 1059/3000 [11:37<21:11,  1.53it/s]
qwen2.5-vl/pope/ricd/aokvqa/adversarial/seed1:  35%|███▌      | 1060/3000 [11:38<22:25,  1.44it/s]
qwen2.5-vl/pope/ricd/aokvqa/adversarial/seed1:  35%|███▌      | 1061/3000 [11:39<23:17,  1.39it/s]
qwen2.5-vl/pope/ricd/aokvqa/adversarial/seed1:  35%|███▌      | 1062/3000 [11:40<23:55,  1.35it/s]
qwen2.5-vl/pope/ricd/aokvqa/adversarial/seed1:  35%|███▌      | 1063/3000 [11:40<20:30,  1.57it/s]
qwen2.5-vl/pope/ricd/aokvqa/adversarial/seed1:  35%|███▌      | 1064/3000 [11:40<18:04,  1.78it/s]
qwen2.5-vl/pope/ricd/aokvqa/adversarial/seed1:  36%|███▌      | 1065/3000 [11:41<16:22,  1.97it/s]
qwen2.5-vl/pope/ricd/aokvqa/adversarial/seed1:  36%|███▌      | 1066/3000 [11:41<15:10,  2.12it/s]
qwen2.5-vl/pope/ricd/aokvqa/adversarial/seed1:  36%|███▌      | 1067/3000 [11:42<14:19,  2.25it/s]
qwen2.5-vl/pope/ricd/aokvqa/adversarial/seed1:  36%|███▌      | 1068/3000 [11:42<13:43,  2.35it/s]
qwen2.5-vl/pope/ricd/aokvqa/adversarial/seed1:  36%|███▌      | 1069/3000 [11:43<15:28,  2.08it/s]
qwen2.5-vl/pope/ricd/aokvqa/adversarial/seed1:  36%|███▌      | 1070/3000 [11:43<16:40,  1.93it/s]
qwen2.5-vl/pope/ricd/aokvqa/adversarial/seed1:  36%|███▌      | 1071/3000 [11:44<17:31,  1.83it/s]
qwen2.5-vl/pope/ricd/aokvqa/adversarial/seed1:  36%|███▌      | 1072/3000 [11:44<18:04,  1.78it/s]
qwen2.5-vl/pope/ricd/aokvqa/adversarial/seed1:  36%|███▌      | 1073/3000 [11:45<18:26,  1.74it/s]
qwen2.5-vl/pope/ricd/aokvqa/adversarial/seed1:  36%|███▌      | 1074/3000 [11:46<18:40,  1.72it/s]
qwen2.5-vl/pope/ricd/aokvqa/adversarial/seed1:  36%|███▌      | 1075/3000 [11:46<19:30,  1.65it/s]
qwen2.5-vl/pope/ricd/aokvqa/adversarial/seed1:  36%|███▌      | 1076/3000 [11:47<20:10,  1.59it/s]
qwen2.5-vl/pope/ricd/aokvqa/adversarial/seed1:  36%|███▌      | 1077/3000 [11:48<20:37,  1.55it/s]
qwen2.5-vl/pope/ricd/aokvqa/adversarial/seed1:  36%|███▌      | 1078/3000 [11:48<20:52,  1.54it/s]
qwen2.5-vl/pope/ricd/aokvqa/adversarial/seed1:  36%|███▌      | 1079/3000 [11:49<21:03,  1.52it/s]
qwen2.5-vl/pope/ricd/aokvqa/adversarial/seed1:  36%|███▌      | 1080/3000 [11:50<21:10,  1.51it/s]
qwen2.5-vl/pope/ricd/aokvqa/adversarial/seed1:  36%|███▌      | 1081/3000 [11:50<21:52,  1.46it/s]
qwen2.5-vl/pope/ricd/aokvqa/adversarial/seed1:  36%|███▌      | 1082/3000 [11:51<22:21,  1.43it/s]
qwen2.5-vl/pope/ricd/aokvqa/adversarial/seed1:  36%|███▌      | 1083/3000 [11:52<22:41,  1.41it/s]
qwen2.5-vl/pope/ricd/aokvqa/adversarial/seed1:  36%|███▌      | 1084/3000 [11:53<23:00,  1.39it/s]
qwen2.5-vl/pope/ricd/aokvqa/adversarial/seed1:  36%|███▌      | 1085/3000 [11:53<23:03,  1.38it/s]
qwen2.5-vl/pope/ricd/aokvqa/adversarial/seed1:  36%|███▌      | 1086/3000 [11:54<23:06,  1.38it/s]
qwen2.5-vl/pope/ricd/aokvqa/adversarial/seed1:  36%|███▌      | 1087/3000 [11:55<22:00,  1.45it/s]
qwen2.5-vl/pope/ricd/aokvqa/adversarial/seed1:  36%|███▋      | 1088/3000 [11:55<21:12,  1.50it/s]
qwen2.5-vl/pope/ricd/aokvqa/adversarial/seed1:  36%|███▋      | 1089/3000 [11:56<20:41,  1.54it/s]
qwen2.5-vl/pope/ricd/aokvqa/adversarial/seed1:  36%|███▋      | 1090/3000 [11:57<20:15,  1.57it/s]
qwen2.5-vl/pope/ricd/aokvqa/adversarial/seed1:  36%|███▋      | 1091/3000 [11:57<20:01,  1.59it/s]
qwen2.5-vl/pope/ricd/aokvqa/adversarial/seed1:  36%|███▋      | 1092/3000 [11:58<19:50,  1.60it/s]
qwen2.5-vl/pope/ricd/aokvqa/adversarial/seed1:  36%|███▋      | 1093/3000 [11:58<19:41,  1.61it/s]
qwen2.5-vl/pope/ricd/aokvqa/adversarial/seed1:  36%|███▋      | 1094/3000 [11:59<19:40,  1.62it/s]
qwen2.5-vl/pope/ricd/aokvqa/adversarial/seed1:  36%|███▋      | 1095/3000 [12:00<19:40,  1.61it/s]
qwen2.5-vl/pope/ricd/aokvqa/adversarial/seed1:  37%|███▋      | 1096/3000 [12:00<19:36,  1.62it/s]
qwen2.5-vl/pope/ricd/aokvqa/adversarial/seed1:  37%|███▋      | 1097/3000 [12:01<19:31,  1.62it/s]
qwen2.5-vl/pope/ricd/aokvqa/adversarial/seed1:  37%|███▋      | 1098/3000 [12:01<19:28,  1.63it/s]
qwen2.5-vl/pope/ricd/aokvqa/adversarial/seed1:  37%|███▋      | 1099/3000 [12:02<20:30,  1.54it/s]
qwen2.5-vl/pope/ricd/aokvqa/adversarial/seed1:  37%|███▋      | 1100/3000 [12:03<21:07,  1.50it/s]
qwen2.5-vl/pope/ricd/aokvqa/adversarial/seed1:  37%|███▋      | 1101/3000 [12:04<21:34,  1.47it/s]
qwen2.5-vl/pope/ricd/aokvqa/adversarial/seed1:  37%|███▋      | 1102/3000 [12:04<21:50,  1.45it/s]
qwen2.5-vl/pope/ricd/aokvqa/adversarial/seed1:  37%|███▋      | 1103/3000 [12:05<22:03,  1.43it/s]
qwen2.5-vl/pope/ricd/aokvqa/adversarial/seed1:  37%|███▋      | 1104/3000 [12:06<22:12,  1.42it/s]
qwen2.5-vl/pope/ricd/aokvqa/adversarial/seed1:  37%|███▋      | 1105/3000 [12:06<22:25,  1.41it/s]
qwen2.5-vl/pope/ricd/aokvqa/adversarial/seed1:  37%|███▋      | 1106/3000 [12:07<22:35,  1.40it/s]
qwen2.5-vl/pope/ricd/aokvqa/adversarial/seed1:  37%|███▋      | 1107/3000 [12:08<22:39,  1.39it/s]
qwen2.5-vl/pope/ricd/aokvqa/adversarial/seed1:  37%|███▋      | 1108/3000 [12:09<22:43,  1.39it/s]
qwen2.5-vl/pope/ricd/aokvqa/adversarial/seed1:  37%|███▋      | 1109/3000 [12:09<22:46,  1.38it/s]
qwen2.5-vl/pope/ricd/aokvqa/adversarial/seed1:  37%|███▋      | 1110/3000 [12:10<22:47,  1.38it/s]
qwen2.5-vl/pope/ricd/aokvqa/adversarial/seed1:  37%|███▋      | 1111/3000 [12:11<24:23,  1.29it/s]
qwen2.5-vl/pope/ricd/aokvqa/adversarial/seed1:  37%|███▋      | 1112/3000 [12:12<25:29,  1.23it/s]
qwen2.5-vl/pope/ricd/aokvqa/adversarial/seed1:  37%|███▋      | 1113/3000 [12:13<26:23,  1.19it/s]
qwen2.5-vl/pope/ricd/aokvqa/adversarial/seed1:  37%|███▋      | 1114/3000 [12:14<27:00,  1.16it/s]
qwen2.5-vl/pope/ricd/aokvqa/adversarial/seed1:  37%|███▋      | 1115/3000 [12:15<27:28,  1.14it/s]
qwen2.5-vl/pope/ricd/aokvqa/adversarial/seed1:  37%|███▋      | 1116/3000 [12:15<27:47,  1.13it/s]
qwen2.5-vl/pope/ricd/aokvqa/adversarial/seed1:  37%|███▋      | 1117/3000 [12:16<25:15,  1.24it/s]
qwen2.5-vl/pope/ricd/aokvqa/adversarial/seed1:  37%|███▋      | 1118/3000 [12:17<23:28,  1.34it/s]
qwen2.5-vl/pope/ricd/aokvqa/adversarial/seed1:  37%|███▋      | 1119/3000 [12:17<22:13,  1.41it/s]
qwen2.5-vl/pope/ricd/aokvqa/adversarial/seed1:  37%|███▋      | 1120/3000 [12:18<21:15,  1.47it/s]
qwen2.5-vl/pope/ricd/aokvqa/adversarial/seed1:  37%|███▋      | 1121/3000 [12:19<20:36,  1.52it/s]
qwen2.5-vl/pope/ricd/aokvqa/adversarial/seed1:  37%|███▋      | 1122/3000 [12:19<20:08,  1.55it/s]
qwen2.5-vl/pope/ricd/aokvqa/adversarial/seed1:  37%|███▋      | 1123/3000 [12:20<21:00,  1.49it/s]
qwen2.5-vl/pope/ricd/aokvqa/adversarial/seed1:  37%|███▋      | 1124/3000 [12:21<21:39,  1.44it/s]
qwen2.5-vl/pope/ricd/aokvqa/adversarial/seed1:  38%|███▊      | 1125/3000 [12:21<22:03,  1.42it/s]
qwen2.5-vl/pope/ricd/aokvqa/adversarial/seed1:  38%|███▊      | 1126/3000 [12:22<22:25,  1.39it/s]
qwen2.5-vl/pope/ricd/aokvqa/adversarial/seed1:  38%|███▊      | 1127/3000 [12:23<22:29,  1.39it/s]
qwen2.5-vl/pope/ricd/aokvqa/adversarial/seed1:  38%|███▊      | 1128/3000 [12:24<22:36,  1.38it/s]
qwen2.5-vl/pope/ricd/aokvqa/adversarial/seed1:  38%|███▊      | 1129/3000 [12:24<21:31,  1.45it/s]
qwen2.5-vl/pope/ricd/aokvqa/adversarial/seed1:  38%|███▊      | 1130/3000 [12:25<21:11,  1.47it/s]
qwen2.5-vl/pope/ricd/aokvqa/adversarial/seed1:  38%|███▊      | 1131/3000 [12:26<20:51,  1.49it/s]
qwen2.5-vl/pope/ricd/aokvqa/adversarial/seed1:  38%|███▊      | 1132/3000 [12:26<20:33,  1.51it/s]
qwen2.5-vl/pope/ricd/aokvqa/adversarial/seed1:  38%|███▊      | 1133/3000 [12:27<20:04,  1.55it/s]
qwen2.5-vl/pope/ricd/aokvqa/adversarial/seed1:  38%|███▊      | 1134/3000 [12:27<19:43,  1.58it/s]
qwen2.5-vl/pope/ricd/aokvqa/adversarial/seed1:  38%|███▊      | 1135/3000 [12:28<19:28,  1.60it/s]
qwen2.5-vl/pope/ricd/aokvqa/adversarial/seed1:  38%|███▊      | 1136/3000 [12:29<19:17,  1.61it/s]
qwen2.5-vl/pope/ricd/aokvqa/adversarial/seed1:  38%|███▊      | 1137/3000 [12:29<19:09,  1.62it/s]
qwen2.5-vl/pope/ricd/aokvqa/adversarial/seed1:  38%|███▊      | 1138/3000 [12:30<19:04,  1.63it/s]
qwen2.5-vl/pope/ricd/aokvqa/adversarial/seed1:  38%|███▊      | 1139/3000 [12:30<19:14,  1.61it/s]
qwen2.5-vl/pope/ricd/aokvqa/adversarial/seed1:  38%|███▊      | 1140/3000 [12:31<19:23,  1.60it/s]
qwen2.5-vl/pope/ricd/aokvqa/adversarial/seed1:  38%|███▊      | 1141/3000 [12:32<19:28,  1.59it/s]
qwen2.5-vl/pope/ricd/aokvqa/adversarial/seed1:  38%|███▊      | 1142/3000 [12:32<19:26,  1.59it/s]
qwen2.5-vl/pope/ricd/aokvqa/adversarial/seed1:  38%|███▊      | 1143/3000 [12:33<19:14,  1.61it/s]
qwen2.5-vl/pope/ricd/aokvqa/adversarial/seed1:  38%|███▊      | 1144/3000 [12:34<19:05,  1.62it/s]
qwen2.5-vl/pope/ricd/aokvqa/adversarial/seed1:  38%|███▊      | 1145/3000 [12:34<19:09,  1.61it/s]
qwen2.5-vl/pope/ricd/aokvqa/adversarial/seed1:  38%|███▊      | 1146/3000 [12:35<19:02,  1.62it/s]
qwen2.5-vl/pope/ricd/aokvqa/adversarial/seed1:  38%|███▊      | 1147/3000 [12:35<18:56,  1.63it/s]
qwen2.5-vl/pope/ricd/aokvqa/adversarial/seed1:  38%|███▊      | 1148/3000 [12:36<18:58,  1.63it/s]
qwen2.5-vl/pope/ricd/aokvqa/adversarial/seed1:  38%|███▊      | 1149/3000 [12:37<18:53,  1.63it/s]
qwen2.5-vl/pope/ricd/aokvqa/adversarial/seed1:  38%|███▊      | 1150/3000 [12:37<18:49,  1.64it/s]
qwen2.5-vl/pope/ricd/aokvqa/adversarial/seed1:  38%|███▊      | 1151/3000 [12:38<18:46,  1.64it/s]
qwen2.5-vl/pope/ricd/aokvqa/adversarial/seed1:  38%|███▊      | 1152/3000 [12:38<18:45,  1.64it/s]
qwen2.5-vl/pope/ricd/aokvqa/adversarial/seed1:  38%|███▊      | 1153/3000 [12:39<18:42,  1.64it/s]
qwen2.5-vl/pope/ricd/aokvqa/adversarial/seed1:  38%|███▊      | 1154/3000 [12:40<18:41,  1.65it/s]
qwen2.5-vl/pope/ricd/aokvqa/adversarial/seed1:  38%|███▊      | 1155/3000 [12:40<18:39,  1.65it/s]
qwen2.5-vl/pope/ricd/aokvqa/adversarial/seed1:  39%|███▊      | 1156/3000 [12:41<18:39,  1.65it/s]
qwen2.5-vl/pope/ricd/aokvqa/adversarial/seed1:  39%|███▊      | 1157/3000 [12:41<18:37,  1.65it/s]
qwen2.5-vl/pope/ricd/aokvqa/adversarial/seed1:  39%|███▊      | 1158/3000 [12:42<18:36,  1.65it/s]
qwen2.5-vl/pope/ricd/aokvqa/adversarial/seed1:  39%|███▊      | 1159/3000 [12:43<18:29,  1.66it/s]
qwen2.5-vl/pope/ricd/aokvqa/adversarial/seed1:  39%|███▊      | 1160/3000 [12:43<18:24,  1.67it/s]
qwen2.5-vl/pope/ricd/aokvqa/adversarial/seed1:  39%|███▊      | 1161/3000 [12:44<18:25,  1.66it/s]
qwen2.5-vl/pope/ricd/aokvqa/adversarial/seed1:  39%|███▊      | 1162/3000 [12:44<18:33,  1.65it/s]
qwen2.5-vl/pope/ricd/aokvqa/adversarial/seed1:  39%|███▉      | 1163/3000 [12:45<18:37,  1.64it/s]
qwen2.5-vl/pope/ricd/aokvqa/adversarial/seed1:  39%|███▉      | 1164/3000 [12:46<18:40,  1.64it/s]
qwen2.5-vl/pope/ricd/aokvqa/adversarial/seed1:  39%|███▉      | 1165/3000 [12:46<18:47,  1.63it/s]
qwen2.5-vl/pope/ricd/aokvqa/adversarial/seed1:  39%|███▉      | 1166/3000 [12:47<18:40,  1.64it/s]
qwen2.5-vl/pope/ricd/aokvqa/adversarial/seed1:  39%|███▉      | 1167/3000 [12:48<18:37,  1.64it/s]
qwen2.5-vl/pope/ricd/aokvqa/adversarial/seed1:  39%|███▉      | 1168/3000 [12:48<18:33,  1.64it/s]
qwen2.5-vl/pope/ricd/aokvqa/adversarial/seed1:  39%|███▉      | 1169/3000 [12:49<18:31,  1.65it/s]
qwen2.5-vl/pope/ricd/aokvqa/adversarial/seed1:  39%|███▉      | 1170/3000 [12:49<18:32,  1.65it/s]
qwen2.5-vl/pope/ricd/aokvqa/adversarial/seed1:  39%|███▉      | 1171/3000 [12:50<18:34,  1.64it/s]
qwen2.5-vl/pope/ricd/aokvqa/adversarial/seed1:  39%|███▉      | 1172/3000 [12:51<18:37,  1.64it/s]
qwen2.5-vl/pope/ricd/aokvqa/adversarial/seed1:  39%|███▉      | 1173/3000 [12:51<18:37,  1.64it/s]
qwen2.5-vl/pope/ricd/aokvqa/adversarial/seed1:  39%|███▉      | 1174/3000 [12:52<18:37,  1.63it/s]
qwen2.5-vl/pope/ricd/aokvqa/adversarial/seed1:  39%|███▉      | 1175/3000 [12:52<18:37,  1.63it/s]
qwen2.5-vl/pope/ricd/aokvqa/adversarial/seed1:  39%|███▉      | 1176/3000 [12:53<18:39,  1.63it/s]
qwen2.5-vl/pope/ricd/aokvqa/adversarial/seed1:  39%|███▉      | 1177/3000 [12:54<19:43,  1.54it/s]
qwen2.5-vl/pope/ricd/aokvqa/adversarial/seed1:  39%|███▉      | 1178/3000 [12:54<20:23,  1.49it/s]
qwen2.5-vl/pope/ricd/aokvqa/adversarial/seed1:  39%|███▉      | 1179/3000 [12:55<20:49,  1.46it/s]
qwen2.5-vl/pope/ricd/aokvqa/adversarial/seed1:  39%|███▉      | 1180/3000 [12:56<21:12,  1.43it/s]
qwen2.5-vl/pope/ricd/aokvqa/adversarial/seed1:  39%|███▉      | 1181/3000 [12:57<21:30,  1.41it/s]
qwen2.5-vl/pope/ricd/aokvqa/adversarial/seed1:  39%|███▉      | 1182/3000 [12:57<21:45,  1.39it/s]
qwen2.5-vl/pope/ricd/aokvqa/adversarial/seed1:  39%|███▉      | 1183/3000 [12:58<21:53,  1.38it/s]
qwen2.5-vl/pope/ricd/aokvqa/adversarial/seed1:  39%|███▉      | 1184/3000 [12:59<21:54,  1.38it/s]
qwen2.5-vl/pope/ricd/aokvqa/adversarial/seed1:  40%|███▉      | 1185/3000 [13:00<21:56,  1.38it/s]
qwen2.5-vl/pope/ricd/aokvqa/adversarial/seed1:  40%|███▉      | 1186/3000 [13:00<22:00,  1.37it/s]
qwen2.5-vl/pope/ricd/aokvqa/adversarial/seed1:  40%|███▉      | 1187/3000 [13:01<21:59,  1.37it/s]
qwen2.5-vl/pope/ricd/aokvqa/adversarial/seed1:  40%|███▉      | 1188/3000 [13:02<21:54,  1.38it/s]
qwen2.5-vl/pope/ricd/aokvqa/adversarial/seed1:  40%|███▉      | 1189/3000 [13:02<20:49,  1.45it/s]
qwen2.5-vl/pope/ricd/aokvqa/adversarial/seed1:  40%|███▉      | 1190/3000 [13:03<20:01,  1.51it/s]
qwen2.5-vl/pope/ricd/aokvqa/adversarial/seed1:  40%|███▉      | 1191/3000 [13:04<19:28,  1.55it/s]
qwen2.5-vl/pope/ricd/aokvqa/adversarial/seed1:  40%|███▉      | 1192/3000 [13:04<19:04,  1.58it/s]
qwen2.5-vl/pope/ricd/aokvqa/adversarial/seed1:  40%|███▉      | 1193/3000 [13:05<18:49,  1.60it/s]
qwen2.5-vl/pope/ricd/aokvqa/adversarial/seed1:  40%|███▉      | 1194/3000 [13:05<18:37,  1.62it/s]
qwen2.5-vl/pope/ricd/aokvqa/adversarial/seed1:  40%|███▉      | 1195/3000 [13:06<19:31,  1.54it/s]
qwen2.5-vl/pope/ricd/aokvqa/adversarial/seed1:  40%|███▉      | 1196/3000 [13:07<20:13,  1.49it/s]
qwen2.5-vl/pope/ricd/aokvqa/adversarial/seed1:  40%|███▉      | 1197/3000 [13:08<20:41,  1.45it/s]
qwen2.5-vl/pope/ricd/aokvqa/adversarial/seed1:  40%|███▉      | 1198/3000 [13:08<20:58,  1.43it/s]
qwen2.5-vl/pope/ricd/aokvqa/adversarial/seed1:  40%|███▉      | 1199/3000 [13:09<21:11,  1.42it/s]
qwen2.5-vl/pope/ricd/aokvqa/adversarial/seed1:  40%|████      | 1200/3000 [13:10<21:18,  1.41it/s]
qwen2.5-vl/pope/ricd/aokvqa/adversarial/seed1:  40%|████      | 1201/3000 [13:10<21:24,  1.40it/s]
qwen2.5-vl/pope/ricd/aokvqa/adversarial/seed1:  40%|████      | 1202/3000 [13:11<21:25,  1.40it/s]
qwen2.5-vl/pope/ricd/aokvqa/adversarial/seed1:  40%|████      | 1203/3000 [13:12<21:24,  1.40it/s]
qwen2.5-vl/pope/ricd/aokvqa/adversarial/seed1:  40%|████      | 1204/3000 [13:13<21:23,  1.40it/s]
qwen2.5-vl/pope/ricd/aokvqa/adversarial/seed1:  40%|████      | 1205/3000 [13:13<21:23,  1.40it/s]
qwen2.5-vl/pope/ricd/aokvqa/adversarial/seed1:  40%|████      | 1206/3000 [13:14<21:22,  1.40it/s]
qwen2.5-vl/pope/ricd/aokvqa/adversarial/seed1:  40%|████      | 1207/3000 [13:15<21:26,  1.39it/s]
qwen2.5-vl/pope/ricd/aokvqa/adversarial/seed1:  40%|████      | 1208/3000 [13:15<21:29,  1.39it/s]
qwen2.5-vl/pope/ricd/aokvqa/adversarial/seed1:  40%|████      | 1209/3000 [13:16<21:29,  1.39it/s]
qwen2.5-vl/pope/ricd/aokvqa/adversarial/seed1:  40%|████      | 1210/3000 [13:17<21:29,  1.39it/s]
qwen2.5-vl/pope/ricd/aokvqa/adversarial/seed1:  40%|████      | 1211/3000 [13:18<21:30,  1.39it/s]
qwen2.5-vl/pope/ricd/aokvqa/adversarial/seed1:  40%|████      | 1212/3000 [13:18<21:29,  1.39it/s]
qwen2.5-vl/pope/ricd/aokvqa/adversarial/seed1:  40%|████      | 1213/3000 [13:19<21:29,  1.39it/s]
qwen2.5-vl/pope/ricd/aokvqa/adversarial/seed1:  40%|████      | 1214/3000 [13:20<21:29,  1.39it/s]
qwen2.5-vl/pope/ricd/aokvqa/adversarial/seed1:  40%|████      | 1215/3000 [13:21<21:27,  1.39it/s]
qwen2.5-vl/pope/ricd/aokvqa/adversarial/seed1:  41%|████      | 1216/3000 [13:21<21:26,  1.39it/s]
qwen2.5-vl/pope/ricd/aokvqa/adversarial/seed1:  41%|████      | 1217/3000 [13:22<21:26,  1.39it/s]
qwen2.5-vl/pope/ricd/aokvqa/adversarial/seed1:  41%|████      | 1218/3000 [13:23<21:26,  1.39it/s]
qwen2.5-vl/pope/ricd/aokvqa/adversarial/seed1:  41%|████      | 1219/3000 [13:23<20:00,  1.48it/s]
qwen2.5-vl/pope/ricd/aokvqa/adversarial/seed1:  41%|████      | 1220/3000 [13:24<19:01,  1.56it/s]
qwen2.5-vl/pope/ricd/aokvqa/adversarial/seed1:  41%|████      | 1221/3000 [13:24<18:17,  1.62it/s]
qwen2.5-vl/pope/ricd/aokvqa/adversarial/seed1:  41%|████      | 1222/3000 [13:25<17:45,  1.67it/s]
qwen2.5-vl/pope/ricd/aokvqa/adversarial/seed1:  41%|████      | 1223/3000 [13:26<17:23,  1.70it/s]
qwen2.5-vl/pope/ricd/aokvqa/adversarial/seed1:  41%|████      | 1224/3000 [13:26<17:08,  1.73it/s]
qwen2.5-vl/pope/ricd/aokvqa/adversarial/seed1:  41%|████      | 1225/3000 [13:27<17:21,  1.70it/s]
qwen2.5-vl/pope/ricd/aokvqa/adversarial/seed1:  41%|████      | 1226/3000 [13:27<17:30,  1.69it/s]
qwen2.5-vl/pope/ricd/aokvqa/adversarial/seed1:  41%|████      | 1227/3000 [13:28<17:36,  1.68it/s]
qwen2.5-vl/pope/ricd/aokvqa/adversarial/seed1:  41%|████      | 1228/3000 [13:29<17:43,  1.67it/s]
qwen2.5-vl/pope/ricd/aokvqa/adversarial/seed1:  41%|████      | 1229/3000 [13:29<17:45,  1.66it/s]
qwen2.5-vl/pope/ricd/aokvqa/adversarial/seed1:  41%|████      | 1230/3000 [13:30<17:46,  1.66it/s]
qwen2.5-vl/pope/ricd/aokvqa/adversarial/seed1:  41%|████      | 1231/3000 [13:30<17:48,  1.66it/s]
qwen2.5-vl/pope/ricd/aokvqa/adversarial/seed1:  41%|████      | 1232/3000 [13:31<17:50,  1.65it/s]
qwen2.5-vl/pope/ricd/aokvqa/adversarial/seed1:  41%|████      | 1233/3000 [13:32<17:48,  1.65it/s]
qwen2.5-vl/pope/ricd/aokvqa/adversarial/seed1:  41%|████      | 1234/3000 [13:32<17:47,  1.65it/s]
qwen2.5-vl/pope/ricd/aokvqa/adversarial/seed1:  41%|████      | 1235/3000 [13:33<17:49,  1.65it/s]
qwen2.5-vl/pope/ricd/aokvqa/adversarial/seed1:  41%|████      | 1236/3000 [13:33<17:47,  1.65it/s]
qwen2.5-vl/pope/ricd/aokvqa/adversarial/seed1:  41%|████      | 1237/3000 [13:34<18:49,  1.56it/s]
qwen2.5-vl/pope/ricd/aokvqa/adversarial/seed1:  41%|████▏     | 1238/3000 [13:35<19:34,  1.50it/s]
qwen2.5-vl/pope/ricd/aokvqa/adversarial/seed1:  41%|████▏     | 1239/3000 [13:36<20:05,  1.46it/s]
qwen2.5-vl/pope/ricd/aokvqa/adversarial/seed1:  41%|████▏     | 1240/3000 [13:36<20:27,  1.43it/s]
qwen2.5-vl/pope/ricd/aokvqa/adversarial/seed1:  41%|████▏     | 1241/3000 [13:37<20:43,  1.41it/s]
qwen2.5-vl/pope/ricd/aokvqa/adversarial/seed1:  41%|████▏     | 1242/3000 [13:38<20:57,  1.40it/s]
qwen2.5-vl/pope/ricd/aokvqa/adversarial/seed1:  41%|████▏     | 1243/3000 [13:38<21:06,  1.39it/s]
qwen2.5-vl/pope/ricd/aokvqa/adversarial/seed1:  41%|████▏     | 1244/3000 [13:39<21:12,  1.38it/s]
qwen2.5-vl/pope/ricd/aokvqa/adversarial/seed1:  42%|████▏     | 1245/3000 [13:40<21:15,  1.38it/s]
qwen2.5-vl/pope/ricd/aokvqa/adversarial/seed1:  42%|████▏     | 1246/3000 [13:41<21:14,  1.38it/s]
qwen2.5-vl/pope/ricd/aokvqa/adversarial/seed1:  42%|████▏     | 1247/3000 [13:41<21:18,  1.37it/s]
qwen2.5-vl/pope/ricd/aokvqa/adversarial/seed1:  42%|████▏     | 1248/3000 [13:42<21:15,  1.37it/s]
qwen2.5-vl/pope/ricd/aokvqa/adversarial/seed1:  42%|████▏     | 1249/3000 [13:42<17:45,  1.64it/s]
qwen2.5-vl/pope/ricd/aokvqa/adversarial/seed1:  42%|████▏     | 1250/3000 [13:43<15:17,  1.91it/s]
qwen2.5-vl/pope/ricd/aokvqa/adversarial/seed1:  42%|████▏     | 1251/3000 [13:43<13:34,  2.15it/s]
qwen2.5-vl/pope/ricd/aokvqa/adversarial/seed1:  42%|████▏     | 1252/3000 [13:43<12:23,  2.35it/s]
qwen2.5-vl/pope/ricd/aokvqa/adversarial/seed1:  42%|████▏     | 1253/3000 [13:44<11:31,  2.53it/s]
qwen2.5-vl/pope/ricd/aokvqa/adversarial/seed1:  42%|████▏     | 1254/3000 [13:44<10:54,  2.67it/s]
qwen2.5-vl/pope/ricd/aokvqa/adversarial/seed1:  42%|████▏     | 1255/3000 [13:45<12:58,  2.24it/s]
qwen2.5-vl/pope/ricd/aokvqa/adversarial/seed1:  42%|████▏     | 1256/3000 [13:45<14:27,  2.01it/s]
qwen2.5-vl/pope/ricd/aokvqa/adversarial/seed1:  42%|████▏     | 1257/3000 [13:46<15:46,  1.84it/s]
qwen2.5-vl/pope/ricd/aokvqa/adversarial/seed1:  42%|████▏     | 1258/3000 [13:47<16:36,  1.75it/s]
qwen2.5-vl/pope/ricd/aokvqa/adversarial/seed1:  42%|████▏     | 1259/3000 [13:47<16:58,  1.71it/s]
qwen2.5-vl/pope/ricd/aokvqa/adversarial/seed1:  42%|████▏     | 1260/3000 [13:48<17:13,  1.68it/s]
qwen2.5-vl/pope/ricd/aokvqa/adversarial/seed1:  42%|████▏     | 1261/3000 [13:48<17:23,  1.67it/s]
qwen2.5-vl/pope/ricd/aokvqa/adversarial/seed1:  42%|████▏     | 1262/3000 [13:49<17:31,  1.65it/s]
qwen2.5-vl/pope/ricd/aokvqa/adversarial/seed1:  42%|████▏     | 1263/3000 [13:50<17:39,  1.64it/s]
qwen2.5-vl/pope/ricd/aokvqa/adversarial/seed1:  42%|████▏     | 1264/3000 [13:50<17:44,  1.63it/s]
qwen2.5-vl/pope/ricd/aokvqa/adversarial/seed1:  42%|████▏     | 1265/3000 [13:51<17:46,  1.63it/s]
qwen2.5-vl/pope/ricd/aokvqa/adversarial/seed1:  42%|████▏     | 1266/3000 [13:52<17:47,  1.62it/s]
qwen2.5-vl/pope/ricd/aokvqa/adversarial/seed1:  42%|████▏     | 1267/3000 [13:52<17:46,  1.62it/s]
qwen2.5-vl/pope/ricd/aokvqa/adversarial/seed1:  42%|████▏     | 1268/3000 [13:53<17:45,  1.63it/s]
qwen2.5-vl/pope/ricd/aokvqa/adversarial/seed1:  42%|████▏     | 1269/3000 [13:53<17:42,  1.63it/s]
qwen2.5-vl/pope/ricd/aokvqa/adversarial/seed1:  42%|████▏     | 1270/3000 [13:54<17:40,  1.63it/s]
qwen2.5-vl/pope/ricd/aokvqa/adversarial/seed1:  42%|████▏     | 1271/3000 [13:55<17:45,  1.62it/s]
qwen2.5-vl/pope/ricd/aokvqa/adversarial/seed1:  42%|████▏     | 1272/3000 [13:55<17:46,  1.62it/s]
qwen2.5-vl/pope/ricd/aokvqa/adversarial/seed1:  42%|████▏     | 1273/3000 [13:56<18:38,  1.54it/s]
qwen2.5-vl/pope/ricd/aokvqa/adversarial/seed1:  42%|████▏     | 1274/3000 [13:57<19:12,  1.50it/s]
qwen2.5-vl/pope/ricd/aokvqa/adversarial/seed1:  42%|████▎     | 1275/3000 [13:57<19:37,  1.46it/s]
qwen2.5-vl/pope/ricd/aokvqa/adversarial/seed1:  43%|████▎     | 1276/3000 [13:58<19:58,  1.44it/s]
qwen2.5-vl/pope/ricd/aokvqa/adversarial/seed1:  43%|████▎     | 1277/3000 [13:59<20:10,  1.42it/s]
qwen2.5-vl/pope/ricd/aokvqa/adversarial/seed1:  43%|████▎     | 1278/3000 [14:00<20:17,  1.41it/s]
qwen2.5-vl/pope/ricd/aokvqa/adversarial/seed1:  43%|████▎     | 1279/3000 [14:00<20:32,  1.40it/s]
qwen2.5-vl/pope/ricd/aokvqa/adversarial/seed1:  43%|████▎     | 1280/3000 [14:01<20:39,  1.39it/s]
qwen2.5-vl/pope/ricd/aokvqa/adversarial/seed1:  43%|████▎     | 1281/3000 [14:02<20:48,  1.38it/s]
qwen2.5-vl/pope/ricd/aokvqa/adversarial/seed1:  43%|████▎     | 1282/3000 [14:02<20:50,  1.37it/s]
qwen2.5-vl/pope/ricd/aokvqa/adversarial/seed1:  43%|████▎     | 1283/3000 [14:03<20:51,  1.37it/s]
qwen2.5-vl/pope/ricd/aokvqa/adversarial/seed1:  43%|████▎     | 1284/3000 [14:04<20:51,  1.37it/s]
qwen2.5-vl/pope/ricd/aokvqa/adversarial/seed1:  43%|████▎     | 1285/3000 [14:05<22:52,  1.25it/s]
qwen2.5-vl/pope/ricd/aokvqa/adversarial/seed1:  43%|████▎     | 1286/3000 [14:06<24:13,  1.18it/s]
qwen2.5-vl/pope/ricd/aokvqa/adversarial/seed1:  43%|████▎     | 1287/3000 [14:07<25:10,  1.13it/s]
qwen2.5-vl/pope/ricd/aokvqa/adversarial/seed1:  43%|████▎     | 1288/3000 [14:08<25:52,  1.10it/s]
qwen2.5-vl/pope/ricd/aokvqa/adversarial/seed1:  43%|████▎     | 1289/3000 [14:09<26:19,  1.08it/s]
qwen2.5-vl/pope/ricd/aokvqa/adversarial/seed1:  43%|████▎     | 1290/3000 [14:10<26:57,  1.06it/s]
qwen2.5-vl/pope/ricd/aokvqa/adversarial/seed1:  43%|████▎     | 1291/3000 [14:10<25:06,  1.13it/s]
qwen2.5-vl/pope/ricd/aokvqa/adversarial/seed1:  43%|████▎     | 1292/3000 [14:11<23:53,  1.19it/s]
qwen2.5-vl/pope/ricd/aokvqa/adversarial/seed1:  43%|████▎     | 1293/3000 [14:12<23:00,  1.24it/s]
qwen2.5-vl/pope/ricd/aokvqa/adversarial/seed1:  43%|████▎     | 1294/3000 [14:13<22:21,  1.27it/s]
qwen2.5-vl/pope/ricd/aokvqa/adversarial/seed1:  43%|████▎     | 1295/3000 [14:13<21:56,  1.30it/s]
qwen2.5-vl/pope/ricd/aokvqa/adversarial/seed1:  43%|████▎     | 1296/3000 [14:14<21:36,  1.31it/s]
qwen2.5-vl/pope/ricd/aokvqa/adversarial/seed1:  43%|████▎     | 1297/3000 [14:15<21:16,  1.33it/s]
qwen2.5-vl/pope/ricd/aokvqa/adversarial/seed1:  43%|████▎     | 1298/3000 [14:16<20:59,  1.35it/s]
qwen2.5-vl/pope/ricd/aokvqa/adversarial/seed1:  43%|████▎     | 1299/3000 [14:16<20:45,  1.37it/s]
qwen2.5-vl/pope/ricd/aokvqa/adversarial/seed1:  43%|████▎     | 1300/3000 [14:17<20:33,  1.38it/s]
qwen2.5-vl/pope/ricd/aokvqa/adversarial/seed1:  43%|████▎     | 1301/3000 [14:18<20:31,  1.38it/s]
qwen2.5-vl/pope/ricd/aokvqa/adversarial/seed1:  43%|████▎     | 1302/3000 [14:18<20:29,  1.38it/s]
qwen2.5-vl/pope/ricd/aokvqa/adversarial/seed1:  43%|████▎     | 1303/3000 [14:19<22:01,  1.28it/s]
qwen2.5-vl/pope/ricd/aokvqa/adversarial/seed1:  43%|████▎     | 1304/3000 [14:20<23:04,  1.22it/s]
qwen2.5-vl/pope/ricd/aokvqa/adversarial/seed1:  44%|████▎     | 1305/3000 [14:21<23:47,  1.19it/s]
qwen2.5-vl/pope/ricd/aokvqa/adversarial/seed1:  44%|████▎     | 1306/3000 [14:22<24:14,  1.16it/s]
qwen2.5-vl/pope/ricd/aokvqa/adversarial/seed1:  44%|████▎     | 1307/3000 [14:23<24:27,  1.15it/s]
qwen2.5-vl/pope/ricd/aokvqa/adversarial/seed1:  44%|████▎     | 1308/3000 [14:24<24:35,  1.15it/s]
qwen2.5-vl/pope/ricd/aokvqa/adversarial/seed1:  44%|████▎     | 1309/3000 [14:25<25:15,  1.12it/s]
qwen2.5-vl/pope/ricd/aokvqa/adversarial/seed1:  44%|████▎     | 1310/3000 [14:26<25:42,  1.10it/s]
qwen2.5-vl/pope/ricd/aokvqa/adversarial/seed1:  44%|████▎     | 1311/3000 [14:27<26:01,  1.08it/s]
qwen2.5-vl/pope/ricd/aokvqa/adversarial/seed1:  44%|████▎     | 1312/3000 [14:28<26:14,  1.07it/s]
qwen2.5-vl/pope/ricd/aokvqa/adversarial/seed1:  44%|████▍     | 1313/3000 [14:29<26:23,  1.07it/s]
qwen2.5-vl/pope/ricd/aokvqa/adversarial/seed1:  44%|████▍     | 1314/3000 [14:30<26:30,  1.06it/s]
qwen2.5-vl/pope/ricd/aokvqa/adversarial/seed1:  44%|████▍     | 1315/3000 [14:30<21:45,  1.29it/s]
qwen2.5-vl/pope/ricd/aokvqa/adversarial/seed1:  44%|████▍     | 1316/3000 [14:30<18:24,  1.52it/s]
qwen2.5-vl/pope/ricd/aokvqa/adversarial/seed1:  44%|████▍     | 1317/3000 [14:31<16:04,  1.75it/s]
qwen2.5-vl/pope/ricd/aokvqa/adversarial/seed1:  44%|████▍     | 1318/3000 [14:31<14:25,  1.94it/s]
qwen2.5-vl/pope/ricd/aokvqa/adversarial/seed1:  44%|████▍     | 1319/3000 [14:31<13:17,  2.11it/s]
qwen2.5-vl/pope/ricd/aokvqa/adversarial/seed1:  44%|████▍     | 1320/3000 [14:32<12:29,  2.24it/s]
qwen2.5-vl/pope/ricd/aokvqa/adversarial/seed1:  44%|████▍     | 1321/3000 [14:32<13:49,  2.02it/s]
qwen2.5-vl/pope/ricd/aokvqa/adversarial/seed1:  44%|████▍     | 1322/3000 [14:33<14:45,  1.90it/s]
qwen2.5-vl/pope/ricd/aokvqa/adversarial/seed1:  44%|████▍     | 1323/3000 [14:34<15:26,  1.81it/s]
qwen2.5-vl/pope/ricd/aokvqa/adversarial/seed1:  44%|████▍     | 1324/3000 [14:34<15:57,  1.75it/s]
qwen2.5-vl/pope/ricd/aokvqa/adversarial/seed1:  44%|████▍     | 1325/3000 [14:35<16:17,  1.71it/s]
qwen2.5-vl/pope/ricd/aokvqa/adversarial/seed1:  44%|████▍     | 1326/3000 [14:36<16:33,  1.69it/s]
qwen2.5-vl/pope/ricd/aokvqa/adversarial/seed1:  44%|████▍     | 1327/3000 [14:36<16:42,  1.67it/s]
qwen2.5-vl/pope/ricd/aokvqa/adversarial/seed1:  44%|████▍     | 1328/3000 [14:37<16:47,  1.66it/s]
qwen2.5-vl/pope/ricd/aokvqa/adversarial/seed1:  44%|████▍     | 1329/3000 [14:37<16:52,  1.65it/s]
qwen2.5-vl/pope/ricd/aokvqa/adversarial/seed1:  44%|████▍     | 1330/3000 [14:38<16:52,  1.65it/s]
qwen2.5-vl/pope/ricd/aokvqa/adversarial/seed1:  44%|████▍     | 1331/3000 [14:39<16:51,  1.65it/s]
qwen2.5-vl/pope/ricd/aokvqa/adversarial/seed1:  44%|████▍     | 1332/3000 [14:39<16:50,  1.65it/s]
qwen2.5-vl/pope/ricd/aokvqa/adversarial/seed1:  44%|████▍     | 1333/3000 [14:40<16:50,  1.65it/s]
qwen2.5-vl/pope/ricd/aokvqa/adversarial/seed1:  44%|████▍     | 1334/3000 [14:40<16:50,  1.65it/s]
qwen2.5-vl/pope/ricd/aokvqa/adversarial/seed1:  44%|████▍     | 1335/3000 [14:41<16:50,  1.65it/s]
qwen2.5-vl/pope/ricd/aokvqa/adversarial/seed1:  45%|████▍     | 1336/3000 [14:42<16:50,  1.65it/s]
qwen2.5-vl/pope/ricd/aokvqa/adversarial/seed1:  45%|████▍     | 1337/3000 [14:42<16:49,  1.65it/s]
qwen2.5-vl/pope/ricd/aokvqa/adversarial/seed1:  45%|████▍     | 1338/3000 [14:43<16:48,  1.65it/s]
qwen2.5-vl/pope/ricd/aokvqa/adversarial/seed1:  45%|████▍     | 1339/3000 [14:44<17:45,  1.56it/s]
qwen2.5-vl/pope/ricd/aokvqa/adversarial/seed1:  45%|████▍     | 1340/3000 [14:44<18:26,  1.50it/s]
qwen2.5-vl/pope/ricd/aokvqa/adversarial/seed1:  45%|████▍     | 1341/3000 [14:45<18:56,  1.46it/s]
qwen2.5-vl/pope/ricd/aokvqa/adversarial/seed1:  45%|████▍     | 1342/3000 [14:46<19:16,  1.43it/s]
qwen2.5-vl/pope/ricd/aokvqa/adversarial/seed1:  45%|████▍     | 1343/3000 [14:46<19:28,  1.42it/s]
qwen2.5-vl/pope/ricd/aokvqa/adversarial/seed1:  45%|████▍     | 1344/3000 [14:47<19:38,  1.41it/s]
qwen2.5-vl/pope/ricd/aokvqa/adversarial/seed1:  45%|████▍     | 1345/3000 [14:48<18:46,  1.47it/s]
qwen2.5-vl/pope/ricd/aokvqa/adversarial/seed1:  45%|████▍     | 1346/3000 [14:48<18:08,  1.52it/s]
qwen2.5-vl/pope/ricd/aokvqa/adversarial/seed1:  45%|████▍     | 1347/3000 [14:49<17:42,  1.56it/s]
qwen2.5-vl/pope/ricd/aokvqa/adversarial/seed1:  45%|████▍     | 1348/3000 [14:50<17:22,  1.58it/s]
qwen2.5-vl/pope/ricd/aokvqa/adversarial/seed1:  45%|████▍     | 1349/3000 [14:50<17:09,  1.60it/s]
qwen2.5-vl/pope/ricd/aokvqa/adversarial/seed1:  45%|████▌     | 1350/3000 [14:51<16:59,  1.62it/s]
qwen2.5-vl/pope/ricd/aokvqa/adversarial/seed1:  45%|████▌     | 1351/3000 [14:52<18:20,  1.50it/s]
qwen2.5-vl/pope/ricd/aokvqa/adversarial/seed1:  45%|████▌     | 1352/3000 [14:52<19:11,  1.43it/s]
qwen2.5-vl/pope/ricd/aokvqa/adversarial/seed1:  45%|████▌     | 1353/3000 [14:53<19:48,  1.39it/s]
qwen2.5-vl/pope/ricd/aokvqa/adversarial/seed1:  45%|████▌     | 1354/3000 [14:54<20:13,  1.36it/s]
qwen2.5-vl/pope/ricd/aokvqa/adversarial/seed1:  45%|████▌     | 1355/3000 [14:55<20:29,  1.34it/s]
qwen2.5-vl/pope/ricd/aokvqa/adversarial/seed1:  45%|████▌     | 1356/3000 [14:55<20:43,  1.32it/s]
qwen2.5-vl/pope/ricd/aokvqa/adversarial/seed1:  45%|████▌     | 1357/3000 [14:56<20:13,  1.35it/s]
qwen2.5-vl/pope/ricd/aokvqa/adversarial/seed1:  45%|████▌     | 1358/3000 [14:57<19:54,  1.38it/s]
qwen2.5-vl/pope/ricd/aokvqa/adversarial/seed1:  45%|████▌     | 1359/3000 [14:58<19:39,  1.39it/s]
qwen2.5-vl/pope/ricd/aokvqa/adversarial/seed1:  45%|████▌     | 1360/3000 [14:58<19:24,  1.41it/s]
qwen2.5-vl/pope/ricd/aokvqa/adversarial/seed1:  45%|████▌     | 1361/3000 [14:59<19:14,  1.42it/s]
qwen2.5-vl/pope/ricd/aokvqa/adversarial/seed1:  45%|████▌     | 1362/3000 [15:00<19:06,  1.43it/s]
qwen2.5-vl/pope/ricd/aokvqa/adversarial/seed1:  45%|████▌     | 1363/3000 [15:00<19:20,  1.41it/s]
qwen2.5-vl/pope/ricd/aokvqa/adversarial/seed1:  45%|████▌     | 1364/3000 [15:01<19:33,  1.39it/s]
qwen2.5-vl/pope/ricd/aokvqa/adversarial/seed1:  46%|████▌     | 1365/3000 [15:02<19:39,  1.39it/s]
qwen2.5-vl/pope/ricd/aokvqa/adversarial/seed1:  46%|████▌     | 1366/3000 [15:03<19:43,  1.38it/s]
qwen2.5-vl/pope/ricd/aokvqa/adversarial/seed1:  46%|████▌     | 1367/3000 [15:03<19:47,  1.38it/s]
qwen2.5-vl/pope/ricd/aokvqa/adversarial/seed1:  46%|████▌     | 1368/3000 [15:04<19:48,  1.37it/s]
qwen2.5-vl/pope/ricd/aokvqa/adversarial/seed1:  46%|████▌     | 1369/3000 [15:05<18:52,  1.44it/s]
qwen2.5-vl/pope/ricd/aokvqa/adversarial/seed1:  46%|████▌     | 1370/3000 [15:05<18:11,  1.49it/s]
qwen2.5-vl/pope/ricd/aokvqa/adversarial/seed1:  46%|████▌     | 1371/3000 [15:06<17:43,  1.53it/s]
qwen2.5-vl/pope/ricd/aokvqa/adversarial/seed1:  46%|████▌     | 1372/3000 [15:06<17:21,  1.56it/s]
qwen2.5-vl/pope/ricd/aokvqa/adversarial/seed1:  46%|████▌     | 1373/3000 [15:07<17:03,  1.59it/s]
qwen2.5-vl/pope/ricd/aokvqa/adversarial/seed1:  46%|████▌     | 1374/3000 [15:08<16:51,  1.61it/s]
qwen2.5-vl/pope/ricd/aokvqa/adversarial/seed1:  46%|████▌     | 1375/3000 [15:08<16:43,  1.62it/s]
qwen2.5-vl/pope/ricd/aokvqa/adversarial/seed1:  46%|████▌     | 1376/3000 [15:09<16:40,  1.62it/s]
qwen2.5-vl/pope/ricd/aokvqa/adversarial/seed1:  46%|████▌     | 1377/3000 [15:10<16:37,  1.63it/s]
qwen2.5-vl/pope/ricd/aokvqa/adversarial/seed1:  46%|████▌     | 1378/3000 [15:10<16:37,  1.63it/s]
qwen2.5-vl/pope/ricd/aokvqa/adversarial/seed1:  46%|████▌     | 1379/3000 [15:11<16:35,  1.63it/s]
qwen2.5-vl/pope/ricd/aokvqa/adversarial/seed1:  46%|████▌     | 1380/3000 [15:11<16:34,  1.63it/s]
qwen2.5-vl/pope/ricd/aokvqa/adversarial/seed1:  46%|████▌     | 1381/3000 [15:12<17:11,  1.57it/s]
qwen2.5-vl/pope/ricd/aokvqa/adversarial/seed1:  46%|████▌     | 1382/3000 [15:13<17:37,  1.53it/s]
qwen2.5-vl/pope/ricd/aokvqa/adversarial/seed1:  46%|████▌     | 1383/3000 [15:13<17:57,  1.50it/s]
qwen2.5-vl/pope/ricd/aokvqa/adversarial/seed1:  46%|████▌     | 1384/3000 [15:14<18:09,  1.48it/s]
qwen2.5-vl/pope/ricd/aokvqa/adversarial/seed1:  46%|████▌     | 1385/3000 [15:15<18:13,  1.48it/s]
qwen2.5-vl/pope/ricd/aokvqa/adversarial/seed1:  46%|████▌     | 1386/3000 [15:15<18:16,  1.47it/s]
qwen2.5-vl/pope/ricd/aokvqa/adversarial/seed1:  46%|████▌     | 1387/3000 [15:16<18:32,  1.45it/s]
qwen2.5-vl/pope/ricd/aokvqa/adversarial/seed1:  46%|████▋     | 1388/3000 [15:17<18:44,  1.43it/s]
qwen2.5-vl/pope/ricd/aokvqa/adversarial/seed1:  46%|████▋     | 1389/3000 [15:18<18:53,  1.42it/s]
qwen2.5-vl/pope/ricd/aokvqa/adversarial/seed1:  46%|████▋     | 1390/3000 [15:18<19:04,  1.41it/s]
qwen2.5-vl/pope/ricd/aokvqa/adversarial/seed1:  46%|████▋     | 1391/3000 [15:19<19:10,  1.40it/s]
qwen2.5-vl/pope/ricd/aokvqa/adversarial/seed1:  46%|████▋     | 1392/3000 [15:20<19:14,  1.39it/s]
qwen2.5-vl/pope/ricd/aokvqa/adversarial/seed1:  46%|████▋     | 1393/3000 [15:21<19:15,  1.39it/s]
qwen2.5-vl/pope/ricd/aokvqa/adversarial/seed1:  46%|████▋     | 1394/3000 [15:21<19:15,  1.39it/s]
qwen2.5-vl/pope/ricd/aokvqa/adversarial/seed1:  46%|████▋     | 1395/3000 [15:22<19:15,  1.39it/s]
qwen2.5-vl/pope/ricd/aokvqa/adversarial/seed1:  47%|████▋     | 1396/3000 [15:23<19:15,  1.39it/s]
qwen2.5-vl/pope/ricd/aokvqa/adversarial/seed1:  47%|████▋     | 1397/3000 [15:23<19:15,  1.39it/s]
qwen2.5-vl/pope/ricd/aokvqa/adversarial/seed1:  47%|████▋     | 1398/3000 [15:24<19:15,  1.39it/s]
qwen2.5-vl/pope/ricd/aokvqa/adversarial/seed1:  47%|████▋     | 1399/3000 [15:25<19:14,  1.39it/s]
qwen2.5-vl/pope/ricd/aokvqa/adversarial/seed1:  47%|████▋     | 1400/3000 [15:26<19:15,  1.39it/s]
qwen2.5-vl/pope/ricd/aokvqa/adversarial/seed1:  47%|████▋     | 1401/3000 [15:26<19:14,  1.38it/s]
qwen2.5-vl/pope/ricd/aokvqa/adversarial/seed1:  47%|████▋     | 1402/3000 [15:27<19:17,  1.38it/s]
qwen2.5-vl/pope/ricd/aokvqa/adversarial/seed1:  47%|████▋     | 1403/3000 [15:28<19:21,  1.38it/s]
qwen2.5-vl/pope/ricd/aokvqa/adversarial/seed1:  47%|████▋     | 1404/3000 [15:29<19:19,  1.38it/s]
qwen2.5-vl/pope/ricd/aokvqa/adversarial/seed1:  47%|████▋     | 1405/3000 [15:29<18:21,  1.45it/s]
qwen2.5-vl/pope/ricd/aokvqa/adversarial/seed1:  47%|████▋     | 1406/3000 [15:30<17:41,  1.50it/s]
qwen2.5-vl/pope/ricd/aokvqa/adversarial/seed1:  47%|████▋     | 1407/3000 [15:30<17:17,  1.54it/s]
qwen2.5-vl/pope/ricd/aokvqa/adversarial/seed1:  47%|████▋     | 1408/3000 [15:31<16:59,  1.56it/s]
qwen2.5-vl/pope/ricd/aokvqa/adversarial/seed1:  47%|████▋     | 1409/3000 [15:32<16:47,  1.58it/s]
qwen2.5-vl/pope/ricd/aokvqa/adversarial/seed1:  47%|████▋     | 1410/3000 [15:32<16:37,  1.59it/s]
qwen2.5-vl/pope/ricd/aokvqa/adversarial/seed1:  47%|████▋     | 1411/3000 [15:33<16:33,  1.60it/s]
qwen2.5-vl/pope/ricd/aokvqa/adversarial/seed1:  47%|████▋     | 1412/3000 [15:33<16:29,  1.61it/s]
qwen2.5-vl/pope/ricd/aokvqa/adversarial/seed1:  47%|████▋     | 1413/3000 [15:34<16:24,  1.61it/s]
qwen2.5-vl/pope/ricd/aokvqa/adversarial/seed1:  47%|████▋     | 1414/3000 [15:35<16:21,  1.62it/s]
qwen2.5-vl/pope/ricd/aokvqa/adversarial/seed1:  47%|████▋     | 1415/3000 [15:35<16:19,  1.62it/s]
qwen2.5-vl/pope/ricd/aokvqa/adversarial/seed1:  47%|████▋     | 1416/3000 [15:36<16:19,  1.62it/s]
qwen2.5-vl/pope/ricd/aokvqa/adversarial/seed1:  47%|████▋     | 1417/3000 [15:36<14:39,  1.80it/s]
qwen2.5-vl/pope/ricd/aokvqa/adversarial/seed1:  47%|████▋     | 1418/3000 [15:37<13:16,  1.99it/s]
qwen2.5-vl/pope/ricd/aokvqa/adversarial/seed1:  47%|████▋     | 1419/3000 [15:37<12:16,  2.15it/s]
qwen2.5-vl/pope/ricd/aokvqa/adversarial/seed1:  47%|████▋     | 1420/3000 [15:37<11:35,  2.27it/s]
qwen2.5-vl/pope/ricd/aokvqa/adversarial/seed1:  47%|████▋     | 1421/3000 [15:38<11:09,  2.36it/s]
qwen2.5-vl/pope/ricd/aokvqa/adversarial/seed1:  47%|████▋     | 1422/3000 [15:38<10:48,  2.43it/s]
qwen2.5-vl/pope/ricd/aokvqa/adversarial/seed1:  47%|████▋     | 1423/3000 [15:39<14:11,  1.85it/s]
qwen2.5-vl/pope/ricd/aokvqa/adversarial/seed1:  47%|████▋     | 1424/3000 [15:40<16:24,  1.60it/s]
qwen2.5-vl/pope/ricd/aokvqa/adversarial/seed1:  48%|████▊     | 1425/3000 [15:41<17:56,  1.46it/s]
qwen2.5-vl/pope/ricd/aokvqa/adversarial/seed1:  48%|████▊     | 1426/3000 [15:41<18:56,  1.38it/s]
qwen2.5-vl/pope/ricd/aokvqa/adversarial/seed1:  48%|████▊     | 1427/3000 [15:42<19:38,  1.33it/s]
qwen2.5-vl/pope/ricd/aokvqa/adversarial/seed1:  48%|████▊     | 1428/3000 [15:43<20:09,  1.30it/s]
qwen2.5-vl/pope/ricd/aokvqa/adversarial/seed1:  48%|████▊     | 1429/3000 [15:44<18:50,  1.39it/s]
qwen2.5-vl/pope/ricd/aokvqa/adversarial/seed1:  48%|████▊     | 1430/3000 [15:44<17:47,  1.47it/s]
qwen2.5-vl/pope/ricd/aokvqa/adversarial/seed1:  48%|████▊     | 1431/3000 [15:45<17:02,  1.54it/s]
qwen2.5-vl/pope/ricd/aokvqa/adversarial/seed1:  48%|████▊     | 1432/3000 [15:45<16:30,  1.58it/s]
qwen2.5-vl/pope/ricd/aokvqa/adversarial/seed1:  48%|████▊     | 1433/3000 [15:46<16:09,  1.62it/s]
qwen2.5-vl/pope/ricd/aokvqa/adversarial/seed1:  48%|████▊     | 1434/3000 [15:47<15:54,  1.64it/s]
qwen2.5-vl/pope/ricd/aokvqa/adversarial/seed1:  48%|████▊     | 1435/3000 [15:47<16:44,  1.56it/s]
qwen2.5-vl/pope/ricd/aokvqa/adversarial/seed1:  48%|████▊     | 1436/3000 [15:48<17:25,  1.50it/s]
qwen2.5-vl/pope/ricd/aokvqa/adversarial/seed1:  48%|████▊     | 1437/3000 [15:49<17:45,  1.47it/s]
qwen2.5-vl/pope/ricd/aokvqa/adversarial/seed1:  48%|████▊     | 1438/3000 [15:50<18:01,  1.44it/s]
qwen2.5-vl/pope/ricd/aokvqa/adversarial/seed1:  48%|████▊     | 1439/3000 [15:50<18:14,  1.43it/s]
qwen2.5-vl/pope/ricd/aokvqa/adversarial/seed1:  48%|████▊     | 1440/3000 [15:51<18:23,  1.41it/s]
qwen2.5-vl/pope/ricd/aokvqa/adversarial/seed1:  48%|████▊     | 1441/3000 [15:52<18:37,  1.40it/s]
qwen2.5-vl/pope/ricd/aokvqa/adversarial/seed1:  48%|████▊     | 1442/3000 [15:52<18:43,  1.39it/s]
qwen2.5-vl/pope/ricd/aokvqa/adversarial/seed1:  48%|████▊     | 1443/3000 [15:53<18:54,  1.37it/s]
qwen2.5-vl/pope/ricd/aokvqa/adversarial/seed1:  48%|████▊     | 1444/3000 [15:54<19:15,  1.35it/s]
qwen2.5-vl/pope/ricd/aokvqa/adversarial/seed1:  48%|████▊     | 1445/3000 [15:55<19:28,  1.33it/s]
qwen2.5-vl/pope/ricd/aokvqa/adversarial/seed1:  48%|████▊     | 1446/3000 [15:56<19:35,  1.32it/s]
qwen2.5-vl/pope/ricd/aokvqa/adversarial/seed1:  48%|████▊     | 1447/3000 [15:56<19:32,  1.32it/s]
qwen2.5-vl/pope/ricd/aokvqa/adversarial/seed1:  48%|████▊     | 1448/3000 [15:57<19:20,  1.34it/s]
qwen2.5-vl/pope/ricd/aokvqa/adversarial/seed1:  48%|████▊     | 1449/3000 [15:58<19:04,  1.35it/s]
qwen2.5-vl/pope/ricd/aokvqa/adversarial/seed1:  48%|████▊     | 1450/3000 [15:58<18:56,  1.36it/s]
qwen2.5-vl/pope/ricd/aokvqa/adversarial/seed1:  48%|████▊     | 1451/3000 [15:59<18:50,  1.37it/s]
qwen2.5-vl/pope/ricd/aokvqa/adversarial/seed1:  48%|████▊     | 1452/3000 [16:00<18:48,  1.37it/s]
qwen2.5-vl/pope/ricd/aokvqa/adversarial/seed1:  48%|████▊     | 1453/3000 [16:01<18:36,  1.39it/s]
qwen2.5-vl/pope/ricd/aokvqa/adversarial/seed1:  48%|████▊     | 1454/3000 [16:01<18:31,  1.39it/s]
qwen2.5-vl/pope/ricd/aokvqa/adversarial/seed1:  48%|████▊     | 1455/3000 [16:02<18:24,  1.40it/s]
qwen2.5-vl/pope/ricd/aokvqa/adversarial/seed1:  49%|████▊     | 1456/3000 [16:03<18:21,  1.40it/s]
qwen2.5-vl/pope/ricd/aokvqa/adversarial/seed1:  49%|████▊     | 1457/3000 [16:03<18:19,  1.40it/s]
qwen2.5-vl/pope/ricd/aokvqa/adversarial/seed1:  49%|████▊     | 1458/3000 [16:04<18:34,  1.38it/s]
qwen2.5-vl/pope/ricd/aokvqa/adversarial/seed1:  49%|████▊     | 1459/3000 [16:05<18:44,  1.37it/s]
qwen2.5-vl/pope/ricd/aokvqa/adversarial/seed1:  49%|████▊     | 1460/3000 [16:06<18:45,  1.37it/s]
qwen2.5-vl/pope/ricd/aokvqa/adversarial/seed1:  49%|████▊     | 1461/3000 [16:06<18:46,  1.37it/s]
qwen2.5-vl/pope/ricd/aokvqa/adversarial/seed1:  49%|████▊     | 1462/3000 [16:07<18:44,  1.37it/s]
qwen2.5-vl/pope/ricd/aokvqa/adversarial/seed1:  49%|████▉     | 1463/3000 [16:08<18:46,  1.37it/s]
qwen2.5-vl/pope/ricd/aokvqa/adversarial/seed1:  49%|████▉     | 1464/3000 [16:09<18:46,  1.36it/s]
qwen2.5-vl/pope/ricd/aokvqa/adversarial/seed1:  49%|████▉     | 1465/3000 [16:09<18:45,  1.36it/s]
qwen2.5-vl/pope/ricd/aokvqa/adversarial/seed1:  49%|████▉     | 1466/3000 [16:10<18:46,  1.36it/s]
qwen2.5-vl/pope/ricd/aokvqa/adversarial/seed1:  49%|████▉     | 1467/3000 [16:11<18:41,  1.37it/s]
qwen2.5-vl/pope/ricd/aokvqa/adversarial/seed1:  49%|████▉     | 1468/3000 [16:12<18:36,  1.37it/s]
qwen2.5-vl/pope/ricd/aokvqa/adversarial/seed1:  49%|████▉     | 1469/3000 [16:12<18:32,  1.38it/s]
qwen2.5-vl/pope/ricd/aokvqa/adversarial/seed1:  49%|████▉     | 1470/3000 [16:13<18:28,  1.38it/s]
qwen2.5-vl/pope/ricd/aokvqa/adversarial/seed1:  49%|████▉     | 1471/3000 [16:14<18:27,  1.38it/s]
qwen2.5-vl/pope/ricd/aokvqa/adversarial/seed1:  49%|████▉     | 1472/3000 [16:14<18:23,  1.38it/s]
qwen2.5-vl/pope/ricd/aokvqa/adversarial/seed1:  49%|████▉     | 1473/3000 [16:15<18:21,  1.39it/s]
qwen2.5-vl/pope/ricd/aokvqa/adversarial/seed1:  49%|████▉     | 1474/3000 [16:16<18:23,  1.38it/s]
qwen2.5-vl/pope/ricd/aokvqa/adversarial/seed1:  49%|████▉     | 1475/3000 [16:17<18:26,  1.38it/s]
qwen2.5-vl/pope/ricd/aokvqa/adversarial/seed1:  49%|████▉     | 1476/3000 [16:17<18:28,  1.37it/s]
qwen2.5-vl/pope/ricd/aokvqa/adversarial/seed1:  49%|████▉     | 1477/3000 [16:18<17:21,  1.46it/s]
qwen2.5-vl/pope/ricd/aokvqa/adversarial/seed1:  49%|████▉     | 1478/3000 [16:18<16:33,  1.53it/s]
qwen2.5-vl/pope/ricd/aokvqa/adversarial/seed1:  49%|████▉     | 1479/3000 [16:19<15:58,  1.59it/s]
qwen2.5-vl/pope/ricd/aokvqa/adversarial/seed1:  49%|████▉     | 1480/3000 [16:20<15:34,  1.63it/s]
qwen2.5-vl/pope/ricd/aokvqa/adversarial/seed1:  49%|████▉     | 1481/3000 [16:20<15:16,  1.66it/s]
qwen2.5-vl/pope/ricd/aokvqa/adversarial/seed1:  49%|████▉     | 1482/3000 [16:21<15:03,  1.68it/s]
qwen2.5-vl/pope/ricd/aokvqa/adversarial/seed1:  49%|████▉     | 1483/3000 [16:21<16:02,  1.58it/s]
qwen2.5-vl/pope/ricd/aokvqa/adversarial/seed1:  49%|████▉     | 1484/3000 [16:22<16:43,  1.51it/s]
qwen2.5-vl/pope/ricd/aokvqa/adversarial/seed1:  50%|████▉     | 1485/3000 [16:23<17:11,  1.47it/s]
qwen2.5-vl/pope/ricd/aokvqa/adversarial/seed1:  50%|████▉     | 1486/3000 [16:24<17:32,  1.44it/s]
qwen2.5-vl/pope/ricd/aokvqa/adversarial/seed1:  50%|████▉     | 1487/3000 [16:24<17:48,  1.42it/s]
qwen2.5-vl/pope/ricd/aokvqa/adversarial/seed1:  50%|████▉     | 1488/3000 [16:25<17:55,  1.41it/s]
qwen2.5-vl/pope/ricd/aokvqa/adversarial/seed1:  50%|████▉     | 1489/3000 [16:26<18:00,  1.40it/s]
qwen2.5-vl/pope/ricd/aokvqa/adversarial/seed1:  50%|████▉     | 1490/3000 [16:27<18:04,  1.39it/s]
qwen2.5-vl/pope/ricd/aokvqa/adversarial/seed1:  50%|████▉     | 1491/3000 [16:27<18:06,  1.39it/s]
qwen2.5-vl/pope/ricd/aokvqa/adversarial/seed1:  50%|████▉     | 1492/3000 [16:28<18:06,  1.39it/s]
qwen2.5-vl/pope/ricd/aokvqa/adversarial/seed1:  50%|████▉     | 1493/3000 [16:29<18:08,  1.39it/s]
qwen2.5-vl/pope/ricd/aokvqa/adversarial/seed1:  50%|████▉     | 1494/3000 [16:29<18:07,  1.38it/s]
qwen2.5-vl/pope/ricd/aokvqa/adversarial/seed1:  50%|████▉     | 1495/3000 [16:30<17:14,  1.46it/s]
qwen2.5-vl/pope/ricd/aokvqa/adversarial/seed1:  50%|████▉     | 1496/3000 [16:31<16:36,  1.51it/s]
qwen2.5-vl/pope/ricd/aokvqa/adversarial/seed1:  50%|████▉     | 1497/3000 [16:31<16:10,  1.55it/s]
qwen2.5-vl/pope/ricd/aokvqa/adversarial/seed1:  50%|████▉     | 1498/3000 [16:32<15:51,  1.58it/s]
qwen2.5-vl/pope/ricd/aokvqa/adversarial/seed1:  50%|████▉     | 1499/3000 [16:33<15:36,  1.60it/s]
qwen2.5-vl/pope/ricd/aokvqa/adversarial/seed1:  50%|█████     | 1500/3000 [16:33<15:28,  1.62it/s]
qwen2.5-vl/pope/ricd/aokvqa/adversarial/seed1:  50%|█████     | 1501/3000 [16:34<16:14,  1.54it/s]
qwen2.5-vl/pope/ricd/aokvqa/adversarial/seed1:  50%|█████     | 1502/3000 [16:35<16:45,  1.49it/s]
qwen2.5-vl/pope/ricd/aokvqa/adversarial/seed1:  50%|█████     | 1503/3000 [16:35<17:13,  1.45it/s]
qwen2.5-vl/pope/ricd/aokvqa/adversarial/seed1:  50%|█████     | 1504/3000 [16:36<17:29,  1.42it/s]
qwen2.5-vl/pope/ricd/aokvqa/adversarial/seed1:  50%|█████     | 1505/3000 [16:37<17:38,  1.41it/s]
qwen2.5-vl/pope/ricd/aokvqa/adversarial/seed1:  50%|█████     | 1506/3000 [16:37<17:45,  1.40it/s]
qwen2.5-vl/pope/ricd/aokvqa/adversarial/seed1:  50%|█████     | 1507/3000 [16:38<16:36,  1.50it/s]
qwen2.5-vl/pope/ricd/aokvqa/adversarial/seed1:  50%|█████     | 1508/3000 [16:39<15:46,  1.58it/s]
qwen2.5-vl/pope/ricd/aokvqa/adversarial/seed1:  50%|█████     | 1509/3000 [16:39<15:11,  1.64it/s]
qwen2.5-vl/pope/ricd/aokvqa/adversarial/seed1:  50%|█████     | 1510/3000 [16:40<14:48,  1.68it/s]
qwen2.5-vl/pope/ricd/aokvqa/adversarial/seed1:  50%|█████     | 1511/3000 [16:40<14:30,  1.71it/s]
qwen2.5-vl/pope/ricd/aokvqa/adversarial/seed1:  50%|█████     | 1512/3000 [16:41<14:17,  1.74it/s]
qwen2.5-vl/pope/ricd/aokvqa/adversarial/seed1:  50%|█████     | 1513/3000 [16:41<14:28,  1.71it/s]
qwen2.5-vl/pope/ricd/aokvqa/adversarial/seed1:  50%|█████     | 1514/3000 [16:42<14:36,  1.69it/s]
qwen2.5-vl/pope/ricd/aokvqa/adversarial/seed1:  50%|█████     | 1515/3000 [16:43<14:41,  1.68it/s]
qwen2.5-vl/pope/ricd/aokvqa/adversarial/seed1:  51%|█████     | 1516/3000 [16:43<14:45,  1.68it/s]
qwen2.5-vl/pope/ricd/aokvqa/adversarial/seed1:  51%|█████     | 1517/3000 [16:44<14:47,  1.67it/s]
qwen2.5-vl/pope/ricd/aokvqa/adversarial/seed1:  51%|█████     | 1518/3000 [16:44<14:48,  1.67it/s]
qwen2.5-vl/pope/ricd/aokvqa/adversarial/seed1:  51%|█████     | 1519/3000 [16:45<14:29,  1.70it/s]
qwen2.5-vl/pope/ricd/aokvqa/adversarial/seed1:  51%|█████     | 1520/3000 [16:46<14:17,  1.73it/s]
qwen2.5-vl/pope/ricd/aokvqa/adversarial/seed1:  51%|█████     | 1521/3000 [16:46<14:07,  1.74it/s]
qwen2.5-vl/pope/ricd/aokvqa/adversarial/seed1:  51%|█████     | 1522/3000 [16:47<14:00,  1.76it/s]
qwen2.5-vl/pope/ricd/aokvqa/adversarial/seed1:  51%|█████     | 1523/3000 [16:47<13:55,  1.77it/s]
qwen2.5-vl/pope/ricd/aokvqa/adversarial/seed1:  51%|█████     | 1524/3000 [16:48<13:51,  1.77it/s]
qwen2.5-vl/pope/ricd/aokvqa/adversarial/seed1:  51%|█████     | 1525/3000 [16:49<15:03,  1.63it/s]
qwen2.5-vl/pope/ricd/aokvqa/adversarial/seed1:  51%|█████     | 1526/3000 [16:49<15:58,  1.54it/s]
qwen2.5-vl/pope/ricd/aokvqa/adversarial/seed1:  51%|█████     | 1527/3000 [16:50<16:42,  1.47it/s]
qwen2.5-vl/pope/ricd/aokvqa/adversarial/seed1:  51%|█████     | 1528/3000 [16:51<17:08,  1.43it/s]
qwen2.5-vl/pope/ricd/aokvqa/adversarial/seed1:  51%|█████     | 1529/3000 [16:51<17:23,  1.41it/s]
qwen2.5-vl/pope/ricd/aokvqa/adversarial/seed1:  51%|█████     | 1530/3000 [16:52<17:32,  1.40it/s]
qwen2.5-vl/pope/ricd/aokvqa/adversarial/seed1:  51%|█████     | 1531/3000 [16:53<16:47,  1.46it/s]
qwen2.5-vl/pope/ricd/aokvqa/adversarial/seed1:  51%|█████     | 1532/3000 [16:53<16:14,  1.51it/s]
qwen2.5-vl/pope/ricd/aokvqa/adversarial/seed1:  51%|█████     | 1533/3000 [16:54<15:50,  1.54it/s]
qwen2.5-vl/pope/ricd/aokvqa/adversarial/seed1:  51%|█████     | 1534/3000 [16:55<15:33,  1.57it/s]
qwen2.5-vl/pope/ricd/aokvqa/adversarial/seed1:  51%|█████     | 1535/3000 [16:55<15:21,  1.59it/s]
qwen2.5-vl/pope/ricd/aokvqa/adversarial/seed1:  51%|█████     | 1536/3000 [16:56<15:12,  1.60it/s]
qwen2.5-vl/pope/ricd/aokvqa/adversarial/seed1:  51%|█████     | 1537/3000 [16:57<15:57,  1.53it/s]
qwen2.5-vl/pope/ricd/aokvqa/adversarial/seed1:  51%|█████▏    | 1538/3000 [16:57<16:29,  1.48it/s]
qwen2.5-vl/pope/ricd/aokvqa/adversarial/seed1:  51%|█████▏    | 1539/3000 [16:58<16:50,  1.45it/s]
qwen2.5-vl/pope/ricd/aokvqa/adversarial/seed1:  51%|█████▏    | 1540/3000 [16:59<17:04,  1.43it/s]
qwen2.5-vl/pope/ricd/aokvqa/adversarial/seed1:  51%|█████▏    | 1541/3000 [17:00<17:13,  1.41it/s]
qwen2.5-vl/pope/ricd/aokvqa/adversarial/seed1:  51%|█████▏    | 1542/3000 [17:00<17:20,  1.40it/s]
qwen2.5-vl/pope/ricd/aokvqa/adversarial/seed1:  51%|█████▏    | 1543/3000 [17:01<16:32,  1.47it/s]
qwen2.5-vl/pope/ricd/aokvqa/adversarial/seed1:  51%|█████▏    | 1544/3000 [17:01<16:00,  1.52it/s]
qwen2.5-vl/pope/ricd/aokvqa/adversarial/seed1:  52%|█████▏    | 1545/3000 [17:02<15:36,  1.55it/s]
qwen2.5-vl/pope/ricd/aokvqa/adversarial/seed1:  52%|█████▏    | 1546/3000 [17:03<15:19,  1.58it/s]
qwen2.5-vl/pope/ricd/aokvqa/adversarial/seed1:  52%|█████▏    | 1547/3000 [17:03<15:10,  1.60it/s]
qwen2.5-vl/pope/ricd/aokvqa/adversarial/seed1:  52%|█████▏    | 1548/3000 [17:04<15:06,  1.60it/s]
qwen2.5-vl/pope/ricd/aokvqa/adversarial/seed1:  52%|█████▏    | 1549/3000 [17:05<16:15,  1.49it/s]
qwen2.5-vl/pope/ricd/aokvqa/adversarial/seed1:  52%|█████▏    | 1550/3000 [17:05<16:58,  1.42it/s]
qwen2.5-vl/pope/ricd/aokvqa/adversarial/seed1:  52%|█████▏    | 1551/3000 [17:06<17:27,  1.38it/s]
qwen2.5-vl/pope/ricd/aokvqa/adversarial/seed1:  52%|█████▏    | 1552/3000 [17:07<17:48,  1.36it/s]
qwen2.5-vl/pope/ricd/aokvqa/adversarial/seed1:  52%|█████▏    | 1553/3000 [17:08<18:01,  1.34it/s]
qwen2.5-vl/pope/ricd/aokvqa/adversarial/seed1:  52%|█████▏    | 1554/3000 [17:09<18:12,  1.32it/s]
qwen2.5-vl/pope/ricd/aokvqa/adversarial/seed1:  52%|█████▏    | 1555/3000 [17:09<17:56,  1.34it/s]
qwen2.5-vl/pope/ricd/aokvqa/adversarial/seed1:  52%|█████▏    | 1556/3000 [17:10<17:45,  1.36it/s]
qwen2.5-vl/pope/ricd/aokvqa/adversarial/seed1:  52%|█████▏    | 1557/3000 [17:11<17:37,  1.36it/s]
qwen2.5-vl/pope/ricd/aokvqa/adversarial/seed1:  52%|█████▏    | 1558/3000 [17:11<17:31,  1.37it/s]
qwen2.5-vl/pope/ricd/aokvqa/adversarial/seed1:  52%|█████▏    | 1559/3000 [17:12<17:28,  1.37it/s]
qwen2.5-vl/pope/ricd/aokvqa/adversarial/seed1:  52%|█████▏    | 1560/3000 [17:13<17:24,  1.38it/s]
qwen2.5-vl/pope/ricd/aokvqa/adversarial/seed1:  52%|█████▏    | 1561/3000 [17:13<16:31,  1.45it/s]
qwen2.5-vl/pope/ricd/aokvqa/adversarial/seed1:  52%|█████▏    | 1562/3000 [17:14<15:54,  1.51it/s]
qwen2.5-vl/pope/ricd/aokvqa/adversarial/seed1:  52%|█████▏    | 1563/3000 [17:15<15:28,  1.55it/s]
qwen2.5-vl/pope/ricd/aokvqa/adversarial/seed1:  52%|█████▏    | 1564/3000 [17:15<15:10,  1.58it/s]
qwen2.5-vl/pope/ricd/aokvqa/adversarial/seed1:  52%|█████▏    | 1565/3000 [17:16<14:56,  1.60it/s]
qwen2.5-vl/pope/ricd/aokvqa/adversarial/seed1:  52%|█████▏    | 1566/3000 [17:16<14:48,  1.61it/s]
qwen2.5-vl/pope/ricd/aokvqa/adversarial/seed1:  52%|█████▏    | 1567/3000 [17:17<14:41,  1.63it/s]
qwen2.5-vl/pope/ricd/aokvqa/adversarial/seed1:  52%|█████▏    | 1568/3000 [17:18<14:38,  1.63it/s]
qwen2.5-vl/pope/ricd/aokvqa/adversarial/seed1:  52%|█████▏    | 1569/3000 [17:18<14:36,  1.63it/s]
qwen2.5-vl/pope/ricd/aokvqa/adversarial/seed1:  52%|█████▏    | 1570/3000 [17:19<14:35,  1.63it/s]
qwen2.5-vl/pope/ricd/aokvqa/adversarial/seed1:  52%|█████▏    | 1571/3000 [17:20<14:44,  1.62it/s]
qwen2.5-vl/pope/ricd/aokvqa/adversarial/seed1:  52%|█████▏    | 1572/3000 [17:20<14:52,  1.60it/s]
qwen2.5-vl/pope/ricd/aokvqa/adversarial/seed1:  52%|█████▏    | 1573/3000 [17:21<15:44,  1.51it/s]
qwen2.5-vl/pope/ricd/aokvqa/adversarial/seed1:  52%|█████▏    | 1574/3000 [17:22<16:08,  1.47it/s]
qwen2.5-vl/pope/ricd/aokvqa/adversarial/seed1:  52%|█████▎    | 1575/3000 [17:22<16:20,  1.45it/s]
qwen2.5-vl/pope/ricd/aokvqa/adversarial/seed1:  53%|█████▎    | 1576/3000 [17:23<16:29,  1.44it/s]
qwen2.5-vl/pope/ricd/aokvqa/adversarial/seed1:  53%|█████▎    | 1577/3000 [17:24<16:36,  1.43it/s]
qwen2.5-vl/pope/ricd/aokvqa/adversarial/seed1:  53%|█████▎    | 1578/3000 [17:25<16:42,  1.42it/s]
qwen2.5-vl/pope/ricd/aokvqa/adversarial/seed1:  53%|█████▎    | 1579/3000 [17:25<15:56,  1.49it/s]
qwen2.5-vl/pope/ricd/aokvqa/adversarial/seed1:  53%|█████▎    | 1580/3000 [17:26<15:27,  1.53it/s]
qwen2.5-vl/pope/ricd/aokvqa/adversarial/seed1:  53%|█████▎    | 1581/3000 [17:26<15:04,  1.57it/s]
qwen2.5-vl/pope/ricd/aokvqa/adversarial/seed1:  53%|█████▎    | 1582/3000 [17:27<14:48,  1.60it/s]
qwen2.5-vl/pope/ricd/aokvqa/adversarial/seed1:  53%|█████▎    | 1583/3000 [17:28<14:38,  1.61it/s]
qwen2.5-vl/pope/ricd/aokvqa/adversarial/seed1:  53%|█████▎    | 1584/3000 [17:28<14:30,  1.63it/s]
qwen2.5-vl/pope/ricd/aokvqa/adversarial/seed1:  53%|█████▎    | 1585/3000 [17:29<15:16,  1.54it/s]
qwen2.5-vl/pope/ricd/aokvqa/adversarial/seed1:  53%|█████▎    | 1586/3000 [17:30<15:48,  1.49it/s]
qwen2.5-vl/pope/ricd/aokvqa/adversarial/seed1:  53%|█████▎    | 1587/3000 [17:30<16:11,  1.45it/s]
qwen2.5-vl/pope/ricd/aokvqa/adversarial/seed1:  53%|█████▎    | 1588/3000 [17:31<16:26,  1.43it/s]
qwen2.5-vl/pope/ricd/aokvqa/adversarial/seed1:  53%|█████▎    | 1589/3000 [17:32<16:38,  1.41it/s]
qwen2.5-vl/pope/ricd/aokvqa/adversarial/seed1:  53%|█████▎    | 1590/3000 [17:32<16:44,  1.40it/s]
qwen2.5-vl/pope/ricd/aokvqa/adversarial/seed1:  53%|█████▎    | 1591/3000 [17:33<16:50,  1.39it/s]
qwen2.5-vl/pope/ricd/aokvqa/adversarial/seed1:  53%|█████▎    | 1592/3000 [17:34<16:53,  1.39it/s]
qwen2.5-vl/pope/ricd/aokvqa/adversarial/seed1:  53%|█████▎    | 1593/3000 [17:35<16:58,  1.38it/s]
qwen2.5-vl/pope/ricd/aokvqa/adversarial/seed1:  53%|█████▎    | 1594/3000 [17:35<16:58,  1.38it/s]
qwen2.5-vl/pope/ricd/aokvqa/adversarial/seed1:  53%|█████▎    | 1595/3000 [17:36<16:58,  1.38it/s]
qwen2.5-vl/pope/ricd/aokvqa/adversarial/seed1:  53%|█████▎    | 1596/3000 [17:37<17:00,  1.38it/s]
qwen2.5-vl/pope/ricd/aokvqa/adversarial/seed1:  53%|█████▎    | 1597/3000 [17:38<16:48,  1.39it/s]
qwen2.5-vl/pope/ricd/aokvqa/adversarial/seed1:  53%|█████▎    | 1598/3000 [17:38<16:42,  1.40it/s]
qwen2.5-vl/pope/ricd/aokvqa/adversarial/seed1:  53%|█████▎    | 1599/3000 [17:39<16:50,  1.39it/s]
qwen2.5-vl/pope/ricd/aokvqa/adversarial/seed1:  53%|█████▎    | 1600/3000 [17:40<16:50,  1.39it/s]
qwen2.5-vl/pope/ricd/aokvqa/adversarial/seed1:  53%|█████▎    | 1601/3000 [17:40<16:48,  1.39it/s]
qwen2.5-vl/pope/ricd/aokvqa/adversarial/seed1:  53%|█████▎    | 1602/3000 [17:41<16:42,  1.40it/s]
qwen2.5-vl/pope/ricd/aokvqa/adversarial/seed1:  53%|█████▎    | 1603/3000 [17:42<15:56,  1.46it/s]
qwen2.5-vl/pope/ricd/aokvqa/adversarial/seed1:  53%|█████▎    | 1604/3000 [17:42<15:23,  1.51it/s]
qwen2.5-vl/pope/ricd/aokvqa/adversarial/seed1:  54%|█████▎    | 1605/3000 [17:43<15:00,  1.55it/s]
qwen2.5-vl/pope/ricd/aokvqa/adversarial/seed1:  54%|█████▎    | 1606/3000 [17:44<14:43,  1.58it/s]
qwen2.5-vl/pope/ricd/aokvqa/adversarial/seed1:  54%|█████▎    | 1607/3000 [17:44<14:32,  1.60it/s]
qwen2.5-vl/pope/ricd/aokvqa/adversarial/seed1:  54%|█████▎    | 1608/3000 [17:45<14:27,  1.60it/s]
qwen2.5-vl/pope/ricd/aokvqa/adversarial/seed1:  54%|█████▎    | 1609/3000 [17:46<15:24,  1.51it/s]
qwen2.5-vl/pope/ricd/aokvqa/adversarial/seed1:  54%|█████▎    | 1610/3000 [17:46<16:02,  1.44it/s]
qwen2.5-vl/pope/ricd/aokvqa/adversarial/seed1:  54%|█████▎    | 1611/3000 [17:47<16:27,  1.41it/s]
qwen2.5-vl/pope/ricd/aokvqa/adversarial/seed1:  54%|█████▎    | 1612/3000 [17:48<16:31,  1.40it/s]
qwen2.5-vl/pope/ricd/aokvqa/adversarial/seed1:  54%|█████▍    | 1613/3000 [17:49<16:37,  1.39it/s]
qwen2.5-vl/pope/ricd/aokvqa/adversarial/seed1:  54%|█████▍    | 1614/3000 [17:49<16:45,  1.38it/s]
qwen2.5-vl/pope/ricd/aokvqa/adversarial/seed1:  54%|█████▍    | 1615/3000 [17:50<16:59,  1.36it/s]
qwen2.5-vl/pope/ricd/aokvqa/adversarial/seed1:  54%|█████▍    | 1616/3000 [17:51<17:07,  1.35it/s]
qwen2.5-vl/pope/ricd/aokvqa/adversarial/seed1:  54%|█████▍    | 1617/3000 [17:52<17:10,  1.34it/s]
qwen2.5-vl/pope/ricd/aokvqa/adversarial/seed1:  54%|█████▍    | 1618/3000 [17:52<17:01,  1.35it/s]
qwen2.5-vl/pope/ricd/aokvqa/adversarial/seed1:  54%|█████▍    | 1619/3000 [17:53<16:53,  1.36it/s]
qwen2.5-vl/pope/ricd/aokvqa/adversarial/seed1:  54%|█████▍    | 1620/3000 [17:54<16:57,  1.36it/s]
qwen2.5-vl/pope/ricd/aokvqa/adversarial/seed1:  54%|█████▍    | 1621/3000 [17:54<16:04,  1.43it/s]
qwen2.5-vl/pope/ricd/aokvqa/adversarial/seed1:  54%|█████▍    | 1622/3000 [17:55<15:26,  1.49it/s]
qwen2.5-vl/pope/ricd/aokvqa/adversarial/seed1:  54%|█████▍    | 1623/3000 [17:56<14:57,  1.53it/s]
qwen2.5-vl/pope/ricd/aokvqa/adversarial/seed1:  54%|█████▍    | 1624/3000 [17:56<14:40,  1.56it/s]
qwen2.5-vl/pope/ricd/aokvqa/adversarial/seed1:  54%|█████▍    | 1625/3000 [17:57<14:28,  1.58it/s]
qwen2.5-vl/pope/ricd/aokvqa/adversarial/seed1:  54%|█████▍    | 1626/3000 [17:57<14:24,  1.59it/s]
qwen2.5-vl/pope/ricd/aokvqa/adversarial/seed1:  54%|█████▍    | 1627/3000 [17:58<13:56,  1.64it/s]
qwen2.5-vl/pope/ricd/aokvqa/adversarial/seed1:  54%|█████▍    | 1628/3000 [17:59<13:36,  1.68it/s]
qwen2.5-vl/pope/ricd/aokvqa/adversarial/seed1:  54%|█████▍    | 1629/3000 [17:59<13:21,  1.71it/s]
qwen2.5-vl/pope/ricd/aokvqa/adversarial/seed1:  54%|█████▍    | 1630/3000 [18:00<13:12,  1.73it/s]
qwen2.5-vl/pope/ricd/aokvqa/adversarial/seed1:  54%|█████▍    | 1631/3000 [18:00<13:09,  1.74it/s]
qwen2.5-vl/pope/ricd/aokvqa/adversarial/seed1:  54%|█████▍    | 1632/3000 [18:01<13:04,  1.74it/s]
qwen2.5-vl/pope/ricd/aokvqa/adversarial/seed1:  54%|█████▍    | 1633/3000 [18:02<14:08,  1.61it/s]
qwen2.5-vl/pope/ricd/aokvqa/adversarial/seed1:  54%|█████▍    | 1634/3000 [18:02<14:52,  1.53it/s]
qwen2.5-vl/pope/ricd/aokvqa/adversarial/seed1:  55%|█████▍    | 1635/3000 [18:03<15:23,  1.48it/s]
qwen2.5-vl/pope/ricd/aokvqa/adversarial/seed1:  55%|█████▍    | 1636/3000 [18:04<15:43,  1.45it/s]
qwen2.5-vl/pope/ricd/aokvqa/adversarial/seed1:  55%|█████▍    | 1637/3000 [18:04<15:54,  1.43it/s]
qwen2.5-vl/pope/ricd/aokvqa/adversarial/seed1:  55%|█████▍    | 1638/3000 [18:05<16:01,  1.42it/s]
qwen2.5-vl/pope/ricd/aokvqa/adversarial/seed1:  55%|█████▍    | 1639/3000 [18:06<17:45,  1.28it/s]
qwen2.5-vl/pope/ricd/aokvqa/adversarial/seed1:  55%|█████▍    | 1640/3000 [18:07<18:59,  1.19it/s]
qwen2.5-vl/pope/ricd/aokvqa/adversarial/seed1:  55%|█████▍    | 1641/3000 [18:08<19:48,  1.14it/s]
qwen2.5-vl/pope/ricd/aokvqa/adversarial/seed1:  55%|█████▍    | 1642/3000 [18:09<20:24,  1.11it/s]
qwen2.5-vl/pope/ricd/aokvqa/adversarial/seed1:  55%|█████▍    | 1643/3000 [18:10<20:46,  1.09it/s]
qwen2.5-vl/pope/ricd/aokvqa/adversarial/seed1:  55%|█████▍    | 1644/3000 [18:11<21:02,  1.07it/s]
qwen2.5-vl/pope/ricd/aokvqa/adversarial/seed1:  55%|█████▍    | 1645/3000 [18:12<19:39,  1.15it/s]
qwen2.5-vl/pope/ricd/aokvqa/adversarial/seed1:  55%|█████▍    | 1646/3000 [18:12<18:41,  1.21it/s]
qwen2.5-vl/pope/ricd/aokvqa/adversarial/seed1:  55%|█████▍    | 1647/3000 [18:13<18:02,  1.25it/s]
qwen2.5-vl/pope/ricd/aokvqa/adversarial/seed1:  55%|█████▍    | 1648/3000 [18:14<17:33,  1.28it/s]
qwen2.5-vl/pope/ricd/aokvqa/adversarial/seed1:  55%|█████▍    | 1649/3000 [18:15<17:12,  1.31it/s]
qwen2.5-vl/pope/ricd/aokvqa/adversarial/seed1:  55%|█████▌    | 1650/3000 [18:15<16:56,  1.33it/s]
qwen2.5-vl/pope/ricd/aokvqa/adversarial/seed1:  55%|█████▌    | 1651/3000 [18:16<15:58,  1.41it/s]
qwen2.5-vl/pope/ricd/aokvqa/adversarial/seed1:  55%|█████▌    | 1652/3000 [18:17<15:17,  1.47it/s]
qwen2.5-vl/pope/ricd/aokvqa/adversarial/seed1:  55%|█████▌    | 1653/3000 [18:17<14:45,  1.52it/s]
qwen2.5-vl/pope/ricd/aokvqa/adversarial/seed1:  55%|█████▌    | 1654/3000 [18:18<14:24,  1.56it/s]
qwen2.5-vl/pope/ricd/aokvqa/adversarial/seed1:  55%|█████▌    | 1655/3000 [18:18<14:07,  1.59it/s]
qwen2.5-vl/pope/ricd/aokvqa/adversarial/seed1:  55%|█████▌    | 1656/3000 [18:19<13:56,  1.61it/s]
qwen2.5-vl/pope/ricd/aokvqa/adversarial/seed1:  55%|█████▌    | 1657/3000 [18:20<14:36,  1.53it/s]
qwen2.5-vl/pope/ricd/aokvqa/adversarial/seed1:  55%|█████▌    | 1658/3000 [18:20<15:02,  1.49it/s]
qwen2.5-vl/pope/ricd/aokvqa/adversarial/seed1:  55%|█████▌    | 1659/3000 [18:21<15:21,  1.46it/s]
qwen2.5-vl/pope/ricd/aokvqa/adversarial/seed1:  55%|█████▌    | 1660/3000 [18:22<15:34,  1.43it/s]
qwen2.5-vl/pope/ricd/aokvqa/adversarial/seed1:  55%|█████▌    | 1661/3000 [18:23<15:43,  1.42it/s]
qwen2.5-vl/pope/ricd/aokvqa/adversarial/seed1:  55%|█████▌    | 1662/3000 [18:23<15:49,  1.41it/s]
qwen2.5-vl/pope/ricd/aokvqa/adversarial/seed1:  55%|█████▌    | 1663/3000 [18:24<16:59,  1.31it/s]
qwen2.5-vl/pope/ricd/aokvqa/adversarial/seed1:  55%|█████▌    | 1664/3000 [18:25<17:46,  1.25it/s]
qwen2.5-vl/pope/ricd/aokvqa/adversarial/seed1:  56%|█████▌    | 1665/3000 [18:26<18:19,  1.21it/s]
qwen2.5-vl/pope/ricd/aokvqa/adversarial/seed1:  56%|█████▌    | 1666/3000 [18:27<18:43,  1.19it/s]
qwen2.5-vl/pope/ricd/aokvqa/adversarial/seed1:  56%|█████▌    | 1667/3000 [18:28<19:20,  1.15it/s]
qwen2.5-vl/pope/ricd/aokvqa/adversarial/seed1:  56%|█████▌    | 1668/3000 [18:29<19:41,  1.13it/s]
qwen2.5-vl/pope/ricd/aokvqa/adversarial/seed1:  56%|█████▌    | 1669/3000 [18:29<18:34,  1.19it/s]
qwen2.5-vl/pope/ricd/aokvqa/adversarial/seed1:  56%|█████▌    | 1670/3000 [18:30<17:47,  1.25it/s]
qwen2.5-vl/pope/ricd/aokvqa/adversarial/seed1:  56%|█████▌    | 1671/3000 [18:31<17:15,  1.28it/s]
qwen2.5-vl/pope/ricd/aokvqa/adversarial/seed1:  56%|█████▌    | 1672/3000 [18:32<16:51,  1.31it/s]
qwen2.5-vl/pope/ricd/aokvqa/adversarial/seed1:  56%|█████▌    | 1673/3000 [18:32<16:36,  1.33it/s]
qwen2.5-vl/pope/ricd/aokvqa/adversarial/seed1:  56%|█████▌    | 1674/3000 [18:33<16:28,  1.34it/s]
qwen2.5-vl/pope/ricd/aokvqa/adversarial/seed1:  56%|█████▌    | 1675/3000 [18:34<15:34,  1.42it/s]
qwen2.5-vl/pope/ricd/aokvqa/adversarial/seed1:  56%|█████▌    | 1676/3000 [18:34<14:56,  1.48it/s]
qwen2.5-vl/pope/ricd/aokvqa/adversarial/seed1:  56%|█████▌    | 1677/3000 [18:35<14:32,  1.52it/s]
qwen2.5-vl/pope/ricd/aokvqa/adversarial/seed1:  56%|█████▌    | 1678/3000 [18:35<14:13,  1.55it/s]
qwen2.5-vl/pope/ricd/aokvqa/adversarial/seed1:  56%|█████▌    | 1679/3000 [18:36<13:59,  1.57it/s]
qwen2.5-vl/pope/ricd/aokvqa/adversarial/seed1:  56%|█████▌    | 1680/3000 [18:37<13:49,  1.59it/s]
qwen2.5-vl/pope/ricd/aokvqa/adversarial/seed1:  56%|█████▌    | 1681/3000 [18:37<14:30,  1.52it/s]
qwen2.5-vl/pope/ricd/aokvqa/adversarial/seed1:  56%|█████▌    | 1682/3000 [18:38<14:56,  1.47it/s]
qwen2.5-vl/pope/ricd/aokvqa/adversarial/seed1:  56%|█████▌    | 1683/3000 [18:39<15:11,  1.44it/s]
qwen2.5-vl/pope/ricd/aokvqa/adversarial/seed1:  56%|█████▌    | 1684/3000 [18:40<15:23,  1.43it/s]
qwen2.5-vl/pope/ricd/aokvqa/adversarial/seed1:  56%|█████▌    | 1685/3000 [18:40<15:31,  1.41it/s]
qwen2.5-vl/pope/ricd/aokvqa/adversarial/seed1:  56%|█████▌    | 1686/3000 [18:41<15:39,  1.40it/s]
qwen2.5-vl/pope/ricd/aokvqa/adversarial/seed1:  56%|█████▌    | 1687/3000 [18:42<15:56,  1.37it/s]
qwen2.5-vl/pope/ricd/aokvqa/adversarial/seed1:  56%|█████▋    | 1688/3000 [18:43<16:05,  1.36it/s]
qwen2.5-vl/pope/ricd/aokvqa/adversarial/seed1:  56%|█████▋    | 1689/3000 [18:43<16:09,  1.35it/s]
qwen2.5-vl/pope/ricd/aokvqa/adversarial/seed1:  56%|█████▋    | 1690/3000 [18:44<16:13,  1.35it/s]
qwen2.5-vl/pope/ricd/aokvqa/adversarial/seed1:  56%|█████▋    | 1691/3000 [18:45<16:14,  1.34it/s]
qwen2.5-vl/pope/ricd/aokvqa/adversarial/seed1:  56%|█████▋    | 1692/3000 [18:46<16:15,  1.34it/s]
qwen2.5-vl/pope/ricd/aokvqa/adversarial/seed1:  56%|█████▋    | 1693/3000 [18:46<15:04,  1.44it/s]
qwen2.5-vl/pope/ricd/aokvqa/adversarial/seed1:  56%|█████▋    | 1694/3000 [18:47<14:15,  1.53it/s]
qwen2.5-vl/pope/ricd/aokvqa/adversarial/seed1:  56%|█████▋    | 1695/3000 [18:47<13:38,  1.59it/s]
qwen2.5-vl/pope/ricd/aokvqa/adversarial/seed1:  57%|█████▋    | 1696/3000 [18:48<13:15,  1.64it/s]
qwen2.5-vl/pope/ricd/aokvqa/adversarial/seed1:  57%|█████▋    | 1697/3000 [18:48<12:55,  1.68it/s]
qwen2.5-vl/pope/ricd/aokvqa/adversarial/seed1:  57%|█████▋    | 1698/3000 [18:49<12:43,  1.70it/s]
qwen2.5-vl/pope/ricd/aokvqa/adversarial/seed1:  57%|█████▋    | 1699/3000 [18:49<11:22,  1.90it/s]
qwen2.5-vl/pope/ricd/aokvqa/adversarial/seed1:  57%|█████▋    | 1700/3000 [18:50<10:26,  2.08it/s]
qwen2.5-vl/pope/ricd/aokvqa/adversarial/seed1:  57%|█████▋    | 1701/3000 [18:50<09:45,  2.22it/s]
qwen2.5-vl/pope/ricd/aokvqa/adversarial/seed1:  57%|█████▋    | 1702/3000 [18:50<09:17,  2.33it/s]
qwen2.5-vl/pope/ricd/aokvqa/adversarial/seed1:  57%|█████▋    | 1703/3000 [18:51<08:56,  2.42it/s]
qwen2.5-vl/pope/ricd/aokvqa/adversarial/seed1:  57%|█████▋    | 1704/3000 [18:51<08:42,  2.48it/s]
qwen2.5-vl/pope/ricd/aokvqa/adversarial/seed1:  57%|█████▋    | 1705/3000 [18:52<12:15,  1.76it/s]
qwen2.5-vl/pope/ricd/aokvqa/adversarial/seed1:  57%|█████▋    | 1706/3000 [18:53<14:46,  1.46it/s]
qwen2.5-vl/pope/ricd/aokvqa/adversarial/seed1:  57%|█████▋    | 1707/3000 [18:54<16:36,  1.30it/s]
qwen2.5-vl/pope/ricd/aokvqa/adversarial/seed1:  57%|█████▋    | 1708/3000 [18:55<17:49,  1.21it/s]
qwen2.5-vl/pope/ricd/aokvqa/adversarial/seed1:  57%|█████▋    | 1709/3000 [18:56<18:39,  1.15it/s]
qwen2.5-vl/pope/ricd/aokvqa/adversarial/seed1:  57%|█████▋    | 1710/3000 [18:57<19:17,  1.11it/s]
qwen2.5-vl/pope/ricd/aokvqa/adversarial/seed1:  57%|█████▋    | 1711/3000 [18:58<18:13,  1.18it/s]
qwen2.5-vl/pope/ricd/aokvqa/adversarial/seed1:  57%|█████▋    | 1712/3000 [18:58<17:27,  1.23it/s]
qwen2.5-vl/pope/ricd/aokvqa/adversarial/seed1:  57%|█████▋    | 1713/3000 [18:59<16:53,  1.27it/s]
qwen2.5-vl/pope/ricd/aokvqa/adversarial/seed1:  57%|█████▋    | 1714/3000 [19:00<16:30,  1.30it/s]
qwen2.5-vl/pope/ricd/aokvqa/adversarial/seed1:  57%|█████▋    | 1715/3000 [19:01<16:12,  1.32it/s]
qwen2.5-vl/pope/ricd/aokvqa/adversarial/seed1:  57%|█████▋    | 1716/3000 [19:01<15:58,  1.34it/s]
qwen2.5-vl/pope/ricd/aokvqa/adversarial/seed1:  57%|█████▋    | 1717/3000 [19:02<14:46,  1.45it/s]
qwen2.5-vl/pope/ricd/aokvqa/adversarial/seed1:  57%|█████▋    | 1718/3000 [19:02<13:56,  1.53it/s]
qwen2.5-vl/pope/ricd/aokvqa/adversarial/seed1:  57%|█████▋    | 1719/3000 [19:03<13:23,  1.59it/s]
qwen2.5-vl/pope/ricd/aokvqa/adversarial/seed1:  57%|█████▋    | 1720/3000 [19:04<12:59,  1.64it/s]
qwen2.5-vl/pope/ricd/aokvqa/adversarial/seed1:  57%|█████▋    | 1721/3000 [19:04<12:43,  1.68it/s]
qwen2.5-vl/pope/ricd/aokvqa/adversarial/seed1:  57%|█████▋    | 1722/3000 [19:05<12:28,  1.71it/s]
qwen2.5-vl/pope/ricd/aokvqa/adversarial/seed1:  57%|█████▋    | 1723/3000 [19:05<13:24,  1.59it/s]
qwen2.5-vl/pope/ricd/aokvqa/adversarial/seed1:  57%|█████▋    | 1724/3000 [19:06<14:03,  1.51it/s]
qwen2.5-vl/pope/ricd/aokvqa/adversarial/seed1:  57%|█████▊    | 1725/3000 [19:07<14:28,  1.47it/s]
qwen2.5-vl/pope/ricd/aokvqa/adversarial/seed1:  58%|█████▊    | 1726/3000 [19:08<14:50,  1.43it/s]
qwen2.5-vl/pope/ricd/aokvqa/adversarial/seed1:  58%|█████▊    | 1727/3000 [19:08<15:03,  1.41it/s]
qwen2.5-vl/pope/ricd/aokvqa/adversarial/seed1:  58%|█████▊    | 1728/3000 [19:09<15:09,  1.40it/s]
qwen2.5-vl/pope/ricd/aokvqa/adversarial/seed1:  58%|█████▊    | 1729/3000 [19:10<14:29,  1.46it/s]
qwen2.5-vl/pope/ricd/aokvqa/adversarial/seed1:  58%|█████▊    | 1730/3000 [19:10<14:00,  1.51it/s]
qwen2.5-vl/pope/ricd/aokvqa/adversarial/seed1:  58%|█████▊    | 1731/3000 [19:11<13:39,  1.55it/s]
qwen2.5-vl/pope/ricd/aokvqa/adversarial/seed1:  58%|█████▊    | 1732/3000 [19:12<13:23,  1.58it/s]
qwen2.5-vl/pope/ricd/aokvqa/adversarial/seed1:  58%|█████▊    | 1733/3000 [19:12<13:15,  1.59it/s]
qwen2.5-vl/pope/ricd/aokvqa/adversarial/seed1:  58%|█████▊    | 1734/3000 [19:13<13:07,  1.61it/s]
qwen2.5-vl/pope/ricd/aokvqa/adversarial/seed1:  58%|█████▊    | 1735/3000 [19:14<13:47,  1.53it/s]
qwen2.5-vl/pope/ricd/aokvqa/adversarial/seed1:  58%|█████▊    | 1736/3000 [19:14<14:17,  1.47it/s]
qwen2.5-vl/pope/ricd/aokvqa/adversarial/seed1:  58%|█████▊    | 1737/3000 [19:15<14:37,  1.44it/s]
qwen2.5-vl/pope/ricd/aokvqa/adversarial/seed1:  58%|█████▊    | 1738/3000 [19:16<14:54,  1.41it/s]
qwen2.5-vl/pope/ricd/aokvqa/adversarial/seed1:  58%|█████▊    | 1739/3000 [19:16<15:03,  1.40it/s]
qwen2.5-vl/pope/ricd/aokvqa/adversarial/seed1:  58%|█████▊    | 1740/3000 [19:17<15:06,  1.39it/s]
qwen2.5-vl/pope/ricd/aokvqa/adversarial/seed1:  58%|█████▊    | 1741/3000 [19:18<14:24,  1.46it/s]
qwen2.5-vl/pope/ricd/aokvqa/adversarial/seed1:  58%|█████▊    | 1742/3000 [19:18<13:55,  1.51it/s]
qwen2.5-vl/pope/ricd/aokvqa/adversarial/seed1:  58%|█████▊    | 1743/3000 [19:19<13:36,  1.54it/s]
qwen2.5-vl/pope/ricd/aokvqa/adversarial/seed1:  58%|█████▊    | 1744/3000 [19:20<13:22,  1.57it/s]
qwen2.5-vl/pope/ricd/aokvqa/adversarial/seed1:  58%|█████▊    | 1745/3000 [19:20<13:11,  1.58it/s]
qwen2.5-vl/pope/ricd/aokvqa/adversarial/seed1:  58%|█████▊    | 1746/3000 [19:21<13:03,  1.60it/s]
qwen2.5-vl/pope/ricd/aokvqa/adversarial/seed1:  58%|█████▊    | 1747/3000 [19:21<12:40,  1.65it/s]
qwen2.5-vl/pope/ricd/aokvqa/adversarial/seed1:  58%|█████▊    | 1748/3000 [19:22<12:26,  1.68it/s]
qwen2.5-vl/pope/ricd/aokvqa/adversarial/seed1:  58%|█████▊    | 1749/3000 [19:23<12:14,  1.70it/s]
qwen2.5-vl/pope/ricd/aokvqa/adversarial/seed1:  58%|█████▊    | 1750/3000 [19:23<12:07,  1.72it/s]
qwen2.5-vl/pope/ricd/aokvqa/adversarial/seed1:  58%|█████▊    | 1751/3000 [19:24<12:01,  1.73it/s]
qwen2.5-vl/pope/ricd/aokvqa/adversarial/seed1:  58%|█████▊    | 1752/3000 [19:24<11:57,  1.74it/s]
qwen2.5-vl/pope/ricd/aokvqa/adversarial/seed1:  58%|█████▊    | 1753/3000 [19:25<12:55,  1.61it/s]
qwen2.5-vl/pope/ricd/aokvqa/adversarial/seed1:  58%|█████▊    | 1754/3000 [19:26<13:36,  1.53it/s]
qwen2.5-vl/pope/ricd/aokvqa/adversarial/seed1:  58%|█████▊    | 1755/3000 [19:26<14:03,  1.48it/s]
qwen2.5-vl/pope/ricd/aokvqa/adversarial/seed1:  59%|█████▊    | 1756/3000 [19:27<14:25,  1.44it/s]
qwen2.5-vl/pope/ricd/aokvqa/adversarial/seed1:  59%|█████▊    | 1757/3000 [19:28<14:38,  1.41it/s]
qwen2.5-vl/pope/ricd/aokvqa/adversarial/seed1:  59%|█████▊    | 1758/3000 [19:29<14:47,  1.40it/s]
qwen2.5-vl/pope/ricd/aokvqa/adversarial/seed1:  59%|█████▊    | 1759/3000 [19:29<14:07,  1.46it/s]
qwen2.5-vl/pope/ricd/aokvqa/adversarial/seed1:  59%|█████▊    | 1760/3000 [19:30<13:39,  1.51it/s]
qwen2.5-vl/pope/ricd/aokvqa/adversarial/seed1:  59%|█████▊    | 1761/3000 [19:31<13:19,  1.55it/s]
qwen2.5-vl/pope/ricd/aokvqa/adversarial/seed1:  59%|█████▊    | 1762/3000 [19:31<13:05,  1.58it/s]
qwen2.5-vl/pope/ricd/aokvqa/adversarial/seed1:  59%|█████▉    | 1763/3000 [19:32<13:01,  1.58it/s]
qwen2.5-vl/pope/ricd/aokvqa/adversarial/seed1:  59%|█████▉    | 1764/3000 [19:32<12:57,  1.59it/s]
qwen2.5-vl/pope/ricd/aokvqa/adversarial/seed1:  59%|█████▉    | 1765/3000 [19:33<12:33,  1.64it/s]
qwen2.5-vl/pope/ricd/aokvqa/adversarial/seed1:  59%|█████▉    | 1766/3000 [19:34<12:29,  1.65it/s]
qwen2.5-vl/pope/ricd/aokvqa/adversarial/seed1:  59%|█████▉    | 1767/3000 [19:34<12:24,  1.66it/s]
qwen2.5-vl/pope/ricd/aokvqa/adversarial/seed1:  59%|█████▉    | 1768/3000 [19:35<12:20,  1.66it/s]
qwen2.5-vl/pope/ricd/aokvqa/adversarial/seed1:  59%|█████▉    | 1769/3000 [19:35<12:16,  1.67it/s]
qwen2.5-vl/pope/ricd/aokvqa/adversarial/seed1:  59%|█████▉    | 1770/3000 [19:36<12:13,  1.68it/s]
qwen2.5-vl/pope/ricd/aokvqa/adversarial/seed1:  59%|█████▉    | 1771/3000 [19:37<13:15,  1.54it/s]
qwen2.5-vl/pope/ricd/aokvqa/adversarial/seed1:  59%|█████▉    | 1772/3000 [19:37<13:48,  1.48it/s]
qwen2.5-vl/pope/ricd/aokvqa/adversarial/seed1:  59%|█████▉    | 1773/3000 [19:38<14:10,  1.44it/s]
qwen2.5-vl/pope/ricd/aokvqa/adversarial/seed1:  59%|█████▉    | 1774/3000 [19:39<14:23,  1.42it/s]
qwen2.5-vl/pope/ricd/aokvqa/adversarial/seed1:  59%|█████▉    | 1775/3000 [19:40<14:33,  1.40it/s]
qwen2.5-vl/pope/ricd/aokvqa/adversarial/seed1:  59%|█████▉    | 1776/3000 [19:40<14:43,  1.39it/s]
qwen2.5-vl/pope/ricd/aokvqa/adversarial/seed1:  59%|█████▉    | 1777/3000 [19:41<14:08,  1.44it/s]
qwen2.5-vl/pope/ricd/aokvqa/adversarial/seed1:  59%|█████▉    | 1778/3000 [19:42<13:36,  1.50it/s]
qwen2.5-vl/pope/ricd/aokvqa/adversarial/seed1:  59%|█████▉    | 1779/3000 [19:42<13:16,  1.53it/s]
qwen2.5-vl/pope/ricd/aokvqa/adversarial/seed1:  59%|█████▉    | 1780/3000 [19:43<12:59,  1.56it/s]
qwen2.5-vl/pope/ricd/aokvqa/adversarial/seed1:  59%|█████▉    | 1781/3000 [19:43<12:49,  1.58it/s]
qwen2.5-vl/pope/ricd/aokvqa/adversarial/seed1:  59%|█████▉    | 1782/3000 [19:44<12:42,  1.60it/s]
qwen2.5-vl/pope/ricd/aokvqa/adversarial/seed1:  59%|█████▉    | 1783/3000 [19:45<12:56,  1.57it/s]
qwen2.5-vl/pope/ricd/aokvqa/adversarial/seed1:  59%|█████▉    | 1784/3000 [19:45<13:05,  1.55it/s]
qwen2.5-vl/pope/ricd/aokvqa/adversarial/seed1:  60%|█████▉    | 1785/3000 [19:46<13:12,  1.53it/s]
qwen2.5-vl/pope/ricd/aokvqa/adversarial/seed1:  60%|█████▉    | 1786/3000 [19:47<13:18,  1.52it/s]
qwen2.5-vl/pope/ricd/aokvqa/adversarial/seed1:  60%|█████▉    | 1787/3000 [19:47<13:23,  1.51it/s]
qwen2.5-vl/pope/ricd/aokvqa/adversarial/seed1:  60%|█████▉    | 1788/3000 [19:48<13:26,  1.50it/s]
qwen2.5-vl/pope/ricd/aokvqa/adversarial/seed1:  60%|█████▉    | 1789/3000 [19:49<13:47,  1.46it/s]
qwen2.5-vl/pope/ricd/aokvqa/adversarial/seed1:  60%|█████▉    | 1790/3000 [19:50<14:04,  1.43it/s]
qwen2.5-vl/pope/ricd/aokvqa/adversarial/seed1:  60%|█████▉    | 1791/3000 [19:50<14:15,  1.41it/s]
qwen2.5-vl/pope/ricd/aokvqa/adversarial/seed1:  60%|█████▉    | 1792/3000 [19:51<14:21,  1.40it/s]
qwen2.5-vl/pope/ricd/aokvqa/adversarial/seed1:  60%|█████▉    | 1793/3000 [19:52<14:26,  1.39it/s]
qwen2.5-vl/pope/ricd/aokvqa/adversarial/seed1:  60%|█████▉    | 1794/3000 [19:52<14:28,  1.39it/s]
qwen2.5-vl/pope/ricd/aokvqa/adversarial/seed1:  60%|█████▉    | 1795/3000 [19:53<14:18,  1.40it/s]
qwen2.5-vl/pope/ricd/aokvqa/adversarial/seed1:  60%|█████▉    | 1796/3000 [19:54<14:09,  1.42it/s]
qwen2.5-vl/pope/ricd/aokvqa/adversarial/seed1:  60%|█████▉    | 1797/3000 [19:55<14:04,  1.43it/s]
qwen2.5-vl/pope/ricd/aokvqa/adversarial/seed1:  60%|█████▉    | 1798/3000 [19:55<13:58,  1.43it/s]
qwen2.5-vl/pope/ricd/aokvqa/adversarial/seed1:  60%|█████▉    | 1799/3000 [19:56<13:54,  1.44it/s]
qwen2.5-vl/pope/ricd/aokvqa/adversarial/seed1:  60%|██████    | 1800/3000 [19:57<13:54,  1.44it/s]
qwen2.5-vl/pope/ricd/aokvqa/adversarial/seed1:  60%|██████    | 1801/3000 [19:57<13:22,  1.49it/s]
qwen2.5-vl/pope/ricd/aokvqa/adversarial/seed1:  60%|██████    | 1802/3000 [19:58<13:00,  1.53it/s]
qwen2.5-vl/pope/ricd/aokvqa/adversarial/seed1:  60%|██████    | 1803/3000 [19:58<12:45,  1.56it/s]
qwen2.5-vl/pope/ricd/aokvqa/adversarial/seed1:  60%|██████    | 1804/3000 [19:59<12:34,  1.59it/s]
qwen2.5-vl/pope/ricd/aokvqa/adversarial/seed1:  60%|██████    | 1805/3000 [20:00<12:27,  1.60it/s]
qwen2.5-vl/pope/ricd/aokvqa/adversarial/seed1:  60%|██████    | 1806/3000 [20:00<12:21,  1.61it/s]
qwen2.5-vl/pope/ricd/aokvqa/adversarial/seed1:  60%|██████    | 1807/3000 [20:01<13:00,  1.53it/s]
qwen2.5-vl/pope/ricd/aokvqa/adversarial/seed1:  60%|██████    | 1808/3000 [20:02<13:37,  1.46it/s]
qwen2.5-vl/pope/ricd/aokvqa/adversarial/seed1:  60%|██████    | 1809/3000 [20:03<14:04,  1.41it/s]
qwen2.5-vl/pope/ricd/aokvqa/adversarial/seed1:  60%|██████    | 1810/3000 [20:03<14:20,  1.38it/s]
qwen2.5-vl/pope/ricd/aokvqa/adversarial/seed1:  60%|██████    | 1811/3000 [20:04<14:21,  1.38it/s]
qwen2.5-vl/pope/ricd/aokvqa/adversarial/seed1:  60%|██████    | 1812/3000 [20:05<14:21,  1.38it/s]
qwen2.5-vl/pope/ricd/aokvqa/adversarial/seed1:  60%|██████    | 1813/3000 [20:05<13:39,  1.45it/s]
qwen2.5-vl/pope/ricd/aokvqa/adversarial/seed1:  60%|██████    | 1814/3000 [20:06<13:10,  1.50it/s]
qwen2.5-vl/pope/ricd/aokvqa/adversarial/seed1:  60%|██████    | 1815/3000 [20:07<12:53,  1.53it/s]
qwen2.5-vl/pope/ricd/aokvqa/adversarial/seed1:  61%|██████    | 1816/3000 [20:07<12:36,  1.57it/s]
qwen2.5-vl/pope/ricd/aokvqa/adversarial/seed1:  61%|██████    | 1817/3000 [20:08<12:23,  1.59it/s]
qwen2.5-vl/pope/ricd/aokvqa/adversarial/seed1:  61%|██████    | 1818/3000 [20:08<12:14,  1.61it/s]
qwen2.5-vl/pope/ricd/aokvqa/adversarial/seed1:  61%|██████    | 1819/3000 [20:09<12:09,  1.62it/s]
qwen2.5-vl/pope/ricd/aokvqa/adversarial/seed1:  61%|██████    | 1820/3000 [20:10<12:07,  1.62it/s]
qwen2.5-vl/pope/ricd/aokvqa/adversarial/seed1:  61%|██████    | 1821/3000 [20:10<12:05,  1.63it/s]
qwen2.5-vl/pope/ricd/aokvqa/adversarial/seed1:  61%|██████    | 1822/3000 [20:11<12:04,  1.63it/s]
qwen2.5-vl/pope/ricd/aokvqa/adversarial/seed1:  61%|██████    | 1823/3000 [20:11<12:04,  1.63it/s]
qwen2.5-vl/pope/ricd/aokvqa/adversarial/seed1:  61%|██████    | 1824/3000 [20:12<12:02,  1.63it/s]
qwen2.5-vl/pope/ricd/aokvqa/adversarial/seed1:  61%|██████    | 1825/3000 [20:13<12:31,  1.56it/s]
qwen2.5-vl/pope/ricd/aokvqa/adversarial/seed1:  61%|██████    | 1826/3000 [20:13<12:50,  1.52it/s]
qwen2.5-vl/pope/ricd/aokvqa/adversarial/seed1:  61%|██████    | 1827/3000 [20:14<13:02,  1.50it/s]
qwen2.5-vl/pope/ricd/aokvqa/adversarial/seed1:  61%|██████    | 1828/3000 [20:15<13:12,  1.48it/s]
qwen2.5-vl/pope/ricd/aokvqa/adversarial/seed1:  61%|██████    | 1829/3000 [20:16<13:19,  1.46it/s]
qwen2.5-vl/pope/ricd/aokvqa/adversarial/seed1:  61%|██████    | 1830/3000 [20:16<13:23,  1.46it/s]
qwen2.5-vl/pope/ricd/aokvqa/adversarial/seed1:  61%|██████    | 1831/3000 [20:17<13:38,  1.43it/s]
qwen2.5-vl/pope/ricd/aokvqa/adversarial/seed1:  61%|██████    | 1832/3000 [20:18<13:49,  1.41it/s]
qwen2.5-vl/pope/ricd/aokvqa/adversarial/seed1:  61%|██████    | 1833/3000 [20:18<13:54,  1.40it/s]
qwen2.5-vl/pope/ricd/aokvqa/adversarial/seed1:  61%|██████    | 1834/3000 [20:19<13:58,  1.39it/s]
qwen2.5-vl/pope/ricd/aokvqa/adversarial/seed1:  61%|██████    | 1835/3000 [20:20<14:00,  1.39it/s]
qwen2.5-vl/pope/ricd/aokvqa/adversarial/seed1:  61%|██████    | 1836/3000 [20:21<14:04,  1.38it/s]
qwen2.5-vl/pope/ricd/aokvqa/adversarial/seed1:  61%|██████    | 1837/3000 [20:21<13:24,  1.45it/s]
qwen2.5-vl/pope/ricd/aokvqa/adversarial/seed1:  61%|██████▏   | 1838/3000 [20:22<12:56,  1.50it/s]
qwen2.5-vl/pope/ricd/aokvqa/adversarial/seed1:  61%|██████▏   | 1839/3000 [20:22<12:36,  1.53it/s]
qwen2.5-vl/pope/ricd/aokvqa/adversarial/seed1:  61%|██████▏   | 1840/3000 [20:23<12:20,  1.57it/s]
qwen2.5-vl/pope/ricd/aokvqa/adversarial/seed1:  61%|██████▏   | 1841/3000 [20:24<12:14,  1.58it/s]
qwen2.5-vl/pope/ricd/aokvqa/adversarial/seed1:  61%|██████▏   | 1842/3000 [20:24<12:03,  1.60it/s]
qwen2.5-vl/pope/ricd/aokvqa/adversarial/seed1:  61%|██████▏   | 1843/3000 [20:25<12:36,  1.53it/s]
qwen2.5-vl/pope/ricd/aokvqa/adversarial/seed1:  61%|██████▏   | 1844/3000 [20:26<12:59,  1.48it/s]
qwen2.5-vl/pope/ricd/aokvqa/adversarial/seed1:  62%|██████▏   | 1845/3000 [20:26<13:15,  1.45it/s]
qwen2.5-vl/pope/ricd/aokvqa/adversarial/seed1:  62%|██████▏   | 1846/3000 [20:27<13:26,  1.43it/s]
qwen2.5-vl/pope/ricd/aokvqa/adversarial/seed1:  62%|██████▏   | 1847/3000 [20:28<13:33,  1.42it/s]
qwen2.5-vl/pope/ricd/aokvqa/adversarial/seed1:  62%|██████▏   | 1848/3000 [20:29<13:38,  1.41it/s]
qwen2.5-vl/pope/ricd/aokvqa/adversarial/seed1:  62%|██████▏   | 1849/3000 [20:29<13:42,  1.40it/s]
qwen2.5-vl/pope/ricd/aokvqa/adversarial/seed1:  62%|██████▏   | 1850/3000 [20:30<13:44,  1.40it/s]
qwen2.5-vl/pope/ricd/aokvqa/adversarial/seed1:  62%|██████▏   | 1851/3000 [20:31<13:46,  1.39it/s]
qwen2.5-vl/pope/ricd/aokvqa/adversarial/seed1:  62%|██████▏   | 1852/3000 [20:32<13:47,  1.39it/s]
qwen2.5-vl/pope/ricd/aokvqa/adversarial/seed1:  62%|██████▏   | 1853/3000 [20:32<13:48,  1.38it/s]
qwen2.5-vl/pope/ricd/aokvqa/adversarial/seed1:  62%|██████▏   | 1854/3000 [20:33<13:49,  1.38it/s]
qwen2.5-vl/pope/ricd/aokvqa/adversarial/seed1:  62%|██████▏   | 1855/3000 [20:34<13:49,  1.38it/s]
qwen2.5-vl/pope/ricd/aokvqa/adversarial/seed1:  62%|██████▏   | 1856/3000 [20:34<13:49,  1.38it/s]
qwen2.5-vl/pope/ricd/aokvqa/adversarial/seed1:  62%|██████▏   | 1857/3000 [20:35<13:47,  1.38it/s]
qwen2.5-vl/pope/ricd/aokvqa/adversarial/seed1:  62%|██████▏   | 1858/3000 [20:36<13:47,  1.38it/s]
qwen2.5-vl/pope/ricd/aokvqa/adversarial/seed1:  62%|██████▏   | 1859/3000 [20:37<13:46,  1.38it/s]
qwen2.5-vl/pope/ricd/aokvqa/adversarial/seed1:  62%|██████▏   | 1860/3000 [20:37<13:45,  1.38it/s]
qwen2.5-vl/pope/ricd/aokvqa/adversarial/seed1:  62%|██████▏   | 1861/3000 [20:38<13:04,  1.45it/s]
qwen2.5-vl/pope/ricd/aokvqa/adversarial/seed1:  62%|██████▏   | 1862/3000 [20:39<12:35,  1.51it/s]
qwen2.5-vl/pope/ricd/aokvqa/adversarial/seed1:  62%|██████▏   | 1863/3000 [20:39<12:15,  1.55it/s]
qwen2.5-vl/pope/ricd/aokvqa/adversarial/seed1:  62%|██████▏   | 1864/3000 [20:40<12:00,  1.58it/s]
qwen2.5-vl/pope/ricd/aokvqa/adversarial/seed1:  62%|██████▏   | 1865/3000 [20:40<11:49,  1.60it/s]
qwen2.5-vl/pope/ricd/aokvqa/adversarial/seed1:  62%|██████▏   | 1866/3000 [20:41<11:42,  1.61it/s]
qwen2.5-vl/pope/ricd/aokvqa/adversarial/seed1:  62%|██████▏   | 1867/3000 [20:42<11:37,  1.62it/s]
qwen2.5-vl/pope/ricd/aokvqa/adversarial/seed1:  62%|██████▏   | 1868/3000 [20:42<11:33,  1.63it/s]
qwen2.5-vl/pope/ricd/aokvqa/adversarial/seed1:  62%|██████▏   | 1869/3000 [20:43<11:30,  1.64it/s]
qwen2.5-vl/pope/ricd/aokvqa/adversarial/seed1:  62%|██████▏   | 1870/3000 [20:43<11:29,  1.64it/s]
qwen2.5-vl/pope/ricd/aokvqa/adversarial/seed1:  62%|██████▏   | 1871/3000 [20:44<11:27,  1.64it/s]
qwen2.5-vl/pope/ricd/aokvqa/adversarial/seed1:  62%|██████▏   | 1872/3000 [20:45<11:26,  1.64it/s]
qwen2.5-vl/pope/ricd/aokvqa/adversarial/seed1:  62%|██████▏   | 1873/3000 [20:45<12:06,  1.55it/s]
qwen2.5-vl/pope/ricd/aokvqa/adversarial/seed1:  62%|██████▏   | 1874/3000 [20:46<12:35,  1.49it/s]
qwen2.5-vl/pope/ricd/aokvqa/adversarial/seed1:  62%|██████▎   | 1875/3000 [20:47<12:56,  1.45it/s]
qwen2.5-vl/pope/ricd/aokvqa/adversarial/seed1:  63%|██████▎   | 1876/3000 [20:48<13:09,  1.42it/s]
qwen2.5-vl/pope/ricd/aokvqa/adversarial/seed1:  63%|██████▎   | 1877/3000 [20:48<13:18,  1.41it/s]
qwen2.5-vl/pope/ricd/aokvqa/adversarial/seed1:  63%|██████▎   | 1878/3000 [20:49<13:21,  1.40it/s]
qwen2.5-vl/pope/ricd/aokvqa/adversarial/seed1:  63%|██████▎   | 1879/3000 [20:50<13:23,  1.39it/s]
qwen2.5-vl/pope/ricd/aokvqa/adversarial/seed1:  63%|██████▎   | 1880/3000 [20:50<13:28,  1.39it/s]
qwen2.5-vl/pope/ricd/aokvqa/adversarial/seed1:  63%|██████▎   | 1881/3000 [20:51<13:31,  1.38it/s]
qwen2.5-vl/pope/ricd/aokvqa/adversarial/seed1:  63%|██████▎   | 1882/3000 [20:52<13:32,  1.38it/s]
qwen2.5-vl/pope/ricd/aokvqa/adversarial/seed1:  63%|██████▎   | 1883/3000 [20:53<13:31,  1.38it/s]
qwen2.5-vl/pope/ricd/aokvqa/adversarial/seed1:  63%|██████▎   | 1884/3000 [20:53<13:29,  1.38it/s]
qwen2.5-vl/pope/ricd/aokvqa/adversarial/seed1:  63%|██████▎   | 1885/3000 [20:54<13:29,  1.38it/s]
qwen2.5-vl/pope/ricd/aokvqa/adversarial/seed1:  63%|██████▎   | 1886/3000 [20:55<13:31,  1.37it/s]
qwen2.5-vl/pope/ricd/aokvqa/adversarial/seed1:  63%|██████▎   | 1887/3000 [20:56<13:29,  1.37it/s]
qwen2.5-vl/pope/ricd/aokvqa/adversarial/seed1:  63%|██████▎   | 1888/3000 [20:56<13:30,  1.37it/s]
qwen2.5-vl/pope/ricd/aokvqa/adversarial/seed1:  63%|██████▎   | 1889/3000 [20:57<13:32,  1.37it/s]
qwen2.5-vl/pope/ricd/aokvqa/adversarial/seed1:  63%|██████▎   | 1890/3000 [20:58<13:32,  1.37it/s]
qwen2.5-vl/pope/ricd/aokvqa/adversarial/seed1:  63%|██████▎   | 1891/3000 [20:58<13:30,  1.37it/s]
qwen2.5-vl/pope/ricd/aokvqa/adversarial/seed1:  63%|██████▎   | 1892/3000 [20:59<13:31,  1.37it/s]
qwen2.5-vl/pope/ricd/aokvqa/adversarial/seed1:  63%|██████▎   | 1893/3000 [21:00<13:33,  1.36it/s]
qwen2.5-vl/pope/ricd/aokvqa/adversarial/seed1:  63%|██████▎   | 1894/3000 [21:01<13:33,  1.36it/s]
qwen2.5-vl/pope/ricd/aokvqa/adversarial/seed1:  63%|██████▎   | 1895/3000 [21:01<13:33,  1.36it/s]
qwen2.5-vl/pope/ricd/aokvqa/adversarial/seed1:  63%|██████▎   | 1896/3000 [21:02<13:31,  1.36it/s]
qwen2.5-vl/pope/ricd/aokvqa/adversarial/seed1:  63%|██████▎   | 1897/3000 [21:03<13:27,  1.37it/s]
qwen2.5-vl/pope/ricd/aokvqa/adversarial/seed1:  63%|██████▎   | 1898/3000 [21:04<13:27,  1.36it/s]
qwen2.5-vl/pope/ricd/aokvqa/adversarial/seed1:  63%|██████▎   | 1899/3000 [21:04<13:29,  1.36it/s]
qwen2.5-vl/pope/ricd/aokvqa/adversarial/seed1:  63%|██████▎   | 1900/3000 [21:05<13:27,  1.36it/s]
qwen2.5-vl/pope/ricd/aokvqa/adversarial/seed1:  63%|██████▎   | 1901/3000 [21:06<13:27,  1.36it/s]
qwen2.5-vl/pope/ricd/aokvqa/adversarial/seed1:  63%|██████▎   | 1902/3000 [21:07<13:24,  1.37it/s]
qwen2.5-vl/pope/ricd/aokvqa/adversarial/seed1:  63%|██████▎   | 1903/3000 [21:07<13:53,  1.32it/s]
qwen2.5-vl/pope/ricd/aokvqa/adversarial/seed1:  63%|██████▎   | 1904/3000 [21:08<14:09,  1.29it/s]
qwen2.5-vl/pope/ricd/aokvqa/adversarial/seed1:  64%|██████▎   | 1905/3000 [21:09<14:22,  1.27it/s]
qwen2.5-vl/pope/ricd/aokvqa/adversarial/seed1:  64%|██████▎   | 1906/3000 [21:10<14:30,  1.26it/s]
qwen2.5-vl/pope/ricd/aokvqa/adversarial/seed1:  64%|██████▎   | 1907/3000 [21:11<14:32,  1.25it/s]
qwen2.5-vl/pope/ricd/aokvqa/adversarial/seed1:  64%|██████▎   | 1908/3000 [21:11<14:33,  1.25it/s]
qwen2.5-vl/pope/ricd/aokvqa/adversarial/seed1:  64%|██████▎   | 1909/3000 [21:12<13:18,  1.37it/s]
qwen2.5-vl/pope/ricd/aokvqa/adversarial/seed1:  64%|██████▎   | 1910/3000 [21:13<12:26,  1.46it/s]
qwen2.5-vl/pope/ricd/aokvqa/adversarial/seed1:  64%|██████▎   | 1911/3000 [21:13<11:51,  1.53it/s]
qwen2.5-vl/pope/ricd/aokvqa/adversarial/seed1:  64%|██████▎   | 1912/3000 [21:14<11:26,  1.59it/s]
qwen2.5-vl/pope/ricd/aokvqa/adversarial/seed1:  64%|██████▍   | 1913/3000 [21:14<11:08,  1.63it/s]
qwen2.5-vl/pope/ricd/aokvqa/adversarial/seed1:  64%|██████▍   | 1914/3000 [21:15<10:56,  1.65it/s]
qwen2.5-vl/pope/ricd/aokvqa/adversarial/seed1:  64%|██████▍   | 1915/3000 [21:16<11:37,  1.56it/s]
qwen2.5-vl/pope/ricd/aokvqa/adversarial/seed1:  64%|██████▍   | 1916/3000 [21:16<12:05,  1.49it/s]
qwen2.5-vl/pope/ricd/aokvqa/adversarial/seed1:  64%|██████▍   | 1917/3000 [21:17<12:25,  1.45it/s]
qwen2.5-vl/pope/ricd/aokvqa/adversarial/seed1:  64%|██████▍   | 1918/3000 [21:18<12:39,  1.43it/s]
qwen2.5-vl/pope/ricd/aokvqa/adversarial/seed1:  64%|██████▍   | 1919/3000 [21:19<12:47,  1.41it/s]
qwen2.5-vl/pope/ricd/aokvqa/adversarial/seed1:  64%|██████▍   | 1920/3000 [21:19<12:51,  1.40it/s]
qwen2.5-vl/pope/ricd/aokvqa/adversarial/seed1:  64%|██████▍   | 1921/3000 [21:20<12:55,  1.39it/s]
qwen2.5-vl/pope/ricd/aokvqa/adversarial/seed1:  64%|██████▍   | 1922/3000 [21:21<12:59,  1.38it/s]
qwen2.5-vl/pope/ricd/aokvqa/adversarial/seed1:  64%|██████▍   | 1923/3000 [21:21<13:01,  1.38it/s]
qwen2.5-vl/pope/ricd/aokvqa/adversarial/seed1:  64%|██████▍   | 1924/3000 [21:22<13:01,  1.38it/s]
qwen2.5-vl/pope/ricd/aokvqa/adversarial/seed1:  64%|██████▍   | 1925/3000 [21:23<13:03,  1.37it/s]
qwen2.5-vl/pope/ricd/aokvqa/adversarial/seed1:  64%|██████▍   | 1926/3000 [21:24<13:04,  1.37it/s]
qwen2.5-vl/pope/ricd/aokvqa/adversarial/seed1:  64%|██████▍   | 1927/3000 [21:24<13:03,  1.37it/s]
qwen2.5-vl/pope/ricd/aokvqa/adversarial/seed1:  64%|██████▍   | 1928/3000 [21:25<13:02,  1.37it/s]
qwen2.5-vl/pope/ricd/aokvqa/adversarial/seed1:  64%|██████▍   | 1929/3000 [21:26<13:01,  1.37it/s]
qwen2.5-vl/pope/ricd/aokvqa/adversarial/seed1:  64%|██████▍   | 1930/3000 [21:27<13:01,  1.37it/s]
qwen2.5-vl/pope/ricd/aokvqa/adversarial/seed1:  64%|██████▍   | 1931/3000 [21:27<13:00,  1.37it/s]
qwen2.5-vl/pope/ricd/aokvqa/adversarial/seed1:  64%|██████▍   | 1932/3000 [21:28<13:01,  1.37it/s]
qwen2.5-vl/pope/ricd/aokvqa/adversarial/seed1:  64%|██████▍   | 1933/3000 [21:28<10:43,  1.66it/s]
qwen2.5-vl/pope/ricd/aokvqa/adversarial/seed1:  64%|██████▍   | 1934/3000 [21:29<09:06,  1.95it/s]
qwen2.5-vl/pope/ricd/aokvqa/adversarial/seed1:  64%|██████▍   | 1935/3000 [21:29<07:56,  2.23it/s]
qwen2.5-vl/pope/ricd/aokvqa/adversarial/seed1:  65%|██████▍   | 1936/3000 [21:29<07:09,  2.48it/s]
qwen2.5-vl/pope/ricd/aokvqa/adversarial/seed1:  65%|██████▍   | 1937/3000 [21:30<06:38,  2.67it/s]
qwen2.5-vl/pope/ricd/aokvqa/adversarial/seed1:  65%|██████▍   | 1938/3000 [21:30<06:13,  2.84it/s]
qwen2.5-vl/pope/ricd/aokvqa/adversarial/seed1:  65%|██████▍   | 1939/3000 [21:30<07:36,  2.33it/s]
qwen2.5-vl/pope/ricd/aokvqa/adversarial/seed1:  65%|██████▍   | 1940/3000 [21:31<08:34,  2.06it/s]
qwen2.5-vl/pope/ricd/aokvqa/adversarial/seed1:  65%|██████▍   | 1941/3000 [21:32<09:15,  1.91it/s]
qwen2.5-vl/pope/ricd/aokvqa/adversarial/seed1:  65%|██████▍   | 1942/3000 [21:32<09:41,  1.82it/s]
qwen2.5-vl/pope/ricd/aokvqa/adversarial/seed1:  65%|██████▍   | 1943/3000 [21:33<10:00,  1.76it/s]
qwen2.5-vl/pope/ricd/aokvqa/adversarial/seed1:  65%|██████▍   | 1944/3000 [21:34<10:15,  1.72it/s]
qwen2.5-vl/pope/ricd/aokvqa/adversarial/seed1:  65%|██████▍   | 1945/3000 [21:34<09:11,  1.91it/s]
qwen2.5-vl/pope/ricd/aokvqa/adversarial/seed1:  65%|██████▍   | 1946/3000 [21:34<08:27,  2.08it/s]
qwen2.5-vl/pope/ricd/aokvqa/adversarial/seed1:  65%|██████▍   | 1947/3000 [21:35<07:54,  2.22it/s]
qwen2.5-vl/pope/ricd/aokvqa/adversarial/seed1:  65%|██████▍   | 1948/3000 [21:35<07:31,  2.33it/s]
qwen2.5-vl/pope/ricd/aokvqa/adversarial/seed1:  65%|██████▍   | 1949/3000 [21:35<07:14,  2.42it/s]
qwen2.5-vl/pope/ricd/aokvqa/adversarial/seed1:  65%|██████▌   | 1950/3000 [21:36<07:05,  2.47it/s]
qwen2.5-vl/pope/ricd/aokvqa/adversarial/seed1:  65%|██████▌   | 1951/3000 [21:36<08:13,  2.13it/s]
qwen2.5-vl/pope/ricd/aokvqa/adversarial/seed1:  65%|██████▌   | 1952/3000 [21:37<08:58,  1.95it/s]
qwen2.5-vl/pope/ricd/aokvqa/adversarial/seed1:  65%|██████▌   | 1953/3000 [21:38<09:28,  1.84it/s]
qwen2.5-vl/pope/ricd/aokvqa/adversarial/seed1:  65%|██████▌   | 1954/3000 [21:38<09:50,  1.77it/s]
qwen2.5-vl/pope/ricd/aokvqa/adversarial/seed1:  65%|██████▌   | 1955/3000 [21:39<10:03,  1.73it/s]
qwen2.5-vl/pope/ricd/aokvqa/adversarial/seed1:  65%|██████▌   | 1956/3000 [21:39<10:13,  1.70it/s]
qwen2.5-vl/pope/ricd/aokvqa/adversarial/seed1:  65%|██████▌   | 1957/3000 [21:40<10:56,  1.59it/s]
qwen2.5-vl/pope/ricd/aokvqa/adversarial/seed1:  65%|██████▌   | 1958/3000 [21:41<11:27,  1.52it/s]
qwen2.5-vl/pope/ricd/aokvqa/adversarial/seed1:  65%|██████▌   | 1959/3000 [21:42<11:48,  1.47it/s]
qwen2.5-vl/pope/ricd/aokvqa/adversarial/seed1:  65%|██████▌   | 1960/3000 [21:42<12:03,  1.44it/s]
qwen2.5-vl/pope/ricd/aokvqa/adversarial/seed1:  65%|██████▌   | 1961/3000 [21:43<12:16,  1.41it/s]
qwen2.5-vl/pope/ricd/aokvqa/adversarial/seed1:  65%|██████▌   | 1962/3000 [21:44<12:22,  1.40it/s]
qwen2.5-vl/pope/ricd/aokvqa/adversarial/seed1:  65%|██████▌   | 1963/3000 [21:44<11:36,  1.49it/s]
qwen2.5-vl/pope/ricd/aokvqa/adversarial/seed1:  65%|██████▌   | 1964/3000 [21:45<11:02,  1.56it/s]
qwen2.5-vl/pope/ricd/aokvqa/adversarial/seed1:  66%|██████▌   | 1965/3000 [21:46<10:39,  1.62it/s]
qwen2.5-vl/pope/ricd/aokvqa/adversarial/seed1:  66%|██████▌   | 1966/3000 [21:46<10:23,  1.66it/s]
qwen2.5-vl/pope/ricd/aokvqa/adversarial/seed1:  66%|██████▌   | 1967/3000 [21:47<10:11,  1.69it/s]
qwen2.5-vl/pope/ricd/aokvqa/adversarial/seed1:  66%|██████▌   | 1968/3000 [21:47<10:02,  1.71it/s]
qwen2.5-vl/pope/ricd/aokvqa/adversarial/seed1:  66%|██████▌   | 1969/3000 [21:48<10:10,  1.69it/s]
qwen2.5-vl/pope/ricd/aokvqa/adversarial/seed1:  66%|██████▌   | 1970/3000 [21:48<10:15,  1.67it/s]
qwen2.5-vl/pope/ricd/aokvqa/adversarial/seed1:  66%|██████▌   | 1971/3000 [21:49<10:17,  1.67it/s]
qwen2.5-vl/pope/ricd/aokvqa/adversarial/seed1:  66%|██████▌   | 1972/3000 [21:50<10:18,  1.66it/s]
qwen2.5-vl/pope/ricd/aokvqa/adversarial/seed1:  66%|██████▌   | 1973/3000 [21:50<10:18,  1.66it/s]
qwen2.5-vl/pope/ricd/aokvqa/adversarial/seed1:  66%|██████▌   | 1974/3000 [21:51<10:20,  1.65it/s]
qwen2.5-vl/pope/ricd/aokvqa/adversarial/seed1:  66%|██████▌   | 1975/3000 [21:52<10:22,  1.65it/s]
qwen2.5-vl/pope/ricd/aokvqa/adversarial/seed1:  66%|██████▌   | 1976/3000 [21:52<10:23,  1.64it/s]
qwen2.5-vl/pope/ricd/aokvqa/adversarial/seed1:  66%|██████▌   | 1977/3000 [21:53<10:23,  1.64it/s]
qwen2.5-vl/pope/ricd/aokvqa/adversarial/seed1:  66%|██████▌   | 1978/3000 [21:53<10:23,  1.64it/s]
qwen2.5-vl/pope/ricd/aokvqa/adversarial/seed1:  66%|██████▌   | 1979/3000 [21:54<10:23,  1.64it/s]
qwen2.5-vl/pope/ricd/aokvqa/adversarial/seed1:  66%|██████▌   | 1980/3000 [21:55<10:22,  1.64it/s]
qwen2.5-vl/pope/ricd/aokvqa/adversarial/seed1:  66%|██████▌   | 1981/3000 [21:55<10:57,  1.55it/s]
qwen2.5-vl/pope/ricd/aokvqa/adversarial/seed1:  66%|██████▌   | 1982/3000 [21:56<11:25,  1.49it/s]
qwen2.5-vl/pope/ricd/aokvqa/adversarial/seed1:  66%|██████▌   | 1983/3000 [21:57<11:42,  1.45it/s]
qwen2.5-vl/pope/ricd/aokvqa/adversarial/seed1:  66%|██████▌   | 1984/3000 [21:58<11:53,  1.42it/s]
qwen2.5-vl/pope/ricd/aokvqa/adversarial/seed1:  66%|██████▌   | 1985/3000 [21:58<12:00,  1.41it/s]
qwen2.5-vl/pope/ricd/aokvqa/adversarial/seed1:  66%|██████▌   | 1986/3000 [21:59<12:06,  1.40it/s]
qwen2.5-vl/pope/ricd/aokvqa/adversarial/seed1:  66%|██████▌   | 1987/3000 [21:59<10:25,  1.62it/s]
qwen2.5-vl/pope/ricd/aokvqa/adversarial/seed1:  66%|██████▋   | 1988/3000 [22:00<09:12,  1.83it/s]
qwen2.5-vl/pope/ricd/aokvqa/adversarial/seed1:  66%|██████▋   | 1989/3000 [22:00<08:21,  2.02it/s]
qwen2.5-vl/pope/ricd/aokvqa/adversarial/seed1:  66%|██████▋   | 1990/3000 [22:01<07:44,  2.17it/s]
qwen2.5-vl/pope/ricd/aokvqa/adversarial/seed1:  66%|██████▋   | 1991/3000 [22:01<07:19,  2.29it/s]
qwen2.5-vl/pope/ricd/aokvqa/adversarial/seed1:  66%|██████▋   | 1992/3000 [22:01<07:02,  2.39it/s]
qwen2.5-vl/pope/ricd/aokvqa/adversarial/seed1:  66%|██████▋   | 1993/3000 [22:02<07:58,  2.11it/s]
qwen2.5-vl/pope/ricd/aokvqa/adversarial/seed1:  66%|██████▋   | 1994/3000 [22:02<08:38,  1.94it/s]
qwen2.5-vl/pope/ricd/aokvqa/adversarial/seed1:  66%|██████▋   | 1995/3000 [22:03<09:07,  1.84it/s]
qwen2.5-vl/pope/ricd/aokvqa/adversarial/seed1:  67%|██████▋   | 1996/3000 [22:04<09:26,  1.77it/s]
qwen2.5-vl/pope/ricd/aokvqa/adversarial/seed1:  67%|██████▋   | 1997/3000 [22:04<09:40,  1.73it/s]
qwen2.5-vl/pope/ricd/aokvqa/adversarial/seed1:  67%|██████▋   | 1998/3000 [22:05<09:50,  1.70it/s]
qwen2.5-vl/pope/ricd/aokvqa/adversarial/seed1:  67%|██████▋   | 1999/3000 [22:05<09:43,  1.71it/s]
qwen2.5-vl/pope/ricd/aokvqa/adversarial/seed1:  67%|██████▋   | 2000/3000 [22:06<09:37,  1.73it/s]
qwen2.5-vl/pope/ricd/aokvqa/adversarial/seed1:  67%|██████▋   | 2001/3000 [22:07<09:32,  1.75it/s]
qwen2.5-vl/pope/ricd/aokvqa/adversarial/seed1:  67%|██████▋   | 2002/3000 [22:07<09:27,  1.76it/s]
qwen2.5-vl/pope/ricd/aokvqa/adversarial/seed1:  67%|██████▋   | 2003/3000 [22:08<09:23,  1.77it/s]
qwen2.5-vl/pope/ricd/aokvqa/adversarial/seed1:  67%|██████▋   | 2004/3000 [22:08<09:21,  1.77it/s]
qwen2.5-vl/pope/ricd/aokvqa/adversarial/seed1:  67%|██████▋   | 2005/3000 [22:09<09:34,  1.73it/s]
qwen2.5-vl/pope/ricd/aokvqa/adversarial/seed1:  67%|██████▋   | 2006/3000 [22:10<09:43,  1.70it/s]
qwen2.5-vl/pope/ricd/aokvqa/adversarial/seed1:  67%|██████▋   | 2007/3000 [22:10<09:49,  1.69it/s]
qwen2.5-vl/pope/ricd/aokvqa/adversarial/seed1:  67%|██████▋   | 2008/3000 [22:11<09:52,  1.67it/s]
qwen2.5-vl/pope/ricd/aokvqa/adversarial/seed1:  67%|██████▋   | 2009/3000 [22:11<09:53,  1.67it/s]
qwen2.5-vl/pope/ricd/aokvqa/adversarial/seed1:  67%|██████▋   | 2010/3000 [22:12<09:54,  1.66it/s]
qwen2.5-vl/pope/ricd/aokvqa/adversarial/seed1:  67%|██████▋   | 2011/3000 [22:13<10:30,  1.57it/s]
qwen2.5-vl/pope/ricd/aokvqa/adversarial/seed1:  67%|██████▋   | 2012/3000 [22:13<10:54,  1.51it/s]
qwen2.5-vl/pope/ricd/aokvqa/adversarial/seed1:  67%|██████▋   | 2013/3000 [22:14<11:10,  1.47it/s]
qwen2.5-vl/pope/ricd/aokvqa/adversarial/seed1:  67%|██████▋   | 2014/3000 [22:15<11:22,  1.44it/s]
qwen2.5-vl/pope/ricd/aokvqa/adversarial/seed1:  67%|██████▋   | 2015/3000 [22:16<11:31,  1.43it/s]
qwen2.5-vl/pope/ricd/aokvqa/adversarial/seed1:  67%|██████▋   | 2016/3000 [22:16<11:36,  1.41it/s]
qwen2.5-vl/pope/ricd/aokvqa/adversarial/seed1:  67%|██████▋   | 2017/3000 [22:17<11:05,  1.48it/s]
qwen2.5-vl/pope/ricd/aokvqa/adversarial/seed1:  67%|██████▋   | 2018/3000 [22:17<10:43,  1.53it/s]
qwen2.5-vl/pope/ricd/aokvqa/adversarial/seed1:  67%|██████▋   | 2019/3000 [22:18<10:27,  1.56it/s]
qwen2.5-vl/pope/ricd/aokvqa/adversarial/seed1:  67%|██████▋   | 2020/3000 [22:19<10:16,  1.59it/s]
qwen2.5-vl/pope/ricd/aokvqa/adversarial/seed1:  67%|██████▋   | 2021/3000 [22:19<10:08,  1.61it/s]
qwen2.5-vl/pope/ricd/aokvqa/adversarial/seed1:  67%|██████▋   | 2022/3000 [22:20<10:03,  1.62it/s]
qwen2.5-vl/pope/ricd/aokvqa/adversarial/seed1:  67%|██████▋   | 2023/3000 [22:21<10:33,  1.54it/s]
qwen2.5-vl/pope/ricd/aokvqa/adversarial/seed1:  67%|██████▋   | 2024/3000 [22:21<10:55,  1.49it/s]
qwen2.5-vl/pope/ricd/aokvqa/adversarial/seed1:  68%|██████▊   | 2025/3000 [22:22<11:10,  1.45it/s]
qwen2.5-vl/pope/ricd/aokvqa/adversarial/seed1:  68%|██████▊   | 2026/3000 [22:23<11:21,  1.43it/s]
qwen2.5-vl/pope/ricd/aokvqa/adversarial/seed1:  68%|██████▊   | 2027/3000 [22:24<11:29,  1.41it/s]
qwen2.5-vl/pope/ricd/aokvqa/adversarial/seed1:  68%|██████▊   | 2028/3000 [22:24<11:32,  1.40it/s]
qwen2.5-vl/pope/ricd/aokvqa/adversarial/seed1:  68%|██████▊   | 2029/3000 [22:25<11:34,  1.40it/s]
qwen2.5-vl/pope/ricd/aokvqa/adversarial/seed1:  68%|██████▊   | 2030/3000 [22:26<11:35,  1.39it/s]
qwen2.5-vl/pope/ricd/aokvqa/adversarial/seed1:  68%|██████▊   | 2031/3000 [22:26<11:36,  1.39it/s]
qwen2.5-vl/pope/ricd/aokvqa/adversarial/seed1:  68%|██████▊   | 2032/3000 [22:27<11:37,  1.39it/s]
qwen2.5-vl/pope/ricd/aokvqa/adversarial/seed1:  68%|██████▊   | 2033/3000 [22:28<11:36,  1.39it/s]
qwen2.5-vl/pope/ricd/aokvqa/adversarial/seed1:  68%|██████▊   | 2034/3000 [22:29<11:37,  1.39it/s]
qwen2.5-vl/pope/ricd/aokvqa/adversarial/seed1:  68%|██████▊   | 2035/3000 [22:29<11:02,  1.46it/s]
qwen2.5-vl/pope/ricd/aokvqa/adversarial/seed1:  68%|██████▊   | 2036/3000 [22:30<10:38,  1.51it/s]
qwen2.5-vl/pope/ricd/aokvqa/adversarial/seed1:  68%|██████▊   | 2037/3000 [22:30<10:20,  1.55it/s]
qwen2.5-vl/pope/ricd/aokvqa/adversarial/seed1:  68%|██████▊   | 2038/3000 [22:31<10:08,  1.58it/s]
qwen2.5-vl/pope/ricd/aokvqa/adversarial/seed1:  68%|██████▊   | 2039/3000 [22:32<09:59,  1.60it/s]
qwen2.5-vl/pope/ricd/aokvqa/adversarial/seed1:  68%|██████▊   | 2040/3000 [22:32<09:53,  1.62it/s]
qwen2.5-vl/pope/ricd/aokvqa/adversarial/seed1:  68%|██████▊   | 2041/3000 [22:33<09:48,  1.63it/s]
qwen2.5-vl/pope/ricd/aokvqa/adversarial/seed1:  68%|██████▊   | 2042/3000 [22:33<09:45,  1.64it/s]
qwen2.5-vl/pope/ricd/aokvqa/adversarial/seed1:  68%|██████▊   | 2043/3000 [22:34<09:42,  1.64it/s]
qwen2.5-vl/pope/ricd/aokvqa/adversarial/seed1:  68%|██████▊   | 2044/3000 [22:35<09:41,  1.64it/s]
qwen2.5-vl/pope/ricd/aokvqa/adversarial/seed1:  68%|██████▊   | 2045/3000 [22:35<09:39,  1.65it/s]
qwen2.5-vl/pope/ricd/aokvqa/adversarial/seed1:  68%|██████▊   | 2046/3000 [22:36<09:39,  1.65it/s]
qwen2.5-vl/pope/ricd/aokvqa/adversarial/seed1:  68%|██████▊   | 2047/3000 [22:36<08:34,  1.85it/s]
qwen2.5-vl/pope/ricd/aokvqa/adversarial/seed1:  68%|██████▊   | 2048/3000 [22:37<07:48,  2.03it/s]
qwen2.5-vl/pope/ricd/aokvqa/adversarial/seed1:  68%|██████▊   | 2049/3000 [22:37<07:15,  2.18it/s]
qwen2.5-vl/pope/ricd/aokvqa/adversarial/seed1:  68%|██████▊   | 2050/3000 [22:37<06:51,  2.31it/s]
qwen2.5-vl/pope/ricd/aokvqa/adversarial/seed1:  68%|██████▊   | 2051/3000 [22:38<06:35,  2.40it/s]
qwen2.5-vl/pope/ricd/aokvqa/adversarial/seed1:  68%|██████▊   | 2052/3000 [22:38<06:23,  2.47it/s]
qwen2.5-vl/pope/ricd/aokvqa/adversarial/seed1:  68%|██████▊   | 2053/3000 [22:39<07:18,  2.16it/s]
qwen2.5-vl/pope/ricd/aokvqa/adversarial/seed1:  68%|██████▊   | 2054/3000 [22:39<07:58,  1.98it/s]
qwen2.5-vl/pope/ricd/aokvqa/adversarial/seed1:  68%|██████▊   | 2055/3000 [22:40<08:25,  1.87it/s]
qwen2.5-vl/pope/ricd/aokvqa/adversarial/seed1:  69%|██████▊   | 2056/3000 [22:41<08:43,  1.80it/s]
qwen2.5-vl/pope/ricd/aokvqa/adversarial/seed1:  69%|██████▊   | 2057/3000 [22:41<08:57,  1.75it/s]
qwen2.5-vl/pope/ricd/aokvqa/adversarial/seed1:  69%|██████▊   | 2058/3000 [22:42<09:06,  1.72it/s]
qwen2.5-vl/pope/ricd/aokvqa/adversarial/seed1:  69%|██████▊   | 2059/3000 [22:42<09:42,  1.62it/s]
qwen2.5-vl/pope/ricd/aokvqa/adversarial/seed1:  69%|██████▊   | 2060/3000 [22:43<10:06,  1.55it/s]
qwen2.5-vl/pope/ricd/aokvqa/adversarial/seed1:  69%|██████▊   | 2061/3000 [22:44<10:23,  1.51it/s]
qwen2.5-vl/pope/ricd/aokvqa/adversarial/seed1:  69%|██████▊   | 2062/3000 [22:45<10:35,  1.48it/s]
qwen2.5-vl/pope/ricd/aokvqa/adversarial/seed1:  69%|██████▉   | 2063/3000 [22:45<10:43,  1.46it/s]
qwen2.5-vl/pope/ricd/aokvqa/adversarial/seed1:  69%|██████▉   | 2064/3000 [22:46<10:49,  1.44it/s]
qwen2.5-vl/pope/ricd/aokvqa/adversarial/seed1:  69%|██████▉   | 2065/3000 [22:47<11:43,  1.33it/s]
qwen2.5-vl/pope/ricd/aokvqa/adversarial/seed1:  69%|██████▉   | 2066/3000 [22:48<12:20,  1.26it/s]
qwen2.5-vl/pope/ricd/aokvqa/adversarial/seed1:  69%|██████▉   | 2067/3000 [22:49<12:46,  1.22it/s]
qwen2.5-vl/pope/ricd/aokvqa/adversarial/seed1:  69%|██████▉   | 2068/3000 [22:50<13:04,  1.19it/s]
qwen2.5-vl/pope/ricd/aokvqa/adversarial/seed1:  69%|██████▉   | 2069/3000 [22:50<13:18,  1.17it/s]
qwen2.5-vl/pope/ricd/aokvqa/adversarial/seed1:  69%|██████▉   | 2070/3000 [22:51<13:27,  1.15it/s]
qwen2.5-vl/pope/ricd/aokvqa/adversarial/seed1:  69%|██████▉   | 2071/3000 [22:52<12:04,  1.28it/s]
qwen2.5-vl/pope/ricd/aokvqa/adversarial/seed1:  69%|██████▉   | 2072/3000 [22:52<11:05,  1.39it/s]
qwen2.5-vl/pope/ricd/aokvqa/adversarial/seed1:  69%|██████▉   | 2073/3000 [22:53<10:22,  1.49it/s]
qwen2.5-vl/pope/ricd/aokvqa/adversarial/seed1:  69%|██████▉   | 2074/3000 [22:54<09:52,  1.56it/s]
qwen2.5-vl/pope/ricd/aokvqa/adversarial/seed1:  69%|██████▉   | 2075/3000 [22:54<09:31,  1.62it/s]
qwen2.5-vl/pope/ricd/aokvqa/adversarial/seed1:  69%|██████▉   | 2076/3000 [22:55<09:15,  1.66it/s]
qwen2.5-vl/pope/ricd/aokvqa/adversarial/seed1:  69%|██████▉   | 2077/3000 [22:55<09:18,  1.65it/s]
qwen2.5-vl/pope/ricd/aokvqa/adversarial/seed1:  69%|██████▉   | 2078/3000 [22:56<09:21,  1.64it/s]
qwen2.5-vl/pope/ricd/aokvqa/adversarial/seed1:  69%|██████▉   | 2079/3000 [22:57<09:23,  1.63it/s]
qwen2.5-vl/pope/ricd/aokvqa/adversarial/seed1:  69%|██████▉   | 2080/3000 [22:57<09:24,  1.63it/s]
qwen2.5-vl/pope/ricd/aokvqa/adversarial/seed1:  69%|██████▉   | 2081/3000 [22:58<09:25,  1.63it/s]
qwen2.5-vl/pope/ricd/aokvqa/adversarial/seed1:  69%|██████▉   | 2082/3000 [22:58<09:24,  1.63it/s]
qwen2.5-vl/pope/ricd/aokvqa/adversarial/seed1:  69%|██████▉   | 2083/3000 [22:59<09:54,  1.54it/s]
qwen2.5-vl/pope/ricd/aokvqa/adversarial/seed1:  69%|██████▉   | 2084/3000 [23:00<10:17,  1.48it/s]
qwen2.5-vl/pope/ricd/aokvqa/adversarial/seed1:  70%|██████▉   | 2085/3000 [23:01<10:32,  1.45it/s]
qwen2.5-vl/pope/ricd/aokvqa/adversarial/seed1:  70%|██████▉   | 2086/3000 [23:01<10:47,  1.41it/s]
qwen2.5-vl/pope/ricd/aokvqa/adversarial/seed1:  70%|██████▉   | 2087/3000 [23:02<10:52,  1.40it/s]
qwen2.5-vl/pope/ricd/aokvqa/adversarial/seed1:  70%|██████▉   | 2088/3000 [23:03<10:58,  1.39it/s]
qwen2.5-vl/pope/ricd/aokvqa/adversarial/seed1:  70%|██████▉   | 2089/3000 [23:04<10:44,  1.41it/s]
qwen2.5-vl/pope/ricd/aokvqa/adversarial/seed1:  70%|██████▉   | 2090/3000 [23:04<10:33,  1.44it/s]
qwen2.5-vl/pope/ricd/aokvqa/adversarial/seed1:  70%|██████▉   | 2091/3000 [23:05<10:26,  1.45it/s]
qwen2.5-vl/pope/ricd/aokvqa/adversarial/seed1:  70%|██████▉   | 2092/3000 [23:06<10:20,  1.46it/s]
qwen2.5-vl/pope/ricd/aokvqa/adversarial/seed1:  70%|██████▉   | 2093/3000 [23:06<10:15,  1.47it/s]
qwen2.5-vl/pope/ricd/aokvqa/adversarial/seed1:  70%|██████▉   | 2094/3000 [23:07<10:13,  1.48it/s]
qwen2.5-vl/pope/ricd/aokvqa/adversarial/seed1:  70%|██████▉   | 2095/3000 [23:07<09:55,  1.52it/s]
qwen2.5-vl/pope/ricd/aokvqa/adversarial/seed1:  70%|██████▉   | 2096/3000 [23:08<09:41,  1.55it/s]
qwen2.5-vl/pope/ricd/aokvqa/adversarial/seed1:  70%|██████▉   | 2097/3000 [23:09<09:32,  1.58it/s]
qwen2.5-vl/pope/ricd/aokvqa/adversarial/seed1:  70%|██████▉   | 2098/3000 [23:09<09:28,  1.59it/s]
qwen2.5-vl/pope/ricd/aokvqa/adversarial/seed1:  70%|██████▉   | 2099/3000 [23:10<09:22,  1.60it/s]
qwen2.5-vl/pope/ricd/aokvqa/adversarial/seed1:  70%|███████   | 2100/3000 [23:11<09:17,  1.61it/s]
qwen2.5-vl/pope/ricd/aokvqa/adversarial/seed1:  70%|███████   | 2101/3000 [23:11<09:49,  1.53it/s]
qwen2.5-vl/pope/ricd/aokvqa/adversarial/seed1:  70%|███████   | 2102/3000 [23:12<10:12,  1.47it/s]
qwen2.5-vl/pope/ricd/aokvqa/adversarial/seed1:  70%|███████   | 2103/3000 [23:13<10:27,  1.43it/s]
qwen2.5-vl/pope/ricd/aokvqa/adversarial/seed1:  70%|███████   | 2104/3000 [23:14<10:37,  1.41it/s]
qwen2.5-vl/pope/ricd/aokvqa/adversarial/seed1:  70%|███████   | 2105/3000 [23:14<10:47,  1.38it/s]
qwen2.5-vl/pope/ricd/aokvqa/adversarial/seed1:  70%|███████   | 2106/3000 [23:15<10:52,  1.37it/s]
qwen2.5-vl/pope/ricd/aokvqa/adversarial/seed1:  70%|███████   | 2107/3000 [23:16<10:52,  1.37it/s]
qwen2.5-vl/pope/ricd/aokvqa/adversarial/seed1:  70%|███████   | 2108/3000 [23:16<10:51,  1.37it/s]
qwen2.5-vl/pope/ricd/aokvqa/adversarial/seed1:  70%|███████   | 2109/3000 [23:17<10:48,  1.37it/s]
qwen2.5-vl/pope/ricd/aokvqa/adversarial/seed1:  70%|███████   | 2110/3000 [23:18<10:49,  1.37it/s]
qwen2.5-vl/pope/ricd/aokvqa/adversarial/seed1:  70%|███████   | 2111/3000 [23:19<10:50,  1.37it/s]
qwen2.5-vl/pope/ricd/aokvqa/adversarial/seed1:  70%|███████   | 2112/3000 [23:19<10:50,  1.36it/s]
qwen2.5-vl/pope/ricd/aokvqa/adversarial/seed1:  70%|███████   | 2113/3000 [23:20<10:51,  1.36it/s]
qwen2.5-vl/pope/ricd/aokvqa/adversarial/seed1:  70%|███████   | 2114/3000 [23:21<10:53,  1.36it/s]
qwen2.5-vl/pope/ricd/aokvqa/adversarial/seed1:  70%|███████   | 2115/3000 [23:22<10:52,  1.36it/s]
qwen2.5-vl/pope/ricd/aokvqa/adversarial/seed1:  71%|███████   | 2116/3000 [23:22<10:51,  1.36it/s]
qwen2.5-vl/pope/ricd/aokvqa/adversarial/seed1:  71%|███████   | 2117/3000 [23:23<10:48,  1.36it/s]
qwen2.5-vl/pope/ricd/aokvqa/adversarial/seed1:  71%|███████   | 2118/3000 [23:24<10:45,  1.37it/s]
qwen2.5-vl/pope/ricd/aokvqa/adversarial/seed1:  71%|███████   | 2119/3000 [23:25<10:43,  1.37it/s]
qwen2.5-vl/pope/ricd/aokvqa/adversarial/seed1:  71%|███████   | 2120/3000 [23:25<10:42,  1.37it/s]
qwen2.5-vl/pope/ricd/aokvqa/adversarial/seed1:  71%|███████   | 2121/3000 [23:26<10:39,  1.37it/s]
qwen2.5-vl/pope/ricd/aokvqa/adversarial/seed1:  71%|███████   | 2122/3000 [23:27<10:38,  1.38it/s]
qwen2.5-vl/pope/ricd/aokvqa/adversarial/seed1:  71%|███████   | 2123/3000 [23:27<10:37,  1.37it/s]
qwen2.5-vl/pope/ricd/aokvqa/adversarial/seed1:  71%|███████   | 2124/3000 [23:28<10:36,  1.38it/s]
qwen2.5-vl/pope/ricd/aokvqa/adversarial/seed1:  71%|███████   | 2125/3000 [23:29<11:20,  1.29it/s]
qwen2.5-vl/pope/ricd/aokvqa/adversarial/seed1:  71%|███████   | 2126/3000 [23:30<11:48,  1.23it/s]
qwen2.5-vl/pope/ricd/aokvqa/adversarial/seed1:  71%|███████   | 2127/3000 [23:31<12:07,  1.20it/s]
qwen2.5-vl/pope/ricd/aokvqa/adversarial/seed1:  71%|███████   | 2128/3000 [23:32<12:21,  1.18it/s]
qwen2.5-vl/pope/ricd/aokvqa/adversarial/seed1:  71%|███████   | 2129/3000 [23:33<12:30,  1.16it/s]
qwen2.5-vl/pope/ricd/aokvqa/adversarial/seed1:  71%|███████   | 2130/3000 [23:34<12:39,  1.15it/s]
qwen2.5-vl/pope/ricd/aokvqa/adversarial/seed1:  71%|███████   | 2131/3000 [23:34<12:01,  1.20it/s]
qwen2.5-vl/pope/ricd/aokvqa/adversarial/seed1:  71%|███████   | 2132/3000 [23:35<11:33,  1.25it/s]
qwen2.5-vl/pope/ricd/aokvqa/adversarial/seed1:  71%|███████   | 2133/3000 [23:36<11:12,  1.29it/s]
qwen2.5-vl/pope/ricd/aokvqa/adversarial/seed1:  71%|███████   | 2134/3000 [23:36<10:58,  1.32it/s]
qwen2.5-vl/pope/ricd/aokvqa/adversarial/seed1:  71%|███████   | 2135/3000 [23:37<10:47,  1.34it/s]
qwen2.5-vl/pope/ricd/aokvqa/adversarial/seed1:  71%|███████   | 2136/3000 [23:38<10:40,  1.35it/s]
qwen2.5-vl/pope/ricd/aokvqa/adversarial/seed1:  71%|███████   | 2137/3000 [23:38<10:03,  1.43it/s]
qwen2.5-vl/pope/ricd/aokvqa/adversarial/seed1:  71%|███████▏  | 2138/3000 [23:39<09:36,  1.49it/s]
qwen2.5-vl/pope/ricd/aokvqa/adversarial/seed1:  71%|███████▏  | 2139/3000 [23:40<09:18,  1.54it/s]
qwen2.5-vl/pope/ricd/aokvqa/adversarial/seed1:  71%|███████▏  | 2140/3000 [23:40<09:05,  1.58it/s]
qwen2.5-vl/pope/ricd/aokvqa/adversarial/seed1:  71%|███████▏  | 2141/3000 [23:41<08:55,  1.60it/s]
qwen2.5-vl/pope/ricd/aokvqa/adversarial/seed1:  71%|███████▏  | 2142/3000 [23:41<08:48,  1.62it/s]
qwen2.5-vl/pope/ricd/aokvqa/adversarial/seed1:  71%|███████▏  | 2143/3000 [23:42<09:00,  1.59it/s]
qwen2.5-vl/pope/ricd/aokvqa/adversarial/seed1:  71%|███████▏  | 2144/3000 [23:43<09:08,  1.56it/s]
qwen2.5-vl/pope/ricd/aokvqa/adversarial/seed1:  72%|███████▏  | 2145/3000 [23:43<09:13,  1.55it/s]
qwen2.5-vl/pope/ricd/aokvqa/adversarial/seed1:  72%|███████▏  | 2146/3000 [23:44<09:16,  1.53it/s]
qwen2.5-vl/pope/ricd/aokvqa/adversarial/seed1:  72%|███████▏  | 2147/3000 [23:45<09:19,  1.53it/s]
qwen2.5-vl/pope/ricd/aokvqa/adversarial/seed1:  72%|███████▏  | 2148/3000 [23:45<09:20,  1.52it/s]
qwen2.5-vl/pope/ricd/aokvqa/adversarial/seed1:  72%|███████▏  | 2149/3000 [23:46<09:07,  1.56it/s]
qwen2.5-vl/pope/ricd/aokvqa/adversarial/seed1:  72%|███████▏  | 2150/3000 [23:47<08:57,  1.58it/s]
qwen2.5-vl/pope/ricd/aokvqa/adversarial/seed1:  72%|███████▏  | 2151/3000 [23:47<08:50,  1.60it/s]
qwen2.5-vl/pope/ricd/aokvqa/adversarial/seed1:  72%|███████▏  | 2152/3000 [23:48<08:45,  1.61it/s]
qwen2.5-vl/pope/ricd/aokvqa/adversarial/seed1:  72%|███████▏  | 2153/3000 [23:48<08:41,  1.63it/s]
qwen2.5-vl/pope/ricd/aokvqa/adversarial/seed1:  72%|███████▏  | 2154/3000 [23:49<08:38,  1.63it/s]
qwen2.5-vl/pope/ricd/aokvqa/adversarial/seed1:  72%|███████▏  | 2155/3000 [23:50<08:35,  1.64it/s]
qwen2.5-vl/pope/ricd/aokvqa/adversarial/seed1:  72%|███████▏  | 2156/3000 [23:50<08:33,  1.65it/s]
qwen2.5-vl/pope/ricd/aokvqa/adversarial/seed1:  72%|███████▏  | 2157/3000 [23:51<08:31,  1.65it/s]
qwen2.5-vl/pope/ricd/aokvqa/adversarial/seed1:  72%|███████▏  | 2158/3000 [23:51<08:30,  1.65it/s]
qwen2.5-vl/pope/ricd/aokvqa/adversarial/seed1:  72%|███████▏  | 2159/3000 [23:52<08:28,  1.65it/s]
qwen2.5-vl/pope/ricd/aokvqa/adversarial/seed1:  72%|███████▏  | 2160/3000 [23:53<08:27,  1.66it/s]
qwen2.5-vl/pope/ricd/aokvqa/adversarial/seed1:  72%|███████▏  | 2161/3000 [23:53<08:56,  1.56it/s]
qwen2.5-vl/pope/ricd/aokvqa/adversarial/seed1:  72%|███████▏  | 2162/3000 [23:54<09:17,  1.50it/s]
qwen2.5-vl/pope/ricd/aokvqa/adversarial/seed1:  72%|███████▏  | 2163/3000 [23:55<09:30,  1.47it/s]
qwen2.5-vl/pope/ricd/aokvqa/adversarial/seed1:  72%|███████▏  | 2164/3000 [23:56<09:40,  1.44it/s]
qwen2.5-vl/pope/ricd/aokvqa/adversarial/seed1:  72%|███████▏  | 2165/3000 [23:56<09:46,  1.42it/s]
qwen2.5-vl/pope/ricd/aokvqa/adversarial/seed1:  72%|███████▏  | 2166/3000 [23:57<09:50,  1.41it/s]
qwen2.5-vl/pope/ricd/aokvqa/adversarial/seed1:  72%|███████▏  | 2167/3000 [23:58<09:13,  1.51it/s]
qwen2.5-vl/pope/ricd/aokvqa/adversarial/seed1:  72%|███████▏  | 2168/3000 [23:58<08:46,  1.58it/s]
qwen2.5-vl/pope/ricd/aokvqa/adversarial/seed1:  72%|███████▏  | 2169/3000 [23:59<08:27,  1.64it/s]
qwen2.5-vl/pope/ricd/aokvqa/adversarial/seed1:  72%|███████▏  | 2170/3000 [23:59<08:14,  1.68it/s]
qwen2.5-vl/pope/ricd/aokvqa/adversarial/seed1:  72%|███████▏  | 2171/3000 [24:00<08:05,  1.71it/s]
qwen2.5-vl/pope/ricd/aokvqa/adversarial/seed1:  72%|███████▏  | 2172/3000 [24:00<07:59,  1.73it/s]
qwen2.5-vl/pope/ricd/aokvqa/adversarial/seed1:  72%|███████▏  | 2173/3000 [24:01<08:35,  1.60it/s]
qwen2.5-vl/pope/ricd/aokvqa/adversarial/seed1:  72%|███████▏  | 2174/3000 [24:02<08:59,  1.53it/s]
qwen2.5-vl/pope/ricd/aokvqa/adversarial/seed1:  72%|███████▎  | 2175/3000 [24:03<09:15,  1.49it/s]
qwen2.5-vl/pope/ricd/aokvqa/adversarial/seed1:  73%|███████▎  | 2176/3000 [24:03<09:26,  1.45it/s]
qwen2.5-vl/pope/ricd/aokvqa/adversarial/seed1:  73%|███████▎  | 2177/3000 [24:04<09:34,  1.43it/s]
qwen2.5-vl/pope/ricd/aokvqa/adversarial/seed1:  73%|███████▎  | 2178/3000 [24:05<09:39,  1.42it/s]
qwen2.5-vl/pope/ricd/aokvqa/adversarial/seed1:  73%|███████▎  | 2179/3000 [24:05<09:42,  1.41it/s]
qwen2.5-vl/pope/ricd/aokvqa/adversarial/seed1:  73%|███████▎  | 2180/3000 [24:06<09:45,  1.40it/s]
qwen2.5-vl/pope/ricd/aokvqa/adversarial/seed1:  73%|███████▎  | 2181/3000 [24:07<09:46,  1.40it/s]
qwen2.5-vl/pope/ricd/aokvqa/adversarial/seed1:  73%|███████▎  | 2182/3000 [24:08<09:46,  1.39it/s]
qwen2.5-vl/pope/ricd/aokvqa/adversarial/seed1:  73%|███████▎  | 2183/3000 [24:08<09:46,  1.39it/s]
qwen2.5-vl/pope/ricd/aokvqa/adversarial/seed1:  73%|███████▎  | 2184/3000 [24:09<09:46,  1.39it/s]
qwen2.5-vl/pope/ricd/aokvqa/adversarial/seed1:  73%|███████▎  | 2185/3000 [24:10<09:06,  1.49it/s]
qwen2.5-vl/pope/ricd/aokvqa/adversarial/seed1:  73%|███████▎  | 2186/3000 [24:10<08:38,  1.57it/s]
qwen2.5-vl/pope/ricd/aokvqa/adversarial/seed1:  73%|███████▎  | 2187/3000 [24:11<08:18,  1.63it/s]
qwen2.5-vl/pope/ricd/aokvqa/adversarial/seed1:  73%|███████▎  | 2188/3000 [24:11<08:04,  1.68it/s]
qwen2.5-vl/pope/ricd/aokvqa/adversarial/seed1:  73%|███████▎  | 2189/3000 [24:12<07:54,  1.71it/s]
qwen2.5-vl/pope/ricd/aokvqa/adversarial/seed1:  73%|███████▎  | 2190/3000 [24:12<07:47,  1.73it/s]
qwen2.5-vl/pope/ricd/aokvqa/adversarial/seed1:  73%|███████▎  | 2191/3000 [24:13<07:53,  1.71it/s]
qwen2.5-vl/pope/ricd/aokvqa/adversarial/seed1:  73%|███████▎  | 2192/3000 [24:14<07:59,  1.69it/s]
qwen2.5-vl/pope/ricd/aokvqa/adversarial/seed1:  73%|███████▎  | 2193/3000 [24:14<08:02,  1.67it/s]
qwen2.5-vl/pope/ricd/aokvqa/adversarial/seed1:  73%|███████▎  | 2194/3000 [24:15<08:03,  1.67it/s]
qwen2.5-vl/pope/ricd/aokvqa/adversarial/seed1:  73%|███████▎  | 2195/3000 [24:15<08:04,  1.66it/s]
qwen2.5-vl/pope/ricd/aokvqa/adversarial/seed1:  73%|███████▎  | 2196/3000 [24:16<08:04,  1.66it/s]
qwen2.5-vl/pope/ricd/aokvqa/adversarial/seed1:  73%|███████▎  | 2197/3000 [24:17<08:04,  1.66it/s]
qwen2.5-vl/pope/ricd/aokvqa/adversarial/seed1:  73%|███████▎  | 2198/3000 [24:17<08:03,  1.66it/s]
qwen2.5-vl/pope/ricd/aokvqa/adversarial/seed1:  73%|███████▎  | 2199/3000 [24:18<08:03,  1.66it/s]
qwen2.5-vl/pope/ricd/aokvqa/adversarial/seed1:  73%|███████▎  | 2200/3000 [24:18<08:03,  1.65it/s]
qwen2.5-vl/pope/ricd/aokvqa/adversarial/seed1:  73%|███████▎  | 2201/3000 [24:19<08:02,  1.65it/s]
qwen2.5-vl/pope/ricd/aokvqa/adversarial/seed1:  73%|███████▎  | 2202/3000 [24:20<08:02,  1.65it/s]
qwen2.5-vl/pope/ricd/aokvqa/adversarial/seed1:  73%|███████▎  | 2203/3000 [24:20<08:30,  1.56it/s]
qwen2.5-vl/pope/ricd/aokvqa/adversarial/seed1:  73%|███████▎  | 2204/3000 [24:21<08:55,  1.49it/s]
qwen2.5-vl/pope/ricd/aokvqa/adversarial/seed1:  74%|███████▎  | 2205/3000 [24:22<09:12,  1.44it/s]
qwen2.5-vl/pope/ricd/aokvqa/adversarial/seed1:  74%|███████▎  | 2206/3000 [24:23<09:24,  1.41it/s]
qwen2.5-vl/pope/ricd/aokvqa/adversarial/seed1:  74%|███████▎  | 2207/3000 [24:23<09:31,  1.39it/s]
qwen2.5-vl/pope/ricd/aokvqa/adversarial/seed1:  74%|███████▎  | 2208/3000 [24:24<09:35,  1.38it/s]
qwen2.5-vl/pope/ricd/aokvqa/adversarial/seed1:  74%|███████▎  | 2209/3000 [24:25<09:09,  1.44it/s]
qwen2.5-vl/pope/ricd/aokvqa/adversarial/seed1:  74%|███████▎  | 2210/3000 [24:25<08:50,  1.49it/s]
qwen2.5-vl/pope/ricd/aokvqa/adversarial/seed1:  74%|███████▎  | 2211/3000 [24:26<08:37,  1.52it/s]
qwen2.5-vl/pope/ricd/aokvqa/adversarial/seed1:  74%|███████▎  | 2212/3000 [24:27<08:28,  1.55it/s]
qwen2.5-vl/pope/ricd/aokvqa/adversarial/seed1:  74%|███████▍  | 2213/3000 [24:27<08:22,  1.57it/s]
qwen2.5-vl/pope/ricd/aokvqa/adversarial/seed1:  74%|███████▍  | 2214/3000 [24:28<08:16,  1.58it/s]
qwen2.5-vl/pope/ricd/aokvqa/adversarial/seed1:  74%|███████▍  | 2215/3000 [24:28<08:12,  1.59it/s]
qwen2.5-vl/pope/ricd/aokvqa/adversarial/seed1:  74%|███████▍  | 2216/3000 [24:29<08:08,  1.60it/s]
qwen2.5-vl/pope/ricd/aokvqa/adversarial/seed1:  74%|███████▍  | 2217/3000 [24:30<08:05,  1.61it/s]
qwen2.5-vl/pope/ricd/aokvqa/adversarial/seed1:  74%|███████▍  | 2218/3000 [24:30<08:04,  1.61it/s]
qwen2.5-vl/pope/ricd/aokvqa/adversarial/seed1:  74%|███████▍  | 2219/3000 [24:31<08:03,  1.61it/s]
qwen2.5-vl/pope/ricd/aokvqa/adversarial/seed1:  74%|███████▍  | 2220/3000 [24:32<08:02,  1.62it/s]
qwen2.5-vl/pope/ricd/aokvqa/adversarial/seed1:  74%|███████▍  | 2221/3000 [24:32<08:01,  1.62it/s]
qwen2.5-vl/pope/ricd/aokvqa/adversarial/seed1:  74%|███████▍  | 2222/3000 [24:33<08:00,  1.62it/s]
qwen2.5-vl/pope/ricd/aokvqa/adversarial/seed1:  74%|███████▍  | 2223/3000 [24:33<08:01,  1.62it/s]
qwen2.5-vl/pope/ricd/aokvqa/adversarial/seed1:  74%|███████▍  | 2224/3000 [24:34<08:00,  1.62it/s]
qwen2.5-vl/pope/ricd/aokvqa/adversarial/seed1:  74%|███████▍  | 2225/3000 [24:35<08:00,  1.61it/s]
qwen2.5-vl/pope/ricd/aokvqa/adversarial/seed1:  74%|███████▍  | 2226/3000 [24:35<07:57,  1.62it/s]
qwen2.5-vl/pope/ricd/aokvqa/adversarial/seed1:  74%|███████▍  | 2227/3000 [24:36<07:55,  1.63it/s]
qwen2.5-vl/pope/ricd/aokvqa/adversarial/seed1:  74%|███████▍  | 2228/3000 [24:36<07:53,  1.63it/s]
qwen2.5-vl/pope/ricd/aokvqa/adversarial/seed1:  74%|███████▍  | 2229/3000 [24:37<07:51,  1.63it/s]
qwen2.5-vl/pope/ricd/aokvqa/adversarial/seed1:  74%|███████▍  | 2230/3000 [24:38<07:50,  1.64it/s]
qwen2.5-vl/pope/ricd/aokvqa/adversarial/seed1:  74%|███████▍  | 2231/3000 [24:38<07:51,  1.63it/s]
qwen2.5-vl/pope/ricd/aokvqa/adversarial/seed1:  74%|███████▍  | 2232/3000 [24:39<07:51,  1.63it/s]
qwen2.5-vl/pope/ricd/aokvqa/adversarial/seed1:  74%|███████▍  | 2233/3000 [24:40<07:52,  1.62it/s]
qwen2.5-vl/pope/ricd/aokvqa/adversarial/seed1:  74%|███████▍  | 2234/3000 [24:40<07:51,  1.62it/s]
qwen2.5-vl/pope/ricd/aokvqa/adversarial/seed1:  74%|███████▍  | 2235/3000 [24:41<07:50,  1.63it/s]
qwen2.5-vl/pope/ricd/aokvqa/adversarial/seed1:  75%|███████▍  | 2236/3000 [24:41<07:49,  1.63it/s]
qwen2.5-vl/pope/ricd/aokvqa/adversarial/seed1:  75%|███████▍  | 2237/3000 [24:42<07:49,  1.62it/s]
qwen2.5-vl/pope/ricd/aokvqa/adversarial/seed1:  75%|███████▍  | 2238/3000 [24:43<07:49,  1.62it/s]
qwen2.5-vl/pope/ricd/aokvqa/adversarial/seed1:  75%|███████▍  | 2239/3000 [24:43<08:18,  1.53it/s]
qwen2.5-vl/pope/ricd/aokvqa/adversarial/seed1:  75%|███████▍  | 2240/3000 [24:44<08:36,  1.47it/s]
qwen2.5-vl/pope/ricd/aokvqa/adversarial/seed1:  75%|███████▍  | 2241/3000 [24:45<08:47,  1.44it/s]
qwen2.5-vl/pope/ricd/aokvqa/adversarial/seed1:  75%|███████▍  | 2242/3000 [24:46<08:56,  1.41it/s]
qwen2.5-vl/pope/ricd/aokvqa/adversarial/seed1:  75%|███████▍  | 2243/3000 [24:46<09:03,  1.39it/s]
qwen2.5-vl/pope/ricd/aokvqa/adversarial/seed1:  75%|███████▍  | 2244/3000 [24:47<09:06,  1.38it/s]
qwen2.5-vl/pope/ricd/aokvqa/adversarial/seed1:  75%|███████▍  | 2245/3000 [24:48<09:49,  1.28it/s]
qwen2.5-vl/pope/ricd/aokvqa/adversarial/seed1:  75%|███████▍  | 2246/3000 [24:49<10:18,  1.22it/s]
qwen2.5-vl/pope/ricd/aokvqa/adversarial/seed1:  75%|███████▍  | 2247/3000 [24:50<10:35,  1.18it/s]
qwen2.5-vl/pope/ricd/aokvqa/adversarial/seed1:  75%|███████▍  | 2248/3000 [24:51<10:47,  1.16it/s]
qwen2.5-vl/pope/ricd/aokvqa/adversarial/seed1:  75%|███████▍  | 2249/3000 [24:52<10:55,  1.15it/s]
qwen2.5-vl/pope/ricd/aokvqa/adversarial/seed1:  75%|███████▌  | 2250/3000 [24:52<11:04,  1.13it/s]
qwen2.5-vl/pope/ricd/aokvqa/adversarial/seed1:  75%|███████▌  | 2251/3000 [24:53<10:00,  1.25it/s]
qwen2.5-vl/pope/ricd/aokvqa/adversarial/seed1:  75%|███████▌  | 2252/3000 [24:54<09:16,  1.34it/s]
qwen2.5-vl/pope/ricd/aokvqa/adversarial/seed1:  75%|███████▌  | 2253/3000 [24:54<08:45,  1.42it/s]
qwen2.5-vl/pope/ricd/aokvqa/adversarial/seed1:  75%|███████▌  | 2254/3000 [24:55<08:25,  1.48it/s]
qwen2.5-vl/pope/ricd/aokvqa/adversarial/seed1:  75%|███████▌  | 2255/3000 [24:56<08:09,  1.52it/s]
qwen2.5-vl/pope/ricd/aokvqa/adversarial/seed1:  75%|███████▌  | 2256/3000 [24:56<07:58,  1.55it/s]
qwen2.5-vl/pope/ricd/aokvqa/adversarial/seed1:  75%|███████▌  | 2257/3000 [24:57<08:18,  1.49it/s]
qwen2.5-vl/pope/ricd/aokvqa/adversarial/seed1:  75%|███████▌  | 2258/3000 [24:58<08:33,  1.45it/s]
qwen2.5-vl/pope/ricd/aokvqa/adversarial/seed1:  75%|███████▌  | 2259/3000 [24:58<08:41,  1.42it/s]
qwen2.5-vl/pope/ricd/aokvqa/adversarial/seed1:  75%|███████▌  | 2260/3000 [24:59<08:47,  1.40it/s]
qwen2.5-vl/pope/ricd/aokvqa/adversarial/seed1:  75%|███████▌  | 2261/3000 [25:00<08:52,  1.39it/s]
qwen2.5-vl/pope/ricd/aokvqa/adversarial/seed1:  75%|███████▌  | 2262/3000 [25:01<08:55,  1.38it/s]
qwen2.5-vl/pope/ricd/aokvqa/adversarial/seed1:  75%|███████▌  | 2263/3000 [25:01<08:23,  1.46it/s]
qwen2.5-vl/pope/ricd/aokvqa/adversarial/seed1:  75%|███████▌  | 2264/3000 [25:02<07:59,  1.53it/s]
qwen2.5-vl/pope/ricd/aokvqa/adversarial/seed1:  76%|███████▌  | 2265/3000 [25:02<07:42,  1.59it/s]
qwen2.5-vl/pope/ricd/aokvqa/adversarial/seed1:  76%|███████▌  | 2266/3000 [25:03<07:26,  1.64it/s]
qwen2.5-vl/pope/ricd/aokvqa/adversarial/seed1:  76%|███████▌  | 2267/3000 [25:03<07:15,  1.68it/s]
qwen2.5-vl/pope/ricd/aokvqa/adversarial/seed1:  76%|███████▌  | 2268/3000 [25:04<07:07,  1.71it/s]
qwen2.5-vl/pope/ricd/aokvqa/adversarial/seed1:  76%|███████▌  | 2269/3000 [25:05<07:38,  1.60it/s]
qwen2.5-vl/pope/ricd/aokvqa/adversarial/seed1:  76%|███████▌  | 2270/3000 [25:05<07:58,  1.53it/s]
qwen2.5-vl/pope/ricd/aokvqa/adversarial/seed1:  76%|███████▌  | 2271/3000 [25:06<08:17,  1.46it/s]
qwen2.5-vl/pope/ricd/aokvqa/adversarial/seed1:  76%|███████▌  | 2272/3000 [25:07<08:26,  1.44it/s]
qwen2.5-vl/pope/ricd/aokvqa/adversarial/seed1:  76%|███████▌  | 2273/3000 [25:08<08:32,  1.42it/s]
qwen2.5-vl/pope/ricd/aokvqa/adversarial/seed1:  76%|███████▌  | 2274/3000 [25:08<08:36,  1.40it/s]
qwen2.5-vl/pope/ricd/aokvqa/adversarial/seed1:  76%|███████▌  | 2275/3000 [25:09<08:12,  1.47it/s]
qwen2.5-vl/pope/ricd/aokvqa/adversarial/seed1:  76%|███████▌  | 2276/3000 [25:10<07:56,  1.52it/s]
qwen2.5-vl/pope/ricd/aokvqa/adversarial/seed1:  76%|███████▌  | 2277/3000 [25:10<07:44,  1.56it/s]
qwen2.5-vl/pope/ricd/aokvqa/adversarial/seed1:  76%|███████▌  | 2278/3000 [25:11<07:35,  1.58it/s]
qwen2.5-vl/pope/ricd/aokvqa/adversarial/seed1:  76%|███████▌  | 2279/3000 [25:11<07:30,  1.60it/s]
qwen2.5-vl/pope/ricd/aokvqa/adversarial/seed1:  76%|███████▌  | 2280/3000 [25:12<07:25,  1.62it/s]
qwen2.5-vl/pope/ricd/aokvqa/adversarial/seed1:  76%|███████▌  | 2281/3000 [25:13<07:46,  1.54it/s]
qwen2.5-vl/pope/ricd/aokvqa/adversarial/seed1:  76%|███████▌  | 2282/3000 [25:13<08:02,  1.49it/s]
qwen2.5-vl/pope/ricd/aokvqa/adversarial/seed1:  76%|███████▌  | 2283/3000 [25:14<08:10,  1.46it/s]
qwen2.5-vl/pope/ricd/aokvqa/adversarial/seed1:  76%|███████▌  | 2284/3000 [25:15<08:15,  1.45it/s]
qwen2.5-vl/pope/ricd/aokvqa/adversarial/seed1:  76%|███████▌  | 2285/3000 [25:16<08:18,  1.44it/s]
qwen2.5-vl/pope/ricd/aokvqa/adversarial/seed1:  76%|███████▌  | 2286/3000 [25:16<08:21,  1.42it/s]
qwen2.5-vl/pope/ricd/aokvqa/adversarial/seed1:  76%|███████▌  | 2287/3000 [25:17<08:02,  1.48it/s]
qwen2.5-vl/pope/ricd/aokvqa/adversarial/seed1:  76%|███████▋  | 2288/3000 [25:18<07:49,  1.52it/s]
qwen2.5-vl/pope/ricd/aokvqa/adversarial/seed1:  76%|███████▋  | 2289/3000 [25:18<07:40,  1.55it/s]
qwen2.5-vl/pope/ricd/aokvqa/adversarial/seed1:  76%|███████▋  | 2290/3000 [25:19<07:32,  1.57it/s]
qwen2.5-vl/pope/ricd/aokvqa/adversarial/seed1:  76%|███████▋  | 2291/3000 [25:19<07:26,  1.59it/s]
qwen2.5-vl/pope/ricd/aokvqa/adversarial/seed1:  76%|███████▋  | 2292/3000 [25:20<07:21,  1.60it/s]
qwen2.5-vl/pope/ricd/aokvqa/adversarial/seed1:  76%|███████▋  | 2293/3000 [25:21<07:17,  1.62it/s]
qwen2.5-vl/pope/ricd/aokvqa/adversarial/seed1:  76%|███████▋  | 2294/3000 [25:21<07:14,  1.63it/s]
qwen2.5-vl/pope/ricd/aokvqa/adversarial/seed1:  76%|███████▋  | 2295/3000 [25:22<07:12,  1.63it/s]
qwen2.5-vl/pope/ricd/aokvqa/adversarial/seed1:  77%|███████▋  | 2296/3000 [25:22<07:11,  1.63it/s]
qwen2.5-vl/pope/ricd/aokvqa/adversarial/seed1:  77%|███████▋  | 2297/3000 [25:23<07:09,  1.64it/s]
qwen2.5-vl/pope/ricd/aokvqa/adversarial/seed1:  77%|███████▋  | 2298/3000 [25:24<07:07,  1.64it/s]
qwen2.5-vl/pope/ricd/aokvqa/adversarial/seed1:  77%|███████▋  | 2299/3000 [25:24<07:31,  1.55it/s]
qwen2.5-vl/pope/ricd/aokvqa/adversarial/seed1:  77%|███████▋  | 2300/3000 [25:25<07:48,  1.49it/s]
qwen2.5-vl/pope/ricd/aokvqa/adversarial/seed1:  77%|███████▋  | 2301/3000 [25:26<07:59,  1.46it/s]
qwen2.5-vl/pope/ricd/aokvqa/adversarial/seed1:  77%|███████▋  | 2302/3000 [25:27<08:06,  1.43it/s]
qwen2.5-vl/pope/ricd/aokvqa/adversarial/seed1:  77%|███████▋  | 2303/3000 [25:27<08:13,  1.41it/s]
qwen2.5-vl/pope/ricd/aokvqa/adversarial/seed1:  77%|███████▋  | 2304/3000 [25:28<08:17,  1.40it/s]
qwen2.5-vl/pope/ricd/aokvqa/adversarial/seed1:  77%|███████▋  | 2305/3000 [25:29<08:13,  1.41it/s]
qwen2.5-vl/pope/ricd/aokvqa/adversarial/seed1:  77%|███████▋  | 2306/3000 [25:29<08:09,  1.42it/s]
qwen2.5-vl/pope/ricd/aokvqa/adversarial/seed1:  77%|███████▋  | 2307/3000 [25:30<08:06,  1.42it/s]
qwen2.5-vl/pope/ricd/aokvqa/adversarial/seed1:  77%|███████▋  | 2308/3000 [25:31<08:04,  1.43it/s]
qwen2.5-vl/pope/ricd/aokvqa/adversarial/seed1:  77%|███████▋  | 2309/3000 [25:31<08:03,  1.43it/s]
qwen2.5-vl/pope/ricd/aokvqa/adversarial/seed1:  77%|███████▋  | 2310/3000 [25:32<08:00,  1.44it/s]
qwen2.5-vl/pope/ricd/aokvqa/adversarial/seed1:  77%|███████▋  | 2311/3000 [25:33<08:05,  1.42it/s]
qwen2.5-vl/pope/ricd/aokvqa/adversarial/seed1:  77%|███████▋  | 2312/3000 [25:34<08:10,  1.40it/s]
qwen2.5-vl/pope/ricd/aokvqa/adversarial/seed1:  77%|███████▋  | 2313/3000 [25:34<08:13,  1.39it/s]
qwen2.5-vl/pope/ricd/aokvqa/adversarial/seed1:  77%|███████▋  | 2314/3000 [25:35<08:16,  1.38it/s]
qwen2.5-vl/pope/ricd/aokvqa/adversarial/seed1:  77%|███████▋  | 2315/3000 [25:36<08:17,  1.38it/s]
qwen2.5-vl/pope/ricd/aokvqa/adversarial/seed1:  77%|███████▋  | 2316/3000 [25:37<08:17,  1.37it/s]
qwen2.5-vl/pope/ricd/aokvqa/adversarial/seed1:  77%|███████▋  | 2317/3000 [25:37<07:52,  1.44it/s]
qwen2.5-vl/pope/ricd/aokvqa/adversarial/seed1:  77%|███████▋  | 2318/3000 [25:38<07:35,  1.50it/s]
qwen2.5-vl/pope/ricd/aokvqa/adversarial/seed1:  77%|███████▋  | 2319/3000 [25:38<07:23,  1.54it/s]
qwen2.5-vl/pope/ricd/aokvqa/adversarial/seed1:  77%|███████▋  | 2320/3000 [25:39<07:14,  1.56it/s]
qwen2.5-vl/pope/ricd/aokvqa/adversarial/seed1:  77%|███████▋  | 2321/3000 [25:40<07:06,  1.59it/s]
qwen2.5-vl/pope/ricd/aokvqa/adversarial/seed1:  77%|███████▋  | 2322/3000 [25:40<07:01,  1.61it/s]
qwen2.5-vl/pope/ricd/aokvqa/adversarial/seed1:  77%|███████▋  | 2323/3000 [25:41<06:59,  1.61it/s]
qwen2.5-vl/pope/ricd/aokvqa/adversarial/seed1:  77%|███████▋  | 2324/3000 [25:41<06:57,  1.62it/s]
qwen2.5-vl/pope/ricd/aokvqa/adversarial/seed1:  78%|███████▊  | 2325/3000 [25:42<06:56,  1.62it/s]
qwen2.5-vl/pope/ricd/aokvqa/adversarial/seed1:  78%|███████▊  | 2326/3000 [25:43<06:54,  1.63it/s]
qwen2.5-vl/pope/ricd/aokvqa/adversarial/seed1:  78%|███████▊  | 2327/3000 [25:43<06:52,  1.63it/s]
qwen2.5-vl/pope/ricd/aokvqa/adversarial/seed1:  78%|███████▊  | 2328/3000 [25:44<06:51,  1.63it/s]
qwen2.5-vl/pope/ricd/aokvqa/adversarial/seed1:  78%|███████▊  | 2329/3000 [25:45<07:14,  1.55it/s]
qwen2.5-vl/pope/ricd/aokvqa/adversarial/seed1:  78%|███████▊  | 2330/3000 [25:45<07:29,  1.49it/s]
qwen2.5-vl/pope/ricd/aokvqa/adversarial/seed1:  78%|███████▊  | 2331/3000 [25:46<07:38,  1.46it/s]
qwen2.5-vl/pope/ricd/aokvqa/adversarial/seed1:  78%|███████▊  | 2332/3000 [25:47<07:46,  1.43it/s]
qwen2.5-vl/pope/ricd/aokvqa/adversarial/seed1:  78%|███████▊  | 2333/3000 [25:48<07:51,  1.41it/s]
qwen2.5-vl/pope/ricd/aokvqa/adversarial/seed1:  78%|███████▊  | 2334/3000 [25:48<07:56,  1.40it/s]
qwen2.5-vl/pope/ricd/aokvqa/adversarial/seed1:  78%|███████▊  | 2335/3000 [25:49<07:36,  1.46it/s]
qwen2.5-vl/pope/ricd/aokvqa/adversarial/seed1:  78%|███████▊  | 2336/3000 [25:49<07:20,  1.51it/s]
qwen2.5-vl/pope/ricd/aokvqa/adversarial/seed1:  78%|███████▊  | 2337/3000 [25:50<07:09,  1.54it/s]
qwen2.5-vl/pope/ricd/aokvqa/adversarial/seed1:  78%|███████▊  | 2338/3000 [25:51<07:01,  1.57it/s]
qwen2.5-vl/pope/ricd/aokvqa/adversarial/seed1:  78%|███████▊  | 2339/3000 [25:51<06:56,  1.59it/s]
qwen2.5-vl/pope/ricd/aokvqa/adversarial/seed1:  78%|███████▊  | 2340/3000 [25:52<06:52,  1.60it/s]
qwen2.5-vl/pope/ricd/aokvqa/adversarial/seed1:  78%|███████▊  | 2341/3000 [25:53<06:49,  1.61it/s]
qwen2.5-vl/pope/ricd/aokvqa/adversarial/seed1:  78%|███████▊  | 2342/3000 [25:53<06:47,  1.61it/s]
qwen2.5-vl/pope/ricd/aokvqa/adversarial/seed1:  78%|███████▊  | 2343/3000 [25:54<06:45,  1.62it/s]
qwen2.5-vl/pope/ricd/aokvqa/adversarial/seed1:  78%|███████▊  | 2344/3000 [25:54<06:43,  1.62it/s]
qwen2.5-vl/pope/ricd/aokvqa/adversarial/seed1:  78%|███████▊  | 2345/3000 [25:55<06:42,  1.63it/s]
qwen2.5-vl/pope/ricd/aokvqa/adversarial/seed1:  78%|███████▊  | 2346/3000 [25:56<06:40,  1.63it/s]
qwen2.5-vl/pope/ricd/aokvqa/adversarial/seed1:  78%|███████▊  | 2347/3000 [25:56<07:01,  1.55it/s]
qwen2.5-vl/pope/ricd/aokvqa/adversarial/seed1:  78%|███████▊  | 2348/3000 [25:57<07:15,  1.50it/s]
qwen2.5-vl/pope/ricd/aokvqa/adversarial/seed1:  78%|███████▊  | 2349/3000 [25:58<07:27,  1.46it/s]
qwen2.5-vl/pope/ricd/aokvqa/adversarial/seed1:  78%|███████▊  | 2350/3000 [25:59<07:35,  1.43it/s]
qwen2.5-vl/pope/ricd/aokvqa/adversarial/seed1:  78%|███████▊  | 2351/3000 [25:59<07:40,  1.41it/s]
qwen2.5-vl/pope/ricd/aokvqa/adversarial/seed1:  78%|███████▊  | 2352/3000 [26:00<07:43,  1.40it/s]
qwen2.5-vl/pope/ricd/aokvqa/adversarial/seed1:  78%|███████▊  | 2353/3000 [26:01<07:13,  1.49it/s]
qwen2.5-vl/pope/ricd/aokvqa/adversarial/seed1:  78%|███████▊  | 2354/3000 [26:01<06:51,  1.57it/s]
qwen2.5-vl/pope/ricd/aokvqa/adversarial/seed1:  78%|███████▊  | 2355/3000 [26:02<06:37,  1.62it/s]
qwen2.5-vl/pope/ricd/aokvqa/adversarial/seed1:  79%|███████▊  | 2356/3000 [26:02<06:26,  1.67it/s]
qwen2.5-vl/pope/ricd/aokvqa/adversarial/seed1:  79%|███████▊  | 2357/3000 [26:03<06:18,  1.70it/s]
qwen2.5-vl/pope/ricd/aokvqa/adversarial/seed1:  79%|███████▊  | 2358/3000 [26:03<06:13,  1.72it/s]
qwen2.5-vl/pope/ricd/aokvqa/adversarial/seed1:  79%|███████▊  | 2359/3000 [26:04<06:34,  1.62it/s]
qwen2.5-vl/pope/ricd/aokvqa/adversarial/seed1:  79%|███████▊  | 2360/3000 [26:05<06:50,  1.56it/s]
qwen2.5-vl/pope/ricd/aokvqa/adversarial/seed1:  79%|███████▊  | 2361/3000 [26:05<06:59,  1.52it/s]
qwen2.5-vl/pope/ricd/aokvqa/adversarial/seed1:  79%|███████▊  | 2362/3000 [26:06<07:04,  1.50it/s]
qwen2.5-vl/pope/ricd/aokvqa/adversarial/seed1:  79%|███████▉  | 2363/3000 [26:07<07:08,  1.49it/s]
qwen2.5-vl/pope/ricd/aokvqa/adversarial/seed1:  79%|███████▉  | 2364/3000 [26:07<07:10,  1.48it/s]
qwen2.5-vl/pope/ricd/aokvqa/adversarial/seed1:  79%|███████▉  | 2365/3000 [26:08<07:18,  1.45it/s]
qwen2.5-vl/pope/ricd/aokvqa/adversarial/seed1:  79%|███████▉  | 2366/3000 [26:09<07:23,  1.43it/s]
qwen2.5-vl/pope/ricd/aokvqa/adversarial/seed1:  79%|███████▉  | 2367/3000 [26:10<07:26,  1.42it/s]
qwen2.5-vl/pope/ricd/aokvqa/adversarial/seed1:  79%|███████▉  | 2368/3000 [26:10<07:28,  1.41it/s]
qwen2.5-vl/pope/ricd/aokvqa/adversarial/seed1:  79%|███████▉  | 2369/3000 [26:11<07:30,  1.40it/s]
qwen2.5-vl/pope/ricd/aokvqa/adversarial/seed1:  79%|███████▉  | 2370/3000 [26:12<07:30,  1.40it/s]
qwen2.5-vl/pope/ricd/aokvqa/adversarial/seed1:  79%|███████▉  | 2371/3000 [26:13<07:31,  1.39it/s]
qwen2.5-vl/pope/ricd/aokvqa/adversarial/seed1:  79%|███████▉  | 2372/3000 [26:13<07:31,  1.39it/s]
qwen2.5-vl/pope/ricd/aokvqa/adversarial/seed1:  79%|███████▉  | 2373/3000 [26:14<07:31,  1.39it/s]
qwen2.5-vl/pope/ricd/aokvqa/adversarial/seed1:  79%|███████▉  | 2374/3000 [26:15<07:31,  1.39it/s]
qwen2.5-vl/pope/ricd/aokvqa/adversarial/seed1:  79%|███████▉  | 2375/3000 [26:15<07:31,  1.39it/s]
qwen2.5-vl/pope/ricd/aokvqa/adversarial/seed1:  79%|███████▉  | 2376/3000 [26:16<07:30,  1.39it/s]
qwen2.5-vl/pope/ricd/aokvqa/adversarial/seed1:  79%|███████▉  | 2377/3000 [26:17<07:07,  1.46it/s]
qwen2.5-vl/pope/ricd/aokvqa/adversarial/seed1:  79%|███████▉  | 2378/3000 [26:17<06:52,  1.51it/s]
qwen2.5-vl/pope/ricd/aokvqa/adversarial/seed1:  79%|███████▉  | 2379/3000 [26:18<06:41,  1.55it/s]
qwen2.5-vl/pope/ricd/aokvqa/adversarial/seed1:  79%|███████▉  | 2380/3000 [26:19<06:34,  1.57it/s]
qwen2.5-vl/pope/ricd/aokvqa/adversarial/seed1:  79%|███████▉  | 2381/3000 [26:19<06:29,  1.59it/s]
qwen2.5-vl/pope/ricd/aokvqa/adversarial/seed1:  79%|███████▉  | 2382/3000 [26:20<06:25,  1.60it/s]
qwen2.5-vl/pope/ricd/aokvqa/adversarial/seed1:  79%|███████▉  | 2383/3000 [26:20<06:22,  1.61it/s]
qwen2.5-vl/pope/ricd/aokvqa/adversarial/seed1:  79%|███████▉  | 2384/3000 [26:21<06:20,  1.62it/s]
qwen2.5-vl/pope/ricd/aokvqa/adversarial/seed1:  80%|███████▉  | 2385/3000 [26:22<06:18,  1.63it/s]
qwen2.5-vl/pope/ricd/aokvqa/adversarial/seed1:  80%|███████▉  | 2386/3000 [26:22<06:16,  1.63it/s]
qwen2.5-vl/pope/ricd/aokvqa/adversarial/seed1:  80%|███████▉  | 2387/3000 [26:23<06:16,  1.63it/s]
qwen2.5-vl/pope/ricd/aokvqa/adversarial/seed1:  80%|███████▉  | 2388/3000 [26:23<06:16,  1.62it/s]
qwen2.5-vl/pope/ricd/aokvqa/adversarial/seed1:  80%|███████▉  | 2389/3000 [26:24<05:33,  1.83it/s]
qwen2.5-vl/pope/ricd/aokvqa/adversarial/seed1:  80%|███████▉  | 2390/3000 [26:24<05:03,  2.01it/s]
qwen2.5-vl/pope/ricd/aokvqa/adversarial/seed1:  80%|███████▉  | 2391/3000 [26:25<04:41,  2.16it/s]
qwen2.5-vl/pope/ricd/aokvqa/adversarial/seed1:  80%|███████▉  | 2392/3000 [26:25<04:26,  2.28it/s]
qwen2.5-vl/pope/ricd/aokvqa/adversarial/seed1:  80%|███████▉  | 2393/3000 [26:25<04:15,  2.37it/s]
qwen2.5-vl/pope/ricd/aokvqa/adversarial/seed1:  80%|███████▉  | 2394/3000 [26:26<04:08,  2.44it/s]
qwen2.5-vl/pope/ricd/aokvqa/adversarial/seed1:  80%|███████▉  | 2395/3000 [26:26<04:42,  2.14it/s]
qwen2.5-vl/pope/ricd/aokvqa/adversarial/seed1:  80%|███████▉  | 2396/3000 [26:27<05:07,  1.97it/s]
qwen2.5-vl/pope/ricd/aokvqa/adversarial/seed1:  80%|███████▉  | 2397/3000 [26:28<05:24,  1.86it/s]
qwen2.5-vl/pope/ricd/aokvqa/adversarial/seed1:  80%|███████▉  | 2398/3000 [26:28<05:38,  1.78it/s]
qwen2.5-vl/pope/ricd/aokvqa/adversarial/seed1:  80%|███████▉  | 2399/3000 [26:29<05:50,  1.72it/s]
qwen2.5-vl/pope/ricd/aokvqa/adversarial/seed1:  80%|████████  | 2400/3000 [26:29<05:54,  1.69it/s]
qwen2.5-vl/pope/ricd/aokvqa/adversarial/seed1:  80%|████████  | 2401/3000 [26:30<05:57,  1.67it/s]
qwen2.5-vl/pope/ricd/aokvqa/adversarial/seed1:  80%|████████  | 2402/3000 [26:31<06:00,  1.66it/s]
qwen2.5-vl/pope/ricd/aokvqa/adversarial/seed1:  80%|████████  | 2403/3000 [26:31<06:02,  1.65it/s]
qwen2.5-vl/pope/ricd/aokvqa/adversarial/seed1:  80%|████████  | 2404/3000 [26:32<06:04,  1.64it/s]
qwen2.5-vl/pope/ricd/aokvqa/adversarial/seed1:  80%|████████  | 2405/3000 [26:33<06:03,  1.63it/s]
qwen2.5-vl/pope/ricd/aokvqa/adversarial/seed1:  80%|████████  | 2406/3000 [26:33<06:03,  1.63it/s]
qwen2.5-vl/pope/ricd/aokvqa/adversarial/seed1:  80%|████████  | 2407/3000 [26:34<06:01,  1.64it/s]
qwen2.5-vl/pope/ricd/aokvqa/adversarial/seed1:  80%|████████  | 2408/3000 [26:34<05:59,  1.65it/s]
qwen2.5-vl/pope/ricd/aokvqa/adversarial/seed1:  80%|████████  | 2409/3000 [26:35<05:57,  1.65it/s]
qwen2.5-vl/pope/ricd/aokvqa/adversarial/seed1:  80%|████████  | 2410/3000 [26:36<05:57,  1.65it/s]
qwen2.5-vl/pope/ricd/aokvqa/adversarial/seed1:  80%|████████  | 2411/3000 [26:36<05:56,  1.65it/s]
qwen2.5-vl/pope/ricd/aokvqa/adversarial/seed1:  80%|████████  | 2412/3000 [26:37<05:54,  1.66it/s]
qwen2.5-vl/pope/ricd/aokvqa/adversarial/seed1:  80%|████████  | 2413/3000 [26:37<06:16,  1.56it/s]
qwen2.5-vl/pope/ricd/aokvqa/adversarial/seed1:  80%|████████  | 2414/3000 [26:38<06:32,  1.49it/s]
qwen2.5-vl/pope/ricd/aokvqa/adversarial/seed1:  80%|████████  | 2415/3000 [26:39<06:44,  1.45it/s]
qwen2.5-vl/pope/ricd/aokvqa/adversarial/seed1:  81%|████████  | 2416/3000 [26:40<06:52,  1.42it/s]
qwen2.5-vl/pope/ricd/aokvqa/adversarial/seed1:  81%|████████  | 2417/3000 [26:40<06:57,  1.40it/s]
qwen2.5-vl/pope/ricd/aokvqa/adversarial/seed1:  81%|████████  | 2418/3000 [26:41<07:00,  1.38it/s]
qwen2.5-vl/pope/ricd/aokvqa/adversarial/seed1:  81%|████████  | 2419/3000 [26:42<07:00,  1.38it/s]
qwen2.5-vl/pope/ricd/aokvqa/adversarial/seed1:  81%|████████  | 2420/3000 [26:43<07:02,  1.37it/s]
qwen2.5-vl/pope/ricd/aokvqa/adversarial/seed1:  81%|████████  | 2421/3000 [26:43<07:04,  1.37it/s]
qwen2.5-vl/pope/ricd/aokvqa/adversarial/seed1:  81%|████████  | 2422/3000 [26:44<07:02,  1.37it/s]
qwen2.5-vl/pope/ricd/aokvqa/adversarial/seed1:  81%|████████  | 2423/3000 [26:45<07:01,  1.37it/s]
qwen2.5-vl/pope/ricd/aokvqa/adversarial/seed1:  81%|████████  | 2424/3000 [26:46<07:01,  1.37it/s]
qwen2.5-vl/pope/ricd/aokvqa/adversarial/seed1:  81%|████████  | 2425/3000 [26:46<07:01,  1.36it/s]
qwen2.5-vl/pope/ricd/aokvqa/adversarial/seed1:  81%|████████  | 2426/3000 [26:47<07:02,  1.36it/s]
qwen2.5-vl/pope/ricd/aokvqa/adversarial/seed1:  81%|████████  | 2427/3000 [26:48<07:00,  1.36it/s]
qwen2.5-vl/pope/ricd/aokvqa/adversarial/seed1:  81%|████████  | 2428/3000 [26:49<06:59,  1.36it/s]
qwen2.5-vl/pope/ricd/aokvqa/adversarial/seed1:  81%|████████  | 2429/3000 [26:49<06:57,  1.37it/s]
qwen2.5-vl/pope/ricd/aokvqa/adversarial/seed1:  81%|████████  | 2430/3000 [26:50<06:56,  1.37it/s]
qwen2.5-vl/pope/ricd/aokvqa/adversarial/seed1:  81%|████████  | 2431/3000 [26:51<06:54,  1.37it/s]
qwen2.5-vl/pope/ricd/aokvqa/adversarial/seed1:  81%|████████  | 2432/3000 [26:51<06:54,  1.37it/s]
qwen2.5-vl/pope/ricd/aokvqa/adversarial/seed1:  81%|████████  | 2433/3000 [26:52<06:54,  1.37it/s]
qwen2.5-vl/pope/ricd/aokvqa/adversarial/seed1:  81%|████████  | 2434/3000 [26:53<06:53,  1.37it/s]
qwen2.5-vl/pope/ricd/aokvqa/adversarial/seed1:  81%|████████  | 2435/3000 [26:54<06:51,  1.37it/s]
qwen2.5-vl/pope/ricd/aokvqa/adversarial/seed1:  81%|████████  | 2436/3000 [26:54<06:51,  1.37it/s]
qwen2.5-vl/pope/ricd/aokvqa/adversarial/seed1:  81%|████████  | 2437/3000 [26:55<06:50,  1.37it/s]
qwen2.5-vl/pope/ricd/aokvqa/adversarial/seed1:  81%|████████▏ | 2438/3000 [26:56<06:50,  1.37it/s]
qwen2.5-vl/pope/ricd/aokvqa/adversarial/seed1:  81%|████████▏ | 2439/3000 [26:57<06:51,  1.36it/s]
qwen2.5-vl/pope/ricd/aokvqa/adversarial/seed1:  81%|████████▏ | 2440/3000 [26:57<06:50,  1.37it/s]
qwen2.5-vl/pope/ricd/aokvqa/adversarial/seed1:  81%|████████▏ | 2441/3000 [26:58<06:48,  1.37it/s]
qwen2.5-vl/pope/ricd/aokvqa/adversarial/seed1:  81%|████████▏ | 2442/3000 [26:59<06:47,  1.37it/s]
qwen2.5-vl/pope/ricd/aokvqa/adversarial/seed1:  81%|████████▏ | 2443/3000 [26:59<06:18,  1.47it/s]
qwen2.5-vl/pope/ricd/aokvqa/adversarial/seed1:  81%|████████▏ | 2444/3000 [27:00<05:58,  1.55it/s]
qwen2.5-vl/pope/ricd/aokvqa/adversarial/seed1:  82%|████████▏ | 2445/3000 [27:00<05:45,  1.61it/s]
qwen2.5-vl/pope/ricd/aokvqa/adversarial/seed1:  82%|████████▏ | 2446/3000 [27:01<05:34,  1.66it/s]
qwen2.5-vl/pope/ricd/aokvqa/adversarial/seed1:  82%|████████▏ | 2447/3000 [27:02<05:26,  1.69it/s]
qwen2.5-vl/pope/ricd/aokvqa/adversarial/seed1:  82%|████████▏ | 2448/3000 [27:02<05:21,  1.72it/s]
qwen2.5-vl/pope/ricd/aokvqa/adversarial/seed1:  82%|████████▏ | 2449/3000 [27:03<05:44,  1.60it/s]
qwen2.5-vl/pope/ricd/aokvqa/adversarial/seed1:  82%|████████▏ | 2450/3000 [27:04<06:00,  1.52it/s]
qwen2.5-vl/pope/ricd/aokvqa/adversarial/seed1:  82%|████████▏ | 2451/3000 [27:04<06:11,  1.48it/s]
qwen2.5-vl/pope/ricd/aokvqa/adversarial/seed1:  82%|████████▏ | 2452/3000 [27:05<06:19,  1.44it/s]
qwen2.5-vl/pope/ricd/aokvqa/adversarial/seed1:  82%|████████▏ | 2453/3000 [27:06<06:24,  1.42it/s]
qwen2.5-vl/pope/ricd/aokvqa/adversarial/seed1:  82%|████████▏ | 2454/3000 [27:06<06:26,  1.41it/s]
qwen2.5-vl/pope/ricd/aokvqa/adversarial/seed1:  82%|████████▏ | 2455/3000 [27:07<06:30,  1.40it/s]
qwen2.5-vl/pope/ricd/aokvqa/adversarial/seed1:  82%|████████▏ | 2456/3000 [27:08<06:32,  1.39it/s]
qwen2.5-vl/pope/ricd/aokvqa/adversarial/seed1:  82%|████████▏ | 2457/3000 [27:09<06:34,  1.38it/s]
qwen2.5-vl/pope/ricd/aokvqa/adversarial/seed1:  82%|████████▏ | 2458/3000 [27:09<06:33,  1.38it/s]
qwen2.5-vl/pope/ricd/aokvqa/adversarial/seed1:  82%|████████▏ | 2459/3000 [27:10<06:33,  1.38it/s]
qwen2.5-vl/pope/ricd/aokvqa/adversarial/seed1:  82%|████████▏ | 2460/3000 [27:11<06:32,  1.38it/s]
qwen2.5-vl/pope/ricd/aokvqa/adversarial/seed1:  82%|████████▏ | 2461/3000 [27:11<06:13,  1.44it/s]
qwen2.5-vl/pope/ricd/aokvqa/adversarial/seed1:  82%|████████▏ | 2462/3000 [27:12<05:58,  1.50it/s]
qwen2.5-vl/pope/ricd/aokvqa/adversarial/seed1:  82%|████████▏ | 2463/3000 [27:13<05:48,  1.54it/s]
qwen2.5-vl/pope/ricd/aokvqa/adversarial/seed1:  82%|████████▏ | 2464/3000 [27:13<05:42,  1.57it/s]
qwen2.5-vl/pope/ricd/aokvqa/adversarial/seed1:  82%|████████▏ | 2465/3000 [27:14<05:36,  1.59it/s]
qwen2.5-vl/pope/ricd/aokvqa/adversarial/seed1:  82%|████████▏ | 2466/3000 [27:15<05:32,  1.61it/s]
qwen2.5-vl/pope/ricd/aokvqa/adversarial/seed1:  82%|████████▏ | 2467/3000 [27:15<04:53,  1.82it/s]
qwen2.5-vl/pope/ricd/aokvqa/adversarial/seed1:  82%|████████▏ | 2468/3000 [27:15<04:25,  2.00it/s]
qwen2.5-vl/pope/ricd/aokvqa/adversarial/seed1:  82%|████████▏ | 2469/3000 [27:16<04:06,  2.15it/s]
qwen2.5-vl/pope/ricd/aokvqa/adversarial/seed1:  82%|████████▏ | 2470/3000 [27:16<03:52,  2.28it/s]
qwen2.5-vl/pope/ricd/aokvqa/adversarial/seed1:  82%|████████▏ | 2471/3000 [27:16<03:42,  2.37it/s]
qwen2.5-vl/pope/ricd/aokvqa/adversarial/seed1:  82%|████████▏ | 2472/3000 [27:17<03:35,  2.45it/s]
qwen2.5-vl/pope/ricd/aokvqa/adversarial/seed1:  82%|████████▏ | 2473/3000 [27:17<04:04,  2.15it/s]
qwen2.5-vl/pope/ricd/aokvqa/adversarial/seed1:  82%|████████▏ | 2474/3000 [27:18<04:24,  1.99it/s]
qwen2.5-vl/pope/ricd/aokvqa/adversarial/seed1:  82%|████████▎ | 2475/3000 [27:19<04:38,  1.89it/s]
qwen2.5-vl/pope/ricd/aokvqa/adversarial/seed1:  83%|████████▎ | 2476/3000 [27:19<04:47,  1.82it/s]
qwen2.5-vl/pope/ricd/aokvqa/adversarial/seed1:  83%|████████▎ | 2477/3000 [27:20<04:53,  1.78it/s]
qwen2.5-vl/pope/ricd/aokvqa/adversarial/seed1:  83%|████████▎ | 2478/3000 [27:20<04:58,  1.75it/s]
qwen2.5-vl/pope/ricd/aokvqa/adversarial/seed1:  83%|████████▎ | 2479/3000 [27:21<05:19,  1.63it/s]
qwen2.5-vl/pope/ricd/aokvqa/adversarial/seed1:  83%|████████▎ | 2480/3000 [27:22<05:33,  1.56it/s]
qwen2.5-vl/pope/ricd/aokvqa/adversarial/seed1:  83%|████████▎ | 2481/3000 [27:22<05:42,  1.51it/s]
qwen2.5-vl/pope/ricd/aokvqa/adversarial/seed1:  83%|████████▎ | 2482/3000 [27:23<05:49,  1.48it/s]
qwen2.5-vl/pope/ricd/aokvqa/adversarial/seed1:  83%|████████▎ | 2483/3000 [27:24<05:53,  1.46it/s]
qwen2.5-vl/pope/ricd/aokvqa/adversarial/seed1:  83%|████████▎ | 2484/3000 [27:25<05:56,  1.45it/s]
qwen2.5-vl/pope/ricd/aokvqa/adversarial/seed1:  83%|████████▎ | 2485/3000 [27:25<06:00,  1.43it/s]
qwen2.5-vl/pope/ricd/aokvqa/adversarial/seed1:  83%|████████▎ | 2486/3000 [27:26<06:03,  1.41it/s]
qwen2.5-vl/pope/ricd/aokvqa/adversarial/seed1:  83%|████████▎ | 2487/3000 [27:27<06:04,  1.41it/s]
qwen2.5-vl/pope/ricd/aokvqa/adversarial/seed1:  83%|████████▎ | 2488/3000 [27:27<06:05,  1.40it/s]
qwen2.5-vl/pope/ricd/aokvqa/adversarial/seed1:  83%|████████▎ | 2489/3000 [27:28<06:06,  1.39it/s]
qwen2.5-vl/pope/ricd/aokvqa/adversarial/seed1:  83%|████████▎ | 2490/3000 [27:29<06:09,  1.38it/s]
qwen2.5-vl/pope/ricd/aokvqa/adversarial/seed1:  83%|████████▎ | 2491/3000 [27:30<06:09,  1.38it/s]
qwen2.5-vl/pope/ricd/aokvqa/adversarial/seed1:  83%|████████▎ | 2492/3000 [27:30<06:07,  1.38it/s]
qwen2.5-vl/pope/ricd/aokvqa/adversarial/seed1:  83%|████████▎ | 2493/3000 [27:31<06:07,  1.38it/s]
qwen2.5-vl/pope/ricd/aokvqa/adversarial/seed1:  83%|████████▎ | 2494/3000 [27:32<06:05,  1.38it/s]
qwen2.5-vl/pope/ricd/aokvqa/adversarial/seed1:  83%|████████▎ | 2495/3000 [27:33<06:04,  1.38it/s]
qwen2.5-vl/pope/ricd/aokvqa/adversarial/seed1:  83%|████████▎ | 2496/3000 [27:33<06:04,  1.38it/s]
qwen2.5-vl/pope/ricd/aokvqa/adversarial/seed1:  83%|████████▎ | 2497/3000 [27:34<06:03,  1.38it/s]
qwen2.5-vl/pope/ricd/aokvqa/adversarial/seed1:  83%|████████▎ | 2498/3000 [27:35<06:02,  1.38it/s]
qwen2.5-vl/pope/ricd/aokvqa/adversarial/seed1:  83%|████████▎ | 2499/3000 [27:35<06:02,  1.38it/s]
qwen2.5-vl/pope/ricd/aokvqa/adversarial/seed1:  83%|████████▎ | 2500/3000 [27:36<06:01,  1.38it/s]
qwen2.5-vl/pope/ricd/aokvqa/adversarial/seed1:  83%|████████▎ | 2501/3000 [27:37<06:00,  1.38it/s]
qwen2.5-vl/pope/ricd/aokvqa/adversarial/seed1:  83%|████████▎ | 2502/3000 [27:38<05:59,  1.38it/s]
qwen2.5-vl/pope/ricd/aokvqa/adversarial/seed1:  83%|████████▎ | 2503/3000 [27:38<05:41,  1.45it/s]
qwen2.5-vl/pope/ricd/aokvqa/adversarial/seed1:  83%|████████▎ | 2504/3000 [27:39<05:28,  1.51it/s]
qwen2.5-vl/pope/ricd/aokvqa/adversarial/seed1:  84%|████████▎ | 2505/3000 [27:39<05:19,  1.55it/s]
qwen2.5-vl/pope/ricd/aokvqa/adversarial/seed1:  84%|████████▎ | 2506/3000 [27:40<05:13,  1.58it/s]
qwen2.5-vl/pope/ricd/aokvqa/adversarial/seed1:  84%|████████▎ | 2507/3000 [27:41<05:08,  1.60it/s]
qwen2.5-vl/pope/ricd/aokvqa/adversarial/seed1:  84%|████████▎ | 2508/3000 [27:41<05:04,  1.61it/s]
qwen2.5-vl/pope/ricd/aokvqa/adversarial/seed1:  84%|████████▎ | 2509/3000 [27:42<05:54,  1.39it/s]
qwen2.5-vl/pope/ricd/aokvqa/adversarial/seed1:  84%|████████▎ | 2510/3000 [27:43<06:27,  1.26it/s]
qwen2.5-vl/pope/ricd/aokvqa/adversarial/seed1:  84%|████████▎ | 2511/3000 [27:44<06:50,  1.19it/s]
qwen2.5-vl/pope/ricd/aokvqa/adversarial/seed1:  84%|████████▎ | 2512/3000 [27:45<07:05,  1.15it/s]
qwen2.5-vl/pope/ricd/aokvqa/adversarial/seed1:  84%|████████▍ | 2513/3000 [27:46<07:16,  1.12it/s]
qwen2.5-vl/pope/ricd/aokvqa/adversarial/seed1:  84%|████████▍ | 2514/3000 [27:47<07:23,  1.10it/s]
qwen2.5-vl/pope/ricd/aokvqa/adversarial/seed1:  84%|████████▍ | 2515/3000 [27:48<06:37,  1.22it/s]
qwen2.5-vl/pope/ricd/aokvqa/adversarial/seed1:  84%|████████▍ | 2516/3000 [27:48<06:06,  1.32it/s]
qwen2.5-vl/pope/ricd/aokvqa/adversarial/seed1:  84%|████████▍ | 2517/3000 [27:49<05:43,  1.41it/s]
qwen2.5-vl/pope/ricd/aokvqa/adversarial/seed1:  84%|████████▍ | 2518/3000 [27:49<05:27,  1.47it/s]
qwen2.5-vl/pope/ricd/aokvqa/adversarial/seed1:  84%|████████▍ | 2519/3000 [27:50<05:16,  1.52it/s]
qwen2.5-vl/pope/ricd/aokvqa/adversarial/seed1:  84%|████████▍ | 2520/3000 [27:51<05:08,  1.56it/s]
qwen2.5-vl/pope/ricd/aokvqa/adversarial/seed1:  84%|████████▍ | 2521/3000 [27:51<04:55,  1.62it/s]
qwen2.5-vl/pope/ricd/aokvqa/adversarial/seed1:  84%|████████▍ | 2522/3000 [27:52<04:46,  1.67it/s]
qwen2.5-vl/pope/ricd/aokvqa/adversarial/seed1:  84%|████████▍ | 2523/3000 [27:52<04:40,  1.70it/s]
qwen2.5-vl/pope/ricd/aokvqa/adversarial/seed1:  84%|████████▍ | 2524/3000 [27:53<04:35,  1.73it/s]
qwen2.5-vl/pope/ricd/aokvqa/adversarial/seed1:  84%|████████▍ | 2525/3000 [27:53<04:32,  1.74it/s]
qwen2.5-vl/pope/ricd/aokvqa/adversarial/seed1:  84%|████████▍ | 2526/3000 [27:54<04:29,  1.76it/s]
qwen2.5-vl/pope/ricd/aokvqa/adversarial/seed1:  84%|████████▍ | 2527/3000 [27:55<04:42,  1.67it/s]
qwen2.5-vl/pope/ricd/aokvqa/adversarial/seed1:  84%|████████▍ | 2528/3000 [27:55<04:51,  1.62it/s]
qwen2.5-vl/pope/ricd/aokvqa/adversarial/seed1:  84%|████████▍ | 2529/3000 [27:56<04:57,  1.58it/s]
qwen2.5-vl/pope/ricd/aokvqa/adversarial/seed1:  84%|████████▍ | 2530/3000 [27:57<05:01,  1.56it/s]
qwen2.5-vl/pope/ricd/aokvqa/adversarial/seed1:  84%|████████▍ | 2531/3000 [27:57<05:03,  1.54it/s]
qwen2.5-vl/pope/ricd/aokvqa/adversarial/seed1:  84%|████████▍ | 2532/3000 [27:58<05:05,  1.53it/s]
qwen2.5-vl/pope/ricd/aokvqa/adversarial/seed1:  84%|████████▍ | 2533/3000 [27:59<05:14,  1.49it/s]
qwen2.5-vl/pope/ricd/aokvqa/adversarial/seed1:  84%|████████▍ | 2534/3000 [27:59<05:20,  1.45it/s]
qwen2.5-vl/pope/ricd/aokvqa/adversarial/seed1:  84%|████████▍ | 2535/3000 [28:00<05:24,  1.43it/s]
qwen2.5-vl/pope/ricd/aokvqa/adversarial/seed1:  85%|████████▍ | 2536/3000 [28:01<05:27,  1.42it/s]
qwen2.5-vl/pope/ricd/aokvqa/adversarial/seed1:  85%|████████▍ | 2537/3000 [28:02<05:29,  1.41it/s]
qwen2.5-vl/pope/ricd/aokvqa/adversarial/seed1:  85%|████████▍ | 2538/3000 [28:02<05:30,  1.40it/s]
qwen2.5-vl/pope/ricd/aokvqa/adversarial/seed1:  85%|████████▍ | 2539/3000 [28:03<04:31,  1.70it/s]
qwen2.5-vl/pope/ricd/aokvqa/adversarial/seed1:  85%|████████▍ | 2540/3000 [28:03<03:50,  1.99it/s]
qwen2.5-vl/pope/ricd/aokvqa/adversarial/seed1:  85%|████████▍ | 2541/3000 [28:03<03:21,  2.27it/s]
qwen2.5-vl/pope/ricd/aokvqa/adversarial/seed1:  85%|████████▍ | 2542/3000 [28:03<03:02,  2.52it/s]
qwen2.5-vl/pope/ricd/aokvqa/adversarial/seed1:  85%|████████▍ | 2543/3000 [28:04<02:47,  2.72it/s]
qwen2.5-vl/pope/ricd/aokvqa/adversarial/seed1:  85%|████████▍ | 2544/3000 [28:04<02:37,  2.89it/s]
qwen2.5-vl/pope/ricd/aokvqa/adversarial/seed1:  85%|████████▍ | 2545/3000 [28:05<03:28,  2.18it/s]
qwen2.5-vl/pope/ricd/aokvqa/adversarial/seed1:  85%|████████▍ | 2546/3000 [28:06<04:04,  1.86it/s]
qwen2.5-vl/pope/ricd/aokvqa/adversarial/seed1:  85%|████████▍ | 2547/3000 [28:06<04:29,  1.68it/s]
qwen2.5-vl/pope/ricd/aokvqa/adversarial/seed1:  85%|████████▍ | 2548/3000 [28:07<04:46,  1.58it/s]
qwen2.5-vl/pope/ricd/aokvqa/adversarial/seed1:  85%|████████▍ | 2549/3000 [28:08<04:58,  1.51it/s]
qwen2.5-vl/pope/ricd/aokvqa/adversarial/seed1:  85%|████████▌ | 2550/3000 [28:08<05:06,  1.47it/s]
qwen2.5-vl/pope/ricd/aokvqa/adversarial/seed1:  85%|████████▌ | 2551/3000 [28:09<04:50,  1.55it/s]
qwen2.5-vl/pope/ricd/aokvqa/adversarial/seed1:  85%|████████▌ | 2552/3000 [28:10<04:38,  1.61it/s]
qwen2.5-vl/pope/ricd/aokvqa/adversarial/seed1:  85%|████████▌ | 2553/3000 [28:10<04:30,  1.65it/s]
qwen2.5-vl/pope/ricd/aokvqa/adversarial/seed1:  85%|████████▌ | 2554/3000 [28:11<04:23,  1.69it/s]
qwen2.5-vl/pope/ricd/aokvqa/adversarial/seed1:  85%|████████▌ | 2555/3000 [28:11<04:19,  1.72it/s]
qwen2.5-vl/pope/ricd/aokvqa/adversarial/seed1:  85%|████████▌ | 2556/3000 [28:12<04:15,  1.74it/s]
qwen2.5-vl/pope/ricd/aokvqa/adversarial/seed1:  85%|████████▌ | 2557/3000 [28:13<04:34,  1.61it/s]
qwen2.5-vl/pope/ricd/aokvqa/adversarial/seed1:  85%|████████▌ | 2558/3000 [28:13<04:47,  1.54it/s]
qwen2.5-vl/pope/ricd/aokvqa/adversarial/seed1:  85%|████████▌ | 2559/3000 [28:14<04:56,  1.49it/s]
qwen2.5-vl/pope/ricd/aokvqa/adversarial/seed1:  85%|████████▌ | 2560/3000 [28:15<05:02,  1.45it/s]
qwen2.5-vl/pope/ricd/aokvqa/adversarial/seed1:  85%|████████▌ | 2561/3000 [28:15<05:06,  1.43it/s]
qwen2.5-vl/pope/ricd/aokvqa/adversarial/seed1:  85%|████████▌ | 2562/3000 [28:16<05:09,  1.42it/s]
qwen2.5-vl/pope/ricd/aokvqa/adversarial/seed1:  85%|████████▌ | 2563/3000 [28:17<04:56,  1.47it/s]
qwen2.5-vl/pope/ricd/aokvqa/adversarial/seed1:  85%|████████▌ | 2564/3000 [28:17<04:46,  1.52it/s]
qwen2.5-vl/pope/ricd/aokvqa/adversarial/seed1:  86%|████████▌ | 2565/3000 [28:18<04:38,  1.56it/s]
qwen2.5-vl/pope/ricd/aokvqa/adversarial/seed1:  86%|████████▌ | 2566/3000 [28:19<04:33,  1.58it/s]
qwen2.5-vl/pope/ricd/aokvqa/adversarial/seed1:  86%|████████▌ | 2567/3000 [28:19<04:30,  1.60it/s]
qwen2.5-vl/pope/ricd/aokvqa/adversarial/seed1:  86%|████████▌ | 2568/3000 [28:20<04:27,  1.62it/s]
qwen2.5-vl/pope/ricd/aokvqa/adversarial/seed1:  86%|████████▌ | 2569/3000 [28:20<04:35,  1.56it/s]
qwen2.5-vl/pope/ricd/aokvqa/adversarial/seed1:  86%|████████▌ | 2570/3000 [28:21<04:41,  1.53it/s]
qwen2.5-vl/pope/ricd/aokvqa/adversarial/seed1:  86%|████████▌ | 2571/3000 [28:22<04:45,  1.50it/s]
qwen2.5-vl/pope/ricd/aokvqa/adversarial/seed1:  86%|████████▌ | 2572/3000 [28:23<04:48,  1.49it/s]
qwen2.5-vl/pope/ricd/aokvqa/adversarial/seed1:  86%|████████▌ | 2573/3000 [28:23<04:50,  1.47it/s]
qwen2.5-vl/pope/ricd/aokvqa/adversarial/seed1:  86%|████████▌ | 2574/3000 [28:24<04:51,  1.46it/s]
qwen2.5-vl/pope/ricd/aokvqa/adversarial/seed1:  86%|████████▌ | 2575/3000 [28:25<04:40,  1.51it/s]
qwen2.5-vl/pope/ricd/aokvqa/adversarial/seed1:  86%|████████▌ | 2576/3000 [28:25<04:33,  1.55it/s]
qwen2.5-vl/pope/ricd/aokvqa/adversarial/seed1:  86%|████████▌ | 2577/3000 [28:26<04:28,  1.57it/s]
qwen2.5-vl/pope/ricd/aokvqa/adversarial/seed1:  86%|████████▌ | 2578/3000 [28:26<04:24,  1.59it/s]
qwen2.5-vl/pope/ricd/aokvqa/adversarial/seed1:  86%|████████▌ | 2579/3000 [28:27<04:21,  1.61it/s]
qwen2.5-vl/pope/ricd/aokvqa/adversarial/seed1:  86%|████████▌ | 2580/3000 [28:28<04:19,  1.62it/s]
qwen2.5-vl/pope/ricd/aokvqa/adversarial/seed1:  86%|████████▌ | 2581/3000 [28:28<04:28,  1.56it/s]
qwen2.5-vl/pope/ricd/aokvqa/adversarial/seed1:  86%|████████▌ | 2582/3000 [28:29<04:36,  1.51it/s]
qwen2.5-vl/pope/ricd/aokvqa/adversarial/seed1:  86%|████████▌ | 2583/3000 [28:30<04:41,  1.48it/s]
qwen2.5-vl/pope/ricd/aokvqa/adversarial/seed1:  86%|████████▌ | 2584/3000 [28:30<04:43,  1.47it/s]
qwen2.5-vl/pope/ricd/aokvqa/adversarial/seed1:  86%|████████▌ | 2585/3000 [28:31<04:44,  1.46it/s]
qwen2.5-vl/pope/ricd/aokvqa/adversarial/seed1:  86%|████████▌ | 2586/3000 [28:32<04:45,  1.45it/s]
qwen2.5-vl/pope/ricd/aokvqa/adversarial/seed1:  86%|████████▌ | 2587/3000 [28:33<04:51,  1.42it/s]
qwen2.5-vl/pope/ricd/aokvqa/adversarial/seed1:  86%|████████▋ | 2588/3000 [28:33<04:54,  1.40it/s]
qwen2.5-vl/pope/ricd/aokvqa/adversarial/seed1:  86%|████████▋ | 2589/3000 [28:34<04:55,  1.39it/s]
qwen2.5-vl/pope/ricd/aokvqa/adversarial/seed1:  86%|████████▋ | 2590/3000 [28:35<04:56,  1.38it/s]
qwen2.5-vl/pope/ricd/aokvqa/adversarial/seed1:  86%|████████▋ | 2591/3000 [28:35<04:56,  1.38it/s]
qwen2.5-vl/pope/ricd/aokvqa/adversarial/seed1:  86%|████████▋ | 2592/3000 [28:36<04:57,  1.37it/s]
qwen2.5-vl/pope/ricd/aokvqa/adversarial/seed1:  86%|████████▋ | 2593/3000 [28:37<04:36,  1.47it/s]
qwen2.5-vl/pope/ricd/aokvqa/adversarial/seed1:  86%|████████▋ | 2594/3000 [28:37<04:23,  1.54it/s]
qwen2.5-vl/pope/ricd/aokvqa/adversarial/seed1:  86%|████████▋ | 2595/3000 [28:38<04:14,  1.59it/s]
qwen2.5-vl/pope/ricd/aokvqa/adversarial/seed1:  87%|████████▋ | 2596/3000 [28:39<04:09,  1.62it/s]
qwen2.5-vl/pope/ricd/aokvqa/adversarial/seed1:  87%|████████▋ | 2597/3000 [28:39<04:05,  1.64it/s]
qwen2.5-vl/pope/ricd/aokvqa/adversarial/seed1:  87%|████████▋ | 2598/3000 [28:40<04:01,  1.67it/s]
qwen2.5-vl/pope/ricd/aokvqa/adversarial/seed1:  87%|████████▋ | 2599/3000 [28:40<04:03,  1.65it/s]
qwen2.5-vl/pope/ricd/aokvqa/adversarial/seed1:  87%|████████▋ | 2600/3000 [28:41<04:04,  1.64it/s]
qwen2.5-vl/pope/ricd/aokvqa/adversarial/seed1:  87%|████████▋ | 2601/3000 [28:42<04:04,  1.63it/s]
qwen2.5-vl/pope/ricd/aokvqa/adversarial/seed1:  87%|████████▋ | 2602/3000 [28:42<04:03,  1.63it/s]
qwen2.5-vl/pope/ricd/aokvqa/adversarial/seed1:  87%|████████▋ | 2603/3000 [28:43<04:02,  1.64it/s]
qwen2.5-vl/pope/ricd/aokvqa/adversarial/seed1:  87%|████████▋ | 2604/3000 [28:43<04:02,  1.64it/s]
qwen2.5-vl/pope/ricd/aokvqa/adversarial/seed1:  87%|████████▋ | 2605/3000 [28:44<04:01,  1.63it/s]
qwen2.5-vl/pope/ricd/aokvqa/adversarial/seed1:  87%|████████▋ | 2606/3000 [28:45<04:01,  1.63it/s]
qwen2.5-vl/pope/ricd/aokvqa/adversarial/seed1:  87%|████████▋ | 2607/3000 [28:45<04:01,  1.63it/s]
qwen2.5-vl/pope/ricd/aokvqa/adversarial/seed1:  87%|████████▋ | 2608/3000 [28:46<04:00,  1.63it/s]
qwen2.5-vl/pope/ricd/aokvqa/adversarial/seed1:  87%|████████▋ | 2609/3000 [28:46<03:59,  1.64it/s]
qwen2.5-vl/pope/ricd/aokvqa/adversarial/seed1:  87%|████████▋ | 2610/3000 [28:47<03:58,  1.64it/s]
qwen2.5-vl/pope/ricd/aokvqa/adversarial/seed1:  87%|████████▋ | 2611/3000 [28:47<03:30,  1.84it/s]
qwen2.5-vl/pope/ricd/aokvqa/adversarial/seed1:  87%|████████▋ | 2612/3000 [28:48<03:11,  2.02it/s]
qwen2.5-vl/pope/ricd/aokvqa/adversarial/seed1:  87%|████████▋ | 2613/3000 [28:48<02:59,  2.16it/s]
qwen2.5-vl/pope/ricd/aokvqa/adversarial/seed1:  87%|████████▋ | 2614/3000 [28:49<02:50,  2.27it/s]
qwen2.5-vl/pope/ricd/aokvqa/adversarial/seed1:  87%|████████▋ | 2615/3000 [28:49<02:43,  2.36it/s]
qwen2.5-vl/pope/ricd/aokvqa/adversarial/seed1:  87%|████████▋ | 2616/3000 [28:49<02:38,  2.42it/s]
qwen2.5-vl/pope/ricd/aokvqa/adversarial/seed1:  87%|████████▋ | 2617/3000 [28:50<03:14,  1.97it/s]
qwen2.5-vl/pope/ricd/aokvqa/adversarial/seed1:  87%|████████▋ | 2618/3000 [28:51<03:40,  1.73it/s]
qwen2.5-vl/pope/ricd/aokvqa/adversarial/seed1:  87%|████████▋ | 2619/3000 [28:52<03:58,  1.60it/s]
qwen2.5-vl/pope/ricd/aokvqa/adversarial/seed1:  87%|████████▋ | 2620/3000 [28:52<04:09,  1.52it/s]
qwen2.5-vl/pope/ricd/aokvqa/adversarial/seed1:  87%|████████▋ | 2621/3000 [28:53<04:17,  1.47it/s]
qwen2.5-vl/pope/ricd/aokvqa/adversarial/seed1:  87%|████████▋ | 2622/3000 [28:54<04:23,  1.44it/s]
qwen2.5-vl/pope/ricd/aokvqa/adversarial/seed1:  87%|████████▋ | 2623/3000 [28:55<04:31,  1.39it/s]
qwen2.5-vl/pope/ricd/aokvqa/adversarial/seed1:  87%|████████▋ | 2624/3000 [28:55<04:35,  1.37it/s]
qwen2.5-vl/pope/ricd/aokvqa/adversarial/seed1:  88%|████████▊ | 2625/3000 [28:56<04:37,  1.35it/s]
qwen2.5-vl/pope/ricd/aokvqa/adversarial/seed1:  88%|████████▊ | 2626/3000 [28:57<04:39,  1.34it/s]
qwen2.5-vl/pope/ricd/aokvqa/adversarial/seed1:  88%|████████▊ | 2627/3000 [28:58<04:38,  1.34it/s]
qwen2.5-vl/pope/ricd/aokvqa/adversarial/seed1:  88%|████████▊ | 2628/3000 [28:58<04:38,  1.34it/s]
qwen2.5-vl/pope/ricd/aokvqa/adversarial/seed1:  88%|████████▊ | 2629/3000 [28:59<04:35,  1.35it/s]
qwen2.5-vl/pope/ricd/aokvqa/adversarial/seed1:  88%|████████▊ | 2630/3000 [29:00<04:33,  1.35it/s]
qwen2.5-vl/pope/ricd/aokvqa/adversarial/seed1:  88%|████████▊ | 2631/3000 [29:01<04:32,  1.35it/s]
qwen2.5-vl/pope/ricd/aokvqa/adversarial/seed1:  88%|████████▊ | 2632/3000 [29:01<04:32,  1.35it/s]
qwen2.5-vl/pope/ricd/aokvqa/adversarial/seed1:  88%|████████▊ | 2633/3000 [29:02<04:30,  1.36it/s]
qwen2.5-vl/pope/ricd/aokvqa/adversarial/seed1:  88%|████████▊ | 2634/3000 [29:03<04:29,  1.36it/s]
qwen2.5-vl/pope/ricd/aokvqa/adversarial/seed1:  88%|████████▊ | 2635/3000 [29:03<04:15,  1.43it/s]
qwen2.5-vl/pope/ricd/aokvqa/adversarial/seed1:  88%|████████▊ | 2636/3000 [29:04<04:05,  1.48it/s]
qwen2.5-vl/pope/ricd/aokvqa/adversarial/seed1:  88%|████████▊ | 2637/3000 [29:05<03:58,  1.52it/s]
qwen2.5-vl/pope/ricd/aokvqa/adversarial/seed1:  88%|████████▊ | 2638/3000 [29:05<03:52,  1.56it/s]
qwen2.5-vl/pope/ricd/aokvqa/adversarial/seed1:  88%|████████▊ | 2639/3000 [29:06<03:49,  1.57it/s]
qwen2.5-vl/pope/ricd/aokvqa/adversarial/seed1:  88%|████████▊ | 2640/3000 [29:06<03:46,  1.59it/s]
qwen2.5-vl/pope/ricd/aokvqa/adversarial/seed1:  88%|████████▊ | 2641/3000 [29:07<03:44,  1.60it/s]
qwen2.5-vl/pope/ricd/aokvqa/adversarial/seed1:  88%|████████▊ | 2642/3000 [29:08<03:43,  1.60it/s]
qwen2.5-vl/pope/ricd/aokvqa/adversarial/seed1:  88%|████████▊ | 2643/3000 [29:08<03:41,  1.61it/s]
qwen2.5-vl/pope/ricd/aokvqa/adversarial/seed1:  88%|████████▊ | 2644/3000 [29:09<03:38,  1.63it/s]
qwen2.5-vl/pope/ricd/aokvqa/adversarial/seed1:  88%|████████▊ | 2645/3000 [29:10<03:37,  1.63it/s]
qwen2.5-vl/pope/ricd/aokvqa/adversarial/seed1:  88%|████████▊ | 2646/3000 [29:10<03:36,  1.64it/s]
qwen2.5-vl/pope/ricd/aokvqa/adversarial/seed1:  88%|████████▊ | 2647/3000 [29:11<03:48,  1.55it/s]
qwen2.5-vl/pope/ricd/aokvqa/adversarial/seed1:  88%|████████▊ | 2648/3000 [29:12<03:56,  1.49it/s]
qwen2.5-vl/pope/ricd/aokvqa/adversarial/seed1:  88%|████████▊ | 2649/3000 [29:12<04:02,  1.45it/s]
qwen2.5-vl/pope/ricd/aokvqa/adversarial/seed1:  88%|████████▊ | 2650/3000 [29:13<04:05,  1.43it/s]
qwen2.5-vl/pope/ricd/aokvqa/adversarial/seed1:  88%|████████▊ | 2651/3000 [29:14<04:08,  1.41it/s]
qwen2.5-vl/pope/ricd/aokvqa/adversarial/seed1:  88%|████████▊ | 2652/3000 [29:14<04:09,  1.39it/s]
qwen2.5-vl/pope/ricd/aokvqa/adversarial/seed1:  88%|████████▊ | 2653/3000 [29:15<03:58,  1.46it/s]
qwen2.5-vl/pope/ricd/aokvqa/adversarial/seed1:  88%|████████▊ | 2654/3000 [29:16<03:49,  1.50it/s]
qwen2.5-vl/pope/ricd/aokvqa/adversarial/seed1:  88%|████████▊ | 2655/3000 [29:16<03:43,  1.54it/s]
qwen2.5-vl/pope/ricd/aokvqa/adversarial/seed1:  89%|████████▊ | 2656/3000 [29:17<03:39,  1.57it/s]
qwen2.5-vl/pope/ricd/aokvqa/adversarial/seed1:  89%|████████▊ | 2657/3000 [29:18<03:36,  1.59it/s]
qwen2.5-vl/pope/ricd/aokvqa/adversarial/seed1:  89%|████████▊ | 2658/3000 [29:18<03:33,  1.60it/s]
qwen2.5-vl/pope/ricd/aokvqa/adversarial/seed1:  89%|████████▊ | 2659/3000 [29:19<03:32,  1.61it/s]
qwen2.5-vl/pope/ricd/aokvqa/adversarial/seed1:  89%|████████▊ | 2660/3000 [29:19<03:30,  1.62it/s]
qwen2.5-vl/pope/ricd/aokvqa/adversarial/seed1:  89%|████████▊ | 2661/3000 [29:20<03:28,  1.62it/s]
qwen2.5-vl/pope/ricd/aokvqa/adversarial/seed1:  89%|████████▊ | 2662/3000 [29:21<03:27,  1.63it/s]
qwen2.5-vl/pope/ricd/aokvqa/adversarial/seed1:  89%|████████▉ | 2663/3000 [29:21<03:26,  1.63it/s]
qwen2.5-vl/pope/ricd/aokvqa/adversarial/seed1:  89%|████████▉ | 2664/3000 [29:22<03:25,  1.63it/s]
qwen2.5-vl/pope/ricd/aokvqa/adversarial/seed1:  89%|████████▉ | 2665/3000 [29:22<03:25,  1.63it/s]
qwen2.5-vl/pope/ricd/aokvqa/adversarial/seed1:  89%|████████▉ | 2666/3000 [29:23<03:24,  1.63it/s]
qwen2.5-vl/pope/ricd/aokvqa/adversarial/seed1:  89%|████████▉ | 2667/3000 [29:24<03:24,  1.63it/s]
qwen2.5-vl/pope/ricd/aokvqa/adversarial/seed1:  89%|████████▉ | 2668/3000 [29:24<03:23,  1.63it/s]
qwen2.5-vl/pope/ricd/aokvqa/adversarial/seed1:  89%|████████▉ | 2669/3000 [29:25<03:23,  1.63it/s]
qwen2.5-vl/pope/ricd/aokvqa/adversarial/seed1:  89%|████████▉ | 2670/3000 [29:26<03:22,  1.63it/s]
qwen2.5-vl/pope/ricd/aokvqa/adversarial/seed1:  89%|████████▉ | 2671/3000 [29:26<03:22,  1.63it/s]
qwen2.5-vl/pope/ricd/aokvqa/adversarial/seed1:  89%|████████▉ | 2672/3000 [29:27<03:20,  1.63it/s]
qwen2.5-vl/pope/ricd/aokvqa/adversarial/seed1:  89%|████████▉ | 2673/3000 [29:27<03:20,  1.63it/s]
qwen2.5-vl/pope/ricd/aokvqa/adversarial/seed1:  89%|████████▉ | 2674/3000 [29:28<03:19,  1.63it/s]
qwen2.5-vl/pope/ricd/aokvqa/adversarial/seed1:  89%|████████▉ | 2675/3000 [29:29<03:19,  1.63it/s]
qwen2.5-vl/pope/ricd/aokvqa/adversarial/seed1:  89%|████████▉ | 2676/3000 [29:29<03:18,  1.63it/s]
qwen2.5-vl/pope/ricd/aokvqa/adversarial/seed1:  89%|████████▉ | 2677/3000 [29:30<03:27,  1.56it/s]
qwen2.5-vl/pope/ricd/aokvqa/adversarial/seed1:  89%|████████▉ | 2678/3000 [29:31<03:32,  1.51it/s]
qwen2.5-vl/pope/ricd/aokvqa/adversarial/seed1:  89%|████████▉ | 2679/3000 [29:31<03:37,  1.47it/s]
qwen2.5-vl/pope/ricd/aokvqa/adversarial/seed1:  89%|████████▉ | 2680/3000 [29:32<03:40,  1.45it/s]
qwen2.5-vl/pope/ricd/aokvqa/adversarial/seed1:  89%|████████▉ | 2681/3000 [29:33<03:42,  1.43it/s]
qwen2.5-vl/pope/ricd/aokvqa/adversarial/seed1:  89%|████████▉ | 2682/3000 [29:33<03:44,  1.42it/s]
qwen2.5-vl/pope/ricd/aokvqa/adversarial/seed1:  89%|████████▉ | 2683/3000 [29:34<03:34,  1.48it/s]
qwen2.5-vl/pope/ricd/aokvqa/adversarial/seed1:  89%|████████▉ | 2684/3000 [29:35<03:27,  1.52it/s]
qwen2.5-vl/pope/ricd/aokvqa/adversarial/seed1:  90%|████████▉ | 2685/3000 [29:35<03:22,  1.56it/s]
qwen2.5-vl/pope/ricd/aokvqa/adversarial/seed1:  90%|████████▉ | 2686/3000 [29:36<03:18,  1.58it/s]
qwen2.5-vl/pope/ricd/aokvqa/adversarial/seed1:  90%|████████▉ | 2687/3000 [29:37<03:16,  1.60it/s]
qwen2.5-vl/pope/ricd/aokvqa/adversarial/seed1:  90%|████████▉ | 2688/3000 [29:37<03:15,  1.59it/s]
qwen2.5-vl/pope/ricd/aokvqa/adversarial/seed1:  90%|████████▉ | 2689/3000 [29:38<03:16,  1.58it/s]
qwen2.5-vl/pope/ricd/aokvqa/adversarial/seed1:  90%|████████▉ | 2690/3000 [29:38<03:15,  1.58it/s]
qwen2.5-vl/pope/ricd/aokvqa/adversarial/seed1:  90%|████████▉ | 2691/3000 [29:39<03:14,  1.59it/s]
qwen2.5-vl/pope/ricd/aokvqa/adversarial/seed1:  90%|████████▉ | 2692/3000 [29:40<03:11,  1.61it/s]
qwen2.5-vl/pope/ricd/aokvqa/adversarial/seed1:  90%|████████▉ | 2693/3000 [29:40<03:09,  1.62it/s]
qwen2.5-vl/pope/ricd/aokvqa/adversarial/seed1:  90%|████████▉ | 2694/3000 [29:41<03:07,  1.63it/s]
qwen2.5-vl/pope/ricd/aokvqa/adversarial/seed1:  90%|████████▉ | 2695/3000 [29:41<03:05,  1.64it/s]
qwen2.5-vl/pope/ricd/aokvqa/adversarial/seed1:  90%|████████▉ | 2696/3000 [29:42<03:04,  1.64it/s]
qwen2.5-vl/pope/ricd/aokvqa/adversarial/seed1:  90%|████████▉ | 2697/3000 [29:43<03:03,  1.65it/s]
qwen2.5-vl/pope/ricd/aokvqa/adversarial/seed1:  90%|████████▉ | 2698/3000 [29:43<03:03,  1.65it/s]
qwen2.5-vl/pope/ricd/aokvqa/adversarial/seed1:  90%|████████▉ | 2699/3000 [29:44<03:02,  1.65it/s]
qwen2.5-vl/pope/ricd/aokvqa/adversarial/seed1:  90%|█████████ | 2700/3000 [29:45<03:02,  1.64it/s]
qwen2.5-vl/pope/ricd/aokvqa/adversarial/seed1:  90%|█████████ | 2701/3000 [29:45<02:41,  1.85it/s]
qwen2.5-vl/pope/ricd/aokvqa/adversarial/seed1:  90%|█████████ | 2702/3000 [29:45<02:26,  2.03it/s]
qwen2.5-vl/pope/ricd/aokvqa/adversarial/seed1:  90%|█████████ | 2703/3000 [29:46<02:17,  2.17it/s]
qwen2.5-vl/pope/ricd/aokvqa/adversarial/seed1:  90%|█████████ | 2704/3000 [29:46<02:09,  2.28it/s]
qwen2.5-vl/pope/ricd/aokvqa/adversarial/seed1:  90%|█████████ | 2705/3000 [29:46<02:04,  2.38it/s]
qwen2.5-vl/pope/ricd/aokvqa/adversarial/seed1:  90%|█████████ | 2706/3000 [29:47<02:00,  2.44it/s]
qwen2.5-vl/pope/ricd/aokvqa/adversarial/seed1:  90%|█████████ | 2707/3000 [29:47<02:17,  2.14it/s]
qwen2.5-vl/pope/ricd/aokvqa/adversarial/seed1:  90%|█████████ | 2708/3000 [29:48<02:29,  1.96it/s]
qwen2.5-vl/pope/ricd/aokvqa/adversarial/seed1:  90%|█████████ | 2709/3000 [29:49<02:37,  1.85it/s]
qwen2.5-vl/pope/ricd/aokvqa/adversarial/seed1:  90%|█████████ | 2710/3000 [29:49<02:42,  1.78it/s]
qwen2.5-vl/pope/ricd/aokvqa/adversarial/seed1:  90%|█████████ | 2711/3000 [29:50<02:46,  1.73it/s]
qwen2.5-vl/pope/ricd/aokvqa/adversarial/seed1:  90%|█████████ | 2712/3000 [29:50<02:49,  1.70it/s]
qwen2.5-vl/pope/ricd/aokvqa/adversarial/seed1:  90%|█████████ | 2713/3000 [29:51<02:51,  1.68it/s]
qwen2.5-vl/pope/ricd/aokvqa/adversarial/seed1:  90%|█████████ | 2714/3000 [29:52<02:51,  1.66it/s]
qwen2.5-vl/pope/ricd/aokvqa/adversarial/seed1:  90%|█████████ | 2715/3000 [29:52<02:52,  1.65it/s]
qwen2.5-vl/pope/ricd/aokvqa/adversarial/seed1:  91%|█████████ | 2716/3000 [29:53<02:51,  1.65it/s]
qwen2.5-vl/pope/ricd/aokvqa/adversarial/seed1:  91%|█████████ | 2717/3000 [29:54<02:51,  1.65it/s]
qwen2.5-vl/pope/ricd/aokvqa/adversarial/seed1:  91%|█████████ | 2718/3000 [29:54<02:50,  1.65it/s]
qwen2.5-vl/pope/ricd/aokvqa/adversarial/seed1:  91%|█████████ | 2719/3000 [29:55<02:50,  1.65it/s]
qwen2.5-vl/pope/ricd/aokvqa/adversarial/seed1:  91%|█████████ | 2720/3000 [29:55<02:50,  1.64it/s]
qwen2.5-vl/pope/ricd/aokvqa/adversarial/seed1:  91%|█████████ | 2721/3000 [29:56<02:49,  1.64it/s]
qwen2.5-vl/pope/ricd/aokvqa/adversarial/seed1:  91%|█████████ | 2722/3000 [29:57<02:49,  1.64it/s]
qwen2.5-vl/pope/ricd/aokvqa/adversarial/seed1:  91%|█████████ | 2723/3000 [29:57<02:49,  1.64it/s]
qwen2.5-vl/pope/ricd/aokvqa/adversarial/seed1:  91%|█████████ | 2724/3000 [29:58<02:48,  1.64it/s]
qwen2.5-vl/pope/ricd/aokvqa/adversarial/seed1:  91%|█████████ | 2725/3000 [29:59<02:57,  1.55it/s]
qwen2.5-vl/pope/ricd/aokvqa/adversarial/seed1:  91%|█████████ | 2726/3000 [29:59<03:04,  1.49it/s]
qwen2.5-vl/pope/ricd/aokvqa/adversarial/seed1:  91%|█████████ | 2727/3000 [30:00<03:08,  1.45it/s]
qwen2.5-vl/pope/ricd/aokvqa/adversarial/seed1:  91%|█████████ | 2728/3000 [30:01<03:11,  1.42it/s]
qwen2.5-vl/pope/ricd/aokvqa/adversarial/seed1:  91%|█████████ | 2729/3000 [30:01<03:13,  1.40it/s]
qwen2.5-vl/pope/ricd/aokvqa/adversarial/seed1:  91%|█████████ | 2730/3000 [30:02<03:13,  1.39it/s]
qwen2.5-vl/pope/ricd/aokvqa/adversarial/seed1:  91%|█████████ | 2731/3000 [30:03<03:16,  1.37it/s]
qwen2.5-vl/pope/ricd/aokvqa/adversarial/seed1:  91%|█████████ | 2732/3000 [30:04<03:16,  1.36it/s]
qwen2.5-vl/pope/ricd/aokvqa/adversarial/seed1:  91%|█████████ | 2733/3000 [30:04<03:16,  1.36it/s]
qwen2.5-vl/pope/ricd/aokvqa/adversarial/seed1:  91%|█████████ | 2734/3000 [30:05<03:17,  1.35it/s]
qwen2.5-vl/pope/ricd/aokvqa/adversarial/seed1:  91%|█████████ | 2735/3000 [30:06<03:17,  1.34it/s]
qwen2.5-vl/pope/ricd/aokvqa/adversarial/seed1:  91%|█████████ | 2736/3000 [30:07<03:16,  1.34it/s]
qwen2.5-vl/pope/ricd/aokvqa/adversarial/seed1:  91%|█████████ | 2737/3000 [30:07<03:05,  1.42it/s]
qwen2.5-vl/pope/ricd/aokvqa/adversarial/seed1:  91%|█████████▏| 2738/3000 [30:08<02:57,  1.48it/s]
qwen2.5-vl/pope/ricd/aokvqa/adversarial/seed1:  91%|█████████▏| 2739/3000 [30:09<02:51,  1.52it/s]
qwen2.5-vl/pope/ricd/aokvqa/adversarial/seed1:  91%|█████████▏| 2740/3000 [30:09<02:47,  1.55it/s]
qwen2.5-vl/pope/ricd/aokvqa/adversarial/seed1:  91%|█████████▏| 2741/3000 [30:10<02:44,  1.57it/s]
qwen2.5-vl/pope/ricd/aokvqa/adversarial/seed1:  91%|█████████▏| 2742/3000 [30:10<02:42,  1.59it/s]
qwen2.5-vl/pope/ricd/aokvqa/adversarial/seed1:  91%|█████████▏| 2743/3000 [30:11<02:40,  1.60it/s]
qwen2.5-vl/pope/ricd/aokvqa/adversarial/seed1:  91%|█████████▏| 2744/3000 [30:12<02:38,  1.61it/s]
qwen2.5-vl/pope/ricd/aokvqa/adversarial/seed1:  92%|█████████▏| 2745/3000 [30:12<02:37,  1.62it/s]
qwen2.5-vl/pope/ricd/aokvqa/adversarial/seed1:  92%|█████████▏| 2746/3000 [30:13<02:36,  1.62it/s]
qwen2.5-vl/pope/ricd/aokvqa/adversarial/seed1:  92%|█████████▏| 2747/3000 [30:13<02:35,  1.63it/s]
qwen2.5-vl/pope/ricd/aokvqa/adversarial/seed1:  92%|█████████▏| 2748/3000 [30:14<02:34,  1.63it/s]
qwen2.5-vl/pope/ricd/aokvqa/adversarial/seed1:  92%|█████████▏| 2749/3000 [30:15<02:36,  1.60it/s]
qwen2.5-vl/pope/ricd/aokvqa/adversarial/seed1:  92%|█████████▏| 2750/3000 [30:15<02:37,  1.58it/s]
qwen2.5-vl/pope/ricd/aokvqa/adversarial/seed1:  92%|█████████▏| 2751/3000 [30:16<02:37,  1.58it/s]
qwen2.5-vl/pope/ricd/aokvqa/adversarial/seed1:  92%|█████████▏| 2752/3000 [30:17<02:37,  1.57it/s]
qwen2.5-vl/pope/ricd/aokvqa/adversarial/seed1:  92%|█████████▏| 2753/3000 [30:17<02:35,  1.58it/s]
qwen2.5-vl/pope/ricd/aokvqa/adversarial/seed1:  92%|█████████▏| 2754/3000 [30:18<02:34,  1.59it/s]
qwen2.5-vl/pope/ricd/aokvqa/adversarial/seed1:  92%|█████████▏| 2755/3000 [30:18<02:32,  1.60it/s]
qwen2.5-vl/pope/ricd/aokvqa/adversarial/seed1:  92%|█████████▏| 2756/3000 [30:19<02:31,  1.61it/s]
qwen2.5-vl/pope/ricd/aokvqa/adversarial/seed1:  92%|█████████▏| 2757/3000 [30:20<02:30,  1.61it/s]
qwen2.5-vl/pope/ricd/aokvqa/adversarial/seed1:  92%|█████████▏| 2758/3000 [30:20<02:29,  1.62it/s]
qwen2.5-vl/pope/ricd/aokvqa/adversarial/seed1:  92%|█████████▏| 2759/3000 [30:21<02:28,  1.62it/s]
qwen2.5-vl/pope/ricd/aokvqa/adversarial/seed1:  92%|█████████▏| 2760/3000 [30:22<02:27,  1.63it/s]
qwen2.5-vl/pope/ricd/aokvqa/adversarial/seed1:  92%|█████████▏| 2761/3000 [30:22<02:23,  1.66it/s]
qwen2.5-vl/pope/ricd/aokvqa/adversarial/seed1:  92%|█████████▏| 2762/3000 [30:23<02:20,  1.69it/s]
qwen2.5-vl/pope/ricd/aokvqa/adversarial/seed1:  92%|█████████▏| 2763/3000 [30:23<02:18,  1.71it/s]
qwen2.5-vl/pope/ricd/aokvqa/adversarial/seed1:  92%|█████████▏| 2764/3000 [30:24<02:16,  1.73it/s]
qwen2.5-vl/pope/ricd/aokvqa/adversarial/seed1:  92%|█████████▏| 2765/3000 [30:24<02:14,  1.74it/s]
qwen2.5-vl/pope/ricd/aokvqa/adversarial/seed1:  92%|█████████▏| 2766/3000 [30:25<02:13,  1.75it/s]
qwen2.5-vl/pope/ricd/aokvqa/adversarial/seed1:  92%|█████████▏| 2767/3000 [30:26<02:20,  1.65it/s]
qwen2.5-vl/pope/ricd/aokvqa/adversarial/seed1:  92%|█████████▏| 2768/3000 [30:26<02:26,  1.59it/s]
qwen2.5-vl/pope/ricd/aokvqa/adversarial/seed1:  92%|█████████▏| 2769/3000 [30:27<02:30,  1.54it/s]
qwen2.5-vl/pope/ricd/aokvqa/adversarial/seed1:  92%|█████████▏| 2770/3000 [30:28<02:32,  1.51it/s]
qwen2.5-vl/pope/ricd/aokvqa/adversarial/seed1:  92%|█████████▏| 2771/3000 [30:28<02:33,  1.49it/s]
qwen2.5-vl/pope/ricd/aokvqa/adversarial/seed1:  92%|█████████▏| 2772/3000 [30:29<02:34,  1.48it/s]
qwen2.5-vl/pope/ricd/aokvqa/adversarial/seed1:  92%|█████████▏| 2773/3000 [30:30<02:33,  1.48it/s]
qwen2.5-vl/pope/ricd/aokvqa/adversarial/seed1:  92%|█████████▏| 2774/3000 [30:30<02:32,  1.48it/s]
qwen2.5-vl/pope/ricd/aokvqa/adversarial/seed1:  92%|█████████▎| 2775/3000 [30:31<02:31,  1.49it/s]
qwen2.5-vl/pope/ricd/aokvqa/adversarial/seed1:  93%|█████████▎| 2776/3000 [30:32<02:30,  1.49it/s]
qwen2.5-vl/pope/ricd/aokvqa/adversarial/seed1:  93%|█████████▎| 2777/3000 [30:32<02:29,  1.49it/s]
qwen2.5-vl/pope/ricd/aokvqa/adversarial/seed1:  93%|█████████▎| 2778/3000 [30:33<02:28,  1.49it/s]
qwen2.5-vl/pope/ricd/aokvqa/adversarial/seed1:  93%|█████████▎| 2779/3000 [30:34<02:33,  1.44it/s]
qwen2.5-vl/pope/ricd/aokvqa/adversarial/seed1:  93%|█████████▎| 2780/3000 [30:35<02:35,  1.42it/s]
qwen2.5-vl/pope/ricd/aokvqa/adversarial/seed1:  93%|█████████▎| 2781/3000 [30:35<02:35,  1.40it/s]
qwen2.5-vl/pope/ricd/aokvqa/adversarial/seed1:  93%|█████████▎| 2782/3000 [30:36<02:36,  1.40it/s]
qwen2.5-vl/pope/ricd/aokvqa/adversarial/seed1:  93%|█████████▎| 2783/3000 [30:37<02:36,  1.39it/s]
qwen2.5-vl/pope/ricd/aokvqa/adversarial/seed1:  93%|█████████▎| 2784/3000 [30:38<02:36,  1.38it/s]
qwen2.5-vl/pope/ricd/aokvqa/adversarial/seed1:  93%|█████████▎| 2785/3000 [30:38<02:29,  1.44it/s]
qwen2.5-vl/pope/ricd/aokvqa/adversarial/seed1:  93%|█████████▎| 2786/3000 [30:39<02:23,  1.49it/s]
qwen2.5-vl/pope/ricd/aokvqa/adversarial/seed1:  93%|█████████▎| 2787/3000 [30:39<02:18,  1.53it/s]
qwen2.5-vl/pope/ricd/aokvqa/adversarial/seed1:  93%|█████████▎| 2788/3000 [30:40<02:16,  1.56it/s]
qwen2.5-vl/pope/ricd/aokvqa/adversarial/seed1:  93%|█████████▎| 2789/3000 [30:41<02:13,  1.58it/s]
qwen2.5-vl/pope/ricd/aokvqa/adversarial/seed1:  93%|█████████▎| 2790/3000 [30:41<02:11,  1.59it/s]
qwen2.5-vl/pope/ricd/aokvqa/adversarial/seed1:  93%|█████████▎| 2791/3000 [30:42<02:17,  1.52it/s]
qwen2.5-vl/pope/ricd/aokvqa/adversarial/seed1:  93%|█████████▎| 2792/3000 [30:43<02:21,  1.47it/s]
qwen2.5-vl/pope/ricd/aokvqa/adversarial/seed1:  93%|█████████▎| 2793/3000 [30:43<02:24,  1.43it/s]
qwen2.5-vl/pope/ricd/aokvqa/adversarial/seed1:  93%|█████████▎| 2794/3000 [30:44<02:26,  1.41it/s]
qwen2.5-vl/pope/ricd/aokvqa/adversarial/seed1:  93%|█████████▎| 2795/3000 [30:45<02:26,  1.40it/s]
qwen2.5-vl/pope/ricd/aokvqa/adversarial/seed1:  93%|█████████▎| 2796/3000 [30:46<02:26,  1.39it/s]
qwen2.5-vl/pope/ricd/aokvqa/adversarial/seed1:  93%|█████████▎| 2797/3000 [30:46<02:16,  1.48it/s]
qwen2.5-vl/pope/ricd/aokvqa/adversarial/seed1:  93%|█████████▎| 2798/3000 [30:47<02:09,  1.56it/s]
qwen2.5-vl/pope/ricd/aokvqa/adversarial/seed1:  93%|█████████▎| 2799/3000 [30:47<02:04,  1.62it/s]
qwen2.5-vl/pope/ricd/aokvqa/adversarial/seed1:  93%|█████████▎| 2800/3000 [30:48<01:59,  1.68it/s]
qwen2.5-vl/pope/ricd/aokvqa/adversarial/seed1:  93%|█████████▎| 2801/3000 [30:48<01:55,  1.73it/s]
qwen2.5-vl/pope/ricd/aokvqa/adversarial/seed1:  93%|█████████▎| 2802/3000 [30:49<01:52,  1.76it/s]
qwen2.5-vl/pope/ricd/aokvqa/adversarial/seed1:  93%|█████████▎| 2803/3000 [30:49<01:51,  1.77it/s]
qwen2.5-vl/pope/ricd/aokvqa/adversarial/seed1:  93%|█████████▎| 2804/3000 [30:50<01:49,  1.79it/s]
qwen2.5-vl/pope/ricd/aokvqa/adversarial/seed1:  94%|█████████▎| 2805/3000 [30:51<01:48,  1.79it/s]
qwen2.5-vl/pope/ricd/aokvqa/adversarial/seed1:  94%|█████████▎| 2806/3000 [30:51<01:48,  1.80it/s]
qwen2.5-vl/pope/ricd/aokvqa/adversarial/seed1:  94%|█████████▎| 2807/3000 [30:52<01:47,  1.80it/s]
qwen2.5-vl/pope/ricd/aokvqa/adversarial/seed1:  94%|█████████▎| 2808/3000 [30:52<01:46,  1.80it/s]
qwen2.5-vl/pope/ricd/aokvqa/adversarial/seed1:  94%|█████████▎| 2809/3000 [30:53<01:48,  1.75it/s]
qwen2.5-vl/pope/ricd/aokvqa/adversarial/seed1:  94%|█████████▎| 2810/3000 [30:53<01:50,  1.72it/s]
qwen2.5-vl/pope/ricd/aokvqa/adversarial/seed1:  94%|█████████▎| 2811/3000 [30:54<01:50,  1.70it/s]
qwen2.5-vl/pope/ricd/aokvqa/adversarial/seed1:  94%|█████████▎| 2812/3000 [30:55<01:51,  1.69it/s]
qwen2.5-vl/pope/ricd/aokvqa/adversarial/seed1:  94%|█████████▍| 2813/3000 [30:55<01:51,  1.68it/s]
qwen2.5-vl/pope/ricd/aokvqa/adversarial/seed1:  94%|█████████▍| 2814/3000 [30:56<01:51,  1.67it/s]
qwen2.5-vl/pope/ricd/aokvqa/adversarial/seed1:  94%|█████████▍| 2815/3000 [30:57<01:57,  1.57it/s]
qwen2.5-vl/pope/ricd/aokvqa/adversarial/seed1:  94%|█████████▍| 2816/3000 [30:57<02:01,  1.51it/s]
qwen2.5-vl/pope/ricd/aokvqa/adversarial/seed1:  94%|█████████▍| 2817/3000 [30:58<02:04,  1.47it/s]
qwen2.5-vl/pope/ricd/aokvqa/adversarial/seed1:  94%|█████████▍| 2818/3000 [30:59<02:06,  1.44it/s]
qwen2.5-vl/pope/ricd/aokvqa/adversarial/seed1:  94%|█████████▍| 2819/3000 [30:59<02:06,  1.43it/s]
qwen2.5-vl/pope/ricd/aokvqa/adversarial/seed1:  94%|█████████▍| 2820/3000 [31:00<02:06,  1.42it/s]
qwen2.5-vl/pope/ricd/aokvqa/adversarial/seed1:  94%|█████████▍| 2821/3000 [31:01<02:06,  1.41it/s]
qwen2.5-vl/pope/ricd/aokvqa/adversarial/seed1:  94%|█████████▍| 2822/3000 [31:02<02:06,  1.40it/s]
qwen2.5-vl/pope/ricd/aokvqa/adversarial/seed1:  94%|█████████▍| 2823/3000 [31:02<02:08,  1.38it/s]
qwen2.5-vl/pope/ricd/aokvqa/adversarial/seed1:  94%|█████████▍| 2824/3000 [31:03<02:09,  1.36it/s]
qwen2.5-vl/pope/ricd/aokvqa/adversarial/seed1:  94%|█████████▍| 2825/3000 [31:04<02:10,  1.35it/s]
qwen2.5-vl/pope/ricd/aokvqa/adversarial/seed1:  94%|█████████▍| 2826/3000 [31:05<02:10,  1.34it/s]
qwen2.5-vl/pope/ricd/aokvqa/adversarial/seed1:  94%|█████████▍| 2827/3000 [31:05<02:02,  1.42it/s]
qwen2.5-vl/pope/ricd/aokvqa/adversarial/seed1:  94%|█████████▍| 2828/3000 [31:06<01:56,  1.48it/s]
qwen2.5-vl/pope/ricd/aokvqa/adversarial/seed1:  94%|█████████▍| 2829/3000 [31:06<01:52,  1.52it/s]
qwen2.5-vl/pope/ricd/aokvqa/adversarial/seed1:  94%|█████████▍| 2830/3000 [31:07<01:49,  1.55it/s]
qwen2.5-vl/pope/ricd/aokvqa/adversarial/seed1:  94%|█████████▍| 2831/3000 [31:08<01:47,  1.57it/s]
qwen2.5-vl/pope/ricd/aokvqa/adversarial/seed1:  94%|█████████▍| 2832/3000 [31:08<01:45,  1.59it/s]
qwen2.5-vl/pope/ricd/aokvqa/adversarial/seed1:  94%|█████████▍| 2833/3000 [31:09<01:50,  1.52it/s]
qwen2.5-vl/pope/ricd/aokvqa/adversarial/seed1:  94%|█████████▍| 2834/3000 [31:10<01:52,  1.47it/s]
qwen2.5-vl/pope/ricd/aokvqa/adversarial/seed1:  94%|█████████▍| 2835/3000 [31:11<01:54,  1.44it/s]
qwen2.5-vl/pope/ricd/aokvqa/adversarial/seed1:  95%|█████████▍| 2836/3000 [31:11<01:55,  1.42it/s]
qwen2.5-vl/pope/ricd/aokvqa/adversarial/seed1:  95%|█████████▍| 2837/3000 [31:12<01:55,  1.41it/s]
qwen2.5-vl/pope/ricd/aokvqa/adversarial/seed1:  95%|█████████▍| 2838/3000 [31:13<01:55,  1.40it/s]
qwen2.5-vl/pope/ricd/aokvqa/adversarial/seed1:  95%|█████████▍| 2839/3000 [31:13<01:53,  1.42it/s]
qwen2.5-vl/pope/ricd/aokvqa/adversarial/seed1:  95%|█████████▍| 2840/3000 [31:14<01:50,  1.45it/s]
qwen2.5-vl/pope/ricd/aokvqa/adversarial/seed1:  95%|█████████▍| 2841/3000 [31:15<01:49,  1.46it/s]
qwen2.5-vl/pope/ricd/aokvqa/adversarial/seed1:  95%|█████████▍| 2842/3000 [31:15<01:47,  1.47it/s]
qwen2.5-vl/pope/ricd/aokvqa/adversarial/seed1:  95%|█████████▍| 2843/3000 [31:16<01:46,  1.47it/s]
qwen2.5-vl/pope/ricd/aokvqa/adversarial/seed1:  95%|█████████▍| 2844/3000 [31:17<01:45,  1.48it/s]
qwen2.5-vl/pope/ricd/aokvqa/adversarial/seed1:  95%|█████████▍| 2845/3000 [31:17<01:31,  1.70it/s]
qwen2.5-vl/pope/ricd/aokvqa/adversarial/seed1:  95%|█████████▍| 2846/3000 [31:18<01:21,  1.89it/s]
qwen2.5-vl/pope/ricd/aokvqa/adversarial/seed1:  95%|█████████▍| 2847/3000 [31:18<01:14,  2.06it/s]
qwen2.5-vl/pope/ricd/aokvqa/adversarial/seed1:  95%|█████████▍| 2848/3000 [31:18<01:09,  2.20it/s]
qwen2.5-vl/pope/ricd/aokvqa/adversarial/seed1:  95%|█████████▍| 2849/3000 [31:19<01:05,  2.30it/s]
qwen2.5-vl/pope/ricd/aokvqa/adversarial/seed1:  95%|█████████▌| 2850/3000 [31:19<01:02,  2.39it/s]
qwen2.5-vl/pope/ricd/aokvqa/adversarial/seed1:  95%|█████████▌| 2851/3000 [31:20<01:10,  2.10it/s]
qwen2.5-vl/pope/ricd/aokvqa/adversarial/seed1:  95%|█████████▌| 2852/3000 [31:20<01:16,  1.94it/s]
qwen2.5-vl/pope/ricd/aokvqa/adversarial/seed1:  95%|█████████▌| 2853/3000 [31:21<01:20,  1.83it/s]
qwen2.5-vl/pope/ricd/aokvqa/adversarial/seed1:  95%|█████████▌| 2854/3000 [31:21<01:22,  1.77it/s]
qwen2.5-vl/pope/ricd/aokvqa/adversarial/seed1:  95%|█████████▌| 2855/3000 [31:22<01:23,  1.73it/s]
qwen2.5-vl/pope/ricd/aokvqa/adversarial/seed1:  95%|█████████▌| 2856/3000 [31:23<01:24,  1.71it/s]
qwen2.5-vl/pope/ricd/aokvqa/adversarial/seed1:  95%|█████████▌| 2857/3000 [31:23<01:29,  1.60it/s]
qwen2.5-vl/pope/ricd/aokvqa/adversarial/seed1:  95%|█████████▌| 2858/3000 [31:24<01:33,  1.52it/s]
qwen2.5-vl/pope/ricd/aokvqa/adversarial/seed1:  95%|█████████▌| 2859/3000 [31:25<01:35,  1.47it/s]
qwen2.5-vl/pope/ricd/aokvqa/adversarial/seed1:  95%|█████████▌| 2860/3000 [31:26<01:37,  1.44it/s]
qwen2.5-vl/pope/ricd/aokvqa/adversarial/seed1:  95%|█████████▌| 2861/3000 [31:26<01:38,  1.41it/s]
qwen2.5-vl/pope/ricd/aokvqa/adversarial/seed1:  95%|█████████▌| 2862/3000 [31:27<01:38,  1.40it/s]
qwen2.5-vl/pope/ricd/aokvqa/adversarial/seed1:  95%|█████████▌| 2863/3000 [31:28<01:33,  1.46it/s]
qwen2.5-vl/pope/ricd/aokvqa/adversarial/seed1:  95%|█████████▌| 2864/3000 [31:28<01:29,  1.51it/s]
qwen2.5-vl/pope/ricd/aokvqa/adversarial/seed1:  96%|█████████▌| 2865/3000 [31:29<01:27,  1.55it/s]
qwen2.5-vl/pope/ricd/aokvqa/adversarial/seed1:  96%|█████████▌| 2866/3000 [31:30<01:25,  1.57it/s]
qwen2.5-vl/pope/ricd/aokvqa/adversarial/seed1:  96%|█████████▌| 2867/3000 [31:30<01:23,  1.59it/s]
qwen2.5-vl/pope/ricd/aokvqa/adversarial/seed1:  96%|█████████▌| 2868/3000 [31:31<01:22,  1.61it/s]
qwen2.5-vl/pope/ricd/aokvqa/adversarial/seed1:  96%|█████████▌| 2869/3000 [31:31<01:20,  1.62it/s]
qwen2.5-vl/pope/ricd/aokvqa/adversarial/seed1:  96%|█████████▌| 2870/3000 [31:32<01:19,  1.63it/s]
qwen2.5-vl/pope/ricd/aokvqa/adversarial/seed1:  96%|█████████▌| 2871/3000 [31:33<01:18,  1.63it/s]
qwen2.5-vl/pope/ricd/aokvqa/adversarial/seed1:  96%|█████████▌| 2872/3000 [31:33<01:18,  1.63it/s]
qwen2.5-vl/pope/ricd/aokvqa/adversarial/seed1:  96%|█████████▌| 2873/3000 [31:34<01:17,  1.63it/s]
qwen2.5-vl/pope/ricd/aokvqa/adversarial/seed1:  96%|█████████▌| 2874/3000 [31:34<01:17,  1.63it/s]
qwen2.5-vl/pope/ricd/aokvqa/adversarial/seed1:  96%|█████████▌| 2875/3000 [31:35<01:16,  1.63it/s]
qwen2.5-vl/pope/ricd/aokvqa/adversarial/seed1:  96%|█████████▌| 2876/3000 [31:36<01:16,  1.63it/s]
qwen2.5-vl/pope/ricd/aokvqa/adversarial/seed1:  96%|█████████▌| 2877/3000 [31:36<01:15,  1.63it/s]
qwen2.5-vl/pope/ricd/aokvqa/adversarial/seed1:  96%|█████████▌| 2878/3000 [31:37<01:14,  1.63it/s]
qwen2.5-vl/pope/ricd/aokvqa/adversarial/seed1:  96%|█████████▌| 2879/3000 [31:37<01:14,  1.63it/s]
qwen2.5-vl/pope/ricd/aokvqa/adversarial/seed1:  96%|█████████▌| 2880/3000 [31:38<01:13,  1.63it/s]
qwen2.5-vl/pope/ricd/aokvqa/adversarial/seed1:  96%|█████████▌| 2881/3000 [31:39<01:12,  1.64it/s]
qwen2.5-vl/pope/ricd/aokvqa/adversarial/seed1:  96%|█████████▌| 2882/3000 [31:39<01:11,  1.64it/s]
qwen2.5-vl/pope/ricd/aokvqa/adversarial/seed1:  96%|█████████▌| 2883/3000 [31:40<01:11,  1.64it/s]
qwen2.5-vl/pope/ricd/aokvqa/adversarial/seed1:  96%|█████████▌| 2884/3000 [31:41<01:10,  1.64it/s]
qwen2.5-vl/pope/ricd/aokvqa/adversarial/seed1:  96%|█████████▌| 2885/3000 [31:41<01:09,  1.65it/s]
qwen2.5-vl/pope/ricd/aokvqa/adversarial/seed1:  96%|█████████▌| 2886/3000 [31:42<01:09,  1.65it/s]
qwen2.5-vl/pope/ricd/aokvqa/adversarial/seed1:  96%|█████████▌| 2887/3000 [31:42<01:12,  1.55it/s]
qwen2.5-vl/pope/ricd/aokvqa/adversarial/seed1:  96%|█████████▋| 2888/3000 [31:43<01:15,  1.49it/s]
qwen2.5-vl/pope/ricd/aokvqa/adversarial/seed1:  96%|█████████▋| 2889/3000 [31:44<01:16,  1.45it/s]
qwen2.5-vl/pope/ricd/aokvqa/adversarial/seed1:  96%|█████████▋| 2890/3000 [31:45<01:17,  1.42it/s]
qwen2.5-vl/pope/ricd/aokvqa/adversarial/seed1:  96%|█████████▋| 2891/3000 [31:45<01:17,  1.41it/s]
qwen2.5-vl/pope/ricd/aokvqa/adversarial/seed1:  96%|█████████▋| 2892/3000 [31:46<01:17,  1.40it/s]
qwen2.5-vl/pope/ricd/aokvqa/adversarial/seed1:  96%|█████████▋| 2893/3000 [31:47<01:16,  1.39it/s]
qwen2.5-vl/pope/ricd/aokvqa/adversarial/seed1:  96%|█████████▋| 2894/3000 [31:48<01:16,  1.39it/s]
qwen2.5-vl/pope/ricd/aokvqa/adversarial/seed1:  96%|█████████▋| 2895/3000 [31:48<01:15,  1.38it/s]
qwen2.5-vl/pope/ricd/aokvqa/adversarial/seed1:  97%|█████████▋| 2896/3000 [31:49<01:15,  1.38it/s]
qwen2.5-vl/pope/ricd/aokvqa/adversarial/seed1:  97%|█████████▋| 2897/3000 [31:50<01:14,  1.37it/s]
qwen2.5-vl/pope/ricd/aokvqa/adversarial/seed1:  97%|█████████▋| 2898/3000 [31:50<01:14,  1.37it/s]
qwen2.5-vl/pope/ricd/aokvqa/adversarial/seed1:  97%|█████████▋| 2899/3000 [31:51<01:08,  1.47it/s]
qwen2.5-vl/pope/ricd/aokvqa/adversarial/seed1:  97%|█████████▋| 2900/3000 [31:52<01:04,  1.55it/s]
qwen2.5-vl/pope/ricd/aokvqa/adversarial/seed1:  97%|█████████▋| 2901/3000 [31:52<01:01,  1.61it/s]
qwen2.5-vl/pope/ricd/aokvqa/adversarial/seed1:  97%|█████████▋| 2902/3000 [31:53<00:59,  1.65it/s]
qwen2.5-vl/pope/ricd/aokvqa/adversarial/seed1:  97%|█████████▋| 2903/3000 [31:53<00:57,  1.69it/s]
qwen2.5-vl/pope/ricd/aokvqa/adversarial/seed1:  97%|█████████▋| 2904/3000 [31:54<00:55,  1.72it/s]
qwen2.5-vl/pope/ricd/aokvqa/adversarial/seed1:  97%|█████████▋| 2905/3000 [31:54<00:54,  1.74it/s]
qwen2.5-vl/pope/ricd/aokvqa/adversarial/seed1:  97%|█████████▋| 2906/3000 [31:55<00:53,  1.75it/s]
qwen2.5-vl/pope/ricd/aokvqa/adversarial/seed1:  97%|█████████▋| 2907/3000 [31:56<00:52,  1.76it/s]
qwen2.5-vl/pope/ricd/aokvqa/adversarial/seed1:  97%|█████████▋| 2908/3000 [31:56<00:52,  1.76it/s]
qwen2.5-vl/pope/ricd/aokvqa/adversarial/seed1:  97%|█████████▋| 2909/3000 [31:57<00:51,  1.76it/s]
qwen2.5-vl/pope/ricd/aokvqa/adversarial/seed1:  97%|█████████▋| 2910/3000 [31:57<00:51,  1.76it/s]
qwen2.5-vl/pope/ricd/aokvqa/adversarial/seed1:  97%|█████████▋| 2911/3000 [31:58<00:54,  1.62it/s]
qwen2.5-vl/pope/ricd/aokvqa/adversarial/seed1:  97%|█████████▋| 2912/3000 [31:59<00:57,  1.54it/s]
qwen2.5-vl/pope/ricd/aokvqa/adversarial/seed1:  97%|█████████▋| 2913/3000 [31:59<00:58,  1.48it/s]
qwen2.5-vl/pope/ricd/aokvqa/adversarial/seed1:  97%|█████████▋| 2914/3000 [32:00<00:59,  1.44it/s]
qwen2.5-vl/pope/ricd/aokvqa/adversarial/seed1:  97%|█████████▋| 2915/3000 [32:01<00:59,  1.42it/s]
qwen2.5-vl/pope/ricd/aokvqa/adversarial/seed1:  97%|█████████▋| 2916/3000 [32:02<00:59,  1.40it/s]
qwen2.5-vl/pope/ricd/aokvqa/adversarial/seed1:  97%|█████████▋| 2917/3000 [32:02<00:59,  1.39it/s]
qwen2.5-vl/pope/ricd/aokvqa/adversarial/seed1:  97%|█████████▋| 2918/3000 [32:03<00:59,  1.39it/s]
qwen2.5-vl/pope/ricd/aokvqa/adversarial/seed1:  97%|█████████▋| 2919/3000 [32:04<00:58,  1.38it/s]
qwen2.5-vl/pope/ricd/aokvqa/adversarial/seed1:  97%|█████████▋| 2920/3000 [32:05<00:57,  1.38it/s]
qwen2.5-vl/pope/ricd/aokvqa/adversarial/seed1:  97%|█████████▋| 2921/3000 [32:05<00:57,  1.38it/s]
qwen2.5-vl/pope/ricd/aokvqa/adversarial/seed1:  97%|█████████▋| 2922/3000 [32:06<00:56,  1.38it/s]
qwen2.5-vl/pope/ricd/aokvqa/adversarial/seed1:  97%|█████████▋| 2923/3000 [32:07<00:55,  1.39it/s]
qwen2.5-vl/pope/ricd/aokvqa/adversarial/seed1:  97%|█████████▋| 2924/3000 [32:07<00:54,  1.38it/s]
qwen2.5-vl/pope/ricd/aokvqa/adversarial/seed1:  98%|█████████▊| 2925/3000 [32:08<00:54,  1.39it/s]
qwen2.5-vl/pope/ricd/aokvqa/adversarial/seed1:  98%|█████████▊| 2926/3000 [32:09<00:53,  1.39it/s]
qwen2.5-vl/pope/ricd/aokvqa/adversarial/seed1:  98%|█████████▊| 2927/3000 [32:10<00:52,  1.39it/s]
qwen2.5-vl/pope/ricd/aokvqa/adversarial/seed1:  98%|█████████▊| 2928/3000 [32:10<00:52,  1.38it/s]
qwen2.5-vl/pope/ricd/aokvqa/adversarial/seed1:  98%|█████████▊| 2929/3000 [32:11<00:49,  1.45it/s]
qwen2.5-vl/pope/ricd/aokvqa/adversarial/seed1:  98%|█████████▊| 2930/3000 [32:12<00:46,  1.50it/s]
qwen2.5-vl/pope/ricd/aokvqa/adversarial/seed1:  98%|█████████▊| 2931/3000 [32:12<00:44,  1.54it/s]
qwen2.5-vl/pope/ricd/aokvqa/adversarial/seed1:  98%|█████████▊| 2932/3000 [32:13<00:43,  1.57it/s]
qwen2.5-vl/pope/ricd/aokvqa/adversarial/seed1:  98%|█████████▊| 2933/3000 [32:13<00:42,  1.59it/s]
qwen2.5-vl/pope/ricd/aokvqa/adversarial/seed1:  98%|█████████▊| 2934/3000 [32:14<00:41,  1.60it/s]
qwen2.5-vl/pope/ricd/aokvqa/adversarial/seed1:  98%|█████████▊| 2935/3000 [32:15<00:40,  1.61it/s]
qwen2.5-vl/pope/ricd/aokvqa/adversarial/seed1:  98%|█████████▊| 2936/3000 [32:15<00:39,  1.61it/s]
qwen2.5-vl/pope/ricd/aokvqa/adversarial/seed1:  98%|█████████▊| 2937/3000 [32:16<00:38,  1.63it/s]
qwen2.5-vl/pope/ricd/aokvqa/adversarial/seed1:  98%|█████████▊| 2938/3000 [32:16<00:37,  1.63it/s]
qwen2.5-vl/pope/ricd/aokvqa/adversarial/seed1:  98%|█████████▊| 2939/3000 [32:17<00:37,  1.64it/s]
qwen2.5-vl/pope/ricd/aokvqa/adversarial/seed1:  98%|█████████▊| 2940/3000 [32:18<00:36,  1.63it/s]
qwen2.5-vl/pope/ricd/aokvqa/adversarial/seed1:  98%|█████████▊| 2941/3000 [32:18<00:35,  1.64it/s]
qwen2.5-vl/pope/ricd/aokvqa/adversarial/seed1:  98%|█████████▊| 2942/3000 [32:19<00:35,  1.64it/s]
qwen2.5-vl/pope/ricd/aokvqa/adversarial/seed1:  98%|█████████▊| 2943/3000 [32:19<00:34,  1.64it/s]
qwen2.5-vl/pope/ricd/aokvqa/adversarial/seed1:  98%|█████████▊| 2944/3000 [32:20<00:34,  1.63it/s]
qwen2.5-vl/pope/ricd/aokvqa/adversarial/seed1:  98%|█████████▊| 2945/3000 [32:21<00:33,  1.62it/s]
qwen2.5-vl/pope/ricd/aokvqa/adversarial/seed1:  98%|█████████▊| 2946/3000 [32:21<00:33,  1.61it/s]
qwen2.5-vl/pope/ricd/aokvqa/adversarial/seed1:  98%|█████████▊| 2947/3000 [32:22<00:36,  1.46it/s]
qwen2.5-vl/pope/ricd/aokvqa/adversarial/seed1:  98%|█████████▊| 2948/3000 [32:23<00:37,  1.38it/s]
qwen2.5-vl/pope/ricd/aokvqa/adversarial/seed1:  98%|█████████▊| 2949/3000 [32:24<00:38,  1.33it/s]
qwen2.5-vl/pope/ricd/aokvqa/adversarial/seed1:  98%|█████████▊| 2950/3000 [32:25<00:38,  1.30it/s]
qwen2.5-vl/pope/ricd/aokvqa/adversarial/seed1:  98%|█████████▊| 2951/3000 [32:25<00:38,  1.27it/s]
qwen2.5-vl/pope/ricd/aokvqa/adversarial/seed1:  98%|█████████▊| 2952/3000 [32:26<00:38,  1.26it/s]
qwen2.5-vl/pope/ricd/aokvqa/adversarial/seed1:  98%|█████████▊| 2953/3000 [32:27<00:36,  1.29it/s]
qwen2.5-vl/pope/ricd/aokvqa/adversarial/seed1:  98%|█████████▊| 2954/3000 [32:28<00:35,  1.31it/s]
qwen2.5-vl/pope/ricd/aokvqa/adversarial/seed1:  98%|█████████▊| 2955/3000 [32:28<00:33,  1.33it/s]
qwen2.5-vl/pope/ricd/aokvqa/adversarial/seed1:  99%|█████████▊| 2956/3000 [32:29<00:32,  1.34it/s]
qwen2.5-vl/pope/ricd/aokvqa/adversarial/seed1:  99%|█████████▊| 2957/3000 [32:30<00:31,  1.35it/s]
qwen2.5-vl/pope/ricd/aokvqa/adversarial/seed1:  99%|█████████▊| 2958/3000 [32:31<00:31,  1.35it/s]
qwen2.5-vl/pope/ricd/aokvqa/adversarial/seed1:  99%|█████████▊| 2959/3000 [32:32<00:32,  1.27it/s]
qwen2.5-vl/pope/ricd/aokvqa/adversarial/seed1:  99%|█████████▊| 2960/3000 [32:32<00:32,  1.21it/s]
qwen2.5-vl/pope/ricd/aokvqa/adversarial/seed1:  99%|█████████▊| 2961/3000 [32:33<00:33,  1.18it/s]
qwen2.5-vl/pope/ricd/aokvqa/adversarial/seed1:  99%|█████████▊| 2962/3000 [32:34<00:32,  1.15it/s]
qwen2.5-vl/pope/ricd/aokvqa/adversarial/seed1:  99%|█████████▉| 2963/3000 [32:35<00:32,  1.14it/s]
qwen2.5-vl/pope/ricd/aokvqa/adversarial/seed1:  99%|█████████▉| 2964/3000 [32:36<00:31,  1.13it/s]
qwen2.5-vl/pope/ricd/aokvqa/adversarial/seed1:  99%|█████████▉| 2965/3000 [32:37<00:28,  1.24it/s]
qwen2.5-vl/pope/ricd/aokvqa/adversarial/seed1:  99%|█████████▉| 2966/3000 [32:37<00:25,  1.34it/s]
qwen2.5-vl/pope/ricd/aokvqa/adversarial/seed1:  99%|█████████▉| 2967/3000 [32:38<00:23,  1.41it/s]
qwen2.5-vl/pope/ricd/aokvqa/adversarial/seed1:  99%|█████████▉| 2968/3000 [32:39<00:21,  1.47it/s]
qwen2.5-vl/pope/ricd/aokvqa/adversarial/seed1:  99%|█████████▉| 2969/3000 [32:39<00:20,  1.51it/s]
qwen2.5-vl/pope/ricd/aokvqa/adversarial/seed1:  99%|█████████▉| 2970/3000 [32:40<00:19,  1.54it/s]
qwen2.5-vl/pope/ricd/aokvqa/adversarial/seed1:  99%|█████████▉| 2971/3000 [32:40<00:18,  1.57it/s]
qwen2.5-vl/pope/ricd/aokvqa/adversarial/seed1:  99%|█████████▉| 2972/3000 [32:41<00:17,  1.59it/s]
qwen2.5-vl/pope/ricd/aokvqa/adversarial/seed1:  99%|█████████▉| 2973/3000 [32:42<00:16,  1.60it/s]
qwen2.5-vl/pope/ricd/aokvqa/adversarial/seed1:  99%|█████████▉| 2974/3000 [32:42<00:16,  1.61it/s]
qwen2.5-vl/pope/ricd/aokvqa/adversarial/seed1:  99%|█████████▉| 2975/3000 [32:43<00:15,  1.62it/s]
qwen2.5-vl/pope/ricd/aokvqa/adversarial/seed1:  99%|█████████▉| 2976/3000 [32:43<00:14,  1.62it/s]
qwen2.5-vl/pope/ricd/aokvqa/adversarial/seed1:  99%|█████████▉| 2977/3000 [32:44<00:12,  1.83it/s]
qwen2.5-vl/pope/ricd/aokvqa/adversarial/seed1:  99%|█████████▉| 2978/3000 [32:44<00:10,  2.01it/s]
qwen2.5-vl/pope/ricd/aokvqa/adversarial/seed1:  99%|█████████▉| 2979/3000 [32:45<00:09,  2.15it/s]
qwen2.5-vl/pope/ricd/aokvqa/adversarial/seed1:  99%|█████████▉| 2980/3000 [32:45<00:08,  2.27it/s]
qwen2.5-vl/pope/ricd/aokvqa/adversarial/seed1:  99%|█████████▉| 2981/3000 [32:45<00:08,  2.36it/s]
qwen2.5-vl/pope/ricd/aokvqa/adversarial/seed1:  99%|█████████▉| 2982/3000 [32:46<00:07,  2.43it/s]
qwen2.5-vl/pope/ricd/aokvqa/adversarial/seed1:  99%|█████████▉| 2983/3000 [32:46<00:08,  1.98it/s]
qwen2.5-vl/pope/ricd/aokvqa/adversarial/seed1:  99%|█████████▉| 2984/3000 [32:47<00:09,  1.71it/s]
qwen2.5-vl/pope/ricd/aokvqa/adversarial/seed1: 100%|█████████▉| 2985/3000 [32:48<00:09,  1.59it/s]
qwen2.5-vl/pope/ricd/aokvqa/adversarial/seed1: 100%|█████████▉| 2986/3000 [32:49<00:09,  1.52it/s]
qwen2.5-vl/pope/ricd/aokvqa/adversarial/seed1: 100%|█████████▉| 2987/3000 [32:49<00:08,  1.47it/s]
qwen2.5-vl/pope/ricd/aokvqa/adversarial/seed1: 100%|█████████▉| 2988/3000 [32:50<00:08,  1.43it/s]
qwen2.5-vl/pope/ricd/aokvqa/adversarial/seed1: 100%|█████████▉| 2989/3000 [32:51<00:06,  1.66it/s]
qwen2.5-vl/pope/ricd/aokvqa/adversarial/seed1: 100%|█████████▉| 2990/3000 [32:51<00:05,  1.87it/s]
qwen2.5-vl/pope/ricd/aokvqa/adversarial/seed1: 100%|█████████▉| 2991/3000 [32:51<00:04,  2.06it/s]
qwen2.5-vl/pope/ricd/aokvqa/adversarial/seed1: 100%|█████████▉| 2992/3000 [32:52<00:03,  2.21it/s]
qwen2.5-vl/pope/ricd/aokvqa/adversarial/seed1: 100%|█████████▉| 2993/3000 [32:52<00:03,  2.33it/s]
qwen2.5-vl/pope/ricd/aokvqa/adversarial/seed1: 100%|█████████▉| 2994/3000 [32:52<00:02,  2.43it/s]
qwen2.5-vl/pope/ricd/aokvqa/adversarial/seed1: 100%|█████████▉| 2995/3000 [32:53<00:02,  2.02it/s]
qwen2.5-vl/pope/ricd/aokvqa/adversarial/seed1: 100%|█████████▉| 2996/3000 [32:54<00:02,  1.80it/s]
qwen2.5-vl/pope/ricd/aokvqa/adversarial/seed1: 100%|█████████▉| 2997/3000 [32:55<00:01,  1.68it/s]
qwen2.5-vl/pope/ricd/aokvqa/adversarial/seed1: 100%|█████████▉| 2998/3000 [32:55<00:01,  1.61it/s]
qwen2.5-vl/pope/ricd/aokvqa/adversarial/seed1: 100%|█████████▉| 2999/3000 [32:56<00:00,  1.56it/s]
qwen2.5-vl/pope/ricd/aokvqa/adversarial/seed1: 100%|██████████| 3000/3000 [32:57<00:00,  1.52it/s]
qwen2.5-vl/pope/ricd/aokvqa/adversarial/seed1: 100%|██████████| 3000/3000 [32:57<00:00,  1.52it/s]
{
  "protocol_version": "qwen2.5-vl-ricd-clean-random-lambda-l15-v1",
  "benchmark": "pope",
  "model": "qwen2.5-vl",
  "method": "ricd",
  "dataset": "aokvqa",
  "setting": "adversarial",
  "seed": 1,
  "generation": {
    "do_sample": false,
    "temperature": 1.0,
    "top_p": 1.0,
    "top_k": null,
    "max_new_tokens": 32,
    "use_cache": false
  },
  "ricd": {
    "lambda_l": 1.5,
    "lambda_s": 1.0,
    "tau_l": 1.0,
    "tau_v": 1.0,
    "top_k_proxy": 10,
    "apc_mode": "relative_max",
    "theta_apc": 0.3,
    "selection_status": "predeclared_clean_lambda_l_sweep_l15"
  },
  "metrics": {
    "agla_official_compatible": {
      "total": 3000,
      "correct": 2465,
      "tp": 1274,
      "fp": 309,
      "tn": 1191,
      "fn": 226,
      "unknown_predictions": 0,
      "ambiguous_contains_both": 0,
      "accuracy": 82.16666666666667,
      "precision": 80.48010107391029,
      "recall": 84.93333333333334,
      "f1": 82.64677262406747,
      "yes_ratio": 52.766666666666666
    },
    "strict_first_token": {
      "total": 3000,
      "correct": 2465,
      "tp": 1274,
      "fp": 309,
      "tn": 1191,
      "fn": 226,
      "unknown_predictions": 0,
      "ambiguous_contains_both": 0,
      "accuracy": 82.16666666666667,
      "precision": 80.48010107391029,
      "recall": 84.93333333333334,
      "f1": 82.64677262406747,
      "yes_ratio": 52.766666666666666
    }
  }
}
[2026-08-26 00:37:43] DONE Qwen RiCD fixed l15 aokvqa adversarial
[2026-08-26 00:37:43] START Qwen RiCD fixed l15 gqa adversarial
{
  "protocol_version": "qwen2.5-vl-ricd-clean-random-lambda-l15-v1",
  "model": "qwen2.5-vl",
  "benchmark": "pope",
  "method": "ricd",
  "dataset": "gqa",
  "setting": "adversarial",
  "seed": 1,
  "samples": 3000,
  "image_root": "/root/autodl-tmp/gqa/images",
  "completed": 0,
  "job_dir": "/root/autodl-tmp/CCR-master/outputs/qwen2_5_vl_ricd_clean_fixed_l15_adversarial_v1/qwen2.5-vl/pope/ricd/gqa/adversarial/seed1",
  "config_path": "/root/autodl-tmp/CCR-master/configs/qwen_clean_random_lambda_l_sweep/l15.json",
  "generation": {
    "do_sample": false,
    "temperature": 1.0,
    "top_p": 1.0,
    "top_k": null,
    "max_new_tokens": 32,
    "use_cache": false
  }
}
/root/autodl-tmp/qwen25vl_env/lib/python3.10/site-packages/transformers/utils/hub.py:106: FutureWarning: Using `TRANSFORMERS_CACHE` is deprecated and will be removed in v5 of Transformers. Use `HF_HOME` instead.
  warnings.warn(
/root/miniconda3/lib/python3.10/site-packages/torchvision/datapoints/__init__.py:12: UserWarning: The torchvision.datapoints and torchvision.transforms.v2 namespaces are still Beta. While we do not expect major breaking changes, some APIs may still change according to user feedback. Please submit any feedback you may have in this issue: https://github.com/pytorch/vision/issues/6753, and you can also check out https://github.com/pytorch/vision/issues/7319 to learn more about the APIs that we suspect might involve future changes. You can silence this warning by calling torchvision.disable_beta_transforms_warning().
  warnings.warn(_BETA_TRANSFORMS_WARNING)
/root/miniconda3/lib/python3.10/site-packages/torchvision/transforms/v2/__init__.py:54: UserWarning: The torchvision.datapoints and torchvision.transforms.v2 namespaces are still Beta. While we do not expect major breaking changes, some APIs may still change according to user feedback. Please submit any feedback you may have in this issue: https://github.com/pytorch/vision/issues/6753, and you can also check out https://github.com/pytorch/vision/issues/7319 to learn more about the APIs that we suspect might involve future changes. You can silence this warning by calling torchvision.disable_beta_transforms_warning().
  warnings.warn(_BETA_TRANSFORMS_WARNING)
[Qwen2.5-VL] Loading Qwen/Qwen2.5-VL-7B-Instruct...
  Using Qwen2_5_VLForConditionalGeneration
Using a slow image processor as `use_fast` is unset and a slow processor was saved with this model. `use_fast=True` will be the default behavior in v4.48, even if the model was saved with a slow processor. This will result in minor differences in outputs. You'll still be able to use a slow processor with `use_fast=False`.

Loading checkpoint shards:   0%|          | 0/5 [00:00<?, ?it/s]
Loading checkpoint shards:  20%|██        | 1/5 [00:04<00:18,  4.58s/it]
Loading checkpoint shards:  40%|████      | 2/5 [00:07<00:11,  3.84s/it]
Loading checkpoint shards:  60%|██████    | 3/5 [00:11<00:07,  3.64s/it]
Loading checkpoint shards:  80%|████████  | 4/5 [00:14<00:03,  3.51s/it]
Loading checkpoint shards: 100%|██████████| 5/5 [00:15<00:00,  2.63s/it]
Loading checkpoint shards: 100%|██████████| 5/5 [00:15<00:00,  3.14s/it]
[Qwen2.5-VL] Loaded. vocab=152064

qwen2.5-vl/pope/ricd/gqa/adversarial/seed1:   0%|          | 0/3000 [00:00<?, ?it/s]
qwen2.5-vl/pope/ricd/gqa/adversarial/seed1:   0%|          | 1/3000 [00:01<1:11:07,  1.42s/it]
qwen2.5-vl/pope/ricd/gqa/adversarial/seed1:   0%|          | 2/3000 [00:01<46:05,  1.08it/s]  
qwen2.5-vl/pope/ricd/gqa/adversarial/seed1:   0%|          | 3/3000 [00:02<38:01,  1.31it/s]
qwen2.5-vl/pope/ricd/gqa/adversarial/seed1:   0%|          | 4/3000 [00:03<34:10,  1.46it/s]
qwen2.5-vl/pope/ricd/gqa/adversarial/seed1:   0%|          | 5/3000 [00:03<31:59,  1.56it/s]
qwen2.5-vl/pope/ricd/gqa/adversarial/seed1:   0%|          | 6/3000 [00:04<30:43,  1.62it/s]
qwen2.5-vl/pope/ricd/gqa/adversarial/seed1:   0%|          | 7/3000 [00:04<26:59,  1.85it/s]
qwen2.5-vl/pope/ricd/gqa/adversarial/seed1:   0%|          | 8/3000 [00:05<24:30,  2.03it/s]
qwen2.5-vl/pope/ricd/gqa/adversarial/seed1:   0%|          | 9/3000 [00:05<22:49,  2.18it/s]
qwen2.5-vl/pope/ricd/gqa/adversarial/seed1:   0%|          | 10/3000 [00:05<21:39,  2.30it/s]
qwen2.5-vl/pope/ricd/gqa/adversarial/seed1:   0%|          | 11/3000 [00:06<21:00,  2.37it/s]
qwen2.5-vl/pope/ricd/gqa/adversarial/seed1:   0%|          | 12/3000 [00:06<20:37,  2.41it/s]
qwen2.5-vl/pope/ricd/gqa/adversarial/seed1:   0%|          | 13/3000 [00:06<20:31,  2.43it/s]
qwen2.5-vl/pope/ricd/gqa/adversarial/seed1:   0%|          | 14/3000 [00:07<20:22,  2.44it/s]
qwen2.5-vl/pope/ricd/gqa/adversarial/seed1:   0%|          | 15/3000 [00:07<20:12,  2.46it/s]
qwen2.5-vl/pope/ricd/gqa/adversarial/seed1:   1%|          | 16/3000 [00:08<20:09,  2.47it/s]
qwen2.5-vl/pope/ricd/gqa/adversarial/seed1:   1%|          | 17/3000 [00:08<20:07,  2.47it/s]
qwen2.5-vl/pope/ricd/gqa/adversarial/seed1:   1%|          | 18/3000 [00:08<19:51,  2.50it/s]
qwen2.5-vl/pope/ricd/gqa/adversarial/seed1:   1%|          | 19/3000 [00:09<22:31,  2.21it/s]
qwen2.5-vl/pope/ricd/gqa/adversarial/seed1:   1%|          | 20/3000 [00:10<24:30,  2.03it/s]
qwen2.5-vl/pope/ricd/gqa/adversarial/seed1:   1%|          | 21/3000 [00:10<25:52,  1.92it/s]
qwen2.5-vl/pope/ricd/gqa/adversarial/seed1:   1%|          | 22/3000 [00:11<26:42,  1.86it/s]
qwen2.5-vl/pope/ricd/gqa/adversarial/seed1:   1%|          | 23/3000 [00:11<27:23,  1.81it/s]
qwen2.5-vl/pope/ricd/gqa/adversarial/seed1:   1%|          | 24/3000 [00:12<27:44,  1.79it/s]
qwen2.5-vl/pope/ricd/gqa/adversarial/seed1:   1%|          | 25/3000 [00:13<28:02,  1.77it/s]
qwen2.5-vl/pope/ricd/gqa/adversarial/seed1:   1%|          | 26/3000 [00:13<28:14,  1.76it/s]
qwen2.5-vl/pope/ricd/gqa/adversarial/seed1:   1%|          | 27/3000 [00:14<28:17,  1.75it/s]
qwen2.5-vl/pope/ricd/gqa/adversarial/seed1:   1%|          | 28/3000 [00:14<28:25,  1.74it/s]
qwen2.5-vl/pope/ricd/gqa/adversarial/seed1:   1%|          | 29/3000 [00:15<28:30,  1.74it/s]
qwen2.5-vl/pope/ricd/gqa/adversarial/seed1:   1%|          | 30/3000 [00:15<28:29,  1.74it/s]
qwen2.5-vl/pope/ricd/gqa/adversarial/seed1:   1%|          | 31/3000 [00:16<25:45,  1.92it/s]
qwen2.5-vl/pope/ricd/gqa/adversarial/seed1:   1%|          | 32/3000 [00:16<23:51,  2.07it/s]
qwen2.5-vl/pope/ricd/gqa/adversarial/seed1:   1%|          | 33/3000 [00:17<22:27,  2.20it/s]
qwen2.5-vl/pope/ricd/gqa/adversarial/seed1:   1%|          | 34/3000 [00:17<21:27,  2.30it/s]
qwen2.5-vl/pope/ricd/gqa/adversarial/seed1:   1%|          | 35/3000 [00:17<20:45,  2.38it/s]
qwen2.5-vl/pope/ricd/gqa/adversarial/seed1:   1%|          | 36/3000 [00:18<20:15,  2.44it/s]
qwen2.5-vl/pope/ricd/gqa/adversarial/seed1:   1%|          | 37/3000 [00:18<19:53,  2.48it/s]
qwen2.5-vl/pope/ricd/gqa/adversarial/seed1:   1%|▏         | 38/3000 [00:19<19:44,  2.50it/s]
qwen2.5-vl/pope/ricd/gqa/adversarial/seed1:   1%|▏         | 39/3000 [00:19<21:16,  2.32it/s]
qwen2.5-vl/pope/ricd/gqa/adversarial/seed1:   1%|▏         | 40/3000 [00:19<20:58,  2.35it/s]
qwen2.5-vl/pope/ricd/gqa/adversarial/seed1:   1%|▏         | 41/3000 [00:20<20:42,  2.38it/s]
qwen2.5-vl/pope/ricd/gqa/adversarial/seed1:   1%|▏         | 42/3000 [00:20<20:24,  2.42it/s]
qwen2.5-vl/pope/ricd/gqa/adversarial/seed1:   1%|▏         | 43/3000 [00:21<19:56,  2.47it/s]
qwen2.5-vl/pope/ricd/gqa/adversarial/seed1:   1%|▏         | 44/3000 [00:21<19:40,  2.50it/s]
qwen2.5-vl/pope/ricd/gqa/adversarial/seed1:   2%|▏         | 45/3000 [00:21<19:26,  2.53it/s]
qwen2.5-vl/pope/ricd/gqa/adversarial/seed1:   2%|▏         | 46/3000 [00:22<19:16,  2.55it/s]
qwen2.5-vl/pope/ricd/gqa/adversarial/seed1:   2%|▏         | 47/3000 [00:22<19:08,  2.57it/s]
qwen2.5-vl/pope/ricd/gqa/adversarial/seed1:   2%|▏         | 48/3000 [00:23<19:04,  2.58it/s]
qwen2.5-vl/pope/ricd/gqa/adversarial/seed1:   2%|▏         | 49/3000 [00:23<21:44,  2.26it/s]
qwen2.5-vl/pope/ricd/gqa/adversarial/seed1:   2%|▏         | 50/3000 [00:24<23:33,  2.09it/s]
qwen2.5-vl/pope/ricd/gqa/adversarial/seed1:   2%|▏         | 51/3000 [00:24<24:50,  1.98it/s]
qwen2.5-vl/pope/ricd/gqa/adversarial/seed1:   2%|▏         | 52/3000 [00:25<25:43,  1.91it/s]
qwen2.5-vl/pope/ricd/gqa/adversarial/seed1:   2%|▏         | 53/3000 [00:25<26:21,  1.86it/s]
qwen2.5-vl/pope/ricd/gqa/adversarial/seed1:   2%|▏         | 54/3000 [00:26<26:46,  1.83it/s]
qwen2.5-vl/pope/ricd/gqa/adversarial/seed1:   2%|▏         | 55/3000 [00:27<27:01,  1.82it/s]
qwen2.5-vl/pope/ricd/gqa/adversarial/seed1:   2%|▏         | 56/3000 [00:27<27:13,  1.80it/s]
qwen2.5-vl/pope/ricd/gqa/adversarial/seed1:   2%|▏         | 57/3000 [00:28<27:24,  1.79it/s]
qwen2.5-vl/pope/ricd/gqa/adversarial/seed1:   2%|▏         | 58/3000 [00:28<27:28,  1.78it/s]
qwen2.5-vl/pope/ricd/gqa/adversarial/seed1:   2%|▏         | 59/3000 [00:29<27:30,  1.78it/s]
qwen2.5-vl/pope/ricd/gqa/adversarial/seed1:   2%|▏         | 60/3000 [00:29<27:31,  1.78it/s]
qwen2.5-vl/pope/ricd/gqa/adversarial/seed1:   2%|▏         | 61/3000 [00:30<24:53,  1.97it/s]
qwen2.5-vl/pope/ricd/gqa/adversarial/seed1:   2%|▏         | 62/3000 [00:30<23:00,  2.13it/s]
qwen2.5-vl/pope/ricd/gqa/adversarial/seed1:   2%|▏         | 63/3000 [00:31<21:42,  2.26it/s]
qwen2.5-vl/pope/ricd/gqa/adversarial/seed1:   2%|▏         | 64/3000 [00:31<20:49,  2.35it/s]
qwen2.5-vl/pope/ricd/gqa/adversarial/seed1:   2%|▏         | 65/3000 [00:31<20:10,  2.42it/s]
qwen2.5-vl/pope/ricd/gqa/adversarial/seed1:   2%|▏         | 66/3000 [00:32<19:45,  2.48it/s]
qwen2.5-vl/pope/ricd/gqa/adversarial/seed1:   2%|▏         | 67/3000 [00:32<22:25,  2.18it/s]
qwen2.5-vl/pope/ricd/gqa/adversarial/seed1:   2%|▏         | 68/3000 [00:33<24:17,  2.01it/s]
qwen2.5-vl/pope/ricd/gqa/adversarial/seed1:   2%|▏         | 69/3000 [00:33<25:35,  1.91it/s]
qwen2.5-vl/pope/ricd/gqa/adversarial/seed1:   2%|▏         | 70/3000 [00:34<26:31,  1.84it/s]
qwen2.5-vl/pope/ricd/gqa/adversarial/seed1:   2%|▏         | 71/3000 [00:35<27:07,  1.80it/s]
qwen2.5-vl/pope/ricd/gqa/adversarial/seed1:   2%|▏         | 72/3000 [00:35<27:32,  1.77it/s]
qwen2.5-vl/pope/ricd/gqa/adversarial/seed1:   2%|▏         | 73/3000 [00:36<24:59,  1.95it/s]
qwen2.5-vl/pope/ricd/gqa/adversarial/seed1:   2%|▏         | 74/3000 [00:36<23:10,  2.10it/s]
qwen2.5-vl/pope/ricd/gqa/adversarial/seed1:   2%|▎         | 75/3000 [00:36<22:00,  2.21it/s]
qwen2.5-vl/pope/ricd/gqa/adversarial/seed1:   3%|▎         | 76/3000 [00:37<21:04,  2.31it/s]
qwen2.5-vl/pope/ricd/gqa/adversarial/seed1:   3%|▎         | 77/3000 [00:37<20:27,  2.38it/s]
qwen2.5-vl/pope/ricd/gqa/adversarial/seed1:   3%|▎         | 78/3000 [00:38<20:02,  2.43it/s]
qwen2.5-vl/pope/ricd/gqa/adversarial/seed1:   3%|▎         | 79/3000 [00:38<19:39,  2.48it/s]
qwen2.5-vl/pope/ricd/gqa/adversarial/seed1:   3%|▎         | 80/3000 [00:38<19:26,  2.50it/s]
qwen2.5-vl/pope/ricd/gqa/adversarial/seed1:   3%|▎         | 81/3000 [00:39<19:17,  2.52it/s]
qwen2.5-vl/pope/ricd/gqa/adversarial/seed1:   3%|▎         | 82/3000 [00:39<19:10,  2.54it/s]
qwen2.5-vl/pope/ricd/gqa/adversarial/seed1:   3%|▎         | 83/3000 [00:39<18:59,  2.56it/s]
qwen2.5-vl/pope/ricd/gqa/adversarial/seed1:   3%|▎         | 84/3000 [00:40<18:52,  2.57it/s]
qwen2.5-vl/pope/ricd/gqa/adversarial/seed1:   3%|▎         | 85/3000 [00:40<18:46,  2.59it/s]
qwen2.5-vl/pope/ricd/gqa/adversarial/seed1:   3%|▎         | 86/3000 [00:41<18:46,  2.59it/s]
qwen2.5-vl/pope/ricd/gqa/adversarial/seed1:   3%|▎         | 87/3000 [00:41<18:41,  2.60it/s]
qwen2.5-vl/pope/ricd/gqa/adversarial/seed1:   3%|▎         | 88/3000 [00:41<18:37,  2.60it/s]
qwen2.5-vl/pope/ricd/gqa/adversarial/seed1:   3%|▎         | 89/3000 [00:42<18:34,  2.61it/s]
qwen2.5-vl/pope/ricd/gqa/adversarial/seed1:   3%|▎         | 90/3000 [00:42<18:32,  2.61it/s]
qwen2.5-vl/pope/ricd/gqa/adversarial/seed1:   3%|▎         | 91/3000 [00:43<21:14,  2.28it/s]
qwen2.5-vl/pope/ricd/gqa/adversarial/seed1:   3%|▎         | 92/3000 [00:43<23:06,  2.10it/s]
qwen2.5-vl/pope/ricd/gqa/adversarial/seed1:   3%|▎         | 93/3000 [00:44<24:23,  1.99it/s]
qwen2.5-vl/pope/ricd/gqa/adversarial/seed1:   3%|▎         | 94/3000 [00:44<25:19,  1.91it/s]
qwen2.5-vl/pope/ricd/gqa/adversarial/seed1:   3%|▎         | 95/3000 [00:45<25:55,  1.87it/s]
qwen2.5-vl/pope/ricd/gqa/adversarial/seed1:   3%|▎         | 96/3000 [00:46<26:20,  1.84it/s]
qwen2.5-vl/pope/ricd/gqa/adversarial/seed1:   3%|▎         | 97/3000 [00:47<33:46,  1.43it/s]
qwen2.5-vl/pope/ricd/gqa/adversarial/seed1:   3%|▎         | 98/3000 [00:48<38:51,  1.24it/s]
qwen2.5-vl/pope/ricd/gqa/adversarial/seed1:   3%|▎         | 99/3000 [00:49<42:23,  1.14it/s]
qwen2.5-vl/pope/ricd/gqa/adversarial/seed1:   3%|▎         | 100/3000 [00:50<44:55,  1.08it/s]
qwen2.5-vl/pope/ricd/gqa/adversarial/seed1:   3%|▎         | 101/3000 [00:51<46:38,  1.04it/s]
qwen2.5-vl/pope/ricd/gqa/adversarial/seed1:   3%|▎         | 102/3000 [00:52<47:59,  1.01it/s]
qwen2.5-vl/pope/ricd/gqa/adversarial/seed1:   3%|▎         | 103/3000 [00:52<41:46,  1.16it/s]
qwen2.5-vl/pope/ricd/gqa/adversarial/seed1:   3%|▎         | 104/3000 [00:53<37:28,  1.29it/s]
qwen2.5-vl/pope/ricd/gqa/adversarial/seed1:   4%|▎         | 105/3000 [00:54<34:28,  1.40it/s]
qwen2.5-vl/pope/ricd/gqa/adversarial/seed1:   4%|▎         | 106/3000 [00:54<32:19,  1.49it/s]
qwen2.5-vl/pope/ricd/gqa/adversarial/seed1:   4%|▎         | 107/3000 [00:55<30:51,  1.56it/s]
qwen2.5-vl/pope/ricd/gqa/adversarial/seed1:   4%|▎         | 108/3000 [00:55<29:51,  1.61it/s]
qwen2.5-vl/pope/ricd/gqa/adversarial/seed1:   4%|▎         | 109/3000 [00:56<26:30,  1.82it/s]
qwen2.5-vl/pope/ricd/gqa/adversarial/seed1:   4%|▎         | 110/3000 [00:56<24:16,  1.98it/s]
qwen2.5-vl/pope/ricd/gqa/adversarial/seed1:   4%|▎         | 111/3000 [00:56<22:38,  2.13it/s]
qwen2.5-vl/pope/ricd/gqa/adversarial/seed1:   4%|▎         | 112/3000 [00:57<21:24,  2.25it/s]
qwen2.5-vl/pope/ricd/gqa/adversarial/seed1:   4%|▍         | 113/3000 [00:57<20:34,  2.34it/s]
qwen2.5-vl/pope/ricd/gqa/adversarial/seed1:   4%|▍         | 114/3000 [00:58<20:02,  2.40it/s]
qwen2.5-vl/pope/ricd/gqa/adversarial/seed1:   4%|▍         | 115/3000 [00:58<19:29,  2.47it/s]
qwen2.5-vl/pope/ricd/gqa/adversarial/seed1:   4%|▍         | 116/3000 [00:58<19:06,  2.52it/s]
qwen2.5-vl/pope/ricd/gqa/adversarial/seed1:   4%|▍         | 117/3000 [00:59<18:48,  2.55it/s]
qwen2.5-vl/pope/ricd/gqa/adversarial/seed1:   4%|▍         | 118/3000 [00:59<18:36,  2.58it/s]
qwen2.5-vl/pope/ricd/gqa/adversarial/seed1:   4%|▍         | 119/3000 [01:00<18:27,  2.60it/s]
qwen2.5-vl/pope/ricd/gqa/adversarial/seed1:   4%|▍         | 120/3000 [01:00<18:22,  2.61it/s]
qwen2.5-vl/pope/ricd/gqa/adversarial/seed1:   4%|▍         | 121/3000 [01:00<21:15,  2.26it/s]
qwen2.5-vl/pope/ricd/gqa/adversarial/seed1:   4%|▍         | 122/3000 [01:01<23:13,  2.06it/s]
qwen2.5-vl/pope/ricd/gqa/adversarial/seed1:   4%|▍         | 123/3000 [01:02<24:50,  1.93it/s]
qwen2.5-vl/pope/ricd/gqa/adversarial/seed1:   4%|▍         | 124/3000 [01:02<26:09,  1.83it/s]
qwen2.5-vl/pope/ricd/gqa/adversarial/seed1:   4%|▍         | 125/3000 [01:03<27:06,  1.77it/s]
qwen2.5-vl/pope/ricd/gqa/adversarial/seed1:   4%|▍         | 126/3000 [01:03<27:43,  1.73it/s]
qwen2.5-vl/pope/ricd/gqa/adversarial/seed1:   4%|▍         | 127/3000 [01:04<25:04,  1.91it/s]
qwen2.5-vl/pope/ricd/gqa/adversarial/seed1:   4%|▍         | 128/3000 [01:04<23:09,  2.07it/s]
qwen2.5-vl/pope/ricd/gqa/adversarial/seed1:   4%|▍         | 129/3000 [01:05<21:48,  2.19it/s]
qwen2.5-vl/pope/ricd/gqa/adversarial/seed1:   4%|▍         | 130/3000 [01:05<20:46,  2.30it/s]
qwen2.5-vl/pope/ricd/gqa/adversarial/seed1:   4%|▍         | 131/3000 [01:05<20:02,  2.39it/s]
qwen2.5-vl/pope/ricd/gqa/adversarial/seed1:   4%|▍         | 132/3000 [01:06<19:33,  2.44it/s]
qwen2.5-vl/pope/ricd/gqa/adversarial/seed1:   4%|▍         | 133/3000 [01:06<19:13,  2.49it/s]
qwen2.5-vl/pope/ricd/gqa/adversarial/seed1:   4%|▍         | 134/3000 [01:07<19:02,  2.51it/s]
qwen2.5-vl/pope/ricd/gqa/adversarial/seed1:   4%|▍         | 135/3000 [01:07<18:50,  2.53it/s]
qwen2.5-vl/pope/ricd/gqa/adversarial/seed1:   5%|▍         | 136/3000 [01:07<18:40,  2.55it/s]
qwen2.5-vl/pope/ricd/gqa/adversarial/seed1:   5%|▍         | 137/3000 [01:08<18:38,  2.56it/s]
qwen2.5-vl/pope/ricd/gqa/adversarial/seed1:   5%|▍         | 138/3000 [01:08<18:37,  2.56it/s]
qwen2.5-vl/pope/ricd/gqa/adversarial/seed1:   5%|▍         | 139/3000 [01:09<18:34,  2.57it/s]
qwen2.5-vl/pope/ricd/gqa/adversarial/seed1:   5%|▍         | 140/3000 [01:09<18:34,  2.57it/s]
qwen2.5-vl/pope/ricd/gqa/adversarial/seed1:   5%|▍         | 141/3000 [01:09<18:36,  2.56it/s]
qwen2.5-vl/pope/ricd/gqa/adversarial/seed1:   5%|▍         | 142/3000 [01:10<18:35,  2.56it/s]
qwen2.5-vl/pope/ricd/gqa/adversarial/seed1:   5%|▍         | 143/3000 [01:10<18:32,  2.57it/s]
qwen2.5-vl/pope/ricd/gqa/adversarial/seed1:   5%|▍         | 144/3000 [01:10<18:31,  2.57it/s]
qwen2.5-vl/pope/ricd/gqa/adversarial/seed1:   5%|▍         | 145/3000 [01:11<23:21,  2.04it/s]
qwen2.5-vl/pope/ricd/gqa/adversarial/seed1:   5%|▍         | 146/3000 [01:12<26:41,  1.78it/s]
qwen2.5-vl/pope/ricd/gqa/adversarial/seed1:   5%|▍         | 147/3000 [01:13<29:15,  1.63it/s]
qwen2.5-vl/pope/ricd/gqa/adversarial/seed1:   5%|▍         | 148/3000 [01:13<31:08,  1.53it/s]
qwen2.5-vl/pope/ricd/gqa/adversarial/seed1:   5%|▍         | 149/3000 [01:14<32:38,  1.46it/s]
qwen2.5-vl/pope/ricd/gqa/adversarial/seed1:   5%|▌         | 150/3000 [01:15<33:52,  1.40it/s]
qwen2.5-vl/pope/ricd/gqa/adversarial/seed1:   5%|▌         | 151/3000 [01:15<29:39,  1.60it/s]
qwen2.5-vl/pope/ricd/gqa/adversarial/seed1:   5%|▌         | 152/3000 [01:16<26:36,  1.78it/s]
qwen2.5-vl/pope/ricd/gqa/adversarial/seed1:   5%|▌         | 153/3000 [01:16<24:22,  1.95it/s]
qwen2.5-vl/pope/ricd/gqa/adversarial/seed1:   5%|▌         | 154/3000 [01:17<22:41,  2.09it/s]
qwen2.5-vl/pope/ricd/gqa/adversarial/seed1:   5%|▌         | 155/3000 [01:17<21:28,  2.21it/s]
qwen2.5-vl/pope/ricd/gqa/adversarial/seed1:   5%|▌         | 156/3000 [01:17<20:34,  2.30it/s]
qwen2.5-vl/pope/ricd/gqa/adversarial/seed1:   5%|▌         | 157/3000 [01:18<20:02,  2.36it/s]
qwen2.5-vl/pope/ricd/gqa/adversarial/seed1:   5%|▌         | 158/3000 [01:18<19:34,  2.42it/s]
qwen2.5-vl/pope/ricd/gqa/adversarial/seed1:   5%|▌         | 159/3000 [01:19<19:13,  2.46it/s]
qwen2.5-vl/pope/ricd/gqa/adversarial/seed1:   5%|▌         | 160/3000 [01:19<18:57,  2.50it/s]
qwen2.5-vl/pope/ricd/gqa/adversarial/seed1:   5%|▌         | 161/3000 [01:19<18:45,  2.52it/s]
qwen2.5-vl/pope/ricd/gqa/adversarial/seed1:   5%|▌         | 162/3000 [01:20<18:37,  2.54it/s]
qwen2.5-vl/pope/ricd/gqa/adversarial/seed1:   5%|▌         | 163/3000 [01:20<18:30,  2.55it/s]
qwen2.5-vl/pope/ricd/gqa/adversarial/seed1:   5%|▌         | 164/3000 [01:20<18:24,  2.57it/s]
qwen2.5-vl/pope/ricd/gqa/adversarial/seed1:   6%|▌         | 165/3000 [01:21<18:20,  2.58it/s]
qwen2.5-vl/pope/ricd/gqa/adversarial/seed1:   6%|▌         | 166/3000 [01:21<18:17,  2.58it/s]
qwen2.5-vl/pope/ricd/gqa/adversarial/seed1:   6%|▌         | 167/3000 [01:22<18:19,  2.58it/s]
qwen2.5-vl/pope/ricd/gqa/adversarial/seed1:   6%|▌         | 168/3000 [01:22<18:21,  2.57it/s]
qwen2.5-vl/pope/ricd/gqa/adversarial/seed1:   6%|▌         | 169/3000 [01:23<21:03,  2.24it/s]
qwen2.5-vl/pope/ricd/gqa/adversarial/seed1:   6%|▌         | 170/3000 [01:23<22:50,  2.06it/s]
qwen2.5-vl/pope/ricd/gqa/adversarial/seed1:   6%|▌         | 171/3000 [01:24<24:07,  1.95it/s]
qwen2.5-vl/pope/ricd/gqa/adversarial/seed1:   6%|▌         | 172/3000 [01:24<25:01,  1.88it/s]
qwen2.5-vl/pope/ricd/gqa/adversarial/seed1:   6%|▌         | 173/3000 [01:25<25:40,  1.83it/s]
qwen2.5-vl/pope/ricd/gqa/adversarial/seed1:   6%|▌         | 174/3000 [01:25<26:05,  1.81it/s]
qwen2.5-vl/pope/ricd/gqa/adversarial/seed1:   6%|▌         | 175/3000 [01:26<23:44,  1.98it/s]
qwen2.5-vl/pope/ricd/gqa/adversarial/seed1:   6%|▌         | 176/3000 [01:26<22:08,  2.13it/s]
qwen2.5-vl/pope/ricd/gqa/adversarial/seed1:   6%|▌         | 177/3000 [01:27<21:00,  2.24it/s]
qwen2.5-vl/pope/ricd/gqa/adversarial/seed1:   6%|▌         | 178/3000 [01:27<20:09,  2.33it/s]
qwen2.5-vl/pope/ricd/gqa/adversarial/seed1:   6%|▌         | 179/3000 [01:27<19:38,  2.39it/s]
qwen2.5-vl/pope/ricd/gqa/adversarial/seed1:   6%|▌         | 180/3000 [01:28<19:13,  2.45it/s]
qwen2.5-vl/pope/ricd/gqa/adversarial/seed1:   6%|▌         | 181/3000 [01:28<18:56,  2.48it/s]
qwen2.5-vl/pope/ricd/gqa/adversarial/seed1:   6%|▌         | 182/3000 [01:29<18:45,  2.50it/s]
qwen2.5-vl/pope/ricd/gqa/adversarial/seed1:   6%|▌         | 183/3000 [01:29<18:37,  2.52it/s]
qwen2.5-vl/pope/ricd/gqa/adversarial/seed1:   6%|▌         | 184/3000 [01:29<18:33,  2.53it/s]
qwen2.5-vl/pope/ricd/gqa/adversarial/seed1:   6%|▌         | 185/3000 [01:30<18:27,  2.54it/s]
qwen2.5-vl/pope/ricd/gqa/adversarial/seed1:   6%|▌         | 186/3000 [01:30<18:23,  2.55it/s]
qwen2.5-vl/pope/ricd/gqa/adversarial/seed1:   6%|▌         | 187/3000 [01:31<20:55,  2.24it/s]
qwen2.5-vl/pope/ricd/gqa/adversarial/seed1:   6%|▋         | 188/3000 [01:31<22:37,  2.07it/s]
qwen2.5-vl/pope/ricd/gqa/adversarial/seed1:   6%|▋         | 189/3000 [01:32<23:45,  1.97it/s]
qwen2.5-vl/pope/ricd/gqa/adversarial/seed1:   6%|▋         | 190/3000 [01:32<24:31,  1.91it/s]
qwen2.5-vl/pope/ricd/gqa/adversarial/seed1:   6%|▋         | 191/3000 [01:33<25:04,  1.87it/s]
qwen2.5-vl/pope/ricd/gqa/adversarial/seed1:   6%|▋         | 192/3000 [01:34<25:27,  1.84it/s]
qwen2.5-vl/pope/ricd/gqa/adversarial/seed1:   6%|▋         | 193/3000 [01:34<27:41,  1.69it/s]
qwen2.5-vl/pope/ricd/gqa/adversarial/seed1:   6%|▋         | 194/3000 [01:35<29:14,  1.60it/s]
qwen2.5-vl/pope/ricd/gqa/adversarial/seed1:   6%|▋         | 195/3000 [01:36<30:19,  1.54it/s]
qwen2.5-vl/pope/ricd/gqa/adversarial/seed1:   7%|▋         | 196/3000 [01:36<31:04,  1.50it/s]
qwen2.5-vl/pope/ricd/gqa/adversarial/seed1:   7%|▋         | 197/3000 [01:37<31:37,  1.48it/s]
qwen2.5-vl/pope/ricd/gqa/adversarial/seed1:   7%|▋         | 198/3000 [01:38<32:01,  1.46it/s]
qwen2.5-vl/pope/ricd/gqa/adversarial/seed1:   7%|▋         | 199/3000 [01:38<30:19,  1.54it/s]
qwen2.5-vl/pope/ricd/gqa/adversarial/seed1:   7%|▋         | 200/3000 [01:39<29:08,  1.60it/s]
qwen2.5-vl/pope/ricd/gqa/adversarial/seed1:   7%|▋         | 201/3000 [01:39<28:19,  1.65it/s]
qwen2.5-vl/pope/ricd/gqa/adversarial/seed1:   7%|▋         | 202/3000 [01:40<27:45,  1.68it/s]
qwen2.5-vl/pope/ricd/gqa/adversarial/seed1:   7%|▋         | 203/3000 [01:41<27:20,  1.71it/s]
qwen2.5-vl/pope/ricd/gqa/adversarial/seed1:   7%|▋         | 204/3000 [01:41<27:04,  1.72it/s]
qwen2.5-vl/pope/ricd/gqa/adversarial/seed1:   7%|▋         | 205/3000 [01:42<26:51,  1.73it/s]
qwen2.5-vl/pope/ricd/gqa/adversarial/seed1:   7%|▋         | 206/3000 [01:42<26:41,  1.74it/s]
qwen2.5-vl/pope/ricd/gqa/adversarial/seed1:   7%|▋         | 207/3000 [01:43<26:35,  1.75it/s]
qwen2.5-vl/pope/ricd/gqa/adversarial/seed1:   7%|▋         | 208/3000 [01:43<26:31,  1.75it/s]
qwen2.5-vl/pope/ricd/gqa/adversarial/seed1:   7%|▋         | 209/3000 [01:44<26:29,  1.76it/s]
qwen2.5-vl/pope/ricd/gqa/adversarial/seed1:   7%|▋         | 210/3000 [01:45<26:28,  1.76it/s]
qwen2.5-vl/pope/ricd/gqa/adversarial/seed1:   7%|▋         | 211/3000 [01:45<26:20,  1.76it/s]
qwen2.5-vl/pope/ricd/gqa/adversarial/seed1:   7%|▋         | 212/3000 [01:46<26:08,  1.78it/s]
qwen2.5-vl/pope/ricd/gqa/adversarial/seed1:   7%|▋         | 213/3000 [01:46<26:01,  1.79it/s]
qwen2.5-vl/pope/ricd/gqa/adversarial/seed1:   7%|▋         | 214/3000 [01:47<25:53,  1.79it/s]
qwen2.5-vl/pope/ricd/gqa/adversarial/seed1:   7%|▋         | 215/3000 [01:47<25:49,  1.80it/s]
qwen2.5-vl/pope/ricd/gqa/adversarial/seed1:   7%|▋         | 216/3000 [01:48<25:49,  1.80it/s]
qwen2.5-vl/pope/ricd/gqa/adversarial/seed1:   7%|▋         | 217/3000 [01:48<25:48,  1.80it/s]
qwen2.5-vl/pope/ricd/gqa/adversarial/seed1:   7%|▋         | 218/3000 [01:49<25:47,  1.80it/s]
qwen2.5-vl/pope/ricd/gqa/adversarial/seed1:   7%|▋         | 219/3000 [01:50<25:47,  1.80it/s]
qwen2.5-vl/pope/ricd/gqa/adversarial/seed1:   7%|▋         | 220/3000 [01:50<25:46,  1.80it/s]
qwen2.5-vl/pope/ricd/gqa/adversarial/seed1:   7%|▋         | 221/3000 [01:51<25:47,  1.80it/s]
qwen2.5-vl/pope/ricd/gqa/adversarial/seed1:   7%|▋         | 222/3000 [01:51<25:47,  1.79it/s]
qwen2.5-vl/pope/ricd/gqa/adversarial/seed1:   7%|▋         | 223/3000 [01:52<34:57,  1.32it/s]
qwen2.5-vl/pope/ricd/gqa/adversarial/seed1:   7%|▋         | 224/3000 [01:54<41:09,  1.12it/s]
qwen2.5-vl/pope/ricd/gqa/adversarial/seed1:   8%|▊         | 225/3000 [01:55<45:30,  1.02it/s]
qwen2.5-vl/pope/ricd/gqa/adversarial/seed1:   8%|▊         | 226/3000 [01:56<48:33,  1.05s/it]
qwen2.5-vl/pope/ricd/gqa/adversarial/seed1:   8%|▊         | 227/3000 [01:57<50:49,  1.10s/it]
qwen2.5-vl/pope/ricd/gqa/adversarial/seed1:   8%|▊         | 228/3000 [01:59<52:32,  1.14s/it]
qwen2.5-vl/pope/ricd/gqa/adversarial/seed1:   8%|▊         | 229/3000 [01:59<42:00,  1.10it/s]
qwen2.5-vl/pope/ricd/gqa/adversarial/seed1:   8%|▊         | 230/3000 [01:59<34:35,  1.33it/s]
qwen2.5-vl/pope/ricd/gqa/adversarial/seed1:   8%|▊         | 231/3000 [02:00<29:22,  1.57it/s]
qwen2.5-vl/pope/ricd/gqa/adversarial/seed1:   8%|▊         | 232/3000 [02:00<25:40,  1.80it/s]
qwen2.5-vl/pope/ricd/gqa/adversarial/seed1:   8%|▊         | 233/3000 [02:00<23:04,  2.00it/s]
qwen2.5-vl/pope/ricd/gqa/adversarial/seed1:   8%|▊         | 234/3000 [02:01<21:15,  2.17it/s]
qwen2.5-vl/pope/ricd/gqa/adversarial/seed1:   8%|▊         | 235/3000 [02:01<22:37,  2.04it/s]
qwen2.5-vl/pope/ricd/gqa/adversarial/seed1:   8%|▊         | 236/3000 [02:02<23:34,  1.95it/s]
qwen2.5-vl/pope/ricd/gqa/adversarial/seed1:   8%|▊         | 237/3000 [02:02<24:14,  1.90it/s]
qwen2.5-vl/pope/ricd/gqa/adversarial/seed1:   8%|▊         | 238/3000 [02:03<24:41,  1.86it/s]
qwen2.5-vl/pope/ricd/gqa/adversarial/seed1:   8%|▊         | 239/3000 [02:04<25:00,  1.84it/s]
qwen2.5-vl/pope/ricd/gqa/adversarial/seed1:   8%|▊         | 240/3000 [02:04<25:13,  1.82it/s]
qwen2.5-vl/pope/ricd/gqa/adversarial/seed1:   8%|▊         | 241/3000 [02:05<25:52,  1.78it/s]
qwen2.5-vl/pope/ricd/gqa/adversarial/seed1:   8%|▊         | 242/3000 [02:05<26:18,  1.75it/s]
qwen2.5-vl/pope/ricd/gqa/adversarial/seed1:   8%|▊         | 243/3000 [02:06<26:50,  1.71it/s]
qwen2.5-vl/pope/ricd/gqa/adversarial/seed1:   8%|▊         | 244/3000 [02:07<27:17,  1.68it/s]
qwen2.5-vl/pope/ricd/gqa/adversarial/seed1:   8%|▊         | 245/3000 [02:07<27:22,  1.68it/s]
qwen2.5-vl/pope/ricd/gqa/adversarial/seed1:   8%|▊         | 246/3000 [02:08<27:24,  1.68it/s]
qwen2.5-vl/pope/ricd/gqa/adversarial/seed1:   8%|▊         | 247/3000 [02:08<24:01,  1.91it/s]
qwen2.5-vl/pope/ricd/gqa/adversarial/seed1:   8%|▊         | 248/3000 [02:08<21:39,  2.12it/s]
qwen2.5-vl/pope/ricd/gqa/adversarial/seed1:   8%|▊         | 249/3000 [02:09<20:02,  2.29it/s]
qwen2.5-vl/pope/ricd/gqa/adversarial/seed1:   8%|▊         | 250/3000 [02:09<18:56,  2.42it/s]
qwen2.5-vl/pope/ricd/gqa/adversarial/seed1:   8%|▊         | 251/3000 [02:10<18:05,  2.53it/s]
qwen2.5-vl/pope/ricd/gqa/adversarial/seed1:   8%|▊         | 252/3000 [02:10<17:32,  2.61it/s]
qwen2.5-vl/pope/ricd/gqa/adversarial/seed1:   8%|▊         | 253/3000 [02:10<20:07,  2.28it/s]
qwen2.5-vl/pope/ricd/gqa/adversarial/seed1:   8%|▊         | 254/3000 [02:11<21:55,  2.09it/s]
qwen2.5-vl/pope/ricd/gqa/adversarial/seed1:   8%|▊         | 255/3000 [02:12<23:04,  1.98it/s]
qwen2.5-vl/pope/ricd/gqa/adversarial/seed1:   9%|▊         | 256/3000 [02:12<23:53,  1.91it/s]
qwen2.5-vl/pope/ricd/gqa/adversarial/seed1:   9%|▊         | 257/3000 [02:13<24:25,  1.87it/s]
qwen2.5-vl/pope/ricd/gqa/adversarial/seed1:   9%|▊         | 258/3000 [02:13<24:51,  1.84it/s]
qwen2.5-vl/pope/ricd/gqa/adversarial/seed1:   9%|▊         | 259/3000 [02:14<25:08,  1.82it/s]
qwen2.5-vl/pope/ricd/gqa/adversarial/seed1:   9%|▊         | 260/3000 [02:14<25:18,  1.80it/s]
qwen2.5-vl/pope/ricd/gqa/adversarial/seed1:   9%|▊         | 261/3000 [02:15<25:24,  1.80it/s]
qwen2.5-vl/pope/ricd/gqa/adversarial/seed1:   9%|▊         | 262/3000 [02:16<25:28,  1.79it/s]
qwen2.5-vl/pope/ricd/gqa/adversarial/seed1:   9%|▉         | 263/3000 [02:16<25:32,  1.79it/s]
qwen2.5-vl/pope/ricd/gqa/adversarial/seed1:   9%|▉         | 264/3000 [02:17<25:38,  1.78it/s]
qwen2.5-vl/pope/ricd/gqa/adversarial/seed1:   9%|▉         | 265/3000 [02:17<23:10,  1.97it/s]
qwen2.5-vl/pope/ricd/gqa/adversarial/seed1:   9%|▉         | 266/3000 [02:17<21:19,  2.14it/s]
qwen2.5-vl/pope/ricd/gqa/adversarial/seed1:   9%|▉         | 267/3000 [02:18<20:01,  2.27it/s]
qwen2.5-vl/pope/ricd/gqa/adversarial/seed1:   9%|▉         | 268/3000 [02:18<19:07,  2.38it/s]
qwen2.5-vl/pope/ricd/gqa/adversarial/seed1:   9%|▉         | 269/3000 [02:19<18:33,  2.45it/s]
qwen2.5-vl/pope/ricd/gqa/adversarial/seed1:   9%|▉         | 270/3000 [02:19<18:06,  2.51it/s]
qwen2.5-vl/pope/ricd/gqa/adversarial/seed1:   9%|▉         | 271/3000 [02:20<22:28,  2.02it/s]
qwen2.5-vl/pope/ricd/gqa/adversarial/seed1:   9%|▉         | 272/3000 [02:20<25:34,  1.78it/s]
qwen2.5-vl/pope/ricd/gqa/adversarial/seed1:   9%|▉         | 273/3000 [02:21<27:44,  1.64it/s]
qwen2.5-vl/pope/ricd/gqa/adversarial/seed1:   9%|▉         | 274/3000 [02:22<29:13,  1.55it/s]
qwen2.5-vl/pope/ricd/gqa/adversarial/seed1:   9%|▉         | 275/3000 [02:23<30:13,  1.50it/s]
qwen2.5-vl/pope/ricd/gqa/adversarial/seed1:   9%|▉         | 276/3000 [02:23<31:00,  1.46it/s]
qwen2.5-vl/pope/ricd/gqa/adversarial/seed1:   9%|▉         | 277/3000 [02:24<26:51,  1.69it/s]
qwen2.5-vl/pope/ricd/gqa/adversarial/seed1:   9%|▉         | 278/3000 [02:24<23:59,  1.89it/s]
qwen2.5-vl/pope/ricd/gqa/adversarial/seed1:   9%|▉         | 279/3000 [02:24<22:01,  2.06it/s]
qwen2.5-vl/pope/ricd/gqa/adversarial/seed1:   9%|▉         | 280/3000 [02:25<20:38,  2.20it/s]
qwen2.5-vl/pope/ricd/gqa/adversarial/seed1:   9%|▉         | 281/3000 [02:25<19:40,  2.30it/s]
qwen2.5-vl/pope/ricd/gqa/adversarial/seed1:   9%|▉         | 282/3000 [02:26<18:58,  2.39it/s]
qwen2.5-vl/pope/ricd/gqa/adversarial/seed1:   9%|▉         | 283/3000 [02:26<18:32,  2.44it/s]
qwen2.5-vl/pope/ricd/gqa/adversarial/seed1:   9%|▉         | 284/3000 [02:26<18:14,  2.48it/s]
qwen2.5-vl/pope/ricd/gqa/adversarial/seed1:  10%|▉         | 285/3000 [02:27<18:12,  2.49it/s]
qwen2.5-vl/pope/ricd/gqa/adversarial/seed1:  10%|▉         | 286/3000 [02:27<17:54,  2.53it/s]
qwen2.5-vl/pope/ricd/gqa/adversarial/seed1:  10%|▉         | 287/3000 [02:27<17:45,  2.55it/s]
qwen2.5-vl/pope/ricd/gqa/adversarial/seed1:  10%|▉         | 288/3000 [02:28<17:34,  2.57it/s]
qwen2.5-vl/pope/ricd/gqa/adversarial/seed1:  10%|▉         | 289/3000 [02:28<17:27,  2.59it/s]
qwen2.5-vl/pope/ricd/gqa/adversarial/seed1:  10%|▉         | 290/3000 [02:29<17:23,  2.60it/s]
qwen2.5-vl/pope/ricd/gqa/adversarial/seed1:  10%|▉         | 291/3000 [02:29<17:20,  2.60it/s]
qwen2.5-vl/pope/ricd/gqa/adversarial/seed1:  10%|▉         | 292/3000 [02:29<17:21,  2.60it/s]
qwen2.5-vl/pope/ricd/gqa/adversarial/seed1:  10%|▉         | 293/3000 [02:30<17:20,  2.60it/s]
qwen2.5-vl/pope/ricd/gqa/adversarial/seed1:  10%|▉         | 294/3000 [02:30<17:17,  2.61it/s]
qwen2.5-vl/pope/ricd/gqa/adversarial/seed1:  10%|▉         | 295/3000 [02:31<17:15,  2.61it/s]
qwen2.5-vl/pope/ricd/gqa/adversarial/seed1:  10%|▉         | 296/3000 [02:31<17:15,  2.61it/s]
qwen2.5-vl/pope/ricd/gqa/adversarial/seed1:  10%|▉         | 297/3000 [02:31<17:36,  2.56it/s]
qwen2.5-vl/pope/ricd/gqa/adversarial/seed1:  10%|▉         | 298/3000 [02:32<17:51,  2.52it/s]
qwen2.5-vl/pope/ricd/gqa/adversarial/seed1:  10%|▉         | 299/3000 [02:32<17:53,  2.52it/s]
qwen2.5-vl/pope/ricd/gqa/adversarial/seed1:  10%|█         | 300/3000 [02:33<17:55,  2.51it/s]
qwen2.5-vl/pope/ricd/gqa/adversarial/seed1:  10%|█         | 301/3000 [02:33<20:11,  2.23it/s]
qwen2.5-vl/pope/ricd/gqa/adversarial/seed1:  10%|█         | 302/3000 [02:34<21:46,  2.06it/s]
qwen2.5-vl/pope/ricd/gqa/adversarial/seed1:  10%|█         | 303/3000 [02:34<22:53,  1.96it/s]
qwen2.5-vl/pope/ricd/gqa/adversarial/seed1:  10%|█         | 304/3000 [02:35<23:42,  1.90it/s]
qwen2.5-vl/pope/ricd/gqa/adversarial/seed1:  10%|█         | 305/3000 [02:35<24:13,  1.85it/s]
qwen2.5-vl/pope/ricd/gqa/adversarial/seed1:  10%|█         | 306/3000 [02:36<24:36,  1.82it/s]
qwen2.5-vl/pope/ricd/gqa/adversarial/seed1:  10%|█         | 307/3000 [02:36<24:46,  1.81it/s]
qwen2.5-vl/pope/ricd/gqa/adversarial/seed1:  10%|█         | 308/3000 [02:37<24:55,  1.80it/s]
qwen2.5-vl/pope/ricd/gqa/adversarial/seed1:  10%|█         | 309/3000 [02:38<25:06,  1.79it/s]
qwen2.5-vl/pope/ricd/gqa/adversarial/seed1:  10%|█         | 310/3000 [02:38<25:21,  1.77it/s]
qwen2.5-vl/pope/ricd/gqa/adversarial/seed1:  10%|█         | 311/3000 [02:39<25:23,  1.76it/s]
qwen2.5-vl/pope/ricd/gqa/adversarial/seed1:  10%|█         | 312/3000 [02:39<25:28,  1.76it/s]
qwen2.5-vl/pope/ricd/gqa/adversarial/seed1:  10%|█         | 313/3000 [02:40<23:05,  1.94it/s]
qwen2.5-vl/pope/ricd/gqa/adversarial/seed1:  10%|█         | 314/3000 [02:40<21:27,  2.09it/s]
qwen2.5-vl/pope/ricd/gqa/adversarial/seed1:  10%|█         | 315/3000 [02:41<20:33,  2.18it/s]
qwen2.5-vl/pope/ricd/gqa/adversarial/seed1:  11%|█         | 316/3000 [02:41<19:35,  2.28it/s]
qwen2.5-vl/pope/ricd/gqa/adversarial/seed1:  11%|█         | 317/3000 [02:41<18:53,  2.37it/s]
qwen2.5-vl/pope/ricd/gqa/adversarial/seed1:  11%|█         | 318/3000 [02:42<18:23,  2.43it/s]
qwen2.5-vl/pope/ricd/gqa/adversarial/seed1:  11%|█         | 319/3000 [02:42<20:32,  2.18it/s]
qwen2.5-vl/pope/ricd/gqa/adversarial/seed1:  11%|█         | 320/3000 [02:43<22:00,  2.03it/s]
qwen2.5-vl/pope/ricd/gqa/adversarial/seed1:  11%|█         | 321/3000 [02:43<23:03,  1.94it/s]
qwen2.5-vl/pope/ricd/gqa/adversarial/seed1:  11%|█         | 322/3000 [02:44<23:45,  1.88it/s]
qwen2.5-vl/pope/ricd/gqa/adversarial/seed1:  11%|█         | 323/3000 [02:45<24:14,  1.84it/s]
qwen2.5-vl/pope/ricd/gqa/adversarial/seed1:  11%|█         | 324/3000 [02:45<24:32,  1.82it/s]
qwen2.5-vl/pope/ricd/gqa/adversarial/seed1:  11%|█         | 325/3000 [02:46<22:23,  1.99it/s]
qwen2.5-vl/pope/ricd/gqa/adversarial/seed1:  11%|█         | 326/3000 [02:46<20:51,  2.14it/s]
qwen2.5-vl/pope/ricd/gqa/adversarial/seed1:  11%|█         | 327/3000 [02:46<19:48,  2.25it/s]
qwen2.5-vl/pope/ricd/gqa/adversarial/seed1:  11%|█         | 328/3000 [02:47<19:04,  2.33it/s]
qwen2.5-vl/pope/ricd/gqa/adversarial/seed1:  11%|█         | 329/3000 [02:47<18:32,  2.40it/s]
qwen2.5-vl/pope/ricd/gqa/adversarial/seed1:  11%|█         | 330/3000 [02:47<18:08,  2.45it/s]
qwen2.5-vl/pope/ricd/gqa/adversarial/seed1:  11%|█         | 331/3000 [02:48<20:19,  2.19it/s]
qwen2.5-vl/pope/ricd/gqa/adversarial/seed1:  11%|█         | 332/3000 [02:49<21:51,  2.03it/s]
qwen2.5-vl/pope/ricd/gqa/adversarial/seed1:  11%|█         | 333/3000 [02:49<22:50,  1.95it/s]
qwen2.5-vl/pope/ricd/gqa/adversarial/seed1:  11%|█         | 334/3000 [02:50<23:35,  1.88it/s]
qwen2.5-vl/pope/ricd/gqa/adversarial/seed1:  11%|█         | 335/3000 [02:50<24:07,  1.84it/s]
qwen2.5-vl/pope/ricd/gqa/adversarial/seed1:  11%|█         | 336/3000 [02:51<24:32,  1.81it/s]
qwen2.5-vl/pope/ricd/gqa/adversarial/seed1:  11%|█         | 337/3000 [02:51<24:54,  1.78it/s]
qwen2.5-vl/pope/ricd/gqa/adversarial/seed1:  11%|█▏        | 338/3000 [02:52<25:03,  1.77it/s]
qwen2.5-vl/pope/ricd/gqa/adversarial/seed1:  11%|█▏        | 339/3000 [02:53<25:10,  1.76it/s]
qwen2.5-vl/pope/ricd/gqa/adversarial/seed1:  11%|█▏        | 340/3000 [02:53<25:18,  1.75it/s]
qwen2.5-vl/pope/ricd/gqa/adversarial/seed1:  11%|█▏        | 341/3000 [02:54<25:30,  1.74it/s]
qwen2.5-vl/pope/ricd/gqa/adversarial/seed1:  11%|█▏        | 342/3000 [02:54<25:33,  1.73it/s]
qwen2.5-vl/pope/ricd/gqa/adversarial/seed1:  11%|█▏        | 343/3000 [02:55<23:11,  1.91it/s]
qwen2.5-vl/pope/ricd/gqa/adversarial/seed1:  11%|█▏        | 344/3000 [02:55<21:31,  2.06it/s]
qwen2.5-vl/pope/ricd/gqa/adversarial/seed1:  12%|█▏        | 345/3000 [02:56<20:23,  2.17it/s]
qwen2.5-vl/pope/ricd/gqa/adversarial/seed1:  12%|█▏        | 346/3000 [02:56<19:21,  2.29it/s]
qwen2.5-vl/pope/ricd/gqa/adversarial/seed1:  12%|█▏        | 347/3000 [02:56<18:35,  2.38it/s]
qwen2.5-vl/pope/ricd/gqa/adversarial/seed1:  12%|█▏        | 348/3000 [02:57<18:03,  2.45it/s]
qwen2.5-vl/pope/ricd/gqa/adversarial/seed1:  12%|█▏        | 349/3000 [02:57<20:14,  2.18it/s]
qwen2.5-vl/pope/ricd/gqa/adversarial/seed1:  12%|█▏        | 350/3000 [02:58<21:45,  2.03it/s]
qwen2.5-vl/pope/ricd/gqa/adversarial/seed1:  12%|█▏        | 351/3000 [02:58<22:49,  1.93it/s]
qwen2.5-vl/pope/ricd/gqa/adversarial/seed1:  12%|█▏        | 352/3000 [02:59<23:32,  1.88it/s]
qwen2.5-vl/pope/ricd/gqa/adversarial/seed1:  12%|█▏        | 353/3000 [03:00<23:59,  1.84it/s]
qwen2.5-vl/pope/ricd/gqa/adversarial/seed1:  12%|█▏        | 354/3000 [03:00<24:20,  1.81it/s]
qwen2.5-vl/pope/ricd/gqa/adversarial/seed1:  12%|█▏        | 355/3000 [03:01<24:34,  1.79it/s]
qwen2.5-vl/pope/ricd/gqa/adversarial/seed1:  12%|█▏        | 356/3000 [03:01<24:41,  1.78it/s]
qwen2.5-vl/pope/ricd/gqa/adversarial/seed1:  12%|█▏        | 357/3000 [03:02<24:49,  1.77it/s]
qwen2.5-vl/pope/ricd/gqa/adversarial/seed1:  12%|█▏        | 358/3000 [03:02<24:55,  1.77it/s]
qwen2.5-vl/pope/ricd/gqa/adversarial/seed1:  12%|█▏        | 359/3000 [03:03<24:57,  1.76it/s]
qwen2.5-vl/pope/ricd/gqa/adversarial/seed1:  12%|█▏        | 360/3000 [03:04<24:56,  1.76it/s]
qwen2.5-vl/pope/ricd/gqa/adversarial/seed1:  12%|█▏        | 361/3000 [03:04<27:11,  1.62it/s]
qwen2.5-vl/pope/ricd/gqa/adversarial/seed1:  12%|█▏        | 362/3000 [03:05<28:40,  1.53it/s]
qwen2.5-vl/pope/ricd/gqa/adversarial/seed1:  12%|█▏        | 363/3000 [03:06<29:41,  1.48it/s]
qwen2.5-vl/pope/ricd/gqa/adversarial/seed1:  12%|█▏        | 364/3000 [03:06<30:28,  1.44it/s]
qwen2.5-vl/pope/ricd/gqa/adversarial/seed1:  12%|█▏        | 365/3000 [03:07<30:55,  1.42it/s]
qwen2.5-vl/pope/ricd/gqa/adversarial/seed1:  12%|█▏        | 366/3000 [03:08<31:15,  1.40it/s]
qwen2.5-vl/pope/ricd/gqa/adversarial/seed1:  12%|█▏        | 367/3000 [03:09<29:20,  1.50it/s]
qwen2.5-vl/pope/ricd/gqa/adversarial/seed1:  12%|█▏        | 368/3000 [03:09<27:58,  1.57it/s]
qwen2.5-vl/pope/ricd/gqa/adversarial/seed1:  12%|█▏        | 369/3000 [03:10<26:59,  1.63it/s]
qwen2.5-vl/pope/ricd/gqa/adversarial/seed1:  12%|█▏        | 370/3000 [03:10<26:18,  1.67it/s]
qwen2.5-vl/pope/ricd/gqa/adversarial/seed1:  12%|█▏        | 371/3000 [03:11<25:51,  1.69it/s]
qwen2.5-vl/pope/ricd/gqa/adversarial/seed1:  12%|█▏        | 372/3000 [03:11<25:29,  1.72it/s]
qwen2.5-vl/pope/ricd/gqa/adversarial/seed1:  12%|█▏        | 373/3000 [03:12<25:13,  1.74it/s]
qwen2.5-vl/pope/ricd/gqa/adversarial/seed1:  12%|█▏        | 374/3000 [03:12<25:01,  1.75it/s]
qwen2.5-vl/pope/ricd/gqa/adversarial/seed1:  12%|█▎        | 375/3000 [03:13<24:54,  1.76it/s]
qwen2.5-vl/pope/ricd/gqa/adversarial/seed1:  13%|█▎        | 376/3000 [03:14<24:48,  1.76it/s]
qwen2.5-vl/pope/ricd/gqa/adversarial/seed1:  13%|█▎        | 377/3000 [03:14<24:43,  1.77it/s]
qwen2.5-vl/pope/ricd/gqa/adversarial/seed1:  13%|█▎        | 378/3000 [03:15<24:40,  1.77it/s]
qwen2.5-vl/pope/ricd/gqa/adversarial/seed1:  13%|█▎        | 379/3000 [03:17<43:09,  1.01it/s]
qwen2.5-vl/pope/ricd/gqa/adversarial/seed1:  13%|█▎        | 380/3000 [03:19<55:57,  1.28s/it]
qwen2.5-vl/pope/ricd/gqa/adversarial/seed1:  13%|█▎        | 381/3000 [03:21<1:05:39,  1.50s/it]
qwen2.5-vl/pope/ricd/gqa/adversarial/seed1:  13%|█▎        | 382/3000 [03:23<1:12:36,  1.66s/it]
qwen2.5-vl/pope/ricd/gqa/adversarial/seed1:  13%|█▎        | 383/3000 [03:25<1:16:48,  1.76s/it]
qwen2.5-vl/pope/ricd/gqa/adversarial/seed1:  13%|█▎        | 384/3000 [03:27<1:19:44,  1.83s/it]
qwen2.5-vl/pope/ricd/gqa/adversarial/seed1:  13%|█▎        | 385/3000 [03:27<1:03:10,  1.45s/it]
qwen2.5-vl/pope/ricd/gqa/adversarial/seed1:  13%|█▎        | 386/3000 [03:28<51:37,  1.19s/it]  
qwen2.5-vl/pope/ricd/gqa/adversarial/seed1:  13%|█▎        | 387/3000 [03:28<43:32,  1.00it/s]
qwen2.5-vl/pope/ricd/gqa/adversarial/seed1:  13%|█▎        | 388/3000 [03:29<37:49,  1.15it/s]
qwen2.5-vl/pope/ricd/gqa/adversarial/seed1:  13%|█▎        | 389/3000 [03:30<33:48,  1.29it/s]
qwen2.5-vl/pope/ricd/gqa/adversarial/seed1:  13%|█▎        | 390/3000 [03:30<30:59,  1.40it/s]
qwen2.5-vl/pope/ricd/gqa/adversarial/seed1:  13%|█▎        | 391/3000 [03:31<29:04,  1.50it/s]
qwen2.5-vl/pope/ricd/gqa/adversarial/seed1:  13%|█▎        | 392/3000 [03:31<27:41,  1.57it/s]
qwen2.5-vl/pope/ricd/gqa/adversarial/seed1:  13%|█▎        | 393/3000 [03:32<26:46,  1.62it/s]
qwen2.5-vl/pope/ricd/gqa/adversarial/seed1:  13%|█▎        | 394/3000 [03:32<26:05,  1.66it/s]
qwen2.5-vl/pope/ricd/gqa/adversarial/seed1:  13%|█▎        | 395/3000 [03:33<25:42,  1.69it/s]
qwen2.5-vl/pope/ricd/gqa/adversarial/seed1:  13%|█▎        | 396/3000 [03:33<25:18,  1.71it/s]
qwen2.5-vl/pope/ricd/gqa/adversarial/seed1:  13%|█▎        | 397/3000 [03:34<22:43,  1.91it/s]
qwen2.5-vl/pope/ricd/gqa/adversarial/seed1:  13%|█▎        | 398/3000 [03:34<20:54,  2.07it/s]
qwen2.5-vl/pope/ricd/gqa/adversarial/seed1:  13%|█▎        | 399/3000 [03:35<20:34,  2.11it/s]
qwen2.5-vl/pope/ricd/gqa/adversarial/seed1:  13%|█▎        | 400/3000 [03:35<19:40,  2.20it/s]
qwen2.5-vl/pope/ricd/gqa/adversarial/seed1:  13%|█▎        | 401/3000 [03:36<18:57,  2.29it/s]
qwen2.5-vl/pope/ricd/gqa/adversarial/seed1:  13%|█▎        | 402/3000 [03:36<18:28,  2.34it/s]
qwen2.5-vl/pope/ricd/gqa/adversarial/seed1:  13%|█▎        | 403/3000 [03:38<39:15,  1.10it/s]
qwen2.5-vl/pope/ricd/gqa/adversarial/seed1:  13%|█▎        | 404/3000 [03:40<53:02,  1.23s/it]
qwen2.5-vl/pope/ricd/gqa/adversarial/seed1:  14%|█▎        | 405/3000 [03:42<1:02:35,  1.45s/it]
qwen2.5-vl/pope/ricd/gqa/adversarial/seed1:  14%|█▎        | 406/3000 [03:44<1:09:27,  1.61s/it]
qwen2.5-vl/pope/ricd/gqa/adversarial/seed1:  14%|█▎        | 407/3000 [03:46<1:14:07,  1.72s/it]
qwen2.5-vl/pope/ricd/gqa/adversarial/seed1:  14%|█▎        | 408/3000 [03:48<1:17:21,  1.79s/it]
qwen2.5-vl/pope/ricd/gqa/adversarial/seed1:  14%|█▎        | 409/3000 [03:48<1:01:26,  1.42s/it]
qwen2.5-vl/pope/ricd/gqa/adversarial/seed1:  14%|█▎        | 410/3000 [03:49<50:15,  1.16s/it]  
qwen2.5-vl/pope/ricd/gqa/adversarial/seed1:  14%|█▎        | 411/3000 [03:49<42:25,  1.02it/s]
qwen2.5-vl/pope/ricd/gqa/adversarial/seed1:  14%|█▎        | 412/3000 [03:50<36:58,  1.17it/s]
qwen2.5-vl/pope/ricd/gqa/adversarial/seed1:  14%|█▍        | 413/3000 [03:51<33:08,  1.30it/s]
qwen2.5-vl/pope/ricd/gqa/adversarial/seed1:  14%|█▍        | 414/3000 [03:51<30:28,  1.41it/s]
qwen2.5-vl/pope/ricd/gqa/adversarial/seed1:  14%|█▍        | 415/3000 [03:52<28:36,  1.51it/s]
qwen2.5-vl/pope/ricd/gqa/adversarial/seed1:  14%|█▍        | 416/3000 [03:52<27:17,  1.58it/s]
qwen2.5-vl/pope/ricd/gqa/adversarial/seed1:  14%|█▍        | 417/3000 [03:53<26:21,  1.63it/s]
qwen2.5-vl/pope/ricd/gqa/adversarial/seed1:  14%|█▍        | 418/3000 [03:53<25:42,  1.67it/s]
qwen2.5-vl/pope/ricd/gqa/adversarial/seed1:  14%|█▍        | 419/3000 [03:54<25:14,  1.70it/s]
qwen2.5-vl/pope/ricd/gqa/adversarial/seed1:  14%|█▍        | 420/3000 [03:55<24:57,  1.72it/s]
qwen2.5-vl/pope/ricd/gqa/adversarial/seed1:  14%|█▍        | 421/3000 [03:55<26:46,  1.61it/s]
qwen2.5-vl/pope/ricd/gqa/adversarial/seed1:  14%|█▍        | 422/3000 [03:56<27:59,  1.54it/s]
qwen2.5-vl/pope/ricd/gqa/adversarial/seed1:  14%|█▍        | 423/3000 [03:57<28:52,  1.49it/s]
qwen2.5-vl/pope/ricd/gqa/adversarial/seed1:  14%|█▍        | 424/3000 [03:57<29:26,  1.46it/s]
qwen2.5-vl/pope/ricd/gqa/adversarial/seed1:  14%|█▍        | 425/3000 [03:58<29:50,  1.44it/s]
qwen2.5-vl/pope/ricd/gqa/adversarial/seed1:  14%|█▍        | 426/3000 [03:59<30:08,  1.42it/s]
qwen2.5-vl/pope/ricd/gqa/adversarial/seed1:  14%|█▍        | 427/3000 [03:59<26:01,  1.65it/s]
qwen2.5-vl/pope/ricd/gqa/adversarial/seed1:  14%|█▍        | 428/3000 [04:00<23:09,  1.85it/s]
qwen2.5-vl/pope/ricd/gqa/adversarial/seed1:  14%|█▍        | 429/3000 [04:00<21:09,  2.03it/s]
qwen2.5-vl/pope/ricd/gqa/adversarial/seed1:  14%|█▍        | 430/3000 [04:00<19:43,  2.17it/s]
qwen2.5-vl/pope/ricd/gqa/adversarial/seed1:  14%|█▍        | 431/3000 [04:01<18:44,  2.28it/s]
qwen2.5-vl/pope/ricd/gqa/adversarial/seed1:  14%|█▍        | 432/3000 [04:01<18:04,  2.37it/s]
qwen2.5-vl/pope/ricd/gqa/adversarial/seed1:  14%|█▍        | 433/3000 [04:02<19:54,  2.15it/s]
qwen2.5-vl/pope/ricd/gqa/adversarial/seed1:  14%|█▍        | 434/3000 [04:02<21:10,  2.02it/s]
qwen2.5-vl/pope/ricd/gqa/adversarial/seed1:  14%|█▍        | 435/3000 [04:03<22:08,  1.93it/s]
qwen2.5-vl/pope/ricd/gqa/adversarial/seed1:  15%|█▍        | 436/3000 [04:03<23:08,  1.85it/s]
qwen2.5-vl/pope/ricd/gqa/adversarial/seed1:  15%|█▍        | 437/3000 [04:04<23:41,  1.80it/s]
qwen2.5-vl/pope/ricd/gqa/adversarial/seed1:  15%|█▍        | 438/3000 [04:05<24:04,  1.77it/s]
qwen2.5-vl/pope/ricd/gqa/adversarial/seed1:  15%|█▍        | 439/3000 [04:05<22:00,  1.94it/s]
qwen2.5-vl/pope/ricd/gqa/adversarial/seed1:  15%|█▍        | 440/3000 [04:05<20:32,  2.08it/s]
qwen2.5-vl/pope/ricd/gqa/adversarial/seed1:  15%|█▍        | 441/3000 [04:06<19:28,  2.19it/s]
qwen2.5-vl/pope/ricd/gqa/adversarial/seed1:  15%|█▍        | 442/3000 [04:06<18:30,  2.30it/s]
qwen2.5-vl/pope/ricd/gqa/adversarial/seed1:  15%|█▍        | 443/3000 [04:07<17:50,  2.39it/s]
qwen2.5-vl/pope/ricd/gqa/adversarial/seed1:  15%|█▍        | 444/3000 [04:07<17:21,  2.45it/s]
qwen2.5-vl/pope/ricd/gqa/adversarial/seed1:  15%|█▍        | 445/3000 [04:07<17:04,  2.49it/s]
qwen2.5-vl/pope/ricd/gqa/adversarial/seed1:  15%|█▍        | 446/3000 [04:08<16:50,  2.53it/s]
qwen2.5-vl/pope/ricd/gqa/adversarial/seed1:  15%|█▍        | 447/3000 [04:08<16:40,  2.55it/s]
qwen2.5-vl/pope/ricd/gqa/adversarial/seed1:  15%|█▍        | 448/3000 [04:09<16:33,  2.57it/s]
qwen2.5-vl/pope/ricd/gqa/adversarial/seed1:  15%|█▍        | 449/3000 [04:09<16:28,  2.58it/s]
qwen2.5-vl/pope/ricd/gqa/adversarial/seed1:  15%|█▌        | 450/3000 [04:09<16:24,  2.59it/s]
qwen2.5-vl/pope/ricd/gqa/adversarial/seed1:  15%|█▌        | 451/3000 [04:10<16:23,  2.59it/s]
qwen2.5-vl/pope/ricd/gqa/adversarial/seed1:  15%|█▌        | 452/3000 [04:10<16:19,  2.60it/s]
qwen2.5-vl/pope/ricd/gqa/adversarial/seed1:  15%|█▌        | 453/3000 [04:10<16:17,  2.61it/s]
qwen2.5-vl/pope/ricd/gqa/adversarial/seed1:  15%|█▌        | 454/3000 [04:11<16:14,  2.61it/s]
qwen2.5-vl/pope/ricd/gqa/adversarial/seed1:  15%|█▌        | 455/3000 [04:11<16:12,  2.62it/s]
qwen2.5-vl/pope/ricd/gqa/adversarial/seed1:  15%|█▌        | 456/3000 [04:12<16:10,  2.62it/s]
qwen2.5-vl/pope/ricd/gqa/adversarial/seed1:  15%|█▌        | 457/3000 [04:12<16:11,  2.62it/s]
qwen2.5-vl/pope/ricd/gqa/adversarial/seed1:  15%|█▌        | 458/3000 [04:12<16:10,  2.62it/s]
qwen2.5-vl/pope/ricd/gqa/adversarial/seed1:  15%|█▌        | 459/3000 [04:13<16:10,  2.62it/s]
qwen2.5-vl/pope/ricd/gqa/adversarial/seed1:  15%|█▌        | 460/3000 [04:13<16:09,  2.62it/s]
qwen2.5-vl/pope/ricd/gqa/adversarial/seed1:  15%|█▌        | 461/3000 [04:13<16:09,  2.62it/s]
qwen2.5-vl/pope/ricd/gqa/adversarial/seed1:  15%|█▌        | 462/3000 [04:14<16:10,  2.61it/s]
qwen2.5-vl/pope/ricd/gqa/adversarial/seed1:  15%|█▌        | 463/3000 [04:14<18:29,  2.29it/s]
qwen2.5-vl/pope/ricd/gqa/adversarial/seed1:  15%|█▌        | 464/3000 [04:15<20:09,  2.10it/s]
qwen2.5-vl/pope/ricd/gqa/adversarial/seed1:  16%|█▌        | 465/3000 [04:16<21:18,  1.98it/s]
qwen2.5-vl/pope/ricd/gqa/adversarial/seed1:  16%|█▌        | 466/3000 [04:16<22:08,  1.91it/s]
qwen2.5-vl/pope/ricd/gqa/adversarial/seed1:  16%|█▌        | 467/3000 [04:17<22:43,  1.86it/s]
qwen2.5-vl/pope/ricd/gqa/adversarial/seed1:  16%|█▌        | 468/3000 [04:17<23:07,  1.82it/s]
qwen2.5-vl/pope/ricd/gqa/adversarial/seed1:  16%|█▌        | 469/3000 [04:18<21:05,  2.00it/s]
qwen2.5-vl/pope/ricd/gqa/adversarial/seed1:  16%|█▌        | 470/3000 [04:18<19:38,  2.15it/s]
qwen2.5-vl/pope/ricd/gqa/adversarial/seed1:  16%|█▌        | 471/3000 [04:18<18:39,  2.26it/s]
qwen2.5-vl/pope/ricd/gqa/adversarial/seed1:  16%|█▌        | 472/3000 [04:19<17:54,  2.35it/s]
qwen2.5-vl/pope/ricd/gqa/adversarial/seed1:  16%|█▌        | 473/3000 [04:19<17:23,  2.42it/s]
qwen2.5-vl/pope/ricd/gqa/adversarial/seed1:  16%|█▌        | 474/3000 [04:20<17:04,  2.47it/s]
qwen2.5-vl/pope/ricd/gqa/adversarial/seed1:  16%|█▌        | 475/3000 [04:20<16:50,  2.50it/s]
qwen2.5-vl/pope/ricd/gqa/adversarial/seed1:  16%|█▌        | 476/3000 [04:20<16:42,  2.52it/s]
qwen2.5-vl/pope/ricd/gqa/adversarial/seed1:  16%|█▌        | 477/3000 [04:21<16:38,  2.53it/s]
qwen2.5-vl/pope/ricd/gqa/adversarial/seed1:  16%|█▌        | 478/3000 [04:21<16:29,  2.55it/s]
qwen2.5-vl/pope/ricd/gqa/adversarial/seed1:  16%|█▌        | 479/3000 [04:22<16:23,  2.56it/s]
qwen2.5-vl/pope/ricd/gqa/adversarial/seed1:  16%|█▌        | 480/3000 [04:22<16:23,  2.56it/s]
qwen2.5-vl/pope/ricd/gqa/adversarial/seed1:  16%|█▌        | 481/3000 [04:23<18:40,  2.25it/s]
qwen2.5-vl/pope/ricd/gqa/adversarial/seed1:  16%|█▌        | 482/3000 [04:23<20:14,  2.07it/s]
qwen2.5-vl/pope/ricd/gqa/adversarial/seed1:  16%|█▌        | 483/3000 [04:24<21:19,  1.97it/s]
qwen2.5-vl/pope/ricd/gqa/adversarial/seed1:  16%|█▌        | 484/3000 [04:24<22:02,  1.90it/s]
qwen2.5-vl/pope/ricd/gqa/adversarial/seed1:  16%|█▌        | 485/3000 [04:25<22:39,  1.85it/s]
qwen2.5-vl/pope/ricd/gqa/adversarial/seed1:  16%|█▌        | 486/3000 [04:25<23:04,  1.82it/s]
qwen2.5-vl/pope/ricd/gqa/adversarial/seed1:  16%|█▌        | 487/3000 [04:26<20:45,  2.02it/s]
qwen2.5-vl/pope/ricd/gqa/adversarial/seed1:  16%|█▋        | 488/3000 [04:26<19:11,  2.18it/s]
qwen2.5-vl/pope/ricd/gqa/adversarial/seed1:  16%|█▋        | 489/3000 [04:26<18:00,  2.32it/s]
qwen2.5-vl/pope/ricd/gqa/adversarial/seed1:  16%|█▋        | 490/3000 [04:27<17:15,  2.42it/s]
qwen2.5-vl/pope/ricd/gqa/adversarial/seed1:  16%|█▋        | 491/3000 [04:27<16:46,  2.49it/s]
qwen2.5-vl/pope/ricd/gqa/adversarial/seed1:  16%|█▋        | 492/3000 [04:28<16:35,  2.52it/s]
qwen2.5-vl/pope/ricd/gqa/adversarial/seed1:  16%|█▋        | 493/3000 [04:28<20:12,  2.07it/s]
qwen2.5-vl/pope/ricd/gqa/adversarial/seed1:  16%|█▋        | 494/3000 [04:29<22:34,  1.85it/s]
qwen2.5-vl/pope/ricd/gqa/adversarial/seed1:  16%|█▋        | 495/3000 [04:30<24:01,  1.74it/s]
qwen2.5-vl/pope/ricd/gqa/adversarial/seed1:  17%|█▋        | 496/3000 [04:30<25:03,  1.67it/s]
qwen2.5-vl/pope/ricd/gqa/adversarial/seed1:  17%|█▋        | 497/3000 [04:31<25:43,  1.62it/s]
qwen2.5-vl/pope/ricd/gqa/adversarial/seed1:  17%|█▋        | 498/3000 [04:32<26:17,  1.59it/s]
qwen2.5-vl/pope/ricd/gqa/adversarial/seed1:  17%|█▋        | 499/3000 [04:32<25:28,  1.64it/s]
qwen2.5-vl/pope/ricd/gqa/adversarial/seed1:  17%|█▋        | 500/3000 [04:33<24:54,  1.67it/s]
qwen2.5-vl/pope/ricd/gqa/adversarial/seed1:  17%|█▋        | 501/3000 [04:33<24:31,  1.70it/s]
qwen2.5-vl/pope/ricd/gqa/adversarial/seed1:  17%|█▋        | 502/3000 [04:34<24:32,  1.70it/s]
qwen2.5-vl/pope/ricd/gqa/adversarial/seed1:  17%|█▋        | 503/3000 [04:34<24:17,  1.71it/s]
qwen2.5-vl/pope/ricd/gqa/adversarial/seed1:  17%|█▋        | 504/3000 [04:35<24:05,  1.73it/s]
qwen2.5-vl/pope/ricd/gqa/adversarial/seed1:  17%|█▋        | 505/3000 [04:36<23:56,  1.74it/s]
qwen2.5-vl/pope/ricd/gqa/adversarial/seed1:  17%|█▋        | 506/3000 [04:36<24:03,  1.73it/s]
qwen2.5-vl/pope/ricd/gqa/adversarial/seed1:  17%|█▋        | 507/3000 [04:37<23:57,  1.73it/s]
qwen2.5-vl/pope/ricd/gqa/adversarial/seed1:  17%|█▋        | 508/3000 [04:37<23:57,  1.73it/s]
qwen2.5-vl/pope/ricd/gqa/adversarial/seed1:  17%|█▋        | 509/3000 [04:38<24:04,  1.72it/s]
qwen2.5-vl/pope/ricd/gqa/adversarial/seed1:  17%|█▋        | 510/3000 [04:38<24:09,  1.72it/s]
qwen2.5-vl/pope/ricd/gqa/adversarial/seed1:  17%|█▋        | 511/3000 [04:39<21:57,  1.89it/s]
qwen2.5-vl/pope/ricd/gqa/adversarial/seed1:  17%|█▋        | 512/3000 [04:39<20:23,  2.03it/s]
qwen2.5-vl/pope/ricd/gqa/adversarial/seed1:  17%|█▋        | 513/3000 [04:40<19:17,  2.15it/s]
qwen2.5-vl/pope/ricd/gqa/adversarial/seed1:  17%|█▋        | 514/3000 [04:40<18:28,  2.24it/s]
qwen2.5-vl/pope/ricd/gqa/adversarial/seed1:  17%|█▋        | 515/3000 [04:41<17:44,  2.33it/s]
qwen2.5-vl/pope/ricd/gqa/adversarial/seed1:  17%|█▋        | 516/3000 [04:41<17:30,  2.36it/s]
qwen2.5-vl/pope/ricd/gqa/adversarial/seed1:  17%|█▋        | 517/3000 [04:42<19:38,  2.11it/s]
qwen2.5-vl/pope/ricd/gqa/adversarial/seed1:  17%|█▋        | 518/3000 [04:42<21:02,  1.97it/s]
qwen2.5-vl/pope/ricd/gqa/adversarial/seed1:  17%|█▋        | 519/3000 [04:43<21:56,  1.88it/s]
qwen2.5-vl/pope/ricd/gqa/adversarial/seed1:  17%|█▋        | 520/3000 [04:43<22:22,  1.85it/s]
qwen2.5-vl/pope/ricd/gqa/adversarial/seed1:  17%|█▋        | 521/3000 [04:44<22:39,  1.82it/s]
qwen2.5-vl/pope/ricd/gqa/adversarial/seed1:  17%|█▋        | 522/3000 [04:44<22:54,  1.80it/s]
qwen2.5-vl/pope/ricd/gqa/adversarial/seed1:  17%|█▋        | 523/3000 [04:45<23:04,  1.79it/s]
qwen2.5-vl/pope/ricd/gqa/adversarial/seed1:  17%|█▋        | 524/3000 [04:46<23:10,  1.78it/s]
qwen2.5-vl/pope/ricd/gqa/adversarial/seed1:  18%|█▊        | 525/3000 [04:46<23:11,  1.78it/s]
qwen2.5-vl/pope/ricd/gqa/adversarial/seed1:  18%|█▊        | 526/3000 [04:47<23:14,  1.77it/s]
qwen2.5-vl/pope/ricd/gqa/adversarial/seed1:  18%|█▊        | 527/3000 [04:47<23:17,  1.77it/s]
qwen2.5-vl/pope/ricd/gqa/adversarial/seed1:  18%|█▊        | 528/3000 [04:48<23:19,  1.77it/s]
qwen2.5-vl/pope/ricd/gqa/adversarial/seed1:  18%|█▊        | 529/3000 [04:48<23:17,  1.77it/s]
qwen2.5-vl/pope/ricd/gqa/adversarial/seed1:  18%|█▊        | 530/3000 [04:49<23:19,  1.76it/s]
qwen2.5-vl/pope/ricd/gqa/adversarial/seed1:  18%|█▊        | 531/3000 [04:49<23:23,  1.76it/s]
qwen2.5-vl/pope/ricd/gqa/adversarial/seed1:  18%|█▊        | 532/3000 [04:50<23:21,  1.76it/s]
qwen2.5-vl/pope/ricd/gqa/adversarial/seed1:  18%|█▊        | 533/3000 [04:51<23:21,  1.76it/s]
qwen2.5-vl/pope/ricd/gqa/adversarial/seed1:  18%|█▊        | 534/3000 [04:51<23:22,  1.76it/s]
qwen2.5-vl/pope/ricd/gqa/adversarial/seed1:  18%|█▊        | 535/3000 [04:52<23:21,  1.76it/s]
qwen2.5-vl/pope/ricd/gqa/adversarial/seed1:  18%|█▊        | 536/3000 [04:52<23:20,  1.76it/s]
qwen2.5-vl/pope/ricd/gqa/adversarial/seed1:  18%|█▊        | 537/3000 [04:53<23:20,  1.76it/s]
qwen2.5-vl/pope/ricd/gqa/adversarial/seed1:  18%|█▊        | 538/3000 [04:53<23:18,  1.76it/s]
qwen2.5-vl/pope/ricd/gqa/adversarial/seed1:  18%|█▊        | 539/3000 [04:54<23:18,  1.76it/s]
qwen2.5-vl/pope/ricd/gqa/adversarial/seed1:  18%|█▊        | 540/3000 [04:55<23:18,  1.76it/s]
qwen2.5-vl/pope/ricd/gqa/adversarial/seed1:  18%|█▊        | 541/3000 [04:55<21:06,  1.94it/s]
qwen2.5-vl/pope/ricd/gqa/adversarial/seed1:  18%|█▊        | 542/3000 [04:55<19:32,  2.10it/s]
qwen2.5-vl/pope/ricd/gqa/adversarial/seed1:  18%|█▊        | 543/3000 [04:56<18:28,  2.22it/s]
qwen2.5-vl/pope/ricd/gqa/adversarial/seed1:  18%|█▊        | 544/3000 [04:56<17:42,  2.31it/s]
qwen2.5-vl/pope/ricd/gqa/adversarial/seed1:  18%|█▊        | 545/3000 [04:57<17:08,  2.39it/s]
qwen2.5-vl/pope/ricd/gqa/adversarial/seed1:  18%|█▊        | 546/3000 [04:57<16:44,  2.44it/s]
qwen2.5-vl/pope/ricd/gqa/adversarial/seed1:  18%|█▊        | 547/3000 [04:58<20:41,  1.98it/s]
qwen2.5-vl/pope/ricd/gqa/adversarial/seed1:  18%|█▊        | 548/3000 [04:58<23:21,  1.75it/s]
qwen2.5-vl/pope/ricd/gqa/adversarial/seed1:  18%|█▊        | 549/3000 [04:59<25:17,  1.62it/s]
qwen2.5-vl/pope/ricd/gqa/adversarial/seed1:  18%|█▊        | 550/3000 [05:00<26:34,  1.54it/s]
qwen2.5-vl/pope/ricd/gqa/adversarial/seed1:  18%|█▊        | 551/3000 [05:01<27:30,  1.48it/s]
qwen2.5-vl/pope/ricd/gqa/adversarial/seed1:  18%|█▊        | 552/3000 [05:01<28:11,  1.45it/s]
qwen2.5-vl/pope/ricd/gqa/adversarial/seed1:  18%|█▊        | 553/3000 [05:02<26:50,  1.52it/s]
qwen2.5-vl/pope/ricd/gqa/adversarial/seed1:  18%|█▊        | 554/3000 [05:02<25:52,  1.58it/s]
qwen2.5-vl/pope/ricd/gqa/adversarial/seed1:  18%|█▊        | 555/3000 [05:03<25:10,  1.62it/s]
qwen2.5-vl/pope/ricd/gqa/adversarial/seed1:  19%|█▊        | 556/3000 [05:04<24:40,  1.65it/s]
qwen2.5-vl/pope/ricd/gqa/adversarial/seed1:  19%|█▊        | 557/3000 [05:04<24:23,  1.67it/s]
qwen2.5-vl/pope/ricd/gqa/adversarial/seed1:  19%|█▊        | 558/3000 [05:05<24:05,  1.69it/s]
qwen2.5-vl/pope/ricd/gqa/adversarial/seed1:  19%|█▊        | 559/3000 [05:05<23:51,  1.71it/s]
qwen2.5-vl/pope/ricd/gqa/adversarial/seed1:  19%|█▊        | 560/3000 [05:06<23:42,  1.71it/s]
qwen2.5-vl/pope/ricd/gqa/adversarial/seed1:  19%|█▊        | 561/3000 [05:07<23:35,  1.72it/s]
qwen2.5-vl/pope/ricd/gqa/adversarial/seed1:  19%|█▊        | 562/3000 [05:07<23:28,  1.73it/s]
qwen2.5-vl/pope/ricd/gqa/adversarial/seed1:  19%|█▉        | 563/3000 [05:08<23:22,  1.74it/s]
qwen2.5-vl/pope/ricd/gqa/adversarial/seed1:  19%|█▉        | 564/3000 [05:08<23:18,  1.74it/s]
qwen2.5-vl/pope/ricd/gqa/adversarial/seed1:  19%|█▉        | 565/3000 [05:09<23:31,  1.73it/s]
qwen2.5-vl/pope/ricd/gqa/adversarial/seed1:  19%|█▉        | 566/3000 [05:09<23:31,  1.72it/s]
qwen2.5-vl/pope/ricd/gqa/adversarial/seed1:  19%|█▉        | 567/3000 [05:10<23:24,  1.73it/s]
qwen2.5-vl/pope/ricd/gqa/adversarial/seed1:  19%|█▉        | 568/3000 [05:11<23:22,  1.73it/s]
qwen2.5-vl/pope/ricd/gqa/adversarial/seed1:  19%|█▉        | 569/3000 [05:11<23:22,  1.73it/s]
qwen2.5-vl/pope/ricd/gqa/adversarial/seed1:  19%|█▉        | 570/3000 [05:12<23:19,  1.74it/s]
qwen2.5-vl/pope/ricd/gqa/adversarial/seed1:  19%|█▉        | 571/3000 [05:13<31:37,  1.28it/s]
qwen2.5-vl/pope/ricd/gqa/adversarial/seed1:  19%|█▉        | 572/3000 [05:14<36:58,  1.09it/s]
qwen2.5-vl/pope/ricd/gqa/adversarial/seed1:  19%|█▉        | 573/3000 [05:15<40:40,  1.01s/it]
qwen2.5-vl/pope/ricd/gqa/adversarial/seed1:  19%|█▉        | 574/3000 [05:17<43:15,  1.07s/it]
qwen2.5-vl/pope/ricd/gqa/adversarial/seed1:  19%|█▉        | 575/3000 [05:18<45:02,  1.11s/it]
qwen2.5-vl/pope/ricd/gqa/adversarial/seed1:  19%|█▉        | 576/3000 [05:19<46:19,  1.15s/it]
qwen2.5-vl/pope/ricd/gqa/adversarial/seed1:  19%|█▉        | 577/3000 [05:20<39:19,  1.03it/s]
qwen2.5-vl/pope/ricd/gqa/adversarial/seed1:  19%|█▉        | 578/3000 [05:20<34:20,  1.18it/s]
qwen2.5-vl/pope/ricd/gqa/adversarial/seed1:  19%|█▉        | 579/3000 [05:21<30:51,  1.31it/s]
qwen2.5-vl/pope/ricd/gqa/adversarial/seed1:  19%|█▉        | 580/3000 [05:21<28:24,  1.42it/s]
qwen2.5-vl/pope/ricd/gqa/adversarial/seed1:  19%|█▉        | 581/3000 [05:22<26:43,  1.51it/s]
qwen2.5-vl/pope/ricd/gqa/adversarial/seed1:  19%|█▉        | 582/3000 [05:22<25:31,  1.58it/s]
qwen2.5-vl/pope/ricd/gqa/adversarial/seed1:  19%|█▉        | 583/3000 [05:23<24:41,  1.63it/s]
qwen2.5-vl/pope/ricd/gqa/adversarial/seed1:  19%|█▉        | 584/3000 [05:24<24:07,  1.67it/s]
qwen2.5-vl/pope/ricd/gqa/adversarial/seed1:  20%|█▉        | 585/3000 [05:24<23:42,  1.70it/s]
qwen2.5-vl/pope/ricd/gqa/adversarial/seed1:  20%|█▉        | 586/3000 [05:25<23:23,  1.72it/s]
qwen2.5-vl/pope/ricd/gqa/adversarial/seed1:  20%|█▉        | 587/3000 [05:25<23:11,  1.73it/s]
qwen2.5-vl/pope/ricd/gqa/adversarial/seed1:  20%|█▉        | 588/3000 [05:26<23:06,  1.74it/s]
qwen2.5-vl/pope/ricd/gqa/adversarial/seed1:  20%|█▉        | 589/3000 [05:26<23:00,  1.75it/s]
qwen2.5-vl/pope/ricd/gqa/adversarial/seed1:  20%|█▉        | 590/3000 [05:27<22:54,  1.75it/s]
qwen2.5-vl/pope/ricd/gqa/adversarial/seed1:  20%|█▉        | 591/3000 [05:28<22:49,  1.76it/s]
qwen2.5-vl/pope/ricd/gqa/adversarial/seed1:  20%|█▉        | 592/3000 [05:28<22:47,  1.76it/s]
qwen2.5-vl/pope/ricd/gqa/adversarial/seed1:  20%|█▉        | 593/3000 [05:29<22:45,  1.76it/s]
qwen2.5-vl/pope/ricd/gqa/adversarial/seed1:  20%|█▉        | 594/3000 [05:29<22:42,  1.77it/s]
qwen2.5-vl/pope/ricd/gqa/adversarial/seed1:  20%|█▉        | 595/3000 [05:30<20:32,  1.95it/s]
qwen2.5-vl/pope/ricd/gqa/adversarial/seed1:  20%|█▉        | 596/3000 [05:30<18:59,  2.11it/s]
qwen2.5-vl/pope/ricd/gqa/adversarial/seed1:  20%|█▉        | 597/3000 [05:30<17:56,  2.23it/s]
qwen2.5-vl/pope/ricd/gqa/adversarial/seed1:  20%|█▉        | 598/3000 [05:31<17:08,  2.33it/s]
qwen2.5-vl/pope/ricd/gqa/adversarial/seed1:  20%|█▉        | 599/3000 [05:31<16:36,  2.41it/s]
qwen2.5-vl/pope/ricd/gqa/adversarial/seed1:  20%|██        | 600/3000 [05:32<16:13,  2.47it/s]
qwen2.5-vl/pope/ricd/gqa/adversarial/seed1:  20%|██        | 601/3000 [05:32<18:08,  2.20it/s]
qwen2.5-vl/pope/ricd/gqa/adversarial/seed1:  20%|██        | 602/3000 [05:33<19:27,  2.05it/s]
qwen2.5-vl/pope/ricd/gqa/adversarial/seed1:  20%|██        | 603/3000 [05:33<20:13,  1.98it/s]
qwen2.5-vl/pope/ricd/gqa/adversarial/seed1:  20%|██        | 604/3000 [05:34<20:37,  1.94it/s]
qwen2.5-vl/pope/ricd/gqa/adversarial/seed1:  20%|██        | 605/3000 [05:34<20:54,  1.91it/s]
qwen2.5-vl/pope/ricd/gqa/adversarial/seed1:  20%|██        | 606/3000 [05:35<21:09,  1.89it/s]
qwen2.5-vl/pope/ricd/gqa/adversarial/seed1:  20%|██        | 607/3000 [05:35<21:18,  1.87it/s]
qwen2.5-vl/pope/ricd/gqa/adversarial/seed1:  20%|██        | 608/3000 [05:36<21:24,  1.86it/s]
qwen2.5-vl/pope/ricd/gqa/adversarial/seed1:  20%|██        | 609/3000 [05:36<21:30,  1.85it/s]
qwen2.5-vl/pope/ricd/gqa/adversarial/seed1:  20%|██        | 610/3000 [05:37<21:35,  1.84it/s]
qwen2.5-vl/pope/ricd/gqa/adversarial/seed1:  20%|██        | 611/3000 [05:38<21:39,  1.84it/s]
qwen2.5-vl/pope/ricd/gqa/adversarial/seed1:  20%|██        | 612/3000 [05:38<21:41,  1.83it/s]
qwen2.5-vl/pope/ricd/gqa/adversarial/seed1:  20%|██        | 613/3000 [05:39<19:41,  2.02it/s]
qwen2.5-vl/pope/ricd/gqa/adversarial/seed1:  20%|██        | 614/3000 [05:39<18:22,  2.16it/s]
qwen2.5-vl/pope/ricd/gqa/adversarial/seed1:  20%|██        | 615/3000 [05:39<17:25,  2.28it/s]
qwen2.5-vl/pope/ricd/gqa/adversarial/seed1:  21%|██        | 616/3000 [05:40<16:40,  2.38it/s]
qwen2.5-vl/pope/ricd/gqa/adversarial/seed1:  21%|██        | 617/3000 [05:40<16:08,  2.46it/s]
qwen2.5-vl/pope/ricd/gqa/adversarial/seed1:  21%|██        | 618/3000 [05:40<15:46,  2.52it/s]
qwen2.5-vl/pope/ricd/gqa/adversarial/seed1:  21%|██        | 619/3000 [05:41<17:37,  2.25it/s]
qwen2.5-vl/pope/ricd/gqa/adversarial/seed1:  21%|██        | 620/3000 [05:42<18:56,  2.09it/s]
qwen2.5-vl/pope/ricd/gqa/adversarial/seed1:  21%|██        | 621/3000 [05:42<19:50,  2.00it/s]
qwen2.5-vl/pope/ricd/gqa/adversarial/seed1:  21%|██        | 622/3000 [05:43<20:28,  1.94it/s]
qwen2.5-vl/pope/ricd/gqa/adversarial/seed1:  21%|██        | 623/3000 [05:43<20:55,  1.89it/s]
qwen2.5-vl/pope/ricd/gqa/adversarial/seed1:  21%|██        | 624/3000 [05:44<21:16,  1.86it/s]
qwen2.5-vl/pope/ricd/gqa/adversarial/seed1:  21%|██        | 625/3000 [05:44<19:22,  2.04it/s]
qwen2.5-vl/pope/ricd/gqa/adversarial/seed1:  21%|██        | 626/3000 [05:44<18:04,  2.19it/s]
qwen2.5-vl/pope/ricd/gqa/adversarial/seed1:  21%|██        | 627/3000 [05:45<17:08,  2.31it/s]
qwen2.5-vl/pope/ricd/gqa/adversarial/seed1:  21%|██        | 628/3000 [05:45<16:30,  2.39it/s]
qwen2.5-vl/pope/ricd/gqa/adversarial/seed1:  21%|██        | 629/3000 [05:46<16:04,  2.46it/s]
qwen2.5-vl/pope/ricd/gqa/adversarial/seed1:  21%|██        | 630/3000 [05:46<15:45,  2.51it/s]
qwen2.5-vl/pope/ricd/gqa/adversarial/seed1:  21%|██        | 631/3000 [05:47<19:31,  2.02it/s]
qwen2.5-vl/pope/ricd/gqa/adversarial/seed1:  21%|██        | 632/3000 [05:47<22:06,  1.79it/s]
qwen2.5-vl/pope/ricd/gqa/adversarial/seed1:  21%|██        | 633/3000 [05:48<23:56,  1.65it/s]
qwen2.5-vl/pope/ricd/gqa/adversarial/seed1:  21%|██        | 634/3000 [05:49<25:11,  1.56it/s]
qwen2.5-vl/pope/ricd/gqa/adversarial/seed1:  21%|██        | 635/3000 [05:50<25:19,  1.56it/s]
qwen2.5-vl/pope/ricd/gqa/adversarial/seed1:  21%|██        | 636/3000 [05:50<26:11,  1.50it/s]
qwen2.5-vl/pope/ricd/gqa/adversarial/seed1:  21%|██        | 637/3000 [05:51<22:49,  1.73it/s]
qwen2.5-vl/pope/ricd/gqa/adversarial/seed1:  21%|██▏       | 638/3000 [05:51<20:28,  1.92it/s]
qwen2.5-vl/pope/ricd/gqa/adversarial/seed1:  21%|██▏       | 639/3000 [05:51<18:49,  2.09it/s]
qwen2.5-vl/pope/ricd/gqa/adversarial/seed1:  21%|██▏       | 640/3000 [05:52<17:41,  2.22it/s]
qwen2.5-vl/pope/ricd/gqa/adversarial/seed1:  21%|██▏       | 641/3000 [05:52<16:53,  2.33it/s]
qwen2.5-vl/pope/ricd/gqa/adversarial/seed1:  21%|██▏       | 642/3000 [05:53<16:22,  2.40it/s]
qwen2.5-vl/pope/ricd/gqa/adversarial/seed1:  21%|██▏       | 643/3000 [05:53<18:04,  2.17it/s]
qwen2.5-vl/pope/ricd/gqa/adversarial/seed1:  21%|██▏       | 644/3000 [05:54<19:15,  2.04it/s]
qwen2.5-vl/pope/ricd/gqa/adversarial/seed1:  22%|██▏       | 645/3000 [05:54<20:05,  1.95it/s]
qwen2.5-vl/pope/ricd/gqa/adversarial/seed1:  22%|██▏       | 646/3000 [05:55<20:41,  1.90it/s]
qwen2.5-vl/pope/ricd/gqa/adversarial/seed1:  22%|██▏       | 647/3000 [05:55<21:05,  1.86it/s]
qwen2.5-vl/pope/ricd/gqa/adversarial/seed1:  22%|██▏       | 648/3000 [05:56<21:21,  1.84it/s]
qwen2.5-vl/pope/ricd/gqa/adversarial/seed1:  22%|██▏       | 649/3000 [05:56<21:34,  1.82it/s]
qwen2.5-vl/pope/ricd/gqa/adversarial/seed1:  22%|██▏       | 650/3000 [05:57<21:41,  1.81it/s]
qwen2.5-vl/pope/ricd/gqa/adversarial/seed1:  22%|██▏       | 651/3000 [05:58<21:46,  1.80it/s]
qwen2.5-vl/pope/ricd/gqa/adversarial/seed1:  22%|██▏       | 652/3000 [05:58<21:50,  1.79it/s]
qwen2.5-vl/pope/ricd/gqa/adversarial/seed1:  22%|██▏       | 653/3000 [05:59<21:53,  1.79it/s]
qwen2.5-vl/pope/ricd/gqa/adversarial/seed1:  22%|██▏       | 654/3000 [05:59<21:55,  1.78it/s]
qwen2.5-vl/pope/ricd/gqa/adversarial/seed1:  22%|██▏       | 655/3000 [06:00<19:31,  2.00it/s]
qwen2.5-vl/pope/ricd/gqa/adversarial/seed1:  22%|██▏       | 656/3000 [06:00<17:50,  2.19it/s]
qwen2.5-vl/pope/ricd/gqa/adversarial/seed1:  22%|██▏       | 657/3000 [06:00<16:39,  2.34it/s]
qwen2.5-vl/pope/ricd/gqa/adversarial/seed1:  22%|██▏       | 658/3000 [06:01<15:51,  2.46it/s]
qwen2.5-vl/pope/ricd/gqa/adversarial/seed1:  22%|██▏       | 659/3000 [06:01<15:17,  2.55it/s]
qwen2.5-vl/pope/ricd/gqa/adversarial/seed1:  22%|██▏       | 660/3000 [06:01<14:53,  2.62it/s]
qwen2.5-vl/pope/ricd/gqa/adversarial/seed1:  22%|██▏       | 661/3000 [06:02<14:53,  2.62it/s]
qwen2.5-vl/pope/ricd/gqa/adversarial/seed1:  22%|██▏       | 662/3000 [06:02<14:54,  2.62it/s]
qwen2.5-vl/pope/ricd/gqa/adversarial/seed1:  22%|██▏       | 663/3000 [06:03<14:54,  2.61it/s]
qwen2.5-vl/pope/ricd/gqa/adversarial/seed1:  22%|██▏       | 664/3000 [06:03<14:56,  2.61it/s]
qwen2.5-vl/pope/ricd/gqa/adversarial/seed1:  22%|██▏       | 665/3000 [06:03<14:55,  2.61it/s]
qwen2.5-vl/pope/ricd/gqa/adversarial/seed1:  22%|██▏       | 666/3000 [06:04<14:54,  2.61it/s]
qwen2.5-vl/pope/ricd/gqa/adversarial/seed1:  22%|██▏       | 667/3000 [06:04<16:58,  2.29it/s]
qwen2.5-vl/pope/ricd/gqa/adversarial/seed1:  22%|██▏       | 668/3000 [06:05<18:27,  2.11it/s]
qwen2.5-vl/pope/ricd/gqa/adversarial/seed1:  22%|██▏       | 669/3000 [06:05<19:32,  1.99it/s]
qwen2.5-vl/pope/ricd/gqa/adversarial/seed1:  22%|██▏       | 670/3000 [06:06<20:17,  1.91it/s]
qwen2.5-vl/pope/ricd/gqa/adversarial/seed1:  22%|██▏       | 671/3000 [06:07<20:48,  1.87it/s]
qwen2.5-vl/pope/ricd/gqa/adversarial/seed1:  22%|██▏       | 672/3000 [06:07<21:13,  1.83it/s]
qwen2.5-vl/pope/ricd/gqa/adversarial/seed1:  22%|██▏       | 673/3000 [06:08<19:21,  2.00it/s]
qwen2.5-vl/pope/ricd/gqa/adversarial/seed1:  22%|██▏       | 674/3000 [06:08<18:02,  2.15it/s]
qwen2.5-vl/pope/ricd/gqa/adversarial/seed1:  22%|██▎       | 675/3000 [06:08<17:08,  2.26it/s]
qwen2.5-vl/pope/ricd/gqa/adversarial/seed1:  23%|██▎       | 676/3000 [06:09<16:29,  2.35it/s]
qwen2.5-vl/pope/ricd/gqa/adversarial/seed1:  23%|██▎       | 677/3000 [06:09<16:00,  2.42it/s]
qwen2.5-vl/pope/ricd/gqa/adversarial/seed1:  23%|██▎       | 678/3000 [06:09<15:50,  2.44it/s]
qwen2.5-vl/pope/ricd/gqa/adversarial/seed1:  23%|██▎       | 679/3000 [06:10<15:42,  2.46it/s]
qwen2.5-vl/pope/ricd/gqa/adversarial/seed1:  23%|██▎       | 680/3000 [06:10<15:46,  2.45it/s]
qwen2.5-vl/pope/ricd/gqa/adversarial/seed1:  23%|██▎       | 681/3000 [06:11<16:09,  2.39it/s]
qwen2.5-vl/pope/ricd/gqa/adversarial/seed1:  23%|██▎       | 682/3000 [06:11<16:30,  2.34it/s]
qwen2.5-vl/pope/ricd/gqa/adversarial/seed1:  23%|██▎       | 683/3000 [06:12<16:15,  2.38it/s]
qwen2.5-vl/pope/ricd/gqa/adversarial/seed1:  23%|██▎       | 684/3000 [06:12<16:00,  2.41it/s]
qwen2.5-vl/pope/ricd/gqa/adversarial/seed1:  23%|██▎       | 685/3000 [06:13<17:54,  2.16it/s]
qwen2.5-vl/pope/ricd/gqa/adversarial/seed1:  23%|██▎       | 686/3000 [06:13<19:10,  2.01it/s]
qwen2.5-vl/pope/ricd/gqa/adversarial/seed1:  23%|██▎       | 687/3000 [06:14<20:06,  1.92it/s]
qwen2.5-vl/pope/ricd/gqa/adversarial/seed1:  23%|██▎       | 688/3000 [06:14<20:42,  1.86it/s]
qwen2.5-vl/pope/ricd/gqa/adversarial/seed1:  23%|██▎       | 689/3000 [06:15<21:20,  1.80it/s]
qwen2.5-vl/pope/ricd/gqa/adversarial/seed1:  23%|██▎       | 690/3000 [06:15<21:46,  1.77it/s]
qwen2.5-vl/pope/ricd/gqa/adversarial/seed1:  23%|██▎       | 691/3000 [06:16<22:17,  1.73it/s]
qwen2.5-vl/pope/ricd/gqa/adversarial/seed1:  23%|██▎       | 692/3000 [06:17<22:11,  1.73it/s]
qwen2.5-vl/pope/ricd/gqa/adversarial/seed1:  23%|██▎       | 693/3000 [06:17<22:07,  1.74it/s]
qwen2.5-vl/pope/ricd/gqa/adversarial/seed1:  23%|██▎       | 694/3000 [06:18<22:02,  1.74it/s]
qwen2.5-vl/pope/ricd/gqa/adversarial/seed1:  23%|██▎       | 695/3000 [06:18<21:59,  1.75it/s]
qwen2.5-vl/pope/ricd/gqa/adversarial/seed1:  23%|██▎       | 696/3000 [06:19<21:57,  1.75it/s]
qwen2.5-vl/pope/ricd/gqa/adversarial/seed1:  23%|██▎       | 697/3000 [06:21<42:51,  1.12s/it]
qwen2.5-vl/pope/ricd/gqa/adversarial/seed1:  23%|██▎       | 698/3000 [06:24<56:19,  1.47s/it]
qwen2.5-vl/pope/ricd/gqa/adversarial/seed1:  23%|██▎       | 699/3000 [06:26<1:07:18,  1.75s/it]
qwen2.5-vl/pope/ricd/gqa/adversarial/seed1:  23%|██▎       | 700/3000 [06:28<1:13:51,  1.93s/it]
qwen2.5-vl/pope/ricd/gqa/adversarial/seed1:  23%|██▎       | 701/3000 [06:31<1:17:58,  2.04s/it]
qwen2.5-vl/pope/ricd/gqa/adversarial/seed1:  23%|██▎       | 702/3000 [06:33<1:20:54,  2.11s/it]
qwen2.5-vl/pope/ricd/gqa/adversarial/seed1:  23%|██▎       | 703/3000 [06:34<1:03:12,  1.65s/it]
qwen2.5-vl/pope/ricd/gqa/adversarial/seed1:  23%|██▎       | 704/3000 [06:34<50:43,  1.33s/it]  
qwen2.5-vl/pope/ricd/gqa/adversarial/seed1:  24%|██▎       | 705/3000 [06:35<41:59,  1.10s/it]
qwen2.5-vl/pope/ricd/gqa/adversarial/seed1:  24%|██▎       | 706/3000 [06:35<35:54,  1.06it/s]
qwen2.5-vl/pope/ricd/gqa/adversarial/seed1:  24%|██▎       | 707/3000 [06:36<31:41,  1.21it/s]
qwen2.5-vl/pope/ricd/gqa/adversarial/seed1:  24%|██▎       | 708/3000 [06:36<28:43,  1.33it/s]
qwen2.5-vl/pope/ricd/gqa/adversarial/seed1:  24%|██▎       | 709/3000 [06:37<23:47,  1.60it/s]
qwen2.5-vl/pope/ricd/gqa/adversarial/seed1:  24%|██▎       | 710/3000 [06:37<20:21,  1.88it/s]
qwen2.5-vl/pope/ricd/gqa/adversarial/seed1:  24%|██▎       | 711/3000 [06:37<17:55,  2.13it/s]
qwen2.5-vl/pope/ricd/gqa/adversarial/seed1:  24%|██▎       | 712/3000 [06:38<16:13,  2.35it/s]
qwen2.5-vl/pope/ricd/gqa/adversarial/seed1:  24%|██▍       | 713/3000 [06:38<15:03,  2.53it/s]
qwen2.5-vl/pope/ricd/gqa/adversarial/seed1:  24%|██▍       | 714/3000 [06:38<14:11,  2.69it/s]
qwen2.5-vl/pope/ricd/gqa/adversarial/seed1:  24%|██▍       | 715/3000 [06:39<16:44,  2.28it/s]
qwen2.5-vl/pope/ricd/gqa/adversarial/seed1:  24%|██▍       | 716/3000 [06:39<18:30,  2.06it/s]
qwen2.5-vl/pope/ricd/gqa/adversarial/seed1:  24%|██▍       | 717/3000 [06:40<19:45,  1.93it/s]
qwen2.5-vl/pope/ricd/gqa/adversarial/seed1:  24%|██▍       | 718/3000 [06:41<20:36,  1.85it/s]
qwen2.5-vl/pope/ricd/gqa/adversarial/seed1:  24%|██▍       | 719/3000 [06:41<21:12,  1.79it/s]
qwen2.5-vl/pope/ricd/gqa/adversarial/seed1:  24%|██▍       | 720/3000 [06:42<21:56,  1.73it/s]
qwen2.5-vl/pope/ricd/gqa/adversarial/seed1:  24%|██▍       | 721/3000 [06:43<22:17,  1.70it/s]
qwen2.5-vl/pope/ricd/gqa/adversarial/seed1:  24%|██▍       | 722/3000 [06:43<22:27,  1.69it/s]
qwen2.5-vl/pope/ricd/gqa/adversarial/seed1:  24%|██▍       | 723/3000 [06:44<22:35,  1.68it/s]
qwen2.5-vl/pope/ricd/gqa/adversarial/seed1:  24%|██▍       | 724/3000 [06:44<22:40,  1.67it/s]
qwen2.5-vl/pope/ricd/gqa/adversarial/seed1:  24%|██▍       | 725/3000 [06:45<22:42,  1.67it/s]
qwen2.5-vl/pope/ricd/gqa/adversarial/seed1:  24%|██▍       | 726/3000 [06:46<22:44,  1.67it/s]
qwen2.5-vl/pope/ricd/gqa/adversarial/seed1:  24%|██▍       | 727/3000 [06:48<45:31,  1.20s/it]
qwen2.5-vl/pope/ricd/gqa/adversarial/seed1:  24%|██▍       | 728/3000 [06:51<59:48,  1.58s/it]
qwen2.5-vl/pope/ricd/gqa/adversarial/seed1:  24%|██▍       | 729/3000 [06:53<1:09:41,  1.84s/it]
qwen2.5-vl/pope/ricd/gqa/adversarial/seed1:  24%|██▍       | 730/3000 [06:55<1:16:38,  2.03s/it]
qwen2.5-vl/pope/ricd/gqa/adversarial/seed1:  24%|██▍       | 731/3000 [06:58<1:21:26,  2.15s/it]
qwen2.5-vl/pope/ricd/gqa/adversarial/seed1:  24%|██▍       | 732/3000 [07:00<1:24:47,  2.24s/it]
qwen2.5-vl/pope/ricd/gqa/adversarial/seed1:  24%|██▍       | 733/3000 [07:01<1:05:43,  1.74s/it]
qwen2.5-vl/pope/ricd/gqa/adversarial/seed1:  24%|██▍       | 734/3000 [07:02<52:21,  1.39s/it]  
qwen2.5-vl/pope/ricd/gqa/adversarial/seed1:  24%|██▍       | 735/3000 [07:02<43:00,  1.14s/it]
qwen2.5-vl/pope/ricd/gqa/adversarial/seed1:  25%|██▍       | 736/3000 [07:03<36:31,  1.03it/s]
qwen2.5-vl/pope/ricd/gqa/adversarial/seed1:  25%|██▍       | 737/3000 [07:03<31:57,  1.18it/s]
qwen2.5-vl/pope/ricd/gqa/adversarial/seed1:  25%|██▍       | 738/3000 [07:04<28:46,  1.31it/s]
qwen2.5-vl/pope/ricd/gqa/adversarial/seed1:  25%|██▍       | 739/3000 [07:04<26:30,  1.42it/s]
qwen2.5-vl/pope/ricd/gqa/adversarial/seed1:  25%|██▍       | 740/3000 [07:05<24:54,  1.51it/s]
qwen2.5-vl/pope/ricd/gqa/adversarial/seed1:  25%|██▍       | 741/3000 [07:05<24:02,  1.57it/s]
qwen2.5-vl/pope/ricd/gqa/adversarial/seed1:  25%|██▍       | 742/3000 [07:06<23:12,  1.62it/s]
qwen2.5-vl/pope/ricd/gqa/adversarial/seed1:  25%|██▍       | 743/3000 [07:07<23:07,  1.63it/s]
qwen2.5-vl/pope/ricd/gqa/adversarial/seed1:  25%|██▍       | 744/3000 [07:07<22:36,  1.66it/s]
qwen2.5-vl/pope/ricd/gqa/adversarial/seed1:  25%|██▍       | 745/3000 [07:08<20:08,  1.87it/s]
qwen2.5-vl/pope/ricd/gqa/adversarial/seed1:  25%|██▍       | 746/3000 [07:08<18:24,  2.04it/s]
qwen2.5-vl/pope/ricd/gqa/adversarial/seed1:  25%|██▍       | 747/3000 [07:08<17:14,  2.18it/s]
qwen2.5-vl/pope/ricd/gqa/adversarial/seed1:  25%|██▍       | 748/3000 [07:09<16:27,  2.28it/s]
qwen2.5-vl/pope/ricd/gqa/adversarial/seed1:  25%|██▍       | 749/3000 [07:09<15:57,  2.35it/s]
qwen2.5-vl/pope/ricd/gqa/adversarial/seed1:  25%|██▌       | 750/3000 [07:10<15:40,  2.39it/s]
qwen2.5-vl/pope/ricd/gqa/adversarial/seed1:  25%|██▌       | 751/3000 [07:10<17:17,  2.17it/s]
qwen2.5-vl/pope/ricd/gqa/adversarial/seed1:  25%|██▌       | 752/3000 [07:11<18:34,  2.02it/s]
qwen2.5-vl/pope/ricd/gqa/adversarial/seed1:  25%|██▌       | 753/3000 [07:11<19:18,  1.94it/s]
qwen2.5-vl/pope/ricd/gqa/adversarial/seed1:  25%|██▌       | 754/3000 [07:12<19:47,  1.89it/s]
qwen2.5-vl/pope/ricd/gqa/adversarial/seed1:  25%|██▌       | 755/3000 [07:12<20:06,  1.86it/s]
qwen2.5-vl/pope/ricd/gqa/adversarial/seed1:  25%|██▌       | 756/3000 [07:13<20:26,  1.83it/s]
qwen2.5-vl/pope/ricd/gqa/adversarial/seed1:  25%|██▌       | 757/3000 [07:13<18:32,  2.02it/s]
qwen2.5-vl/pope/ricd/gqa/adversarial/seed1:  25%|██▌       | 758/3000 [07:14<17:23,  2.15it/s]
qwen2.5-vl/pope/ricd/gqa/adversarial/seed1:  25%|██▌       | 759/3000 [07:14<16:36,  2.25it/s]
qwen2.5-vl/pope/ricd/gqa/adversarial/seed1:  25%|██▌       | 760/3000 [07:15<16:05,  2.32it/s]
qwen2.5-vl/pope/ricd/gqa/adversarial/seed1:  25%|██▌       | 761/3000 [07:15<15:45,  2.37it/s]
qwen2.5-vl/pope/ricd/gqa/adversarial/seed1:  25%|██▌       | 762/3000 [07:15<15:12,  2.45it/s]
qwen2.5-vl/pope/ricd/gqa/adversarial/seed1:  25%|██▌       | 763/3000 [07:16<16:55,  2.20it/s]
qwen2.5-vl/pope/ricd/gqa/adversarial/seed1:  25%|██▌       | 764/3000 [07:16<18:09,  2.05it/s]
qwen2.5-vl/pope/ricd/gqa/adversarial/seed1:  26%|██▌       | 765/3000 [07:17<19:05,  1.95it/s]
qwen2.5-vl/pope/ricd/gqa/adversarial/seed1:  26%|██▌       | 766/3000 [07:18<19:36,  1.90it/s]
qwen2.5-vl/pope/ricd/gqa/adversarial/seed1:  26%|██▌       | 767/3000 [07:18<19:59,  1.86it/s]
qwen2.5-vl/pope/ricd/gqa/adversarial/seed1:  26%|██▌       | 768/3000 [07:19<20:14,  1.84it/s]
qwen2.5-vl/pope/ricd/gqa/adversarial/seed1:  26%|██▌       | 769/3000 [07:19<20:25,  1.82it/s]
qwen2.5-vl/pope/ricd/gqa/adversarial/seed1:  26%|██▌       | 770/3000 [07:20<20:32,  1.81it/s]
qwen2.5-vl/pope/ricd/gqa/adversarial/seed1:  26%|██▌       | 771/3000 [07:20<20:37,  1.80it/s]
qwen2.5-vl/pope/ricd/gqa/adversarial/seed1:  26%|██▌       | 772/3000 [07:21<20:40,  1.80it/s]
qwen2.5-vl/pope/ricd/gqa/adversarial/seed1:  26%|██▌       | 773/3000 [07:21<20:43,  1.79it/s]
qwen2.5-vl/pope/ricd/gqa/adversarial/seed1:  26%|██▌       | 774/3000 [07:22<20:44,  1.79it/s]
qwen2.5-vl/pope/ricd/gqa/adversarial/seed1:  26%|██▌       | 775/3000 [07:22<18:44,  1.98it/s]
qwen2.5-vl/pope/ricd/gqa/adversarial/seed1:  26%|██▌       | 776/3000 [07:23<17:20,  2.14it/s]
qwen2.5-vl/pope/ricd/gqa/adversarial/seed1:  26%|██▌       | 777/3000 [07:23<16:21,  2.26it/s]
qwen2.5-vl/pope/ricd/gqa/adversarial/seed1:  26%|██▌       | 778/3000 [07:24<15:41,  2.36it/s]
qwen2.5-vl/pope/ricd/gqa/adversarial/seed1:  26%|██▌       | 779/3000 [07:24<15:12,  2.43it/s]
qwen2.5-vl/pope/ricd/gqa/adversarial/seed1:  26%|██▌       | 780/3000 [07:24<14:52,  2.49it/s]
qwen2.5-vl/pope/ricd/gqa/adversarial/seed1:  26%|██▌       | 781/3000 [07:25<16:36,  2.23it/s]
qwen2.5-vl/pope/ricd/gqa/adversarial/seed1:  26%|██▌       | 782/3000 [07:25<17:49,  2.07it/s]
qwen2.5-vl/pope/ricd/gqa/adversarial/seed1:  26%|██▌       | 783/3000 [07:26<18:44,  1.97it/s]
qwen2.5-vl/pope/ricd/gqa/adversarial/seed1:  26%|██▌       | 784/3000 [07:27<19:24,  1.90it/s]
qwen2.5-vl/pope/ricd/gqa/adversarial/seed1:  26%|██▌       | 785/3000 [07:27<19:50,  1.86it/s]
qwen2.5-vl/pope/ricd/gqa/adversarial/seed1:  26%|██▌       | 786/3000 [07:28<20:10,  1.83it/s]
qwen2.5-vl/pope/ricd/gqa/adversarial/seed1:  26%|██▌       | 787/3000 [07:28<20:25,  1.81it/s]
qwen2.5-vl/pope/ricd/gqa/adversarial/seed1:  26%|██▋       | 788/3000 [07:29<20:32,  1.79it/s]
qwen2.5-vl/pope/ricd/gqa/adversarial/seed1:  26%|██▋       | 789/3000 [07:29<20:42,  1.78it/s]
qwen2.5-vl/pope/ricd/gqa/adversarial/seed1:  26%|██▋       | 790/3000 [07:30<20:48,  1.77it/s]
qwen2.5-vl/pope/ricd/gqa/adversarial/seed1:  26%|██▋       | 791/3000 [07:31<20:47,  1.77it/s]
qwen2.5-vl/pope/ricd/gqa/adversarial/seed1:  26%|██▋       | 792/3000 [07:31<20:52,  1.76it/s]
qwen2.5-vl/pope/ricd/gqa/adversarial/seed1:  26%|██▋       | 793/3000 [07:32<20:53,  1.76it/s]
qwen2.5-vl/pope/ricd/gqa/adversarial/seed1:  26%|██▋       | 794/3000 [07:32<21:13,  1.73it/s]
qwen2.5-vl/pope/ricd/gqa/adversarial/seed1:  26%|██▋       | 795/3000 [07:33<21:24,  1.72it/s]
qwen2.5-vl/pope/ricd/gqa/adversarial/seed1:  27%|██▋       | 796/3000 [07:33<21:27,  1.71it/s]
qwen2.5-vl/pope/ricd/gqa/adversarial/seed1:  27%|██▋       | 797/3000 [07:34<21:20,  1.72it/s]
qwen2.5-vl/pope/ricd/gqa/adversarial/seed1:  27%|██▋       | 798/3000 [07:35<21:28,  1.71it/s]
qwen2.5-vl/pope/ricd/gqa/adversarial/seed1:  27%|██▋       | 799/3000 [07:35<19:27,  1.89it/s]
qwen2.5-vl/pope/ricd/gqa/adversarial/seed1:  27%|██▋       | 800/3000 [07:35<17:51,  2.05it/s]
qwen2.5-vl/pope/ricd/gqa/adversarial/seed1:  27%|██▋       | 801/3000 [07:36<16:41,  2.20it/s]
qwen2.5-vl/pope/ricd/gqa/adversarial/seed1:  27%|██▋       | 802/3000 [07:36<15:53,  2.31it/s]
qwen2.5-vl/pope/ricd/gqa/adversarial/seed1:  27%|██▋       | 803/3000 [07:37<15:24,  2.38it/s]
qwen2.5-vl/pope/ricd/gqa/adversarial/seed1:  27%|██▋       | 804/3000 [07:37<14:59,  2.44it/s]
qwen2.5-vl/pope/ricd/gqa/adversarial/seed1:  27%|██▋       | 805/3000 [07:38<16:39,  2.20it/s]
qwen2.5-vl/pope/ricd/gqa/adversarial/seed1:  27%|██▋       | 806/3000 [07:38<17:49,  2.05it/s]
qwen2.5-vl/pope/ricd/gqa/adversarial/seed1:  27%|██▋       | 807/3000 [07:39<18:41,  1.96it/s]
qwen2.5-vl/pope/ricd/gqa/adversarial/seed1:  27%|██▋       | 808/3000 [07:39<19:16,  1.89it/s]
qwen2.5-vl/pope/ricd/gqa/adversarial/seed1:  27%|██▋       | 809/3000 [07:40<19:38,  1.86it/s]
qwen2.5-vl/pope/ricd/gqa/adversarial/seed1:  27%|██▋       | 810/3000 [07:40<19:54,  1.83it/s]
qwen2.5-vl/pope/ricd/gqa/adversarial/seed1:  27%|██▋       | 811/3000 [07:41<20:03,  1.82it/s]
qwen2.5-vl/pope/ricd/gqa/adversarial/seed1:  27%|██▋       | 812/3000 [07:42<20:15,  1.80it/s]
qwen2.5-vl/pope/ricd/gqa/adversarial/seed1:  27%|██▋       | 813/3000 [07:42<20:22,  1.79it/s]
qwen2.5-vl/pope/ricd/gqa/adversarial/seed1:  27%|██▋       | 814/3000 [07:43<20:26,  1.78it/s]
qwen2.5-vl/pope/ricd/gqa/adversarial/seed1:  27%|██▋       | 815/3000 [07:43<20:34,  1.77it/s]
qwen2.5-vl/pope/ricd/gqa/adversarial/seed1:  27%|██▋       | 816/3000 [07:44<20:31,  1.77it/s]
qwen2.5-vl/pope/ricd/gqa/adversarial/seed1:  27%|██▋       | 817/3000 [07:44<18:31,  1.96it/s]
qwen2.5-vl/pope/ricd/gqa/adversarial/seed1:  27%|██▋       | 818/3000 [07:45<17:07,  2.12it/s]
qwen2.5-vl/pope/ricd/gqa/adversarial/seed1:  27%|██▋       | 819/3000 [07:45<16:11,  2.25it/s]
qwen2.5-vl/pope/ricd/gqa/adversarial/seed1:  27%|██▋       | 820/3000 [07:45<15:32,  2.34it/s]
qwen2.5-vl/pope/ricd/gqa/adversarial/seed1:  27%|██▋       | 821/3000 [07:46<15:05,  2.41it/s]
qwen2.5-vl/pope/ricd/gqa/adversarial/seed1:  27%|██▋       | 822/3000 [07:46<14:44,  2.46it/s]
qwen2.5-vl/pope/ricd/gqa/adversarial/seed1:  27%|██▋       | 823/3000 [07:46<14:28,  2.51it/s]
qwen2.5-vl/pope/ricd/gqa/adversarial/seed1:  27%|██▋       | 824/3000 [07:47<14:17,  2.54it/s]
qwen2.5-vl/pope/ricd/gqa/adversarial/seed1:  28%|██▊       | 825/3000 [07:47<14:09,  2.56it/s]
qwen2.5-vl/pope/ricd/gqa/adversarial/seed1:  28%|██▊       | 826/3000 [07:48<14:05,  2.57it/s]
qwen2.5-vl/pope/ricd/gqa/adversarial/seed1:  28%|██▊       | 827/3000 [07:48<14:00,  2.58it/s]
qwen2.5-vl/pope/ricd/gqa/adversarial/seed1:  28%|██▊       | 828/3000 [07:48<13:57,  2.59it/s]
qwen2.5-vl/pope/ricd/gqa/adversarial/seed1:  28%|██▊       | 829/3000 [07:49<13:54,  2.60it/s]
qwen2.5-vl/pope/ricd/gqa/adversarial/seed1:  28%|██▊       | 830/3000 [07:49<13:51,  2.61it/s]
qwen2.5-vl/pope/ricd/gqa/adversarial/seed1:  28%|██▊       | 831/3000 [07:50<13:53,  2.60it/s]
qwen2.5-vl/pope/ricd/gqa/adversarial/seed1:  28%|██▊       | 832/3000 [07:50<13:53,  2.60it/s]
qwen2.5-vl/pope/ricd/gqa/adversarial/seed1:  28%|██▊       | 833/3000 [07:50<13:51,  2.61it/s]
qwen2.5-vl/pope/ricd/gqa/adversarial/seed1:  28%|██▊       | 834/3000 [07:51<13:51,  2.61it/s]
qwen2.5-vl/pope/ricd/gqa/adversarial/seed1:  28%|██▊       | 835/3000 [07:51<16:45,  2.15it/s]
qwen2.5-vl/pope/ricd/gqa/adversarial/seed1:  28%|██▊       | 836/3000 [07:52<18:48,  1.92it/s]
qwen2.5-vl/pope/ricd/gqa/adversarial/seed1:  28%|██▊       | 837/3000 [07:53<20:12,  1.78it/s]
qwen2.5-vl/pope/ricd/gqa/adversarial/seed1:  28%|██▊       | 838/3000 [07:53<21:10,  1.70it/s]
qwen2.5-vl/pope/ricd/gqa/adversarial/seed1:  28%|██▊       | 839/3000 [07:54<21:51,  1.65it/s]
qwen2.5-vl/pope/ricd/gqa/adversarial/seed1:  28%|██▊       | 840/3000 [07:55<22:19,  1.61it/s]
qwen2.5-vl/pope/ricd/gqa/adversarial/seed1:  28%|██▊       | 841/3000 [07:55<19:44,  1.82it/s]
qwen2.5-vl/pope/ricd/gqa/adversarial/seed1:  28%|██▊       | 842/3000 [07:55<17:56,  2.00it/s]
qwen2.5-vl/pope/ricd/gqa/adversarial/seed1:  28%|██▊       | 843/3000 [07:56<17:15,  2.08it/s]
qwen2.5-vl/pope/ricd/gqa/adversarial/seed1:  28%|██▊       | 844/3000 [07:56<16:16,  2.21it/s]
qwen2.5-vl/pope/ricd/gqa/adversarial/seed1:  28%|██▊       | 845/3000 [07:57<15:32,  2.31it/s]
qwen2.5-vl/pope/ricd/gqa/adversarial/seed1:  28%|██▊       | 846/3000 [07:57<15:00,  2.39it/s]
qwen2.5-vl/pope/ricd/gqa/adversarial/seed1:  28%|██▊       | 847/3000 [07:58<16:36,  2.16it/s]
qwen2.5-vl/pope/ricd/gqa/adversarial/seed1:  28%|██▊       | 848/3000 [07:58<17:42,  2.03it/s]
qwen2.5-vl/pope/ricd/gqa/adversarial/seed1:  28%|██▊       | 849/3000 [07:59<18:29,  1.94it/s]
qwen2.5-vl/pope/ricd/gqa/adversarial/seed1:  28%|██▊       | 850/3000 [07:59<19:01,  1.88it/s]
qwen2.5-vl/pope/ricd/gqa/adversarial/seed1:  28%|██▊       | 851/3000 [08:00<19:25,  1.84it/s]
qwen2.5-vl/pope/ricd/gqa/adversarial/seed1:  28%|██▊       | 852/3000 [08:00<19:46,  1.81it/s]
qwen2.5-vl/pope/ricd/gqa/adversarial/seed1:  28%|██▊       | 853/3000 [08:01<20:00,  1.79it/s]
qwen2.5-vl/pope/ricd/gqa/adversarial/seed1:  28%|██▊       | 854/3000 [08:02<20:03,  1.78it/s]
qwen2.5-vl/pope/ricd/gqa/adversarial/seed1:  28%|██▊       | 855/3000 [08:02<20:08,  1.77it/s]
qwen2.5-vl/pope/ricd/gqa/adversarial/seed1:  29%|██▊       | 856/3000 [08:03<20:08,  1.77it/s]
qwen2.5-vl/pope/ricd/gqa/adversarial/seed1:  29%|██▊       | 857/3000 [08:03<20:08,  1.77it/s]
qwen2.5-vl/pope/ricd/gqa/adversarial/seed1:  29%|██▊       | 858/3000 [08:04<20:11,  1.77it/s]
qwen2.5-vl/pope/ricd/gqa/adversarial/seed1:  29%|██▊       | 859/3000 [08:04<20:12,  1.77it/s]
qwen2.5-vl/pope/ricd/gqa/adversarial/seed1:  29%|██▊       | 860/3000 [08:05<20:15,  1.76it/s]
qwen2.5-vl/pope/ricd/gqa/adversarial/seed1:  29%|██▊       | 861/3000 [08:05<20:17,  1.76it/s]
qwen2.5-vl/pope/ricd/gqa/adversarial/seed1:  29%|██▊       | 862/3000 [08:06<20:13,  1.76it/s]
qwen2.5-vl/pope/ricd/gqa/adversarial/seed1:  29%|██▉       | 863/3000 [08:07<20:12,  1.76it/s]
qwen2.5-vl/pope/ricd/gqa/adversarial/seed1:  29%|██▉       | 864/3000 [08:07<20:13,  1.76it/s]
qwen2.5-vl/pope/ricd/gqa/adversarial/seed1:  29%|██▉       | 865/3000 [08:08<18:17,  1.94it/s]
qwen2.5-vl/pope/ricd/gqa/adversarial/seed1:  29%|██▉       | 866/3000 [08:08<16:56,  2.10it/s]
qwen2.5-vl/pope/ricd/gqa/adversarial/seed1:  29%|██▉       | 867/3000 [08:08<16:00,  2.22it/s]
qwen2.5-vl/pope/ricd/gqa/adversarial/seed1:  29%|██▉       | 868/3000 [08:09<15:19,  2.32it/s]
qwen2.5-vl/pope/ricd/gqa/adversarial/seed1:  29%|██▉       | 869/3000 [08:09<14:57,  2.37it/s]
qwen2.5-vl/pope/ricd/gqa/adversarial/seed1:  29%|██▉       | 870/3000 [08:10<14:38,  2.42it/s]
qwen2.5-vl/pope/ricd/gqa/adversarial/seed1:  29%|██▉       | 871/3000 [08:10<16:22,  2.17it/s]
qwen2.5-vl/pope/ricd/gqa/adversarial/seed1:  29%|██▉       | 872/3000 [08:11<17:28,  2.03it/s]
qwen2.5-vl/pope/ricd/gqa/adversarial/seed1:  29%|██▉       | 873/3000 [08:11<18:14,  1.94it/s]
qwen2.5-vl/pope/ricd/gqa/adversarial/seed1:  29%|██▉       | 874/3000 [08:12<18:47,  1.88it/s]
qwen2.5-vl/pope/ricd/gqa/adversarial/seed1:  29%|██▉       | 875/3000 [08:12<19:09,  1.85it/s]
qwen2.5-vl/pope/ricd/gqa/adversarial/seed1:  29%|██▉       | 876/3000 [08:13<19:24,  1.82it/s]
qwen2.5-vl/pope/ricd/gqa/adversarial/seed1:  29%|██▉       | 877/3000 [08:13<17:35,  2.01it/s]
qwen2.5-vl/pope/ricd/gqa/adversarial/seed1:  29%|██▉       | 878/3000 [08:14<16:24,  2.16it/s]
qwen2.5-vl/pope/ricd/gqa/adversarial/seed1:  29%|██▉       | 879/3000 [08:14<15:28,  2.28it/s]
qwen2.5-vl/pope/ricd/gqa/adversarial/seed1:  29%|██▉       | 880/3000 [08:14<14:51,  2.38it/s]
qwen2.5-vl/pope/ricd/gqa/adversarial/seed1:  29%|██▉       | 881/3000 [08:15<14:26,  2.45it/s]
qwen2.5-vl/pope/ricd/gqa/adversarial/seed1:  29%|██▉       | 882/3000 [08:15<14:08,  2.50it/s]
qwen2.5-vl/pope/ricd/gqa/adversarial/seed1:  29%|██▉       | 883/3000 [08:16<15:57,  2.21it/s]
qwen2.5-vl/pope/ricd/gqa/adversarial/seed1:  29%|██▉       | 884/3000 [08:16<17:16,  2.04it/s]
qwen2.5-vl/pope/ricd/gqa/adversarial/seed1:  30%|██▉       | 885/3000 [08:17<18:08,  1.94it/s]
qwen2.5-vl/pope/ricd/gqa/adversarial/seed1:  30%|██▉       | 886/3000 [08:18<18:43,  1.88it/s]
qwen2.5-vl/pope/ricd/gqa/adversarial/seed1:  30%|██▉       | 887/3000 [08:18<19:13,  1.83it/s]
qwen2.5-vl/pope/ricd/gqa/adversarial/seed1:  30%|██▉       | 888/3000 [08:19<19:47,  1.78it/s]
qwen2.5-vl/pope/ricd/gqa/adversarial/seed1:  30%|██▉       | 889/3000 [08:19<19:59,  1.76it/s]
qwen2.5-vl/pope/ricd/gqa/adversarial/seed1:  30%|██▉       | 890/3000 [08:20<20:06,  1.75it/s]
qwen2.5-vl/pope/ricd/gqa/adversarial/seed1:  30%|██▉       | 891/3000 [08:20<20:05,  1.75it/s]
qwen2.5-vl/pope/ricd/gqa/adversarial/seed1:  30%|██▉       | 892/3000 [08:21<20:04,  1.75it/s]
qwen2.5-vl/pope/ricd/gqa/adversarial/seed1:  30%|██▉       | 893/3000 [08:22<20:00,  1.76it/s]
qwen2.5-vl/pope/ricd/gqa/adversarial/seed1:  30%|██▉       | 894/3000 [08:22<19:59,  1.76it/s]
qwen2.5-vl/pope/ricd/gqa/adversarial/seed1:  30%|██▉       | 895/3000 [08:23<20:00,  1.75it/s]
qwen2.5-vl/pope/ricd/gqa/adversarial/seed1:  30%|██▉       | 896/3000 [08:23<19:58,  1.76it/s]
qwen2.5-vl/pope/ricd/gqa/adversarial/seed1:  30%|██▉       | 897/3000 [08:24<19:56,  1.76it/s]
qwen2.5-vl/pope/ricd/gqa/adversarial/seed1:  30%|██▉       | 898/3000 [08:24<19:56,  1.76it/s]
qwen2.5-vl/pope/ricd/gqa/adversarial/seed1:  30%|██▉       | 899/3000 [08:25<19:58,  1.75it/s]
qwen2.5-vl/pope/ricd/gqa/adversarial/seed1:  30%|███       | 900/3000 [08:26<19:56,  1.76it/s]
qwen2.5-vl/pope/ricd/gqa/adversarial/seed1:  30%|███       | 901/3000 [08:26<17:54,  1.95it/s]
qwen2.5-vl/pope/ricd/gqa/adversarial/seed1:  30%|███       | 902/3000 [08:26<16:32,  2.11it/s]
qwen2.5-vl/pope/ricd/gqa/adversarial/seed1:  30%|███       | 903/3000 [08:27<15:34,  2.24it/s]
qwen2.5-vl/pope/ricd/gqa/adversarial/seed1:  30%|███       | 904/3000 [08:27<14:51,  2.35it/s]
qwen2.5-vl/pope/ricd/gqa/adversarial/seed1:  30%|███       | 905/3000 [08:27<14:26,  2.42it/s]
qwen2.5-vl/pope/ricd/gqa/adversarial/seed1:  30%|███       | 906/3000 [08:28<14:03,  2.48it/s]
qwen2.5-vl/pope/ricd/gqa/adversarial/seed1:  30%|███       | 907/3000 [08:28<15:49,  2.20it/s]
qwen2.5-vl/pope/ricd/gqa/adversarial/seed1:  30%|███       | 908/3000 [08:29<17:07,  2.04it/s]
qwen2.5-vl/pope/ricd/gqa/adversarial/seed1:  30%|███       | 909/3000 [08:30<17:55,  1.94it/s]
qwen2.5-vl/pope/ricd/gqa/adversarial/seed1:  30%|███       | 910/3000 [08:30<18:26,  1.89it/s]
qwen2.5-vl/pope/ricd/gqa/adversarial/seed1:  30%|███       | 911/3000 [08:31<18:52,  1.84it/s]
qwen2.5-vl/pope/ricd/gqa/adversarial/seed1:  30%|███       | 912/3000 [08:31<19:12,  1.81it/s]
qwen2.5-vl/pope/ricd/gqa/adversarial/seed1:  30%|███       | 913/3000 [08:32<17:14,  2.02it/s]
qwen2.5-vl/pope/ricd/gqa/adversarial/seed1:  30%|███       | 914/3000 [08:32<15:50,  2.19it/s]
qwen2.5-vl/pope/ricd/gqa/adversarial/seed1:  30%|███       | 915/3000 [08:32<14:52,  2.34it/s]
qwen2.5-vl/pope/ricd/gqa/adversarial/seed1:  31%|███       | 916/3000 [08:33<14:10,  2.45it/s]
qwen2.5-vl/pope/ricd/gqa/adversarial/seed1:  31%|███       | 917/3000 [08:33<13:42,  2.53it/s]
qwen2.5-vl/pope/ricd/gqa/adversarial/seed1:  31%|███       | 918/3000 [08:33<13:24,  2.59it/s]
qwen2.5-vl/pope/ricd/gqa/adversarial/seed1:  31%|███       | 919/3000 [08:34<15:17,  2.27it/s]
qwen2.5-vl/pope/ricd/gqa/adversarial/seed1:  31%|███       | 920/3000 [08:35<16:36,  2.09it/s]
qwen2.5-vl/pope/ricd/gqa/adversarial/seed1:  31%|███       | 921/3000 [08:35<17:33,  1.97it/s]
qwen2.5-vl/pope/ricd/gqa/adversarial/seed1:  31%|███       | 922/3000 [08:36<18:12,  1.90it/s]
qwen2.5-vl/pope/ricd/gqa/adversarial/seed1:  31%|███       | 923/3000 [08:36<18:37,  1.86it/s]
qwen2.5-vl/pope/ricd/gqa/adversarial/seed1:  31%|███       | 924/3000 [08:37<18:55,  1.83it/s]
qwen2.5-vl/pope/ricd/gqa/adversarial/seed1:  31%|███       | 925/3000 [08:37<17:15,  2.00it/s]
qwen2.5-vl/pope/ricd/gqa/adversarial/seed1:  31%|███       | 926/3000 [08:38<16:08,  2.14it/s]
qwen2.5-vl/pope/ricd/gqa/adversarial/seed1:  31%|███       | 927/3000 [08:38<15:16,  2.26it/s]
qwen2.5-vl/pope/ricd/gqa/adversarial/seed1:  31%|███       | 928/3000 [08:38<14:40,  2.35it/s]
qwen2.5-vl/pope/ricd/gqa/adversarial/seed1:  31%|███       | 929/3000 [08:39<14:14,  2.42it/s]
qwen2.5-vl/pope/ricd/gqa/adversarial/seed1:  31%|███       | 930/3000 [08:39<13:56,  2.48it/s]
qwen2.5-vl/pope/ricd/gqa/adversarial/seed1:  31%|███       | 931/3000 [08:40<13:46,  2.50it/s]
qwen2.5-vl/pope/ricd/gqa/adversarial/seed1:  31%|███       | 932/3000 [08:40<13:37,  2.53it/s]
qwen2.5-vl/pope/ricd/gqa/adversarial/seed1:  31%|███       | 933/3000 [08:40<13:30,  2.55it/s]
qwen2.5-vl/pope/ricd/gqa/adversarial/seed1:  31%|███       | 934/3000 [08:41<13:24,  2.57it/s]
qwen2.5-vl/pope/ricd/gqa/adversarial/seed1:  31%|███       | 935/3000 [08:41<13:21,  2.58it/s]
qwen2.5-vl/pope/ricd/gqa/adversarial/seed1:  31%|███       | 936/3000 [08:41<13:18,  2.58it/s]
qwen2.5-vl/pope/ricd/gqa/adversarial/seed1:  31%|███       | 937/3000 [08:42<13:14,  2.60it/s]
qwen2.5-vl/pope/ricd/gqa/adversarial/seed1:  31%|███▏      | 938/3000 [08:42<13:12,  2.60it/s]
qwen2.5-vl/pope/ricd/gqa/adversarial/seed1:  31%|███▏      | 939/3000 [08:43<13:09,  2.61it/s]
qwen2.5-vl/pope/ricd/gqa/adversarial/seed1:  31%|███▏      | 940/3000 [08:43<13:08,  2.61it/s]
qwen2.5-vl/pope/ricd/gqa/adversarial/seed1:  31%|███▏      | 941/3000 [08:43<13:10,  2.61it/s]
qwen2.5-vl/pope/ricd/gqa/adversarial/seed1:  31%|███▏      | 942/3000 [08:44<13:02,  2.63it/s]
qwen2.5-vl/pope/ricd/gqa/adversarial/seed1:  31%|███▏      | 943/3000 [08:44<14:56,  2.30it/s]
qwen2.5-vl/pope/ricd/gqa/adversarial/seed1:  31%|███▏      | 944/3000 [08:45<16:15,  2.11it/s]
qwen2.5-vl/pope/ricd/gqa/adversarial/seed1:  32%|███▏      | 945/3000 [08:45<17:15,  1.98it/s]
qwen2.5-vl/pope/ricd/gqa/adversarial/seed1:  32%|███▏      | 946/3000 [08:46<17:52,  1.92it/s]
qwen2.5-vl/pope/ricd/gqa/adversarial/seed1:  32%|███▏      | 947/3000 [08:47<18:17,  1.87it/s]
qwen2.5-vl/pope/ricd/gqa/adversarial/seed1:  32%|███▏      | 948/3000 [08:47<18:36,  1.84it/s]
qwen2.5-vl/pope/ricd/gqa/adversarial/seed1:  32%|███▏      | 949/3000 [08:48<16:59,  2.01it/s]
qwen2.5-vl/pope/ricd/gqa/adversarial/seed1:  32%|███▏      | 950/3000 [08:48<15:51,  2.16it/s]
qwen2.5-vl/pope/ricd/gqa/adversarial/seed1:  32%|███▏      | 951/3000 [08:48<15:01,  2.27it/s]
qwen2.5-vl/pope/ricd/gqa/adversarial/seed1:  32%|███▏      | 952/3000 [08:49<14:27,  2.36it/s]
qwen2.5-vl/pope/ricd/gqa/adversarial/seed1:  32%|███▏      | 953/3000 [08:49<14:02,  2.43it/s]
qwen2.5-vl/pope/ricd/gqa/adversarial/seed1:  32%|███▏      | 954/3000 [08:49<13:45,  2.48it/s]
qwen2.5-vl/pope/ricd/gqa/adversarial/seed1:  32%|███▏      | 955/3000 [08:50<13:33,  2.52it/s]
qwen2.5-vl/pope/ricd/gqa/adversarial/seed1:  32%|███▏      | 956/3000 [08:50<13:23,  2.54it/s]
qwen2.5-vl/pope/ricd/gqa/adversarial/seed1:  32%|███▏      | 957/3000 [08:51<13:19,  2.55it/s]
qwen2.5-vl/pope/ricd/gqa/adversarial/seed1:  32%|███▏      | 958/3000 [08:51<13:14,  2.57it/s]
qwen2.5-vl/pope/ricd/gqa/adversarial/seed1:  32%|███▏      | 959/3000 [08:51<13:09,  2.59it/s]
qwen2.5-vl/pope/ricd/gqa/adversarial/seed1:  32%|███▏      | 960/3000 [08:52<13:06,  2.59it/s]
qwen2.5-vl/pope/ricd/gqa/adversarial/seed1:  32%|███▏      | 961/3000 [08:52<15:12,  2.24it/s]
qwen2.5-vl/pope/ricd/gqa/adversarial/seed1:  32%|███▏      | 962/3000 [08:53<16:40,  2.04it/s]
qwen2.5-vl/pope/ricd/gqa/adversarial/seed1:  32%|███▏      | 963/3000 [08:54<18:00,  1.88it/s]
qwen2.5-vl/pope/ricd/gqa/adversarial/seed1:  32%|███▏      | 964/3000 [08:54<18:46,  1.81it/s]
qwen2.5-vl/pope/ricd/gqa/adversarial/seed1:  32%|███▏      | 965/3000 [08:55<19:21,  1.75it/s]
qwen2.5-vl/pope/ricd/gqa/adversarial/seed1:  32%|███▏      | 966/3000 [08:55<19:37,  1.73it/s]
qwen2.5-vl/pope/ricd/gqa/adversarial/seed1:  32%|███▏      | 967/3000 [08:56<17:36,  1.92it/s]
qwen2.5-vl/pope/ricd/gqa/adversarial/seed1:  32%|███▏      | 968/3000 [08:56<16:12,  2.09it/s]
qwen2.5-vl/pope/ricd/gqa/adversarial/seed1:  32%|███▏      | 969/3000 [08:57<15:12,  2.23it/s]
qwen2.5-vl/pope/ricd/gqa/adversarial/seed1:  32%|███▏      | 970/3000 [08:57<14:32,  2.33it/s]
qwen2.5-vl/pope/ricd/gqa/adversarial/seed1:  32%|███▏      | 971/3000 [08:57<14:05,  2.40it/s]
qwen2.5-vl/pope/ricd/gqa/adversarial/seed1:  32%|███▏      | 972/3000 [08:58<13:44,  2.46it/s]
qwen2.5-vl/pope/ricd/gqa/adversarial/seed1:  32%|███▏      | 973/3000 [08:58<13:28,  2.51it/s]
qwen2.5-vl/pope/ricd/gqa/adversarial/seed1:  32%|███▏      | 974/3000 [08:58<13:18,  2.54it/s]
qwen2.5-vl/pope/ricd/gqa/adversarial/seed1:  32%|███▎      | 975/3000 [08:59<13:10,  2.56it/s]
qwen2.5-vl/pope/ricd/gqa/adversarial/seed1:  33%|███▎      | 976/3000 [08:59<13:05,  2.58it/s]
qwen2.5-vl/pope/ricd/gqa/adversarial/seed1:  33%|███▎      | 977/3000 [09:00<13:02,  2.58it/s]
qwen2.5-vl/pope/ricd/gqa/adversarial/seed1:  33%|███▎      | 978/3000 [09:00<13:02,  2.59it/s]
qwen2.5-vl/pope/ricd/gqa/adversarial/seed1:  33%|███▎      | 979/3000 [09:00<12:44,  2.64it/s]
qwen2.5-vl/pope/ricd/gqa/adversarial/seed1:  33%|███▎      | 980/3000 [09:01<13:13,  2.55it/s]
qwen2.5-vl/pope/ricd/gqa/adversarial/seed1:  33%|███▎      | 981/3000 [09:01<13:40,  2.46it/s]
qwen2.5-vl/pope/ricd/gqa/adversarial/seed1:  33%|███▎      | 982/3000 [09:02<13:26,  2.50it/s]
qwen2.5-vl/pope/ricd/gqa/adversarial/seed1:  33%|███▎      | 983/3000 [09:02<13:15,  2.53it/s]
qwen2.5-vl/pope/ricd/gqa/adversarial/seed1:  33%|███▎      | 984/3000 [09:02<12:53,  2.61it/s]
qwen2.5-vl/pope/ricd/gqa/adversarial/seed1:  33%|███▎      | 985/3000 [09:03<14:41,  2.29it/s]
qwen2.5-vl/pope/ricd/gqa/adversarial/seed1:  33%|███▎      | 986/3000 [09:03<15:57,  2.10it/s]
qwen2.5-vl/pope/ricd/gqa/adversarial/seed1:  33%|███▎      | 987/3000 [09:04<16:55,  1.98it/s]
qwen2.5-vl/pope/ricd/gqa/adversarial/seed1:  33%|███▎      | 988/3000 [09:05<17:29,  1.92it/s]
qwen2.5-vl/pope/ricd/gqa/adversarial/seed1:  33%|███▎      | 989/3000 [09:05<17:52,  1.88it/s]
qwen2.5-vl/pope/ricd/gqa/adversarial/seed1:  33%|███▎      | 990/3000 [09:06<18:10,  1.84it/s]
qwen2.5-vl/pope/ricd/gqa/adversarial/seed1:  33%|███▎      | 991/3000 [09:06<16:37,  2.01it/s]
qwen2.5-vl/pope/ricd/gqa/adversarial/seed1:  33%|███▎      | 992/3000 [09:07<15:28,  2.16it/s]
qwen2.5-vl/pope/ricd/gqa/adversarial/seed1:  33%|███▎      | 993/3000 [09:07<14:58,  2.23it/s]
qwen2.5-vl/pope/ricd/gqa/adversarial/seed1:  33%|███▎      | 994/3000 [09:07<14:36,  2.29it/s]
qwen2.5-vl/pope/ricd/gqa/adversarial/seed1:  33%|███▎      | 995/3000 [09:08<14:12,  2.35it/s]
qwen2.5-vl/pope/ricd/gqa/adversarial/seed1:  33%|███▎      | 996/3000 [09:08<13:47,  2.42it/s]
qwen2.5-vl/pope/ricd/gqa/adversarial/seed1:  33%|███▎      | 997/3000 [09:09<15:19,  2.18it/s]
qwen2.5-vl/pope/ricd/gqa/adversarial/seed1:  33%|███▎      | 998/3000 [09:09<16:21,  2.04it/s]
qwen2.5-vl/pope/ricd/gqa/adversarial/seed1:  33%|███▎      | 999/3000 [09:10<17:04,  1.95it/s]
qwen2.5-vl/pope/ricd/gqa/adversarial/seed1:  33%|███▎      | 1000/3000 [09:10<17:35,  1.89it/s]
qwen2.5-vl/pope/ricd/gqa/adversarial/seed1:  33%|███▎      | 1001/3000 [09:11<17:55,  1.86it/s]
qwen2.5-vl/pope/ricd/gqa/adversarial/seed1:  33%|███▎      | 1002/3000 [09:11<18:09,  1.83it/s]
qwen2.5-vl/pope/ricd/gqa/adversarial/seed1:  33%|███▎      | 1003/3000 [09:13<25:01,  1.33it/s]
qwen2.5-vl/pope/ricd/gqa/adversarial/seed1:  33%|███▎      | 1004/3000 [09:14<29:39,  1.12it/s]
qwen2.5-vl/pope/ricd/gqa/adversarial/seed1:  34%|███▎      | 1005/3000 [09:15<32:53,  1.01it/s]
qwen2.5-vl/pope/ricd/gqa/adversarial/seed1:  34%|███▎      | 1006/3000 [09:16<35:06,  1.06s/it]
qwen2.5-vl/pope/ricd/gqa/adversarial/seed1:  34%|███▎      | 1007/3000 [09:18<36:43,  1.11s/it]
qwen2.5-vl/pope/ricd/gqa/adversarial/seed1:  34%|███▎      | 1008/3000 [09:19<38:24,  1.16s/it]
qwen2.5-vl/pope/ricd/gqa/adversarial/seed1:  34%|███▎      | 1009/3000 [09:19<30:44,  1.08it/s]
qwen2.5-vl/pope/ricd/gqa/adversarial/seed1:  34%|███▎      | 1010/3000 [09:20<25:18,  1.31it/s]
qwen2.5-vl/pope/ricd/gqa/adversarial/seed1:  34%|███▎      | 1011/3000 [09:20<26:01,  1.27it/s]
qwen2.5-vl/pope/ricd/gqa/adversarial/seed1:  34%|███▎      | 1012/3000 [09:21<22:02,  1.50it/s]
qwen2.5-vl/pope/ricd/gqa/adversarial/seed1:  34%|███▍      | 1013/3000 [09:21<19:14,  1.72it/s]
qwen2.5-vl/pope/ricd/gqa/adversarial/seed1:  34%|███▍      | 1014/3000 [09:22<17:15,  1.92it/s]
qwen2.5-vl/pope/ricd/gqa/adversarial/seed1:  34%|███▍      | 1015/3000 [09:22<15:51,  2.09it/s]
qwen2.5-vl/pope/ricd/gqa/adversarial/seed1:  34%|███▍      | 1016/3000 [09:22<14:52,  2.22it/s]
qwen2.5-vl/pope/ricd/gqa/adversarial/seed1:  34%|███▍      | 1017/3000 [09:23<14:11,  2.33it/s]
qwen2.5-vl/pope/ricd/gqa/adversarial/seed1:  34%|███▍      | 1018/3000 [09:23<13:45,  2.40it/s]
qwen2.5-vl/pope/ricd/gqa/adversarial/seed1:  34%|███▍      | 1019/3000 [09:24<13:25,  2.46it/s]
qwen2.5-vl/pope/ricd/gqa/adversarial/seed1:  34%|███▍      | 1020/3000 [09:24<13:10,  2.51it/s]
qwen2.5-vl/pope/ricd/gqa/adversarial/seed1:  34%|███▍      | 1021/3000 [09:24<12:46,  2.58it/s]
qwen2.5-vl/pope/ricd/gqa/adversarial/seed1:  34%|███▍      | 1022/3000 [09:25<12:46,  2.58it/s]
qwen2.5-vl/pope/ricd/gqa/adversarial/seed1:  34%|███▍      | 1023/3000 [09:25<12:42,  2.59it/s]
qwen2.5-vl/pope/ricd/gqa/adversarial/seed1:  34%|███▍      | 1024/3000 [09:25<12:45,  2.58it/s]
qwen2.5-vl/pope/ricd/gqa/adversarial/seed1:  34%|███▍      | 1025/3000 [09:26<12:43,  2.59it/s]
qwen2.5-vl/pope/ricd/gqa/adversarial/seed1:  34%|███▍      | 1026/3000 [09:26<12:40,  2.59it/s]
qwen2.5-vl/pope/ricd/gqa/adversarial/seed1:  34%|███▍      | 1027/3000 [09:27<14:29,  2.27it/s]
qwen2.5-vl/pope/ricd/gqa/adversarial/seed1:  34%|███▍      | 1028/3000 [09:27<15:40,  2.10it/s]
qwen2.5-vl/pope/ricd/gqa/adversarial/seed1:  34%|███▍      | 1029/3000 [09:28<16:43,  1.96it/s]
qwen2.5-vl/pope/ricd/gqa/adversarial/seed1:  34%|███▍      | 1030/3000 [09:28<17:13,  1.91it/s]
qwen2.5-vl/pope/ricd/gqa/adversarial/seed1:  34%|███▍      | 1031/3000 [09:29<17:45,  1.85it/s]
qwen2.5-vl/pope/ricd/gqa/adversarial/seed1:  34%|███▍      | 1032/3000 [09:30<18:01,  1.82it/s]
qwen2.5-vl/pope/ricd/gqa/adversarial/seed1:  34%|███▍      | 1033/3000 [09:30<18:10,  1.80it/s]
qwen2.5-vl/pope/ricd/gqa/adversarial/seed1:  34%|███▍      | 1034/3000 [09:31<18:15,  1.79it/s]
qwen2.5-vl/pope/ricd/gqa/adversarial/seed1:  34%|███▍      | 1035/3000 [09:31<18:18,  1.79it/s]
qwen2.5-vl/pope/ricd/gqa/adversarial/seed1:  35%|███▍      | 1036/3000 [09:32<18:21,  1.78it/s]
qwen2.5-vl/pope/ricd/gqa/adversarial/seed1:  35%|███▍      | 1037/3000 [09:32<18:23,  1.78it/s]
qwen2.5-vl/pope/ricd/gqa/adversarial/seed1:  35%|███▍      | 1038/3000 [09:33<18:26,  1.77it/s]
qwen2.5-vl/pope/ricd/gqa/adversarial/seed1:  35%|███▍      | 1039/3000 [09:33<16:41,  1.96it/s]
qwen2.5-vl/pope/ricd/gqa/adversarial/seed1:  35%|███▍      | 1040/3000 [09:34<15:26,  2.12it/s]
qwen2.5-vl/pope/ricd/gqa/adversarial/seed1:  35%|███▍      | 1041/3000 [09:34<14:35,  2.24it/s]
qwen2.5-vl/pope/ricd/gqa/adversarial/seed1:  35%|███▍      | 1042/3000 [09:35<13:56,  2.34it/s]
qwen2.5-vl/pope/ricd/gqa/adversarial/seed1:  35%|███▍      | 1043/3000 [09:35<13:29,  2.42it/s]
qwen2.5-vl/pope/ricd/gqa/adversarial/seed1:  35%|███▍      | 1044/3000 [09:35<13:09,  2.48it/s]
qwen2.5-vl/pope/ricd/gqa/adversarial/seed1:  35%|███▍      | 1045/3000 [09:36<12:56,  2.52it/s]
qwen2.5-vl/pope/ricd/gqa/adversarial/seed1:  35%|███▍      | 1046/3000 [09:36<12:47,  2.55it/s]
qwen2.5-vl/pope/ricd/gqa/adversarial/seed1:  35%|███▍      | 1047/3000 [09:36<12:42,  2.56it/s]
qwen2.5-vl/pope/ricd/gqa/adversarial/seed1:  35%|███▍      | 1048/3000 [09:37<12:37,  2.58it/s]
qwen2.5-vl/pope/ricd/gqa/adversarial/seed1:  35%|███▍      | 1049/3000 [09:37<12:33,  2.59it/s]
qwen2.5-vl/pope/ricd/gqa/adversarial/seed1:  35%|███▌      | 1050/3000 [09:38<12:31,  2.60it/s]
qwen2.5-vl/pope/ricd/gqa/adversarial/seed1:  35%|███▌      | 1051/3000 [09:38<12:29,  2.60it/s]
qwen2.5-vl/pope/ricd/gqa/adversarial/seed1:  35%|███▌      | 1052/3000 [09:38<12:28,  2.60it/s]
qwen2.5-vl/pope/ricd/gqa/adversarial/seed1:  35%|███▌      | 1053/3000 [09:39<12:26,  2.61it/s]
qwen2.5-vl/pope/ricd/gqa/adversarial/seed1:  35%|███▌      | 1054/3000 [09:39<12:25,  2.61it/s]
qwen2.5-vl/pope/ricd/gqa/adversarial/seed1:  35%|███▌      | 1055/3000 [09:40<12:24,  2.61it/s]
qwen2.5-vl/pope/ricd/gqa/adversarial/seed1:  35%|███▌      | 1056/3000 [09:40<12:23,  2.61it/s]
qwen2.5-vl/pope/ricd/gqa/adversarial/seed1:  35%|███▌      | 1057/3000 [09:40<14:07,  2.29it/s]
qwen2.5-vl/pope/ricd/gqa/adversarial/seed1:  35%|███▌      | 1058/3000 [09:41<15:22,  2.11it/s]
qwen2.5-vl/pope/ricd/gqa/adversarial/seed1:  35%|███▌      | 1059/3000 [09:42<16:12,  2.00it/s]
qwen2.5-vl/pope/ricd/gqa/adversarial/seed1:  35%|███▌      | 1060/3000 [09:42<16:48,  1.92it/s]
qwen2.5-vl/pope/ricd/gqa/adversarial/seed1:  35%|███▌      | 1061/3000 [09:43<17:14,  1.87it/s]
qwen2.5-vl/pope/ricd/gqa/adversarial/seed1:  35%|███▌      | 1062/3000 [09:43<17:30,  1.84it/s]
qwen2.5-vl/pope/ricd/gqa/adversarial/seed1:  35%|███▌      | 1063/3000 [09:44<17:41,  1.82it/s]
qwen2.5-vl/pope/ricd/gqa/adversarial/seed1:  35%|███▌      | 1064/3000 [09:44<17:50,  1.81it/s]
qwen2.5-vl/pope/ricd/gqa/adversarial/seed1:  36%|███▌      | 1065/3000 [09:45<17:56,  1.80it/s]
qwen2.5-vl/pope/ricd/gqa/adversarial/seed1:  36%|███▌      | 1066/3000 [09:46<18:00,  1.79it/s]
qwen2.5-vl/pope/ricd/gqa/adversarial/seed1:  36%|███▌      | 1067/3000 [09:46<18:02,  1.79it/s]
qwen2.5-vl/pope/ricd/gqa/adversarial/seed1:  36%|███▌      | 1068/3000 [09:47<18:06,  1.78it/s]
qwen2.5-vl/pope/ricd/gqa/adversarial/seed1:  36%|███▌      | 1069/3000 [09:47<16:24,  1.96it/s]
qwen2.5-vl/pope/ricd/gqa/adversarial/seed1:  36%|███▌      | 1070/3000 [09:47<15:11,  2.12it/s]
qwen2.5-vl/pope/ricd/gqa/adversarial/seed1:  36%|███▌      | 1071/3000 [09:48<14:20,  2.24it/s]
qwen2.5-vl/pope/ricd/gqa/adversarial/seed1:  36%|███▌      | 1072/3000 [09:48<13:46,  2.33it/s]
qwen2.5-vl/pope/ricd/gqa/adversarial/seed1:  36%|███▌      | 1073/3000 [09:49<13:23,  2.40it/s]
qwen2.5-vl/pope/ricd/gqa/adversarial/seed1:  36%|███▌      | 1074/3000 [09:49<13:06,  2.45it/s]
qwen2.5-vl/pope/ricd/gqa/adversarial/seed1:  36%|███▌      | 1075/3000 [09:50<14:39,  2.19it/s]
qwen2.5-vl/pope/ricd/gqa/adversarial/seed1:  36%|███▌      | 1076/3000 [09:50<15:43,  2.04it/s]
qwen2.5-vl/pope/ricd/gqa/adversarial/seed1:  36%|███▌      | 1077/3000 [09:51<16:26,  1.95it/s]
qwen2.5-vl/pope/ricd/gqa/adversarial/seed1:  36%|███▌      | 1078/3000 [09:51<16:56,  1.89it/s]
qwen2.5-vl/pope/ricd/gqa/adversarial/seed1:  36%|███▌      | 1079/3000 [09:52<17:18,  1.85it/s]
qwen2.5-vl/pope/ricd/gqa/adversarial/seed1:  36%|███▌      | 1080/3000 [09:52<17:31,  1.83it/s]
qwen2.5-vl/pope/ricd/gqa/adversarial/seed1:  36%|███▌      | 1081/3000 [09:53<15:56,  2.01it/s]
qwen2.5-vl/pope/ricd/gqa/adversarial/seed1:  36%|███▌      | 1082/3000 [09:53<14:52,  2.15it/s]
qwen2.5-vl/pope/ricd/gqa/adversarial/seed1:  36%|███▌      | 1083/3000 [09:54<14:09,  2.26it/s]
qwen2.5-vl/pope/ricd/gqa/adversarial/seed1:  36%|███▌      | 1084/3000 [09:54<13:36,  2.35it/s]
qwen2.5-vl/pope/ricd/gqa/adversarial/seed1:  36%|███▌      | 1085/3000 [09:54<13:14,  2.41it/s]
qwen2.5-vl/pope/ricd/gqa/adversarial/seed1:  36%|███▌      | 1086/3000 [09:55<12:57,  2.46it/s]
qwen2.5-vl/pope/ricd/gqa/adversarial/seed1:  36%|███▌      | 1087/3000 [09:55<14:29,  2.20it/s]
qwen2.5-vl/pope/ricd/gqa/adversarial/seed1:  36%|███▋      | 1088/3000 [09:56<15:36,  2.04it/s]
qwen2.5-vl/pope/ricd/gqa/adversarial/seed1:  36%|███▋      | 1089/3000 [09:56<16:21,  1.95it/s]
qwen2.5-vl/pope/ricd/gqa/adversarial/seed1:  36%|███▋      | 1090/3000 [09:57<16:51,  1.89it/s]
qwen2.5-vl/pope/ricd/gqa/adversarial/seed1:  36%|███▋      | 1091/3000 [09:58<17:11,  1.85it/s]
qwen2.5-vl/pope/ricd/gqa/adversarial/seed1:  36%|███▋      | 1092/3000 [09:58<17:32,  1.81it/s]
qwen2.5-vl/pope/ricd/gqa/adversarial/seed1:  36%|███▋      | 1093/3000 [09:59<16:09,  1.97it/s]
qwen2.5-vl/pope/ricd/gqa/adversarial/seed1:  36%|███▋      | 1094/3000 [09:59<15:10,  2.09it/s]
qwen2.5-vl/pope/ricd/gqa/adversarial/seed1:  36%|███▋      | 1095/3000 [09:59<14:28,  2.19it/s]
qwen2.5-vl/pope/ricd/gqa/adversarial/seed1:  37%|███▋      | 1096/3000 [10:00<13:58,  2.27it/s]
qwen2.5-vl/pope/ricd/gqa/adversarial/seed1:  37%|███▋      | 1097/3000 [10:00<13:38,  2.32it/s]
qwen2.5-vl/pope/ricd/gqa/adversarial/seed1:  37%|███▋      | 1098/3000 [10:01<13:24,  2.36it/s]
qwen2.5-vl/pope/ricd/gqa/adversarial/seed1:  37%|███▋      | 1099/3000 [10:01<14:49,  2.14it/s]
qwen2.5-vl/pope/ricd/gqa/adversarial/seed1:  37%|███▋      | 1100/3000 [10:02<15:47,  2.00it/s]
qwen2.5-vl/pope/ricd/gqa/adversarial/seed1:  37%|███▋      | 1101/3000 [10:02<16:25,  1.93it/s]
qwen2.5-vl/pope/ricd/gqa/adversarial/seed1:  37%|███▋      | 1102/3000 [10:03<16:53,  1.87it/s]
qwen2.5-vl/pope/ricd/gqa/adversarial/seed1:  37%|███▋      | 1103/3000 [10:03<17:11,  1.84it/s]
qwen2.5-vl/pope/ricd/gqa/adversarial/seed1:  37%|███▋      | 1104/3000 [10:04<17:27,  1.81it/s]
qwen2.5-vl/pope/ricd/gqa/adversarial/seed1:  37%|███▋      | 1105/3000 [10:05<17:36,  1.79it/s]
qwen2.5-vl/pope/ricd/gqa/adversarial/seed1:  37%|███▋      | 1106/3000 [10:05<17:42,  1.78it/s]
qwen2.5-vl/pope/ricd/gqa/adversarial/seed1:  37%|███▋      | 1107/3000 [10:06<17:47,  1.77it/s]
qwen2.5-vl/pope/ricd/gqa/adversarial/seed1:  37%|███▋      | 1108/3000 [10:06<17:50,  1.77it/s]
qwen2.5-vl/pope/ricd/gqa/adversarial/seed1:  37%|███▋      | 1109/3000 [10:07<17:50,  1.77it/s]
qwen2.5-vl/pope/ricd/gqa/adversarial/seed1:  37%|███▋      | 1110/3000 [10:07<17:51,  1.76it/s]
qwen2.5-vl/pope/ricd/gqa/adversarial/seed1:  37%|███▋      | 1111/3000 [10:08<16:09,  1.95it/s]
qwen2.5-vl/pope/ricd/gqa/adversarial/seed1:  37%|███▋      | 1112/3000 [10:08<14:58,  2.10it/s]
qwen2.5-vl/pope/ricd/gqa/adversarial/seed1:  37%|███▋      | 1113/3000 [10:09<14:05,  2.23it/s]
qwen2.5-vl/pope/ricd/gqa/adversarial/seed1:  37%|███▋      | 1114/3000 [10:09<13:30,  2.33it/s]
qwen2.5-vl/pope/ricd/gqa/adversarial/seed1:  37%|███▋      | 1115/3000 [10:09<13:04,  2.40it/s]
qwen2.5-vl/pope/ricd/gqa/adversarial/seed1:  37%|███▋      | 1116/3000 [10:10<12:49,  2.45it/s]
qwen2.5-vl/pope/ricd/gqa/adversarial/seed1:  37%|███▋      | 1117/3000 [10:10<14:19,  2.19it/s]
qwen2.5-vl/pope/ricd/gqa/adversarial/seed1:  37%|███▋      | 1118/3000 [10:11<15:20,  2.04it/s]
qwen2.5-vl/pope/ricd/gqa/adversarial/seed1:  37%|███▋      | 1119/3000 [10:11<16:06,  1.95it/s]
qwen2.5-vl/pope/ricd/gqa/adversarial/seed1:  37%|███▋      | 1120/3000 [10:12<16:35,  1.89it/s]
qwen2.5-vl/pope/ricd/gqa/adversarial/seed1:  37%|███▋      | 1121/3000 [10:13<16:57,  1.85it/s]
qwen2.5-vl/pope/ricd/gqa/adversarial/seed1:  37%|███▋      | 1122/3000 [10:13<17:11,  1.82it/s]
qwen2.5-vl/pope/ricd/gqa/adversarial/seed1:  37%|███▋      | 1123/3000 [10:14<18:54,  1.65it/s]
qwen2.5-vl/pope/ricd/gqa/adversarial/seed1:  37%|███▋      | 1124/3000 [10:15<20:03,  1.56it/s]
qwen2.5-vl/pope/ricd/gqa/adversarial/seed1:  38%|███▊      | 1125/3000 [10:15<20:50,  1.50it/s]
qwen2.5-vl/pope/ricd/gqa/adversarial/seed1:  38%|███▊      | 1126/3000 [10:16<21:21,  1.46it/s]
qwen2.5-vl/pope/ricd/gqa/adversarial/seed1:  38%|███▊      | 1127/3000 [10:17<21:43,  1.44it/s]
qwen2.5-vl/pope/ricd/gqa/adversarial/seed1:  38%|███▊      | 1128/3000 [10:18<22:00,  1.42it/s]
qwen2.5-vl/pope/ricd/gqa/adversarial/seed1:  38%|███▊      | 1129/3000 [10:18<19:01,  1.64it/s]
qwen2.5-vl/pope/ricd/gqa/adversarial/seed1:  38%|███▊      | 1130/3000 [10:18<16:56,  1.84it/s]
qwen2.5-vl/pope/ricd/gqa/adversarial/seed1:  38%|███▊      | 1131/3000 [10:19<15:26,  2.02it/s]
qwen2.5-vl/pope/ricd/gqa/adversarial/seed1:  38%|███▊      | 1132/3000 [10:19<14:23,  2.16it/s]
qwen2.5-vl/pope/ricd/gqa/adversarial/seed1:  38%|███▊      | 1133/3000 [10:19<13:42,  2.27it/s]
qwen2.5-vl/pope/ricd/gqa/adversarial/seed1:  38%|███▊      | 1134/3000 [10:20<13:11,  2.36it/s]
qwen2.5-vl/pope/ricd/gqa/adversarial/seed1:  38%|███▊      | 1135/3000 [10:20<14:30,  2.14it/s]
qwen2.5-vl/pope/ricd/gqa/adversarial/seed1:  38%|███▊      | 1136/3000 [10:21<15:25,  2.02it/s]
qwen2.5-vl/pope/ricd/gqa/adversarial/seed1:  38%|███▊      | 1137/3000 [10:22<16:03,  1.93it/s]
qwen2.5-vl/pope/ricd/gqa/adversarial/seed1:  38%|███▊      | 1138/3000 [10:22<16:32,  1.88it/s]
qwen2.5-vl/pope/ricd/gqa/adversarial/seed1:  38%|███▊      | 1139/3000 [10:23<16:50,  1.84it/s]
qwen2.5-vl/pope/ricd/gqa/adversarial/seed1:  38%|███▊      | 1140/3000 [10:23<17:03,  1.82it/s]
qwen2.5-vl/pope/ricd/gqa/adversarial/seed1:  38%|███▊      | 1141/3000 [10:24<17:12,  1.80it/s]
qwen2.5-vl/pope/ricd/gqa/adversarial/seed1:  38%|███▊      | 1142/3000 [10:24<17:20,  1.79it/s]
qwen2.5-vl/pope/ricd/gqa/adversarial/seed1:  38%|███▊      | 1143/3000 [10:25<17:23,  1.78it/s]
qwen2.5-vl/pope/ricd/gqa/adversarial/seed1:  38%|███▊      | 1144/3000 [10:26<17:24,  1.78it/s]
qwen2.5-vl/pope/ricd/gqa/adversarial/seed1:  38%|███▊      | 1145/3000 [10:26<17:26,  1.77it/s]
qwen2.5-vl/pope/ricd/gqa/adversarial/seed1:  38%|███▊      | 1146/3000 [10:27<17:27,  1.77it/s]
qwen2.5-vl/pope/ricd/gqa/adversarial/seed1:  38%|███▊      | 1147/3000 [10:27<17:27,  1.77it/s]
qwen2.5-vl/pope/ricd/gqa/adversarial/seed1:  38%|███▊      | 1148/3000 [10:28<17:28,  1.77it/s]
qwen2.5-vl/pope/ricd/gqa/adversarial/seed1:  38%|███▊      | 1149/3000 [10:28<17:28,  1.77it/s]
qwen2.5-vl/pope/ricd/gqa/adversarial/seed1:  38%|███▊      | 1150/3000 [10:29<17:27,  1.77it/s]
qwen2.5-vl/pope/ricd/gqa/adversarial/seed1:  38%|███▊      | 1151/3000 [10:29<17:26,  1.77it/s]
qwen2.5-vl/pope/ricd/gqa/adversarial/seed1:  38%|███▊      | 1152/3000 [10:30<17:25,  1.77it/s]
qwen2.5-vl/pope/ricd/gqa/adversarial/seed1:  38%|███▊      | 1153/3000 [10:31<17:26,  1.77it/s]
qwen2.5-vl/pope/ricd/gqa/adversarial/seed1:  38%|███▊      | 1154/3000 [10:31<17:25,  1.77it/s]
qwen2.5-vl/pope/ricd/gqa/adversarial/seed1:  38%|███▊      | 1155/3000 [10:32<17:22,  1.77it/s]
qwen2.5-vl/pope/ricd/gqa/adversarial/seed1:  39%|███▊      | 1156/3000 [10:32<17:19,  1.77it/s]
qwen2.5-vl/pope/ricd/gqa/adversarial/seed1:  39%|███▊      | 1157/3000 [10:33<17:18,  1.78it/s]
qwen2.5-vl/pope/ricd/gqa/adversarial/seed1:  39%|███▊      | 1158/3000 [10:33<17:16,  1.78it/s]
qwen2.5-vl/pope/ricd/gqa/adversarial/seed1:  39%|███▊      | 1159/3000 [10:34<17:15,  1.78it/s]
qwen2.5-vl/pope/ricd/gqa/adversarial/seed1:  39%|███▊      | 1160/3000 [10:35<17:14,  1.78it/s]
qwen2.5-vl/pope/ricd/gqa/adversarial/seed1:  39%|███▊      | 1161/3000 [10:35<17:16,  1.77it/s]
qwen2.5-vl/pope/ricd/gqa/adversarial/seed1:  39%|███▊      | 1162/3000 [10:36<17:15,  1.77it/s]
qwen2.5-vl/pope/ricd/gqa/adversarial/seed1:  39%|███▉      | 1163/3000 [10:36<17:14,  1.78it/s]
qwen2.5-vl/pope/ricd/gqa/adversarial/seed1:  39%|███▉      | 1164/3000 [10:37<17:15,  1.77it/s]
qwen2.5-vl/pope/ricd/gqa/adversarial/seed1:  39%|███▉      | 1165/3000 [10:37<17:13,  1.78it/s]
qwen2.5-vl/pope/ricd/gqa/adversarial/seed1:  39%|███▉      | 1166/3000 [10:38<17:12,  1.78it/s]
qwen2.5-vl/pope/ricd/gqa/adversarial/seed1:  39%|███▉      | 1167/3000 [10:38<17:11,  1.78it/s]
qwen2.5-vl/pope/ricd/gqa/adversarial/seed1:  39%|███▉      | 1168/3000 [10:39<17:09,  1.78it/s]
qwen2.5-vl/pope/ricd/gqa/adversarial/seed1:  39%|███▉      | 1169/3000 [10:40<17:09,  1.78it/s]
qwen2.5-vl/pope/ricd/gqa/adversarial/seed1:  39%|███▉      | 1170/3000 [10:40<17:09,  1.78it/s]
qwen2.5-vl/pope/ricd/gqa/adversarial/seed1:  39%|███▉      | 1171/3000 [10:41<17:10,  1.78it/s]
qwen2.5-vl/pope/ricd/gqa/adversarial/seed1:  39%|███▉      | 1172/3000 [10:41<17:08,  1.78it/s]
qwen2.5-vl/pope/ricd/gqa/adversarial/seed1:  39%|███▉      | 1173/3000 [10:42<17:09,  1.78it/s]
qwen2.5-vl/pope/ricd/gqa/adversarial/seed1:  39%|███▉      | 1174/3000 [10:42<17:08,  1.78it/s]
qwen2.5-vl/pope/ricd/gqa/adversarial/seed1:  39%|███▉      | 1175/3000 [10:43<17:07,  1.78it/s]
qwen2.5-vl/pope/ricd/gqa/adversarial/seed1:  39%|███▉      | 1176/3000 [10:44<17:08,  1.77it/s]
qwen2.5-vl/pope/ricd/gqa/adversarial/seed1:  39%|███▉      | 1177/3000 [10:44<17:11,  1.77it/s]
qwen2.5-vl/pope/ricd/gqa/adversarial/seed1:  39%|███▉      | 1178/3000 [10:45<17:10,  1.77it/s]
qwen2.5-vl/pope/ricd/gqa/adversarial/seed1:  39%|███▉      | 1179/3000 [10:45<17:09,  1.77it/s]
qwen2.5-vl/pope/ricd/gqa/adversarial/seed1:  39%|███▉      | 1180/3000 [10:46<17:07,  1.77it/s]
qwen2.5-vl/pope/ricd/gqa/adversarial/seed1:  39%|███▉      | 1181/3000 [10:46<17:05,  1.77it/s]
qwen2.5-vl/pope/ricd/gqa/adversarial/seed1:  39%|███▉      | 1182/3000 [10:47<17:03,  1.78it/s]
qwen2.5-vl/pope/ricd/gqa/adversarial/seed1:  39%|███▉      | 1183/3000 [10:47<15:24,  1.97it/s]
qwen2.5-vl/pope/ricd/gqa/adversarial/seed1:  39%|███▉      | 1184/3000 [10:48<14:14,  2.12it/s]
qwen2.5-vl/pope/ricd/gqa/adversarial/seed1:  40%|███▉      | 1185/3000 [10:48<13:26,  2.25it/s]
qwen2.5-vl/pope/ricd/gqa/adversarial/seed1:  40%|███▉      | 1186/3000 [10:48<12:53,  2.35it/s]
qwen2.5-vl/pope/ricd/gqa/adversarial/seed1:  40%|███▉      | 1187/3000 [10:49<12:28,  2.42it/s]
qwen2.5-vl/pope/ricd/gqa/adversarial/seed1:  40%|███▉      | 1188/3000 [10:49<12:11,  2.48it/s]
qwen2.5-vl/pope/ricd/gqa/adversarial/seed1:  40%|███▉      | 1189/3000 [10:50<14:55,  2.02it/s]
qwen2.5-vl/pope/ricd/gqa/adversarial/seed1:  40%|███▉      | 1190/3000 [10:51<16:47,  1.80it/s]
qwen2.5-vl/pope/ricd/gqa/adversarial/seed1:  40%|███▉      | 1191/3000 [10:51<18:05,  1.67it/s]
qwen2.5-vl/pope/ricd/gqa/adversarial/seed1:  40%|███▉      | 1192/3000 [10:52<19:00,  1.58it/s]
qwen2.5-vl/pope/ricd/gqa/adversarial/seed1:  40%|███▉      | 1193/3000 [10:53<19:40,  1.53it/s]
qwen2.5-vl/pope/ricd/gqa/adversarial/seed1:  40%|███▉      | 1194/3000 [10:53<20:06,  1.50it/s]
qwen2.5-vl/pope/ricd/gqa/adversarial/seed1:  40%|███▉      | 1195/3000 [10:54<19:08,  1.57it/s]
qwen2.5-vl/pope/ricd/gqa/adversarial/seed1:  40%|███▉      | 1196/3000 [10:55<18:38,  1.61it/s]
qwen2.5-vl/pope/ricd/gqa/adversarial/seed1:  40%|███▉      | 1197/3000 [10:55<18:08,  1.66it/s]
qwen2.5-vl/pope/ricd/gqa/adversarial/seed1:  40%|███▉      | 1198/3000 [10:56<17:43,  1.69it/s]
qwen2.5-vl/pope/ricd/gqa/adversarial/seed1:  40%|███▉      | 1199/3000 [10:56<17:27,  1.72it/s]
qwen2.5-vl/pope/ricd/gqa/adversarial/seed1:  40%|████      | 1200/3000 [10:57<17:20,  1.73it/s]
qwen2.5-vl/pope/ricd/gqa/adversarial/seed1:  40%|████      | 1201/3000 [10:57<17:13,  1.74it/s]
qwen2.5-vl/pope/ricd/gqa/adversarial/seed1:  40%|████      | 1202/3000 [10:58<17:05,  1.75it/s]
qwen2.5-vl/pope/ricd/gqa/adversarial/seed1:  40%|████      | 1203/3000 [10:59<16:59,  1.76it/s]
qwen2.5-vl/pope/ricd/gqa/adversarial/seed1:  40%|████      | 1204/3000 [10:59<16:57,  1.77it/s]
qwen2.5-vl/pope/ricd/gqa/adversarial/seed1:  40%|████      | 1205/3000 [11:00<16:54,  1.77it/s]
qwen2.5-vl/pope/ricd/gqa/adversarial/seed1:  40%|████      | 1206/3000 [11:00<16:51,  1.77it/s]
qwen2.5-vl/pope/ricd/gqa/adversarial/seed1:  40%|████      | 1207/3000 [11:01<16:49,  1.78it/s]
qwen2.5-vl/pope/ricd/gqa/adversarial/seed1:  40%|████      | 1208/3000 [11:01<16:49,  1.77it/s]
qwen2.5-vl/pope/ricd/gqa/adversarial/seed1:  40%|████      | 1209/3000 [11:02<16:49,  1.77it/s]
qwen2.5-vl/pope/ricd/gqa/adversarial/seed1:  40%|████      | 1210/3000 [11:02<16:48,  1.78it/s]
qwen2.5-vl/pope/ricd/gqa/adversarial/seed1:  40%|████      | 1211/3000 [11:03<16:47,  1.78it/s]
qwen2.5-vl/pope/ricd/gqa/adversarial/seed1:  40%|████      | 1212/3000 [11:04<16:49,  1.77it/s]
qwen2.5-vl/pope/ricd/gqa/adversarial/seed1:  40%|████      | 1213/3000 [11:05<22:40,  1.31it/s]
qwen2.5-vl/pope/ricd/gqa/adversarial/seed1:  40%|████      | 1214/3000 [11:06<26:44,  1.11it/s]
qwen2.5-vl/pope/ricd/gqa/adversarial/seed1:  40%|████      | 1215/3000 [11:07<29:36,  1.00it/s]
qwen2.5-vl/pope/ricd/gqa/adversarial/seed1:  41%|████      | 1216/3000 [11:08<31:33,  1.06s/it]
qwen2.5-vl/pope/ricd/gqa/adversarial/seed1:  41%|████      | 1217/3000 [11:10<32:55,  1.11s/it]
qwen2.5-vl/pope/ricd/gqa/adversarial/seed1:  41%|████      | 1218/3000 [11:11<34:02,  1.15s/it]
qwen2.5-vl/pope/ricd/gqa/adversarial/seed1:  41%|████      | 1219/3000 [11:11<27:10,  1.09it/s]
qwen2.5-vl/pope/ricd/gqa/adversarial/seed1:  41%|████      | 1220/3000 [11:12<22:19,  1.33it/s]
qwen2.5-vl/pope/ricd/gqa/adversarial/seed1:  41%|████      | 1221/3000 [11:12<18:55,  1.57it/s]
qwen2.5-vl/pope/ricd/gqa/adversarial/seed1:  41%|████      | 1222/3000 [11:12<16:32,  1.79it/s]
qwen2.5-vl/pope/ricd/gqa/adversarial/seed1:  41%|████      | 1223/3000 [11:13<14:55,  1.98it/s]
qwen2.5-vl/pope/ricd/gqa/adversarial/seed1:  41%|████      | 1224/3000 [11:13<13:46,  2.15it/s]
qwen2.5-vl/pope/ricd/gqa/adversarial/seed1:  41%|████      | 1225/3000 [11:14<14:37,  2.02it/s]
qwen2.5-vl/pope/ricd/gqa/adversarial/seed1:  41%|████      | 1226/3000 [11:14<15:13,  1.94it/s]
qwen2.5-vl/pope/ricd/gqa/adversarial/seed1:  41%|████      | 1227/3000 [11:15<15:37,  1.89it/s]
qwen2.5-vl/pope/ricd/gqa/adversarial/seed1:  41%|████      | 1228/3000 [11:15<15:56,  1.85it/s]
qwen2.5-vl/pope/ricd/gqa/adversarial/seed1:  41%|████      | 1229/3000 [11:16<16:09,  1.83it/s]
qwen2.5-vl/pope/ricd/gqa/adversarial/seed1:  41%|████      | 1230/3000 [11:17<16:17,  1.81it/s]
qwen2.5-vl/pope/ricd/gqa/adversarial/seed1:  41%|████      | 1231/3000 [11:17<16:32,  1.78it/s]
qwen2.5-vl/pope/ricd/gqa/adversarial/seed1:  41%|████      | 1232/3000 [11:18<16:41,  1.77it/s]
qwen2.5-vl/pope/ricd/gqa/adversarial/seed1:  41%|████      | 1233/3000 [11:18<16:46,  1.76it/s]
qwen2.5-vl/pope/ricd/gqa/adversarial/seed1:  41%|████      | 1234/3000 [11:19<16:50,  1.75it/s]
qwen2.5-vl/pope/ricd/gqa/adversarial/seed1:  41%|████      | 1235/3000 [11:19<16:53,  1.74it/s]
qwen2.5-vl/pope/ricd/gqa/adversarial/seed1:  41%|████      | 1236/3000 [11:20<16:55,  1.74it/s]
qwen2.5-vl/pope/ricd/gqa/adversarial/seed1:  41%|████      | 1237/3000 [11:21<16:47,  1.75it/s]
qwen2.5-vl/pope/ricd/gqa/adversarial/seed1:  41%|████▏     | 1238/3000 [11:21<16:44,  1.75it/s]
qwen2.5-vl/pope/ricd/gqa/adversarial/seed1:  41%|████▏     | 1239/3000 [11:22<16:40,  1.76it/s]
qwen2.5-vl/pope/ricd/gqa/adversarial/seed1:  41%|████▏     | 1240/3000 [11:22<16:37,  1.77it/s]
qwen2.5-vl/pope/ricd/gqa/adversarial/seed1:  41%|████▏     | 1241/3000 [11:23<16:37,  1.76it/s]
qwen2.5-vl/pope/ricd/gqa/adversarial/seed1:  41%|████▏     | 1242/3000 [11:23<16:51,  1.74it/s]
qwen2.5-vl/pope/ricd/gqa/adversarial/seed1:  41%|████▏     | 1243/3000 [11:24<17:04,  1.71it/s]
qwen2.5-vl/pope/ricd/gqa/adversarial/seed1:  41%|████▏     | 1244/3000 [11:25<17:11,  1.70it/s]
qwen2.5-vl/pope/ricd/gqa/adversarial/seed1:  42%|████▏     | 1245/3000 [11:25<17:16,  1.69it/s]
qwen2.5-vl/pope/ricd/gqa/adversarial/seed1:  42%|████▏     | 1246/3000 [11:26<17:19,  1.69it/s]
qwen2.5-vl/pope/ricd/gqa/adversarial/seed1:  42%|████▏     | 1247/3000 [11:26<17:21,  1.68it/s]
qwen2.5-vl/pope/ricd/gqa/adversarial/seed1:  42%|████▏     | 1248/3000 [11:27<17:22,  1.68it/s]
qwen2.5-vl/pope/ricd/gqa/adversarial/seed1:  42%|████▏     | 1249/3000 [11:27<15:25,  1.89it/s]
qwen2.5-vl/pope/ricd/gqa/adversarial/seed1:  42%|████▏     | 1250/3000 [11:28<14:02,  2.08it/s]
qwen2.5-vl/pope/ricd/gqa/adversarial/seed1:  42%|████▏     | 1251/3000 [11:28<13:04,  2.23it/s]
qwen2.5-vl/pope/ricd/gqa/adversarial/seed1:  42%|████▏     | 1252/3000 [11:29<12:24,  2.35it/s]
qwen2.5-vl/pope/ricd/gqa/adversarial/seed1:  42%|████▏     | 1253/3000 [11:29<11:55,  2.44it/s]
qwen2.5-vl/pope/ricd/gqa/adversarial/seed1:  42%|████▏     | 1254/3000 [11:29<11:35,  2.51it/s]
qwen2.5-vl/pope/ricd/gqa/adversarial/seed1:  42%|████▏     | 1255/3000 [11:30<13:02,  2.23it/s]
qwen2.5-vl/pope/ricd/gqa/adversarial/seed1:  42%|████▏     | 1256/3000 [11:30<14:01,  2.07it/s]
qwen2.5-vl/pope/ricd/gqa/adversarial/seed1:  42%|████▏     | 1257/3000 [11:31<14:43,  1.97it/s]
qwen2.5-vl/pope/ricd/gqa/adversarial/seed1:  42%|████▏     | 1258/3000 [11:32<15:12,  1.91it/s]
qwen2.5-vl/pope/ricd/gqa/adversarial/seed1:  42%|████▏     | 1259/3000 [11:32<15:34,  1.86it/s]
qwen2.5-vl/pope/ricd/gqa/adversarial/seed1:  42%|████▏     | 1260/3000 [11:33<15:48,  1.84it/s]
qwen2.5-vl/pope/ricd/gqa/adversarial/seed1:  42%|████▏     | 1261/3000 [11:35<28:54,  1.00it/s]
qwen2.5-vl/pope/ricd/gqa/adversarial/seed1:  42%|████▏     | 1262/3000 [11:37<37:23,  1.29s/it]
qwen2.5-vl/pope/ricd/gqa/adversarial/seed1:  42%|████▏     | 1263/3000 [11:39<43:19,  1.50s/it]
qwen2.5-vl/pope/ricd/gqa/adversarial/seed1:  42%|████▏     | 1264/3000 [11:41<47:31,  1.64s/it]
qwen2.5-vl/pope/ricd/gqa/adversarial/seed1:  42%|████▏     | 1265/3000 [11:43<50:26,  1.74s/it]
qwen2.5-vl/pope/ricd/gqa/adversarial/seed1:  42%|████▏     | 1266/3000 [11:45<52:25,  1.81s/it]
qwen2.5-vl/pope/ricd/gqa/adversarial/seed1:  42%|████▏     | 1267/3000 [11:45<39:02,  1.35s/it]
qwen2.5-vl/pope/ricd/gqa/adversarial/seed1:  42%|████▏     | 1268/3000 [11:45<29:36,  1.03s/it]
qwen2.5-vl/pope/ricd/gqa/adversarial/seed1:  42%|████▏     | 1269/3000 [11:45<23:02,  1.25it/s]
qwen2.5-vl/pope/ricd/gqa/adversarial/seed1:  42%|████▏     | 1270/3000 [11:46<18:24,  1.57it/s]
qwen2.5-vl/pope/ricd/gqa/adversarial/seed1:  42%|████▏     | 1271/3000 [11:46<15:09,  1.90it/s]
qwen2.5-vl/pope/ricd/gqa/adversarial/seed1:  42%|████▏     | 1272/3000 [11:46<13:03,  2.21it/s]
qwen2.5-vl/pope/ricd/gqa/adversarial/seed1:  42%|████▏     | 1273/3000 [11:47<12:50,  2.24it/s]
qwen2.5-vl/pope/ricd/gqa/adversarial/seed1:  42%|████▏     | 1274/3000 [11:47<12:28,  2.31it/s]
qwen2.5-vl/pope/ricd/gqa/adversarial/seed1:  42%|████▎     | 1275/3000 [11:47<12:13,  2.35it/s]
qwen2.5-vl/pope/ricd/gqa/adversarial/seed1:  43%|████▎     | 1276/3000 [11:48<12:03,  2.38it/s]
qwen2.5-vl/pope/ricd/gqa/adversarial/seed1:  43%|████▎     | 1277/3000 [11:48<12:25,  2.31it/s]
qwen2.5-vl/pope/ricd/gqa/adversarial/seed1:  43%|████▎     | 1278/3000 [11:49<12:01,  2.39it/s]
qwen2.5-vl/pope/ricd/gqa/adversarial/seed1:  43%|████▎     | 1279/3000 [11:49<11:44,  2.44it/s]
qwen2.5-vl/pope/ricd/gqa/adversarial/seed1:  43%|████▎     | 1280/3000 [11:49<11:32,  2.48it/s]
qwen2.5-vl/pope/ricd/gqa/adversarial/seed1:  43%|████▎     | 1281/3000 [11:50<11:23,  2.51it/s]
qwen2.5-vl/pope/ricd/gqa/adversarial/seed1:  43%|████▎     | 1282/3000 [11:50<11:16,  2.54it/s]
qwen2.5-vl/pope/ricd/gqa/adversarial/seed1:  43%|████▎     | 1283/3000 [11:51<11:12,  2.55it/s]
qwen2.5-vl/pope/ricd/gqa/adversarial/seed1:  43%|████▎     | 1284/3000 [11:51<11:08,  2.57it/s]
qwen2.5-vl/pope/ricd/gqa/adversarial/seed1:  43%|████▎     | 1285/3000 [11:52<12:40,  2.25it/s]
qwen2.5-vl/pope/ricd/gqa/adversarial/seed1:  43%|████▎     | 1286/3000 [11:52<13:43,  2.08it/s]
qwen2.5-vl/pope/ricd/gqa/adversarial/seed1:  43%|████▎     | 1287/3000 [11:53<14:39,  1.95it/s]
qwen2.5-vl/pope/ricd/gqa/adversarial/seed1:  43%|████▎     | 1288/3000 [11:53<15:05,  1.89it/s]
qwen2.5-vl/pope/ricd/gqa/adversarial/seed1:  43%|████▎     | 1289/3000 [11:54<15:27,  1.84it/s]
qwen2.5-vl/pope/ricd/gqa/adversarial/seed1:  43%|████▎     | 1290/3000 [11:54<15:39,  1.82it/s]
qwen2.5-vl/pope/ricd/gqa/adversarial/seed1:  43%|████▎     | 1291/3000 [11:55<15:48,  1.80it/s]
qwen2.5-vl/pope/ricd/gqa/adversarial/seed1:  43%|████▎     | 1292/3000 [11:56<15:54,  1.79it/s]
qwen2.5-vl/pope/ricd/gqa/adversarial/seed1:  43%|████▎     | 1293/3000 [11:56<15:59,  1.78it/s]
qwen2.5-vl/pope/ricd/gqa/adversarial/seed1:  43%|████▎     | 1294/3000 [11:57<16:01,  1.77it/s]
qwen2.5-vl/pope/ricd/gqa/adversarial/seed1:  43%|████▎     | 1295/3000 [11:57<16:03,  1.77it/s]
qwen2.5-vl/pope/ricd/gqa/adversarial/seed1:  43%|████▎     | 1296/3000 [11:58<16:02,  1.77it/s]
qwen2.5-vl/pope/ricd/gqa/adversarial/seed1:  43%|████▎     | 1297/3000 [11:59<17:26,  1.63it/s]
qwen2.5-vl/pope/ricd/gqa/adversarial/seed1:  43%|████▎     | 1298/3000 [11:59<18:22,  1.54it/s]
qwen2.5-vl/pope/ricd/gqa/adversarial/seed1:  43%|████▎     | 1299/3000 [12:00<19:01,  1.49it/s]
qwen2.5-vl/pope/ricd/gqa/adversarial/seed1:  43%|████▎     | 1300/3000 [12:01<19:29,  1.45it/s]
qwen2.5-vl/pope/ricd/gqa/adversarial/seed1:  43%|████▎     | 1301/3000 [12:02<19:57,  1.42it/s]
qwen2.5-vl/pope/ricd/gqa/adversarial/seed1:  43%|████▎     | 1302/3000 [12:02<20:31,  1.38it/s]
qwen2.5-vl/pope/ricd/gqa/adversarial/seed1:  43%|████▎     | 1303/3000 [12:03<17:51,  1.58it/s]
qwen2.5-vl/pope/ricd/gqa/adversarial/seed1:  43%|████▎     | 1304/3000 [12:03<15:56,  1.77it/s]
qwen2.5-vl/pope/ricd/gqa/adversarial/seed1:  44%|████▎     | 1305/3000 [12:04<14:40,  1.93it/s]
qwen2.5-vl/pope/ricd/gqa/adversarial/seed1:  44%|████▎     | 1306/3000 [12:04<13:34,  2.08it/s]
qwen2.5-vl/pope/ricd/gqa/adversarial/seed1:  44%|████▎     | 1307/3000 [12:04<12:46,  2.21it/s]
qwen2.5-vl/pope/ricd/gqa/adversarial/seed1:  44%|████▎     | 1308/3000 [12:05<12:13,  2.31it/s]
qwen2.5-vl/pope/ricd/gqa/adversarial/seed1:  44%|████▎     | 1309/3000 [12:05<13:22,  2.11it/s]
qwen2.5-vl/pope/ricd/gqa/adversarial/seed1:  44%|████▎     | 1310/3000 [12:06<14:10,  1.99it/s]
qwen2.5-vl/pope/ricd/gqa/adversarial/seed1:  44%|████▎     | 1311/3000 [12:06<14:41,  1.92it/s]
qwen2.5-vl/pope/ricd/gqa/adversarial/seed1:  44%|████▎     | 1312/3000 [12:07<15:02,  1.87it/s]
qwen2.5-vl/pope/ricd/gqa/adversarial/seed1:  44%|████▍     | 1313/3000 [12:08<15:19,  1.84it/s]
qwen2.5-vl/pope/ricd/gqa/adversarial/seed1:  44%|████▍     | 1314/3000 [12:08<15:30,  1.81it/s]
qwen2.5-vl/pope/ricd/gqa/adversarial/seed1:  44%|████▍     | 1315/3000 [12:08<14:07,  1.99it/s]
qwen2.5-vl/pope/ricd/gqa/adversarial/seed1:  44%|████▍     | 1316/3000 [12:09<13:08,  2.14it/s]
qwen2.5-vl/pope/ricd/gqa/adversarial/seed1:  44%|████▍     | 1317/3000 [12:09<12:28,  2.25it/s]
qwen2.5-vl/pope/ricd/gqa/adversarial/seed1:  44%|████▍     | 1318/3000 [12:10<11:59,  2.34it/s]
qwen2.5-vl/pope/ricd/gqa/adversarial/seed1:  44%|████▍     | 1319/3000 [12:10<11:38,  2.41it/s]
qwen2.5-vl/pope/ricd/gqa/adversarial/seed1:  44%|████▍     | 1320/3000 [12:10<11:26,  2.45it/s]
qwen2.5-vl/pope/ricd/gqa/adversarial/seed1:  44%|████▍     | 1321/3000 [12:11<11:01,  2.54it/s]
qwen2.5-vl/pope/ricd/gqa/adversarial/seed1:  44%|████▍     | 1322/3000 [12:11<10:44,  2.60it/s]
qwen2.5-vl/pope/ricd/gqa/adversarial/seed1:  44%|████▍     | 1323/3000 [12:12<10:32,  2.65it/s]
qwen2.5-vl/pope/ricd/gqa/adversarial/seed1:  44%|████▍     | 1324/3000 [12:12<10:25,  2.68it/s]
qwen2.5-vl/pope/ricd/gqa/adversarial/seed1:  44%|████▍     | 1325/3000 [12:12<10:18,  2.71it/s]
qwen2.5-vl/pope/ricd/gqa/adversarial/seed1:  44%|████▍     | 1326/3000 [12:13<10:15,  2.72it/s]
qwen2.5-vl/pope/ricd/gqa/adversarial/seed1:  44%|████▍     | 1327/3000 [12:15<29:04,  1.04s/it]
qwen2.5-vl/pope/ricd/gqa/adversarial/seed1:  44%|████▍     | 1328/3000 [12:18<40:25,  1.45s/it]
qwen2.5-vl/pope/ricd/gqa/adversarial/seed1:  44%|████▍     | 1329/3000 [12:20<48:28,  1.74s/it]
qwen2.5-vl/pope/ricd/gqa/adversarial/seed1:  44%|████▍     | 1330/3000 [12:23<55:12,  1.98s/it]
qwen2.5-vl/pope/ricd/gqa/adversarial/seed1:  44%|████▍     | 1331/3000 [12:25<58:58,  2.12s/it]
qwen2.5-vl/pope/ricd/gqa/adversarial/seed1:  44%|████▍     | 1332/3000 [12:27<1:01:14,  2.20s/it]
qwen2.5-vl/pope/ricd/gqa/adversarial/seed1:  44%|████▍     | 1333/3000 [12:28<47:31,  1.71s/it]  
qwen2.5-vl/pope/ricd/gqa/adversarial/seed1:  44%|████▍     | 1334/3000 [12:29<37:57,  1.37s/it]
qwen2.5-vl/pope/ricd/gqa/adversarial/seed1:  44%|████▍     | 1335/3000 [12:29<31:14,  1.13s/it]
qwen2.5-vl/pope/ricd/gqa/adversarial/seed1:  45%|████▍     | 1336/3000 [12:30<26:31,  1.05it/s]
qwen2.5-vl/pope/ricd/gqa/adversarial/seed1:  45%|████▍     | 1337/3000 [12:30<23:13,  1.19it/s]
qwen2.5-vl/pope/ricd/gqa/adversarial/seed1:  45%|████▍     | 1338/3000 [12:31<21:04,  1.31it/s]
qwen2.5-vl/pope/ricd/gqa/adversarial/seed1:  45%|████▍     | 1339/3000 [12:32<24:57,  1.11it/s]
qwen2.5-vl/pope/ricd/gqa/adversarial/seed1:  45%|████▍     | 1340/3000 [12:33<27:31,  1.01it/s]
qwen2.5-vl/pope/ricd/gqa/adversarial/seed1:  45%|████▍     | 1341/3000 [12:34<29:21,  1.06s/it]
qwen2.5-vl/pope/ricd/gqa/adversarial/seed1:  45%|████▍     | 1342/3000 [12:36<30:39,  1.11s/it]
qwen2.5-vl/pope/ricd/gqa/adversarial/seed1:  45%|████▍     | 1343/3000 [12:37<31:30,  1.14s/it]
qwen2.5-vl/pope/ricd/gqa/adversarial/seed1:  45%|████▍     | 1344/3000 [12:38<32:05,  1.16s/it]
qwen2.5-vl/pope/ricd/gqa/adversarial/seed1:  45%|████▍     | 1345/3000 [12:39<27:07,  1.02it/s]
qwen2.5-vl/pope/ricd/gqa/adversarial/seed1:  45%|████▍     | 1346/3000 [12:39<23:37,  1.17it/s]
qwen2.5-vl/pope/ricd/gqa/adversarial/seed1:  45%|████▍     | 1347/3000 [12:40<21:10,  1.30it/s]
qwen2.5-vl/pope/ricd/gqa/adversarial/seed1:  45%|████▍     | 1348/3000 [12:40<19:27,  1.42it/s]
qwen2.5-vl/pope/ricd/gqa/adversarial/seed1:  45%|████▍     | 1349/3000 [12:41<18:14,  1.51it/s]
qwen2.5-vl/pope/ricd/gqa/adversarial/seed1:  45%|████▌     | 1350/3000 [12:42<17:23,  1.58it/s]
qwen2.5-vl/pope/ricd/gqa/adversarial/seed1:  45%|████▌     | 1351/3000 [12:42<15:19,  1.79it/s]
qwen2.5-vl/pope/ricd/gqa/adversarial/seed1:  45%|████▌     | 1352/3000 [12:42<13:52,  1.98it/s]
qwen2.5-vl/pope/ricd/gqa/adversarial/seed1:  45%|████▌     | 1353/3000 [12:43<12:50,  2.14it/s]
qwen2.5-vl/pope/ricd/gqa/adversarial/seed1:  45%|████▌     | 1354/3000 [12:43<12:07,  2.26it/s]
qwen2.5-vl/pope/ricd/gqa/adversarial/seed1:  45%|████▌     | 1355/3000 [12:43<11:37,  2.36it/s]
qwen2.5-vl/pope/ricd/gqa/adversarial/seed1:  45%|████▌     | 1356/3000 [12:44<11:17,  2.43it/s]
qwen2.5-vl/pope/ricd/gqa/adversarial/seed1:  45%|████▌     | 1357/3000 [12:44<11:01,  2.48it/s]
qwen2.5-vl/pope/ricd/gqa/adversarial/seed1:  45%|████▌     | 1358/3000 [12:45<10:50,  2.52it/s]
qwen2.5-vl/pope/ricd/gqa/adversarial/seed1:  45%|████▌     | 1359/3000 [12:45<10:43,  2.55it/s]
qwen2.5-vl/pope/ricd/gqa/adversarial/seed1:  45%|████▌     | 1360/3000 [12:45<10:37,  2.57it/s]
qwen2.5-vl/pope/ricd/gqa/adversarial/seed1:  45%|████▌     | 1361/3000 [12:46<10:33,  2.59it/s]
qwen2.5-vl/pope/ricd/gqa/adversarial/seed1:  45%|████▌     | 1362/3000 [12:46<10:31,  2.59it/s]
qwen2.5-vl/pope/ricd/gqa/adversarial/seed1:  45%|████▌     | 1363/3000 [12:47<11:57,  2.28it/s]
qwen2.5-vl/pope/ricd/gqa/adversarial/seed1:  45%|████▌     | 1364/3000 [12:47<12:58,  2.10it/s]
qwen2.5-vl/pope/ricd/gqa/adversarial/seed1:  46%|████▌     | 1365/3000 [12:48<13:41,  1.99it/s]
qwen2.5-vl/pope/ricd/gqa/adversarial/seed1:  46%|████▌     | 1366/3000 [12:48<14:13,  1.91it/s]
qwen2.5-vl/pope/ricd/gqa/adversarial/seed1:  46%|████▌     | 1367/3000 [12:49<14:45,  1.84it/s]
qwen2.5-vl/pope/ricd/gqa/adversarial/seed1:  46%|████▌     | 1368/3000 [12:50<15:06,  1.80it/s]
qwen2.5-vl/pope/ricd/gqa/adversarial/seed1:  46%|████▌     | 1369/3000 [12:50<13:45,  1.98it/s]
qwen2.5-vl/pope/ricd/gqa/adversarial/seed1:  46%|████▌     | 1370/3000 [12:50<12:48,  2.12it/s]
qwen2.5-vl/pope/ricd/gqa/adversarial/seed1:  46%|████▌     | 1371/3000 [12:51<12:04,  2.25it/s]
qwen2.5-vl/pope/ricd/gqa/adversarial/seed1:  46%|████▌     | 1372/3000 [12:51<11:32,  2.35it/s]
qwen2.5-vl/pope/ricd/gqa/adversarial/seed1:  46%|████▌     | 1373/3000 [12:51<11:10,  2.43it/s]
qwen2.5-vl/pope/ricd/gqa/adversarial/seed1:  46%|████▌     | 1374/3000 [12:52<10:54,  2.48it/s]
qwen2.5-vl/pope/ricd/gqa/adversarial/seed1:  46%|████▌     | 1375/3000 [12:52<12:13,  2.22it/s]
qwen2.5-vl/pope/ricd/gqa/adversarial/seed1:  46%|████▌     | 1376/3000 [12:53<13:08,  2.06it/s]
qwen2.5-vl/pope/ricd/gqa/adversarial/seed1:  46%|████▌     | 1377/3000 [12:54<13:45,  1.97it/s]
qwen2.5-vl/pope/ricd/gqa/adversarial/seed1:  46%|████▌     | 1378/3000 [12:54<14:10,  1.91it/s]
qwen2.5-vl/pope/ricd/gqa/adversarial/seed1:  46%|████▌     | 1379/3000 [12:55<14:27,  1.87it/s]
qwen2.5-vl/pope/ricd/gqa/adversarial/seed1:  46%|████▌     | 1380/3000 [12:55<14:39,  1.84it/s]
qwen2.5-vl/pope/ricd/gqa/adversarial/seed1:  46%|████▌     | 1381/3000 [12:56<20:08,  1.34it/s]
qwen2.5-vl/pope/ricd/gqa/adversarial/seed1:  46%|████▌     | 1382/3000 [12:58<23:55,  1.13it/s]
qwen2.5-vl/pope/ricd/gqa/adversarial/seed1:  46%|████▌     | 1383/3000 [12:59<26:32,  1.02it/s]
qwen2.5-vl/pope/ricd/gqa/adversarial/seed1:  46%|████▌     | 1384/3000 [13:00<28:23,  1.05s/it]
qwen2.5-vl/pope/ricd/gqa/adversarial/seed1:  46%|████▌     | 1385/3000 [13:01<29:45,  1.11s/it]
qwen2.5-vl/pope/ricd/gqa/adversarial/seed1:  46%|████▌     | 1386/3000 [13:03<31:10,  1.16s/it]
qwen2.5-vl/pope/ricd/gqa/adversarial/seed1:  46%|████▌     | 1387/3000 [13:03<26:32,  1.01it/s]
qwen2.5-vl/pope/ricd/gqa/adversarial/seed1:  46%|████▋     | 1388/3000 [13:04<23:10,  1.16it/s]
qwen2.5-vl/pope/ricd/gqa/adversarial/seed1:  46%|████▋     | 1389/3000 [13:04<20:47,  1.29it/s]
qwen2.5-vl/pope/ricd/gqa/adversarial/seed1:  46%|████▋     | 1390/3000 [13:05<19:08,  1.40it/s]
qwen2.5-vl/pope/ricd/gqa/adversarial/seed1:  46%|████▋     | 1391/3000 [13:05<18:00,  1.49it/s]
qwen2.5-vl/pope/ricd/gqa/adversarial/seed1:  46%|████▋     | 1392/3000 [13:06<17:14,  1.55it/s]
qwen2.5-vl/pope/ricd/gqa/adversarial/seed1:  46%|████▋     | 1393/3000 [13:06<15:10,  1.77it/s]
qwen2.5-vl/pope/ricd/gqa/adversarial/seed1:  46%|████▋     | 1394/3000 [13:07<13:44,  1.95it/s]
qwen2.5-vl/pope/ricd/gqa/adversarial/seed1:  46%|████▋     | 1395/3000 [13:07<12:44,  2.10it/s]
qwen2.5-vl/pope/ricd/gqa/adversarial/seed1:  47%|████▋     | 1396/3000 [13:08<12:03,  2.22it/s]
qwen2.5-vl/pope/ricd/gqa/adversarial/seed1:  47%|████▋     | 1397/3000 [13:08<11:31,  2.32it/s]
qwen2.5-vl/pope/ricd/gqa/adversarial/seed1:  47%|████▋     | 1398/3000 [13:08<11:08,  2.40it/s]
qwen2.5-vl/pope/ricd/gqa/adversarial/seed1:  47%|████▋     | 1399/3000 [13:09<14:28,  1.84it/s]
qwen2.5-vl/pope/ricd/gqa/adversarial/seed1:  47%|████▋     | 1400/3000 [13:10<13:11,  2.02it/s]
qwen2.5-vl/pope/ricd/gqa/adversarial/seed1:  47%|████▋     | 1401/3000 [13:10<12:19,  2.16it/s]
qwen2.5-vl/pope/ricd/gqa/adversarial/seed1:  47%|████▋     | 1402/3000 [13:10<11:44,  2.27it/s]
qwen2.5-vl/pope/ricd/gqa/adversarial/seed1:  47%|████▋     | 1403/3000 [13:11<11:21,  2.34it/s]
qwen2.5-vl/pope/ricd/gqa/adversarial/seed1:  47%|████▋     | 1404/3000 [13:11<11:02,  2.41it/s]
qwen2.5-vl/pope/ricd/gqa/adversarial/seed1:  47%|████▋     | 1405/3000 [13:12<10:49,  2.46it/s]
qwen2.5-vl/pope/ricd/gqa/adversarial/seed1:  47%|████▋     | 1406/3000 [13:12<10:40,  2.49it/s]
qwen2.5-vl/pope/ricd/gqa/adversarial/seed1:  47%|████▋     | 1407/3000 [13:12<10:35,  2.51it/s]
qwen2.5-vl/pope/ricd/gqa/adversarial/seed1:  47%|████▋     | 1408/3000 [13:13<10:31,  2.52it/s]
qwen2.5-vl/pope/ricd/gqa/adversarial/seed1:  47%|████▋     | 1409/3000 [13:13<10:26,  2.54it/s]
qwen2.5-vl/pope/ricd/gqa/adversarial/seed1:  47%|████▋     | 1410/3000 [13:13<10:23,  2.55it/s]
qwen2.5-vl/pope/ricd/gqa/adversarial/seed1:  47%|████▋     | 1411/3000 [13:14<10:21,  2.56it/s]
qwen2.5-vl/pope/ricd/gqa/adversarial/seed1:  47%|████▋     | 1412/3000 [13:14<10:19,  2.56it/s]
qwen2.5-vl/pope/ricd/gqa/adversarial/seed1:  47%|████▋     | 1413/3000 [13:15<10:16,  2.58it/s]
qwen2.5-vl/pope/ricd/gqa/adversarial/seed1:  47%|████▋     | 1414/3000 [13:15<10:16,  2.57it/s]
qwen2.5-vl/pope/ricd/gqa/adversarial/seed1:  47%|████▋     | 1415/3000 [13:15<10:13,  2.58it/s]
qwen2.5-vl/pope/ricd/gqa/adversarial/seed1:  47%|████▋     | 1416/3000 [13:16<10:11,  2.59it/s]
qwen2.5-vl/pope/ricd/gqa/adversarial/seed1:  47%|████▋     | 1417/3000 [13:16<11:34,  2.28it/s]
qwen2.5-vl/pope/ricd/gqa/adversarial/seed1:  47%|████▋     | 1418/3000 [13:17<12:32,  2.10it/s]
qwen2.5-vl/pope/ricd/gqa/adversarial/seed1:  47%|████▋     | 1419/3000 [13:17<13:13,  1.99it/s]
qwen2.5-vl/pope/ricd/gqa/adversarial/seed1:  47%|████▋     | 1420/3000 [13:18<13:43,  1.92it/s]
qwen2.5-vl/pope/ricd/gqa/adversarial/seed1:  47%|████▋     | 1421/3000 [13:19<14:04,  1.87it/s]
qwen2.5-vl/pope/ricd/gqa/adversarial/seed1:  47%|████▋     | 1422/3000 [13:19<14:16,  1.84it/s]
qwen2.5-vl/pope/ricd/gqa/adversarial/seed1:  47%|████▋     | 1423/3000 [13:20<12:48,  2.05it/s]
qwen2.5-vl/pope/ricd/gqa/adversarial/seed1:  47%|████▋     | 1424/3000 [13:20<11:47,  2.23it/s]
qwen2.5-vl/pope/ricd/gqa/adversarial/seed1:  48%|████▊     | 1425/3000 [13:20<11:03,  2.37it/s]
qwen2.5-vl/pope/ricd/gqa/adversarial/seed1:  48%|████▊     | 1426/3000 [13:21<10:33,  2.49it/s]
qwen2.5-vl/pope/ricd/gqa/adversarial/seed1:  48%|████▊     | 1427/3000 [13:21<10:16,  2.55it/s]
qwen2.5-vl/pope/ricd/gqa/adversarial/seed1:  48%|████▊     | 1428/3000 [13:21<10:25,  2.51it/s]
qwen2.5-vl/pope/ricd/gqa/adversarial/seed1:  48%|████▊     | 1429/3000 [13:22<10:30,  2.49it/s]
qwen2.5-vl/pope/ricd/gqa/adversarial/seed1:  48%|████▊     | 1430/3000 [13:22<10:32,  2.48it/s]
qwen2.5-vl/pope/ricd/gqa/adversarial/seed1:  48%|████▊     | 1431/3000 [13:23<10:31,  2.48it/s]
qwen2.5-vl/pope/ricd/gqa/adversarial/seed1:  48%|████▊     | 1432/3000 [13:23<10:25,  2.51it/s]
qwen2.5-vl/pope/ricd/gqa/adversarial/seed1:  48%|████▊     | 1433/3000 [13:23<10:17,  2.54it/s]
qwen2.5-vl/pope/ricd/gqa/adversarial/seed1:  48%|████▊     | 1434/3000 [13:24<10:12,  2.56it/s]
qwen2.5-vl/pope/ricd/gqa/adversarial/seed1:  48%|████▊     | 1435/3000 [13:24<11:34,  2.25it/s]
qwen2.5-vl/pope/ricd/gqa/adversarial/seed1:  48%|████▊     | 1436/3000 [13:25<12:30,  2.09it/s]
qwen2.5-vl/pope/ricd/gqa/adversarial/seed1:  48%|████▊     | 1437/3000 [13:25<13:09,  1.98it/s]
qwen2.5-vl/pope/ricd/gqa/adversarial/seed1:  48%|████▊     | 1438/3000 [13:26<13:39,  1.91it/s]
qwen2.5-vl/pope/ricd/gqa/adversarial/seed1:  48%|████▊     | 1439/3000 [13:27<13:57,  1.86it/s]
qwen2.5-vl/pope/ricd/gqa/adversarial/seed1:  48%|████▊     | 1440/3000 [13:27<14:09,  1.84it/s]
qwen2.5-vl/pope/ricd/gqa/adversarial/seed1:  48%|████▊     | 1441/3000 [13:28<14:33,  1.78it/s]
qwen2.5-vl/pope/ricd/gqa/adversarial/seed1:  48%|████▊     | 1442/3000 [13:28<14:38,  1.77it/s]
qwen2.5-vl/pope/ricd/gqa/adversarial/seed1:  48%|████▊     | 1443/3000 [13:29<14:46,  1.76it/s]
qwen2.5-vl/pope/ricd/gqa/adversarial/seed1:  48%|████▊     | 1444/3000 [13:29<14:45,  1.76it/s]
qwen2.5-vl/pope/ricd/gqa/adversarial/seed1:  48%|████▊     | 1445/3000 [13:30<14:45,  1.76it/s]
qwen2.5-vl/pope/ricd/gqa/adversarial/seed1:  48%|████▊     | 1446/3000 [13:31<14:43,  1.76it/s]
qwen2.5-vl/pope/ricd/gqa/adversarial/seed1:  48%|████▊     | 1447/3000 [13:31<13:21,  1.94it/s]
qwen2.5-vl/pope/ricd/gqa/adversarial/seed1:  48%|████▊     | 1448/3000 [13:31<12:23,  2.09it/s]
qwen2.5-vl/pope/ricd/gqa/adversarial/seed1:  48%|████▊     | 1449/3000 [13:32<11:43,  2.20it/s]
qwen2.5-vl/pope/ricd/gqa/adversarial/seed1:  48%|████▊     | 1450/3000 [13:32<11:19,  2.28it/s]
qwen2.5-vl/pope/ricd/gqa/adversarial/seed1:  48%|████▊     | 1451/3000 [13:33<11:03,  2.33it/s]
qwen2.5-vl/pope/ricd/gqa/adversarial/seed1:  48%|████▊     | 1452/3000 [13:33<10:51,  2.38it/s]
qwen2.5-vl/pope/ricd/gqa/adversarial/seed1:  48%|████▊     | 1453/3000 [13:33<10:41,  2.41it/s]
qwen2.5-vl/pope/ricd/gqa/adversarial/seed1:  48%|████▊     | 1454/3000 [13:34<10:34,  2.43it/s]
qwen2.5-vl/pope/ricd/gqa/adversarial/seed1:  48%|████▊     | 1455/3000 [13:34<10:34,  2.44it/s]
qwen2.5-vl/pope/ricd/gqa/adversarial/seed1:  49%|████▊     | 1456/3000 [13:35<10:32,  2.44it/s]
qwen2.5-vl/pope/ricd/gqa/adversarial/seed1:  49%|████▊     | 1457/3000 [13:35<10:23,  2.47it/s]
qwen2.5-vl/pope/ricd/gqa/adversarial/seed1:  49%|████▊     | 1458/3000 [13:35<10:17,  2.50it/s]
qwen2.5-vl/pope/ricd/gqa/adversarial/seed1:  49%|████▊     | 1459/3000 [13:36<10:10,  2.53it/s]
qwen2.5-vl/pope/ricd/gqa/adversarial/seed1:  49%|████▊     | 1460/3000 [13:36<10:05,  2.54it/s]
qwen2.5-vl/pope/ricd/gqa/adversarial/seed1:  49%|████▊     | 1461/3000 [13:37<10:00,  2.56it/s]
qwen2.5-vl/pope/ricd/gqa/adversarial/seed1:  49%|████▊     | 1462/3000 [13:37<09:57,  2.57it/s]
qwen2.5-vl/pope/ricd/gqa/adversarial/seed1:  49%|████▉     | 1463/3000 [13:37<09:53,  2.59it/s]
qwen2.5-vl/pope/ricd/gqa/adversarial/seed1:  49%|████▉     | 1464/3000 [13:38<09:51,  2.60it/s]
qwen2.5-vl/pope/ricd/gqa/adversarial/seed1:  49%|████▉     | 1465/3000 [13:40<26:04,  1.02s/it]
qwen2.5-vl/pope/ricd/gqa/adversarial/seed1:  49%|████▉     | 1466/3000 [13:43<36:39,  1.43s/it]
qwen2.5-vl/pope/ricd/gqa/adversarial/seed1:  49%|████▉     | 1467/3000 [13:45<43:56,  1.72s/it]
qwen2.5-vl/pope/ricd/gqa/adversarial/seed1:  49%|████▉     | 1468/3000 [13:47<49:11,  1.93s/it]
qwen2.5-vl/pope/ricd/gqa/adversarial/seed1:  49%|████▉     | 1469/3000 [13:50<52:40,  2.06s/it]
qwen2.5-vl/pope/ricd/gqa/adversarial/seed1:  49%|████▉     | 1470/3000 [13:52<55:07,  2.16s/it]
qwen2.5-vl/pope/ricd/gqa/adversarial/seed1:  49%|████▉     | 1471/3000 [13:53<41:31,  1.63s/it]
qwen2.5-vl/pope/ricd/gqa/adversarial/seed1:  49%|████▉     | 1472/3000 [13:53<32:00,  1.26s/it]
qwen2.5-vl/pope/ricd/gqa/adversarial/seed1:  49%|████▉     | 1473/3000 [13:53<25:19,  1.00it/s]
qwen2.5-vl/pope/ricd/gqa/adversarial/seed1:  49%|████▉     | 1474/3000 [13:54<20:41,  1.23it/s]
qwen2.5-vl/pope/ricd/gqa/adversarial/seed1:  49%|████▉     | 1475/3000 [13:54<17:24,  1.46it/s]
qwen2.5-vl/pope/ricd/gqa/adversarial/seed1:  49%|████▉     | 1476/3000 [13:54<15:05,  1.68it/s]
qwen2.5-vl/pope/ricd/gqa/adversarial/seed1:  49%|████▉     | 1477/3000 [13:55<15:08,  1.68it/s]
qwen2.5-vl/pope/ricd/gqa/adversarial/seed1:  49%|████▉     | 1478/3000 [13:56<15:12,  1.67it/s]
qwen2.5-vl/pope/ricd/gqa/adversarial/seed1:  49%|████▉     | 1479/3000 [13:56<15:12,  1.67it/s]
qwen2.5-vl/pope/ricd/gqa/adversarial/seed1:  49%|████▉     | 1480/3000 [13:57<15:13,  1.66it/s]
qwen2.5-vl/pope/ricd/gqa/adversarial/seed1:  49%|████▉     | 1481/3000 [13:58<15:14,  1.66it/s]
qwen2.5-vl/pope/ricd/gqa/adversarial/seed1:  49%|████▉     | 1482/3000 [13:58<15:17,  1.65it/s]
qwen2.5-vl/pope/ricd/gqa/adversarial/seed1:  49%|████▉     | 1483/3000 [13:59<16:13,  1.56it/s]
qwen2.5-vl/pope/ricd/gqa/adversarial/seed1:  49%|████▉     | 1484/3000 [14:00<16:48,  1.50it/s]
qwen2.5-vl/pope/ricd/gqa/adversarial/seed1:  50%|████▉     | 1485/3000 [14:00<17:15,  1.46it/s]
qwen2.5-vl/pope/ricd/gqa/adversarial/seed1:  50%|████▉     | 1486/3000 [14:01<17:33,  1.44it/s]
qwen2.5-vl/pope/ricd/gqa/adversarial/seed1:  50%|████▉     | 1487/3000 [14:02<17:45,  1.42it/s]
qwen2.5-vl/pope/ricd/gqa/adversarial/seed1:  50%|████▉     | 1488/3000 [14:02<18:06,  1.39it/s]
qwen2.5-vl/pope/ricd/gqa/adversarial/seed1:  50%|████▉     | 1489/3000 [14:03<17:07,  1.47it/s]
qwen2.5-vl/pope/ricd/gqa/adversarial/seed1:  50%|████▉     | 1490/3000 [14:04<16:26,  1.53it/s]
qwen2.5-vl/pope/ricd/gqa/adversarial/seed1:  50%|████▉     | 1491/3000 [14:04<15:46,  1.59it/s]
qwen2.5-vl/pope/ricd/gqa/adversarial/seed1:  50%|████▉     | 1492/3000 [14:05<15:19,  1.64it/s]
qwen2.5-vl/pope/ricd/gqa/adversarial/seed1:  50%|████▉     | 1493/3000 [14:05<15:03,  1.67it/s]
qwen2.5-vl/pope/ricd/gqa/adversarial/seed1:  50%|████▉     | 1494/3000 [14:06<14:51,  1.69it/s]
qwen2.5-vl/pope/ricd/gqa/adversarial/seed1:  50%|████▉     | 1495/3000 [14:06<13:19,  1.88it/s]
qwen2.5-vl/pope/ricd/gqa/adversarial/seed1:  50%|████▉     | 1496/3000 [14:07<12:15,  2.04it/s]
qwen2.5-vl/pope/ricd/gqa/adversarial/seed1:  50%|████▉     | 1497/3000 [14:07<11:31,  2.17it/s]
qwen2.5-vl/pope/ricd/gqa/adversarial/seed1:  50%|████▉     | 1498/3000 [14:08<10:57,  2.28it/s]
qwen2.5-vl/pope/ricd/gqa/adversarial/seed1:  50%|████▉     | 1499/3000 [14:08<10:37,  2.35it/s]
qwen2.5-vl/pope/ricd/gqa/adversarial/seed1:  50%|█████     | 1500/3000 [14:08<10:33,  2.37it/s]
qwen2.5-vl/pope/ricd/gqa/adversarial/seed1:  50%|█████     | 1501/3000 [14:09<10:07,  2.47it/s]
qwen2.5-vl/pope/ricd/gqa/adversarial/seed1:  50%|█████     | 1502/3000 [14:09<09:50,  2.54it/s]
qwen2.5-vl/pope/ricd/gqa/adversarial/seed1:  50%|█████     | 1503/3000 [14:09<09:37,  2.59it/s]
qwen2.5-vl/pope/ricd/gqa/adversarial/seed1:  50%|█████     | 1504/3000 [14:10<09:27,  2.64it/s]
qwen2.5-vl/pope/ricd/gqa/adversarial/seed1:  50%|█████     | 1505/3000 [14:10<09:17,  2.68it/s]
qwen2.5-vl/pope/ricd/gqa/adversarial/seed1:  50%|█████     | 1506/3000 [14:11<09:13,  2.70it/s]
qwen2.5-vl/pope/ricd/gqa/adversarial/seed1:  50%|█████     | 1507/3000 [14:11<09:18,  2.67it/s]
qwen2.5-vl/pope/ricd/gqa/adversarial/seed1:  50%|█████     | 1508/3000 [14:11<09:24,  2.64it/s]
qwen2.5-vl/pope/ricd/gqa/adversarial/seed1:  50%|█████     | 1509/3000 [14:12<09:25,  2.63it/s]
qwen2.5-vl/pope/ricd/gqa/adversarial/seed1:  50%|█████     | 1510/3000 [14:12<09:28,  2.62it/s]
qwen2.5-vl/pope/ricd/gqa/adversarial/seed1:  50%|█████     | 1511/3000 [14:12<09:29,  2.61it/s]
qwen2.5-vl/pope/ricd/gqa/adversarial/seed1:  50%|█████     | 1512/3000 [14:13<09:28,  2.62it/s]
qwen2.5-vl/pope/ricd/gqa/adversarial/seed1:  50%|█████     | 1513/3000 [14:13<08:55,  2.78it/s]
qwen2.5-vl/pope/ricd/gqa/adversarial/seed1:  50%|█████     | 1514/3000 [14:13<08:32,  2.90it/s]
qwen2.5-vl/pope/ricd/gqa/adversarial/seed1:  50%|█████     | 1515/3000 [14:14<08:15,  3.00it/s]
qwen2.5-vl/pope/ricd/gqa/adversarial/seed1:  51%|█████     | 1516/3000 [14:14<08:02,  3.07it/s]
qwen2.5-vl/pope/ricd/gqa/adversarial/seed1:  51%|█████     | 1517/3000 [14:14<07:54,  3.13it/s]
qwen2.5-vl/pope/ricd/gqa/adversarial/seed1:  51%|█████     | 1518/3000 [14:15<07:48,  3.16it/s]
qwen2.5-vl/pope/ricd/gqa/adversarial/seed1:  51%|█████     | 1519/3000 [14:15<08:17,  2.98it/s]
qwen2.5-vl/pope/ricd/gqa/adversarial/seed1:  51%|█████     | 1520/3000 [14:15<08:38,  2.85it/s]
qwen2.5-vl/pope/ricd/gqa/adversarial/seed1:  51%|█████     | 1521/3000 [14:16<08:52,  2.78it/s]
qwen2.5-vl/pope/ricd/gqa/adversarial/seed1:  51%|█████     | 1522/3000 [14:16<09:02,  2.73it/s]
qwen2.5-vl/pope/ricd/gqa/adversarial/seed1:  51%|█████     | 1523/3000 [14:17<09:08,  2.69it/s]
qwen2.5-vl/pope/ricd/gqa/adversarial/seed1:  51%|█████     | 1524/3000 [14:17<09:12,  2.67it/s]
qwen2.5-vl/pope/ricd/gqa/adversarial/seed1:  51%|█████     | 1525/3000 [14:18<10:36,  2.32it/s]
qwen2.5-vl/pope/ricd/gqa/adversarial/seed1:  51%|█████     | 1526/3000 [14:18<11:34,  2.12it/s]
qwen2.5-vl/pope/ricd/gqa/adversarial/seed1:  51%|█████     | 1527/3000 [14:19<12:15,  2.00it/s]
qwen2.5-vl/pope/ricd/gqa/adversarial/seed1:  51%|█████     | 1528/3000 [14:19<12:42,  1.93it/s]
qwen2.5-vl/pope/ricd/gqa/adversarial/seed1:  51%|█████     | 1529/3000 [14:20<13:04,  1.88it/s]
qwen2.5-vl/pope/ricd/gqa/adversarial/seed1:  51%|█████     | 1530/3000 [14:20<13:17,  1.84it/s]
qwen2.5-vl/pope/ricd/gqa/adversarial/seed1:  51%|█████     | 1531/3000 [14:21<13:25,  1.82it/s]
qwen2.5-vl/pope/ricd/gqa/adversarial/seed1:  51%|█████     | 1532/3000 [14:21<13:30,  1.81it/s]
qwen2.5-vl/pope/ricd/gqa/adversarial/seed1:  51%|█████     | 1533/3000 [14:22<13:34,  1.80it/s]
qwen2.5-vl/pope/ricd/gqa/adversarial/seed1:  51%|█████     | 1534/3000 [14:23<13:36,  1.79it/s]
qwen2.5-vl/pope/ricd/gqa/adversarial/seed1:  51%|█████     | 1535/3000 [14:23<13:38,  1.79it/s]
qwen2.5-vl/pope/ricd/gqa/adversarial/seed1:  51%|█████     | 1536/3000 [14:24<13:38,  1.79it/s]
qwen2.5-vl/pope/ricd/gqa/adversarial/seed1:  51%|█████     | 1537/3000 [14:24<12:20,  1.98it/s]
qwen2.5-vl/pope/ricd/gqa/adversarial/seed1:  51%|█████▏    | 1538/3000 [14:24<11:24,  2.14it/s]
qwen2.5-vl/pope/ricd/gqa/adversarial/seed1:  51%|█████▏    | 1539/3000 [14:25<10:48,  2.25it/s]
qwen2.5-vl/pope/ricd/gqa/adversarial/seed1:  51%|█████▏    | 1540/3000 [14:25<10:22,  2.34it/s]
qwen2.5-vl/pope/ricd/gqa/adversarial/seed1:  51%|█████▏    | 1541/3000 [14:26<10:03,  2.42it/s]
qwen2.5-vl/pope/ricd/gqa/adversarial/seed1:  51%|█████▏    | 1542/3000 [14:26<09:49,  2.47it/s]
qwen2.5-vl/pope/ricd/gqa/adversarial/seed1:  51%|█████▏    | 1543/3000 [14:26<09:41,  2.51it/s]
qwen2.5-vl/pope/ricd/gqa/adversarial/seed1:  51%|█████▏    | 1544/3000 [14:27<09:32,  2.54it/s]
qwen2.5-vl/pope/ricd/gqa/adversarial/seed1:  52%|█████▏    | 1545/3000 [14:27<09:26,  2.57it/s]
qwen2.5-vl/pope/ricd/gqa/adversarial/seed1:  52%|█████▏    | 1546/3000 [14:28<09:22,  2.59it/s]
qwen2.5-vl/pope/ricd/gqa/adversarial/seed1:  52%|█████▏    | 1547/3000 [14:28<09:18,  2.60it/s]
qwen2.5-vl/pope/ricd/gqa/adversarial/seed1:  52%|█████▏    | 1548/3000 [14:28<09:17,  2.61it/s]
qwen2.5-vl/pope/ricd/gqa/adversarial/seed1:  52%|█████▏    | 1549/3000 [14:29<09:17,  2.60it/s]
qwen2.5-vl/pope/ricd/gqa/adversarial/seed1:  52%|█████▏    | 1550/3000 [14:29<09:15,  2.61it/s]
qwen2.5-vl/pope/ricd/gqa/adversarial/seed1:  52%|█████▏    | 1551/3000 [14:29<09:14,  2.61it/s]
qwen2.5-vl/pope/ricd/gqa/adversarial/seed1:  52%|█████▏    | 1552/3000 [14:30<09:13,  2.62it/s]
qwen2.5-vl/pope/ricd/gqa/adversarial/seed1:  52%|█████▏    | 1553/3000 [14:30<09:12,  2.62it/s]
qwen2.5-vl/pope/ricd/gqa/adversarial/seed1:  52%|█████▏    | 1554/3000 [14:31<09:12,  2.62it/s]
qwen2.5-vl/pope/ricd/gqa/adversarial/seed1:  52%|█████▏    | 1555/3000 [14:31<09:12,  2.62it/s]
qwen2.5-vl/pope/ricd/gqa/adversarial/seed1:  52%|█████▏    | 1556/3000 [14:31<09:11,  2.62it/s]
qwen2.5-vl/pope/ricd/gqa/adversarial/seed1:  52%|█████▏    | 1557/3000 [14:32<09:11,  2.62it/s]
qwen2.5-vl/pope/ricd/gqa/adversarial/seed1:  52%|█████▏    | 1558/3000 [14:32<09:10,  2.62it/s]
qwen2.5-vl/pope/ricd/gqa/adversarial/seed1:  52%|█████▏    | 1559/3000 [14:33<09:10,  2.62it/s]
qwen2.5-vl/pope/ricd/gqa/adversarial/seed1:  52%|█████▏    | 1560/3000 [14:33<09:11,  2.61it/s]
qwen2.5-vl/pope/ricd/gqa/adversarial/seed1:  52%|█████▏    | 1561/3000 [14:33<10:29,  2.29it/s]
qwen2.5-vl/pope/ricd/gqa/adversarial/seed1:  52%|█████▏    | 1562/3000 [14:34<11:25,  2.10it/s]
qwen2.5-vl/pope/ricd/gqa/adversarial/seed1:  52%|█████▏    | 1563/3000 [14:35<12:03,  1.99it/s]
qwen2.5-vl/pope/ricd/gqa/adversarial/seed1:  52%|█████▏    | 1564/3000 [14:35<12:29,  1.92it/s]
qwen2.5-vl/pope/ricd/gqa/adversarial/seed1:  52%|█████▏    | 1565/3000 [14:36<12:47,  1.87it/s]
qwen2.5-vl/pope/ricd/gqa/adversarial/seed1:  52%|█████▏    | 1566/3000 [14:36<12:58,  1.84it/s]
qwen2.5-vl/pope/ricd/gqa/adversarial/seed1:  52%|█████▏    | 1567/3000 [14:37<11:48,  2.02it/s]
qwen2.5-vl/pope/ricd/gqa/adversarial/seed1:  52%|█████▏    | 1568/3000 [14:37<11:00,  2.17it/s]
qwen2.5-vl/pope/ricd/gqa/adversarial/seed1:  52%|█████▏    | 1569/3000 [14:37<10:26,  2.29it/s]
qwen2.5-vl/pope/ricd/gqa/adversarial/seed1:  52%|█████▏    | 1570/3000 [14:38<10:01,  2.38it/s]
qwen2.5-vl/pope/ricd/gqa/adversarial/seed1:  52%|█████▏    | 1571/3000 [14:38<09:47,  2.43it/s]
qwen2.5-vl/pope/ricd/gqa/adversarial/seed1:  52%|█████▏    | 1572/3000 [14:39<09:35,  2.48it/s]
qwen2.5-vl/pope/ricd/gqa/adversarial/seed1:  52%|█████▏    | 1573/3000 [14:39<12:05,  1.97it/s]
qwen2.5-vl/pope/ricd/gqa/adversarial/seed1:  52%|█████▏    | 1574/3000 [14:40<13:43,  1.73it/s]
qwen2.5-vl/pope/ricd/gqa/adversarial/seed1:  52%|█████▎    | 1575/3000 [14:41<14:43,  1.61it/s]
qwen2.5-vl/pope/ricd/gqa/adversarial/seed1:  53%|█████▎    | 1576/3000 [14:42<15:31,  1.53it/s]
qwen2.5-vl/pope/ricd/gqa/adversarial/seed1:  53%|█████▎    | 1577/3000 [14:42<16:06,  1.47it/s]
qwen2.5-vl/pope/ricd/gqa/adversarial/seed1:  53%|█████▎    | 1578/3000 [14:43<16:30,  1.44it/s]
qwen2.5-vl/pope/ricd/gqa/adversarial/seed1:  53%|█████▎    | 1579/3000 [14:43<13:42,  1.73it/s]
qwen2.5-vl/pope/ricd/gqa/adversarial/seed1:  53%|█████▎    | 1580/3000 [14:44<11:45,  2.01it/s]
qwen2.5-vl/pope/ricd/gqa/adversarial/seed1:  53%|█████▎    | 1581/3000 [14:44<10:22,  2.28it/s]
qwen2.5-vl/pope/ricd/gqa/adversarial/seed1:  53%|█████▎    | 1582/3000 [14:44<09:23,  2.51it/s]
qwen2.5-vl/pope/ricd/gqa/adversarial/seed1:  53%|█████▎    | 1583/3000 [14:45<08:43,  2.71it/s]
qwen2.5-vl/pope/ricd/gqa/adversarial/seed1:  53%|█████▎    | 1584/3000 [14:45<08:14,  2.87it/s]
qwen2.5-vl/pope/ricd/gqa/adversarial/seed1:  53%|█████▎    | 1585/3000 [14:45<08:30,  2.77it/s]
qwen2.5-vl/pope/ricd/gqa/adversarial/seed1:  53%|█████▎    | 1586/3000 [14:46<08:42,  2.71it/s]
qwen2.5-vl/pope/ricd/gqa/adversarial/seed1:  53%|█████▎    | 1587/3000 [14:46<08:50,  2.66it/s]
qwen2.5-vl/pope/ricd/gqa/adversarial/seed1:  53%|█████▎    | 1588/3000 [14:46<08:55,  2.64it/s]
qwen2.5-vl/pope/ricd/gqa/adversarial/seed1:  53%|█████▎    | 1589/3000 [14:47<08:58,  2.62it/s]
qwen2.5-vl/pope/ricd/gqa/adversarial/seed1:  53%|█████▎    | 1590/3000 [14:47<09:00,  2.61it/s]
qwen2.5-vl/pope/ricd/gqa/adversarial/seed1:  53%|█████▎    | 1591/3000 [14:48<10:18,  2.28it/s]
qwen2.5-vl/pope/ricd/gqa/adversarial/seed1:  53%|█████▎    | 1592/3000 [14:48<11:15,  2.09it/s]
qwen2.5-vl/pope/ricd/gqa/adversarial/seed1:  53%|█████▎    | 1593/3000 [14:49<11:52,  1.98it/s]
qwen2.5-vl/pope/ricd/gqa/adversarial/seed1:  53%|█████▎    | 1594/3000 [14:49<12:18,  1.91it/s]
qwen2.5-vl/pope/ricd/gqa/adversarial/seed1:  53%|█████▎    | 1595/3000 [14:50<12:35,  1.86it/s]
qwen2.5-vl/pope/ricd/gqa/adversarial/seed1:  53%|█████▎    | 1596/3000 [14:51<12:47,  1.83it/s]
qwen2.5-vl/pope/ricd/gqa/adversarial/seed1:  53%|█████▎    | 1597/3000 [14:51<12:55,  1.81it/s]
qwen2.5-vl/pope/ricd/gqa/adversarial/seed1:  53%|█████▎    | 1598/3000 [14:52<13:02,  1.79it/s]
qwen2.5-vl/pope/ricd/gqa/adversarial/seed1:  53%|█████▎    | 1599/3000 [14:52<13:06,  1.78it/s]
qwen2.5-vl/pope/ricd/gqa/adversarial/seed1:  53%|█████▎    | 1600/3000 [14:53<13:08,  1.78it/s]
qwen2.5-vl/pope/ricd/gqa/adversarial/seed1:  53%|█████▎    | 1601/3000 [14:53<13:08,  1.77it/s]
qwen2.5-vl/pope/ricd/gqa/adversarial/seed1:  53%|█████▎    | 1602/3000 [14:54<13:09,  1.77it/s]
qwen2.5-vl/pope/ricd/gqa/adversarial/seed1:  53%|█████▎    | 1603/3000 [14:54<11:53,  1.96it/s]
qwen2.5-vl/pope/ricd/gqa/adversarial/seed1:  53%|█████▎    | 1604/3000 [14:55<11:02,  2.11it/s]
qwen2.5-vl/pope/ricd/gqa/adversarial/seed1:  54%|█████▎    | 1605/3000 [14:55<10:23,  2.24it/s]
qwen2.5-vl/pope/ricd/gqa/adversarial/seed1:  54%|█████▎    | 1606/3000 [14:56<09:57,  2.33it/s]
qwen2.5-vl/pope/ricd/gqa/adversarial/seed1:  54%|█████▎    | 1607/3000 [14:56<09:38,  2.41it/s]
qwen2.5-vl/pope/ricd/gqa/adversarial/seed1:  54%|█████▎    | 1608/3000 [14:56<09:24,  2.46it/s]
qwen2.5-vl/pope/ricd/gqa/adversarial/seed1:  54%|█████▎    | 1609/3000 [14:57<10:39,  2.18it/s]
qwen2.5-vl/pope/ricd/gqa/adversarial/seed1:  54%|█████▎    | 1610/3000 [14:57<11:28,  2.02it/s]
qwen2.5-vl/pope/ricd/gqa/adversarial/seed1:  54%|█████▎    | 1611/3000 [14:58<12:03,  1.92it/s]
qwen2.5-vl/pope/ricd/gqa/adversarial/seed1:  54%|█████▎    | 1612/3000 [14:59<12:28,  1.86it/s]
qwen2.5-vl/pope/ricd/gqa/adversarial/seed1:  54%|█████▍    | 1613/3000 [14:59<12:45,  1.81it/s]
qwen2.5-vl/pope/ricd/gqa/adversarial/seed1:  54%|█████▍    | 1614/3000 [15:00<12:56,  1.79it/s]
qwen2.5-vl/pope/ricd/gqa/adversarial/seed1:  54%|█████▍    | 1615/3000 [15:00<11:33,  2.00it/s]
qwen2.5-vl/pope/ricd/gqa/adversarial/seed1:  54%|█████▍    | 1616/3000 [15:01<10:33,  2.18it/s]
qwen2.5-vl/pope/ricd/gqa/adversarial/seed1:  54%|█████▍    | 1617/3000 [15:01<09:52,  2.34it/s]
qwen2.5-vl/pope/ricd/gqa/adversarial/seed1:  54%|█████▍    | 1618/3000 [15:01<09:23,  2.45it/s]
qwen2.5-vl/pope/ricd/gqa/adversarial/seed1:  54%|█████▍    | 1619/3000 [15:02<09:02,  2.54it/s]
qwen2.5-vl/pope/ricd/gqa/adversarial/seed1:  54%|█████▍    | 1620/3000 [15:02<08:48,  2.61it/s]
qwen2.5-vl/pope/ricd/gqa/adversarial/seed1:  54%|█████▍    | 1621/3000 [15:03<10:02,  2.29it/s]
qwen2.5-vl/pope/ricd/gqa/adversarial/seed1:  54%|█████▍    | 1622/3000 [15:03<10:54,  2.11it/s]
qwen2.5-vl/pope/ricd/gqa/adversarial/seed1:  54%|█████▍    | 1623/3000 [15:04<11:32,  1.99it/s]
qwen2.5-vl/pope/ricd/gqa/adversarial/seed1:  54%|█████▍    | 1624/3000 [15:04<11:57,  1.92it/s]
qwen2.5-vl/pope/ricd/gqa/adversarial/seed1:  54%|█████▍    | 1625/3000 [15:05<12:14,  1.87it/s]
qwen2.5-vl/pope/ricd/gqa/adversarial/seed1:  54%|█████▍    | 1626/3000 [15:05<12:28,  1.83it/s]
qwen2.5-vl/pope/ricd/gqa/adversarial/seed1:  54%|█████▍    | 1627/3000 [15:08<27:11,  1.19s/it]
qwen2.5-vl/pope/ricd/gqa/adversarial/seed1:  54%|█████▍    | 1628/3000 [15:11<36:28,  1.59s/it]
qwen2.5-vl/pope/ricd/gqa/adversarial/seed1:  54%|█████▍    | 1629/3000 [15:13<43:05,  1.89s/it]
qwen2.5-vl/pope/ricd/gqa/adversarial/seed1:  54%|█████▍    | 1630/3000 [15:16<47:23,  2.08s/it]
qwen2.5-vl/pope/ricd/gqa/adversarial/seed1:  54%|█████▍    | 1631/3000 [15:18<50:12,  2.20s/it]
qwen2.5-vl/pope/ricd/gqa/adversarial/seed1:  54%|█████▍    | 1632/3000 [15:21<52:39,  2.31s/it]
qwen2.5-vl/pope/ricd/gqa/adversarial/seed1:  54%|█████▍    | 1633/3000 [15:21<40:41,  1.79s/it]
qwen2.5-vl/pope/ricd/gqa/adversarial/seed1:  54%|█████▍    | 1634/3000 [15:22<32:17,  1.42s/it]
qwen2.5-vl/pope/ricd/gqa/adversarial/seed1:  55%|█████▍    | 1635/3000 [15:22<26:25,  1.16s/it]
qwen2.5-vl/pope/ricd/gqa/adversarial/seed1:  55%|█████▍    | 1636/3000 [15:23<22:20,  1.02it/s]
qwen2.5-vl/pope/ricd/gqa/adversarial/seed1:  55%|█████▍    | 1637/3000 [15:24<19:27,  1.17it/s]
qwen2.5-vl/pope/ricd/gqa/adversarial/seed1:  55%|█████▍    | 1638/3000 [15:24<17:26,  1.30it/s]
qwen2.5-vl/pope/ricd/gqa/adversarial/seed1:  55%|█████▍    | 1639/3000 [15:25<16:02,  1.41it/s]
qwen2.5-vl/pope/ricd/gqa/adversarial/seed1:  55%|█████▍    | 1640/3000 [15:25<15:02,  1.51it/s]
qwen2.5-vl/pope/ricd/gqa/adversarial/seed1:  55%|█████▍    | 1641/3000 [15:26<14:22,  1.58it/s]
qwen2.5-vl/pope/ricd/gqa/adversarial/seed1:  55%|█████▍    | 1642/3000 [15:26<13:53,  1.63it/s]
qwen2.5-vl/pope/ricd/gqa/adversarial/seed1:  55%|█████▍    | 1643/3000 [15:27<13:40,  1.65it/s]
qwen2.5-vl/pope/ricd/gqa/adversarial/seed1:  55%|█████▍    | 1644/3000 [15:27<13:23,  1.69it/s]
qwen2.5-vl/pope/ricd/gqa/adversarial/seed1:  55%|█████▍    | 1645/3000 [15:28<14:16,  1.58it/s]
qwen2.5-vl/pope/ricd/gqa/adversarial/seed1:  55%|█████▍    | 1646/3000 [15:29<14:52,  1.52it/s]
qwen2.5-vl/pope/ricd/gqa/adversarial/seed1:  55%|█████▍    | 1647/3000 [15:30<15:17,  1.47it/s]
qwen2.5-vl/pope/ricd/gqa/adversarial/seed1:  55%|█████▍    | 1648/3000 [15:30<15:35,  1.45it/s]
qwen2.5-vl/pope/ricd/gqa/adversarial/seed1:  55%|█████▍    | 1649/3000 [15:31<15:46,  1.43it/s]
qwen2.5-vl/pope/ricd/gqa/adversarial/seed1:  55%|█████▌    | 1650/3000 [15:32<15:54,  1.41it/s]
qwen2.5-vl/pope/ricd/gqa/adversarial/seed1:  55%|█████▌    | 1651/3000 [15:32<14:55,  1.51it/s]
qwen2.5-vl/pope/ricd/gqa/adversarial/seed1:  55%|█████▌    | 1652/3000 [15:33<14:14,  1.58it/s]
qwen2.5-vl/pope/ricd/gqa/adversarial/seed1:  55%|█████▌    | 1653/3000 [15:34<13:44,  1.63it/s]
qwen2.5-vl/pope/ricd/gqa/adversarial/seed1:  55%|█████▌    | 1654/3000 [15:34<13:26,  1.67it/s]
qwen2.5-vl/pope/ricd/gqa/adversarial/seed1:  55%|█████▌    | 1655/3000 [15:35<13:11,  1.70it/s]
qwen2.5-vl/pope/ricd/gqa/adversarial/seed1:  55%|█████▌    | 1656/3000 [15:35<13:03,  1.72it/s]
qwen2.5-vl/pope/ricd/gqa/adversarial/seed1:  55%|█████▌    | 1657/3000 [15:36<12:56,  1.73it/s]
qwen2.5-vl/pope/ricd/gqa/adversarial/seed1:  55%|█████▌    | 1658/3000 [15:36<12:55,  1.73it/s]
qwen2.5-vl/pope/ricd/gqa/adversarial/seed1:  55%|█████▌    | 1659/3000 [15:37<13:00,  1.72it/s]
qwen2.5-vl/pope/ricd/gqa/adversarial/seed1:  55%|█████▌    | 1660/3000 [15:38<13:00,  1.72it/s]
qwen2.5-vl/pope/ricd/gqa/adversarial/seed1:  55%|█████▌    | 1661/3000 [15:38<13:19,  1.67it/s]
qwen2.5-vl/pope/ricd/gqa/adversarial/seed1:  55%|█████▌    | 1662/3000 [15:39<13:07,  1.70it/s]
qwen2.5-vl/pope/ricd/gqa/adversarial/seed1:  55%|█████▌    | 1663/3000 [15:39<12:56,  1.72it/s]
qwen2.5-vl/pope/ricd/gqa/adversarial/seed1:  55%|█████▌    | 1664/3000 [15:40<12:51,  1.73it/s]
qwen2.5-vl/pope/ricd/gqa/adversarial/seed1:  56%|█████▌    | 1665/3000 [15:40<12:49,  1.73it/s]
qwen2.5-vl/pope/ricd/gqa/adversarial/seed1:  56%|█████▌    | 1666/3000 [15:41<12:47,  1.74it/s]
qwen2.5-vl/pope/ricd/gqa/adversarial/seed1:  56%|█████▌    | 1667/3000 [15:42<12:53,  1.72it/s]
qwen2.5-vl/pope/ricd/gqa/adversarial/seed1:  56%|█████▌    | 1668/3000 [15:42<12:56,  1.71it/s]
qwen2.5-vl/pope/ricd/gqa/adversarial/seed1:  56%|█████▌    | 1669/3000 [15:43<11:45,  1.89it/s]
qwen2.5-vl/pope/ricd/gqa/adversarial/seed1:  56%|█████▌    | 1670/3000 [15:43<10:51,  2.04it/s]
qwen2.5-vl/pope/ricd/gqa/adversarial/seed1:  56%|█████▌    | 1671/3000 [15:43<10:11,  2.17it/s]
qwen2.5-vl/pope/ricd/gqa/adversarial/seed1:  56%|█████▌    | 1672/3000 [15:44<09:42,  2.28it/s]
qwen2.5-vl/pope/ricd/gqa/adversarial/seed1:  56%|█████▌    | 1673/3000 [15:44<09:22,  2.36it/s]
qwen2.5-vl/pope/ricd/gqa/adversarial/seed1:  56%|█████▌    | 1674/3000 [15:45<09:08,  2.42it/s]
qwen2.5-vl/pope/ricd/gqa/adversarial/seed1:  56%|█████▌    | 1675/3000 [15:45<08:56,  2.47it/s]
qwen2.5-vl/pope/ricd/gqa/adversarial/seed1:  56%|█████▌    | 1676/3000 [15:45<08:47,  2.51it/s]
qwen2.5-vl/pope/ricd/gqa/adversarial/seed1:  56%|█████▌    | 1677/3000 [15:46<08:41,  2.54it/s]
qwen2.5-vl/pope/ricd/gqa/adversarial/seed1:  56%|█████▌    | 1678/3000 [15:46<08:37,  2.55it/s]
qwen2.5-vl/pope/ricd/gqa/adversarial/seed1:  56%|█████▌    | 1679/3000 [15:46<08:34,  2.57it/s]
qwen2.5-vl/pope/ricd/gqa/adversarial/seed1:  56%|█████▌    | 1680/3000 [15:47<08:32,  2.57it/s]
qwen2.5-vl/pope/ricd/gqa/adversarial/seed1:  56%|█████▌    | 1681/3000 [15:47<08:31,  2.58it/s]
qwen2.5-vl/pope/ricd/gqa/adversarial/seed1:  56%|█████▌    | 1682/3000 [15:48<08:31,  2.58it/s]
qwen2.5-vl/pope/ricd/gqa/adversarial/seed1:  56%|█████▌    | 1683/3000 [15:48<08:29,  2.58it/s]
qwen2.5-vl/pope/ricd/gqa/adversarial/seed1:  56%|█████▌    | 1684/3000 [15:48<08:27,  2.59it/s]
qwen2.5-vl/pope/ricd/gqa/adversarial/seed1:  56%|█████▌    | 1685/3000 [15:49<08:29,  2.58it/s]
qwen2.5-vl/pope/ricd/gqa/adversarial/seed1:  56%|█████▌    | 1686/3000 [15:49<08:28,  2.58it/s]
qwen2.5-vl/pope/ricd/gqa/adversarial/seed1:  56%|█████▌    | 1687/3000 [15:50<08:27,  2.59it/s]
qwen2.5-vl/pope/ricd/gqa/adversarial/seed1:  56%|█████▋    | 1688/3000 [15:50<08:27,  2.59it/s]
qwen2.5-vl/pope/ricd/gqa/adversarial/seed1:  56%|█████▋    | 1689/3000 [15:50<08:26,  2.59it/s]
qwen2.5-vl/pope/ricd/gqa/adversarial/seed1:  56%|█████▋    | 1690/3000 [15:51<08:24,  2.59it/s]
qwen2.5-vl/pope/ricd/gqa/adversarial/seed1:  56%|█████▋    | 1691/3000 [15:51<08:24,  2.60it/s]
qwen2.5-vl/pope/ricd/gqa/adversarial/seed1:  56%|█████▋    | 1692/3000 [15:52<08:31,  2.56it/s]
qwen2.5-vl/pope/ricd/gqa/adversarial/seed1:  56%|█████▋    | 1693/3000 [15:52<08:21,  2.61it/s]
qwen2.5-vl/pope/ricd/gqa/adversarial/seed1:  56%|█████▋    | 1694/3000 [15:52<08:12,  2.65it/s]
qwen2.5-vl/pope/ricd/gqa/adversarial/seed1:  56%|█████▋    | 1695/3000 [15:53<08:05,  2.69it/s]
qwen2.5-vl/pope/ricd/gqa/adversarial/seed1:  57%|█████▋    | 1696/3000 [15:53<08:01,  2.71it/s]
qwen2.5-vl/pope/ricd/gqa/adversarial/seed1:  57%|█████▋    | 1697/3000 [15:53<08:13,  2.64it/s]
qwen2.5-vl/pope/ricd/gqa/adversarial/seed1:  57%|█████▋    | 1698/3000 [15:54<08:18,  2.61it/s]
qwen2.5-vl/pope/ricd/gqa/adversarial/seed1:  57%|█████▋    | 1699/3000 [15:54<08:24,  2.58it/s]
qwen2.5-vl/pope/ricd/gqa/adversarial/seed1:  57%|█████▋    | 1700/3000 [15:55<08:31,  2.54it/s]
qwen2.5-vl/pope/ricd/gqa/adversarial/seed1:  57%|█████▋    | 1701/3000 [15:55<08:27,  2.56it/s]
qwen2.5-vl/pope/ricd/gqa/adversarial/seed1:  57%|█████▋    | 1702/3000 [15:55<08:25,  2.57it/s]
qwen2.5-vl/pope/ricd/gqa/adversarial/seed1:  57%|█████▋    | 1703/3000 [15:56<08:25,  2.57it/s]
qwen2.5-vl/pope/ricd/gqa/adversarial/seed1:  57%|█████▋    | 1704/3000 [15:56<08:26,  2.56it/s]
qwen2.5-vl/pope/ricd/gqa/adversarial/seed1:  57%|█████▋    | 1705/3000 [15:57<09:38,  2.24it/s]
qwen2.5-vl/pope/ricd/gqa/adversarial/seed1:  57%|█████▋    | 1706/3000 [15:57<10:27,  2.06it/s]
qwen2.5-vl/pope/ricd/gqa/adversarial/seed1:  57%|█████▋    | 1707/3000 [15:58<10:58,  1.96it/s]
qwen2.5-vl/pope/ricd/gqa/adversarial/seed1:  57%|█████▋    | 1708/3000 [15:58<11:19,  1.90it/s]
qwen2.5-vl/pope/ricd/gqa/adversarial/seed1:  57%|█████▋    | 1709/3000 [15:59<11:35,  1.86it/s]
qwen2.5-vl/pope/ricd/gqa/adversarial/seed1:  57%|█████▋    | 1710/3000 [16:00<12:11,  1.76it/s]
qwen2.5-vl/pope/ricd/gqa/adversarial/seed1:  57%|█████▋    | 1711/3000 [16:00<10:54,  1.97it/s]
qwen2.5-vl/pope/ricd/gqa/adversarial/seed1:  57%|█████▋    | 1712/3000 [16:00<10:00,  2.14it/s]
qwen2.5-vl/pope/ricd/gqa/adversarial/seed1:  57%|█████▋    | 1713/3000 [16:01<09:24,  2.28it/s]
qwen2.5-vl/pope/ricd/gqa/adversarial/seed1:  57%|█████▋    | 1714/3000 [16:01<08:58,  2.39it/s]
qwen2.5-vl/pope/ricd/gqa/adversarial/seed1:  57%|█████▋    | 1715/3000 [16:01<08:40,  2.47it/s]
qwen2.5-vl/pope/ricd/gqa/adversarial/seed1:  57%|█████▋    | 1716/3000 [16:02<08:19,  2.57it/s]
qwen2.5-vl/pope/ricd/gqa/adversarial/seed1:  57%|█████▋    | 1717/3000 [16:02<09:32,  2.24it/s]
qwen2.5-vl/pope/ricd/gqa/adversarial/seed1:  57%|█████▋    | 1718/3000 [16:03<10:22,  2.06it/s]
qwen2.5-vl/pope/ricd/gqa/adversarial/seed1:  57%|█████▋    | 1719/3000 [16:04<11:05,  1.93it/s]
qwen2.5-vl/pope/ricd/gqa/adversarial/seed1:  57%|█████▋    | 1720/3000 [16:04<11:24,  1.87it/s]
qwen2.5-vl/pope/ricd/gqa/adversarial/seed1:  57%|█████▋    | 1721/3000 [16:05<11:38,  1.83it/s]
qwen2.5-vl/pope/ricd/gqa/adversarial/seed1:  57%|█████▋    | 1722/3000 [16:05<11:45,  1.81it/s]
qwen2.5-vl/pope/ricd/gqa/adversarial/seed1:  57%|█████▋    | 1723/3000 [16:06<11:50,  1.80it/s]
qwen2.5-vl/pope/ricd/gqa/adversarial/seed1:  57%|█████▋    | 1724/3000 [16:06<11:53,  1.79it/s]
qwen2.5-vl/pope/ricd/gqa/adversarial/seed1:  57%|█████▊    | 1725/3000 [16:07<11:54,  1.78it/s]
qwen2.5-vl/pope/ricd/gqa/adversarial/seed1:  58%|█████▊    | 1726/3000 [16:08<11:57,  1.78it/s]
qwen2.5-vl/pope/ricd/gqa/adversarial/seed1:  58%|█████▊    | 1727/3000 [16:08<11:58,  1.77it/s]
qwen2.5-vl/pope/ricd/gqa/adversarial/seed1:  58%|█████▊    | 1728/3000 [16:09<11:57,  1.77it/s]
qwen2.5-vl/pope/ricd/gqa/adversarial/seed1:  58%|█████▊    | 1729/3000 [16:09<10:48,  1.96it/s]
qwen2.5-vl/pope/ricd/gqa/adversarial/seed1:  58%|█████▊    | 1730/3000 [16:09<10:00,  2.12it/s]
qwen2.5-vl/pope/ricd/gqa/adversarial/seed1:  58%|█████▊    | 1731/3000 [16:10<09:26,  2.24it/s]
qwen2.5-vl/pope/ricd/gqa/adversarial/seed1:  58%|█████▊    | 1732/3000 [16:10<09:02,  2.34it/s]
qwen2.5-vl/pope/ricd/gqa/adversarial/seed1:  58%|█████▊    | 1733/3000 [16:11<08:44,  2.41it/s]
qwen2.5-vl/pope/ricd/gqa/adversarial/seed1:  58%|█████▊    | 1734/3000 [16:11<08:34,  2.46it/s]
qwen2.5-vl/pope/ricd/gqa/adversarial/seed1:  58%|█████▊    | 1735/3000 [16:12<09:34,  2.20it/s]
qwen2.5-vl/pope/ricd/gqa/adversarial/seed1:  58%|█████▊    | 1736/3000 [16:12<10:17,  2.05it/s]
qwen2.5-vl/pope/ricd/gqa/adversarial/seed1:  58%|█████▊    | 1737/3000 [16:13<10:45,  1.96it/s]
qwen2.5-vl/pope/ricd/gqa/adversarial/seed1:  58%|█████▊    | 1738/3000 [16:13<11:05,  1.90it/s]
qwen2.5-vl/pope/ricd/gqa/adversarial/seed1:  58%|█████▊    | 1739/3000 [16:14<11:18,  1.86it/s]
qwen2.5-vl/pope/ricd/gqa/adversarial/seed1:  58%|█████▊    | 1740/3000 [16:14<11:28,  1.83it/s]
qwen2.5-vl/pope/ricd/gqa/adversarial/seed1:  58%|█████▊    | 1741/3000 [16:15<10:17,  2.04it/s]
qwen2.5-vl/pope/ricd/gqa/adversarial/seed1:  58%|█████▊    | 1742/3000 [16:15<09:27,  2.22it/s]
qwen2.5-vl/pope/ricd/gqa/adversarial/seed1:  58%|█████▊    | 1743/3000 [16:15<08:53,  2.36it/s]
qwen2.5-vl/pope/ricd/gqa/adversarial/seed1:  58%|█████▊    | 1744/3000 [16:16<08:29,  2.47it/s]
qwen2.5-vl/pope/ricd/gqa/adversarial/seed1:  58%|█████▊    | 1745/3000 [16:16<08:13,  2.54it/s]
qwen2.5-vl/pope/ricd/gqa/adversarial/seed1:  58%|█████▊    | 1746/3000 [16:17<08:03,  2.59it/s]
qwen2.5-vl/pope/ricd/gqa/adversarial/seed1:  58%|█████▊    | 1747/3000 [16:17<08:04,  2.59it/s]
qwen2.5-vl/pope/ricd/gqa/adversarial/seed1:  58%|█████▊    | 1748/3000 [16:17<08:03,  2.59it/s]
qwen2.5-vl/pope/ricd/gqa/adversarial/seed1:  58%|█████▊    | 1749/3000 [16:18<08:01,  2.60it/s]
qwen2.5-vl/pope/ricd/gqa/adversarial/seed1:  58%|█████▊    | 1750/3000 [16:18<08:00,  2.60it/s]
qwen2.5-vl/pope/ricd/gqa/adversarial/seed1:  58%|█████▊    | 1751/3000 [16:18<08:01,  2.60it/s]
qwen2.5-vl/pope/ricd/gqa/adversarial/seed1:  58%|█████▊    | 1752/3000 [16:19<08:00,  2.60it/s]
qwen2.5-vl/pope/ricd/gqa/adversarial/seed1:  58%|█████▊    | 1753/3000 [16:19<07:58,  2.60it/s]
qwen2.5-vl/pope/ricd/gqa/adversarial/seed1:  58%|█████▊    | 1754/3000 [16:20<07:58,  2.60it/s]
qwen2.5-vl/pope/ricd/gqa/adversarial/seed1:  58%|█████▊    | 1755/3000 [16:20<07:59,  2.60it/s]
qwen2.5-vl/pope/ricd/gqa/adversarial/seed1:  59%|█████▊    | 1756/3000 [16:20<08:00,  2.59it/s]
qwen2.5-vl/pope/ricd/gqa/adversarial/seed1:  59%|█████▊    | 1757/3000 [16:21<07:59,  2.59it/s]
qwen2.5-vl/pope/ricd/gqa/adversarial/seed1:  59%|█████▊    | 1758/3000 [16:21<07:59,  2.59it/s]
qwen2.5-vl/pope/ricd/gqa/adversarial/seed1:  59%|█████▊    | 1759/3000 [16:22<09:08,  2.26it/s]
qwen2.5-vl/pope/ricd/gqa/adversarial/seed1:  59%|█████▊    | 1760/3000 [16:22<09:56,  2.08it/s]
qwen2.5-vl/pope/ricd/gqa/adversarial/seed1:  59%|█████▊    | 1761/3000 [16:23<10:29,  1.97it/s]
qwen2.5-vl/pope/ricd/gqa/adversarial/seed1:  59%|█████▊    | 1762/3000 [16:23<10:52,  1.90it/s]
qwen2.5-vl/pope/ricd/gqa/adversarial/seed1:  59%|█████▉    | 1763/3000 [16:24<11:07,  1.85it/s]
qwen2.5-vl/pope/ricd/gqa/adversarial/seed1:  59%|█████▉    | 1764/3000 [16:25<11:18,  1.82it/s]
qwen2.5-vl/pope/ricd/gqa/adversarial/seed1:  59%|█████▉    | 1765/3000 [16:25<11:25,  1.80it/s]
qwen2.5-vl/pope/ricd/gqa/adversarial/seed1:  59%|█████▉    | 1766/3000 [16:26<11:29,  1.79it/s]
qwen2.5-vl/pope/ricd/gqa/adversarial/seed1:  59%|█████▉    | 1767/3000 [16:26<11:33,  1.78it/s]
qwen2.5-vl/pope/ricd/gqa/adversarial/seed1:  59%|█████▉    | 1768/3000 [16:27<11:35,  1.77it/s]
qwen2.5-vl/pope/ricd/gqa/adversarial/seed1:  59%|█████▉    | 1769/3000 [16:27<11:34,  1.77it/s]
qwen2.5-vl/pope/ricd/gqa/adversarial/seed1:  59%|█████▉    | 1770/3000 [16:28<11:33,  1.77it/s]
qwen2.5-vl/pope/ricd/gqa/adversarial/seed1:  59%|█████▉    | 1771/3000 [16:29<11:32,  1.77it/s]
qwen2.5-vl/pope/ricd/gqa/adversarial/seed1:  59%|█████▉    | 1772/3000 [16:29<11:35,  1.77it/s]
qwen2.5-vl/pope/ricd/gqa/adversarial/seed1:  59%|█████▉    | 1773/3000 [16:30<11:38,  1.76it/s]
qwen2.5-vl/pope/ricd/gqa/adversarial/seed1:  59%|█████▉    | 1774/3000 [16:30<11:40,  1.75it/s]
qwen2.5-vl/pope/ricd/gqa/adversarial/seed1:  59%|█████▉    | 1775/3000 [16:31<11:38,  1.75it/s]
qwen2.5-vl/pope/ricd/gqa/adversarial/seed1:  59%|█████▉    | 1776/3000 [16:31<11:41,  1.74it/s]
qwen2.5-vl/pope/ricd/gqa/adversarial/seed1:  59%|█████▉    | 1777/3000 [16:32<10:38,  1.92it/s]
qwen2.5-vl/pope/ricd/gqa/adversarial/seed1:  59%|█████▉    | 1778/3000 [16:32<09:52,  2.06it/s]
qwen2.5-vl/pope/ricd/gqa/adversarial/seed1:  59%|█████▉    | 1779/3000 [16:33<09:20,  2.18it/s]
qwen2.5-vl/pope/ricd/gqa/adversarial/seed1:  59%|█████▉    | 1780/3000 [16:33<08:51,  2.29it/s]
qwen2.5-vl/pope/ricd/gqa/adversarial/seed1:  59%|█████▉    | 1781/3000 [16:33<08:32,  2.38it/s]
qwen2.5-vl/pope/ricd/gqa/adversarial/seed1:  59%|█████▉    | 1782/3000 [16:34<08:18,  2.44it/s]
qwen2.5-vl/pope/ricd/gqa/adversarial/seed1:  59%|█████▉    | 1783/3000 [16:34<08:07,  2.49it/s]
qwen2.5-vl/pope/ricd/gqa/adversarial/seed1:  59%|█████▉    | 1784/3000 [16:35<08:00,  2.53it/s]
qwen2.5-vl/pope/ricd/gqa/adversarial/seed1:  60%|█████▉    | 1785/3000 [16:35<07:55,  2.56it/s]
qwen2.5-vl/pope/ricd/gqa/adversarial/seed1:  60%|█████▉    | 1786/3000 [16:35<07:51,  2.58it/s]
qwen2.5-vl/pope/ricd/gqa/adversarial/seed1:  60%|█████▉    | 1787/3000 [16:36<07:51,  2.57it/s]
qwen2.5-vl/pope/ricd/gqa/adversarial/seed1:  60%|█████▉    | 1788/3000 [16:36<07:48,  2.59it/s]
qwen2.5-vl/pope/ricd/gqa/adversarial/seed1:  60%|█████▉    | 1789/3000 [16:36<07:42,  2.62it/s]
qwen2.5-vl/pope/ricd/gqa/adversarial/seed1:  60%|█████▉    | 1790/3000 [16:37<07:38,  2.64it/s]
qwen2.5-vl/pope/ricd/gqa/adversarial/seed1:  60%|█████▉    | 1791/3000 [16:37<07:35,  2.65it/s]
qwen2.5-vl/pope/ricd/gqa/adversarial/seed1:  60%|█████▉    | 1792/3000 [16:38<07:33,  2.66it/s]
qwen2.5-vl/pope/ricd/gqa/adversarial/seed1:  60%|█████▉    | 1793/3000 [16:38<07:32,  2.67it/s]
qwen2.5-vl/pope/ricd/gqa/adversarial/seed1:  60%|█████▉    | 1794/3000 [16:38<07:31,  2.67it/s]
qwen2.5-vl/pope/ricd/gqa/adversarial/seed1:  60%|█████▉    | 1795/3000 [16:39<08:39,  2.32it/s]
qwen2.5-vl/pope/ricd/gqa/adversarial/seed1:  60%|█████▉    | 1796/3000 [16:39<09:26,  2.13it/s]
qwen2.5-vl/pope/ricd/gqa/adversarial/seed1:  60%|█████▉    | 1797/3000 [16:40<09:59,  2.01it/s]
qwen2.5-vl/pope/ricd/gqa/adversarial/seed1:  60%|█████▉    | 1798/3000 [16:41<10:23,  1.93it/s]
qwen2.5-vl/pope/ricd/gqa/adversarial/seed1:  60%|█████▉    | 1799/3000 [16:41<10:38,  1.88it/s]
qwen2.5-vl/pope/ricd/gqa/adversarial/seed1:  60%|██████    | 1800/3000 [16:42<10:49,  1.85it/s]
qwen2.5-vl/pope/ricd/gqa/adversarial/seed1:  60%|██████    | 1801/3000 [16:42<11:02,  1.81it/s]
qwen2.5-vl/pope/ricd/gqa/adversarial/seed1:  60%|██████    | 1802/3000 [16:43<11:05,  1.80it/s]
qwen2.5-vl/pope/ricd/gqa/adversarial/seed1:  60%|██████    | 1803/3000 [16:43<11:07,  1.79it/s]
qwen2.5-vl/pope/ricd/gqa/adversarial/seed1:  60%|██████    | 1804/3000 [16:44<11:08,  1.79it/s]
qwen2.5-vl/pope/ricd/gqa/adversarial/seed1:  60%|██████    | 1805/3000 [16:45<11:10,  1.78it/s]
qwen2.5-vl/pope/ricd/gqa/adversarial/seed1:  60%|██████    | 1806/3000 [16:45<11:09,  1.78it/s]
qwen2.5-vl/pope/ricd/gqa/adversarial/seed1:  60%|██████    | 1807/3000 [16:47<19:56,  1.00s/it]
qwen2.5-vl/pope/ricd/gqa/adversarial/seed1:  60%|██████    | 1808/3000 [16:49<25:40,  1.29s/it]
qwen2.5-vl/pope/ricd/gqa/adversarial/seed1:  60%|██████    | 1809/3000 [16:51<29:40,  1.49s/it]
qwen2.5-vl/pope/ricd/gqa/adversarial/seed1:  60%|██████    | 1810/3000 [16:53<32:31,  1.64s/it]
qwen2.5-vl/pope/ricd/gqa/adversarial/seed1:  60%|██████    | 1811/3000 [16:55<34:37,  1.75s/it]
qwen2.5-vl/pope/ricd/gqa/adversarial/seed1:  60%|██████    | 1812/3000 [16:57<35:58,  1.82s/it]
qwen2.5-vl/pope/ricd/gqa/adversarial/seed1:  60%|██████    | 1813/3000 [16:58<28:32,  1.44s/it]
qwen2.5-vl/pope/ricd/gqa/adversarial/seed1:  60%|██████    | 1814/3000 [16:58<23:18,  1.18s/it]
qwen2.5-vl/pope/ricd/gqa/adversarial/seed1:  60%|██████    | 1815/3000 [16:59<19:38,  1.01it/s]
qwen2.5-vl/pope/ricd/gqa/adversarial/seed1:  61%|██████    | 1816/3000 [16:59<17:04,  1.16it/s]
qwen2.5-vl/pope/ricd/gqa/adversarial/seed1:  61%|██████    | 1817/3000 [17:00<15:16,  1.29it/s]
qwen2.5-vl/pope/ricd/gqa/adversarial/seed1:  61%|██████    | 1818/3000 [17:00<14:00,  1.41it/s]
qwen2.5-vl/pope/ricd/gqa/adversarial/seed1:  61%|██████    | 1819/3000 [17:01<12:03,  1.63it/s]
qwen2.5-vl/pope/ricd/gqa/adversarial/seed1:  61%|██████    | 1820/3000 [17:01<10:41,  1.84it/s]
qwen2.5-vl/pope/ricd/gqa/adversarial/seed1:  61%|██████    | 1821/3000 [17:02<09:43,  2.02it/s]
qwen2.5-vl/pope/ricd/gqa/adversarial/seed1:  61%|██████    | 1822/3000 [17:02<09:03,  2.17it/s]
qwen2.5-vl/pope/ricd/gqa/adversarial/seed1:  61%|██████    | 1823/3000 [17:02<08:35,  2.28it/s]
qwen2.5-vl/pope/ricd/gqa/adversarial/seed1:  61%|██████    | 1824/3000 [17:03<08:15,  2.37it/s]
qwen2.5-vl/pope/ricd/gqa/adversarial/seed1:  61%|██████    | 1825/3000 [17:03<07:52,  2.49it/s]
qwen2.5-vl/pope/ricd/gqa/adversarial/seed1:  61%|██████    | 1826/3000 [17:03<07:37,  2.57it/s]
qwen2.5-vl/pope/ricd/gqa/adversarial/seed1:  61%|██████    | 1827/3000 [17:04<07:25,  2.63it/s]
qwen2.5-vl/pope/ricd/gqa/adversarial/seed1:  61%|██████    | 1828/3000 [17:04<07:18,  2.67it/s]
qwen2.5-vl/pope/ricd/gqa/adversarial/seed1:  61%|██████    | 1829/3000 [17:04<07:12,  2.71it/s]
qwen2.5-vl/pope/ricd/gqa/adversarial/seed1:  61%|██████    | 1830/3000 [17:05<07:08,  2.73it/s]
qwen2.5-vl/pope/ricd/gqa/adversarial/seed1:  61%|██████    | 1831/3000 [17:06<09:06,  2.14it/s]
qwen2.5-vl/pope/ricd/gqa/adversarial/seed1:  61%|██████    | 1832/3000 [17:06<10:30,  1.85it/s]
qwen2.5-vl/pope/ricd/gqa/adversarial/seed1:  61%|██████    | 1833/3000 [17:07<11:27,  1.70it/s]
qwen2.5-vl/pope/ricd/gqa/adversarial/seed1:  61%|██████    | 1834/3000 [17:08<12:09,  1.60it/s]
qwen2.5-vl/pope/ricd/gqa/adversarial/seed1:  61%|██████    | 1835/3000 [17:08<12:40,  1.53it/s]
qwen2.5-vl/pope/ricd/gqa/adversarial/seed1:  61%|██████    | 1836/3000 [17:09<12:59,  1.49it/s]
qwen2.5-vl/pope/ricd/gqa/adversarial/seed1:  61%|██████    | 1837/3000 [17:09<11:20,  1.71it/s]
qwen2.5-vl/pope/ricd/gqa/adversarial/seed1:  61%|██████▏   | 1838/3000 [17:10<10:12,  1.90it/s]
qwen2.5-vl/pope/ricd/gqa/adversarial/seed1:  61%|██████▏   | 1839/3000 [17:10<09:22,  2.06it/s]
qwen2.5-vl/pope/ricd/gqa/adversarial/seed1:  61%|██████▏   | 1840/3000 [17:11<08:47,  2.20it/s]
qwen2.5-vl/pope/ricd/gqa/adversarial/seed1:  61%|██████▏   | 1841/3000 [17:11<08:31,  2.27it/s]
qwen2.5-vl/pope/ricd/gqa/adversarial/seed1:  61%|██████▏   | 1842/3000 [17:11<08:11,  2.35it/s]
qwen2.5-vl/pope/ricd/gqa/adversarial/seed1:  61%|██████▏   | 1843/3000 [17:12<09:01,  2.14it/s]
qwen2.5-vl/pope/ricd/gqa/adversarial/seed1:  61%|██████▏   | 1844/3000 [17:13<09:35,  2.01it/s]
qwen2.5-vl/pope/ricd/gqa/adversarial/seed1:  62%|██████▏   | 1845/3000 [17:13<10:00,  1.92it/s]
qwen2.5-vl/pope/ricd/gqa/adversarial/seed1:  62%|██████▏   | 1846/3000 [17:14<10:22,  1.85it/s]
qwen2.5-vl/pope/ricd/gqa/adversarial/seed1:  62%|██████▏   | 1847/3000 [17:14<10:33,  1.82it/s]
qwen2.5-vl/pope/ricd/gqa/adversarial/seed1:  62%|██████▏   | 1848/3000 [17:15<10:40,  1.80it/s]
qwen2.5-vl/pope/ricd/gqa/adversarial/seed1:  62%|██████▏   | 1849/3000 [17:15<09:42,  1.98it/s]
qwen2.5-vl/pope/ricd/gqa/adversarial/seed1:  62%|██████▏   | 1850/3000 [17:16<09:07,  2.10it/s]
qwen2.5-vl/pope/ricd/gqa/adversarial/seed1:  62%|██████▏   | 1851/3000 [17:16<08:41,  2.20it/s]
qwen2.5-vl/pope/ricd/gqa/adversarial/seed1:  62%|██████▏   | 1852/3000 [17:16<08:23,  2.28it/s]
qwen2.5-vl/pope/ricd/gqa/adversarial/seed1:  62%|██████▏   | 1853/3000 [17:17<08:19,  2.30it/s]
qwen2.5-vl/pope/ricd/gqa/adversarial/seed1:  62%|██████▏   | 1854/3000 [17:17<08:02,  2.38it/s]
qwen2.5-vl/pope/ricd/gqa/adversarial/seed1:  62%|██████▏   | 1855/3000 [17:18<07:50,  2.43it/s]
qwen2.5-vl/pope/ricd/gqa/adversarial/seed1:  62%|██████▏   | 1856/3000 [17:18<07:42,  2.47it/s]
qwen2.5-vl/pope/ricd/gqa/adversarial/seed1:  62%|██████▏   | 1857/3000 [17:18<07:36,  2.51it/s]
qwen2.5-vl/pope/ricd/gqa/adversarial/seed1:  62%|██████▏   | 1858/3000 [17:19<07:32,  2.52it/s]
qwen2.5-vl/pope/ricd/gqa/adversarial/seed1:  62%|██████▏   | 1859/3000 [17:19<07:29,  2.54it/s]
qwen2.5-vl/pope/ricd/gqa/adversarial/seed1:  62%|██████▏   | 1860/3000 [17:20<07:43,  2.46it/s]
qwen2.5-vl/pope/ricd/gqa/adversarial/seed1:  62%|██████▏   | 1861/3000 [17:20<07:36,  2.49it/s]
qwen2.5-vl/pope/ricd/gqa/adversarial/seed1:  62%|██████▏   | 1862/3000 [17:20<07:32,  2.51it/s]
qwen2.5-vl/pope/ricd/gqa/adversarial/seed1:  62%|██████▏   | 1863/3000 [17:21<07:28,  2.54it/s]
qwen2.5-vl/pope/ricd/gqa/adversarial/seed1:  62%|██████▏   | 1864/3000 [17:21<07:25,  2.55it/s]
qwen2.5-vl/pope/ricd/gqa/adversarial/seed1:  62%|██████▏   | 1865/3000 [17:22<07:24,  2.56it/s]
qwen2.5-vl/pope/ricd/gqa/adversarial/seed1:  62%|██████▏   | 1866/3000 [17:22<07:22,  2.56it/s]
qwen2.5-vl/pope/ricd/gqa/adversarial/seed1:  62%|██████▏   | 1867/3000 [17:22<07:20,  2.57it/s]
qwen2.5-vl/pope/ricd/gqa/adversarial/seed1:  62%|██████▏   | 1868/3000 [17:23<07:20,  2.57it/s]
qwen2.5-vl/pope/ricd/gqa/adversarial/seed1:  62%|██████▏   | 1869/3000 [17:23<07:19,  2.58it/s]
qwen2.5-vl/pope/ricd/gqa/adversarial/seed1:  62%|██████▏   | 1870/3000 [17:24<07:19,  2.57it/s]
qwen2.5-vl/pope/ricd/gqa/adversarial/seed1:  62%|██████▏   | 1871/3000 [17:24<07:17,  2.58it/s]
qwen2.5-vl/pope/ricd/gqa/adversarial/seed1:  62%|██████▏   | 1872/3000 [17:24<07:15,  2.59it/s]
qwen2.5-vl/pope/ricd/gqa/adversarial/seed1:  62%|██████▏   | 1873/3000 [17:25<07:19,  2.57it/s]
qwen2.5-vl/pope/ricd/gqa/adversarial/seed1:  62%|██████▏   | 1874/3000 [17:25<07:18,  2.57it/s]
qwen2.5-vl/pope/ricd/gqa/adversarial/seed1:  62%|██████▎   | 1875/3000 [17:26<07:17,  2.57it/s]
qwen2.5-vl/pope/ricd/gqa/adversarial/seed1:  63%|██████▎   | 1876/3000 [17:26<07:17,  2.57it/s]
qwen2.5-vl/pope/ricd/gqa/adversarial/seed1:  63%|██████▎   | 1877/3000 [17:26<07:16,  2.58it/s]
qwen2.5-vl/pope/ricd/gqa/adversarial/seed1:  63%|██████▎   | 1878/3000 [17:27<07:37,  2.45it/s]
qwen2.5-vl/pope/ricd/gqa/adversarial/seed1:  63%|██████▎   | 1879/3000 [17:27<08:37,  2.16it/s]
qwen2.5-vl/pope/ricd/gqa/adversarial/seed1:  63%|██████▎   | 1880/3000 [17:28<09:20,  2.00it/s]
qwen2.5-vl/pope/ricd/gqa/adversarial/seed1:  63%|██████▎   | 1881/3000 [17:28<09:41,  1.93it/s]
qwen2.5-vl/pope/ricd/gqa/adversarial/seed1:  63%|██████▎   | 1882/3000 [17:29<10:00,  1.86it/s]
qwen2.5-vl/pope/ricd/gqa/adversarial/seed1:  63%|██████▎   | 1883/3000 [17:30<10:08,  1.83it/s]
qwen2.5-vl/pope/ricd/gqa/adversarial/seed1:  63%|██████▎   | 1884/3000 [17:30<10:16,  1.81it/s]
qwen2.5-vl/pope/ricd/gqa/adversarial/seed1:  63%|██████▎   | 1885/3000 [17:31<09:19,  1.99it/s]
qwen2.5-vl/pope/ricd/gqa/adversarial/seed1:  63%|██████▎   | 1886/3000 [17:31<08:41,  2.14it/s]
qwen2.5-vl/pope/ricd/gqa/adversarial/seed1:  63%|██████▎   | 1887/3000 [17:31<08:15,  2.25it/s]
qwen2.5-vl/pope/ricd/gqa/adversarial/seed1:  63%|██████▎   | 1888/3000 [17:32<07:58,  2.32it/s]
qwen2.5-vl/pope/ricd/gqa/adversarial/seed1:  63%|██████▎   | 1889/3000 [17:32<07:49,  2.37it/s]
qwen2.5-vl/pope/ricd/gqa/adversarial/seed1:  63%|██████▎   | 1890/3000 [17:33<07:44,  2.39it/s]
qwen2.5-vl/pope/ricd/gqa/adversarial/seed1:  63%|██████▎   | 1891/3000 [17:33<09:33,  1.93it/s]
qwen2.5-vl/pope/ricd/gqa/adversarial/seed1:  63%|██████▎   | 1892/3000 [17:34<10:45,  1.72it/s]
qwen2.5-vl/pope/ricd/gqa/adversarial/seed1:  63%|██████▎   | 1893/3000 [17:35<11:36,  1.59it/s]
qwen2.5-vl/pope/ricd/gqa/adversarial/seed1:  63%|██████▎   | 1894/3000 [17:36<12:14,  1.51it/s]
qwen2.5-vl/pope/ricd/gqa/adversarial/seed1:  63%|██████▎   | 1895/3000 [17:36<12:36,  1.46it/s]
qwen2.5-vl/pope/ricd/gqa/adversarial/seed1:  63%|██████▎   | 1896/3000 [17:37<12:53,  1.43it/s]
qwen2.5-vl/pope/ricd/gqa/adversarial/seed1:  63%|██████▎   | 1897/3000 [17:38<12:21,  1.49it/s]
qwen2.5-vl/pope/ricd/gqa/adversarial/seed1:  63%|██████▎   | 1898/3000 [17:38<11:59,  1.53it/s]
qwen2.5-vl/pope/ricd/gqa/adversarial/seed1:  63%|██████▎   | 1899/3000 [17:39<11:41,  1.57it/s]
qwen2.5-vl/pope/ricd/gqa/adversarial/seed1:  63%|██████▎   | 1900/3000 [17:39<11:29,  1.59it/s]
qwen2.5-vl/pope/ricd/gqa/adversarial/seed1:  63%|██████▎   | 1901/3000 [17:40<11:21,  1.61it/s]
qwen2.5-vl/pope/ricd/gqa/adversarial/seed1:  63%|██████▎   | 1902/3000 [17:41<11:15,  1.63it/s]
qwen2.5-vl/pope/ricd/gqa/adversarial/seed1:  63%|██████▎   | 1903/3000 [17:41<09:59,  1.83it/s]
qwen2.5-vl/pope/ricd/gqa/adversarial/seed1:  63%|██████▎   | 1904/3000 [17:41<09:06,  2.00it/s]
qwen2.5-vl/pope/ricd/gqa/adversarial/seed1:  64%|██████▎   | 1905/3000 [17:42<08:29,  2.15it/s]
qwen2.5-vl/pope/ricd/gqa/adversarial/seed1:  64%|██████▎   | 1906/3000 [17:42<08:02,  2.27it/s]
qwen2.5-vl/pope/ricd/gqa/adversarial/seed1:  64%|██████▎   | 1907/3000 [17:43<07:43,  2.36it/s]
qwen2.5-vl/pope/ricd/gqa/adversarial/seed1:  64%|██████▎   | 1908/3000 [17:43<07:30,  2.42it/s]
qwen2.5-vl/pope/ricd/gqa/adversarial/seed1:  64%|██████▎   | 1909/3000 [17:43<07:22,  2.47it/s]
qwen2.5-vl/pope/ricd/gqa/adversarial/seed1:  64%|██████▎   | 1910/3000 [17:44<07:16,  2.50it/s]
qwen2.5-vl/pope/ricd/gqa/adversarial/seed1:  64%|██████▎   | 1911/3000 [17:44<07:10,  2.53it/s]
qwen2.5-vl/pope/ricd/gqa/adversarial/seed1:  64%|██████▎   | 1912/3000 [17:44<07:08,  2.54it/s]
qwen2.5-vl/pope/ricd/gqa/adversarial/seed1:  64%|██████▍   | 1913/3000 [17:45<07:05,  2.55it/s]
qwen2.5-vl/pope/ricd/gqa/adversarial/seed1:  64%|██████▍   | 1914/3000 [17:45<07:03,  2.57it/s]
qwen2.5-vl/pope/ricd/gqa/adversarial/seed1:  64%|██████▍   | 1915/3000 [17:46<07:02,  2.57it/s]
qwen2.5-vl/pope/ricd/gqa/adversarial/seed1:  64%|██████▍   | 1916/3000 [17:46<07:00,  2.58it/s]
qwen2.5-vl/pope/ricd/gqa/adversarial/seed1:  64%|██████▍   | 1917/3000 [17:46<06:58,  2.59it/s]
qwen2.5-vl/pope/ricd/gqa/adversarial/seed1:  64%|██████▍   | 1918/3000 [17:47<06:58,  2.59it/s]
qwen2.5-vl/pope/ricd/gqa/adversarial/seed1:  64%|██████▍   | 1919/3000 [17:47<06:58,  2.58it/s]
qwen2.5-vl/pope/ricd/gqa/adversarial/seed1:  64%|██████▍   | 1920/3000 [17:48<06:58,  2.58it/s]
qwen2.5-vl/pope/ricd/gqa/adversarial/seed1:  64%|██████▍   | 1921/3000 [17:48<07:56,  2.26it/s]
qwen2.5-vl/pope/ricd/gqa/adversarial/seed1:  64%|██████▍   | 1922/3000 [17:49<08:36,  2.09it/s]
qwen2.5-vl/pope/ricd/gqa/adversarial/seed1:  64%|██████▍   | 1923/3000 [17:49<09:04,  1.98it/s]
qwen2.5-vl/pope/ricd/gqa/adversarial/seed1:  64%|██████▍   | 1924/3000 [17:50<09:23,  1.91it/s]
qwen2.5-vl/pope/ricd/gqa/adversarial/seed1:  64%|██████▍   | 1925/3000 [17:50<09:36,  1.86it/s]
qwen2.5-vl/pope/ricd/gqa/adversarial/seed1:  64%|██████▍   | 1926/3000 [17:51<09:45,  1.83it/s]
qwen2.5-vl/pope/ricd/gqa/adversarial/seed1:  64%|██████▍   | 1927/3000 [17:52<09:52,  1.81it/s]
qwen2.5-vl/pope/ricd/gqa/adversarial/seed1:  64%|██████▍   | 1928/3000 [17:52<09:58,  1.79it/s]
qwen2.5-vl/pope/ricd/gqa/adversarial/seed1:  64%|██████▍   | 1929/3000 [17:53<10:00,  1.78it/s]
qwen2.5-vl/pope/ricd/gqa/adversarial/seed1:  64%|██████▍   | 1930/3000 [17:53<10:02,  1.78it/s]
qwen2.5-vl/pope/ricd/gqa/adversarial/seed1:  64%|██████▍   | 1931/3000 [17:54<10:03,  1.77it/s]
qwen2.5-vl/pope/ricd/gqa/adversarial/seed1:  64%|██████▍   | 1932/3000 [17:54<10:03,  1.77it/s]
qwen2.5-vl/pope/ricd/gqa/adversarial/seed1:  64%|██████▍   | 1933/3000 [17:55<10:52,  1.64it/s]
qwen2.5-vl/pope/ricd/gqa/adversarial/seed1:  64%|██████▍   | 1934/3000 [17:56<11:23,  1.56it/s]
qwen2.5-vl/pope/ricd/gqa/adversarial/seed1:  64%|██████▍   | 1935/3000 [17:56<11:25,  1.55it/s]
qwen2.5-vl/pope/ricd/gqa/adversarial/seed1:  65%|██████▍   | 1936/3000 [17:57<11:47,  1.50it/s]
qwen2.5-vl/pope/ricd/gqa/adversarial/seed1:  65%|██████▍   | 1937/3000 [17:58<13:13,  1.34it/s]
qwen2.5-vl/pope/ricd/gqa/adversarial/seed1:  65%|██████▍   | 1938/3000 [17:59<12:41,  1.39it/s]
qwen2.5-vl/pope/ricd/gqa/adversarial/seed1:  65%|██████▍   | 1939/3000 [17:59<11:55,  1.48it/s]
qwen2.5-vl/pope/ricd/gqa/adversarial/seed1:  65%|██████▍   | 1940/3000 [18:00<11:23,  1.55it/s]
qwen2.5-vl/pope/ricd/gqa/adversarial/seed1:  65%|██████▍   | 1941/3000 [18:00<11:00,  1.60it/s]
qwen2.5-vl/pope/ricd/gqa/adversarial/seed1:  65%|██████▍   | 1942/3000 [18:01<10:44,  1.64it/s]
qwen2.5-vl/pope/ricd/gqa/adversarial/seed1:  65%|██████▍   | 1943/3000 [18:02<10:32,  1.67it/s]
qwen2.5-vl/pope/ricd/gqa/adversarial/seed1:  65%|██████▍   | 1944/3000 [18:02<10:23,  1.69it/s]
qwen2.5-vl/pope/ricd/gqa/adversarial/seed1:  65%|██████▍   | 1945/3000 [18:03<10:17,  1.71it/s]
qwen2.5-vl/pope/ricd/gqa/adversarial/seed1:  65%|██████▍   | 1946/3000 [18:03<10:13,  1.72it/s]
qwen2.5-vl/pope/ricd/gqa/adversarial/seed1:  65%|██████▍   | 1947/3000 [18:04<10:10,  1.73it/s]
qwen2.5-vl/pope/ricd/gqa/adversarial/seed1:  65%|██████▍   | 1948/3000 [18:05<10:07,  1.73it/s]
qwen2.5-vl/pope/ricd/gqa/adversarial/seed1:  65%|██████▍   | 1949/3000 [18:05<10:06,  1.73it/s]
qwen2.5-vl/pope/ricd/gqa/adversarial/seed1:  65%|██████▌   | 1950/3000 [18:06<10:04,  1.74it/s]
qwen2.5-vl/pope/ricd/gqa/adversarial/seed1:  65%|██████▌   | 1951/3000 [18:06<10:00,  1.75it/s]
qwen2.5-vl/pope/ricd/gqa/adversarial/seed1:  65%|██████▌   | 1952/3000 [18:07<09:57,  1.75it/s]
qwen2.5-vl/pope/ricd/gqa/adversarial/seed1:  65%|██████▌   | 1953/3000 [18:07<09:54,  1.76it/s]
qwen2.5-vl/pope/ricd/gqa/adversarial/seed1:  65%|██████▌   | 1954/3000 [18:08<09:51,  1.77it/s]
qwen2.5-vl/pope/ricd/gqa/adversarial/seed1:  65%|██████▌   | 1955/3000 [18:08<09:49,  1.77it/s]
qwen2.5-vl/pope/ricd/gqa/adversarial/seed1:  65%|██████▌   | 1956/3000 [18:09<09:47,  1.78it/s]
qwen2.5-vl/pope/ricd/gqa/adversarial/seed1:  65%|██████▌   | 1957/3000 [18:09<08:49,  1.97it/s]
qwen2.5-vl/pope/ricd/gqa/adversarial/seed1:  65%|██████▌   | 1958/3000 [18:10<08:09,  2.13it/s]
qwen2.5-vl/pope/ricd/gqa/adversarial/seed1:  65%|██████▌   | 1959/3000 [18:10<07:40,  2.26it/s]
qwen2.5-vl/pope/ricd/gqa/adversarial/seed1:  65%|██████▌   | 1960/3000 [18:11<07:21,  2.36it/s]
qwen2.5-vl/pope/ricd/gqa/adversarial/seed1:  65%|██████▌   | 1961/3000 [18:11<07:06,  2.43it/s]
qwen2.5-vl/pope/ricd/gqa/adversarial/seed1:  65%|██████▌   | 1962/3000 [18:11<06:56,  2.49it/s]
qwen2.5-vl/pope/ricd/gqa/adversarial/seed1:  65%|██████▌   | 1963/3000 [18:12<06:44,  2.56it/s]
qwen2.5-vl/pope/ricd/gqa/adversarial/seed1:  65%|██████▌   | 1964/3000 [18:12<06:35,  2.62it/s]
qwen2.5-vl/pope/ricd/gqa/adversarial/seed1:  66%|██████▌   | 1965/3000 [18:12<06:28,  2.66it/s]
qwen2.5-vl/pope/ricd/gqa/adversarial/seed1:  66%|██████▌   | 1966/3000 [18:13<06:24,  2.69it/s]
qwen2.5-vl/pope/ricd/gqa/adversarial/seed1:  66%|██████▌   | 1967/3000 [18:13<06:19,  2.73it/s]
qwen2.5-vl/pope/ricd/gqa/adversarial/seed1:  66%|██████▌   | 1968/3000 [18:13<06:17,  2.73it/s]
qwen2.5-vl/pope/ricd/gqa/adversarial/seed1:  66%|██████▌   | 1969/3000 [18:14<07:19,  2.35it/s]
qwen2.5-vl/pope/ricd/gqa/adversarial/seed1:  66%|██████▌   | 1970/3000 [18:15<08:01,  2.14it/s]
qwen2.5-vl/pope/ricd/gqa/adversarial/seed1:  66%|██████▌   | 1971/3000 [18:15<08:29,  2.02it/s]
qwen2.5-vl/pope/ricd/gqa/adversarial/seed1:  66%|██████▌   | 1972/3000 [18:16<08:49,  1.94it/s]
qwen2.5-vl/pope/ricd/gqa/adversarial/seed1:  66%|██████▌   | 1973/3000 [18:16<09:08,  1.87it/s]
qwen2.5-vl/pope/ricd/gqa/adversarial/seed1:  66%|██████▌   | 1974/3000 [18:17<09:22,  1.82it/s]
qwen2.5-vl/pope/ricd/gqa/adversarial/seed1:  66%|██████▌   | 1975/3000 [18:17<08:28,  2.02it/s]
qwen2.5-vl/pope/ricd/gqa/adversarial/seed1:  66%|██████▌   | 1976/3000 [18:18<07:45,  2.20it/s]
qwen2.5-vl/pope/ricd/gqa/adversarial/seed1:  66%|██████▌   | 1977/3000 [18:18<07:15,  2.35it/s]
qwen2.5-vl/pope/ricd/gqa/adversarial/seed1:  66%|██████▌   | 1978/3000 [18:18<06:54,  2.46it/s]
qwen2.5-vl/pope/ricd/gqa/adversarial/seed1:  66%|██████▌   | 1979/3000 [18:19<06:58,  2.44it/s]
qwen2.5-vl/pope/ricd/gqa/adversarial/seed1:  66%|██████▌   | 1980/3000 [18:19<06:52,  2.47it/s]
qwen2.5-vl/pope/ricd/gqa/adversarial/seed1:  66%|██████▌   | 1981/3000 [18:20<06:51,  2.48it/s]
qwen2.5-vl/pope/ricd/gqa/adversarial/seed1:  66%|██████▌   | 1982/3000 [18:20<06:48,  2.49it/s]
qwen2.5-vl/pope/ricd/gqa/adversarial/seed1:  66%|██████▌   | 1983/3000 [18:20<06:42,  2.53it/s]
qwen2.5-vl/pope/ricd/gqa/adversarial/seed1:  66%|██████▌   | 1984/3000 [18:21<06:37,  2.56it/s]
qwen2.5-vl/pope/ricd/gqa/adversarial/seed1:  66%|██████▌   | 1985/3000 [18:21<06:34,  2.57it/s]
qwen2.5-vl/pope/ricd/gqa/adversarial/seed1:  66%|██████▌   | 1986/3000 [18:21<06:32,  2.59it/s]
qwen2.5-vl/pope/ricd/gqa/adversarial/seed1:  66%|██████▌   | 1987/3000 [18:22<06:29,  2.60it/s]
qwen2.5-vl/pope/ricd/gqa/adversarial/seed1:  66%|██████▋   | 1988/3000 [18:22<06:28,  2.60it/s]
qwen2.5-vl/pope/ricd/gqa/adversarial/seed1:  66%|██████▋   | 1989/3000 [18:23<06:28,  2.60it/s]
qwen2.5-vl/pope/ricd/gqa/adversarial/seed1:  66%|██████▋   | 1990/3000 [18:23<06:28,  2.60it/s]
qwen2.5-vl/pope/ricd/gqa/adversarial/seed1:  66%|██████▋   | 1991/3000 [18:23<06:28,  2.60it/s]
qwen2.5-vl/pope/ricd/gqa/adversarial/seed1:  66%|██████▋   | 1992/3000 [18:24<06:27,  2.60it/s]
qwen2.5-vl/pope/ricd/gqa/adversarial/seed1:  66%|██████▋   | 1993/3000 [18:24<07:20,  2.29it/s]
qwen2.5-vl/pope/ricd/gqa/adversarial/seed1:  66%|██████▋   | 1994/3000 [18:25<07:58,  2.10it/s]
qwen2.5-vl/pope/ricd/gqa/adversarial/seed1:  66%|██████▋   | 1995/3000 [18:25<08:25,  1.99it/s]
qwen2.5-vl/pope/ricd/gqa/adversarial/seed1:  67%|██████▋   | 1996/3000 [18:26<08:42,  1.92it/s]
qwen2.5-vl/pope/ricd/gqa/adversarial/seed1:  67%|██████▋   | 1997/3000 [18:27<08:54,  1.88it/s]
qwen2.5-vl/pope/ricd/gqa/adversarial/seed1:  67%|██████▋   | 1998/3000 [18:27<09:04,  1.84it/s]
qwen2.5-vl/pope/ricd/gqa/adversarial/seed1:  67%|██████▋   | 1999/3000 [18:28<08:16,  2.02it/s]
qwen2.5-vl/pope/ricd/gqa/adversarial/seed1:  67%|██████▋   | 2000/3000 [18:28<07:43,  2.16it/s]
qwen2.5-vl/pope/ricd/gqa/adversarial/seed1:  67%|██████▋   | 2001/3000 [18:28<07:20,  2.27it/s]
qwen2.5-vl/pope/ricd/gqa/adversarial/seed1:  67%|██████▋   | 2002/3000 [18:29<07:02,  2.36it/s]
qwen2.5-vl/pope/ricd/gqa/adversarial/seed1:  67%|██████▋   | 2003/3000 [18:29<06:50,  2.43it/s]
qwen2.5-vl/pope/ricd/gqa/adversarial/seed1:  67%|██████▋   | 2004/3000 [18:29<06:40,  2.49it/s]
qwen2.5-vl/pope/ricd/gqa/adversarial/seed1:  67%|██████▋   | 2005/3000 [18:30<06:27,  2.57it/s]
qwen2.5-vl/pope/ricd/gqa/adversarial/seed1:  67%|██████▋   | 2006/3000 [18:30<06:17,  2.63it/s]
qwen2.5-vl/pope/ricd/gqa/adversarial/seed1:  67%|██████▋   | 2007/3000 [18:31<06:10,  2.68it/s]
qwen2.5-vl/pope/ricd/gqa/adversarial/seed1:  67%|██████▋   | 2008/3000 [18:31<06:05,  2.72it/s]
qwen2.5-vl/pope/ricd/gqa/adversarial/seed1:  67%|██████▋   | 2009/3000 [18:31<06:02,  2.73it/s]
qwen2.5-vl/pope/ricd/gqa/adversarial/seed1:  67%|██████▋   | 2010/3000 [18:32<06:00,  2.74it/s]
qwen2.5-vl/pope/ricd/gqa/adversarial/seed1:  67%|██████▋   | 2011/3000 [18:32<07:01,  2.35it/s]
qwen2.5-vl/pope/ricd/gqa/adversarial/seed1:  67%|██████▋   | 2012/3000 [18:33<07:41,  2.14it/s]
qwen2.5-vl/pope/ricd/gqa/adversarial/seed1:  67%|██████▋   | 2013/3000 [18:33<08:08,  2.02it/s]
qwen2.5-vl/pope/ricd/gqa/adversarial/seed1:  67%|██████▋   | 2014/3000 [18:34<08:27,  1.94it/s]
qwen2.5-vl/pope/ricd/gqa/adversarial/seed1:  67%|██████▋   | 2015/3000 [18:34<08:40,  1.89it/s]
qwen2.5-vl/pope/ricd/gqa/adversarial/seed1:  67%|██████▋   | 2016/3000 [18:35<08:49,  1.86it/s]
qwen2.5-vl/pope/ricd/gqa/adversarial/seed1:  67%|██████▋   | 2017/3000 [18:35<08:02,  2.04it/s]
qwen2.5-vl/pope/ricd/gqa/adversarial/seed1:  67%|██████▋   | 2018/3000 [18:36<07:30,  2.18it/s]
qwen2.5-vl/pope/ricd/gqa/adversarial/seed1:  67%|██████▋   | 2019/3000 [18:36<07:07,  2.30it/s]
qwen2.5-vl/pope/ricd/gqa/adversarial/seed1:  67%|██████▋   | 2020/3000 [18:37<06:51,  2.38it/s]
qwen2.5-vl/pope/ricd/gqa/adversarial/seed1:  67%|██████▋   | 2021/3000 [18:37<06:39,  2.45it/s]
qwen2.5-vl/pope/ricd/gqa/adversarial/seed1:  67%|██████▋   | 2022/3000 [18:37<06:31,  2.50it/s]
qwen2.5-vl/pope/ricd/gqa/adversarial/seed1:  67%|██████▋   | 2023/3000 [18:38<06:19,  2.57it/s]
qwen2.5-vl/pope/ricd/gqa/adversarial/seed1:  67%|██████▋   | 2024/3000 [18:38<06:10,  2.64it/s]
qwen2.5-vl/pope/ricd/gqa/adversarial/seed1:  68%|██████▊   | 2025/3000 [18:38<06:03,  2.68it/s]
qwen2.5-vl/pope/ricd/gqa/adversarial/seed1:  68%|██████▊   | 2026/3000 [18:39<05:58,  2.72it/s]
qwen2.5-vl/pope/ricd/gqa/adversarial/seed1:  68%|██████▊   | 2027/3000 [18:39<05:54,  2.74it/s]
qwen2.5-vl/pope/ricd/gqa/adversarial/seed1:  68%|██████▊   | 2028/3000 [18:39<05:52,  2.76it/s]
qwen2.5-vl/pope/ricd/gqa/adversarial/seed1:  68%|██████▊   | 2029/3000 [18:40<07:36,  2.13it/s]
qwen2.5-vl/pope/ricd/gqa/adversarial/seed1:  68%|██████▊   | 2030/3000 [18:41<08:48,  1.84it/s]
qwen2.5-vl/pope/ricd/gqa/adversarial/seed1:  68%|██████▊   | 2031/3000 [18:42<09:39,  1.67it/s]
qwen2.5-vl/pope/ricd/gqa/adversarial/seed1:  68%|██████▊   | 2032/3000 [18:42<10:15,  1.57it/s]
qwen2.5-vl/pope/ricd/gqa/adversarial/seed1:  68%|██████▊   | 2033/3000 [18:43<10:40,  1.51it/s]
qwen2.5-vl/pope/ricd/gqa/adversarial/seed1:  68%|██████▊   | 2034/3000 [18:44<10:57,  1.47it/s]
qwen2.5-vl/pope/ricd/gqa/adversarial/seed1:  68%|██████▊   | 2035/3000 [18:44<09:30,  1.69it/s]
qwen2.5-vl/pope/ricd/gqa/adversarial/seed1:  68%|██████▊   | 2036/3000 [18:45<08:31,  1.89it/s]
qwen2.5-vl/pope/ricd/gqa/adversarial/seed1:  68%|██████▊   | 2037/3000 [18:45<07:48,  2.06it/s]
qwen2.5-vl/pope/ricd/gqa/adversarial/seed1:  68%|██████▊   | 2038/3000 [18:45<07:17,  2.20it/s]
qwen2.5-vl/pope/ricd/gqa/adversarial/seed1:  68%|██████▊   | 2039/3000 [18:46<06:56,  2.31it/s]
qwen2.5-vl/pope/ricd/gqa/adversarial/seed1:  68%|██████▊   | 2040/3000 [18:46<06:41,  2.39it/s]
qwen2.5-vl/pope/ricd/gqa/adversarial/seed1:  68%|██████▊   | 2041/3000 [18:46<06:30,  2.45it/s]
qwen2.5-vl/pope/ricd/gqa/adversarial/seed1:  68%|██████▊   | 2042/3000 [18:47<06:23,  2.50it/s]
qwen2.5-vl/pope/ricd/gqa/adversarial/seed1:  68%|██████▊   | 2043/3000 [18:47<06:17,  2.54it/s]
qwen2.5-vl/pope/ricd/gqa/adversarial/seed1:  68%|██████▊   | 2044/3000 [18:48<06:13,  2.56it/s]
qwen2.5-vl/pope/ricd/gqa/adversarial/seed1:  68%|██████▊   | 2045/3000 [18:48<06:10,  2.58it/s]
qwen2.5-vl/pope/ricd/gqa/adversarial/seed1:  68%|██████▊   | 2046/3000 [18:48<06:08,  2.59it/s]
qwen2.5-vl/pope/ricd/gqa/adversarial/seed1:  68%|██████▊   | 2047/3000 [18:49<06:58,  2.28it/s]
qwen2.5-vl/pope/ricd/gqa/adversarial/seed1:  68%|██████▊   | 2048/3000 [18:49<07:32,  2.10it/s]
qwen2.5-vl/pope/ricd/gqa/adversarial/seed1:  68%|██████▊   | 2049/3000 [18:50<07:56,  1.99it/s]
qwen2.5-vl/pope/ricd/gqa/adversarial/seed1:  68%|██████▊   | 2050/3000 [18:51<08:13,  1.93it/s]
qwen2.5-vl/pope/ricd/gqa/adversarial/seed1:  68%|██████▊   | 2051/3000 [18:51<08:25,  1.88it/s]
qwen2.5-vl/pope/ricd/gqa/adversarial/seed1:  68%|██████▊   | 2052/3000 [18:52<08:33,  1.85it/s]
qwen2.5-vl/pope/ricd/gqa/adversarial/seed1:  68%|██████▊   | 2053/3000 [18:52<08:48,  1.79it/s]
qwen2.5-vl/pope/ricd/gqa/adversarial/seed1:  68%|██████▊   | 2054/3000 [18:53<08:59,  1.75it/s]
qwen2.5-vl/pope/ricd/gqa/adversarial/seed1:  68%|██████▊   | 2055/3000 [18:54<09:07,  1.73it/s]
qwen2.5-vl/pope/ricd/gqa/adversarial/seed1:  69%|██████▊   | 2056/3000 [18:54<09:11,  1.71it/s]
qwen2.5-vl/pope/ricd/gqa/adversarial/seed1:  69%|██████▊   | 2057/3000 [18:55<09:14,  1.70it/s]
qwen2.5-vl/pope/ricd/gqa/adversarial/seed1:  69%|██████▊   | 2058/3000 [18:55<09:17,  1.69it/s]
qwen2.5-vl/pope/ricd/gqa/adversarial/seed1:  69%|██████▊   | 2059/3000 [18:56<09:08,  1.72it/s]
qwen2.5-vl/pope/ricd/gqa/adversarial/seed1:  69%|██████▊   | 2060/3000 [18:56<09:01,  1.74it/s]
qwen2.5-vl/pope/ricd/gqa/adversarial/seed1:  69%|██████▊   | 2061/3000 [18:57<08:59,  1.74it/s]
qwen2.5-vl/pope/ricd/gqa/adversarial/seed1:  69%|██████▊   | 2062/3000 [18:58<09:03,  1.73it/s]
qwen2.5-vl/pope/ricd/gqa/adversarial/seed1:  69%|██████▉   | 2063/3000 [18:58<09:05,  1.72it/s]
qwen2.5-vl/pope/ricd/gqa/adversarial/seed1:  69%|██████▉   | 2064/3000 [18:59<09:01,  1.73it/s]
qwen2.5-vl/pope/ricd/gqa/adversarial/seed1:  69%|██████▉   | 2065/3000 [18:59<08:07,  1.92it/s]
qwen2.5-vl/pope/ricd/gqa/adversarial/seed1:  69%|██████▉   | 2066/3000 [19:00<07:29,  2.08it/s]
qwen2.5-vl/pope/ricd/gqa/adversarial/seed1:  69%|██████▉   | 2067/3000 [19:00<07:03,  2.21it/s]
qwen2.5-vl/pope/ricd/gqa/adversarial/seed1:  69%|██████▉   | 2068/3000 [19:00<06:47,  2.29it/s]
qwen2.5-vl/pope/ricd/gqa/adversarial/seed1:  69%|██████▉   | 2069/3000 [19:01<06:36,  2.35it/s]
qwen2.5-vl/pope/ricd/gqa/adversarial/seed1:  69%|██████▉   | 2070/3000 [19:01<06:28,  2.39it/s]
qwen2.5-vl/pope/ricd/gqa/adversarial/seed1:  69%|██████▉   | 2071/3000 [19:02<07:24,  2.09it/s]
qwen2.5-vl/pope/ricd/gqa/adversarial/seed1:  69%|██████▉   | 2072/3000 [19:02<08:08,  1.90it/s]
qwen2.5-vl/pope/ricd/gqa/adversarial/seed1:  69%|██████▉   | 2073/3000 [19:03<08:40,  1.78it/s]
qwen2.5-vl/pope/ricd/gqa/adversarial/seed1:  69%|██████▉   | 2074/3000 [19:04<08:59,  1.72it/s]
qwen2.5-vl/pope/ricd/gqa/adversarial/seed1:  69%|██████▉   | 2075/3000 [19:04<09:07,  1.69it/s]
qwen2.5-vl/pope/ricd/gqa/adversarial/seed1:  69%|██████▉   | 2076/3000 [19:05<09:11,  1.67it/s]
qwen2.5-vl/pope/ricd/gqa/adversarial/seed1:  69%|██████▉   | 2077/3000 [19:06<09:49,  1.57it/s]
qwen2.5-vl/pope/ricd/gqa/adversarial/seed1:  69%|██████▉   | 2078/3000 [19:06<10:15,  1.50it/s]
qwen2.5-vl/pope/ricd/gqa/adversarial/seed1:  69%|██████▉   | 2079/3000 [19:07<10:36,  1.45it/s]
qwen2.5-vl/pope/ricd/gqa/adversarial/seed1:  69%|██████▉   | 2080/3000 [19:08<10:47,  1.42it/s]
qwen2.5-vl/pope/ricd/gqa/adversarial/seed1:  69%|██████▉   | 2081/3000 [19:09<10:54,  1.40it/s]
qwen2.5-vl/pope/ricd/gqa/adversarial/seed1:  69%|██████▉   | 2082/3000 [19:09<10:57,  1.40it/s]
qwen2.5-vl/pope/ricd/gqa/adversarial/seed1:  69%|██████▉   | 2083/3000 [19:10<09:26,  1.62it/s]
qwen2.5-vl/pope/ricd/gqa/adversarial/seed1:  69%|██████▉   | 2084/3000 [19:10<08:23,  1.82it/s]
qwen2.5-vl/pope/ricd/gqa/adversarial/seed1:  70%|██████▉   | 2085/3000 [19:10<07:38,  1.99it/s]
qwen2.5-vl/pope/ricd/gqa/adversarial/seed1:  70%|██████▉   | 2086/3000 [19:11<07:07,  2.14it/s]
qwen2.5-vl/pope/ricd/gqa/adversarial/seed1:  70%|██████▉   | 2087/3000 [19:11<06:46,  2.25it/s]
qwen2.5-vl/pope/ricd/gqa/adversarial/seed1:  70%|██████▉   | 2088/3000 [19:12<06:29,  2.34it/s]
qwen2.5-vl/pope/ricd/gqa/adversarial/seed1:  70%|██████▉   | 2089/3000 [19:12<07:07,  2.13it/s]
qwen2.5-vl/pope/ricd/gqa/adversarial/seed1:  70%|██████▉   | 2090/3000 [19:13<07:33,  2.00it/s]
qwen2.5-vl/pope/ricd/gqa/adversarial/seed1:  70%|██████▉   | 2091/3000 [19:13<07:51,  1.93it/s]
qwen2.5-vl/pope/ricd/gqa/adversarial/seed1:  70%|██████▉   | 2092/3000 [19:14<08:05,  1.87it/s]
qwen2.5-vl/pope/ricd/gqa/adversarial/seed1:  70%|██████▉   | 2093/3000 [19:14<08:14,  1.84it/s]
qwen2.5-vl/pope/ricd/gqa/adversarial/seed1:  70%|██████▉   | 2094/3000 [19:15<08:20,  1.81it/s]
qwen2.5-vl/pope/ricd/gqa/adversarial/seed1:  70%|██████▉   | 2095/3000 [19:15<07:35,  1.99it/s]
qwen2.5-vl/pope/ricd/gqa/adversarial/seed1:  70%|██████▉   | 2096/3000 [19:16<07:03,  2.14it/s]
qwen2.5-vl/pope/ricd/gqa/adversarial/seed1:  70%|██████▉   | 2097/3000 [19:16<06:43,  2.24it/s]
qwen2.5-vl/pope/ricd/gqa/adversarial/seed1:  70%|██████▉   | 2098/3000 [19:17<06:26,  2.34it/s]
qwen2.5-vl/pope/ricd/gqa/adversarial/seed1:  70%|██████▉   | 2099/3000 [19:17<06:15,  2.40it/s]
qwen2.5-vl/pope/ricd/gqa/adversarial/seed1:  70%|███████   | 2100/3000 [19:17<06:06,  2.46it/s]
qwen2.5-vl/pope/ricd/gqa/adversarial/seed1:  70%|███████   | 2101/3000 [19:18<06:48,  2.20it/s]
qwen2.5-vl/pope/ricd/gqa/adversarial/seed1:  70%|███████   | 2102/3000 [19:19<07:18,  2.05it/s]
qwen2.5-vl/pope/ricd/gqa/adversarial/seed1:  70%|███████   | 2103/3000 [19:19<07:39,  1.95it/s]
qwen2.5-vl/pope/ricd/gqa/adversarial/seed1:  70%|███████   | 2104/3000 [19:20<07:53,  1.89it/s]
qwen2.5-vl/pope/ricd/gqa/adversarial/seed1:  70%|███████   | 2105/3000 [19:20<08:02,  1.85it/s]
qwen2.5-vl/pope/ricd/gqa/adversarial/seed1:  70%|███████   | 2106/3000 [19:21<08:10,  1.82it/s]
qwen2.5-vl/pope/ricd/gqa/adversarial/seed1:  70%|███████   | 2107/3000 [19:21<08:14,  1.81it/s]
qwen2.5-vl/pope/ricd/gqa/adversarial/seed1:  70%|███████   | 2108/3000 [19:22<08:17,  1.79it/s]
qwen2.5-vl/pope/ricd/gqa/adversarial/seed1:  70%|███████   | 2109/3000 [19:22<08:19,  1.79it/s]
qwen2.5-vl/pope/ricd/gqa/adversarial/seed1:  70%|███████   | 2110/3000 [19:23<08:20,  1.78it/s]
qwen2.5-vl/pope/ricd/gqa/adversarial/seed1:  70%|███████   | 2111/3000 [19:24<08:20,  1.78it/s]
qwen2.5-vl/pope/ricd/gqa/adversarial/seed1:  70%|███████   | 2112/3000 [19:24<08:20,  1.77it/s]
qwen2.5-vl/pope/ricd/gqa/adversarial/seed1:  70%|███████   | 2113/3000 [19:25<07:33,  1.96it/s]
qwen2.5-vl/pope/ricd/gqa/adversarial/seed1:  70%|███████   | 2114/3000 [19:25<06:58,  2.12it/s]
qwen2.5-vl/pope/ricd/gqa/adversarial/seed1:  70%|███████   | 2115/3000 [19:25<06:35,  2.24it/s]
qwen2.5-vl/pope/ricd/gqa/adversarial/seed1:  71%|███████   | 2116/3000 [19:26<06:20,  2.33it/s]
qwen2.5-vl/pope/ricd/gqa/adversarial/seed1:  71%|███████   | 2117/3000 [19:26<06:08,  2.40it/s]
qwen2.5-vl/pope/ricd/gqa/adversarial/seed1:  71%|███████   | 2118/3000 [19:26<06:00,  2.45it/s]
qwen2.5-vl/pope/ricd/gqa/adversarial/seed1:  71%|███████   | 2119/3000 [19:27<05:54,  2.49it/s]
qwen2.5-vl/pope/ricd/gqa/adversarial/seed1:  71%|███████   | 2120/3000 [19:27<05:49,  2.52it/s]
qwen2.5-vl/pope/ricd/gqa/adversarial/seed1:  71%|███████   | 2121/3000 [19:28<05:46,  2.54it/s]
qwen2.5-vl/pope/ricd/gqa/adversarial/seed1:  71%|███████   | 2122/3000 [19:28<05:44,  2.55it/s]
qwen2.5-vl/pope/ricd/gqa/adversarial/seed1:  71%|███████   | 2123/3000 [19:28<05:41,  2.57it/s]
qwen2.5-vl/pope/ricd/gqa/adversarial/seed1:  71%|███████   | 2124/3000 [19:29<05:40,  2.57it/s]
qwen2.5-vl/pope/ricd/gqa/adversarial/seed1:  71%|███████   | 2125/3000 [19:29<05:38,  2.58it/s]
qwen2.5-vl/pope/ricd/gqa/adversarial/seed1:  71%|███████   | 2126/3000 [19:30<05:37,  2.59it/s]
qwen2.5-vl/pope/ricd/gqa/adversarial/seed1:  71%|███████   | 2127/3000 [19:30<05:36,  2.59it/s]
qwen2.5-vl/pope/ricd/gqa/adversarial/seed1:  71%|███████   | 2128/3000 [19:30<05:36,  2.59it/s]
qwen2.5-vl/pope/ricd/gqa/adversarial/seed1:  71%|███████   | 2129/3000 [19:31<05:36,  2.59it/s]
qwen2.5-vl/pope/ricd/gqa/adversarial/seed1:  71%|███████   | 2130/3000 [19:31<05:36,  2.58it/s]
qwen2.5-vl/pope/ricd/gqa/adversarial/seed1:  71%|███████   | 2131/3000 [19:33<13:50,  1.05it/s]
qwen2.5-vl/pope/ricd/gqa/adversarial/seed1:  71%|███████   | 2132/3000 [19:36<19:04,  1.32s/it]
qwen2.5-vl/pope/ricd/gqa/adversarial/seed1:  71%|███████   | 2133/3000 [19:38<22:52,  1.58s/it]
qwen2.5-vl/pope/ricd/gqa/adversarial/seed1:  71%|███████   | 2134/3000 [19:40<25:32,  1.77s/it]
qwen2.5-vl/pope/ricd/gqa/adversarial/seed1:  71%|███████   | 2135/3000 [19:42<27:21,  1.90s/it]
qwen2.5-vl/pope/ricd/gqa/adversarial/seed1:  71%|███████   | 2136/3000 [19:44<28:19,  1.97s/it]
qwen2.5-vl/pope/ricd/gqa/adversarial/seed1:  71%|███████   | 2137/3000 [19:45<22:14,  1.55s/it]
qwen2.5-vl/pope/ricd/gqa/adversarial/seed1:  71%|███████▏  | 2138/3000 [19:45<17:59,  1.25s/it]
qwen2.5-vl/pope/ricd/gqa/adversarial/seed1:  71%|███████▏  | 2139/3000 [19:46<15:01,  1.05s/it]
qwen2.5-vl/pope/ricd/gqa/adversarial/seed1:  71%|███████▏  | 2140/3000 [19:47<12:56,  1.11it/s]
qwen2.5-vl/pope/ricd/gqa/adversarial/seed1:  71%|███████▏  | 2141/3000 [19:47<11:27,  1.25it/s]
qwen2.5-vl/pope/ricd/gqa/adversarial/seed1:  71%|███████▏  | 2142/3000 [19:48<10:26,  1.37it/s]
qwen2.5-vl/pope/ricd/gqa/adversarial/seed1:  71%|███████▏  | 2143/3000 [19:48<09:42,  1.47it/s]
qwen2.5-vl/pope/ricd/gqa/adversarial/seed1:  71%|███████▏  | 2144/3000 [19:49<09:11,  1.55it/s]
qwen2.5-vl/pope/ricd/gqa/adversarial/seed1:  72%|███████▏  | 2145/3000 [19:49<08:49,  1.61it/s]
qwen2.5-vl/pope/ricd/gqa/adversarial/seed1:  72%|███████▏  | 2146/3000 [19:50<08:36,  1.65it/s]
qwen2.5-vl/pope/ricd/gqa/adversarial/seed1:  72%|███████▏  | 2147/3000 [19:51<08:24,  1.69it/s]
qwen2.5-vl/pope/ricd/gqa/adversarial/seed1:  72%|███████▏  | 2148/3000 [19:51<08:16,  1.72it/s]
qwen2.5-vl/pope/ricd/gqa/adversarial/seed1:  72%|███████▏  | 2149/3000 [19:52<08:10,  1.73it/s]
qwen2.5-vl/pope/ricd/gqa/adversarial/seed1:  72%|███████▏  | 2150/3000 [19:52<08:06,  1.75it/s]
qwen2.5-vl/pope/ricd/gqa/adversarial/seed1:  72%|███████▏  | 2151/3000 [19:53<08:03,  1.76it/s]
qwen2.5-vl/pope/ricd/gqa/adversarial/seed1:  72%|███████▏  | 2152/3000 [19:53<08:00,  1.76it/s]
qwen2.5-vl/pope/ricd/gqa/adversarial/seed1:  72%|███████▏  | 2153/3000 [19:54<07:58,  1.77it/s]
qwen2.5-vl/pope/ricd/gqa/adversarial/seed1:  72%|███████▏  | 2154/3000 [19:54<07:57,  1.77it/s]
qwen2.5-vl/pope/ricd/gqa/adversarial/seed1:  72%|███████▏  | 2155/3000 [19:57<16:33,  1.18s/it]
qwen2.5-vl/pope/ricd/gqa/adversarial/seed1:  72%|███████▏  | 2156/3000 [19:59<21:43,  1.54s/it]
qwen2.5-vl/pope/ricd/gqa/adversarial/seed1:  72%|███████▏  | 2157/3000 [20:02<25:15,  1.80s/it]
qwen2.5-vl/pope/ricd/gqa/adversarial/seed1:  72%|███████▏  | 2158/3000 [20:04<27:43,  1.98s/it]
qwen2.5-vl/pope/ricd/gqa/adversarial/seed1:  72%|███████▏  | 2159/3000 [20:07<29:22,  2.10s/it]
qwen2.5-vl/pope/ricd/gqa/adversarial/seed1:  72%|███████▏  | 2160/3000 [20:09<30:32,  2.18s/it]
qwen2.5-vl/pope/ricd/gqa/adversarial/seed1:  72%|███████▏  | 2161/3000 [20:09<22:58,  1.64s/it]
qwen2.5-vl/pope/ricd/gqa/adversarial/seed1:  72%|███████▏  | 2162/3000 [20:10<17:39,  1.26s/it]
qwen2.5-vl/pope/ricd/gqa/adversarial/seed1:  72%|███████▏  | 2163/3000 [20:10<13:56,  1.00it/s]
qwen2.5-vl/pope/ricd/gqa/adversarial/seed1:  72%|███████▏  | 2164/3000 [20:11<11:20,  1.23it/s]
qwen2.5-vl/pope/ricd/gqa/adversarial/seed1:  72%|███████▏  | 2165/3000 [20:11<09:30,  1.46it/s]
qwen2.5-vl/pope/ricd/gqa/adversarial/seed1:  72%|███████▏  | 2166/3000 [20:11<08:15,  1.68it/s]
qwen2.5-vl/pope/ricd/gqa/adversarial/seed1:  72%|███████▏  | 2167/3000 [20:12<08:06,  1.71it/s]
qwen2.5-vl/pope/ricd/gqa/adversarial/seed1:  72%|███████▏  | 2168/3000 [20:12<07:59,  1.73it/s]
qwen2.5-vl/pope/ricd/gqa/adversarial/seed1:  72%|███████▏  | 2169/3000 [20:13<07:55,  1.75it/s]
qwen2.5-vl/pope/ricd/gqa/adversarial/seed1:  72%|███████▏  | 2170/3000 [20:14<07:52,  1.76it/s]
qwen2.5-vl/pope/ricd/gqa/adversarial/seed1:  72%|███████▏  | 2171/3000 [20:14<07:50,  1.76it/s]
qwen2.5-vl/pope/ricd/gqa/adversarial/seed1:  72%|███████▏  | 2172/3000 [20:15<07:48,  1.77it/s]
qwen2.5-vl/pope/ricd/gqa/adversarial/seed1:  72%|███████▏  | 2173/3000 [20:15<08:08,  1.69it/s]
qwen2.5-vl/pope/ricd/gqa/adversarial/seed1:  72%|███████▏  | 2174/3000 [20:16<08:22,  1.64it/s]
qwen2.5-vl/pope/ricd/gqa/adversarial/seed1:  72%|███████▎  | 2175/3000 [20:17<08:32,  1.61it/s]
qwen2.5-vl/pope/ricd/gqa/adversarial/seed1:  73%|███████▎  | 2176/3000 [20:17<08:39,  1.59it/s]
qwen2.5-vl/pope/ricd/gqa/adversarial/seed1:  73%|███████▎  | 2177/3000 [20:18<08:43,  1.57it/s]
qwen2.5-vl/pope/ricd/gqa/adversarial/seed1:  73%|███████▎  | 2178/3000 [20:19<08:46,  1.56it/s]
qwen2.5-vl/pope/ricd/gqa/adversarial/seed1:  73%|███████▎  | 2179/3000 [20:19<07:43,  1.77it/s]
qwen2.5-vl/pope/ricd/gqa/adversarial/seed1:  73%|███████▎  | 2180/3000 [20:19<07:02,  1.94it/s]
qwen2.5-vl/pope/ricd/gqa/adversarial/seed1:  73%|███████▎  | 2181/3000 [20:20<06:35,  2.07it/s]
qwen2.5-vl/pope/ricd/gqa/adversarial/seed1:  73%|███████▎  | 2182/3000 [20:20<06:17,  2.16it/s]
qwen2.5-vl/pope/ricd/gqa/adversarial/seed1:  73%|███████▎  | 2183/3000 [20:21<06:04,  2.24it/s]
qwen2.5-vl/pope/ricd/gqa/adversarial/seed1:  73%|███████▎  | 2184/3000 [20:21<05:56,  2.29it/s]
qwen2.5-vl/pope/ricd/gqa/adversarial/seed1:  73%|███████▎  | 2185/3000 [20:21<05:47,  2.35it/s]
qwen2.5-vl/pope/ricd/gqa/adversarial/seed1:  73%|███████▎  | 2186/3000 [20:22<05:39,  2.40it/s]
qwen2.5-vl/pope/ricd/gqa/adversarial/seed1:  73%|███████▎  | 2187/3000 [20:22<05:34,  2.43it/s]
qwen2.5-vl/pope/ricd/gqa/adversarial/seed1:  73%|███████▎  | 2188/3000 [20:23<05:29,  2.47it/s]
qwen2.5-vl/pope/ricd/gqa/adversarial/seed1:  73%|███████▎  | 2189/3000 [20:23<05:22,  2.51it/s]
qwen2.5-vl/pope/ricd/gqa/adversarial/seed1:  73%|███████▎  | 2190/3000 [20:23<05:18,  2.55it/s]
qwen2.5-vl/pope/ricd/gqa/adversarial/seed1:  73%|███████▎  | 2191/3000 [20:24<05:58,  2.26it/s]
qwen2.5-vl/pope/ricd/gqa/adversarial/seed1:  73%|███████▎  | 2192/3000 [20:24<06:26,  2.09it/s]
qwen2.5-vl/pope/ricd/gqa/adversarial/seed1:  73%|███████▎  | 2193/3000 [20:25<06:46,  1.99it/s]
qwen2.5-vl/pope/ricd/gqa/adversarial/seed1:  73%|███████▎  | 2194/3000 [20:26<06:59,  1.92it/s]
qwen2.5-vl/pope/ricd/gqa/adversarial/seed1:  73%|███████▎  | 2195/3000 [20:26<07:08,  1.88it/s]
qwen2.5-vl/pope/ricd/gqa/adversarial/seed1:  73%|███████▎  | 2196/3000 [20:27<07:14,  1.85it/s]
qwen2.5-vl/pope/ricd/gqa/adversarial/seed1:  73%|███████▎  | 2197/3000 [20:27<06:36,  2.03it/s]
qwen2.5-vl/pope/ricd/gqa/adversarial/seed1:  73%|███████▎  | 2198/3000 [20:27<06:08,  2.18it/s]
qwen2.5-vl/pope/ricd/gqa/adversarial/seed1:  73%|███████▎  | 2199/3000 [20:28<05:49,  2.29it/s]
qwen2.5-vl/pope/ricd/gqa/adversarial/seed1:  73%|███████▎  | 2200/3000 [20:28<05:35,  2.38it/s]
qwen2.5-vl/pope/ricd/gqa/adversarial/seed1:  73%|███████▎  | 2201/3000 [20:29<05:25,  2.45it/s]
qwen2.5-vl/pope/ricd/gqa/adversarial/seed1:  73%|███████▎  | 2202/3000 [20:29<05:18,  2.50it/s]
qwen2.5-vl/pope/ricd/gqa/adversarial/seed1:  73%|███████▎  | 2203/3000 [20:29<04:58,  2.67it/s]
qwen2.5-vl/pope/ricd/gqa/adversarial/seed1:  73%|███████▎  | 2204/3000 [20:30<04:43,  2.81it/s]
qwen2.5-vl/pope/ricd/gqa/adversarial/seed1:  74%|███████▎  | 2205/3000 [20:30<04:32,  2.91it/s]
qwen2.5-vl/pope/ricd/gqa/adversarial/seed1:  74%|███████▎  | 2206/3000 [20:30<04:25,  2.99it/s]
qwen2.5-vl/pope/ricd/gqa/adversarial/seed1:  74%|███████▎  | 2207/3000 [20:31<04:20,  3.04it/s]
qwen2.5-vl/pope/ricd/gqa/adversarial/seed1:  74%|███████▎  | 2208/3000 [20:31<04:17,  3.08it/s]
qwen2.5-vl/pope/ricd/gqa/adversarial/seed1:  74%|███████▎  | 2209/3000 [20:31<05:12,  2.53it/s]
qwen2.5-vl/pope/ricd/gqa/adversarial/seed1:  74%|███████▎  | 2210/3000 [20:32<05:51,  2.25it/s]
qwen2.5-vl/pope/ricd/gqa/adversarial/seed1:  74%|███████▎  | 2211/3000 [20:33<06:18,  2.08it/s]
qwen2.5-vl/pope/ricd/gqa/adversarial/seed1:  74%|███████▎  | 2212/3000 [20:33<06:38,  1.98it/s]
qwen2.5-vl/pope/ricd/gqa/adversarial/seed1:  74%|███████▍  | 2213/3000 [20:34<06:53,  1.90it/s]
qwen2.5-vl/pope/ricd/gqa/adversarial/seed1:  74%|███████▍  | 2214/3000 [20:34<07:01,  1.87it/s]
qwen2.5-vl/pope/ricd/gqa/adversarial/seed1:  74%|███████▍  | 2215/3000 [20:35<07:40,  1.71it/s]
qwen2.5-vl/pope/ricd/gqa/adversarial/seed1:  74%|███████▍  | 2216/3000 [20:36<08:07,  1.61it/s]
qwen2.5-vl/pope/ricd/gqa/adversarial/seed1:  74%|███████▍  | 2217/3000 [20:36<08:25,  1.55it/s]
qwen2.5-vl/pope/ricd/gqa/adversarial/seed1:  74%|███████▍  | 2218/3000 [20:37<08:38,  1.51it/s]
qwen2.5-vl/pope/ricd/gqa/adversarial/seed1:  74%|███████▍  | 2219/3000 [20:38<08:46,  1.48it/s]
qwen2.5-vl/pope/ricd/gqa/adversarial/seed1:  74%|███████▍  | 2220/3000 [20:38<08:54,  1.46it/s]
qwen2.5-vl/pope/ricd/gqa/adversarial/seed1:  74%|███████▍  | 2221/3000 [20:39<08:27,  1.54it/s]
qwen2.5-vl/pope/ricd/gqa/adversarial/seed1:  74%|███████▍  | 2222/3000 [20:40<08:07,  1.60it/s]
qwen2.5-vl/pope/ricd/gqa/adversarial/seed1:  74%|███████▍  | 2223/3000 [20:40<07:54,  1.64it/s]
qwen2.5-vl/pope/ricd/gqa/adversarial/seed1:  74%|███████▍  | 2224/3000 [20:41<07:44,  1.67it/s]
qwen2.5-vl/pope/ricd/gqa/adversarial/seed1:  74%|███████▍  | 2225/3000 [20:41<07:36,  1.70it/s]
qwen2.5-vl/pope/ricd/gqa/adversarial/seed1:  74%|███████▍  | 2226/3000 [20:42<07:31,  1.72it/s]
qwen2.5-vl/pope/ricd/gqa/adversarial/seed1:  74%|███████▍  | 2227/3000 [20:42<07:26,  1.73it/s]
qwen2.5-vl/pope/ricd/gqa/adversarial/seed1:  74%|███████▍  | 2228/3000 [20:43<07:23,  1.74it/s]
qwen2.5-vl/pope/ricd/gqa/adversarial/seed1:  74%|███████▍  | 2229/3000 [20:44<07:20,  1.75it/s]
qwen2.5-vl/pope/ricd/gqa/adversarial/seed1:  74%|███████▍  | 2230/3000 [20:44<07:18,  1.76it/s]
qwen2.5-vl/pope/ricd/gqa/adversarial/seed1:  74%|███████▍  | 2231/3000 [20:45<07:16,  1.76it/s]
qwen2.5-vl/pope/ricd/gqa/adversarial/seed1:  74%|███████▍  | 2232/3000 [20:45<07:15,  1.76it/s]
qwen2.5-vl/pope/ricd/gqa/adversarial/seed1:  74%|███████▍  | 2233/3000 [20:46<06:33,  1.95it/s]
qwen2.5-vl/pope/ricd/gqa/adversarial/seed1:  74%|███████▍  | 2234/3000 [20:46<06:03,  2.10it/s]
qwen2.5-vl/pope/ricd/gqa/adversarial/seed1:  74%|███████▍  | 2235/3000 [20:46<05:43,  2.23it/s]
qwen2.5-vl/pope/ricd/gqa/adversarial/seed1:  75%|███████▍  | 2236/3000 [20:47<05:28,  2.33it/s]
qwen2.5-vl/pope/ricd/gqa/adversarial/seed1:  75%|███████▍  | 2237/3000 [20:47<05:17,  2.40it/s]
qwen2.5-vl/pope/ricd/gqa/adversarial/seed1:  75%|███████▍  | 2238/3000 [20:48<05:09,  2.46it/s]
qwen2.5-vl/pope/ricd/gqa/adversarial/seed1:  75%|███████▍  | 2239/3000 [20:48<05:46,  2.20it/s]
qwen2.5-vl/pope/ricd/gqa/adversarial/seed1:  75%|███████▍  | 2240/3000 [20:49<06:12,  2.04it/s]
qwen2.5-vl/pope/ricd/gqa/adversarial/seed1:  75%|███████▍  | 2241/3000 [20:49<06:29,  1.95it/s]
qwen2.5-vl/pope/ricd/gqa/adversarial/seed1:  75%|███████▍  | 2242/3000 [20:50<06:48,  1.85it/s]
qwen2.5-vl/pope/ricd/gqa/adversarial/seed1:  75%|███████▍  | 2243/3000 [20:50<06:59,  1.80it/s]
qwen2.5-vl/pope/ricd/gqa/adversarial/seed1:  75%|███████▍  | 2244/3000 [20:51<07:08,  1.77it/s]
qwen2.5-vl/pope/ricd/gqa/adversarial/seed1:  75%|███████▍  | 2245/3000 [20:52<07:14,  1.74it/s]
qwen2.5-vl/pope/ricd/gqa/adversarial/seed1:  75%|███████▍  | 2246/3000 [20:52<07:15,  1.73it/s]
qwen2.5-vl/pope/ricd/gqa/adversarial/seed1:  75%|███████▍  | 2247/3000 [20:53<07:16,  1.72it/s]
qwen2.5-vl/pope/ricd/gqa/adversarial/seed1:  75%|███████▍  | 2248/3000 [20:53<07:16,  1.72it/s]
qwen2.5-vl/pope/ricd/gqa/adversarial/seed1:  75%|███████▍  | 2249/3000 [20:54<07:17,  1.72it/s]
qwen2.5-vl/pope/ricd/gqa/adversarial/seed1:  75%|███████▌  | 2250/3000 [20:55<07:18,  1.71it/s]
qwen2.5-vl/pope/ricd/gqa/adversarial/seed1:  75%|███████▌  | 2251/3000 [20:56<09:46,  1.28it/s]
qwen2.5-vl/pope/ricd/gqa/adversarial/seed1:  75%|███████▌  | 2252/3000 [20:57<11:24,  1.09it/s]
qwen2.5-vl/pope/ricd/gqa/adversarial/seed1:  75%|███████▌  | 2253/3000 [20:58<12:31,  1.01s/it]
qwen2.5-vl/pope/ricd/gqa/adversarial/seed1:  75%|███████▌  | 2254/3000 [21:00<13:23,  1.08s/it]
qwen2.5-vl/pope/ricd/gqa/adversarial/seed1:  75%|███████▌  | 2255/3000 [21:01<13:55,  1.12s/it]
qwen2.5-vl/pope/ricd/gqa/adversarial/seed1:  75%|███████▌  | 2256/3000 [21:02<14:21,  1.16s/it]
qwen2.5-vl/pope/ricd/gqa/adversarial/seed1:  75%|███████▌  | 2257/3000 [21:02<11:29,  1.08it/s]
qwen2.5-vl/pope/ricd/gqa/adversarial/seed1:  75%|███████▌  | 2258/3000 [21:03<09:28,  1.31it/s]
qwen2.5-vl/pope/ricd/gqa/adversarial/seed1:  75%|███████▌  | 2259/3000 [21:03<08:03,  1.53it/s]
qwen2.5-vl/pope/ricd/gqa/adversarial/seed1:  75%|███████▌  | 2260/3000 [21:04<07:07,  1.73it/s]
qwen2.5-vl/pope/ricd/gqa/adversarial/seed1:  75%|███████▌  | 2261/3000 [21:04<06:29,  1.89it/s]
qwen2.5-vl/pope/ricd/gqa/adversarial/seed1:  75%|███████▌  | 2262/3000 [21:04<06:02,  2.04it/s]
qwen2.5-vl/pope/ricd/gqa/adversarial/seed1:  75%|███████▌  | 2263/3000 [21:05<06:23,  1.92it/s]
qwen2.5-vl/pope/ricd/gqa/adversarial/seed1:  75%|███████▌  | 2264/3000 [21:06<06:38,  1.85it/s]
qwen2.5-vl/pope/ricd/gqa/adversarial/seed1:  76%|███████▌  | 2265/3000 [21:06<06:47,  1.80it/s]
qwen2.5-vl/pope/ricd/gqa/adversarial/seed1:  76%|███████▌  | 2266/3000 [21:07<06:49,  1.79it/s]
qwen2.5-vl/pope/ricd/gqa/adversarial/seed1:  76%|███████▌  | 2267/3000 [21:07<06:50,  1.79it/s]
qwen2.5-vl/pope/ricd/gqa/adversarial/seed1:  76%|███████▌  | 2268/3000 [21:08<06:51,  1.78it/s]
qwen2.5-vl/pope/ricd/gqa/adversarial/seed1:  76%|███████▌  | 2269/3000 [21:08<06:53,  1.77it/s]
qwen2.5-vl/pope/ricd/gqa/adversarial/seed1:  76%|███████▌  | 2270/3000 [21:09<06:55,  1.76it/s]
qwen2.5-vl/pope/ricd/gqa/adversarial/seed1:  76%|███████▌  | 2271/3000 [21:10<06:57,  1.75it/s]
qwen2.5-vl/pope/ricd/gqa/adversarial/seed1:  76%|███████▌  | 2272/3000 [21:10<06:56,  1.75it/s]
qwen2.5-vl/pope/ricd/gqa/adversarial/seed1:  76%|███████▌  | 2273/3000 [21:11<06:58,  1.74it/s]
qwen2.5-vl/pope/ricd/gqa/adversarial/seed1:  76%|███████▌  | 2274/3000 [21:11<06:55,  1.75it/s]
qwen2.5-vl/pope/ricd/gqa/adversarial/seed1:  76%|███████▌  | 2275/3000 [21:12<06:53,  1.75it/s]
qwen2.5-vl/pope/ricd/gqa/adversarial/seed1:  76%|███████▌  | 2276/3000 [21:12<06:53,  1.75it/s]
qwen2.5-vl/pope/ricd/gqa/adversarial/seed1:  76%|███████▌  | 2277/3000 [21:13<06:54,  1.74it/s]
qwen2.5-vl/pope/ricd/gqa/adversarial/seed1:  76%|███████▌  | 2278/3000 [21:14<06:53,  1.75it/s]
qwen2.5-vl/pope/ricd/gqa/adversarial/seed1:  76%|███████▌  | 2279/3000 [21:14<06:52,  1.75it/s]
qwen2.5-vl/pope/ricd/gqa/adversarial/seed1:  76%|███████▌  | 2280/3000 [21:15<06:53,  1.74it/s]
qwen2.5-vl/pope/ricd/gqa/adversarial/seed1:  76%|███████▌  | 2281/3000 [21:15<06:52,  1.74it/s]
qwen2.5-vl/pope/ricd/gqa/adversarial/seed1:  76%|███████▌  | 2282/3000 [21:16<06:52,  1.74it/s]
qwen2.5-vl/pope/ricd/gqa/adversarial/seed1:  76%|███████▌  | 2283/3000 [21:16<06:51,  1.74it/s]
qwen2.5-vl/pope/ricd/gqa/adversarial/seed1:  76%|███████▌  | 2284/3000 [21:17<06:50,  1.75it/s]
qwen2.5-vl/pope/ricd/gqa/adversarial/seed1:  76%|███████▌  | 2285/3000 [21:18<06:47,  1.76it/s]
qwen2.5-vl/pope/ricd/gqa/adversarial/seed1:  76%|███████▌  | 2286/3000 [21:18<06:44,  1.76it/s]
qwen2.5-vl/pope/ricd/gqa/adversarial/seed1:  76%|███████▌  | 2287/3000 [21:19<06:44,  1.76it/s]
qwen2.5-vl/pope/ricd/gqa/adversarial/seed1:  76%|███████▋  | 2288/3000 [21:19<06:45,  1.75it/s]
qwen2.5-vl/pope/ricd/gqa/adversarial/seed1:  76%|███████▋  | 2289/3000 [21:20<06:45,  1.75it/s]
qwen2.5-vl/pope/ricd/gqa/adversarial/seed1:  76%|███████▋  | 2290/3000 [21:20<06:46,  1.75it/s]
qwen2.5-vl/pope/ricd/gqa/adversarial/seed1:  76%|███████▋  | 2291/3000 [21:21<06:45,  1.75it/s]
qwen2.5-vl/pope/ricd/gqa/adversarial/seed1:  76%|███████▋  | 2292/3000 [21:22<06:46,  1.74it/s]
qwen2.5-vl/pope/ricd/gqa/adversarial/seed1:  76%|███████▋  | 2293/3000 [21:22<06:07,  1.93it/s]
qwen2.5-vl/pope/ricd/gqa/adversarial/seed1:  76%|███████▋  | 2294/3000 [21:22<05:40,  2.07it/s]
qwen2.5-vl/pope/ricd/gqa/adversarial/seed1:  76%|███████▋  | 2295/3000 [21:23<05:24,  2.17it/s]
qwen2.5-vl/pope/ricd/gqa/adversarial/seed1:  77%|███████▋  | 2296/3000 [21:23<05:12,  2.25it/s]
qwen2.5-vl/pope/ricd/gqa/adversarial/seed1:  77%|███████▋  | 2297/3000 [21:24<05:04,  2.31it/s]
qwen2.5-vl/pope/ricd/gqa/adversarial/seed1:  77%|███████▋  | 2298/3000 [21:24<04:58,  2.35it/s]
qwen2.5-vl/pope/ricd/gqa/adversarial/seed1:  77%|███████▋  | 2299/3000 [21:25<05:33,  2.10it/s]
qwen2.5-vl/pope/ricd/gqa/adversarial/seed1:  77%|███████▋  | 2300/3000 [21:25<05:58,  1.95it/s]
qwen2.5-vl/pope/ricd/gqa/adversarial/seed1:  77%|███████▋  | 2301/3000 [21:26<06:14,  1.87it/s]
qwen2.5-vl/pope/ricd/gqa/adversarial/seed1:  77%|███████▋  | 2302/3000 [21:26<06:23,  1.82it/s]
qwen2.5-vl/pope/ricd/gqa/adversarial/seed1:  77%|███████▋  | 2303/3000 [21:27<06:27,  1.80it/s]
qwen2.5-vl/pope/ricd/gqa/adversarial/seed1:  77%|███████▋  | 2304/3000 [21:28<06:28,  1.79it/s]
qwen2.5-vl/pope/ricd/gqa/adversarial/seed1:  77%|███████▋  | 2305/3000 [21:28<07:03,  1.64it/s]
qwen2.5-vl/pope/ricd/gqa/adversarial/seed1:  77%|███████▋  | 2306/3000 [21:29<07:28,  1.55it/s]
qwen2.5-vl/pope/ricd/gqa/adversarial/seed1:  77%|███████▋  | 2307/3000 [21:30<07:44,  1.49it/s]
qwen2.5-vl/pope/ricd/gqa/adversarial/seed1:  77%|███████▋  | 2308/3000 [21:30<07:57,  1.45it/s]
qwen2.5-vl/pope/ricd/gqa/adversarial/seed1:  77%|███████▋  | 2309/3000 [21:31<08:04,  1.43it/s]
qwen2.5-vl/pope/ricd/gqa/adversarial/seed1:  77%|███████▋  | 2310/3000 [21:32<08:09,  1.41it/s]
qwen2.5-vl/pope/ricd/gqa/adversarial/seed1:  77%|███████▋  | 2311/3000 [21:32<07:39,  1.50it/s]
qwen2.5-vl/pope/ricd/gqa/adversarial/seed1:  77%|███████▋  | 2312/3000 [21:33<07:17,  1.57it/s]
qwen2.5-vl/pope/ricd/gqa/adversarial/seed1:  77%|███████▋  | 2313/3000 [21:34<07:02,  1.63it/s]
qwen2.5-vl/pope/ricd/gqa/adversarial/seed1:  77%|███████▋  | 2314/3000 [21:34<06:51,  1.67it/s]
qwen2.5-vl/pope/ricd/gqa/adversarial/seed1:  77%|███████▋  | 2315/3000 [21:35<06:43,  1.70it/s]
qwen2.5-vl/pope/ricd/gqa/adversarial/seed1:  77%|███████▋  | 2316/3000 [21:35<06:38,  1.72it/s]
qwen2.5-vl/pope/ricd/gqa/adversarial/seed1:  77%|███████▋  | 2317/3000 [21:36<06:34,  1.73it/s]
qwen2.5-vl/pope/ricd/gqa/adversarial/seed1:  77%|███████▋  | 2318/3000 [21:36<06:31,  1.74it/s]
qwen2.5-vl/pope/ricd/gqa/adversarial/seed1:  77%|███████▋  | 2319/3000 [21:37<06:29,  1.75it/s]
qwen2.5-vl/pope/ricd/gqa/adversarial/seed1:  77%|███████▋  | 2320/3000 [21:38<06:28,  1.75it/s]
qwen2.5-vl/pope/ricd/gqa/adversarial/seed1:  77%|███████▋  | 2321/3000 [21:38<06:26,  1.76it/s]
qwen2.5-vl/pope/ricd/gqa/adversarial/seed1:  77%|███████▋  | 2322/3000 [21:39<06:25,  1.76it/s]
qwen2.5-vl/pope/ricd/gqa/adversarial/seed1:  77%|███████▋  | 2323/3000 [21:39<06:24,  1.76it/s]
qwen2.5-vl/pope/ricd/gqa/adversarial/seed1:  77%|███████▋  | 2324/3000 [21:40<06:23,  1.76it/s]
qwen2.5-vl/pope/ricd/gqa/adversarial/seed1:  78%|███████▊  | 2325/3000 [21:40<06:22,  1.77it/s]
qwen2.5-vl/pope/ricd/gqa/adversarial/seed1:  78%|███████▊  | 2326/3000 [21:41<06:21,  1.77it/s]
qwen2.5-vl/pope/ricd/gqa/adversarial/seed1:  78%|███████▊  | 2327/3000 [21:42<06:20,  1.77it/s]
qwen2.5-vl/pope/ricd/gqa/adversarial/seed1:  78%|███████▊  | 2328/3000 [21:42<06:19,  1.77it/s]
qwen2.5-vl/pope/ricd/gqa/adversarial/seed1:  78%|███████▊  | 2329/3000 [21:45<12:40,  1.13s/it]
qwen2.5-vl/pope/ricd/gqa/adversarial/seed1:  78%|███████▊  | 2330/3000 [21:47<16:51,  1.51s/it]
qwen2.5-vl/pope/ricd/gqa/adversarial/seed1:  78%|███████▊  | 2331/3000 [21:49<19:46,  1.77s/it]
qwen2.5-vl/pope/ricd/gqa/adversarial/seed1:  78%|███████▊  | 2332/3000 [21:52<21:51,  1.96s/it]
qwen2.5-vl/pope/ricd/gqa/adversarial/seed1:  78%|███████▊  | 2333/3000 [21:54<23:15,  2.09s/it]
qwen2.5-vl/pope/ricd/gqa/adversarial/seed1:  78%|███████▊  | 2334/3000 [21:56<24:12,  2.18s/it]
qwen2.5-vl/pope/ricd/gqa/adversarial/seed1:  78%|███████▊  | 2335/3000 [21:57<18:12,  1.64s/it]
qwen2.5-vl/pope/ricd/gqa/adversarial/seed1:  78%|███████▊  | 2336/3000 [21:57<14:00,  1.27s/it]
qwen2.5-vl/pope/ricd/gqa/adversarial/seed1:  78%|███████▊  | 2337/3000 [21:58<11:03,  1.00s/it]
qwen2.5-vl/pope/ricd/gqa/adversarial/seed1:  78%|███████▊  | 2338/3000 [21:58<08:59,  1.23it/s]
qwen2.5-vl/pope/ricd/gqa/adversarial/seed1:  78%|███████▊  | 2339/3000 [21:58<07:33,  1.46it/s]
qwen2.5-vl/pope/ricd/gqa/adversarial/seed1:  78%|███████▊  | 2340/3000 [21:59<06:32,  1.68it/s]
qwen2.5-vl/pope/ricd/gqa/adversarial/seed1:  78%|███████▊  | 2341/3000 [21:59<05:49,  1.88it/s]
qwen2.5-vl/pope/ricd/gqa/adversarial/seed1:  78%|███████▊  | 2342/3000 [22:00<05:19,  2.06it/s]
qwen2.5-vl/pope/ricd/gqa/adversarial/seed1:  78%|███████▊  | 2343/3000 [22:00<04:59,  2.20it/s]
qwen2.5-vl/pope/ricd/gqa/adversarial/seed1:  78%|███████▊  | 2344/3000 [22:00<04:44,  2.31it/s]
qwen2.5-vl/pope/ricd/gqa/adversarial/seed1:  78%|███████▊  | 2345/3000 [22:01<04:33,  2.39it/s]
qwen2.5-vl/pope/ricd/gqa/adversarial/seed1:  78%|███████▊  | 2346/3000 [22:01<04:26,  2.46it/s]
qwen2.5-vl/pope/ricd/gqa/adversarial/seed1:  78%|███████▊  | 2347/3000 [22:02<04:56,  2.20it/s]
qwen2.5-vl/pope/ricd/gqa/adversarial/seed1:  78%|███████▊  | 2348/3000 [22:02<05:17,  2.05it/s]
qwen2.5-vl/pope/ricd/gqa/adversarial/seed1:  78%|███████▊  | 2349/3000 [22:03<05:32,  1.96it/s]
qwen2.5-vl/pope/ricd/gqa/adversarial/seed1:  78%|███████▊  | 2350/3000 [22:03<05:42,  1.90it/s]
qwen2.5-vl/pope/ricd/gqa/adversarial/seed1:  78%|███████▊  | 2351/3000 [22:04<05:48,  1.86it/s]
qwen2.5-vl/pope/ricd/gqa/adversarial/seed1:  78%|███████▊  | 2352/3000 [22:04<05:52,  1.84it/s]
qwen2.5-vl/pope/ricd/gqa/adversarial/seed1:  78%|███████▊  | 2353/3000 [22:05<05:56,  1.82it/s]
qwen2.5-vl/pope/ricd/gqa/adversarial/seed1:  78%|███████▊  | 2354/3000 [22:06<05:58,  1.80it/s]
qwen2.5-vl/pope/ricd/gqa/adversarial/seed1:  78%|███████▊  | 2355/3000 [22:06<05:58,  1.80it/s]
qwen2.5-vl/pope/ricd/gqa/adversarial/seed1:  79%|███████▊  | 2356/3000 [22:07<05:59,  1.79it/s]
qwen2.5-vl/pope/ricd/gqa/adversarial/seed1:  79%|███████▊  | 2357/3000 [22:07<05:59,  1.79it/s]
qwen2.5-vl/pope/ricd/gqa/adversarial/seed1:  79%|███████▊  | 2358/3000 [22:08<06:00,  1.78it/s]
qwen2.5-vl/pope/ricd/gqa/adversarial/seed1:  79%|███████▊  | 2359/3000 [22:08<05:25,  1.97it/s]
qwen2.5-vl/pope/ricd/gqa/adversarial/seed1:  79%|███████▊  | 2360/3000 [22:09<05:00,  2.13it/s]
qwen2.5-vl/pope/ricd/gqa/adversarial/seed1:  79%|███████▊  | 2361/3000 [22:09<04:42,  2.26it/s]
qwen2.5-vl/pope/ricd/gqa/adversarial/seed1:  79%|███████▊  | 2362/3000 [22:09<04:31,  2.35it/s]
qwen2.5-vl/pope/ricd/gqa/adversarial/seed1:  79%|███████▉  | 2363/3000 [22:10<04:22,  2.42it/s]
qwen2.5-vl/pope/ricd/gqa/adversarial/seed1:  79%|███████▉  | 2364/3000 [22:10<04:17,  2.47it/s]
qwen2.5-vl/pope/ricd/gqa/adversarial/seed1:  79%|███████▉  | 2365/3000 [22:11<04:12,  2.51it/s]
qwen2.5-vl/pope/ricd/gqa/adversarial/seed1:  79%|███████▉  | 2366/3000 [22:11<04:09,  2.54it/s]
qwen2.5-vl/pope/ricd/gqa/adversarial/seed1:  79%|███████▉  | 2367/3000 [22:11<04:07,  2.56it/s]
qwen2.5-vl/pope/ricd/gqa/adversarial/seed1:  79%|███████▉  | 2368/3000 [22:12<04:05,  2.58it/s]
qwen2.5-vl/pope/ricd/gqa/adversarial/seed1:  79%|███████▉  | 2369/3000 [22:12<04:03,  2.59it/s]
qwen2.5-vl/pope/ricd/gqa/adversarial/seed1:  79%|███████▉  | 2370/3000 [22:12<04:02,  2.60it/s]
qwen2.5-vl/pope/ricd/gqa/adversarial/seed1:  79%|███████▉  | 2371/3000 [22:13<04:38,  2.26it/s]
qwen2.5-vl/pope/ricd/gqa/adversarial/seed1:  79%|███████▉  | 2372/3000 [22:14<05:03,  2.07it/s]
qwen2.5-vl/pope/ricd/gqa/adversarial/seed1:  79%|███████▉  | 2373/3000 [22:14<05:21,  1.95it/s]
qwen2.5-vl/pope/ricd/gqa/adversarial/seed1:  79%|███████▉  | 2374/3000 [22:15<05:33,  1.88it/s]
qwen2.5-vl/pope/ricd/gqa/adversarial/seed1:  79%|███████▉  | 2375/3000 [22:15<05:42,  1.83it/s]
qwen2.5-vl/pope/ricd/gqa/adversarial/seed1:  79%|███████▉  | 2376/3000 [22:16<05:48,  1.79it/s]
qwen2.5-vl/pope/ricd/gqa/adversarial/seed1:  79%|███████▉  | 2377/3000 [22:16<05:19,  1.95it/s]
qwen2.5-vl/pope/ricd/gqa/adversarial/seed1:  79%|███████▉  | 2378/3000 [22:17<04:57,  2.09it/s]
qwen2.5-vl/pope/ricd/gqa/adversarial/seed1:  79%|███████▉  | 2379/3000 [22:17<04:38,  2.23it/s]
qwen2.5-vl/pope/ricd/gqa/adversarial/seed1:  79%|███████▉  | 2380/3000 [22:17<04:25,  2.33it/s]
qwen2.5-vl/pope/ricd/gqa/adversarial/seed1:  79%|███████▉  | 2381/3000 [22:18<04:16,  2.42it/s]
qwen2.5-vl/pope/ricd/gqa/adversarial/seed1:  79%|███████▉  | 2382/3000 [22:18<04:09,  2.47it/s]
qwen2.5-vl/pope/ricd/gqa/adversarial/seed1:  79%|███████▉  | 2383/3000 [22:19<04:05,  2.52it/s]
qwen2.5-vl/pope/ricd/gqa/adversarial/seed1:  79%|███████▉  | 2384/3000 [22:19<04:01,  2.55it/s]
qwen2.5-vl/pope/ricd/gqa/adversarial/seed1:  80%|███████▉  | 2385/3000 [22:19<03:59,  2.57it/s]
qwen2.5-vl/pope/ricd/gqa/adversarial/seed1:  80%|███████▉  | 2386/3000 [22:20<03:57,  2.59it/s]
qwen2.5-vl/pope/ricd/gqa/adversarial/seed1:  80%|███████▉  | 2387/3000 [22:20<03:55,  2.60it/s]
qwen2.5-vl/pope/ricd/gqa/adversarial/seed1:  80%|███████▉  | 2388/3000 [22:21<03:55,  2.60it/s]
qwen2.5-vl/pope/ricd/gqa/adversarial/seed1:  80%|███████▉  | 2389/3000 [22:21<04:30,  2.26it/s]
qwen2.5-vl/pope/ricd/gqa/adversarial/seed1:  80%|███████▉  | 2390/3000 [22:22<04:54,  2.07it/s]
qwen2.5-vl/pope/ricd/gqa/adversarial/seed1:  80%|███████▉  | 2391/3000 [22:22<05:12,  1.95it/s]
qwen2.5-vl/pope/ricd/gqa/adversarial/seed1:  80%|███████▉  | 2392/3000 [22:23<05:24,  1.87it/s]
qwen2.5-vl/pope/ricd/gqa/adversarial/seed1:  80%|███████▉  | 2393/3000 [22:23<05:37,  1.80it/s]
qwen2.5-vl/pope/ricd/gqa/adversarial/seed1:  80%|███████▉  | 2394/3000 [22:24<05:45,  1.76it/s]
qwen2.5-vl/pope/ricd/gqa/adversarial/seed1:  80%|███████▉  | 2395/3000 [22:25<06:18,  1.60it/s]
qwen2.5-vl/pope/ricd/gqa/adversarial/seed1:  80%|███████▉  | 2396/3000 [22:26<06:40,  1.51it/s]
qwen2.5-vl/pope/ricd/gqa/adversarial/seed1:  80%|███████▉  | 2397/3000 [22:26<06:53,  1.46it/s]
qwen2.5-vl/pope/ricd/gqa/adversarial/seed1:  80%|███████▉  | 2398/3000 [22:27<06:59,  1.43it/s]
qwen2.5-vl/pope/ricd/gqa/adversarial/seed1:  80%|███████▉  | 2399/3000 [22:28<07:03,  1.42it/s]
qwen2.5-vl/pope/ricd/gqa/adversarial/seed1:  80%|████████  | 2400/3000 [22:28<07:05,  1.41it/s]
qwen2.5-vl/pope/ricd/gqa/adversarial/seed1:  80%|████████  | 2401/3000 [22:29<06:38,  1.50it/s]
qwen2.5-vl/pope/ricd/gqa/adversarial/seed1:  80%|████████  | 2402/3000 [22:30<06:19,  1.58it/s]
qwen2.5-vl/pope/ricd/gqa/adversarial/seed1:  80%|████████  | 2403/3000 [22:30<06:05,  1.63it/s]
qwen2.5-vl/pope/ricd/gqa/adversarial/seed1:  80%|████████  | 2404/3000 [22:31<05:55,  1.68it/s]
qwen2.5-vl/pope/ricd/gqa/adversarial/seed1:  80%|████████  | 2405/3000 [22:31<05:48,  1.71it/s]
qwen2.5-vl/pope/ricd/gqa/adversarial/seed1:  80%|████████  | 2406/3000 [22:32<05:43,  1.73it/s]
qwen2.5-vl/pope/ricd/gqa/adversarial/seed1:  80%|████████  | 2407/3000 [22:32<05:07,  1.93it/s]
qwen2.5-vl/pope/ricd/gqa/adversarial/seed1:  80%|████████  | 2408/3000 [22:33<04:42,  2.09it/s]
qwen2.5-vl/pope/ricd/gqa/adversarial/seed1:  80%|████████  | 2409/3000 [22:33<04:24,  2.23it/s]
qwen2.5-vl/pope/ricd/gqa/adversarial/seed1:  80%|████████  | 2410/3000 [22:33<04:12,  2.33it/s]
qwen2.5-vl/pope/ricd/gqa/adversarial/seed1:  80%|████████  | 2411/3000 [22:34<04:03,  2.41it/s]
qwen2.5-vl/pope/ricd/gqa/adversarial/seed1:  80%|████████  | 2412/3000 [22:34<03:57,  2.48it/s]
qwen2.5-vl/pope/ricd/gqa/adversarial/seed1:  80%|████████  | 2413/3000 [22:35<04:24,  2.22it/s]
qwen2.5-vl/pope/ricd/gqa/adversarial/seed1:  80%|████████  | 2414/3000 [22:35<04:44,  2.06it/s]
qwen2.5-vl/pope/ricd/gqa/adversarial/seed1:  80%|████████  | 2415/3000 [22:36<04:58,  1.96it/s]
qwen2.5-vl/pope/ricd/gqa/adversarial/seed1:  81%|████████  | 2416/3000 [22:36<05:07,  1.90it/s]
qwen2.5-vl/pope/ricd/gqa/adversarial/seed1:  81%|████████  | 2417/3000 [22:37<05:14,  1.85it/s]
qwen2.5-vl/pope/ricd/gqa/adversarial/seed1:  81%|████████  | 2418/3000 [22:38<05:18,  1.83it/s]
qwen2.5-vl/pope/ricd/gqa/adversarial/seed1:  81%|████████  | 2419/3000 [22:43<18:11,  1.88s/it]
qwen2.5-vl/pope/ricd/gqa/adversarial/seed1:  81%|████████  | 2420/3000 [22:47<26:31,  2.74s/it]
qwen2.5-vl/pope/ricd/gqa/adversarial/seed1:  81%|████████  | 2421/3000 [22:52<32:29,  3.37s/it]
qwen2.5-vl/pope/ricd/gqa/adversarial/seed1:  81%|████████  | 2422/3000 [22:57<36:36,  3.80s/it]
qwen2.5-vl/pope/ricd/gqa/adversarial/seed1:  81%|████████  | 2423/3000 [23:04<46:46,  4.86s/it]
qwen2.5-vl/pope/ricd/gqa/adversarial/seed1:  81%|████████  | 2424/3000 [23:09<46:33,  4.85s/it]
qwen2.5-vl/pope/ricd/gqa/adversarial/seed1:  81%|████████  | 2425/3000 [23:10<34:10,  3.57s/it]
qwen2.5-vl/pope/ricd/gqa/adversarial/seed1:  81%|████████  | 2426/3000 [23:10<25:31,  2.67s/it]
qwen2.5-vl/pope/ricd/gqa/adversarial/seed1:  81%|████████  | 2427/3000 [23:11<19:27,  2.04s/it]
qwen2.5-vl/pope/ricd/gqa/adversarial/seed1:  81%|████████  | 2428/3000 [23:11<15:13,  1.60s/it]
qwen2.5-vl/pope/ricd/gqa/adversarial/seed1:  81%|████████  | 2429/3000 [23:12<12:15,  1.29s/it]
qwen2.5-vl/pope/ricd/gqa/adversarial/seed1:  81%|████████  | 2430/3000 [23:12<10:11,  1.07s/it]
qwen2.5-vl/pope/ricd/gqa/adversarial/seed1:  81%|████████  | 2431/3000 [23:13<08:43,  1.09it/s]
qwen2.5-vl/pope/ricd/gqa/adversarial/seed1:  81%|████████  | 2432/3000 [23:14<07:42,  1.23it/s]
qwen2.5-vl/pope/ricd/gqa/adversarial/seed1:  81%|████████  | 2433/3000 [23:14<06:59,  1.35it/s]
qwen2.5-vl/pope/ricd/gqa/adversarial/seed1:  81%|████████  | 2434/3000 [23:15<06:30,  1.45it/s]
qwen2.5-vl/pope/ricd/gqa/adversarial/seed1:  81%|████████  | 2435/3000 [23:15<06:10,  1.53it/s]
qwen2.5-vl/pope/ricd/gqa/adversarial/seed1:  81%|████████  | 2436/3000 [23:16<05:55,  1.59it/s]
qwen2.5-vl/pope/ricd/gqa/adversarial/seed1:  81%|████████  | 2437/3000 [23:16<05:13,  1.80it/s]
qwen2.5-vl/pope/ricd/gqa/adversarial/seed1:  81%|████████▏ | 2438/3000 [23:17<04:43,  1.98it/s]
qwen2.5-vl/pope/ricd/gqa/adversarial/seed1:  81%|████████▏ | 2439/3000 [23:17<04:23,  2.13it/s]
qwen2.5-vl/pope/ricd/gqa/adversarial/seed1:  81%|████████▏ | 2440/3000 [23:17<04:10,  2.24it/s]
qwen2.5-vl/pope/ricd/gqa/adversarial/seed1:  81%|████████▏ | 2441/3000 [23:18<04:00,  2.33it/s]
qwen2.5-vl/pope/ricd/gqa/adversarial/seed1:  81%|████████▏ | 2442/3000 [23:18<03:55,  2.37it/s]
qwen2.5-vl/pope/ricd/gqa/adversarial/seed1:  81%|████████▏ | 2443/3000 [23:19<04:20,  2.14it/s]
qwen2.5-vl/pope/ricd/gqa/adversarial/seed1:  81%|████████▏ | 2444/3000 [23:19<04:37,  2.01it/s]
qwen2.5-vl/pope/ricd/gqa/adversarial/seed1:  82%|████████▏ | 2445/3000 [23:20<04:48,  1.93it/s]
qwen2.5-vl/pope/ricd/gqa/adversarial/seed1:  82%|████████▏ | 2446/3000 [23:21<04:55,  1.88it/s]
qwen2.5-vl/pope/ricd/gqa/adversarial/seed1:  82%|████████▏ | 2447/3000 [23:21<05:00,  1.84it/s]
qwen2.5-vl/pope/ricd/gqa/adversarial/seed1:  82%|████████▏ | 2448/3000 [23:22<05:03,  1.82it/s]
qwen2.5-vl/pope/ricd/gqa/adversarial/seed1:  82%|████████▏ | 2449/3000 [23:22<05:05,  1.81it/s]
qwen2.5-vl/pope/ricd/gqa/adversarial/seed1:  82%|████████▏ | 2450/3000 [23:23<05:06,  1.80it/s]
qwen2.5-vl/pope/ricd/gqa/adversarial/seed1:  82%|████████▏ | 2451/3000 [23:23<05:06,  1.79it/s]
qwen2.5-vl/pope/ricd/gqa/adversarial/seed1:  82%|████████▏ | 2452/3000 [23:24<05:06,  1.79it/s]
qwen2.5-vl/pope/ricd/gqa/adversarial/seed1:  82%|████████▏ | 2453/3000 [23:24<05:07,  1.78it/s]
qwen2.5-vl/pope/ricd/gqa/adversarial/seed1:  82%|████████▏ | 2454/3000 [23:25<05:06,  1.78it/s]
qwen2.5-vl/pope/ricd/gqa/adversarial/seed1:  82%|████████▏ | 2455/3000 [23:25<04:36,  1.97it/s]
qwen2.5-vl/pope/ricd/gqa/adversarial/seed1:  82%|████████▏ | 2456/3000 [23:26<04:15,  2.13it/s]
qwen2.5-vl/pope/ricd/gqa/adversarial/seed1:  82%|████████▏ | 2457/3000 [23:26<04:00,  2.25it/s]
qwen2.5-vl/pope/ricd/gqa/adversarial/seed1:  82%|████████▏ | 2458/3000 [23:27<03:50,  2.35it/s]
qwen2.5-vl/pope/ricd/gqa/adversarial/seed1:  82%|████████▏ | 2459/3000 [23:27<03:42,  2.43it/s]
qwen2.5-vl/pope/ricd/gqa/adversarial/seed1:  82%|████████▏ | 2460/3000 [23:27<03:37,  2.48it/s]
qwen2.5-vl/pope/ricd/gqa/adversarial/seed1:  82%|████████▏ | 2461/3000 [23:28<04:19,  2.08it/s]
qwen2.5-vl/pope/ricd/gqa/adversarial/seed1:  82%|████████▏ | 2462/3000 [23:29<04:47,  1.87it/s]
qwen2.5-vl/pope/ricd/gqa/adversarial/seed1:  82%|████████▏ | 2463/3000 [23:29<05:06,  1.75it/s]
qwen2.5-vl/pope/ricd/gqa/adversarial/seed1:  82%|████████▏ | 2464/3000 [23:30<05:20,  1.67it/s]
qwen2.5-vl/pope/ricd/gqa/adversarial/seed1:  82%|████████▏ | 2465/3000 [23:31<05:29,  1.62it/s]
qwen2.5-vl/pope/ricd/gqa/adversarial/seed1:  82%|████████▏ | 2466/3000 [23:31<05:35,  1.59it/s]
qwen2.5-vl/pope/ricd/gqa/adversarial/seed1:  82%|████████▏ | 2467/3000 [23:32<05:25,  1.64it/s]
qwen2.5-vl/pope/ricd/gqa/adversarial/seed1:  82%|████████▏ | 2468/3000 [23:32<05:20,  1.66it/s]
qwen2.5-vl/pope/ricd/gqa/adversarial/seed1:  82%|████████▏ | 2469/3000 [23:33<05:13,  1.69it/s]
qwen2.5-vl/pope/ricd/gqa/adversarial/seed1:  82%|████████▏ | 2470/3000 [23:34<05:08,  1.72it/s]
qwen2.5-vl/pope/ricd/gqa/adversarial/seed1:  82%|████████▏ | 2471/3000 [23:34<05:06,  1.73it/s]
qwen2.5-vl/pope/ricd/gqa/adversarial/seed1:  82%|████████▏ | 2472/3000 [23:35<05:03,  1.74it/s]
qwen2.5-vl/pope/ricd/gqa/adversarial/seed1:  82%|████████▏ | 2473/3000 [23:35<05:01,  1.75it/s]
qwen2.5-vl/pope/ricd/gqa/adversarial/seed1:  82%|████████▏ | 2474/3000 [23:36<04:59,  1.76it/s]
qwen2.5-vl/pope/ricd/gqa/adversarial/seed1:  82%|████████▎ | 2475/3000 [23:36<04:57,  1.76it/s]
qwen2.5-vl/pope/ricd/gqa/adversarial/seed1:  83%|████████▎ | 2476/3000 [23:37<04:56,  1.77it/s]
qwen2.5-vl/pope/ricd/gqa/adversarial/seed1:  83%|████████▎ | 2477/3000 [23:38<04:55,  1.77it/s]
qwen2.5-vl/pope/ricd/gqa/adversarial/seed1:  83%|████████▎ | 2478/3000 [23:38<04:54,  1.77it/s]
qwen2.5-vl/pope/ricd/gqa/adversarial/seed1:  83%|████████▎ | 2479/3000 [23:39<04:53,  1.77it/s]
qwen2.5-vl/pope/ricd/gqa/adversarial/seed1:  83%|████████▎ | 2480/3000 [23:39<04:52,  1.78it/s]
qwen2.5-vl/pope/ricd/gqa/adversarial/seed1:  83%|████████▎ | 2481/3000 [23:40<04:52,  1.78it/s]
qwen2.5-vl/pope/ricd/gqa/adversarial/seed1:  83%|████████▎ | 2482/3000 [23:40<04:51,  1.78it/s]
qwen2.5-vl/pope/ricd/gqa/adversarial/seed1:  83%|████████▎ | 2483/3000 [23:41<04:50,  1.78it/s]
qwen2.5-vl/pope/ricd/gqa/adversarial/seed1:  83%|████████▎ | 2484/3000 [23:41<04:50,  1.78it/s]
qwen2.5-vl/pope/ricd/gqa/adversarial/seed1:  83%|████████▎ | 2485/3000 [23:42<04:21,  1.97it/s]
qwen2.5-vl/pope/ricd/gqa/adversarial/seed1:  83%|████████▎ | 2486/3000 [23:42<04:00,  2.13it/s]
qwen2.5-vl/pope/ricd/gqa/adversarial/seed1:  83%|████████▎ | 2487/3000 [23:43<03:46,  2.26it/s]
qwen2.5-vl/pope/ricd/gqa/adversarial/seed1:  83%|████████▎ | 2488/3000 [23:43<03:36,  2.36it/s]
qwen2.5-vl/pope/ricd/gqa/adversarial/seed1:  83%|████████▎ | 2489/3000 [23:43<03:29,  2.44it/s]
qwen2.5-vl/pope/ricd/gqa/adversarial/seed1:  83%|████████▎ | 2490/3000 [23:44<03:24,  2.50it/s]
qwen2.5-vl/pope/ricd/gqa/adversarial/seed1:  83%|████████▎ | 2491/3000 [23:44<03:53,  2.18it/s]
qwen2.5-vl/pope/ricd/gqa/adversarial/seed1:  83%|████████▎ | 2492/3000 [23:45<04:14,  2.00it/s]
qwen2.5-vl/pope/ricd/gqa/adversarial/seed1:  83%|████████▎ | 2493/3000 [23:46<04:28,  1.89it/s]
qwen2.5-vl/pope/ricd/gqa/adversarial/seed1:  83%|████████▎ | 2494/3000 [23:46<04:38,  1.82it/s]
qwen2.5-vl/pope/ricd/gqa/adversarial/seed1:  83%|████████▎ | 2495/3000 [23:47<04:45,  1.77it/s]
qwen2.5-vl/pope/ricd/gqa/adversarial/seed1:  83%|████████▎ | 2496/3000 [23:47<04:49,  1.74it/s]
qwen2.5-vl/pope/ricd/gqa/adversarial/seed1:  83%|████████▎ | 2497/3000 [23:48<04:47,  1.75it/s]
qwen2.5-vl/pope/ricd/gqa/adversarial/seed1:  83%|████████▎ | 2498/3000 [23:48<04:44,  1.76it/s]
qwen2.5-vl/pope/ricd/gqa/adversarial/seed1:  83%|████████▎ | 2499/3000 [23:49<04:43,  1.77it/s]
qwen2.5-vl/pope/ricd/gqa/adversarial/seed1:  83%|████████▎ | 2500/3000 [23:50<04:42,  1.77it/s]
qwen2.5-vl/pope/ricd/gqa/adversarial/seed1:  83%|████████▎ | 2501/3000 [23:50<04:41,  1.78it/s]
qwen2.5-vl/pope/ricd/gqa/adversarial/seed1:  83%|████████▎ | 2502/3000 [23:51<04:40,  1.78it/s]
qwen2.5-vl/pope/ricd/gqa/adversarial/seed1:  83%|████████▎ | 2503/3000 [23:52<07:34,  1.09it/s]
qwen2.5-vl/pope/ricd/gqa/adversarial/seed1:  83%|████████▎ | 2504/3000 [23:54<09:27,  1.14s/it]
qwen2.5-vl/pope/ricd/gqa/adversarial/seed1:  84%|████████▎ | 2505/3000 [23:56<10:43,  1.30s/it]
qwen2.5-vl/pope/ricd/gqa/adversarial/seed1:  84%|████████▎ | 2506/3000 [23:57<11:36,  1.41s/it]
qwen2.5-vl/pope/ricd/gqa/adversarial/seed1:  84%|████████▎ | 2507/3000 [23:59<12:13,  1.49s/it]
qwen2.5-vl/pope/ricd/gqa/adversarial/seed1:  84%|████████▎ | 2508/3000 [24:01<12:38,  1.54s/it]
qwen2.5-vl/pope/ricd/gqa/adversarial/seed1:  84%|████████▎ | 2509/3000 [24:01<10:12,  1.25s/it]
qwen2.5-vl/pope/ricd/gqa/adversarial/seed1:  84%|████████▎ | 2510/3000 [24:02<08:30,  1.04s/it]
qwen2.5-vl/pope/ricd/gqa/adversarial/seed1:  84%|████████▎ | 2511/3000 [24:02<07:19,  1.11it/s]
qwen2.5-vl/pope/ricd/gqa/adversarial/seed1:  84%|████████▎ | 2512/3000 [24:03<06:29,  1.25it/s]
qwen2.5-vl/pope/ricd/gqa/adversarial/seed1:  84%|████████▍ | 2513/3000 [24:04<05:54,  1.38it/s]
qwen2.5-vl/pope/ricd/gqa/adversarial/seed1:  84%|████████▍ | 2514/3000 [24:04<05:29,  1.48it/s]
qwen2.5-vl/pope/ricd/gqa/adversarial/seed1:  84%|████████▍ | 2515/3000 [24:05<04:45,  1.70it/s]
qwen2.5-vl/pope/ricd/gqa/adversarial/seed1:  84%|████████▍ | 2516/3000 [24:05<04:15,  1.90it/s]
qwen2.5-vl/pope/ricd/gqa/adversarial/seed1:  84%|████████▍ | 2517/3000 [24:05<03:53,  2.07it/s]
qwen2.5-vl/pope/ricd/gqa/adversarial/seed1:  84%|████████▍ | 2518/3000 [24:06<03:38,  2.21it/s]
qwen2.5-vl/pope/ricd/gqa/adversarial/seed1:  84%|████████▍ | 2519/3000 [24:06<03:27,  2.32it/s]
qwen2.5-vl/pope/ricd/gqa/adversarial/seed1:  84%|████████▍ | 2520/3000 [24:06<03:19,  2.40it/s]
qwen2.5-vl/pope/ricd/gqa/adversarial/seed1:  84%|████████▍ | 2521/3000 [24:07<03:40,  2.17it/s]
qwen2.5-vl/pope/ricd/gqa/adversarial/seed1:  84%|████████▍ | 2522/3000 [24:08<03:54,  2.03it/s]
qwen2.5-vl/pope/ricd/gqa/adversarial/seed1:  84%|████████▍ | 2523/3000 [24:08<04:04,  1.95it/s]
qwen2.5-vl/pope/ricd/gqa/adversarial/seed1:  84%|████████▍ | 2524/3000 [24:09<04:10,  1.90it/s]
qwen2.5-vl/pope/ricd/gqa/adversarial/seed1:  84%|████████▍ | 2525/3000 [24:09<04:15,  1.86it/s]
qwen2.5-vl/pope/ricd/gqa/adversarial/seed1:  84%|████████▍ | 2526/3000 [24:10<04:18,  1.83it/s]
qwen2.5-vl/pope/ricd/gqa/adversarial/seed1:  84%|████████▍ | 2527/3000 [24:10<04:21,  1.81it/s]
qwen2.5-vl/pope/ricd/gqa/adversarial/seed1:  84%|████████▍ | 2528/3000 [24:11<04:22,  1.80it/s]
qwen2.5-vl/pope/ricd/gqa/adversarial/seed1:  84%|████████▍ | 2529/3000 [24:12<04:23,  1.79it/s]
qwen2.5-vl/pope/ricd/gqa/adversarial/seed1:  84%|████████▍ | 2530/3000 [24:12<04:23,  1.78it/s]
qwen2.5-vl/pope/ricd/gqa/adversarial/seed1:  84%|████████▍ | 2531/3000 [24:13<04:23,  1.78it/s]
qwen2.5-vl/pope/ricd/gqa/adversarial/seed1:  84%|████████▍ | 2532/3000 [24:13<04:22,  1.78it/s]
qwen2.5-vl/pope/ricd/gqa/adversarial/seed1:  84%|████████▍ | 2533/3000 [24:14<04:22,  1.78it/s]
qwen2.5-vl/pope/ricd/gqa/adversarial/seed1:  84%|████████▍ | 2534/3000 [24:14<04:22,  1.78it/s]
qwen2.5-vl/pope/ricd/gqa/adversarial/seed1:  84%|████████▍ | 2535/3000 [24:15<04:21,  1.78it/s]
qwen2.5-vl/pope/ricd/gqa/adversarial/seed1:  85%|████████▍ | 2536/3000 [24:15<04:21,  1.78it/s]
qwen2.5-vl/pope/ricd/gqa/adversarial/seed1:  85%|████████▍ | 2537/3000 [24:16<04:20,  1.78it/s]
qwen2.5-vl/pope/ricd/gqa/adversarial/seed1:  85%|████████▍ | 2538/3000 [24:17<04:19,  1.78it/s]
qwen2.5-vl/pope/ricd/gqa/adversarial/seed1:  85%|████████▍ | 2539/3000 [24:17<03:54,  1.97it/s]
qwen2.5-vl/pope/ricd/gqa/adversarial/seed1:  85%|████████▍ | 2540/3000 [24:17<03:36,  2.13it/s]
qwen2.5-vl/pope/ricd/gqa/adversarial/seed1:  85%|████████▍ | 2541/3000 [24:18<03:23,  2.26it/s]
qwen2.5-vl/pope/ricd/gqa/adversarial/seed1:  85%|████████▍ | 2542/3000 [24:18<03:14,  2.35it/s]
qwen2.5-vl/pope/ricd/gqa/adversarial/seed1:  85%|████████▍ | 2543/3000 [24:18<03:08,  2.43it/s]
qwen2.5-vl/pope/ricd/gqa/adversarial/seed1:  85%|████████▍ | 2544/3000 [24:19<03:03,  2.49it/s]
qwen2.5-vl/pope/ricd/gqa/adversarial/seed1:  85%|████████▍ | 2545/3000 [24:19<02:56,  2.57it/s]
qwen2.5-vl/pope/ricd/gqa/adversarial/seed1:  85%|████████▍ | 2546/3000 [24:20<02:52,  2.64it/s]
qwen2.5-vl/pope/ricd/gqa/adversarial/seed1:  85%|████████▍ | 2547/3000 [24:20<02:49,  2.68it/s]
qwen2.5-vl/pope/ricd/gqa/adversarial/seed1:  85%|████████▍ | 2548/3000 [24:20<02:46,  2.71it/s]
qwen2.5-vl/pope/ricd/gqa/adversarial/seed1:  85%|████████▍ | 2549/3000 [24:21<02:44,  2.74it/s]
qwen2.5-vl/pope/ricd/gqa/adversarial/seed1:  85%|████████▌ | 2550/3000 [24:21<02:43,  2.76it/s]
qwen2.5-vl/pope/ricd/gqa/adversarial/seed1:  85%|████████▌ | 2551/3000 [24:22<03:09,  2.37it/s]
qwen2.5-vl/pope/ricd/gqa/adversarial/seed1:  85%|████████▌ | 2552/3000 [24:22<03:28,  2.15it/s]
qwen2.5-vl/pope/ricd/gqa/adversarial/seed1:  85%|████████▌ | 2553/3000 [24:23<03:40,  2.02it/s]
qwen2.5-vl/pope/ricd/gqa/adversarial/seed1:  85%|████████▌ | 2554/3000 [24:23<03:49,  1.94it/s]
qwen2.5-vl/pope/ricd/gqa/adversarial/seed1:  85%|████████▌ | 2555/3000 [24:24<03:55,  1.89it/s]
qwen2.5-vl/pope/ricd/gqa/adversarial/seed1:  85%|████████▌ | 2556/3000 [24:24<03:59,  1.85it/s]
qwen2.5-vl/pope/ricd/gqa/adversarial/seed1:  85%|████████▌ | 2557/3000 [24:25<04:02,  1.82it/s]
qwen2.5-vl/pope/ricd/gqa/adversarial/seed1:  85%|████████▌ | 2558/3000 [24:26<04:05,  1.80it/s]
qwen2.5-vl/pope/ricd/gqa/adversarial/seed1:  85%|████████▌ | 2559/3000 [24:26<04:06,  1.79it/s]
qwen2.5-vl/pope/ricd/gqa/adversarial/seed1:  85%|████████▌ | 2560/3000 [24:27<04:07,  1.78it/s]
qwen2.5-vl/pope/ricd/gqa/adversarial/seed1:  85%|████████▌ | 2561/3000 [24:27<04:07,  1.77it/s]
qwen2.5-vl/pope/ricd/gqa/adversarial/seed1:  85%|████████▌ | 2562/3000 [24:28<04:07,  1.77it/s]
qwen2.5-vl/pope/ricd/gqa/adversarial/seed1:  85%|████████▌ | 2563/3000 [24:28<03:43,  1.96it/s]
qwen2.5-vl/pope/ricd/gqa/adversarial/seed1:  85%|████████▌ | 2564/3000 [24:29<03:26,  2.11it/s]
qwen2.5-vl/pope/ricd/gqa/adversarial/seed1:  86%|████████▌ | 2565/3000 [24:29<03:15,  2.23it/s]
qwen2.5-vl/pope/ricd/gqa/adversarial/seed1:  86%|████████▌ | 2566/3000 [24:29<03:06,  2.33it/s]
qwen2.5-vl/pope/ricd/gqa/adversarial/seed1:  86%|████████▌ | 2567/3000 [24:30<03:00,  2.40it/s]
qwen2.5-vl/pope/ricd/gqa/adversarial/seed1:  86%|████████▌ | 2568/3000 [24:30<02:55,  2.45it/s]
qwen2.5-vl/pope/ricd/gqa/adversarial/seed1:  86%|████████▌ | 2569/3000 [24:30<02:51,  2.51it/s]
qwen2.5-vl/pope/ricd/gqa/adversarial/seed1:  86%|████████▌ | 2570/3000 [24:31<02:48,  2.55it/s]
qwen2.5-vl/pope/ricd/gqa/adversarial/seed1:  86%|████████▌ | 2571/3000 [24:31<02:46,  2.58it/s]
qwen2.5-vl/pope/ricd/gqa/adversarial/seed1:  86%|████████▌ | 2572/3000 [24:32<02:44,  2.60it/s]
qwen2.5-vl/pope/ricd/gqa/adversarial/seed1:  86%|████████▌ | 2573/3000 [24:32<02:43,  2.61it/s]
qwen2.5-vl/pope/ricd/gqa/adversarial/seed1:  86%|████████▌ | 2574/3000 [24:32<02:41,  2.63it/s]
qwen2.5-vl/pope/ricd/gqa/adversarial/seed1:  86%|████████▌ | 2575/3000 [24:33<03:06,  2.28it/s]
qwen2.5-vl/pope/ricd/gqa/adversarial/seed1:  86%|████████▌ | 2576/3000 [24:34<03:25,  2.07it/s]
qwen2.5-vl/pope/ricd/gqa/adversarial/seed1:  86%|████████▌ | 2577/3000 [24:34<03:38,  1.94it/s]
qwen2.5-vl/pope/ricd/gqa/adversarial/seed1:  86%|████████▌ | 2578/3000 [24:35<03:47,  1.86it/s]
qwen2.5-vl/pope/ricd/gqa/adversarial/seed1:  86%|████████▌ | 2579/3000 [24:35<03:51,  1.82it/s]
qwen2.5-vl/pope/ricd/gqa/adversarial/seed1:  86%|████████▌ | 2580/3000 [24:36<03:52,  1.80it/s]
qwen2.5-vl/pope/ricd/gqa/adversarial/seed1:  86%|████████▌ | 2581/3000 [24:37<05:19,  1.31it/s]
qwen2.5-vl/pope/ricd/gqa/adversarial/seed1:  86%|████████▌ | 2582/3000 [24:38<06:17,  1.11it/s]
qwen2.5-vl/pope/ricd/gqa/adversarial/seed1:  86%|████████▌ | 2583/3000 [24:40<06:56,  1.00it/s]
qwen2.5-vl/pope/ricd/gqa/adversarial/seed1:  86%|████████▌ | 2584/3000 [24:41<07:23,  1.07s/it]
qwen2.5-vl/pope/ricd/gqa/adversarial/seed1:  86%|████████▌ | 2585/3000 [24:42<07:42,  1.11s/it]
qwen2.5-vl/pope/ricd/gqa/adversarial/seed1:  86%|████████▌ | 2586/3000 [24:43<07:54,  1.15s/it]
qwen2.5-vl/pope/ricd/gqa/adversarial/seed1:  86%|████████▌ | 2587/3000 [24:44<06:42,  1.03it/s]
qwen2.5-vl/pope/ricd/gqa/adversarial/seed1:  86%|████████▋ | 2588/3000 [24:44<05:50,  1.17it/s]
qwen2.5-vl/pope/ricd/gqa/adversarial/seed1:  86%|████████▋ | 2589/3000 [24:45<05:15,  1.30it/s]
qwen2.5-vl/pope/ricd/gqa/adversarial/seed1:  86%|████████▋ | 2590/3000 [24:46<04:50,  1.41it/s]
qwen2.5-vl/pope/ricd/gqa/adversarial/seed1:  86%|████████▋ | 2591/3000 [24:46<04:32,  1.50it/s]
qwen2.5-vl/pope/ricd/gqa/adversarial/seed1:  86%|████████▋ | 2592/3000 [24:47<04:19,  1.57it/s]
qwen2.5-vl/pope/ricd/gqa/adversarial/seed1:  86%|████████▋ | 2593/3000 [24:47<03:46,  1.79it/s]
qwen2.5-vl/pope/ricd/gqa/adversarial/seed1:  86%|████████▋ | 2594/3000 [24:47<03:24,  1.99it/s]
qwen2.5-vl/pope/ricd/gqa/adversarial/seed1:  86%|████████▋ | 2595/3000 [24:48<03:08,  2.15it/s]
qwen2.5-vl/pope/ricd/gqa/adversarial/seed1:  87%|████████▋ | 2596/3000 [24:48<02:56,  2.29it/s]
qwen2.5-vl/pope/ricd/gqa/adversarial/seed1:  87%|████████▋ | 2597/3000 [24:49<02:48,  2.39it/s]
qwen2.5-vl/pope/ricd/gqa/adversarial/seed1:  87%|████████▋ | 2598/3000 [24:49<02:43,  2.46it/s]
qwen2.5-vl/pope/ricd/gqa/adversarial/seed1:  87%|████████▋ | 2599/3000 [24:49<02:40,  2.50it/s]
qwen2.5-vl/pope/ricd/gqa/adversarial/seed1:  87%|████████▋ | 2600/3000 [24:50<02:38,  2.52it/s]
qwen2.5-vl/pope/ricd/gqa/adversarial/seed1:  87%|████████▋ | 2601/3000 [24:50<02:37,  2.54it/s]
qwen2.5-vl/pope/ricd/gqa/adversarial/seed1:  87%|████████▋ | 2602/3000 [24:50<02:35,  2.55it/s]
qwen2.5-vl/pope/ricd/gqa/adversarial/seed1:  87%|████████▋ | 2603/3000 [24:51<02:34,  2.56it/s]
qwen2.5-vl/pope/ricd/gqa/adversarial/seed1:  87%|████████▋ | 2604/3000 [24:51<02:34,  2.56it/s]
qwen2.5-vl/pope/ricd/gqa/adversarial/seed1:  87%|████████▋ | 2605/3000 [24:52<03:18,  1.99it/s]
qwen2.5-vl/pope/ricd/gqa/adversarial/seed1:  87%|████████▋ | 2606/3000 [24:53<03:43,  1.76it/s]
qwen2.5-vl/pope/ricd/gqa/adversarial/seed1:  87%|████████▋ | 2607/3000 [24:53<04:01,  1.62it/s]
qwen2.5-vl/pope/ricd/gqa/adversarial/seed1:  87%|████████▋ | 2608/3000 [24:54<04:06,  1.59it/s]
qwen2.5-vl/pope/ricd/gqa/adversarial/seed1:  87%|████████▋ | 2609/3000 [24:55<04:16,  1.52it/s]
qwen2.5-vl/pope/ricd/gqa/adversarial/seed1:  87%|████████▋ | 2610/3000 [24:56<04:24,  1.47it/s]
qwen2.5-vl/pope/ricd/gqa/adversarial/seed1:  87%|████████▋ | 2611/3000 [24:56<03:49,  1.69it/s]
qwen2.5-vl/pope/ricd/gqa/adversarial/seed1:  87%|████████▋ | 2612/3000 [24:56<03:25,  1.89it/s]
qwen2.5-vl/pope/ricd/gqa/adversarial/seed1:  87%|████████▋ | 2613/3000 [24:57<03:07,  2.06it/s]
qwen2.5-vl/pope/ricd/gqa/adversarial/seed1:  87%|████████▋ | 2614/3000 [24:57<02:56,  2.18it/s]
qwen2.5-vl/pope/ricd/gqa/adversarial/seed1:  87%|████████▋ | 2615/3000 [24:57<02:47,  2.30it/s]
qwen2.5-vl/pope/ricd/gqa/adversarial/seed1:  87%|████████▋ | 2616/3000 [24:58<02:41,  2.38it/s]
qwen2.5-vl/pope/ricd/gqa/adversarial/seed1:  87%|████████▋ | 2617/3000 [24:58<02:37,  2.43it/s]
qwen2.5-vl/pope/ricd/gqa/adversarial/seed1:  87%|████████▋ | 2618/3000 [24:59<02:33,  2.48it/s]
qwen2.5-vl/pope/ricd/gqa/adversarial/seed1:  87%|████████▋ | 2619/3000 [24:59<02:31,  2.52it/s]
qwen2.5-vl/pope/ricd/gqa/adversarial/seed1:  87%|████████▋ | 2620/3000 [24:59<02:29,  2.54it/s]
qwen2.5-vl/pope/ricd/gqa/adversarial/seed1:  87%|████████▋ | 2621/3000 [25:00<02:28,  2.55it/s]
qwen2.5-vl/pope/ricd/gqa/adversarial/seed1:  87%|████████▋ | 2622/3000 [25:00<02:27,  2.56it/s]
qwen2.5-vl/pope/ricd/gqa/adversarial/seed1:  87%|████████▋ | 2623/3000 [25:01<02:46,  2.26it/s]
qwen2.5-vl/pope/ricd/gqa/adversarial/seed1:  87%|████████▋ | 2624/3000 [25:01<03:00,  2.09it/s]
qwen2.5-vl/pope/ricd/gqa/adversarial/seed1:  88%|████████▊ | 2625/3000 [25:02<03:12,  1.95it/s]
qwen2.5-vl/pope/ricd/gqa/adversarial/seed1:  88%|████████▊ | 2626/3000 [25:02<03:20,  1.87it/s]
qwen2.5-vl/pope/ricd/gqa/adversarial/seed1:  88%|████████▊ | 2627/3000 [25:03<03:22,  1.84it/s]
qwen2.5-vl/pope/ricd/gqa/adversarial/seed1:  88%|████████▊ | 2628/3000 [25:04<03:24,  1.82it/s]
qwen2.5-vl/pope/ricd/gqa/adversarial/seed1:  88%|████████▊ | 2629/3000 [25:04<03:06,  1.99it/s]
qwen2.5-vl/pope/ricd/gqa/adversarial/seed1:  88%|████████▊ | 2630/3000 [25:04<02:52,  2.14it/s]
qwen2.5-vl/pope/ricd/gqa/adversarial/seed1:  88%|████████▊ | 2631/3000 [25:05<02:43,  2.26it/s]
qwen2.5-vl/pope/ricd/gqa/adversarial/seed1:  88%|████████▊ | 2632/3000 [25:05<02:36,  2.34it/s]
qwen2.5-vl/pope/ricd/gqa/adversarial/seed1:  88%|████████▊ | 2633/3000 [25:06<02:32,  2.41it/s]
qwen2.5-vl/pope/ricd/gqa/adversarial/seed1:  88%|████████▊ | 2634/3000 [25:06<02:28,  2.46it/s]
qwen2.5-vl/pope/ricd/gqa/adversarial/seed1:  88%|████████▊ | 2635/3000 [25:06<02:26,  2.49it/s]
qwen2.5-vl/pope/ricd/gqa/adversarial/seed1:  88%|████████▊ | 2636/3000 [25:07<02:24,  2.53it/s]
qwen2.5-vl/pope/ricd/gqa/adversarial/seed1:  88%|████████▊ | 2637/3000 [25:07<02:22,  2.54it/s]
qwen2.5-vl/pope/ricd/gqa/adversarial/seed1:  88%|████████▊ | 2638/3000 [25:07<02:21,  2.55it/s]
qwen2.5-vl/pope/ricd/gqa/adversarial/seed1:  88%|████████▊ | 2639/3000 [25:08<02:20,  2.56it/s]
qwen2.5-vl/pope/ricd/gqa/adversarial/seed1:  88%|████████▊ | 2640/3000 [25:08<02:20,  2.56it/s]
qwen2.5-vl/pope/ricd/gqa/adversarial/seed1:  88%|████████▊ | 2641/3000 [25:09<02:40,  2.24it/s]
qwen2.5-vl/pope/ricd/gqa/adversarial/seed1:  88%|████████▊ | 2642/3000 [25:09<02:52,  2.07it/s]
qwen2.5-vl/pope/ricd/gqa/adversarial/seed1:  88%|████████▊ | 2643/3000 [25:10<03:01,  1.97it/s]
qwen2.5-vl/pope/ricd/gqa/adversarial/seed1:  88%|████████▊ | 2644/3000 [25:11<03:06,  1.91it/s]
qwen2.5-vl/pope/ricd/gqa/adversarial/seed1:  88%|████████▊ | 2645/3000 [25:11<03:10,  1.87it/s]
qwen2.5-vl/pope/ricd/gqa/adversarial/seed1:  88%|████████▊ | 2646/3000 [25:12<03:12,  1.84it/s]
qwen2.5-vl/pope/ricd/gqa/adversarial/seed1:  88%|████████▊ | 2647/3000 [25:12<02:54,  2.02it/s]
qwen2.5-vl/pope/ricd/gqa/adversarial/seed1:  88%|████████▊ | 2648/3000 [25:12<02:42,  2.16it/s]
qwen2.5-vl/pope/ricd/gqa/adversarial/seed1:  88%|████████▊ | 2649/3000 [25:13<02:33,  2.28it/s]
qwen2.5-vl/pope/ricd/gqa/adversarial/seed1:  88%|████████▊ | 2650/3000 [25:13<02:27,  2.37it/s]
qwen2.5-vl/pope/ricd/gqa/adversarial/seed1:  88%|████████▊ | 2651/3000 [25:14<02:23,  2.44it/s]
qwen2.5-vl/pope/ricd/gqa/adversarial/seed1:  88%|████████▊ | 2652/3000 [25:14<02:19,  2.49it/s]
qwen2.5-vl/pope/ricd/gqa/adversarial/seed1:  88%|████████▊ | 2653/3000 [25:14<02:16,  2.55it/s]
qwen2.5-vl/pope/ricd/gqa/adversarial/seed1:  88%|████████▊ | 2654/3000 [25:15<02:13,  2.58it/s]
qwen2.5-vl/pope/ricd/gqa/adversarial/seed1:  88%|████████▊ | 2655/3000 [25:15<02:11,  2.61it/s]
qwen2.5-vl/pope/ricd/gqa/adversarial/seed1:  89%|████████▊ | 2656/3000 [25:15<02:10,  2.64it/s]
qwen2.5-vl/pope/ricd/gqa/adversarial/seed1:  89%|████████▊ | 2657/3000 [25:16<02:09,  2.65it/s]
qwen2.5-vl/pope/ricd/gqa/adversarial/seed1:  89%|████████▊ | 2658/3000 [25:16<02:08,  2.66it/s]
qwen2.5-vl/pope/ricd/gqa/adversarial/seed1:  89%|████████▊ | 2659/3000 [25:17<02:40,  2.12it/s]
qwen2.5-vl/pope/ricd/gqa/adversarial/seed1:  89%|████████▊ | 2660/3000 [25:18<03:02,  1.86it/s]
qwen2.5-vl/pope/ricd/gqa/adversarial/seed1:  89%|████████▊ | 2661/3000 [25:18<03:17,  1.72it/s]
qwen2.5-vl/pope/ricd/gqa/adversarial/seed1:  89%|████████▊ | 2662/3000 [25:19<03:27,  1.63it/s]
qwen2.5-vl/pope/ricd/gqa/adversarial/seed1:  89%|████████▉ | 2663/3000 [25:20<03:34,  1.57it/s]
qwen2.5-vl/pope/ricd/gqa/adversarial/seed1:  89%|████████▉ | 2664/3000 [25:20<03:39,  1.53it/s]
qwen2.5-vl/pope/ricd/gqa/adversarial/seed1:  89%|████████▉ | 2665/3000 [25:24<08:40,  1.55s/it]
qwen2.5-vl/pope/ricd/gqa/adversarial/seed1:  89%|████████▉ | 2666/3000 [25:26<10:03,  1.81s/it]
qwen2.5-vl/pope/ricd/gqa/adversarial/seed1:  89%|████████▉ | 2667/3000 [25:29<10:59,  1.98s/it]
qwen2.5-vl/pope/ricd/gqa/adversarial/seed1:  89%|████████▉ | 2668/3000 [25:31<11:37,  2.10s/it]
qwen2.5-vl/pope/ricd/gqa/adversarial/seed1:  89%|████████▉ | 2669/3000 [25:34<12:04,  2.19s/it]
qwen2.5-vl/pope/ricd/gqa/adversarial/seed1:  89%|████████▉ | 2670/3000 [25:35<10:24,  1.89s/it]
qwen2.5-vl/pope/ricd/gqa/adversarial/seed1:  89%|████████▉ | 2671/3000 [25:35<08:11,  1.49s/it]
qwen2.5-vl/pope/ricd/gqa/adversarial/seed1:  89%|████████▉ | 2672/3000 [25:36<06:38,  1.21s/it]
qwen2.5-vl/pope/ricd/gqa/adversarial/seed1:  89%|████████▉ | 2673/3000 [25:36<05:33,  1.02s/it]
qwen2.5-vl/pope/ricd/gqa/adversarial/seed1:  89%|████████▉ | 2674/3000 [25:37<04:47,  1.13it/s]
qwen2.5-vl/pope/ricd/gqa/adversarial/seed1:  89%|████████▉ | 2675/3000 [25:38<04:15,  1.27it/s]
qwen2.5-vl/pope/ricd/gqa/adversarial/seed1:  89%|████████▉ | 2676/3000 [25:38<03:53,  1.39it/s]
qwen2.5-vl/pope/ricd/gqa/adversarial/seed1:  89%|████████▉ | 2677/3000 [25:39<03:52,  1.39it/s]
qwen2.5-vl/pope/ricd/gqa/adversarial/seed1:  89%|████████▉ | 2678/3000 [25:40<03:51,  1.39it/s]
qwen2.5-vl/pope/ricd/gqa/adversarial/seed1:  89%|████████▉ | 2679/3000 [25:40<03:50,  1.39it/s]
qwen2.5-vl/pope/ricd/gqa/adversarial/seed1:  89%|████████▉ | 2680/3000 [25:41<03:50,  1.39it/s]
qwen2.5-vl/pope/ricd/gqa/adversarial/seed1:  89%|████████▉ | 2681/3000 [25:42<03:49,  1.39it/s]
qwen2.5-vl/pope/ricd/gqa/adversarial/seed1:  89%|████████▉ | 2682/3000 [25:42<03:49,  1.39it/s]
qwen2.5-vl/pope/ricd/gqa/adversarial/seed1:  89%|████████▉ | 2683/3000 [25:43<03:34,  1.48it/s]
qwen2.5-vl/pope/ricd/gqa/adversarial/seed1:  89%|████████▉ | 2684/3000 [25:44<03:22,  1.56it/s]
qwen2.5-vl/pope/ricd/gqa/adversarial/seed1:  90%|████████▉ | 2685/3000 [25:44<03:14,  1.62it/s]
qwen2.5-vl/pope/ricd/gqa/adversarial/seed1:  90%|████████▉ | 2686/3000 [25:45<03:08,  1.66it/s]
qwen2.5-vl/pope/ricd/gqa/adversarial/seed1:  90%|████████▉ | 2687/3000 [25:45<03:04,  1.69it/s]
qwen2.5-vl/pope/ricd/gqa/adversarial/seed1:  90%|████████▉ | 2688/3000 [25:46<03:01,  1.72it/s]
qwen2.5-vl/pope/ricd/gqa/adversarial/seed1:  90%|████████▉ | 2689/3000 [25:46<02:42,  1.91it/s]
qwen2.5-vl/pope/ricd/gqa/adversarial/seed1:  90%|████████▉ | 2690/3000 [25:47<02:28,  2.08it/s]
qwen2.5-vl/pope/ricd/gqa/adversarial/seed1:  90%|████████▉ | 2691/3000 [25:47<02:19,  2.22it/s]
qwen2.5-vl/pope/ricd/gqa/adversarial/seed1:  90%|████████▉ | 2692/3000 [25:47<02:12,  2.32it/s]
qwen2.5-vl/pope/ricd/gqa/adversarial/seed1:  90%|████████▉ | 2693/3000 [25:48<02:08,  2.40it/s]
qwen2.5-vl/pope/ricd/gqa/adversarial/seed1:  90%|████████▉ | 2694/3000 [25:48<02:04,  2.46it/s]
qwen2.5-vl/pope/ricd/gqa/adversarial/seed1:  90%|████████▉ | 2695/3000 [25:50<04:33,  1.11it/s]
qwen2.5-vl/pope/ricd/gqa/adversarial/seed1:  90%|████████▉ | 2696/3000 [25:52<06:10,  1.22s/it]
qwen2.5-vl/pope/ricd/gqa/adversarial/seed1:  90%|████████▉ | 2697/3000 [25:54<07:16,  1.44s/it]
qwen2.5-vl/pope/ricd/gqa/adversarial/seed1:  90%|████████▉ | 2698/3000 [25:56<08:02,  1.60s/it]
qwen2.5-vl/pope/ricd/gqa/adversarial/seed1:  90%|████████▉ | 2699/3000 [25:58<08:33,  1.71s/it]
qwen2.5-vl/pope/ricd/gqa/adversarial/seed1:  90%|█████████ | 2700/3000 [26:00<08:55,  1.78s/it]
qwen2.5-vl/pope/ricd/gqa/adversarial/seed1:  90%|█████████ | 2701/3000 [26:01<07:04,  1.42s/it]
qwen2.5-vl/pope/ricd/gqa/adversarial/seed1:  90%|█████████ | 2702/3000 [26:01<05:46,  1.16s/it]
qwen2.5-vl/pope/ricd/gqa/adversarial/seed1:  90%|█████████ | 2703/3000 [26:02<04:51,  1.02it/s]
qwen2.5-vl/pope/ricd/gqa/adversarial/seed1:  90%|█████████ | 2704/3000 [26:02<04:13,  1.17it/s]
qwen2.5-vl/pope/ricd/gqa/adversarial/seed1:  90%|█████████ | 2705/3000 [26:03<03:46,  1.30it/s]
qwen2.5-vl/pope/ricd/gqa/adversarial/seed1:  90%|█████████ | 2706/3000 [26:03<03:27,  1.42it/s]
qwen2.5-vl/pope/ricd/gqa/adversarial/seed1:  90%|█████████ | 2707/3000 [26:04<03:14,  1.51it/s]
qwen2.5-vl/pope/ricd/gqa/adversarial/seed1:  90%|█████████ | 2708/3000 [26:04<03:04,  1.58it/s]
qwen2.5-vl/pope/ricd/gqa/adversarial/seed1:  90%|█████████ | 2709/3000 [26:05<02:58,  1.63it/s]
qwen2.5-vl/pope/ricd/gqa/adversarial/seed1:  90%|█████████ | 2710/3000 [26:06<02:53,  1.67it/s]
qwen2.5-vl/pope/ricd/gqa/adversarial/seed1:  90%|█████████ | 2711/3000 [26:06<02:50,  1.70it/s]
qwen2.5-vl/pope/ricd/gqa/adversarial/seed1:  90%|█████████ | 2712/3000 [26:07<02:47,  1.72it/s]
qwen2.5-vl/pope/ricd/gqa/adversarial/seed1:  90%|█████████ | 2713/3000 [26:07<02:29,  1.92it/s]
qwen2.5-vl/pope/ricd/gqa/adversarial/seed1:  90%|█████████ | 2714/3000 [26:08<02:17,  2.08it/s]
qwen2.5-vl/pope/ricd/gqa/adversarial/seed1:  90%|█████████ | 2715/3000 [26:08<02:08,  2.22it/s]
qwen2.5-vl/pope/ricd/gqa/adversarial/seed1:  91%|█████████ | 2716/3000 [26:08<02:02,  2.33it/s]
qwen2.5-vl/pope/ricd/gqa/adversarial/seed1:  91%|█████████ | 2717/3000 [26:09<01:57,  2.41it/s]
qwen2.5-vl/pope/ricd/gqa/adversarial/seed1:  91%|█████████ | 2718/3000 [26:09<01:54,  2.47it/s]
qwen2.5-vl/pope/ricd/gqa/adversarial/seed1:  91%|█████████ | 2719/3000 [26:09<01:51,  2.51it/s]
qwen2.5-vl/pope/ricd/gqa/adversarial/seed1:  91%|█████████ | 2720/3000 [26:10<01:50,  2.54it/s]
qwen2.5-vl/pope/ricd/gqa/adversarial/seed1:  91%|█████████ | 2721/3000 [26:10<01:48,  2.56it/s]
qwen2.5-vl/pope/ricd/gqa/adversarial/seed1:  91%|█████████ | 2722/3000 [26:11<01:47,  2.58it/s]
qwen2.5-vl/pope/ricd/gqa/adversarial/seed1:  91%|█████████ | 2723/3000 [26:11<01:46,  2.59it/s]
qwen2.5-vl/pope/ricd/gqa/adversarial/seed1:  91%|█████████ | 2724/3000 [26:11<01:46,  2.60it/s]
qwen2.5-vl/pope/ricd/gqa/adversarial/seed1:  91%|█████████ | 2725/3000 [26:12<02:00,  2.28it/s]
qwen2.5-vl/pope/ricd/gqa/adversarial/seed1:  91%|█████████ | 2726/3000 [26:12<02:10,  2.10it/s]
qwen2.5-vl/pope/ricd/gqa/adversarial/seed1:  91%|█████████ | 2727/3000 [26:13<02:17,  1.99it/s]
qwen2.5-vl/pope/ricd/gqa/adversarial/seed1:  91%|█████████ | 2728/3000 [26:14<02:22,  1.91it/s]
qwen2.5-vl/pope/ricd/gqa/adversarial/seed1:  91%|█████████ | 2729/3000 [26:14<02:25,  1.87it/s]
qwen2.5-vl/pope/ricd/gqa/adversarial/seed1:  91%|█████████ | 2730/3000 [26:15<02:27,  1.83it/s]
qwen2.5-vl/pope/ricd/gqa/adversarial/seed1:  91%|█████████ | 2731/3000 [26:15<02:28,  1.81it/s]
qwen2.5-vl/pope/ricd/gqa/adversarial/seed1:  91%|█████████ | 2732/3000 [26:16<02:29,  1.79it/s]
qwen2.5-vl/pope/ricd/gqa/adversarial/seed1:  91%|█████████ | 2733/3000 [26:16<02:31,  1.76it/s]
qwen2.5-vl/pope/ricd/gqa/adversarial/seed1:  91%|█████████ | 2734/3000 [26:17<02:32,  1.74it/s]
qwen2.5-vl/pope/ricd/gqa/adversarial/seed1:  91%|█████████ | 2735/3000 [26:18<02:33,  1.73it/s]
qwen2.5-vl/pope/ricd/gqa/adversarial/seed1:  91%|█████████ | 2736/3000 [26:18<02:33,  1.72it/s]
qwen2.5-vl/pope/ricd/gqa/adversarial/seed1:  91%|█████████ | 2737/3000 [26:19<02:19,  1.88it/s]
qwen2.5-vl/pope/ricd/gqa/adversarial/seed1:  91%|█████████▏| 2738/3000 [26:19<02:12,  1.98it/s]
qwen2.5-vl/pope/ricd/gqa/adversarial/seed1:  91%|█████████▏| 2739/3000 [26:19<02:03,  2.11it/s]
qwen2.5-vl/pope/ricd/gqa/adversarial/seed1:  91%|█████████▏| 2740/3000 [26:20<01:58,  2.20it/s]
qwen2.5-vl/pope/ricd/gqa/adversarial/seed1:  91%|█████████▏| 2741/3000 [26:20<01:54,  2.27it/s]
qwen2.5-vl/pope/ricd/gqa/adversarial/seed1:  91%|█████████▏| 2742/3000 [26:21<01:50,  2.34it/s]
qwen2.5-vl/pope/ricd/gqa/adversarial/seed1:  91%|█████████▏| 2743/3000 [26:21<02:00,  2.13it/s]
qwen2.5-vl/pope/ricd/gqa/adversarial/seed1:  91%|█████████▏| 2744/3000 [26:22<02:07,  2.00it/s]
qwen2.5-vl/pope/ricd/gqa/adversarial/seed1:  92%|█████████▏| 2745/3000 [26:22<02:12,  1.92it/s]
qwen2.5-vl/pope/ricd/gqa/adversarial/seed1:  92%|█████████▏| 2746/3000 [26:23<02:17,  1.85it/s]
qwen2.5-vl/pope/ricd/gqa/adversarial/seed1:  92%|█████████▏| 2747/3000 [26:24<02:18,  1.82it/s]
qwen2.5-vl/pope/ricd/gqa/adversarial/seed1:  92%|█████████▏| 2748/3000 [26:24<02:19,  1.81it/s]
qwen2.5-vl/pope/ricd/gqa/adversarial/seed1:  92%|█████████▏| 2749/3000 [26:25<02:20,  1.79it/s]
qwen2.5-vl/pope/ricd/gqa/adversarial/seed1:  92%|█████████▏| 2750/3000 [26:25<02:20,  1.78it/s]
qwen2.5-vl/pope/ricd/gqa/adversarial/seed1:  92%|█████████▏| 2751/3000 [26:26<02:20,  1.77it/s]
qwen2.5-vl/pope/ricd/gqa/adversarial/seed1:  92%|█████████▏| 2752/3000 [26:26<02:20,  1.77it/s]
qwen2.5-vl/pope/ricd/gqa/adversarial/seed1:  92%|█████████▏| 2753/3000 [26:27<02:19,  1.76it/s]
qwen2.5-vl/pope/ricd/gqa/adversarial/seed1:  92%|█████████▏| 2754/3000 [26:28<02:19,  1.76it/s]
qwen2.5-vl/pope/ricd/gqa/adversarial/seed1:  92%|█████████▏| 2755/3000 [26:28<02:05,  1.95it/s]
qwen2.5-vl/pope/ricd/gqa/adversarial/seed1:  92%|█████████▏| 2756/3000 [26:28<01:55,  2.11it/s]
qwen2.5-vl/pope/ricd/gqa/adversarial/seed1:  92%|█████████▏| 2757/3000 [26:29<01:49,  2.22it/s]
qwen2.5-vl/pope/ricd/gqa/adversarial/seed1:  92%|█████████▏| 2758/3000 [26:29<01:44,  2.31it/s]
qwen2.5-vl/pope/ricd/gqa/adversarial/seed1:  92%|█████████▏| 2759/3000 [26:29<01:40,  2.39it/s]
qwen2.5-vl/pope/ricd/gqa/adversarial/seed1:  92%|█████████▏| 2760/3000 [26:30<01:38,  2.43it/s]
qwen2.5-vl/pope/ricd/gqa/adversarial/seed1:  92%|█████████▏| 2761/3000 [26:30<01:50,  2.16it/s]
qwen2.5-vl/pope/ricd/gqa/adversarial/seed1:  92%|█████████▏| 2762/3000 [26:31<01:59,  1.99it/s]
qwen2.5-vl/pope/ricd/gqa/adversarial/seed1:  92%|█████████▏| 2763/3000 [26:32<02:05,  1.89it/s]
qwen2.5-vl/pope/ricd/gqa/adversarial/seed1:  92%|█████████▏| 2764/3000 [26:32<02:09,  1.83it/s]
qwen2.5-vl/pope/ricd/gqa/adversarial/seed1:  92%|█████████▏| 2765/3000 [26:33<02:11,  1.79it/s]
qwen2.5-vl/pope/ricd/gqa/adversarial/seed1:  92%|█████████▏| 2766/3000 [26:33<02:13,  1.75it/s]
qwen2.5-vl/pope/ricd/gqa/adversarial/seed1:  92%|█████████▏| 2767/3000 [26:34<02:13,  1.75it/s]
qwen2.5-vl/pope/ricd/gqa/adversarial/seed1:  92%|█████████▏| 2768/3000 [26:35<02:12,  1.74it/s]
qwen2.5-vl/pope/ricd/gqa/adversarial/seed1:  92%|█████████▏| 2769/3000 [26:35<02:12,  1.75it/s]
qwen2.5-vl/pope/ricd/gqa/adversarial/seed1:  92%|█████████▏| 2770/3000 [26:36<02:11,  1.75it/s]
qwen2.5-vl/pope/ricd/gqa/adversarial/seed1:  92%|█████████▏| 2771/3000 [26:36<02:10,  1.75it/s]
qwen2.5-vl/pope/ricd/gqa/adversarial/seed1:  92%|█████████▏| 2772/3000 [26:37<02:09,  1.76it/s]
qwen2.5-vl/pope/ricd/gqa/adversarial/seed1:  92%|█████████▏| 2773/3000 [26:37<02:09,  1.75it/s]
qwen2.5-vl/pope/ricd/gqa/adversarial/seed1:  92%|█████████▏| 2774/3000 [26:38<02:08,  1.75it/s]
qwen2.5-vl/pope/ricd/gqa/adversarial/seed1:  92%|█████████▎| 2775/3000 [26:39<02:07,  1.76it/s]
qwen2.5-vl/pope/ricd/gqa/adversarial/seed1:  93%|█████████▎| 2776/3000 [26:39<02:07,  1.76it/s]
qwen2.5-vl/pope/ricd/gqa/adversarial/seed1:  93%|█████████▎| 2777/3000 [26:40<02:07,  1.76it/s]
qwen2.5-vl/pope/ricd/gqa/adversarial/seed1:  93%|█████████▎| 2778/3000 [26:40<02:06,  1.75it/s]
qwen2.5-vl/pope/ricd/gqa/adversarial/seed1:  93%|█████████▎| 2779/3000 [26:41<02:07,  1.73it/s]
qwen2.5-vl/pope/ricd/gqa/adversarial/seed1:  93%|█████████▎| 2780/3000 [26:41<02:08,  1.71it/s]
qwen2.5-vl/pope/ricd/gqa/adversarial/seed1:  93%|█████████▎| 2781/3000 [26:42<02:09,  1.69it/s]
qwen2.5-vl/pope/ricd/gqa/adversarial/seed1:  93%|█████████▎| 2782/3000 [26:43<02:08,  1.69it/s]
qwen2.5-vl/pope/ricd/gqa/adversarial/seed1:  93%|█████████▎| 2783/3000 [26:43<02:07,  1.70it/s]
qwen2.5-vl/pope/ricd/gqa/adversarial/seed1:  93%|█████████▎| 2784/3000 [26:44<02:06,  1.70it/s]
qwen2.5-vl/pope/ricd/gqa/adversarial/seed1:  93%|█████████▎| 2785/3000 [26:44<01:53,  1.89it/s]
qwen2.5-vl/pope/ricd/gqa/adversarial/seed1:  93%|█████████▎| 2786/3000 [26:45<01:43,  2.06it/s]
qwen2.5-vl/pope/ricd/gqa/adversarial/seed1:  93%|█████████▎| 2787/3000 [26:45<01:37,  2.18it/s]
qwen2.5-vl/pope/ricd/gqa/adversarial/seed1:  93%|█████████▎| 2788/3000 [26:45<01:32,  2.29it/s]
qwen2.5-vl/pope/ricd/gqa/adversarial/seed1:  93%|█████████▎| 2789/3000 [26:46<01:31,  2.32it/s]
qwen2.5-vl/pope/ricd/gqa/adversarial/seed1:  93%|█████████▎| 2790/3000 [26:46<01:29,  2.34it/s]
qwen2.5-vl/pope/ricd/gqa/adversarial/seed1:  93%|█████████▎| 2791/3000 [26:47<01:28,  2.37it/s]
qwen2.5-vl/pope/ricd/gqa/adversarial/seed1:  93%|█████████▎| 2792/3000 [26:47<01:26,  2.40it/s]
qwen2.5-vl/pope/ricd/gqa/adversarial/seed1:  93%|█████████▎| 2793/3000 [26:47<01:26,  2.39it/s]
qwen2.5-vl/pope/ricd/gqa/adversarial/seed1:  93%|█████████▎| 2794/3000 [26:48<01:26,  2.39it/s]
qwen2.5-vl/pope/ricd/gqa/adversarial/seed1:  93%|█████████▎| 2795/3000 [26:48<01:23,  2.44it/s]
qwen2.5-vl/pope/ricd/gqa/adversarial/seed1:  93%|█████████▎| 2796/3000 [26:49<01:22,  2.49it/s]
qwen2.5-vl/pope/ricd/gqa/adversarial/seed1:  93%|█████████▎| 2797/3000 [26:49<01:31,  2.21it/s]
qwen2.5-vl/pope/ricd/gqa/adversarial/seed1:  93%|█████████▎| 2798/3000 [26:50<01:38,  2.06it/s]
qwen2.5-vl/pope/ricd/gqa/adversarial/seed1:  93%|█████████▎| 2799/3000 [26:50<01:42,  1.96it/s]
qwen2.5-vl/pope/ricd/gqa/adversarial/seed1:  93%|█████████▎| 2800/3000 [26:51<01:46,  1.88it/s]
qwen2.5-vl/pope/ricd/gqa/adversarial/seed1:  93%|█████████▎| 2801/3000 [26:52<01:48,  1.84it/s]
qwen2.5-vl/pope/ricd/gqa/adversarial/seed1:  93%|█████████▎| 2802/3000 [26:52<01:49,  1.81it/s]
qwen2.5-vl/pope/ricd/gqa/adversarial/seed1:  93%|█████████▎| 2803/3000 [26:53<01:51,  1.77it/s]
qwen2.5-vl/pope/ricd/gqa/adversarial/seed1:  93%|█████████▎| 2804/3000 [26:53<01:52,  1.75it/s]
qwen2.5-vl/pope/ricd/gqa/adversarial/seed1:  94%|█████████▎| 2805/3000 [26:54<01:52,  1.73it/s]
qwen2.5-vl/pope/ricd/gqa/adversarial/seed1:  94%|█████████▎| 2806/3000 [26:54<01:52,  1.72it/s]
qwen2.5-vl/pope/ricd/gqa/adversarial/seed1:  94%|█████████▎| 2807/3000 [26:55<01:52,  1.71it/s]
qwen2.5-vl/pope/ricd/gqa/adversarial/seed1:  94%|█████████▎| 2808/3000 [26:56<01:52,  1.71it/s]
qwen2.5-vl/pope/ricd/gqa/adversarial/seed1:  94%|█████████▎| 2809/3000 [26:56<01:51,  1.71it/s]
qwen2.5-vl/pope/ricd/gqa/adversarial/seed1:  94%|█████████▎| 2810/3000 [26:57<01:51,  1.70it/s]
qwen2.5-vl/pope/ricd/gqa/adversarial/seed1:  94%|█████████▎| 2811/3000 [26:57<01:51,  1.70it/s]
qwen2.5-vl/pope/ricd/gqa/adversarial/seed1:  94%|█████████▎| 2812/3000 [26:58<01:50,  1.71it/s]
qwen2.5-vl/pope/ricd/gqa/adversarial/seed1:  94%|█████████▍| 2813/3000 [26:59<01:49,  1.71it/s]
qwen2.5-vl/pope/ricd/gqa/adversarial/seed1:  94%|█████████▍| 2814/3000 [26:59<01:49,  1.71it/s]
qwen2.5-vl/pope/ricd/gqa/adversarial/seed1:  94%|█████████▍| 2815/3000 [27:00<01:47,  1.72it/s]
qwen2.5-vl/pope/ricd/gqa/adversarial/seed1:  94%|█████████▍| 2816/3000 [27:00<01:47,  1.72it/s]
qwen2.5-vl/pope/ricd/gqa/adversarial/seed1:  94%|█████████▍| 2817/3000 [27:01<01:46,  1.71it/s]
qwen2.5-vl/pope/ricd/gqa/adversarial/seed1:  94%|█████████▍| 2818/3000 [27:01<01:45,  1.72it/s]
qwen2.5-vl/pope/ricd/gqa/adversarial/seed1:  94%|█████████▍| 2819/3000 [27:02<01:44,  1.73it/s]
qwen2.5-vl/pope/ricd/gqa/adversarial/seed1:  94%|█████████▍| 2820/3000 [27:03<01:43,  1.75it/s]
qwen2.5-vl/pope/ricd/gqa/adversarial/seed1:  94%|█████████▍| 2821/3000 [27:03<01:32,  1.94it/s]
qwen2.5-vl/pope/ricd/gqa/adversarial/seed1:  94%|█████████▍| 2822/3000 [27:03<01:24,  2.10it/s]
qwen2.5-vl/pope/ricd/gqa/adversarial/seed1:  94%|█████████▍| 2823/3000 [27:04<01:19,  2.23it/s]
qwen2.5-vl/pope/ricd/gqa/adversarial/seed1:  94%|█████████▍| 2824/3000 [27:04<01:15,  2.34it/s]
qwen2.5-vl/pope/ricd/gqa/adversarial/seed1:  94%|█████████▍| 2825/3000 [27:05<01:12,  2.41it/s]
qwen2.5-vl/pope/ricd/gqa/adversarial/seed1:  94%|█████████▍| 2826/3000 [27:05<01:10,  2.47it/s]
qwen2.5-vl/pope/ricd/gqa/adversarial/seed1:  94%|█████████▍| 2827/3000 [27:05<01:08,  2.51it/s]
qwen2.5-vl/pope/ricd/gqa/adversarial/seed1:  94%|█████████▍| 2828/3000 [27:06<01:07,  2.54it/s]
qwen2.5-vl/pope/ricd/gqa/adversarial/seed1:  94%|█████████▍| 2829/3000 [27:06<01:06,  2.56it/s]
qwen2.5-vl/pope/ricd/gqa/adversarial/seed1:  94%|█████████▍| 2830/3000 [27:06<01:05,  2.59it/s]
qwen2.5-vl/pope/ricd/gqa/adversarial/seed1:  94%|█████████▍| 2831/3000 [27:07<01:04,  2.62it/s]
qwen2.5-vl/pope/ricd/gqa/adversarial/seed1:  94%|█████████▍| 2832/3000 [27:07<01:03,  2.63it/s]
qwen2.5-vl/pope/ricd/gqa/adversarial/seed1:  94%|█████████▍| 2833/3000 [27:08<01:03,  2.64it/s]
qwen2.5-vl/pope/ricd/gqa/adversarial/seed1:  94%|█████████▍| 2834/3000 [27:08<01:02,  2.65it/s]
qwen2.5-vl/pope/ricd/gqa/adversarial/seed1:  94%|█████████▍| 2835/3000 [27:08<01:02,  2.64it/s]
qwen2.5-vl/pope/ricd/gqa/adversarial/seed1:  95%|█████████▍| 2836/3000 [27:09<01:01,  2.65it/s]
qwen2.5-vl/pope/ricd/gqa/adversarial/seed1:  95%|█████████▍| 2837/3000 [27:09<01:01,  2.65it/s]
qwen2.5-vl/pope/ricd/gqa/adversarial/seed1:  95%|█████████▍| 2838/3000 [27:09<01:01,  2.65it/s]
qwen2.5-vl/pope/ricd/gqa/adversarial/seed1:  95%|█████████▍| 2839/3000 [27:10<01:17,  2.09it/s]
qwen2.5-vl/pope/ricd/gqa/adversarial/seed1:  95%|█████████▍| 2840/3000 [27:11<01:28,  1.82it/s]
qwen2.5-vl/pope/ricd/gqa/adversarial/seed1:  95%|█████████▍| 2841/3000 [27:12<01:35,  1.67it/s]
qwen2.5-vl/pope/ricd/gqa/adversarial/seed1:  95%|█████████▍| 2842/3000 [27:12<01:40,  1.57it/s]
qwen2.5-vl/pope/ricd/gqa/adversarial/seed1:  95%|█████████▍| 2843/3000 [27:13<01:43,  1.51it/s]
qwen2.5-vl/pope/ricd/gqa/adversarial/seed1:  95%|█████████▍| 2844/3000 [27:14<01:45,  1.48it/s]
qwen2.5-vl/pope/ricd/gqa/adversarial/seed1:  95%|█████████▍| 2845/3000 [27:14<01:39,  1.56it/s]
qwen2.5-vl/pope/ricd/gqa/adversarial/seed1:  95%|█████████▍| 2846/3000 [27:15<01:35,  1.62it/s]
qwen2.5-vl/pope/ricd/gqa/adversarial/seed1:  95%|█████████▍| 2847/3000 [27:15<01:31,  1.67it/s]
qwen2.5-vl/pope/ricd/gqa/adversarial/seed1:  95%|█████████▍| 2848/3000 [27:16<01:29,  1.70it/s]
qwen2.5-vl/pope/ricd/gqa/adversarial/seed1:  95%|█████████▍| 2849/3000 [27:17<01:27,  1.73it/s]
qwen2.5-vl/pope/ricd/gqa/adversarial/seed1:  95%|█████████▌| 2850/3000 [27:17<01:26,  1.74it/s]
qwen2.5-vl/pope/ricd/gqa/adversarial/seed1:  95%|█████████▌| 2851/3000 [27:17<01:17,  1.93it/s]
qwen2.5-vl/pope/ricd/gqa/adversarial/seed1:  95%|█████████▌| 2852/3000 [27:18<01:10,  2.10it/s]
qwen2.5-vl/pope/ricd/gqa/adversarial/seed1:  95%|█████████▌| 2853/3000 [27:18<01:05,  2.23it/s]
qwen2.5-vl/pope/ricd/gqa/adversarial/seed1:  95%|█████████▌| 2854/3000 [27:19<01:02,  2.34it/s]
qwen2.5-vl/pope/ricd/gqa/adversarial/seed1:  95%|█████████▌| 2855/3000 [27:19<01:00,  2.41it/s]
qwen2.5-vl/pope/ricd/gqa/adversarial/seed1:  95%|█████████▌| 2856/3000 [27:19<00:58,  2.47it/s]
qwen2.5-vl/pope/ricd/gqa/adversarial/seed1:  95%|█████████▌| 2857/3000 [27:20<00:56,  2.52it/s]
qwen2.5-vl/pope/ricd/gqa/adversarial/seed1:  95%|█████████▌| 2858/3000 [27:20<00:55,  2.55it/s]
qwen2.5-vl/pope/ricd/gqa/adversarial/seed1:  95%|█████████▌| 2859/3000 [27:21<00:54,  2.57it/s]
qwen2.5-vl/pope/ricd/gqa/adversarial/seed1:  95%|█████████▌| 2860/3000 [27:21<00:54,  2.59it/s]
qwen2.5-vl/pope/ricd/gqa/adversarial/seed1:  95%|█████████▌| 2861/3000 [27:21<00:53,  2.59it/s]
qwen2.5-vl/pope/ricd/gqa/adversarial/seed1:  95%|█████████▌| 2862/3000 [27:22<00:53,  2.60it/s]
qwen2.5-vl/pope/ricd/gqa/adversarial/seed1:  95%|█████████▌| 2863/3000 [27:22<00:52,  2.61it/s]
qwen2.5-vl/pope/ricd/gqa/adversarial/seed1:  95%|█████████▌| 2864/3000 [27:22<00:52,  2.61it/s]
qwen2.5-vl/pope/ricd/gqa/adversarial/seed1:  96%|█████████▌| 2865/3000 [27:23<00:51,  2.62it/s]
qwen2.5-vl/pope/ricd/gqa/adversarial/seed1:  96%|█████████▌| 2866/3000 [27:23<00:51,  2.62it/s]
qwen2.5-vl/pope/ricd/gqa/adversarial/seed1:  96%|█████████▌| 2867/3000 [27:24<00:50,  2.62it/s]
qwen2.5-vl/pope/ricd/gqa/adversarial/seed1:  96%|█████████▌| 2868/3000 [27:24<00:50,  2.62it/s]
qwen2.5-vl/pope/ricd/gqa/adversarial/seed1:  96%|█████████▌| 2869/3000 [27:25<01:03,  2.07it/s]
qwen2.5-vl/pope/ricd/gqa/adversarial/seed1:  96%|█████████▌| 2870/3000 [27:25<01:12,  1.80it/s]
qwen2.5-vl/pope/ricd/gqa/adversarial/seed1:  96%|█████████▌| 2871/3000 [27:26<01:18,  1.65it/s]
qwen2.5-vl/pope/ricd/gqa/adversarial/seed1:  96%|█████████▌| 2872/3000 [27:27<01:22,  1.56it/s]
qwen2.5-vl/pope/ricd/gqa/adversarial/seed1:  96%|█████████▌| 2873/3000 [27:28<01:24,  1.50it/s]
qwen2.5-vl/pope/ricd/gqa/adversarial/seed1:  96%|█████████▌| 2874/3000 [27:28<01:25,  1.47it/s]
qwen2.5-vl/pope/ricd/gqa/adversarial/seed1:  96%|█████████▌| 2875/3000 [27:29<01:14,  1.69it/s]
qwen2.5-vl/pope/ricd/gqa/adversarial/seed1:  96%|█████████▌| 2876/3000 [27:29<01:05,  1.89it/s]
qwen2.5-vl/pope/ricd/gqa/adversarial/seed1:  96%|█████████▌| 2877/3000 [27:29<00:59,  2.06it/s]
qwen2.5-vl/pope/ricd/gqa/adversarial/seed1:  96%|█████████▌| 2878/3000 [27:30<00:55,  2.20it/s]
qwen2.5-vl/pope/ricd/gqa/adversarial/seed1:  96%|█████████▌| 2879/3000 [27:30<00:52,  2.31it/s]
qwen2.5-vl/pope/ricd/gqa/adversarial/seed1:  96%|█████████▌| 2880/3000 [27:31<00:50,  2.39it/s]
qwen2.5-vl/pope/ricd/gqa/adversarial/seed1:  96%|█████████▌| 2881/3000 [27:31<00:48,  2.45it/s]
qwen2.5-vl/pope/ricd/gqa/adversarial/seed1:  96%|█████████▌| 2882/3000 [27:31<00:47,  2.50it/s]
qwen2.5-vl/pope/ricd/gqa/adversarial/seed1:  96%|█████████▌| 2883/3000 [27:32<00:46,  2.53it/s]
qwen2.5-vl/pope/ricd/gqa/adversarial/seed1:  96%|█████████▌| 2884/3000 [27:32<00:45,  2.53it/s]
qwen2.5-vl/pope/ricd/gqa/adversarial/seed1:  96%|█████████▌| 2885/3000 [27:33<00:46,  2.49it/s]
qwen2.5-vl/pope/ricd/gqa/adversarial/seed1:  96%|█████████▌| 2886/3000 [27:33<00:46,  2.46it/s]
qwen2.5-vl/pope/ricd/gqa/adversarial/seed1:  96%|█████████▌| 2887/3000 [27:34<00:52,  2.17it/s]
qwen2.5-vl/pope/ricd/gqa/adversarial/seed1:  96%|█████████▋| 2888/3000 [27:34<00:55,  2.02it/s]
qwen2.5-vl/pope/ricd/gqa/adversarial/seed1:  96%|█████████▋| 2889/3000 [27:35<00:57,  1.93it/s]
qwen2.5-vl/pope/ricd/gqa/adversarial/seed1:  96%|█████████▋| 2890/3000 [27:35<00:58,  1.88it/s]
qwen2.5-vl/pope/ricd/gqa/adversarial/seed1:  96%|█████████▋| 2891/3000 [27:36<00:58,  1.85it/s]
qwen2.5-vl/pope/ricd/gqa/adversarial/seed1:  96%|█████████▋| 2892/3000 [27:36<00:59,  1.82it/s]
qwen2.5-vl/pope/ricd/gqa/adversarial/seed1:  96%|█████████▋| 2893/3000 [27:37<00:59,  1.80it/s]
qwen2.5-vl/pope/ricd/gqa/adversarial/seed1:  96%|█████████▋| 2894/3000 [27:38<00:59,  1.79it/s]
qwen2.5-vl/pope/ricd/gqa/adversarial/seed1:  96%|█████████▋| 2895/3000 [27:38<00:59,  1.76it/s]
qwen2.5-vl/pope/ricd/gqa/adversarial/seed1:  97%|█████████▋| 2896/3000 [27:39<00:59,  1.75it/s]
qwen2.5-vl/pope/ricd/gqa/adversarial/seed1:  97%|█████████▋| 2897/3000 [27:39<00:58,  1.75it/s]
qwen2.5-vl/pope/ricd/gqa/adversarial/seed1:  97%|█████████▋| 2898/3000 [27:40<00:58,  1.76it/s]
qwen2.5-vl/pope/ricd/gqa/adversarial/seed1:  97%|█████████▋| 2899/3000 [27:40<00:51,  1.95it/s]
qwen2.5-vl/pope/ricd/gqa/adversarial/seed1:  97%|█████████▋| 2900/3000 [27:41<00:47,  2.10it/s]
qwen2.5-vl/pope/ricd/gqa/adversarial/seed1:  97%|█████████▋| 2901/3000 [27:41<00:44,  2.23it/s]
qwen2.5-vl/pope/ricd/gqa/adversarial/seed1:  97%|█████████▋| 2902/3000 [27:41<00:42,  2.31it/s]
qwen2.5-vl/pope/ricd/gqa/adversarial/seed1:  97%|█████████▋| 2903/3000 [27:42<00:40,  2.38it/s]
qwen2.5-vl/pope/ricd/gqa/adversarial/seed1:  97%|█████████▋| 2904/3000 [27:42<00:39,  2.44it/s]
qwen2.5-vl/pope/ricd/gqa/adversarial/seed1:  97%|█████████▋| 2905/3000 [27:43<00:43,  2.19it/s]
qwen2.5-vl/pope/ricd/gqa/adversarial/seed1:  97%|█████████▋| 2906/3000 [27:43<00:46,  2.03it/s]
qwen2.5-vl/pope/ricd/gqa/adversarial/seed1:  97%|█████████▋| 2907/3000 [27:44<00:48,  1.94it/s]
qwen2.5-vl/pope/ricd/gqa/adversarial/seed1:  97%|█████████▋| 2908/3000 [27:44<00:48,  1.88it/s]
qwen2.5-vl/pope/ricd/gqa/adversarial/seed1:  97%|█████████▋| 2909/3000 [27:45<00:49,  1.83it/s]
qwen2.5-vl/pope/ricd/gqa/adversarial/seed1:  97%|█████████▋| 2910/3000 [27:46<00:49,  1.81it/s]
qwen2.5-vl/pope/ricd/gqa/adversarial/seed1:  97%|█████████▋| 2911/3000 [27:46<00:44,  1.99it/s]
qwen2.5-vl/pope/ricd/gqa/adversarial/seed1:  97%|█████████▋| 2912/3000 [27:46<00:41,  2.14it/s]
qwen2.5-vl/pope/ricd/gqa/adversarial/seed1:  97%|█████████▋| 2913/3000 [27:47<00:38,  2.27it/s]
qwen2.5-vl/pope/ricd/gqa/adversarial/seed1:  97%|█████████▋| 2914/3000 [27:47<00:36,  2.36it/s]
qwen2.5-vl/pope/ricd/gqa/adversarial/seed1:  97%|█████████▋| 2915/3000 [27:48<00:35,  2.42it/s]
qwen2.5-vl/pope/ricd/gqa/adversarial/seed1:  97%|█████████▋| 2916/3000 [27:48<00:34,  2.46it/s]
qwen2.5-vl/pope/ricd/gqa/adversarial/seed1:  97%|█████████▋| 2917/3000 [27:48<00:33,  2.50it/s]
qwen2.5-vl/pope/ricd/gqa/adversarial/seed1:  97%|█████████▋| 2918/3000 [27:49<00:32,  2.53it/s]
qwen2.5-vl/pope/ricd/gqa/adversarial/seed1:  97%|█████████▋| 2919/3000 [27:49<00:31,  2.55it/s]
qwen2.5-vl/pope/ricd/gqa/adversarial/seed1:  97%|█████████▋| 2920/3000 [27:49<00:31,  2.55it/s]
qwen2.5-vl/pope/ricd/gqa/adversarial/seed1:  97%|█████████▋| 2921/3000 [27:50<00:30,  2.56it/s]
qwen2.5-vl/pope/ricd/gqa/adversarial/seed1:  97%|█████████▋| 2922/3000 [27:50<00:30,  2.57it/s]
qwen2.5-vl/pope/ricd/gqa/adversarial/seed1:  97%|█████████▋| 2923/3000 [27:51<00:34,  2.25it/s]
qwen2.5-vl/pope/ricd/gqa/adversarial/seed1:  97%|█████████▋| 2924/3000 [27:51<00:36,  2.07it/s]
qwen2.5-vl/pope/ricd/gqa/adversarial/seed1:  98%|█████████▊| 2925/3000 [27:52<00:38,  1.94it/s]
qwen2.5-vl/pope/ricd/gqa/adversarial/seed1:  98%|█████████▊| 2926/3000 [27:53<00:39,  1.86it/s]
qwen2.5-vl/pope/ricd/gqa/adversarial/seed1:  98%|█████████▊| 2927/3000 [27:53<00:40,  1.81it/s]
qwen2.5-vl/pope/ricd/gqa/adversarial/seed1:  98%|█████████▊| 2928/3000 [27:54<00:40,  1.78it/s]
qwen2.5-vl/pope/ricd/gqa/adversarial/seed1:  98%|█████████▊| 2929/3000 [27:54<00:40,  1.77it/s]
qwen2.5-vl/pope/ricd/gqa/adversarial/seed1:  98%|█████████▊| 2930/3000 [27:55<00:39,  1.77it/s]
qwen2.5-vl/pope/ricd/gqa/adversarial/seed1:  98%|█████████▊| 2931/3000 [27:55<00:39,  1.76it/s]
qwen2.5-vl/pope/ricd/gqa/adversarial/seed1:  98%|█████████▊| 2932/3000 [27:56<00:39,  1.74it/s]
qwen2.5-vl/pope/ricd/gqa/adversarial/seed1:  98%|█████████▊| 2933/3000 [27:57<00:38,  1.74it/s]
qwen2.5-vl/pope/ricd/gqa/adversarial/seed1:  98%|█████████▊| 2934/3000 [27:57<00:38,  1.73it/s]
qwen2.5-vl/pope/ricd/gqa/adversarial/seed1:  98%|█████████▊| 2935/3000 [27:58<00:33,  1.92it/s]
qwen2.5-vl/pope/ricd/gqa/adversarial/seed1:  98%|█████████▊| 2936/3000 [27:58<00:30,  2.09it/s]
qwen2.5-vl/pope/ricd/gqa/adversarial/seed1:  98%|█████████▊| 2937/3000 [27:58<00:28,  2.25it/s]
qwen2.5-vl/pope/ricd/gqa/adversarial/seed1:  98%|█████████▊| 2938/3000 [27:59<00:25,  2.39it/s]
qwen2.5-vl/pope/ricd/gqa/adversarial/seed1:  98%|█████████▊| 2939/3000 [27:59<00:24,  2.50it/s]
qwen2.5-vl/pope/ricd/gqa/adversarial/seed1:  98%|█████████▊| 2940/3000 [27:59<00:23,  2.58it/s]
qwen2.5-vl/pope/ricd/gqa/adversarial/seed1:  98%|█████████▊| 2941/3000 [28:00<00:22,  2.59it/s]
qwen2.5-vl/pope/ricd/gqa/adversarial/seed1:  98%|█████████▊| 2942/3000 [28:00<00:22,  2.59it/s]
qwen2.5-vl/pope/ricd/gqa/adversarial/seed1:  98%|█████████▊| 2943/3000 [28:01<00:22,  2.59it/s]
qwen2.5-vl/pope/ricd/gqa/adversarial/seed1:  98%|█████████▊| 2944/3000 [28:01<00:21,  2.59it/s]
qwen2.5-vl/pope/ricd/gqa/adversarial/seed1:  98%|█████████▊| 2945/3000 [28:01<00:21,  2.59it/s]
qwen2.5-vl/pope/ricd/gqa/adversarial/seed1:  98%|█████████▊| 2946/3000 [28:02<00:20,  2.60it/s]
qwen2.5-vl/pope/ricd/gqa/adversarial/seed1:  98%|█████████▊| 2947/3000 [28:02<00:20,  2.65it/s]
qwen2.5-vl/pope/ricd/gqa/adversarial/seed1:  98%|█████████▊| 2948/3000 [28:02<00:19,  2.61it/s]
qwen2.5-vl/pope/ricd/gqa/adversarial/seed1:  98%|█████████▊| 2949/3000 [28:03<00:19,  2.66it/s]
qwen2.5-vl/pope/ricd/gqa/adversarial/seed1:  98%|█████████▊| 2950/3000 [28:03<00:18,  2.70it/s]
qwen2.5-vl/pope/ricd/gqa/adversarial/seed1:  98%|█████████▊| 2951/3000 [28:04<00:17,  2.72it/s]
qwen2.5-vl/pope/ricd/gqa/adversarial/seed1:  98%|█████████▊| 2952/3000 [28:04<00:17,  2.74it/s]
qwen2.5-vl/pope/ricd/gqa/adversarial/seed1:  98%|█████████▊| 2953/3000 [28:04<00:20,  2.34it/s]
qwen2.5-vl/pope/ricd/gqa/adversarial/seed1:  98%|█████████▊| 2954/3000 [28:05<00:21,  2.12it/s]
qwen2.5-vl/pope/ricd/gqa/adversarial/seed1:  98%|█████████▊| 2955/3000 [28:06<00:22,  1.99it/s]
qwen2.5-vl/pope/ricd/gqa/adversarial/seed1:  99%|█████████▊| 2956/3000 [28:06<00:23,  1.90it/s]
qwen2.5-vl/pope/ricd/gqa/adversarial/seed1:  99%|█████████▊| 2957/3000 [28:07<00:23,  1.85it/s]
qwen2.5-vl/pope/ricd/gqa/adversarial/seed1:  99%|█████████▊| 2958/3000 [28:07<00:23,  1.82it/s]
qwen2.5-vl/pope/ricd/gqa/adversarial/seed1:  99%|█████████▊| 2959/3000 [28:08<00:20,  2.00it/s]
qwen2.5-vl/pope/ricd/gqa/adversarial/seed1:  99%|█████████▊| 2960/3000 [28:08<00:18,  2.14it/s]
qwen2.5-vl/pope/ricd/gqa/adversarial/seed1:  99%|█████████▊| 2961/3000 [28:09<00:17,  2.25it/s]
qwen2.5-vl/pope/ricd/gqa/adversarial/seed1:  99%|█████████▊| 2962/3000 [28:09<00:16,  2.34it/s]
qwen2.5-vl/pope/ricd/gqa/adversarial/seed1:  99%|█████████▉| 2963/3000 [28:09<00:15,  2.38it/s]
qwen2.5-vl/pope/ricd/gqa/adversarial/seed1:  99%|█████████▉| 2964/3000 [28:10<00:15,  2.40it/s]
qwen2.5-vl/pope/ricd/gqa/adversarial/seed1:  99%|█████████▉| 2965/3000 [28:12<00:37,  1.06s/it]
qwen2.5-vl/pope/ricd/gqa/adversarial/seed1:  99%|█████████▉| 2966/3000 [28:15<00:50,  1.48s/it]
qwen2.5-vl/pope/ricd/gqa/adversarial/seed1:  99%|█████████▉| 2967/3000 [28:17<00:58,  1.77s/it]
qwen2.5-vl/pope/ricd/gqa/adversarial/seed1:  99%|█████████▉| 2968/3000 [28:20<01:03,  1.97s/it]
qwen2.5-vl/pope/ricd/gqa/adversarial/seed1:  99%|█████████▉| 2969/3000 [28:22<01:05,  2.10s/it]
qwen2.5-vl/pope/ricd/gqa/adversarial/seed1:  99%|█████████▉| 2970/3000 [28:24<01:05,  2.20s/it]
qwen2.5-vl/pope/ricd/gqa/adversarial/seed1:  99%|█████████▉| 2971/3000 [28:25<00:49,  1.71s/it]
qwen2.5-vl/pope/ricd/gqa/adversarial/seed1:  99%|█████████▉| 2972/3000 [28:26<00:38,  1.37s/it]
qwen2.5-vl/pope/ricd/gqa/adversarial/seed1:  99%|█████████▉| 2973/3000 [28:26<00:30,  1.13s/it]
qwen2.5-vl/pope/ricd/gqa/adversarial/seed1:  99%|█████████▉| 2974/3000 [28:27<00:24,  1.04it/s]
qwen2.5-vl/pope/ricd/gqa/adversarial/seed1:  99%|█████████▉| 2975/3000 [28:27<00:21,  1.19it/s]
qwen2.5-vl/pope/ricd/gqa/adversarial/seed1:  99%|█████████▉| 2976/3000 [28:28<00:18,  1.31it/s]
qwen2.5-vl/pope/ricd/gqa/adversarial/seed1:  99%|█████████▉| 2977/3000 [28:28<00:16,  1.42it/s]
qwen2.5-vl/pope/ricd/gqa/adversarial/seed1:  99%|█████████▉| 2978/3000 [28:29<00:14,  1.50it/s]
qwen2.5-vl/pope/ricd/gqa/adversarial/seed1:  99%|█████████▉| 2979/3000 [28:30<00:13,  1.57it/s]
qwen2.5-vl/pope/ricd/gqa/adversarial/seed1:  99%|█████████▉| 2980/3000 [28:30<00:12,  1.62it/s]
qwen2.5-vl/pope/ricd/gqa/adversarial/seed1:  99%|█████████▉| 2981/3000 [28:31<00:11,  1.66it/s]
qwen2.5-vl/pope/ricd/gqa/adversarial/seed1:  99%|█████████▉| 2982/3000 [28:31<00:10,  1.69it/s]
qwen2.5-vl/pope/ricd/gqa/adversarial/seed1:  99%|█████████▉| 2983/3000 [28:32<00:10,  1.69it/s]
qwen2.5-vl/pope/ricd/gqa/adversarial/seed1:  99%|█████████▉| 2984/3000 [28:32<00:09,  1.69it/s]
qwen2.5-vl/pope/ricd/gqa/adversarial/seed1: 100%|█████████▉| 2985/3000 [28:33<00:08,  1.68it/s]
qwen2.5-vl/pope/ricd/gqa/adversarial/seed1: 100%|█████████▉| 2986/3000 [28:34<00:08,  1.68it/s]
qwen2.5-vl/pope/ricd/gqa/adversarial/seed1: 100%|█████████▉| 2987/3000 [28:34<00:07,  1.70it/s]
qwen2.5-vl/pope/ricd/gqa/adversarial/seed1: 100%|█████████▉| 2988/3000 [28:35<00:07,  1.69it/s]
qwen2.5-vl/pope/ricd/gqa/adversarial/seed1: 100%|█████████▉| 2989/3000 [28:35<00:05,  1.87it/s]
qwen2.5-vl/pope/ricd/gqa/adversarial/seed1: 100%|█████████▉| 2990/3000 [28:36<00:05,  2.00it/s]
qwen2.5-vl/pope/ricd/gqa/adversarial/seed1: 100%|█████████▉| 2991/3000 [28:36<00:04,  2.13it/s]
qwen2.5-vl/pope/ricd/gqa/adversarial/seed1: 100%|█████████▉| 2992/3000 [28:36<00:03,  2.21it/s]
qwen2.5-vl/pope/ricd/gqa/adversarial/seed1: 100%|█████████▉| 2993/3000 [28:37<00:03,  2.28it/s]
qwen2.5-vl/pope/ricd/gqa/adversarial/seed1: 100%|█████████▉| 2994/3000 [28:37<00:02,  2.33it/s]
qwen2.5-vl/pope/ricd/gqa/adversarial/seed1: 100%|█████████▉| 2995/3000 [28:38<00:02,  2.09it/s]
qwen2.5-vl/pope/ricd/gqa/adversarial/seed1: 100%|█████████▉| 2996/3000 [28:38<00:02,  1.95it/s]
qwen2.5-vl/pope/ricd/gqa/adversarial/seed1: 100%|█████████▉| 2997/3000 [28:39<00:01,  1.89it/s]
qwen2.5-vl/pope/ricd/gqa/adversarial/seed1: 100%|█████████▉| 2998/3000 [28:40<00:01,  1.83it/s]
qwen2.5-vl/pope/ricd/gqa/adversarial/seed1: 100%|█████████▉| 2999/3000 [28:40<00:00,  1.75it/s]
qwen2.5-vl/pope/ricd/gqa/adversarial/seed1: 100%|██████████| 3000/3000 [28:41<00:00,  1.73it/s]
qwen2.5-vl/pope/ricd/gqa/adversarial/seed1: 100%|██████████| 3000/3000 [28:41<00:00,  1.74it/s]
{
  "protocol_version": "qwen2.5-vl-ricd-clean-random-lambda-l15-v1",
  "benchmark": "pope",
  "model": "qwen2.5-vl",
  "method": "ricd",
  "dataset": "gqa",
  "setting": "adversarial",
  "seed": 1,
  "generation": {
    "do_sample": false,
    "temperature": 1.0,
    "top_p": 1.0,
    "top_k": null,
    "max_new_tokens": 32,
    "use_cache": false
  },
  "ricd": {
    "lambda_l": 1.5,
    "lambda_s": 1.0,
    "tau_l": 1.0,
    "tau_v": 1.0,
    "top_k_proxy": 10,
    "apc_mode": "relative_max",
    "theta_apc": 0.3,
    "selection_status": "predeclared_clean_lambda_l_sweep_l15"
  },
  "metrics": {
    "agla_official_compatible": {
      "total": 3000,
      "correct": 2505,
      "tp": 1290,
      "fp": 285,
      "tn": 1215,
      "fn": 210,
      "unknown_predictions": 0,
      "ambiguous_contains_both": 0,
      "accuracy": 83.5,
      "precision": 81.9047619047619,
      "recall": 86.0,
      "f1": 83.90243902439023,
      "yes_ratio": 52.5
    },
    "strict_first_token": {
      "total": 3000,
      "correct": 2505,
      "tp": 1290,
      "fp": 285,
      "tn": 1215,
      "fn": 210,
      "unknown_predictions": 10,
      "ambiguous_contains_both": 0,
      "accuracy": 83.5,
      "precision": 81.9047619047619,
      "recall": 86.0,
      "f1": 83.90243902439023,
      "yes_ratio": 52.5
    }
  }
}
[2026-08-26 01:06:50] DONE Qwen RiCD fixed l15 gqa adversarial
[2026-08-26 01:06:50] ALL_DONE adversarial
