[2026-08-25 23:29:57] START Qwen RiCD fixed l15 coco popular
{
  "protocol_version": "qwen2.5-vl-ricd-clean-random-lambda-l15-v1",
  "model": "qwen2.5-vl",
  "benchmark": "pope",
  "method": "ricd",
  "dataset": "coco",
  "setting": "popular",
  "seed": 1,
  "samples": 3000,
  "image_root": "/root/autodl-tmp/CCR-master/data/coco/val2014",
  "completed": 0,
  "job_dir": "/root/autodl-tmp/CCR-master/outputs/qwen2_5_vl_ricd_clean_fixed_l15_popular_v1/qwen2.5-vl/pope/ricd/coco/popular/seed1",
  "config_path": "/root/autodl-tmp/CCR-master/configs/qwen_clean_random_lambda_l_sweep/l15.json",
  "generation": {
    "do_sample": false,
    "temperature": 1.0,
    "top_p": 1.0,
    "top_k": null,
    "max_new_tokens": 32,
    "use_cache": false
  }
}
/root/autodl-tmp/qwen25vl_env/lib/python3.10/site-packages/transformers/utils/hub.py:106: FutureWarning: Using `TRANSFORMERS_CACHE` is deprecated and will be removed in v5 of Transformers. Use `HF_HOME` instead.
  warnings.warn(
/root/miniconda3/lib/python3.10/site-packages/torchvision/datapoints/__init__.py:12: UserWarning: The torchvision.datapoints and torchvision.transforms.v2 namespaces are still Beta. While we do not expect major breaking changes, some APIs may still change according to user feedback. Please submit any feedback you may have in this issue: https://github.com/pytorch/vision/issues/6753, and you can also check out https://github.com/pytorch/vision/issues/7319 to learn more about the APIs that we suspect might involve future changes. You can silence this warning by calling torchvision.disable_beta_transforms_warning().
  warnings.warn(_BETA_TRANSFORMS_WARNING)
/root/miniconda3/lib/python3.10/site-packages/torchvision/transforms/v2/__init__.py:54: UserWarning: The torchvision.datapoints and torchvision.transforms.v2 namespaces are still Beta. While we do not expect major breaking changes, some APIs may still change according to user feedback. Please submit any feedback you may have in this issue: https://github.com/pytorch/vision/issues/6753, and you can also check out https://github.com/pytorch/vision/issues/7319 to learn more about the APIs that we suspect might involve future changes. You can silence this warning by calling torchvision.disable_beta_transforms_warning().
  warnings.warn(_BETA_TRANSFORMS_WARNING)
[Qwen2.5-VL] Loading Qwen/Qwen2.5-VL-7B-Instruct...
  Using Qwen2_5_VLForConditionalGeneration
Using a slow image processor as `use_fast` is unset and a slow processor was saved with this model. `use_fast=True` will be the default behavior in v4.48, even if the model was saved with a slow processor. This will result in minor differences in outputs. You'll still be able to use a slow processor with `use_fast=False`.

Loading checkpoint shards:   0%|          | 0/5 [00:00<?, ?it/s]
Loading checkpoint shards:  20%|██        | 1/5 [00:04<00:16,  4.03s/it]
Loading checkpoint shards:  40%|████      | 2/5 [00:07<00:10,  3.61s/it]
Loading checkpoint shards:  60%|██████    | 3/5 [00:10<00:06,  3.47s/it]
Loading checkpoint shards:  80%|████████  | 4/5 [00:13<00:03,  3.40s/it]
Loading checkpoint shards: 100%|██████████| 5/5 [00:15<00:00,  2.56s/it]
Loading checkpoint shards: 100%|██████████| 5/5 [00:15<00:00,  3.00s/it]
[Qwen2.5-VL] Loaded. vocab=152064

qwen2.5-vl/pope/ricd/coco/popular/seed1:   0%|          | 0/3000 [00:00<?, ?it/s]
qwen2.5-vl/pope/ricd/coco/popular/seed1:   0%|          | 1/3000 [00:01<1:12:56,  1.46s/it]
qwen2.5-vl/pope/ricd/coco/popular/seed1:   0%|          | 2/3000 [00:02<48:16,  1.04it/s]  
qwen2.5-vl/pope/ricd/coco/popular/seed1:   0%|          | 3/3000 [00:02<40:22,  1.24it/s]
qwen2.5-vl/pope/ricd/coco/popular/seed1:   0%|          | 4/3000 [00:03<36:40,  1.36it/s]
qwen2.5-vl/pope/ricd/coco/popular/seed1:   0%|          | 5/3000 [00:03<34:25,  1.45it/s]
qwen2.5-vl/pope/ricd/coco/popular/seed1:   0%|          | 6/3000 [00:04<33:05,  1.51it/s]
qwen2.5-vl/pope/ricd/coco/popular/seed1:   0%|          | 7/3000 [00:05<31:43,  1.57it/s]
qwen2.5-vl/pope/ricd/coco/popular/seed1:   0%|          | 8/3000 [00:05<30:47,  1.62it/s]
qwen2.5-vl/pope/ricd/coco/popular/seed1:   0%|          | 9/3000 [00:06<30:13,  1.65it/s]
qwen2.5-vl/pope/ricd/coco/popular/seed1:   0%|          | 10/3000 [00:06<29:50,  1.67it/s]
qwen2.5-vl/pope/ricd/coco/popular/seed1:   0%|          | 11/3000 [00:07<29:34,  1.68it/s]
qwen2.5-vl/pope/ricd/coco/popular/seed1:   0%|          | 12/3000 [00:08<29:27,  1.69it/s]
qwen2.5-vl/pope/ricd/coco/popular/seed1:   0%|          | 13/3000 [00:08<30:02,  1.66it/s]
qwen2.5-vl/pope/ricd/coco/popular/seed1:   0%|          | 14/3000 [00:09<30:17,  1.64it/s]
qwen2.5-vl/pope/ricd/coco/popular/seed1:   0%|          | 15/3000 [00:09<30:24,  1.64it/s]
qwen2.5-vl/pope/ricd/coco/popular/seed1:   1%|          | 16/3000 [00:10<30:33,  1.63it/s]
qwen2.5-vl/pope/ricd/coco/popular/seed1:   1%|          | 17/3000 [00:11<30:33,  1.63it/s]
qwen2.5-vl/pope/ricd/coco/popular/seed1:   1%|          | 18/3000 [00:11<30:34,  1.63it/s]
qwen2.5-vl/pope/ricd/coco/popular/seed1:   1%|          | 19/3000 [00:12<32:11,  1.54it/s]
qwen2.5-vl/pope/ricd/coco/popular/seed1:   1%|          | 20/3000 [00:13<33:20,  1.49it/s]
qwen2.5-vl/pope/ricd/coco/popular/seed1:   1%|          | 21/3000 [00:13<34:06,  1.46it/s]
qwen2.5-vl/pope/ricd/coco/popular/seed1:   1%|          | 22/3000 [00:14<34:38,  1.43it/s]
qwen2.5-vl/pope/ricd/coco/popular/seed1:   1%|          | 23/3000 [00:15<34:55,  1.42it/s]
qwen2.5-vl/pope/ricd/coco/popular/seed1:   1%|          | 24/3000 [00:16<35:08,  1.41it/s]
qwen2.5-vl/pope/ricd/coco/popular/seed1:   1%|          | 25/3000 [00:16<30:21,  1.63it/s]
qwen2.5-vl/pope/ricd/coco/popular/seed1:   1%|          | 26/3000 [00:16<26:58,  1.84it/s]
qwen2.5-vl/pope/ricd/coco/popular/seed1:   1%|          | 27/3000 [00:17<24:40,  2.01it/s]
qwen2.5-vl/pope/ricd/coco/popular/seed1:   1%|          | 28/3000 [00:17<23:00,  2.15it/s]
qwen2.5-vl/pope/ricd/coco/popular/seed1:   1%|          | 29/3000 [00:18<21:53,  2.26it/s]
qwen2.5-vl/pope/ricd/coco/popular/seed1:   1%|          | 30/3000 [00:18<21:05,  2.35it/s]
qwen2.5-vl/pope/ricd/coco/popular/seed1:   1%|          | 31/3000 [00:19<24:27,  2.02it/s]
qwen2.5-vl/pope/ricd/coco/popular/seed1:   1%|          | 32/3000 [00:19<26:47,  1.85it/s]
qwen2.5-vl/pope/ricd/coco/popular/seed1:   1%|          | 33/3000 [00:20<28:15,  1.75it/s]
qwen2.5-vl/pope/ricd/coco/popular/seed1:   1%|          | 34/3000 [00:21<29:42,  1.66it/s]
qwen2.5-vl/pope/ricd/coco/popular/seed1:   1%|          | 35/3000 [00:21<30:21,  1.63it/s]
qwen2.5-vl/pope/ricd/coco/popular/seed1:   1%|          | 36/3000 [00:22<30:44,  1.61it/s]
qwen2.5-vl/pope/ricd/coco/popular/seed1:   1%|          | 37/3000 [00:23<32:42,  1.51it/s]
qwen2.5-vl/pope/ricd/coco/popular/seed1:   1%|▏         | 38/3000 [00:23<34:24,  1.43it/s]
qwen2.5-vl/pope/ricd/coco/popular/seed1:   1%|▏         | 39/3000 [00:24<35:24,  1.39it/s]
qwen2.5-vl/pope/ricd/coco/popular/seed1:   1%|▏         | 40/3000 [00:25<35:50,  1.38it/s]
qwen2.5-vl/pope/ricd/coco/popular/seed1:   1%|▏         | 41/3000 [00:26<35:56,  1.37it/s]
qwen2.5-vl/pope/ricd/coco/popular/seed1:   1%|▏         | 42/3000 [00:26<35:58,  1.37it/s]
qwen2.5-vl/pope/ricd/coco/popular/seed1:   1%|▏         | 43/3000 [00:27<36:01,  1.37it/s]
qwen2.5-vl/pope/ricd/coco/popular/seed1:   1%|▏         | 44/3000 [00:28<36:05,  1.37it/s]
qwen2.5-vl/pope/ricd/coco/popular/seed1:   2%|▏         | 45/3000 [00:29<36:16,  1.36it/s]
qwen2.5-vl/pope/ricd/coco/popular/seed1:   2%|▏         | 46/3000 [00:29<36:21,  1.35it/s]
qwen2.5-vl/pope/ricd/coco/popular/seed1:   2%|▏         | 47/3000 [00:30<36:21,  1.35it/s]
qwen2.5-vl/pope/ricd/coco/popular/seed1:   2%|▏         | 48/3000 [00:31<36:22,  1.35it/s]
qwen2.5-vl/pope/ricd/coco/popular/seed1:   2%|▏         | 49/3000 [00:31<34:33,  1.42it/s]
qwen2.5-vl/pope/ricd/coco/popular/seed1:   2%|▏         | 50/3000 [00:32<33:11,  1.48it/s]
qwen2.5-vl/pope/ricd/coco/popular/seed1:   2%|▏         | 51/3000 [00:33<32:15,  1.52it/s]
qwen2.5-vl/pope/ricd/coco/popular/seed1:   2%|▏         | 52/3000 [00:33<31:36,  1.55it/s]
qwen2.5-vl/pope/ricd/coco/popular/seed1:   2%|▏         | 53/3000 [00:34<31:20,  1.57it/s]
qwen2.5-vl/pope/ricd/coco/popular/seed1:   2%|▏         | 54/3000 [00:34<31:06,  1.58it/s]
qwen2.5-vl/pope/ricd/coco/popular/seed1:   2%|▏         | 55/3000 [00:35<32:41,  1.50it/s]
qwen2.5-vl/pope/ricd/coco/popular/seed1:   2%|▏         | 56/3000 [00:36<33:48,  1.45it/s]
qwen2.5-vl/pope/ricd/coco/popular/seed1:   2%|▏         | 57/3000 [00:37<34:32,  1.42it/s]
qwen2.5-vl/pope/ricd/coco/popular/seed1:   2%|▏         | 58/3000 [00:37<35:07,  1.40it/s]
qwen2.5-vl/pope/ricd/coco/popular/seed1:   2%|▏         | 59/3000 [00:38<35:30,  1.38it/s]
qwen2.5-vl/pope/ricd/coco/popular/seed1:   2%|▏         | 60/3000 [00:39<35:46,  1.37it/s]
qwen2.5-vl/pope/ricd/coco/popular/seed1:   2%|▏         | 61/3000 [00:40<34:07,  1.44it/s]
qwen2.5-vl/pope/ricd/coco/popular/seed1:   2%|▏         | 62/3000 [00:40<32:58,  1.49it/s]
qwen2.5-vl/pope/ricd/coco/popular/seed1:   2%|▏         | 63/3000 [00:41<32:10,  1.52it/s]
qwen2.5-vl/pope/ricd/coco/popular/seed1:   2%|▏         | 64/3000 [00:41<31:30,  1.55it/s]
qwen2.5-vl/pope/ricd/coco/popular/seed1:   2%|▏         | 65/3000 [00:42<31:05,  1.57it/s]
qwen2.5-vl/pope/ricd/coco/popular/seed1:   2%|▏         | 66/3000 [00:43<30:43,  1.59it/s]
qwen2.5-vl/pope/ricd/coco/popular/seed1:   2%|▏         | 67/3000 [00:43<30:26,  1.61it/s]
qwen2.5-vl/pope/ricd/coco/popular/seed1:   2%|▏         | 68/3000 [00:44<30:14,  1.62it/s]
qwen2.5-vl/pope/ricd/coco/popular/seed1:   2%|▏         | 69/3000 [00:44<30:08,  1.62it/s]
qwen2.5-vl/pope/ricd/coco/popular/seed1:   2%|▏         | 70/3000 [00:45<30:05,  1.62it/s]
qwen2.5-vl/pope/ricd/coco/popular/seed1:   2%|▏         | 71/3000 [00:46<30:01,  1.63it/s]
qwen2.5-vl/pope/ricd/coco/popular/seed1:   2%|▏         | 72/3000 [00:46<29:58,  1.63it/s]
qwen2.5-vl/pope/ricd/coco/popular/seed1:   2%|▏         | 73/3000 [00:47<31:45,  1.54it/s]
qwen2.5-vl/pope/ricd/coco/popular/seed1:   2%|▏         | 74/3000 [00:48<32:57,  1.48it/s]
qwen2.5-vl/pope/ricd/coco/popular/seed1:   2%|▎         | 75/3000 [00:49<33:52,  1.44it/s]
qwen2.5-vl/pope/ricd/coco/popular/seed1:   3%|▎         | 76/3000 [00:49<34:31,  1.41it/s]
qwen2.5-vl/pope/ricd/coco/popular/seed1:   3%|▎         | 77/3000 [00:50<34:53,  1.40it/s]
qwen2.5-vl/pope/ricd/coco/popular/seed1:   3%|▎         | 78/3000 [00:51<35:12,  1.38it/s]
qwen2.5-vl/pope/ricd/coco/popular/seed1:   3%|▎         | 79/3000 [00:51<30:17,  1.61it/s]
qwen2.5-vl/pope/ricd/coco/popular/seed1:   3%|▎         | 80/3000 [00:51<26:52,  1.81it/s]
qwen2.5-vl/pope/ricd/coco/popular/seed1:   3%|▎         | 81/3000 [00:52<24:23,  1.99it/s]
qwen2.5-vl/pope/ricd/coco/popular/seed1:   3%|▎         | 82/3000 [00:52<22:39,  2.15it/s]
qwen2.5-vl/pope/ricd/coco/popular/seed1:   3%|▎         | 83/3000 [00:53<21:26,  2.27it/s]
qwen2.5-vl/pope/ricd/coco/popular/seed1:   3%|▎         | 84/3000 [00:53<20:42,  2.35it/s]
qwen2.5-vl/pope/ricd/coco/popular/seed1:   3%|▎         | 85/3000 [00:53<20:09,  2.41it/s]
qwen2.5-vl/pope/ricd/coco/popular/seed1:   3%|▎         | 86/3000 [00:54<19:44,  2.46it/s]
qwen2.5-vl/pope/ricd/coco/popular/seed1:   3%|▎         | 87/3000 [00:54<19:27,  2.50it/s]
qwen2.5-vl/pope/ricd/coco/popular/seed1:   3%|▎         | 88/3000 [00:55<19:15,  2.52it/s]
qwen2.5-vl/pope/ricd/coco/popular/seed1:   3%|▎         | 89/3000 [00:55<19:08,  2.53it/s]
qwen2.5-vl/pope/ricd/coco/popular/seed1:   3%|▎         | 90/3000 [00:55<19:06,  2.54it/s]
qwen2.5-vl/pope/ricd/coco/popular/seed1:   3%|▎         | 91/3000 [00:56<24:08,  2.01it/s]
qwen2.5-vl/pope/ricd/coco/popular/seed1:   3%|▎         | 92/3000 [00:57<27:35,  1.76it/s]
qwen2.5-vl/pope/ricd/coco/popular/seed1:   3%|▎         | 93/3000 [00:58<30:05,  1.61it/s]
qwen2.5-vl/pope/ricd/coco/popular/seed1:   3%|▎         | 94/3000 [00:58<31:46,  1.52it/s]
qwen2.5-vl/pope/ricd/coco/popular/seed1:   3%|▎         | 95/3000 [00:59<32:59,  1.47it/s]
qwen2.5-vl/pope/ricd/coco/popular/seed1:   3%|▎         | 96/3000 [01:00<33:48,  1.43it/s]
qwen2.5-vl/pope/ricd/coco/popular/seed1:   3%|▎         | 97/3000 [01:00<32:52,  1.47it/s]
qwen2.5-vl/pope/ricd/coco/popular/seed1:   3%|▎         | 98/3000 [01:01<32:20,  1.50it/s]
qwen2.5-vl/pope/ricd/coco/popular/seed1:   3%|▎         | 99/3000 [01:02<31:52,  1.52it/s]
qwen2.5-vl/pope/ricd/coco/popular/seed1:   3%|▎         | 100/3000 [01:02<31:18,  1.54it/s]
qwen2.5-vl/pope/ricd/coco/popular/seed1:   3%|▎         | 101/3000 [01:03<30:45,  1.57it/s]
qwen2.5-vl/pope/ricd/coco/popular/seed1:   3%|▎         | 102/3000 [01:04<30:30,  1.58it/s]
qwen2.5-vl/pope/ricd/coco/popular/seed1:   3%|▎         | 103/3000 [01:04<30:20,  1.59it/s]
qwen2.5-vl/pope/ricd/coco/popular/seed1:   3%|▎         | 104/3000 [01:05<30:12,  1.60it/s]
qwen2.5-vl/pope/ricd/coco/popular/seed1:   4%|▎         | 105/3000 [01:05<30:04,  1.60it/s]
qwen2.5-vl/pope/ricd/coco/popular/seed1:   4%|▎         | 106/3000 [01:06<29:59,  1.61it/s]
qwen2.5-vl/pope/ricd/coco/popular/seed1:   4%|▎         | 107/3000 [01:07<29:56,  1.61it/s]
qwen2.5-vl/pope/ricd/coco/popular/seed1:   4%|▎         | 108/3000 [01:07<29:52,  1.61it/s]
qwen2.5-vl/pope/ricd/coco/popular/seed1:   4%|▎         | 109/3000 [01:08<29:51,  1.61it/s]
qwen2.5-vl/pope/ricd/coco/popular/seed1:   4%|▎         | 110/3000 [01:09<29:51,  1.61it/s]
qwen2.5-vl/pope/ricd/coco/popular/seed1:   4%|▎         | 111/3000 [01:09<29:44,  1.62it/s]
qwen2.5-vl/pope/ricd/coco/popular/seed1:   4%|▎         | 112/3000 [01:10<29:36,  1.63it/s]
qwen2.5-vl/pope/ricd/coco/popular/seed1:   4%|▍         | 113/3000 [01:10<29:31,  1.63it/s]
qwen2.5-vl/pope/ricd/coco/popular/seed1:   4%|▍         | 114/3000 [01:11<29:28,  1.63it/s]
qwen2.5-vl/pope/ricd/coco/popular/seed1:   4%|▍         | 115/3000 [01:11<25:58,  1.85it/s]
qwen2.5-vl/pope/ricd/coco/popular/seed1:   4%|▍         | 116/3000 [01:12<23:30,  2.05it/s]
qwen2.5-vl/pope/ricd/coco/popular/seed1:   4%|▍         | 117/3000 [01:12<21:46,  2.21it/s]
qwen2.5-vl/pope/ricd/coco/popular/seed1:   4%|▍         | 118/3000 [01:12<20:34,  2.33it/s]
qwen2.5-vl/pope/ricd/coco/popular/seed1:   4%|▍         | 119/3000 [01:13<19:42,  2.44it/s]
qwen2.5-vl/pope/ricd/coco/popular/seed1:   4%|▍         | 120/3000 [01:13<19:12,  2.50it/s]
qwen2.5-vl/pope/ricd/coco/popular/seed1:   4%|▍         | 121/3000 [01:14<23:53,  2.01it/s]
qwen2.5-vl/pope/ricd/coco/popular/seed1:   4%|▍         | 122/3000 [01:15<27:10,  1.76it/s]
qwen2.5-vl/pope/ricd/coco/popular/seed1:   4%|▍         | 123/3000 [01:15<29:32,  1.62it/s]
qwen2.5-vl/pope/ricd/coco/popular/seed1:   4%|▍         | 124/3000 [01:16<31:07,  1.54it/s]
qwen2.5-vl/pope/ricd/coco/popular/seed1:   4%|▍         | 125/3000 [01:17<32:14,  1.49it/s]
qwen2.5-vl/pope/ricd/coco/popular/seed1:   4%|▍         | 126/3000 [01:18<33:03,  1.45it/s]
qwen2.5-vl/pope/ricd/coco/popular/seed1:   4%|▍         | 127/3000 [01:19<36:53,  1.30it/s]
qwen2.5-vl/pope/ricd/coco/popular/seed1:   4%|▍         | 128/3000 [01:19<39:33,  1.21it/s]
qwen2.5-vl/pope/ricd/coco/popular/seed1:   4%|▍         | 129/3000 [01:20<41:30,  1.15it/s]
qwen2.5-vl/pope/ricd/coco/popular/seed1:   4%|▍         | 130/3000 [01:21<43:01,  1.11it/s]
qwen2.5-vl/pope/ricd/coco/popular/seed1:   4%|▍         | 131/3000 [01:22<44:28,  1.07it/s]
qwen2.5-vl/pope/ricd/coco/popular/seed1:   4%|▍         | 132/3000 [01:23<44:48,  1.07it/s]
qwen2.5-vl/pope/ricd/coco/popular/seed1:   4%|▍         | 133/3000 [01:24<41:49,  1.14it/s]
qwen2.5-vl/pope/ricd/coco/popular/seed1:   4%|▍         | 134/3000 [01:25<39:41,  1.20it/s]
qwen2.5-vl/pope/ricd/coco/popular/seed1:   4%|▍         | 135/3000 [01:26<38:11,  1.25it/s]
qwen2.5-vl/pope/ricd/coco/popular/seed1:   5%|▍         | 136/3000 [01:26<37:09,  1.28it/s]
qwen2.5-vl/pope/ricd/coco/popular/seed1:   5%|▍         | 137/3000 [01:27<36:24,  1.31it/s]
qwen2.5-vl/pope/ricd/coco/popular/seed1:   5%|▍         | 138/3000 [01:28<35:53,  1.33it/s]
qwen2.5-vl/pope/ricd/coco/popular/seed1:   5%|▍         | 139/3000 [01:28<33:11,  1.44it/s]
qwen2.5-vl/pope/ricd/coco/popular/seed1:   5%|▍         | 140/3000 [01:29<31:17,  1.52it/s]
qwen2.5-vl/pope/ricd/coco/popular/seed1:   5%|▍         | 141/3000 [01:29<29:57,  1.59it/s]
qwen2.5-vl/pope/ricd/coco/popular/seed1:   5%|▍         | 142/3000 [01:30<29:00,  1.64it/s]
qwen2.5-vl/pope/ricd/coco/popular/seed1:   5%|▍         | 143/3000 [01:31<28:23,  1.68it/s]
qwen2.5-vl/pope/ricd/coco/popular/seed1:   5%|▍         | 144/3000 [01:31<27:54,  1.71it/s]
qwen2.5-vl/pope/ricd/coco/popular/seed1:   5%|▍         | 145/3000 [01:32<29:33,  1.61it/s]
qwen2.5-vl/pope/ricd/coco/popular/seed1:   5%|▍         | 146/3000 [01:33<30:34,  1.56it/s]
qwen2.5-vl/pope/ricd/coco/popular/seed1:   5%|▍         | 147/3000 [01:33<31:21,  1.52it/s]
qwen2.5-vl/pope/ricd/coco/popular/seed1:   5%|▍         | 148/3000 [01:34<31:50,  1.49it/s]
qwen2.5-vl/pope/ricd/coco/popular/seed1:   5%|▍         | 149/3000 [01:35<32:12,  1.48it/s]
qwen2.5-vl/pope/ricd/coco/popular/seed1:   5%|▌         | 150/3000 [01:35<32:33,  1.46it/s]
qwen2.5-vl/pope/ricd/coco/popular/seed1:   5%|▌         | 151/3000 [01:36<30:53,  1.54it/s]
qwen2.5-vl/pope/ricd/coco/popular/seed1:   5%|▌         | 152/3000 [01:36<29:44,  1.60it/s]
qwen2.5-vl/pope/ricd/coco/popular/seed1:   5%|▌         | 153/3000 [01:37<29:03,  1.63it/s]
qwen2.5-vl/pope/ricd/coco/popular/seed1:   5%|▌         | 154/3000 [01:38<28:25,  1.67it/s]
qwen2.5-vl/pope/ricd/coco/popular/seed1:   5%|▌         | 155/3000 [01:38<28:01,  1.69it/s]
qwen2.5-vl/pope/ricd/coco/popular/seed1:   5%|▌         | 156/3000 [01:39<27:41,  1.71it/s]
qwen2.5-vl/pope/ricd/coco/popular/seed1:   5%|▌         | 157/3000 [01:39<28:09,  1.68it/s]
qwen2.5-vl/pope/ricd/coco/popular/seed1:   5%|▌         | 158/3000 [01:40<28:27,  1.66it/s]
qwen2.5-vl/pope/ricd/coco/popular/seed1:   5%|▌         | 159/3000 [01:41<28:36,  1.66it/s]
qwen2.5-vl/pope/ricd/coco/popular/seed1:   5%|▌         | 160/3000 [01:41<28:46,  1.65it/s]
qwen2.5-vl/pope/ricd/coco/popular/seed1:   5%|▌         | 161/3000 [01:42<28:55,  1.64it/s]
qwen2.5-vl/pope/ricd/coco/popular/seed1:   5%|▌         | 162/3000 [01:42<28:58,  1.63it/s]
qwen2.5-vl/pope/ricd/coco/popular/seed1:   5%|▌         | 163/3000 [01:43<30:37,  1.54it/s]
qwen2.5-vl/pope/ricd/coco/popular/seed1:   5%|▌         | 164/3000 [01:44<31:48,  1.49it/s]
qwen2.5-vl/pope/ricd/coco/popular/seed1:   6%|▌         | 165/3000 [01:45<32:44,  1.44it/s]
qwen2.5-vl/pope/ricd/coco/popular/seed1:   6%|▌         | 166/3000 [01:45<33:27,  1.41it/s]
qwen2.5-vl/pope/ricd/coco/popular/seed1:   6%|▌         | 167/3000 [01:46<33:52,  1.39it/s]
qwen2.5-vl/pope/ricd/coco/popular/seed1:   6%|▌         | 168/3000 [01:47<34:03,  1.39it/s]
qwen2.5-vl/pope/ricd/coco/popular/seed1:   6%|▌         | 169/3000 [01:47<31:54,  1.48it/s]
qwen2.5-vl/pope/ricd/coco/popular/seed1:   6%|▌         | 170/3000 [01:48<30:22,  1.55it/s]
qwen2.5-vl/pope/ricd/coco/popular/seed1:   6%|▌         | 171/3000 [01:49<29:17,  1.61it/s]
qwen2.5-vl/pope/ricd/coco/popular/seed1:   6%|▌         | 172/3000 [01:49<28:31,  1.65it/s]
qwen2.5-vl/pope/ricd/coco/popular/seed1:   6%|▌         | 173/3000 [01:50<27:56,  1.69it/s]
qwen2.5-vl/pope/ricd/coco/popular/seed1:   6%|▌         | 174/3000 [01:50<27:38,  1.70it/s]
qwen2.5-vl/pope/ricd/coco/popular/seed1:   6%|▌         | 175/3000 [01:51<29:41,  1.59it/s]
qwen2.5-vl/pope/ricd/coco/popular/seed1:   6%|▌         | 176/3000 [01:52<31:04,  1.51it/s]
qwen2.5-vl/pope/ricd/coco/popular/seed1:   6%|▌         | 177/3000 [01:52<32:13,  1.46it/s]
qwen2.5-vl/pope/ricd/coco/popular/seed1:   6%|▌         | 178/3000 [01:53<32:50,  1.43it/s]
qwen2.5-vl/pope/ricd/coco/popular/seed1:   6%|▌         | 179/3000 [01:54<33:19,  1.41it/s]
qwen2.5-vl/pope/ricd/coco/popular/seed1:   6%|▌         | 180/3000 [01:55<33:41,  1.40it/s]
qwen2.5-vl/pope/ricd/coco/popular/seed1:   6%|▌         | 181/3000 [01:55<33:51,  1.39it/s]
qwen2.5-vl/pope/ricd/coco/popular/seed1:   6%|▌         | 182/3000 [01:56<34:02,  1.38it/s]
qwen2.5-vl/pope/ricd/coco/popular/seed1:   6%|▌         | 183/3000 [01:57<34:09,  1.37it/s]
qwen2.5-vl/pope/ricd/coco/popular/seed1:   6%|▌         | 184/3000 [01:58<34:14,  1.37it/s]
qwen2.5-vl/pope/ricd/coco/popular/seed1:   6%|▌         | 185/3000 [01:58<34:23,  1.36it/s]
qwen2.5-vl/pope/ricd/coco/popular/seed1:   6%|▌         | 186/3000 [01:59<34:33,  1.36it/s]
qwen2.5-vl/pope/ricd/coco/popular/seed1:   6%|▌         | 187/3000 [01:59<29:42,  1.58it/s]
qwen2.5-vl/pope/ricd/coco/popular/seed1:   6%|▋         | 188/3000 [02:00<26:13,  1.79it/s]
qwen2.5-vl/pope/ricd/coco/popular/seed1:   6%|▋         | 189/3000 [02:00<23:52,  1.96it/s]
qwen2.5-vl/pope/ricd/coco/popular/seed1:   6%|▋         | 190/3000 [02:01<22:12,  2.11it/s]
qwen2.5-vl/pope/ricd/coco/popular/seed1:   6%|▋         | 191/3000 [02:01<21:04,  2.22it/s]
qwen2.5-vl/pope/ricd/coco/popular/seed1:   6%|▋         | 192/3000 [02:01<20:17,  2.31it/s]
qwen2.5-vl/pope/ricd/coco/popular/seed1:   6%|▋         | 193/3000 [02:02<19:44,  2.37it/s]
qwen2.5-vl/pope/ricd/coco/popular/seed1:   6%|▋         | 194/3000 [02:02<19:16,  2.43it/s]
qwen2.5-vl/pope/ricd/coco/popular/seed1:   6%|▋         | 195/3000 [02:03<18:57,  2.47it/s]
qwen2.5-vl/pope/ricd/coco/popular/seed1:   7%|▋         | 196/3000 [02:03<18:43,  2.50it/s]
qwen2.5-vl/pope/ricd/coco/popular/seed1:   7%|▋         | 197/3000 [02:03<18:35,  2.51it/s]
qwen2.5-vl/pope/ricd/coco/popular/seed1:   7%|▋         | 198/3000 [02:04<18:25,  2.53it/s]
qwen2.5-vl/pope/ricd/coco/popular/seed1:   7%|▋         | 199/3000 [02:04<21:36,  2.16it/s]
qwen2.5-vl/pope/ricd/coco/popular/seed1:   7%|▋         | 200/3000 [02:05<23:49,  1.96it/s]
qwen2.5-vl/pope/ricd/coco/popular/seed1:   7%|▋         | 201/3000 [02:06<25:24,  1.84it/s]
qwen2.5-vl/pope/ricd/coco/popular/seed1:   7%|▋         | 202/3000 [02:06<26:27,  1.76it/s]
qwen2.5-vl/pope/ricd/coco/popular/seed1:   7%|▋         | 203/3000 [02:07<27:14,  1.71it/s]
qwen2.5-vl/pope/ricd/coco/popular/seed1:   7%|▋         | 204/3000 [02:08<27:43,  1.68it/s]
qwen2.5-vl/pope/ricd/coco/popular/seed1:   7%|▋         | 205/3000 [02:08<24:29,  1.90it/s]
qwen2.5-vl/pope/ricd/coco/popular/seed1:   7%|▋         | 206/3000 [02:08<22:10,  2.10it/s]
qwen2.5-vl/pope/ricd/coco/popular/seed1:   7%|▋         | 207/3000 [02:09<20:29,  2.27it/s]
qwen2.5-vl/pope/ricd/coco/popular/seed1:   7%|▋         | 208/3000 [02:09<19:14,  2.42it/s]
qwen2.5-vl/pope/ricd/coco/popular/seed1:   7%|▋         | 209/3000 [02:09<18:27,  2.52it/s]
qwen2.5-vl/pope/ricd/coco/popular/seed1:   7%|▋         | 210/3000 [02:10<17:50,  2.61it/s]
qwen2.5-vl/pope/ricd/coco/popular/seed1:   7%|▋         | 211/3000 [02:10<17:41,  2.63it/s]
qwen2.5-vl/pope/ricd/coco/popular/seed1:   7%|▋         | 212/3000 [02:10<17:34,  2.64it/s]
qwen2.5-vl/pope/ricd/coco/popular/seed1:   7%|▋         | 213/3000 [02:11<17:31,  2.65it/s]
qwen2.5-vl/pope/ricd/coco/popular/seed1:   7%|▋         | 214/3000 [02:11<17:28,  2.66it/s]
qwen2.5-vl/pope/ricd/coco/popular/seed1:   7%|▋         | 215/3000 [02:12<17:27,  2.66it/s]
qwen2.5-vl/pope/ricd/coco/popular/seed1:   7%|▋         | 216/3000 [02:12<17:22,  2.67it/s]
qwen2.5-vl/pope/ricd/coco/popular/seed1:   7%|▋         | 217/3000 [02:13<20:44,  2.24it/s]
qwen2.5-vl/pope/ricd/coco/popular/seed1:   7%|▋         | 218/3000 [02:13<23:04,  2.01it/s]
qwen2.5-vl/pope/ricd/coco/popular/seed1:   7%|▋         | 219/3000 [02:14<24:40,  1.88it/s]
qwen2.5-vl/pope/ricd/coco/popular/seed1:   7%|▋         | 220/3000 [02:14<26:02,  1.78it/s]
qwen2.5-vl/pope/ricd/coco/popular/seed1:   7%|▋         | 221/3000 [02:15<26:45,  1.73it/s]
qwen2.5-vl/pope/ricd/coco/popular/seed1:   7%|▋         | 222/3000 [02:16<27:14,  1.70it/s]
qwen2.5-vl/pope/ricd/coco/popular/seed1:   7%|▋         | 223/3000 [02:16<29:18,  1.58it/s]
qwen2.5-vl/pope/ricd/coco/popular/seed1:   7%|▋         | 224/3000 [02:17<30:40,  1.51it/s]
qwen2.5-vl/pope/ricd/coco/popular/seed1:   8%|▊         | 225/3000 [02:18<31:43,  1.46it/s]
qwen2.5-vl/pope/ricd/coco/popular/seed1:   8%|▊         | 226/3000 [02:19<32:22,  1.43it/s]
qwen2.5-vl/pope/ricd/coco/popular/seed1:   8%|▊         | 227/3000 [02:19<32:48,  1.41it/s]
qwen2.5-vl/pope/ricd/coco/popular/seed1:   8%|▊         | 228/3000 [02:20<33:04,  1.40it/s]
qwen2.5-vl/pope/ricd/coco/popular/seed1:   8%|▊         | 229/3000 [02:21<33:14,  1.39it/s]
qwen2.5-vl/pope/ricd/coco/popular/seed1:   8%|▊         | 230/3000 [02:21<33:21,  1.38it/s]
qwen2.5-vl/pope/ricd/coco/popular/seed1:   8%|▊         | 231/3000 [02:22<33:25,  1.38it/s]
qwen2.5-vl/pope/ricd/coco/popular/seed1:   8%|▊         | 232/3000 [02:23<33:29,  1.38it/s]
qwen2.5-vl/pope/ricd/coco/popular/seed1:   8%|▊         | 233/3000 [02:24<33:31,  1.38it/s]
qwen2.5-vl/pope/ricd/coco/popular/seed1:   8%|▊         | 234/3000 [02:24<33:31,  1.37it/s]
qwen2.5-vl/pope/ricd/coco/popular/seed1:   8%|▊         | 235/3000 [02:25<31:29,  1.46it/s]
qwen2.5-vl/pope/ricd/coco/popular/seed1:   8%|▊         | 236/3000 [02:26<30:02,  1.53it/s]
qwen2.5-vl/pope/ricd/coco/popular/seed1:   8%|▊         | 237/3000 [02:26<29:02,  1.59it/s]
qwen2.5-vl/pope/ricd/coco/popular/seed1:   8%|▊         | 238/3000 [02:27<28:19,  1.63it/s]
qwen2.5-vl/pope/ricd/coco/popular/seed1:   8%|▊         | 239/3000 [02:27<27:49,  1.65it/s]
qwen2.5-vl/pope/ricd/coco/popular/seed1:   8%|▊         | 240/3000 [02:28<27:28,  1.67it/s]
qwen2.5-vl/pope/ricd/coco/popular/seed1:   8%|▊         | 241/3000 [02:29<29:15,  1.57it/s]
qwen2.5-vl/pope/ricd/coco/popular/seed1:   8%|▊         | 242/3000 [02:29<30:32,  1.51it/s]
qwen2.5-vl/pope/ricd/coco/popular/seed1:   8%|▊         | 243/3000 [02:30<31:23,  1.46it/s]
qwen2.5-vl/pope/ricd/coco/popular/seed1:   8%|▊         | 244/3000 [02:31<31:59,  1.44it/s]
qwen2.5-vl/pope/ricd/coco/popular/seed1:   8%|▊         | 245/3000 [02:32<32:24,  1.42it/s]
qwen2.5-vl/pope/ricd/coco/popular/seed1:   8%|▊         | 246/3000 [02:32<32:41,  1.40it/s]
qwen2.5-vl/pope/ricd/coco/popular/seed1:   8%|▊         | 247/3000 [02:33<32:57,  1.39it/s]
qwen2.5-vl/pope/ricd/coco/popular/seed1:   8%|▊         | 248/3000 [02:34<33:11,  1.38it/s]
qwen2.5-vl/pope/ricd/coco/popular/seed1:   8%|▊         | 249/3000 [02:34<33:15,  1.38it/s]
qwen2.5-vl/pope/ricd/coco/popular/seed1:   8%|▊         | 250/3000 [02:35<33:16,  1.38it/s]
qwen2.5-vl/pope/ricd/coco/popular/seed1:   8%|▊         | 251/3000 [02:36<33:18,  1.38it/s]
qwen2.5-vl/pope/ricd/coco/popular/seed1:   8%|▊         | 252/3000 [02:37<33:18,  1.37it/s]
qwen2.5-vl/pope/ricd/coco/popular/seed1:   8%|▊         | 253/3000 [02:37<31:05,  1.47it/s]
qwen2.5-vl/pope/ricd/coco/popular/seed1:   8%|▊         | 254/3000 [02:38<29:30,  1.55it/s]
qwen2.5-vl/pope/ricd/coco/popular/seed1:   8%|▊         | 255/3000 [02:38<28:27,  1.61it/s]
qwen2.5-vl/pope/ricd/coco/popular/seed1:   9%|▊         | 256/3000 [02:39<27:40,  1.65it/s]
qwen2.5-vl/pope/ricd/coco/popular/seed1:   9%|▊         | 257/3000 [02:39<27:07,  1.69it/s]
qwen2.5-vl/pope/ricd/coco/popular/seed1:   9%|▊         | 258/3000 [02:40<26:44,  1.71it/s]
qwen2.5-vl/pope/ricd/coco/popular/seed1:   9%|▊         | 259/3000 [02:41<27:06,  1.69it/s]
qwen2.5-vl/pope/ricd/coco/popular/seed1:   9%|▊         | 260/3000 [02:41<27:18,  1.67it/s]
qwen2.5-vl/pope/ricd/coco/popular/seed1:   9%|▊         | 261/3000 [02:42<27:28,  1.66it/s]
qwen2.5-vl/pope/ricd/coco/popular/seed1:   9%|▊         | 262/3000 [02:42<27:35,  1.65it/s]
qwen2.5-vl/pope/ricd/coco/popular/seed1:   9%|▉         | 263/3000 [02:43<27:39,  1.65it/s]
qwen2.5-vl/pope/ricd/coco/popular/seed1:   9%|▉         | 264/3000 [02:44<27:42,  1.65it/s]
qwen2.5-vl/pope/ricd/coco/popular/seed1:   9%|▉         | 265/3000 [02:44<27:07,  1.68it/s]
qwen2.5-vl/pope/ricd/coco/popular/seed1:   9%|▉         | 266/3000 [02:45<26:41,  1.71it/s]
qwen2.5-vl/pope/ricd/coco/popular/seed1:   9%|▉         | 267/3000 [02:45<26:25,  1.72it/s]
qwen2.5-vl/pope/ricd/coco/popular/seed1:   9%|▉         | 268/3000 [02:46<26:24,  1.72it/s]
qwen2.5-vl/pope/ricd/coco/popular/seed1:   9%|▉         | 269/3000 [02:47<26:38,  1.71it/s]
qwen2.5-vl/pope/ricd/coco/popular/seed1:   9%|▉         | 270/3000 [02:47<26:43,  1.70it/s]
qwen2.5-vl/pope/ricd/coco/popular/seed1:   9%|▉         | 271/3000 [02:48<28:50,  1.58it/s]
qwen2.5-vl/pope/ricd/coco/popular/seed1:   9%|▉         | 272/3000 [02:49<30:17,  1.50it/s]
qwen2.5-vl/pope/ricd/coco/popular/seed1:   9%|▉         | 273/3000 [02:49<31:18,  1.45it/s]
qwen2.5-vl/pope/ricd/coco/popular/seed1:   9%|▉         | 274/3000 [02:50<31:58,  1.42it/s]
qwen2.5-vl/pope/ricd/coco/popular/seed1:   9%|▉         | 275/3000 [02:51<32:23,  1.40it/s]
qwen2.5-vl/pope/ricd/coco/popular/seed1:   9%|▉         | 276/3000 [02:52<32:47,  1.38it/s]
qwen2.5-vl/pope/ricd/coco/popular/seed1:   9%|▉         | 277/3000 [02:52<32:56,  1.38it/s]
qwen2.5-vl/pope/ricd/coco/popular/seed1:   9%|▉         | 278/3000 [02:53<33:07,  1.37it/s]
qwen2.5-vl/pope/ricd/coco/popular/seed1:   9%|▉         | 279/3000 [02:54<33:12,  1.37it/s]
qwen2.5-vl/pope/ricd/coco/popular/seed1:   9%|▉         | 280/3000 [02:55<33:11,  1.37it/s]
qwen2.5-vl/pope/ricd/coco/popular/seed1:   9%|▉         | 281/3000 [02:55<33:06,  1.37it/s]
qwen2.5-vl/pope/ricd/coco/popular/seed1:   9%|▉         | 282/3000 [02:56<33:09,  1.37it/s]
qwen2.5-vl/pope/ricd/coco/popular/seed1:   9%|▉         | 283/3000 [02:57<30:57,  1.46it/s]
qwen2.5-vl/pope/ricd/coco/popular/seed1:   9%|▉         | 284/3000 [02:57<29:25,  1.54it/s]
qwen2.5-vl/pope/ricd/coco/popular/seed1:  10%|▉         | 285/3000 [02:58<28:18,  1.60it/s]
qwen2.5-vl/pope/ricd/coco/popular/seed1:  10%|▉         | 286/3000 [02:58<27:33,  1.64it/s]
qwen2.5-vl/pope/ricd/coco/popular/seed1:  10%|▉         | 287/3000 [02:59<27:07,  1.67it/s]
qwen2.5-vl/pope/ricd/coco/popular/seed1:  10%|▉         | 288/3000 [02:59<26:50,  1.68it/s]
qwen2.5-vl/pope/ricd/coco/popular/seed1:  10%|▉         | 289/3000 [03:00<27:08,  1.66it/s]
qwen2.5-vl/pope/ricd/coco/popular/seed1:  10%|▉         | 290/3000 [03:01<27:15,  1.66it/s]
qwen2.5-vl/pope/ricd/coco/popular/seed1:  10%|▉         | 291/3000 [03:01<27:19,  1.65it/s]
qwen2.5-vl/pope/ricd/coco/popular/seed1:  10%|▉         | 292/3000 [03:02<27:23,  1.65it/s]
qwen2.5-vl/pope/ricd/coco/popular/seed1:  10%|▉         | 293/3000 [03:02<27:26,  1.64it/s]
qwen2.5-vl/pope/ricd/coco/popular/seed1:  10%|▉         | 294/3000 [03:03<27:28,  1.64it/s]
qwen2.5-vl/pope/ricd/coco/popular/seed1:  10%|▉         | 295/3000 [03:04<32:13,  1.40it/s]
qwen2.5-vl/pope/ricd/coco/popular/seed1:  10%|▉         | 296/3000 [03:05<35:34,  1.27it/s]
qwen2.5-vl/pope/ricd/coco/popular/seed1:  10%|▉         | 297/3000 [03:06<37:55,  1.19it/s]
qwen2.5-vl/pope/ricd/coco/popular/seed1:  10%|▉         | 298/3000 [03:07<39:35,  1.14it/s]
qwen2.5-vl/pope/ricd/coco/popular/seed1:  10%|▉         | 299/3000 [03:08<40:42,  1.11it/s]
qwen2.5-vl/pope/ricd/coco/popular/seed1:  10%|█         | 300/3000 [03:09<41:30,  1.08it/s]
qwen2.5-vl/pope/ricd/coco/popular/seed1:  10%|█         | 301/3000 [03:09<37:20,  1.20it/s]
qwen2.5-vl/pope/ricd/coco/popular/seed1:  10%|█         | 302/3000 [03:10<34:25,  1.31it/s]
qwen2.5-vl/pope/ricd/coco/popular/seed1:  10%|█         | 303/3000 [03:11<32:24,  1.39it/s]
qwen2.5-vl/pope/ricd/coco/popular/seed1:  10%|█         | 304/3000 [03:11<30:56,  1.45it/s]
qwen2.5-vl/pope/ricd/coco/popular/seed1:  10%|█         | 305/3000 [03:12<30:13,  1.49it/s]
qwen2.5-vl/pope/ricd/coco/popular/seed1:  10%|█         | 306/3000 [03:13<29:31,  1.52it/s]
qwen2.5-vl/pope/ricd/coco/popular/seed1:  10%|█         | 307/3000 [03:13<30:37,  1.47it/s]
qwen2.5-vl/pope/ricd/coco/popular/seed1:  10%|█         | 308/3000 [03:14<31:18,  1.43it/s]
qwen2.5-vl/pope/ricd/coco/popular/seed1:  10%|█         | 309/3000 [03:15<31:47,  1.41it/s]
qwen2.5-vl/pope/ricd/coco/popular/seed1:  10%|█         | 310/3000 [03:16<32:12,  1.39it/s]
qwen2.5-vl/pope/ricd/coco/popular/seed1:  10%|█         | 311/3000 [03:16<32:23,  1.38it/s]
qwen2.5-vl/pope/ricd/coco/popular/seed1:  10%|█         | 312/3000 [03:17<32:31,  1.38it/s]
qwen2.5-vl/pope/ricd/coco/popular/seed1:  10%|█         | 313/3000 [03:18<32:51,  1.36it/s]
qwen2.5-vl/pope/ricd/coco/popular/seed1:  10%|█         | 314/3000 [03:19<33:04,  1.35it/s]
qwen2.5-vl/pope/ricd/coco/popular/seed1:  10%|█         | 315/3000 [03:19<33:16,  1.35it/s]
qwen2.5-vl/pope/ricd/coco/popular/seed1:  11%|█         | 316/3000 [03:20<33:22,  1.34it/s]
qwen2.5-vl/pope/ricd/coco/popular/seed1:  11%|█         | 317/3000 [03:21<33:24,  1.34it/s]
qwen2.5-vl/pope/ricd/coco/popular/seed1:  11%|█         | 318/3000 [03:22<33:33,  1.33it/s]
qwen2.5-vl/pope/ricd/coco/popular/seed1:  11%|█         | 319/3000 [03:22<31:48,  1.40it/s]
qwen2.5-vl/pope/ricd/coco/popular/seed1:  11%|█         | 320/3000 [03:23<30:34,  1.46it/s]
qwen2.5-vl/pope/ricd/coco/popular/seed1:  11%|█         | 321/3000 [03:23<29:41,  1.50it/s]
qwen2.5-vl/pope/ricd/coco/popular/seed1:  11%|█         | 322/3000 [03:24<29:07,  1.53it/s]
qwen2.5-vl/pope/ricd/coco/popular/seed1:  11%|█         | 323/3000 [03:25<28:39,  1.56it/s]
qwen2.5-vl/pope/ricd/coco/popular/seed1:  11%|█         | 324/3000 [03:25<28:23,  1.57it/s]
qwen2.5-vl/pope/ricd/coco/popular/seed1:  11%|█         | 325/3000 [03:26<29:45,  1.50it/s]
qwen2.5-vl/pope/ricd/coco/popular/seed1:  11%|█         | 326/3000 [03:27<30:35,  1.46it/s]
qwen2.5-vl/pope/ricd/coco/popular/seed1:  11%|█         | 327/3000 [03:27<31:17,  1.42it/s]
qwen2.5-vl/pope/ricd/coco/popular/seed1:  11%|█         | 328/3000 [03:28<31:41,  1.41it/s]
qwen2.5-vl/pope/ricd/coco/popular/seed1:  11%|█         | 329/3000 [03:29<32:01,  1.39it/s]
qwen2.5-vl/pope/ricd/coco/popular/seed1:  11%|█         | 330/3000 [03:30<32:13,  1.38it/s]
qwen2.5-vl/pope/ricd/coco/popular/seed1:  11%|█         | 331/3000 [03:30<32:27,  1.37it/s]
qwen2.5-vl/pope/ricd/coco/popular/seed1:  11%|█         | 332/3000 [03:31<32:36,  1.36it/s]
qwen2.5-vl/pope/ricd/coco/popular/seed1:  11%|█         | 333/3000 [03:32<32:43,  1.36it/s]
qwen2.5-vl/pope/ricd/coco/popular/seed1:  11%|█         | 334/3000 [03:33<32:52,  1.35it/s]
qwen2.5-vl/pope/ricd/coco/popular/seed1:  11%|█         | 335/3000 [03:33<32:54,  1.35it/s]
qwen2.5-vl/pope/ricd/coco/popular/seed1:  11%|█         | 336/3000 [03:34<32:46,  1.35it/s]
qwen2.5-vl/pope/ricd/coco/popular/seed1:  11%|█         | 337/3000 [03:35<32:41,  1.36it/s]
qwen2.5-vl/pope/ricd/coco/popular/seed1:  11%|█▏        | 338/3000 [03:36<32:39,  1.36it/s]
qwen2.5-vl/pope/ricd/coco/popular/seed1:  11%|█▏        | 339/3000 [03:36<32:37,  1.36it/s]
qwen2.5-vl/pope/ricd/coco/popular/seed1:  11%|█▏        | 340/3000 [03:37<32:36,  1.36it/s]
qwen2.5-vl/pope/ricd/coco/popular/seed1:  11%|█▏        | 341/3000 [03:38<32:36,  1.36it/s]
qwen2.5-vl/pope/ricd/coco/popular/seed1:  11%|█▏        | 342/3000 [03:39<32:40,  1.36it/s]
qwen2.5-vl/pope/ricd/coco/popular/seed1:  11%|█▏        | 343/3000 [03:39<31:08,  1.42it/s]
qwen2.5-vl/pope/ricd/coco/popular/seed1:  11%|█▏        | 344/3000 [03:40<29:58,  1.48it/s]
qwen2.5-vl/pope/ricd/coco/popular/seed1:  12%|█▏        | 345/3000 [03:40<29:25,  1.50it/s]
qwen2.5-vl/pope/ricd/coco/popular/seed1:  12%|█▏        | 346/3000 [03:41<28:43,  1.54it/s]
qwen2.5-vl/pope/ricd/coco/popular/seed1:  12%|█▏        | 347/3000 [03:42<28:14,  1.57it/s]
qwen2.5-vl/pope/ricd/coco/popular/seed1:  12%|█▏        | 348/3000 [03:42<27:54,  1.58it/s]
qwen2.5-vl/pope/ricd/coco/popular/seed1:  12%|█▏        | 349/3000 [03:43<29:16,  1.51it/s]
qwen2.5-vl/pope/ricd/coco/popular/seed1:  12%|█▏        | 350/3000 [03:44<30:14,  1.46it/s]
qwen2.5-vl/pope/ricd/coco/popular/seed1:  12%|█▏        | 351/3000 [03:44<30:58,  1.43it/s]
qwen2.5-vl/pope/ricd/coco/popular/seed1:  12%|█▏        | 352/3000 [03:45<31:29,  1.40it/s]
qwen2.5-vl/pope/ricd/coco/popular/seed1:  12%|█▏        | 353/3000 [03:46<31:46,  1.39it/s]
qwen2.5-vl/pope/ricd/coco/popular/seed1:  12%|█▏        | 354/3000 [03:47<31:54,  1.38it/s]
qwen2.5-vl/pope/ricd/coco/popular/seed1:  12%|█▏        | 355/3000 [03:47<32:00,  1.38it/s]
qwen2.5-vl/pope/ricd/coco/popular/seed1:  12%|█▏        | 356/3000 [03:48<32:06,  1.37it/s]
qwen2.5-vl/pope/ricd/coco/popular/seed1:  12%|█▏        | 357/3000 [03:49<32:11,  1.37it/s]
qwen2.5-vl/pope/ricd/coco/popular/seed1:  12%|█▏        | 358/3000 [03:50<32:13,  1.37it/s]
qwen2.5-vl/pope/ricd/coco/popular/seed1:  12%|█▏        | 359/3000 [03:50<32:13,  1.37it/s]
qwen2.5-vl/pope/ricd/coco/popular/seed1:  12%|█▏        | 360/3000 [03:51<32:13,  1.37it/s]
qwen2.5-vl/pope/ricd/coco/popular/seed1:  12%|█▏        | 361/3000 [03:52<30:44,  1.43it/s]
qwen2.5-vl/pope/ricd/coco/popular/seed1:  12%|█▏        | 362/3000 [03:52<29:33,  1.49it/s]
qwen2.5-vl/pope/ricd/coco/popular/seed1:  12%|█▏        | 363/3000 [03:53<28:43,  1.53it/s]
qwen2.5-vl/pope/ricd/coco/popular/seed1:  12%|█▏        | 364/3000 [03:54<28:09,  1.56it/s]
qwen2.5-vl/pope/ricd/coco/popular/seed1:  12%|█▏        | 365/3000 [03:54<27:47,  1.58it/s]
qwen2.5-vl/pope/ricd/coco/popular/seed1:  12%|█▏        | 366/3000 [03:55<27:32,  1.59it/s]
qwen2.5-vl/pope/ricd/coco/popular/seed1:  12%|█▏        | 367/3000 [03:55<27:27,  1.60it/s]
qwen2.5-vl/pope/ricd/coco/popular/seed1:  12%|█▏        | 368/3000 [03:56<27:19,  1.61it/s]
qwen2.5-vl/pope/ricd/coco/popular/seed1:  12%|█▏        | 369/3000 [03:57<27:13,  1.61it/s]
qwen2.5-vl/pope/ricd/coco/popular/seed1:  12%|█▏        | 370/3000 [03:57<27:32,  1.59it/s]
qwen2.5-vl/pope/ricd/coco/popular/seed1:  12%|█▏        | 371/3000 [03:58<27:25,  1.60it/s]
qwen2.5-vl/pope/ricd/coco/popular/seed1:  12%|█▏        | 372/3000 [03:59<27:22,  1.60it/s]
qwen2.5-vl/pope/ricd/coco/popular/seed1:  12%|█▏        | 373/3000 [03:59<28:50,  1.52it/s]
qwen2.5-vl/pope/ricd/coco/popular/seed1:  12%|█▏        | 374/3000 [04:00<29:46,  1.47it/s]
qwen2.5-vl/pope/ricd/coco/popular/seed1:  12%|█▎        | 375/3000 [04:01<30:31,  1.43it/s]
qwen2.5-vl/pope/ricd/coco/popular/seed1:  13%|█▎        | 376/3000 [04:01<31:00,  1.41it/s]
qwen2.5-vl/pope/ricd/coco/popular/seed1:  13%|█▎        | 377/3000 [04:02<31:23,  1.39it/s]
qwen2.5-vl/pope/ricd/coco/popular/seed1:  13%|█▎        | 378/3000 [04:03<32:01,  1.36it/s]
qwen2.5-vl/pope/ricd/coco/popular/seed1:  13%|█▎        | 379/3000 [04:04<30:33,  1.43it/s]
qwen2.5-vl/pope/ricd/coco/popular/seed1:  13%|█▎        | 380/3000 [04:04<29:31,  1.48it/s]
qwen2.5-vl/pope/ricd/coco/popular/seed1:  13%|█▎        | 381/3000 [04:05<28:47,  1.52it/s]
qwen2.5-vl/pope/ricd/coco/popular/seed1:  13%|█▎        | 382/3000 [04:05<28:18,  1.54it/s]
qwen2.5-vl/pope/ricd/coco/popular/seed1:  13%|█▎        | 383/3000 [04:06<27:57,  1.56it/s]
qwen2.5-vl/pope/ricd/coco/popular/seed1:  13%|█▎        | 384/3000 [04:07<27:38,  1.58it/s]
qwen2.5-vl/pope/ricd/coco/popular/seed1:  13%|█▎        | 385/3000 [04:07<28:57,  1.51it/s]
qwen2.5-vl/pope/ricd/coco/popular/seed1:  13%|█▎        | 386/3000 [04:08<29:49,  1.46it/s]
qwen2.5-vl/pope/ricd/coco/popular/seed1:  13%|█▎        | 387/3000 [04:09<30:21,  1.43it/s]
qwen2.5-vl/pope/ricd/coco/popular/seed1:  13%|█▎        | 388/3000 [04:10<30:26,  1.43it/s]
qwen2.5-vl/pope/ricd/coco/popular/seed1:  13%|█▎        | 389/3000 [04:10<30:33,  1.42it/s]
qwen2.5-vl/pope/ricd/coco/popular/seed1:  13%|█▎        | 390/3000 [04:11<30:39,  1.42it/s]
qwen2.5-vl/pope/ricd/coco/popular/seed1:  13%|█▎        | 391/3000 [04:12<29:10,  1.49it/s]
qwen2.5-vl/pope/ricd/coco/popular/seed1:  13%|█▎        | 392/3000 [04:12<28:09,  1.54it/s]
qwen2.5-vl/pope/ricd/coco/popular/seed1:  13%|█▎        | 393/3000 [04:13<27:41,  1.57it/s]
qwen2.5-vl/pope/ricd/coco/popular/seed1:  13%|█▎        | 394/3000 [04:13<27:08,  1.60it/s]
qwen2.5-vl/pope/ricd/coco/popular/seed1:  13%|█▎        | 395/3000 [04:14<26:47,  1.62it/s]
qwen2.5-vl/pope/ricd/coco/popular/seed1:  13%|█▎        | 396/3000 [04:15<26:31,  1.64it/s]
qwen2.5-vl/pope/ricd/coco/popular/seed1:  13%|█▎        | 397/3000 [04:15<25:47,  1.68it/s]
qwen2.5-vl/pope/ricd/coco/popular/seed1:  13%|█▎        | 398/3000 [04:16<25:16,  1.72it/s]
qwen2.5-vl/pope/ricd/coco/popular/seed1:  13%|█▎        | 399/3000 [04:16<24:55,  1.74it/s]
qwen2.5-vl/pope/ricd/coco/popular/seed1:  13%|█▎        | 400/3000 [04:17<24:41,  1.76it/s]
qwen2.5-vl/pope/ricd/coco/popular/seed1:  13%|█▎        | 401/3000 [04:17<24:31,  1.77it/s]
qwen2.5-vl/pope/ricd/coco/popular/seed1:  13%|█▎        | 402/3000 [04:18<24:25,  1.77it/s]
qwen2.5-vl/pope/ricd/coco/popular/seed1:  13%|█▎        | 403/3000 [04:19<24:55,  1.74it/s]
qwen2.5-vl/pope/ricd/coco/popular/seed1:  13%|█▎        | 404/3000 [04:19<25:15,  1.71it/s]
qwen2.5-vl/pope/ricd/coco/popular/seed1:  14%|█▎        | 405/3000 [04:20<25:30,  1.70it/s]
qwen2.5-vl/pope/ricd/coco/popular/seed1:  14%|█▎        | 406/3000 [04:20<25:42,  1.68it/s]
qwen2.5-vl/pope/ricd/coco/popular/seed1:  14%|█▎        | 407/3000 [04:21<26:04,  1.66it/s]
qwen2.5-vl/pope/ricd/coco/popular/seed1:  14%|█▎        | 408/3000 [04:22<26:06,  1.66it/s]
qwen2.5-vl/pope/ricd/coco/popular/seed1:  14%|█▎        | 409/3000 [04:22<27:39,  1.56it/s]
qwen2.5-vl/pope/ricd/coco/popular/seed1:  14%|█▎        | 410/3000 [04:23<28:44,  1.50it/s]
qwen2.5-vl/pope/ricd/coco/popular/seed1:  14%|█▎        | 411/3000 [04:24<29:35,  1.46it/s]
qwen2.5-vl/pope/ricd/coco/popular/seed1:  14%|█▎        | 412/3000 [04:24<30:06,  1.43it/s]
qwen2.5-vl/pope/ricd/coco/popular/seed1:  14%|█▍        | 413/3000 [04:25<30:26,  1.42it/s]
qwen2.5-vl/pope/ricd/coco/popular/seed1:  14%|█▍        | 414/3000 [04:26<30:40,  1.40it/s]
qwen2.5-vl/pope/ricd/coco/popular/seed1:  14%|█▍        | 415/3000 [04:27<28:44,  1.50it/s]
qwen2.5-vl/pope/ricd/coco/popular/seed1:  14%|█▍        | 416/3000 [04:27<27:22,  1.57it/s]
qwen2.5-vl/pope/ricd/coco/popular/seed1:  14%|█▍        | 417/3000 [04:28<26:25,  1.63it/s]
qwen2.5-vl/pope/ricd/coco/popular/seed1:  14%|█▍        | 418/3000 [04:28<25:45,  1.67it/s]
qwen2.5-vl/pope/ricd/coco/popular/seed1:  14%|█▍        | 419/3000 [04:29<25:17,  1.70it/s]
qwen2.5-vl/pope/ricd/coco/popular/seed1:  14%|█▍        | 420/3000 [04:29<25:00,  1.72it/s]
qwen2.5-vl/pope/ricd/coco/popular/seed1:  14%|█▍        | 421/3000 [04:30<24:51,  1.73it/s]
qwen2.5-vl/pope/ricd/coco/popular/seed1:  14%|█▍        | 422/3000 [04:30<24:44,  1.74it/s]
qwen2.5-vl/pope/ricd/coco/popular/seed1:  14%|█▍        | 423/3000 [04:31<24:42,  1.74it/s]
qwen2.5-vl/pope/ricd/coco/popular/seed1:  14%|█▍        | 424/3000 [04:32<24:35,  1.75it/s]
qwen2.5-vl/pope/ricd/coco/popular/seed1:  14%|█▍        | 425/3000 [04:32<24:28,  1.75it/s]
qwen2.5-vl/pope/ricd/coco/popular/seed1:  14%|█▍        | 426/3000 [04:33<24:22,  1.76it/s]
qwen2.5-vl/pope/ricd/coco/popular/seed1:  14%|█▍        | 427/3000 [04:33<24:53,  1.72it/s]
qwen2.5-vl/pope/ricd/coco/popular/seed1:  14%|█▍        | 428/3000 [04:34<25:13,  1.70it/s]
qwen2.5-vl/pope/ricd/coco/popular/seed1:  14%|█▍        | 429/3000 [04:35<25:28,  1.68it/s]
qwen2.5-vl/pope/ricd/coco/popular/seed1:  14%|█▍        | 430/3000 [04:35<25:38,  1.67it/s]
qwen2.5-vl/pope/ricd/coco/popular/seed1:  14%|█▍        | 431/3000 [04:36<25:45,  1.66it/s]
qwen2.5-vl/pope/ricd/coco/popular/seed1:  14%|█▍        | 432/3000 [04:36<25:50,  1.66it/s]
qwen2.5-vl/pope/ricd/coco/popular/seed1:  14%|█▍        | 433/3000 [04:37<27:08,  1.58it/s]
qwen2.5-vl/pope/ricd/coco/popular/seed1:  14%|█▍        | 434/3000 [04:38<28:14,  1.51it/s]
qwen2.5-vl/pope/ricd/coco/popular/seed1:  14%|█▍        | 435/3000 [04:39<29:01,  1.47it/s]
qwen2.5-vl/pope/ricd/coco/popular/seed1:  15%|█▍        | 436/3000 [04:39<29:20,  1.46it/s]
qwen2.5-vl/pope/ricd/coco/popular/seed1:  15%|█▍        | 437/3000 [04:40<29:27,  1.45it/s]
qwen2.5-vl/pope/ricd/coco/popular/seed1:  15%|█▍        | 438/3000 [04:41<29:30,  1.45it/s]
qwen2.5-vl/pope/ricd/coco/popular/seed1:  15%|█▍        | 439/3000 [04:41<28:36,  1.49it/s]
qwen2.5-vl/pope/ricd/coco/popular/seed1:  15%|█▍        | 440/3000 [04:42<27:59,  1.52it/s]
qwen2.5-vl/pope/ricd/coco/popular/seed1:  15%|█▍        | 441/3000 [04:42<27:32,  1.55it/s]
qwen2.5-vl/pope/ricd/coco/popular/seed1:  15%|█▍        | 442/3000 [04:43<27:13,  1.57it/s]
qwen2.5-vl/pope/ricd/coco/popular/seed1:  15%|█▍        | 443/3000 [04:44<26:59,  1.58it/s]
qwen2.5-vl/pope/ricd/coco/popular/seed1:  15%|█▍        | 444/3000 [04:44<26:50,  1.59it/s]
qwen2.5-vl/pope/ricd/coco/popular/seed1:  15%|█▍        | 445/3000 [04:45<28:12,  1.51it/s]
qwen2.5-vl/pope/ricd/coco/popular/seed1:  15%|█▍        | 446/3000 [04:46<29:09,  1.46it/s]
qwen2.5-vl/pope/ricd/coco/popular/seed1:  15%|█▍        | 447/3000 [04:47<29:49,  1.43it/s]
qwen2.5-vl/pope/ricd/coco/popular/seed1:  15%|█▍        | 448/3000 [04:47<30:14,  1.41it/s]
qwen2.5-vl/pope/ricd/coco/popular/seed1:  15%|█▍        | 449/3000 [04:48<30:31,  1.39it/s]
qwen2.5-vl/pope/ricd/coco/popular/seed1:  15%|█▌        | 450/3000 [04:49<30:54,  1.38it/s]
qwen2.5-vl/pope/ricd/coco/popular/seed1:  15%|█▌        | 451/3000 [04:49<26:33,  1.60it/s]
qwen2.5-vl/pope/ricd/coco/popular/seed1:  15%|█▌        | 452/3000 [04:50<23:30,  1.81it/s]
qwen2.5-vl/pope/ricd/coco/popular/seed1:  15%|█▌        | 453/3000 [04:50<21:24,  1.98it/s]
qwen2.5-vl/pope/ricd/coco/popular/seed1:  15%|█▌        | 454/3000 [04:50<19:59,  2.12it/s]
qwen2.5-vl/pope/ricd/coco/popular/seed1:  15%|█▌        | 455/3000 [04:51<18:59,  2.23it/s]
qwen2.5-vl/pope/ricd/coco/popular/seed1:  15%|█▌        | 456/3000 [04:51<18:17,  2.32it/s]
qwen2.5-vl/pope/ricd/coco/popular/seed1:  15%|█▌        | 457/3000 [04:52<22:09,  1.91it/s]
qwen2.5-vl/pope/ricd/coco/popular/seed1:  15%|█▌        | 458/3000 [04:53<24:56,  1.70it/s]
qwen2.5-vl/pope/ricd/coco/popular/seed1:  15%|█▌        | 459/3000 [04:53<26:54,  1.57it/s]
qwen2.5-vl/pope/ricd/coco/popular/seed1:  15%|█▌        | 460/3000 [04:54<28:15,  1.50it/s]
qwen2.5-vl/pope/ricd/coco/popular/seed1:  15%|█▌        | 461/3000 [04:55<29:09,  1.45it/s]
qwen2.5-vl/pope/ricd/coco/popular/seed1:  15%|█▌        | 462/3000 [04:56<29:42,  1.42it/s]
qwen2.5-vl/pope/ricd/coco/popular/seed1:  15%|█▌        | 463/3000 [04:56<30:06,  1.40it/s]
qwen2.5-vl/pope/ricd/coco/popular/seed1:  15%|█▌        | 464/3000 [04:57<30:25,  1.39it/s]
qwen2.5-vl/pope/ricd/coco/popular/seed1:  16%|█▌        | 465/3000 [04:58<30:43,  1.38it/s]
qwen2.5-vl/pope/ricd/coco/popular/seed1:  16%|█▌        | 466/3000 [04:59<30:57,  1.36it/s]
qwen2.5-vl/pope/ricd/coco/popular/seed1:  16%|█▌        | 467/3000 [04:59<31:07,  1.36it/s]
qwen2.5-vl/pope/ricd/coco/popular/seed1:  16%|█▌        | 468/3000 [05:00<31:13,  1.35it/s]
qwen2.5-vl/pope/ricd/coco/popular/seed1:  16%|█▌        | 469/3000 [05:01<29:41,  1.42it/s]
qwen2.5-vl/pope/ricd/coco/popular/seed1:  16%|█▌        | 470/3000 [05:01<28:37,  1.47it/s]
qwen2.5-vl/pope/ricd/coco/popular/seed1:  16%|█▌        | 471/3000 [05:02<27:52,  1.51it/s]
qwen2.5-vl/pope/ricd/coco/popular/seed1:  16%|█▌        | 472/3000 [05:03<27:19,  1.54it/s]
qwen2.5-vl/pope/ricd/coco/popular/seed1:  16%|█▌        | 473/3000 [05:03<26:57,  1.56it/s]
qwen2.5-vl/pope/ricd/coco/popular/seed1:  16%|█▌        | 474/3000 [05:04<27:06,  1.55it/s]
qwen2.5-vl/pope/ricd/coco/popular/seed1:  16%|█▌        | 475/3000 [05:05<30:49,  1.36it/s]
qwen2.5-vl/pope/ricd/coco/popular/seed1:  16%|█▌        | 476/3000 [05:06<33:02,  1.27it/s]
qwen2.5-vl/pope/ricd/coco/popular/seed1:  16%|█▌        | 477/3000 [05:07<34:26,  1.22it/s]
qwen2.5-vl/pope/ricd/coco/popular/seed1:  16%|█▌        | 478/3000 [05:07<35:21,  1.19it/s]
qwen2.5-vl/pope/ricd/coco/popular/seed1:  16%|█▌        | 479/3000 [05:08<36:01,  1.17it/s]
qwen2.5-vl/pope/ricd/coco/popular/seed1:  16%|█▌        | 480/3000 [05:09<36:26,  1.15it/s]
qwen2.5-vl/pope/ricd/coco/popular/seed1:  16%|█▌        | 481/3000 [05:10<34:42,  1.21it/s]
qwen2.5-vl/pope/ricd/coco/popular/seed1:  16%|█▌        | 482/3000 [05:11<33:30,  1.25it/s]
qwen2.5-vl/pope/ricd/coco/popular/seed1:  16%|█▌        | 483/3000 [05:11<32:38,  1.29it/s]
qwen2.5-vl/pope/ricd/coco/popular/seed1:  16%|█▌        | 484/3000 [05:12<32:00,  1.31it/s]
qwen2.5-vl/pope/ricd/coco/popular/seed1:  16%|█▌        | 485/3000 [05:13<31:38,  1.32it/s]
qwen2.5-vl/pope/ricd/coco/popular/seed1:  16%|█▌        | 486/3000 [05:14<31:19,  1.34it/s]
qwen2.5-vl/pope/ricd/coco/popular/seed1:  16%|█▌        | 487/3000 [05:15<33:52,  1.24it/s]
qwen2.5-vl/pope/ricd/coco/popular/seed1:  16%|█▋        | 488/3000 [05:15<35:34,  1.18it/s]
qwen2.5-vl/pope/ricd/coco/popular/seed1:  16%|█▋        | 489/3000 [05:16<36:49,  1.14it/s]
qwen2.5-vl/pope/ricd/coco/popular/seed1:  16%|█▋        | 490/3000 [05:17<37:47,  1.11it/s]
qwen2.5-vl/pope/ricd/coco/popular/seed1:  16%|█▋        | 491/3000 [05:18<38:34,  1.08it/s]
qwen2.5-vl/pope/ricd/coco/popular/seed1:  16%|█▋        | 492/3000 [05:19<39:00,  1.07it/s]
qwen2.5-vl/pope/ricd/coco/popular/seed1:  16%|█▋        | 493/3000 [05:20<38:40,  1.08it/s]
qwen2.5-vl/pope/ricd/coco/popular/seed1:  16%|█▋        | 494/3000 [05:21<38:31,  1.08it/s]
qwen2.5-vl/pope/ricd/coco/popular/seed1:  16%|█▋        | 495/3000 [05:22<38:23,  1.09it/s]
qwen2.5-vl/pope/ricd/coco/popular/seed1:  17%|█▋        | 496/3000 [05:23<38:07,  1.09it/s]
qwen2.5-vl/pope/ricd/coco/popular/seed1:  17%|█▋        | 497/3000 [05:24<38:01,  1.10it/s]
qwen2.5-vl/pope/ricd/coco/popular/seed1:  17%|█▋        | 498/3000 [05:25<37:55,  1.10it/s]
qwen2.5-vl/pope/ricd/coco/popular/seed1:  17%|█▋        | 499/3000 [05:25<34:13,  1.22it/s]
qwen2.5-vl/pope/ricd/coco/popular/seed1:  17%|█▋        | 500/3000 [05:26<31:41,  1.31it/s]
qwen2.5-vl/pope/ricd/coco/popular/seed1:  17%|█▋        | 501/3000 [05:27<29:53,  1.39it/s]
qwen2.5-vl/pope/ricd/coco/popular/seed1:  17%|█▋        | 502/3000 [05:27<28:36,  1.46it/s]
qwen2.5-vl/pope/ricd/coco/popular/seed1:  17%|█▋        | 503/3000 [05:28<27:42,  1.50it/s]
qwen2.5-vl/pope/ricd/coco/popular/seed1:  17%|█▋        | 504/3000 [05:28<27:10,  1.53it/s]
qwen2.5-vl/pope/ricd/coco/popular/seed1:  17%|█▋        | 505/3000 [05:29<28:40,  1.45it/s]
qwen2.5-vl/pope/ricd/coco/popular/seed1:  17%|█▋        | 506/3000 [05:30<29:39,  1.40it/s]
qwen2.5-vl/pope/ricd/coco/popular/seed1:  17%|█▋        | 507/3000 [05:31<30:13,  1.37it/s]
qwen2.5-vl/pope/ricd/coco/popular/seed1:  17%|█▋        | 508/3000 [05:32<30:13,  1.37it/s]
qwen2.5-vl/pope/ricd/coco/popular/seed1:  17%|█▋        | 509/3000 [05:32<30:14,  1.37it/s]
qwen2.5-vl/pope/ricd/coco/popular/seed1:  17%|█▋        | 510/3000 [05:33<30:27,  1.36it/s]
qwen2.5-vl/pope/ricd/coco/popular/seed1:  17%|█▋        | 511/3000 [05:34<29:05,  1.43it/s]
qwen2.5-vl/pope/ricd/coco/popular/seed1:  17%|█▋        | 512/3000 [05:34<28:04,  1.48it/s]
qwen2.5-vl/pope/ricd/coco/popular/seed1:  17%|█▋        | 513/3000 [05:35<27:28,  1.51it/s]
qwen2.5-vl/pope/ricd/coco/popular/seed1:  17%|█▋        | 514/3000 [05:35<26:57,  1.54it/s]
qwen2.5-vl/pope/ricd/coco/popular/seed1:  17%|█▋        | 515/3000 [05:36<26:46,  1.55it/s]
qwen2.5-vl/pope/ricd/coco/popular/seed1:  17%|█▋        | 516/3000 [05:37<26:29,  1.56it/s]
qwen2.5-vl/pope/ricd/coco/popular/seed1:  17%|█▋        | 517/3000 [05:37<23:25,  1.77it/s]
qwen2.5-vl/pope/ricd/coco/popular/seed1:  17%|█▋        | 518/3000 [05:38<21:15,  1.95it/s]
qwen2.5-vl/pope/ricd/coco/popular/seed1:  17%|█▋        | 519/3000 [05:38<19:46,  2.09it/s]
qwen2.5-vl/pope/ricd/coco/popular/seed1:  17%|█▋        | 520/3000 [05:38<18:40,  2.21it/s]
qwen2.5-vl/pope/ricd/coco/popular/seed1:  17%|█▋        | 521/3000 [05:39<17:51,  2.31it/s]
qwen2.5-vl/pope/ricd/coco/popular/seed1:  17%|█▋        | 522/3000 [05:39<17:18,  2.39it/s]
qwen2.5-vl/pope/ricd/coco/popular/seed1:  17%|█▋        | 523/3000 [05:40<21:09,  1.95it/s]
qwen2.5-vl/pope/ricd/coco/popular/seed1:  17%|█▋        | 524/3000 [05:41<23:58,  1.72it/s]
qwen2.5-vl/pope/ricd/coco/popular/seed1:  18%|█▊        | 525/3000 [05:41<26:35,  1.55it/s]
qwen2.5-vl/pope/ricd/coco/popular/seed1:  18%|█▊        | 526/3000 [05:42<28:07,  1.47it/s]
qwen2.5-vl/pope/ricd/coco/popular/seed1:  18%|█▊        | 527/3000 [05:43<29:21,  1.40it/s]
qwen2.5-vl/pope/ricd/coco/popular/seed1:  18%|█▊        | 528/3000 [05:44<29:57,  1.38it/s]
qwen2.5-vl/pope/ricd/coco/popular/seed1:  18%|█▊        | 529/3000 [05:44<30:01,  1.37it/s]
qwen2.5-vl/pope/ricd/coco/popular/seed1:  18%|█▊        | 530/3000 [05:45<30:06,  1.37it/s]
qwen2.5-vl/pope/ricd/coco/popular/seed1:  18%|█▊        | 531/3000 [05:46<30:08,  1.37it/s]
qwen2.5-vl/pope/ricd/coco/popular/seed1:  18%|█▊        | 532/3000 [05:47<30:12,  1.36it/s]
qwen2.5-vl/pope/ricd/coco/popular/seed1:  18%|█▊        | 533/3000 [05:47<30:39,  1.34it/s]
qwen2.5-vl/pope/ricd/coco/popular/seed1:  18%|█▊        | 534/3000 [05:48<30:54,  1.33it/s]
qwen2.5-vl/pope/ricd/coco/popular/seed1:  18%|█▊        | 535/3000 [05:49<31:04,  1.32it/s]
qwen2.5-vl/pope/ricd/coco/popular/seed1:  18%|█▊        | 536/3000 [05:50<31:14,  1.31it/s]
qwen2.5-vl/pope/ricd/coco/popular/seed1:  18%|█▊        | 537/3000 [05:50<31:06,  1.32it/s]
qwen2.5-vl/pope/ricd/coco/popular/seed1:  18%|█▊        | 538/3000 [05:51<30:58,  1.32it/s]
qwen2.5-vl/pope/ricd/coco/popular/seed1:  18%|█▊        | 539/3000 [05:52<31:01,  1.32it/s]
qwen2.5-vl/pope/ricd/coco/popular/seed1:  18%|█▊        | 540/3000 [05:53<31:02,  1.32it/s]
qwen2.5-vl/pope/ricd/coco/popular/seed1:  18%|█▊        | 541/3000 [05:53<29:31,  1.39it/s]
qwen2.5-vl/pope/ricd/coco/popular/seed1:  18%|█▊        | 542/3000 [05:54<28:35,  1.43it/s]
qwen2.5-vl/pope/ricd/coco/popular/seed1:  18%|█▊        | 543/3000 [05:55<27:38,  1.48it/s]
qwen2.5-vl/pope/ricd/coco/popular/seed1:  18%|█▊        | 544/3000 [05:55<26:58,  1.52it/s]
qwen2.5-vl/pope/ricd/coco/popular/seed1:  18%|█▊        | 545/3000 [05:56<26:31,  1.54it/s]
qwen2.5-vl/pope/ricd/coco/popular/seed1:  18%|█▊        | 546/3000 [05:56<26:11,  1.56it/s]
qwen2.5-vl/pope/ricd/coco/popular/seed1:  18%|█▊        | 547/3000 [05:57<25:41,  1.59it/s]
qwen2.5-vl/pope/ricd/coco/popular/seed1:  18%|█▊        | 548/3000 [05:58<25:22,  1.61it/s]
qwen2.5-vl/pope/ricd/coco/popular/seed1:  18%|█▊        | 549/3000 [05:58<25:08,  1.63it/s]
qwen2.5-vl/pope/ricd/coco/popular/seed1:  18%|█▊        | 550/3000 [05:59<25:01,  1.63it/s]
qwen2.5-vl/pope/ricd/coco/popular/seed1:  18%|█▊        | 551/3000 [06:00<24:57,  1.63it/s]
qwen2.5-vl/pope/ricd/coco/popular/seed1:  18%|█▊        | 552/3000 [06:00<24:53,  1.64it/s]
qwen2.5-vl/pope/ricd/coco/popular/seed1:  18%|█▊        | 553/3000 [06:01<26:31,  1.54it/s]
qwen2.5-vl/pope/ricd/coco/popular/seed1:  18%|█▊        | 554/3000 [06:02<27:35,  1.48it/s]
qwen2.5-vl/pope/ricd/coco/popular/seed1:  18%|█▊        | 555/3000 [06:02<28:16,  1.44it/s]
qwen2.5-vl/pope/ricd/coco/popular/seed1:  19%|█▊        | 556/3000 [06:03<28:46,  1.42it/s]
qwen2.5-vl/pope/ricd/coco/popular/seed1:  19%|█▊        | 557/3000 [06:04<29:04,  1.40it/s]
qwen2.5-vl/pope/ricd/coco/popular/seed1:  19%|█▊        | 558/3000 [06:05<29:17,  1.39it/s]
qwen2.5-vl/pope/ricd/coco/popular/seed1:  19%|█▊        | 559/3000 [06:05<28:01,  1.45it/s]
qwen2.5-vl/pope/ricd/coco/popular/seed1:  19%|█▊        | 560/3000 [06:06<27:12,  1.49it/s]
qwen2.5-vl/pope/ricd/coco/popular/seed1:  19%|█▊        | 561/3000 [06:06<26:36,  1.53it/s]
qwen2.5-vl/pope/ricd/coco/popular/seed1:  19%|█▊        | 562/3000 [06:07<26:15,  1.55it/s]
qwen2.5-vl/pope/ricd/coco/popular/seed1:  19%|█▉        | 563/3000 [06:08<25:56,  1.57it/s]
qwen2.5-vl/pope/ricd/coco/popular/seed1:  19%|█▉        | 564/3000 [06:08<25:44,  1.58it/s]
qwen2.5-vl/pope/ricd/coco/popular/seed1:  19%|█▉        | 565/3000 [06:09<22:49,  1.78it/s]
qwen2.5-vl/pope/ricd/coco/popular/seed1:  19%|█▉        | 566/3000 [06:09<20:45,  1.95it/s]
qwen2.5-vl/pope/ricd/coco/popular/seed1:  19%|█▉        | 567/3000 [06:09<19:17,  2.10it/s]
qwen2.5-vl/pope/ricd/coco/popular/seed1:  19%|█▉        | 568/3000 [06:10<18:14,  2.22it/s]
qwen2.5-vl/pope/ricd/coco/popular/seed1:  19%|█▉        | 569/3000 [06:10<17:31,  2.31it/s]
qwen2.5-vl/pope/ricd/coco/popular/seed1:  19%|█▉        | 570/3000 [06:11<17:01,  2.38it/s]
qwen2.5-vl/pope/ricd/coco/popular/seed1:  19%|█▉        | 571/3000 [06:11<18:56,  2.14it/s]
qwen2.5-vl/pope/ricd/coco/popular/seed1:  19%|█▉        | 572/3000 [06:12<20:13,  2.00it/s]
qwen2.5-vl/pope/ricd/coco/popular/seed1:  19%|█▉        | 573/3000 [06:12<21:03,  1.92it/s]
qwen2.5-vl/pope/ricd/coco/popular/seed1:  19%|█▉        | 574/3000 [06:13<21:38,  1.87it/s]
qwen2.5-vl/pope/ricd/coco/popular/seed1:  19%|█▉        | 575/3000 [06:13<22:01,  1.83it/s]
qwen2.5-vl/pope/ricd/coco/popular/seed1:  19%|█▉        | 576/3000 [06:14<22:23,  1.80it/s]
qwen2.5-vl/pope/ricd/coco/popular/seed1:  19%|█▉        | 577/3000 [06:15<24:24,  1.65it/s]
qwen2.5-vl/pope/ricd/coco/popular/seed1:  19%|█▉        | 578/3000 [06:15<25:45,  1.57it/s]
qwen2.5-vl/pope/ricd/coco/popular/seed1:  19%|█▉        | 579/3000 [06:16<26:46,  1.51it/s]
qwen2.5-vl/pope/ricd/coco/popular/seed1:  19%|█▉        | 580/3000 [06:17<27:28,  1.47it/s]
qwen2.5-vl/pope/ricd/coco/popular/seed1:  19%|█▉        | 581/3000 [06:18<27:56,  1.44it/s]
qwen2.5-vl/pope/ricd/coco/popular/seed1:  19%|█▉        | 582/3000 [06:18<28:17,  1.42it/s]
qwen2.5-vl/pope/ricd/coco/popular/seed1:  19%|█▉        | 583/3000 [06:19<26:41,  1.51it/s]
qwen2.5-vl/pope/ricd/coco/popular/seed1:  19%|█▉        | 584/3000 [06:20<25:35,  1.57it/s]
qwen2.5-vl/pope/ricd/coco/popular/seed1:  20%|█▉        | 585/3000 [06:20<24:51,  1.62it/s]
qwen2.5-vl/pope/ricd/coco/popular/seed1:  20%|█▉        | 586/3000 [06:21<24:20,  1.65it/s]
qwen2.5-vl/pope/ricd/coco/popular/seed1:  20%|█▉        | 587/3000 [06:21<23:58,  1.68it/s]
qwen2.5-vl/pope/ricd/coco/popular/seed1:  20%|█▉        | 588/3000 [06:22<23:43,  1.69it/s]
qwen2.5-vl/pope/ricd/coco/popular/seed1:  20%|█▉        | 589/3000 [06:23<25:50,  1.55it/s]
qwen2.5-vl/pope/ricd/coco/popular/seed1:  20%|█▉        | 590/3000 [06:23<27:12,  1.48it/s]
qwen2.5-vl/pope/ricd/coco/popular/seed1:  20%|█▉        | 591/3000 [06:24<28:07,  1.43it/s]
qwen2.5-vl/pope/ricd/coco/popular/seed1:  20%|█▉        | 592/3000 [06:25<28:46,  1.39it/s]
qwen2.5-vl/pope/ricd/coco/popular/seed1:  20%|█▉        | 593/3000 [06:26<29:18,  1.37it/s]
qwen2.5-vl/pope/ricd/coco/popular/seed1:  20%|█▉        | 594/3000 [06:26<29:41,  1.35it/s]
qwen2.5-vl/pope/ricd/coco/popular/seed1:  20%|█▉        | 595/3000 [06:27<29:41,  1.35it/s]
qwen2.5-vl/pope/ricd/coco/popular/seed1:  20%|█▉        | 596/3000 [06:28<29:44,  1.35it/s]
qwen2.5-vl/pope/ricd/coco/popular/seed1:  20%|█▉        | 597/3000 [06:29<29:42,  1.35it/s]
qwen2.5-vl/pope/ricd/coco/popular/seed1:  20%|█▉        | 598/3000 [06:29<29:41,  1.35it/s]
qwen2.5-vl/pope/ricd/coco/popular/seed1:  20%|█▉        | 599/3000 [06:30<29:39,  1.35it/s]
qwen2.5-vl/pope/ricd/coco/popular/seed1:  20%|██        | 600/3000 [06:31<29:40,  1.35it/s]
qwen2.5-vl/pope/ricd/coco/popular/seed1:  20%|██        | 601/3000 [06:32<29:40,  1.35it/s]
qwen2.5-vl/pope/ricd/coco/popular/seed1:  20%|██        | 602/3000 [06:32<29:37,  1.35it/s]
qwen2.5-vl/pope/ricd/coco/popular/seed1:  20%|██        | 603/3000 [06:33<29:33,  1.35it/s]
qwen2.5-vl/pope/ricd/coco/popular/seed1:  20%|██        | 604/3000 [06:34<29:31,  1.35it/s]
qwen2.5-vl/pope/ricd/coco/popular/seed1:  20%|██        | 605/3000 [06:35<29:27,  1.36it/s]
qwen2.5-vl/pope/ricd/coco/popular/seed1:  20%|██        | 606/3000 [06:35<29:20,  1.36it/s]
qwen2.5-vl/pope/ricd/coco/popular/seed1:  20%|██        | 607/3000 [06:36<29:16,  1.36it/s]
qwen2.5-vl/pope/ricd/coco/popular/seed1:  20%|██        | 608/3000 [06:37<29:14,  1.36it/s]
qwen2.5-vl/pope/ricd/coco/popular/seed1:  20%|██        | 609/3000 [06:37<29:14,  1.36it/s]
qwen2.5-vl/pope/ricd/coco/popular/seed1:  20%|██        | 610/3000 [06:38<29:19,  1.36it/s]
qwen2.5-vl/pope/ricd/coco/popular/seed1:  20%|██        | 611/3000 [06:39<29:23,  1.35it/s]
qwen2.5-vl/pope/ricd/coco/popular/seed1:  20%|██        | 612/3000 [06:40<29:23,  1.35it/s]
qwen2.5-vl/pope/ricd/coco/popular/seed1:  20%|██        | 613/3000 [06:40<28:37,  1.39it/s]
qwen2.5-vl/pope/ricd/coco/popular/seed1:  20%|██        | 614/3000 [06:41<28:04,  1.42it/s]
qwen2.5-vl/pope/ricd/coco/popular/seed1:  20%|██        | 615/3000 [06:42<27:41,  1.44it/s]
qwen2.5-vl/pope/ricd/coco/popular/seed1:  21%|██        | 616/3000 [06:42<27:23,  1.45it/s]
qwen2.5-vl/pope/ricd/coco/popular/seed1:  21%|██        | 617/3000 [06:43<27:10,  1.46it/s]
qwen2.5-vl/pope/ricd/coco/popular/seed1:  21%|██        | 618/3000 [06:44<27:01,  1.47it/s]
qwen2.5-vl/pope/ricd/coco/popular/seed1:  21%|██        | 619/3000 [06:44<27:38,  1.44it/s]
qwen2.5-vl/pope/ricd/coco/popular/seed1:  21%|██        | 620/3000 [06:45<28:06,  1.41it/s]
qwen2.5-vl/pope/ricd/coco/popular/seed1:  21%|██        | 621/3000 [06:46<28:24,  1.40it/s]
qwen2.5-vl/pope/ricd/coco/popular/seed1:  21%|██        | 622/3000 [06:47<28:34,  1.39it/s]
qwen2.5-vl/pope/ricd/coco/popular/seed1:  21%|██        | 623/3000 [06:47<28:38,  1.38it/s]
qwen2.5-vl/pope/ricd/coco/popular/seed1:  21%|██        | 624/3000 [06:48<28:41,  1.38it/s]
qwen2.5-vl/pope/ricd/coco/popular/seed1:  21%|██        | 625/3000 [06:49<27:23,  1.45it/s]
qwen2.5-vl/pope/ricd/coco/popular/seed1:  21%|██        | 626/3000 [06:49<26:24,  1.50it/s]
qwen2.5-vl/pope/ricd/coco/popular/seed1:  21%|██        | 627/3000 [06:50<25:46,  1.53it/s]
qwen2.5-vl/pope/ricd/coco/popular/seed1:  21%|██        | 628/3000 [06:51<25:24,  1.56it/s]
qwen2.5-vl/pope/ricd/coco/popular/seed1:  21%|██        | 629/3000 [06:51<25:05,  1.57it/s]
qwen2.5-vl/pope/ricd/coco/popular/seed1:  21%|██        | 630/3000 [06:51<19:40,  2.01it/s]
qwen2.5-vl/pope/ricd/coco/popular/seed1:  21%|██        | 631/3000 [06:52<21:03,  1.87it/s]
qwen2.5-vl/pope/ricd/coco/popular/seed1:  21%|██        | 632/3000 [06:53<22:02,  1.79it/s]
qwen2.5-vl/pope/ricd/coco/popular/seed1:  21%|██        | 633/3000 [06:53<22:46,  1.73it/s]
qwen2.5-vl/pope/ricd/coco/popular/seed1:  21%|██        | 634/3000 [06:54<23:15,  1.70it/s]
qwen2.5-vl/pope/ricd/coco/popular/seed1:  21%|██        | 635/3000 [06:54<23:33,  1.67it/s]
qwen2.5-vl/pope/ricd/coco/popular/seed1:  21%|██        | 636/3000 [06:55<23:50,  1.65it/s]
qwen2.5-vl/pope/ricd/coco/popular/seed1:  21%|██        | 637/3000 [06:56<25:23,  1.55it/s]
qwen2.5-vl/pope/ricd/coco/popular/seed1:  21%|██▏       | 638/3000 [06:57<26:32,  1.48it/s]
qwen2.5-vl/pope/ricd/coco/popular/seed1:  21%|██▏       | 639/3000 [06:57<27:16,  1.44it/s]
qwen2.5-vl/pope/ricd/coco/popular/seed1:  21%|██▏       | 640/3000 [06:58<27:48,  1.41it/s]
qwen2.5-vl/pope/ricd/coco/popular/seed1:  21%|██▏       | 641/3000 [06:59<28:05,  1.40it/s]
qwen2.5-vl/pope/ricd/coco/popular/seed1:  21%|██▏       | 642/3000 [06:59<28:16,  1.39it/s]
qwen2.5-vl/pope/ricd/coco/popular/seed1:  21%|██▏       | 643/3000 [07:00<28:24,  1.38it/s]
qwen2.5-vl/pope/ricd/coco/popular/seed1:  21%|██▏       | 644/3000 [07:01<28:30,  1.38it/s]
qwen2.5-vl/pope/ricd/coco/popular/seed1:  22%|██▏       | 645/3000 [07:02<28:41,  1.37it/s]
qwen2.5-vl/pope/ricd/coco/popular/seed1:  22%|██▏       | 646/3000 [07:02<28:47,  1.36it/s]
qwen2.5-vl/pope/ricd/coco/popular/seed1:  22%|██▏       | 647/3000 [07:03<28:51,  1.36it/s]
qwen2.5-vl/pope/ricd/coco/popular/seed1:  22%|██▏       | 648/3000 [07:04<28:55,  1.36it/s]
qwen2.5-vl/pope/ricd/coco/popular/seed1:  22%|██▏       | 649/3000 [07:05<28:52,  1.36it/s]
qwen2.5-vl/pope/ricd/coco/popular/seed1:  22%|██▏       | 650/3000 [07:05<28:52,  1.36it/s]
qwen2.5-vl/pope/ricd/coco/popular/seed1:  22%|██▏       | 651/3000 [07:06<28:57,  1.35it/s]
qwen2.5-vl/pope/ricd/coco/popular/seed1:  22%|██▏       | 652/3000 [07:07<28:56,  1.35it/s]
qwen2.5-vl/pope/ricd/coco/popular/seed1:  22%|██▏       | 653/3000 [07:08<28:58,  1.35it/s]
qwen2.5-vl/pope/ricd/coco/popular/seed1:  22%|██▏       | 654/3000 [07:08<29:03,  1.35it/s]
qwen2.5-vl/pope/ricd/coco/popular/seed1:  22%|██▏       | 655/3000 [07:09<27:05,  1.44it/s]
qwen2.5-vl/pope/ricd/coco/popular/seed1:  22%|██▏       | 656/3000 [07:10<25:47,  1.51it/s]
qwen2.5-vl/pope/ricd/coco/popular/seed1:  22%|██▏       | 657/3000 [07:10<24:46,  1.58it/s]
qwen2.5-vl/pope/ricd/coco/popular/seed1:  22%|██▏       | 658/3000 [07:11<24:00,  1.63it/s]
qwen2.5-vl/pope/ricd/coco/popular/seed1:  22%|██▏       | 659/3000 [07:11<23:27,  1.66it/s]
qwen2.5-vl/pope/ricd/coco/popular/seed1:  22%|██▏       | 660/3000 [07:12<23:03,  1.69it/s]
qwen2.5-vl/pope/ricd/coco/popular/seed1:  22%|██▏       | 661/3000 [07:13<24:44,  1.58it/s]
qwen2.5-vl/pope/ricd/coco/popular/seed1:  22%|██▏       | 662/3000 [07:13<25:55,  1.50it/s]
qwen2.5-vl/pope/ricd/coco/popular/seed1:  22%|██▏       | 663/3000 [07:14<26:51,  1.45it/s]
qwen2.5-vl/pope/ricd/coco/popular/seed1:  22%|██▏       | 664/3000 [07:15<27:22,  1.42it/s]
qwen2.5-vl/pope/ricd/coco/popular/seed1:  22%|██▏       | 665/3000 [07:16<27:42,  1.40it/s]
qwen2.5-vl/pope/ricd/coco/popular/seed1:  22%|██▏       | 666/3000 [07:16<28:05,  1.38it/s]
qwen2.5-vl/pope/ricd/coco/popular/seed1:  22%|██▏       | 667/3000 [07:17<30:08,  1.29it/s]
qwen2.5-vl/pope/ricd/coco/popular/seed1:  22%|██▏       | 668/3000 [07:18<31:32,  1.23it/s]
qwen2.5-vl/pope/ricd/coco/popular/seed1:  22%|██▏       | 669/3000 [07:19<32:38,  1.19it/s]
qwen2.5-vl/pope/ricd/coco/popular/seed1:  22%|██▏       | 670/3000 [07:20<33:15,  1.17it/s]
qwen2.5-vl/pope/ricd/coco/popular/seed1:  22%|██▏       | 671/3000 [07:21<33:48,  1.15it/s]
qwen2.5-vl/pope/ricd/coco/popular/seed1:  22%|██▏       | 672/3000 [07:22<34:08,  1.14it/s]
qwen2.5-vl/pope/ricd/coco/popular/seed1:  22%|██▏       | 673/3000 [07:22<32:26,  1.20it/s]
qwen2.5-vl/pope/ricd/coco/popular/seed1:  22%|██▏       | 674/3000 [07:23<31:15,  1.24it/s]
qwen2.5-vl/pope/ricd/coco/popular/seed1:  22%|██▎       | 675/3000 [07:24<30:23,  1.28it/s]
qwen2.5-vl/pope/ricd/coco/popular/seed1:  23%|██▎       | 676/3000 [07:25<29:46,  1.30it/s]
qwen2.5-vl/pope/ricd/coco/popular/seed1:  23%|██▎       | 677/3000 [07:25<29:20,  1.32it/s]
qwen2.5-vl/pope/ricd/coco/popular/seed1:  23%|██▎       | 678/3000 [07:26<29:01,  1.33it/s]
qwen2.5-vl/pope/ricd/coco/popular/seed1:  23%|██▎       | 679/3000 [07:27<31:32,  1.23it/s]
qwen2.5-vl/pope/ricd/coco/popular/seed1:  23%|██▎       | 680/3000 [07:28<33:11,  1.16it/s]
qwen2.5-vl/pope/ricd/coco/popular/seed1:  23%|██▎       | 681/3000 [07:29<34:19,  1.13it/s]
qwen2.5-vl/pope/ricd/coco/popular/seed1:  23%|██▎       | 682/3000 [07:30<35:08,  1.10it/s]
qwen2.5-vl/pope/ricd/coco/popular/seed1:  23%|██▎       | 683/3000 [07:31<35:45,  1.08it/s]
qwen2.5-vl/pope/ricd/coco/popular/seed1:  23%|██▎       | 684/3000 [07:32<36:08,  1.07it/s]
qwen2.5-vl/pope/ricd/coco/popular/seed1:  23%|██▎       | 685/3000 [07:33<34:03,  1.13it/s]
qwen2.5-vl/pope/ricd/coco/popular/seed1:  23%|██▎       | 686/3000 [07:33<32:33,  1.18it/s]
qwen2.5-vl/pope/ricd/coco/popular/seed1:  23%|██▎       | 687/3000 [07:34<31:34,  1.22it/s]
qwen2.5-vl/pope/ricd/coco/popular/seed1:  23%|██▎       | 688/3000 [07:35<30:46,  1.25it/s]
qwen2.5-vl/pope/ricd/coco/popular/seed1:  23%|██▎       | 689/3000 [07:36<30:15,  1.27it/s]
qwen2.5-vl/pope/ricd/coco/popular/seed1:  23%|██▎       | 690/3000 [07:36<29:55,  1.29it/s]
qwen2.5-vl/pope/ricd/coco/popular/seed1:  23%|██▎       | 691/3000 [07:37<29:25,  1.31it/s]
qwen2.5-vl/pope/ricd/coco/popular/seed1:  23%|██▎       | 692/3000 [07:38<29:03,  1.32it/s]
qwen2.5-vl/pope/ricd/coco/popular/seed1:  23%|██▎       | 693/3000 [07:39<28:46,  1.34it/s]
qwen2.5-vl/pope/ricd/coco/popular/seed1:  23%|██▎       | 694/3000 [07:39<28:33,  1.35it/s]
qwen2.5-vl/pope/ricd/coco/popular/seed1:  23%|██▎       | 695/3000 [07:40<28:28,  1.35it/s]
qwen2.5-vl/pope/ricd/coco/popular/seed1:  23%|██▎       | 696/3000 [07:41<28:30,  1.35it/s]
qwen2.5-vl/pope/ricd/coco/popular/seed1:  23%|██▎       | 697/3000 [07:42<28:24,  1.35it/s]
qwen2.5-vl/pope/ricd/coco/popular/seed1:  23%|██▎       | 698/3000 [07:42<28:25,  1.35it/s]
qwen2.5-vl/pope/ricd/coco/popular/seed1:  23%|██▎       | 699/3000 [07:43<28:55,  1.33it/s]
qwen2.5-vl/pope/ricd/coco/popular/seed1:  23%|██▎       | 700/3000 [07:44<29:15,  1.31it/s]
qwen2.5-vl/pope/ricd/coco/popular/seed1:  23%|██▎       | 701/3000 [07:45<29:07,  1.32it/s]
qwen2.5-vl/pope/ricd/coco/popular/seed1:  23%|██▎       | 702/3000 [07:45<28:50,  1.33it/s]
qwen2.5-vl/pope/ricd/coco/popular/seed1:  23%|██▎       | 703/3000 [07:46<27:14,  1.41it/s]
qwen2.5-vl/pope/ricd/coco/popular/seed1:  23%|██▎       | 704/3000 [07:47<26:08,  1.46it/s]
qwen2.5-vl/pope/ricd/coco/popular/seed1:  24%|██▎       | 705/3000 [07:47<25:20,  1.51it/s]
qwen2.5-vl/pope/ricd/coco/popular/seed1:  24%|██▎       | 706/3000 [07:48<24:51,  1.54it/s]
qwen2.5-vl/pope/ricd/coco/popular/seed1:  24%|██▎       | 707/3000 [07:48<24:29,  1.56it/s]
qwen2.5-vl/pope/ricd/coco/popular/seed1:  24%|██▎       | 708/3000 [07:49<24:14,  1.58it/s]
qwen2.5-vl/pope/ricd/coco/popular/seed1:  24%|██▎       | 709/3000 [07:50<25:28,  1.50it/s]
qwen2.5-vl/pope/ricd/coco/popular/seed1:  24%|██▎       | 710/3000 [07:50<26:11,  1.46it/s]
qwen2.5-vl/pope/ricd/coco/popular/seed1:  24%|██▎       | 711/3000 [07:51<26:47,  1.42it/s]
qwen2.5-vl/pope/ricd/coco/popular/seed1:  24%|██▎       | 712/3000 [07:52<27:09,  1.40it/s]
qwen2.5-vl/pope/ricd/coco/popular/seed1:  24%|██▍       | 713/3000 [07:53<27:22,  1.39it/s]
qwen2.5-vl/pope/ricd/coco/popular/seed1:  24%|██▍       | 714/3000 [07:53<27:31,  1.38it/s]
qwen2.5-vl/pope/ricd/coco/popular/seed1:  24%|██▍       | 715/3000 [07:54<26:13,  1.45it/s]
qwen2.5-vl/pope/ricd/coco/popular/seed1:  24%|██▍       | 716/3000 [07:55<25:19,  1.50it/s]
qwen2.5-vl/pope/ricd/coco/popular/seed1:  24%|██▍       | 717/3000 [07:55<24:41,  1.54it/s]
qwen2.5-vl/pope/ricd/coco/popular/seed1:  24%|██▍       | 718/3000 [07:56<24:14,  1.57it/s]
qwen2.5-vl/pope/ricd/coco/popular/seed1:  24%|██▍       | 719/3000 [07:56<23:54,  1.59it/s]
qwen2.5-vl/pope/ricd/coco/popular/seed1:  24%|██▍       | 720/3000 [07:57<23:41,  1.60it/s]
qwen2.5-vl/pope/ricd/coco/popular/seed1:  24%|██▍       | 721/3000 [07:58<25:24,  1.49it/s]
qwen2.5-vl/pope/ricd/coco/popular/seed1:  24%|██▍       | 722/3000 [07:59<26:28,  1.43it/s]
qwen2.5-vl/pope/ricd/coco/popular/seed1:  24%|██▍       | 723/3000 [07:59<27:12,  1.39it/s]
qwen2.5-vl/pope/ricd/coco/popular/seed1:  24%|██▍       | 724/3000 [08:00<27:24,  1.38it/s]
qwen2.5-vl/pope/ricd/coco/popular/seed1:  24%|██▍       | 725/3000 [08:01<27:36,  1.37it/s]
qwen2.5-vl/pope/ricd/coco/popular/seed1:  24%|██▍       | 726/3000 [08:02<27:43,  1.37it/s]
qwen2.5-vl/pope/ricd/coco/popular/seed1:  24%|██▍       | 727/3000 [08:02<26:22,  1.44it/s]
qwen2.5-vl/pope/ricd/coco/popular/seed1:  24%|██▍       | 728/3000 [08:03<25:23,  1.49it/s]
qwen2.5-vl/pope/ricd/coco/popular/seed1:  24%|██▍       | 729/3000 [08:03<24:42,  1.53it/s]
qwen2.5-vl/pope/ricd/coco/popular/seed1:  24%|██▍       | 730/3000 [08:04<24:15,  1.56it/s]
qwen2.5-vl/pope/ricd/coco/popular/seed1:  24%|██▍       | 731/3000 [08:05<23:56,  1.58it/s]
qwen2.5-vl/pope/ricd/coco/popular/seed1:  24%|██▍       | 732/3000 [08:05<23:42,  1.59it/s]
qwen2.5-vl/pope/ricd/coco/popular/seed1:  24%|██▍       | 733/3000 [08:06<25:00,  1.51it/s]
qwen2.5-vl/pope/ricd/coco/popular/seed1:  24%|██▍       | 734/3000 [08:07<25:46,  1.47it/s]
qwen2.5-vl/pope/ricd/coco/popular/seed1:  24%|██▍       | 735/3000 [08:07<26:18,  1.44it/s]
qwen2.5-vl/pope/ricd/coco/popular/seed1:  25%|██▍       | 736/3000 [08:08<26:40,  1.41it/s]
qwen2.5-vl/pope/ricd/coco/popular/seed1:  25%|██▍       | 737/3000 [08:09<26:57,  1.40it/s]
qwen2.5-vl/pope/ricd/coco/popular/seed1:  25%|██▍       | 738/3000 [08:10<27:07,  1.39it/s]
qwen2.5-vl/pope/ricd/coco/popular/seed1:  25%|██▍       | 739/3000 [08:10<27:13,  1.38it/s]
qwen2.5-vl/pope/ricd/coco/popular/seed1:  25%|██▍       | 740/3000 [08:11<27:20,  1.38it/s]
qwen2.5-vl/pope/ricd/coco/popular/seed1:  25%|██▍       | 741/3000 [08:12<27:22,  1.38it/s]
qwen2.5-vl/pope/ricd/coco/popular/seed1:  25%|██▍       | 742/3000 [08:13<27:23,  1.37it/s]
qwen2.5-vl/pope/ricd/coco/popular/seed1:  25%|██▍       | 743/3000 [08:13<27:25,  1.37it/s]
qwen2.5-vl/pope/ricd/coco/popular/seed1:  25%|██▍       | 744/3000 [08:14<27:25,  1.37it/s]
qwen2.5-vl/pope/ricd/coco/popular/seed1:  25%|██▍       | 745/3000 [08:15<27:25,  1.37it/s]
qwen2.5-vl/pope/ricd/coco/popular/seed1:  25%|██▍       | 746/3000 [08:16<27:31,  1.37it/s]
qwen2.5-vl/pope/ricd/coco/popular/seed1:  25%|██▍       | 747/3000 [08:16<27:36,  1.36it/s]
qwen2.5-vl/pope/ricd/coco/popular/seed1:  25%|██▍       | 748/3000 [08:17<27:37,  1.36it/s]
qwen2.5-vl/pope/ricd/coco/popular/seed1:  25%|██▍       | 749/3000 [08:18<27:42,  1.35it/s]
qwen2.5-vl/pope/ricd/coco/popular/seed1:  25%|██▌       | 750/3000 [08:19<27:43,  1.35it/s]
qwen2.5-vl/pope/ricd/coco/popular/seed1:  25%|██▌       | 751/3000 [08:19<25:52,  1.45it/s]
qwen2.5-vl/pope/ricd/coco/popular/seed1:  25%|██▌       | 752/3000 [08:20<24:30,  1.53it/s]
qwen2.5-vl/pope/ricd/coco/popular/seed1:  25%|██▌       | 753/3000 [08:20<23:32,  1.59it/s]
qwen2.5-vl/pope/ricd/coco/popular/seed1:  25%|██▌       | 754/3000 [08:21<22:50,  1.64it/s]
qwen2.5-vl/pope/ricd/coco/popular/seed1:  25%|██▌       | 755/3000 [08:21<22:23,  1.67it/s]
qwen2.5-vl/pope/ricd/coco/popular/seed1:  25%|██▌       | 756/3000 [08:22<22:03,  1.70it/s]
qwen2.5-vl/pope/ricd/coco/popular/seed1:  25%|██▌       | 757/3000 [08:22<21:47,  1.72it/s]
qwen2.5-vl/pope/ricd/coco/popular/seed1:  25%|██▌       | 758/3000 [08:23<21:36,  1.73it/s]
qwen2.5-vl/pope/ricd/coco/popular/seed1:  25%|██▌       | 759/3000 [08:24<21:29,  1.74it/s]
qwen2.5-vl/pope/ricd/coco/popular/seed1:  25%|██▌       | 760/3000 [08:24<21:37,  1.73it/s]
qwen2.5-vl/pope/ricd/coco/popular/seed1:  25%|██▌       | 761/3000 [08:25<21:37,  1.73it/s]
qwen2.5-vl/pope/ricd/coco/popular/seed1:  25%|██▌       | 762/3000 [08:25<21:31,  1.73it/s]
qwen2.5-vl/pope/ricd/coco/popular/seed1:  25%|██▌       | 763/3000 [08:26<22:35,  1.65it/s]
qwen2.5-vl/pope/ricd/coco/popular/seed1:  25%|██▌       | 764/3000 [08:27<23:21,  1.60it/s]
qwen2.5-vl/pope/ricd/coco/popular/seed1:  26%|██▌       | 765/3000 [08:27<23:54,  1.56it/s]
qwen2.5-vl/pope/ricd/coco/popular/seed1:  26%|██▌       | 766/3000 [08:28<24:13,  1.54it/s]
qwen2.5-vl/pope/ricd/coco/popular/seed1:  26%|██▌       | 767/3000 [08:29<24:30,  1.52it/s]
qwen2.5-vl/pope/ricd/coco/popular/seed1:  26%|██▌       | 768/3000 [08:29<24:48,  1.50it/s]
qwen2.5-vl/pope/ricd/coco/popular/seed1:  26%|██▌       | 769/3000 [08:30<23:48,  1.56it/s]
qwen2.5-vl/pope/ricd/coco/popular/seed1:  26%|██▌       | 770/3000 [08:31<23:05,  1.61it/s]
qwen2.5-vl/pope/ricd/coco/popular/seed1:  26%|██▌       | 771/3000 [08:31<22:39,  1.64it/s]
qwen2.5-vl/pope/ricd/coco/popular/seed1:  26%|██▌       | 772/3000 [08:32<22:28,  1.65it/s]
qwen2.5-vl/pope/ricd/coco/popular/seed1:  26%|██▌       | 773/3000 [08:32<22:11,  1.67it/s]
qwen2.5-vl/pope/ricd/coco/popular/seed1:  26%|██▌       | 774/3000 [08:33<21:53,  1.69it/s]
qwen2.5-vl/pope/ricd/coco/popular/seed1:  26%|██▌       | 775/3000 [08:34<23:28,  1.58it/s]
qwen2.5-vl/pope/ricd/coco/popular/seed1:  26%|██▌       | 776/3000 [08:34<24:35,  1.51it/s]
qwen2.5-vl/pope/ricd/coco/popular/seed1:  26%|██▌       | 777/3000 [08:35<25:24,  1.46it/s]
qwen2.5-vl/pope/ricd/coco/popular/seed1:  26%|██▌       | 778/3000 [08:36<26:00,  1.42it/s]
qwen2.5-vl/pope/ricd/coco/popular/seed1:  26%|██▌       | 779/3000 [08:37<26:28,  1.40it/s]
qwen2.5-vl/pope/ricd/coco/popular/seed1:  26%|██▌       | 780/3000 [08:37<26:47,  1.38it/s]
qwen2.5-vl/pope/ricd/coco/popular/seed1:  26%|██▌       | 781/3000 [08:38<25:08,  1.47it/s]
qwen2.5-vl/pope/ricd/coco/popular/seed1:  26%|██▌       | 782/3000 [08:39<24:00,  1.54it/s]
qwen2.5-vl/pope/ricd/coco/popular/seed1:  26%|██▌       | 783/3000 [08:39<23:12,  1.59it/s]
qwen2.5-vl/pope/ricd/coco/popular/seed1:  26%|██▌       | 784/3000 [08:40<22:41,  1.63it/s]
qwen2.5-vl/pope/ricd/coco/popular/seed1:  26%|██▌       | 785/3000 [08:40<22:25,  1.65it/s]
qwen2.5-vl/pope/ricd/coco/popular/seed1:  26%|██▌       | 786/3000 [08:41<22:13,  1.66it/s]
qwen2.5-vl/pope/ricd/coco/popular/seed1:  26%|██▌       | 787/3000 [08:41<22:39,  1.63it/s]
qwen2.5-vl/pope/ricd/coco/popular/seed1:  26%|██▋       | 788/3000 [08:42<22:44,  1.62it/s]
qwen2.5-vl/pope/ricd/coco/popular/seed1:  26%|██▋       | 789/3000 [08:43<22:40,  1.62it/s]
qwen2.5-vl/pope/ricd/coco/popular/seed1:  26%|██▋       | 790/3000 [08:43<22:38,  1.63it/s]
qwen2.5-vl/pope/ricd/coco/popular/seed1:  26%|██▋       | 791/3000 [08:44<22:36,  1.63it/s]
qwen2.5-vl/pope/ricd/coco/popular/seed1:  26%|██▋       | 792/3000 [08:45<22:37,  1.63it/s]
qwen2.5-vl/pope/ricd/coco/popular/seed1:  26%|██▋       | 793/3000 [08:45<22:07,  1.66it/s]
qwen2.5-vl/pope/ricd/coco/popular/seed1:  26%|██▋       | 794/3000 [08:46<21:47,  1.69it/s]
qwen2.5-vl/pope/ricd/coco/popular/seed1:  26%|██▋       | 795/3000 [08:46<21:28,  1.71it/s]
qwen2.5-vl/pope/ricd/coco/popular/seed1:  27%|██▋       | 796/3000 [08:47<21:16,  1.73it/s]
qwen2.5-vl/pope/ricd/coco/popular/seed1:  27%|██▋       | 797/3000 [08:47<21:06,  1.74it/s]
qwen2.5-vl/pope/ricd/coco/popular/seed1:  27%|██▋       | 798/3000 [08:48<21:01,  1.75it/s]
qwen2.5-vl/pope/ricd/coco/popular/seed1:  27%|██▋       | 799/3000 [08:49<24:31,  1.50it/s]
qwen2.5-vl/pope/ricd/coco/popular/seed1:  27%|██▋       | 800/3000 [08:50<26:58,  1.36it/s]
qwen2.5-vl/pope/ricd/coco/popular/seed1:  27%|██▋       | 801/3000 [08:51<28:40,  1.28it/s]
qwen2.5-vl/pope/ricd/coco/popular/seed1:  27%|██▋       | 802/3000 [08:52<29:51,  1.23it/s]
qwen2.5-vl/pope/ricd/coco/popular/seed1:  27%|██▋       | 803/3000 [08:52<30:41,  1.19it/s]
qwen2.5-vl/pope/ricd/coco/popular/seed1:  27%|██▋       | 804/3000 [08:53<31:16,  1.17it/s]
qwen2.5-vl/pope/ricd/coco/popular/seed1:  27%|██▋       | 805/3000 [08:54<28:05,  1.30it/s]
qwen2.5-vl/pope/ricd/coco/popular/seed1:  27%|██▋       | 806/3000 [08:54<25:52,  1.41it/s]
qwen2.5-vl/pope/ricd/coco/popular/seed1:  27%|██▋       | 807/3000 [08:55<24:18,  1.50it/s]
qwen2.5-vl/pope/ricd/coco/popular/seed1:  27%|██▋       | 808/3000 [08:56<23:11,  1.58it/s]
qwen2.5-vl/pope/ricd/coco/popular/seed1:  27%|██▋       | 809/3000 [08:56<22:25,  1.63it/s]
qwen2.5-vl/pope/ricd/coco/popular/seed1:  27%|██▋       | 810/3000 [08:57<22:01,  1.66it/s]
qwen2.5-vl/pope/ricd/coco/popular/seed1:  27%|██▋       | 811/3000 [08:57<23:23,  1.56it/s]
qwen2.5-vl/pope/ricd/coco/popular/seed1:  27%|██▋       | 812/3000 [08:58<24:24,  1.49it/s]
qwen2.5-vl/pope/ricd/coco/popular/seed1:  27%|██▋       | 813/3000 [08:59<25:06,  1.45it/s]
qwen2.5-vl/pope/ricd/coco/popular/seed1:  27%|██▋       | 814/3000 [09:00<25:47,  1.41it/s]
qwen2.5-vl/pope/ricd/coco/popular/seed1:  27%|██▋       | 815/3000 [09:00<26:13,  1.39it/s]
qwen2.5-vl/pope/ricd/coco/popular/seed1:  27%|██▋       | 816/3000 [09:01<26:27,  1.38it/s]
qwen2.5-vl/pope/ricd/coco/popular/seed1:  27%|██▋       | 817/3000 [09:02<26:29,  1.37it/s]
qwen2.5-vl/pope/ricd/coco/popular/seed1:  27%|██▋       | 818/3000 [09:03<26:34,  1.37it/s]
qwen2.5-vl/pope/ricd/coco/popular/seed1:  27%|██▋       | 819/3000 [09:03<26:35,  1.37it/s]
qwen2.5-vl/pope/ricd/coco/popular/seed1:  27%|██▋       | 820/3000 [09:04<26:37,  1.36it/s]
qwen2.5-vl/pope/ricd/coco/popular/seed1:  27%|██▋       | 821/3000 [09:05<26:36,  1.37it/s]
qwen2.5-vl/pope/ricd/coco/popular/seed1:  27%|██▋       | 822/3000 [09:06<26:41,  1.36it/s]
qwen2.5-vl/pope/ricd/coco/popular/seed1:  27%|██▋       | 823/3000 [09:06<25:22,  1.43it/s]
qwen2.5-vl/pope/ricd/coco/popular/seed1:  27%|██▋       | 824/3000 [09:07<24:25,  1.48it/s]
qwen2.5-vl/pope/ricd/coco/popular/seed1:  28%|██▊       | 825/3000 [09:07<23:49,  1.52it/s]
qwen2.5-vl/pope/ricd/coco/popular/seed1:  28%|██▊       | 826/3000 [09:08<23:25,  1.55it/s]
qwen2.5-vl/pope/ricd/coco/popular/seed1:  28%|██▊       | 827/3000 [09:09<23:08,  1.57it/s]
qwen2.5-vl/pope/ricd/coco/popular/seed1:  28%|██▊       | 828/3000 [09:09<22:51,  1.58it/s]
qwen2.5-vl/pope/ricd/coco/popular/seed1:  28%|██▊       | 829/3000 [09:10<22:40,  1.60it/s]
qwen2.5-vl/pope/ricd/coco/popular/seed1:  28%|██▊       | 830/3000 [09:11<22:31,  1.61it/s]
qwen2.5-vl/pope/ricd/coco/popular/seed1:  28%|██▊       | 831/3000 [09:11<22:26,  1.61it/s]
qwen2.5-vl/pope/ricd/coco/popular/seed1:  28%|██▊       | 832/3000 [09:12<22:24,  1.61it/s]
qwen2.5-vl/pope/ricd/coco/popular/seed1:  28%|██▊       | 833/3000 [09:12<22:19,  1.62it/s]
qwen2.5-vl/pope/ricd/coco/popular/seed1:  28%|██▊       | 834/3000 [09:13<22:15,  1.62it/s]
qwen2.5-vl/pope/ricd/coco/popular/seed1:  28%|██▊       | 835/3000 [09:14<25:24,  1.42it/s]
qwen2.5-vl/pope/ricd/coco/popular/seed1:  28%|██▊       | 836/3000 [09:15<27:32,  1.31it/s]
qwen2.5-vl/pope/ricd/coco/popular/seed1:  28%|██▊       | 837/3000 [09:16<29:03,  1.24it/s]
qwen2.5-vl/pope/ricd/coco/popular/seed1:  28%|██▊       | 838/3000 [09:17<30:01,  1.20it/s]
qwen2.5-vl/pope/ricd/coco/popular/seed1:  28%|██▊       | 839/3000 [09:17<30:46,  1.17it/s]
qwen2.5-vl/pope/ricd/coco/popular/seed1:  28%|██▊       | 840/3000 [09:18<31:17,  1.15it/s]
qwen2.5-vl/pope/ricd/coco/popular/seed1:  28%|██▊       | 841/3000 [09:19<29:46,  1.21it/s]
qwen2.5-vl/pope/ricd/coco/popular/seed1:  28%|██▊       | 842/3000 [09:20<28:46,  1.25it/s]
qwen2.5-vl/pope/ricd/coco/popular/seed1:  28%|██▊       | 843/3000 [09:21<28:00,  1.28it/s]
qwen2.5-vl/pope/ricd/coco/popular/seed1:  28%|██▊       | 844/3000 [09:21<27:29,  1.31it/s]
qwen2.5-vl/pope/ricd/coco/popular/seed1:  28%|██▊       | 845/3000 [09:22<27:07,  1.32it/s]
qwen2.5-vl/pope/ricd/coco/popular/seed1:  28%|██▊       | 846/3000 [09:23<26:56,  1.33it/s]
qwen2.5-vl/pope/ricd/coco/popular/seed1:  28%|██▊       | 847/3000 [09:24<26:51,  1.34it/s]
qwen2.5-vl/pope/ricd/coco/popular/seed1:  28%|██▊       | 848/3000 [09:24<26:39,  1.35it/s]
qwen2.5-vl/pope/ricd/coco/popular/seed1:  28%|██▊       | 849/3000 [09:25<26:31,  1.35it/s]
qwen2.5-vl/pope/ricd/coco/popular/seed1:  28%|██▊       | 850/3000 [09:26<26:28,  1.35it/s]
qwen2.5-vl/pope/ricd/coco/popular/seed1:  28%|██▊       | 851/3000 [09:26<26:23,  1.36it/s]
qwen2.5-vl/pope/ricd/coco/popular/seed1:  28%|██▊       | 852/3000 [09:27<26:19,  1.36it/s]
qwen2.5-vl/pope/ricd/coco/popular/seed1:  28%|██▊       | 853/3000 [09:28<25:00,  1.43it/s]
qwen2.5-vl/pope/ricd/coco/popular/seed1:  28%|██▊       | 854/3000 [09:28<24:03,  1.49it/s]
qwen2.5-vl/pope/ricd/coco/popular/seed1:  28%|██▊       | 855/3000 [09:29<23:24,  1.53it/s]
qwen2.5-vl/pope/ricd/coco/popular/seed1:  29%|██▊       | 856/3000 [09:30<23:04,  1.55it/s]
qwen2.5-vl/pope/ricd/coco/popular/seed1:  29%|██▊       | 857/3000 [09:30<22:47,  1.57it/s]
qwen2.5-vl/pope/ricd/coco/popular/seed1:  29%|██▊       | 858/3000 [09:31<22:35,  1.58it/s]
qwen2.5-vl/pope/ricd/coco/popular/seed1:  29%|██▊       | 859/3000 [09:32<22:26,  1.59it/s]
qwen2.5-vl/pope/ricd/coco/popular/seed1:  29%|██▊       | 860/3000 [09:32<22:15,  1.60it/s]
qwen2.5-vl/pope/ricd/coco/popular/seed1:  29%|██▊       | 861/3000 [09:33<22:05,  1.61it/s]
qwen2.5-vl/pope/ricd/coco/popular/seed1:  29%|██▊       | 862/3000 [09:33<21:52,  1.63it/s]
qwen2.5-vl/pope/ricd/coco/popular/seed1:  29%|██▉       | 863/3000 [09:34<21:49,  1.63it/s]
qwen2.5-vl/pope/ricd/coco/popular/seed1:  29%|██▉       | 864/3000 [09:35<21:46,  1.64it/s]
qwen2.5-vl/pope/ricd/coco/popular/seed1:  29%|██▉       | 865/3000 [09:35<21:43,  1.64it/s]
qwen2.5-vl/pope/ricd/coco/popular/seed1:  29%|██▉       | 866/3000 [09:36<21:38,  1.64it/s]
qwen2.5-vl/pope/ricd/coco/popular/seed1:  29%|██▉       | 867/3000 [09:36<21:45,  1.63it/s]
qwen2.5-vl/pope/ricd/coco/popular/seed1:  29%|██▉       | 868/3000 [09:37<21:56,  1.62it/s]
qwen2.5-vl/pope/ricd/coco/popular/seed1:  29%|██▉       | 869/3000 [09:38<22:04,  1.61it/s]
qwen2.5-vl/pope/ricd/coco/popular/seed1:  29%|██▉       | 870/3000 [09:38<22:13,  1.60it/s]
qwen2.5-vl/pope/ricd/coco/popular/seed1:  29%|██▉       | 871/3000 [09:39<21:40,  1.64it/s]
qwen2.5-vl/pope/ricd/coco/popular/seed1:  29%|██▉       | 872/3000 [09:39<21:11,  1.67it/s]
qwen2.5-vl/pope/ricd/coco/popular/seed1:  29%|██▉       | 873/3000 [09:40<21:02,  1.69it/s]
qwen2.5-vl/pope/ricd/coco/popular/seed1:  29%|██▉       | 874/3000 [09:41<21:00,  1.69it/s]
qwen2.5-vl/pope/ricd/coco/popular/seed1:  29%|██▉       | 875/3000 [09:41<21:01,  1.68it/s]
qwen2.5-vl/pope/ricd/coco/popular/seed1:  29%|██▉       | 876/3000 [09:42<20:52,  1.70it/s]
qwen2.5-vl/pope/ricd/coco/popular/seed1:  29%|██▉       | 877/3000 [09:42<21:06,  1.68it/s]
qwen2.5-vl/pope/ricd/coco/popular/seed1:  29%|██▉       | 878/3000 [09:43<21:19,  1.66it/s]
qwen2.5-vl/pope/ricd/coco/popular/seed1:  29%|██▉       | 879/3000 [09:44<21:28,  1.65it/s]
qwen2.5-vl/pope/ricd/coco/popular/seed1:  29%|██▉       | 880/3000 [09:44<21:32,  1.64it/s]
qwen2.5-vl/pope/ricd/coco/popular/seed1:  29%|██▉       | 881/3000 [09:45<21:34,  1.64it/s]
qwen2.5-vl/pope/ricd/coco/popular/seed1:  29%|██▉       | 882/3000 [09:45<21:34,  1.64it/s]
qwen2.5-vl/pope/ricd/coco/popular/seed1:  29%|██▉       | 883/3000 [09:46<22:34,  1.56it/s]
qwen2.5-vl/pope/ricd/coco/popular/seed1:  29%|██▉       | 884/3000 [09:47<23:11,  1.52it/s]
qwen2.5-vl/pope/ricd/coco/popular/seed1:  30%|██▉       | 885/3000 [09:48<23:41,  1.49it/s]
qwen2.5-vl/pope/ricd/coco/popular/seed1:  30%|██▉       | 886/3000 [09:48<23:56,  1.47it/s]
qwen2.5-vl/pope/ricd/coco/popular/seed1:  30%|██▉       | 887/3000 [09:49<24:06,  1.46it/s]
qwen2.5-vl/pope/ricd/coco/popular/seed1:  30%|██▉       | 888/3000 [09:50<24:11,  1.46it/s]
qwen2.5-vl/pope/ricd/coco/popular/seed1:  30%|██▉       | 889/3000 [09:50<23:15,  1.51it/s]
qwen2.5-vl/pope/ricd/coco/popular/seed1:  30%|██▉       | 890/3000 [09:51<22:45,  1.54it/s]
qwen2.5-vl/pope/ricd/coco/popular/seed1:  30%|██▉       | 891/3000 [09:52<22:14,  1.58it/s]
qwen2.5-vl/pope/ricd/coco/popular/seed1:  30%|██▉       | 892/3000 [09:52<21:52,  1.61it/s]
qwen2.5-vl/pope/ricd/coco/popular/seed1:  30%|██▉       | 893/3000 [09:53<21:35,  1.63it/s]
qwen2.5-vl/pope/ricd/coco/popular/seed1:  30%|██▉       | 894/3000 [09:53<21:28,  1.63it/s]
qwen2.5-vl/pope/ricd/coco/popular/seed1:  30%|██▉       | 895/3000 [09:54<22:40,  1.55it/s]
qwen2.5-vl/pope/ricd/coco/popular/seed1:  30%|██▉       | 896/3000 [09:55<23:30,  1.49it/s]
qwen2.5-vl/pope/ricd/coco/popular/seed1:  30%|██▉       | 897/3000 [09:55<24:06,  1.45it/s]
qwen2.5-vl/pope/ricd/coco/popular/seed1:  30%|██▉       | 898/3000 [09:56<24:32,  1.43it/s]
qwen2.5-vl/pope/ricd/coco/popular/seed1:  30%|██▉       | 899/3000 [09:57<24:53,  1.41it/s]
qwen2.5-vl/pope/ricd/coco/popular/seed1:  30%|███       | 900/3000 [09:58<25:05,  1.40it/s]
qwen2.5-vl/pope/ricd/coco/popular/seed1:  30%|███       | 901/3000 [09:58<25:10,  1.39it/s]
qwen2.5-vl/pope/ricd/coco/popular/seed1:  30%|███       | 902/3000 [09:59<25:14,  1.39it/s]
qwen2.5-vl/pope/ricd/coco/popular/seed1:  30%|███       | 903/3000 [10:00<25:19,  1.38it/s]
qwen2.5-vl/pope/ricd/coco/popular/seed1:  30%|███       | 904/3000 [10:01<25:19,  1.38it/s]
qwen2.5-vl/pope/ricd/coco/popular/seed1:  30%|███       | 905/3000 [10:01<25:20,  1.38it/s]
qwen2.5-vl/pope/ricd/coco/popular/seed1:  30%|███       | 906/3000 [10:02<25:20,  1.38it/s]
qwen2.5-vl/pope/ricd/coco/popular/seed1:  30%|███       | 907/3000 [10:03<23:39,  1.47it/s]
qwen2.5-vl/pope/ricd/coco/popular/seed1:  30%|███       | 908/3000 [10:03<22:28,  1.55it/s]
qwen2.5-vl/pope/ricd/coco/popular/seed1:  30%|███       | 909/3000 [10:04<21:37,  1.61it/s]
qwen2.5-vl/pope/ricd/coco/popular/seed1:  30%|███       | 910/3000 [10:04<21:03,  1.65it/s]
qwen2.5-vl/pope/ricd/coco/popular/seed1:  30%|███       | 911/3000 [10:05<20:38,  1.69it/s]
qwen2.5-vl/pope/ricd/coco/popular/seed1:  30%|███       | 912/3000 [10:05<20:20,  1.71it/s]
qwen2.5-vl/pope/ricd/coco/popular/seed1:  30%|███       | 913/3000 [10:06<21:44,  1.60it/s]
qwen2.5-vl/pope/ricd/coco/popular/seed1:  30%|███       | 914/3000 [10:07<22:45,  1.53it/s]
qwen2.5-vl/pope/ricd/coco/popular/seed1:  30%|███       | 915/3000 [10:08<23:27,  1.48it/s]
qwen2.5-vl/pope/ricd/coco/popular/seed1:  31%|███       | 916/3000 [10:08<24:02,  1.45it/s]
qwen2.5-vl/pope/ricd/coco/popular/seed1:  31%|███       | 917/3000 [10:09<24:39,  1.41it/s]
qwen2.5-vl/pope/ricd/coco/popular/seed1:  31%|███       | 918/3000 [10:10<24:57,  1.39it/s]
qwen2.5-vl/pope/ricd/coco/popular/seed1:  31%|███       | 919/3000 [10:10<23:56,  1.45it/s]
qwen2.5-vl/pope/ricd/coco/popular/seed1:  31%|███       | 920/3000 [10:11<23:09,  1.50it/s]
qwen2.5-vl/pope/ricd/coco/popular/seed1:  31%|███       | 921/3000 [10:12<22:35,  1.53it/s]
qwen2.5-vl/pope/ricd/coco/popular/seed1:  31%|███       | 922/3000 [10:12<22:12,  1.56it/s]
qwen2.5-vl/pope/ricd/coco/popular/seed1:  31%|███       | 923/3000 [10:13<21:55,  1.58it/s]
qwen2.5-vl/pope/ricd/coco/popular/seed1:  31%|███       | 924/3000 [10:14<21:45,  1.59it/s]
qwen2.5-vl/pope/ricd/coco/popular/seed1:  31%|███       | 925/3000 [10:14<21:39,  1.60it/s]
qwen2.5-vl/pope/ricd/coco/popular/seed1:  31%|███       | 926/3000 [10:15<21:36,  1.60it/s]
qwen2.5-vl/pope/ricd/coco/popular/seed1:  31%|███       | 927/3000 [10:15<21:34,  1.60it/s]
qwen2.5-vl/pope/ricd/coco/popular/seed1:  31%|███       | 928/3000 [10:16<21:33,  1.60it/s]
qwen2.5-vl/pope/ricd/coco/popular/seed1:  31%|███       | 929/3000 [10:17<21:42,  1.59it/s]
qwen2.5-vl/pope/ricd/coco/popular/seed1:  31%|███       | 930/3000 [10:17<21:36,  1.60it/s]
qwen2.5-vl/pope/ricd/coco/popular/seed1:  31%|███       | 931/3000 [10:18<22:29,  1.53it/s]
qwen2.5-vl/pope/ricd/coco/popular/seed1:  31%|███       | 932/3000 [10:19<23:09,  1.49it/s]
qwen2.5-vl/pope/ricd/coco/popular/seed1:  31%|███       | 933/3000 [10:19<23:31,  1.46it/s]
qwen2.5-vl/pope/ricd/coco/popular/seed1:  31%|███       | 934/3000 [10:20<23:45,  1.45it/s]
qwen2.5-vl/pope/ricd/coco/popular/seed1:  31%|███       | 935/3000 [10:21<23:57,  1.44it/s]
qwen2.5-vl/pope/ricd/coco/popular/seed1:  31%|███       | 936/3000 [10:22<24:09,  1.42it/s]
qwen2.5-vl/pope/ricd/coco/popular/seed1:  31%|███       | 937/3000 [10:22<23:23,  1.47it/s]
qwen2.5-vl/pope/ricd/coco/popular/seed1:  31%|███▏      | 938/3000 [10:23<22:46,  1.51it/s]
qwen2.5-vl/pope/ricd/coco/popular/seed1:  31%|███▏      | 939/3000 [10:23<22:19,  1.54it/s]
qwen2.5-vl/pope/ricd/coco/popular/seed1:  31%|███▏      | 940/3000 [10:24<22:02,  1.56it/s]
qwen2.5-vl/pope/ricd/coco/popular/seed1:  31%|███▏      | 941/3000 [10:25<21:46,  1.58it/s]
qwen2.5-vl/pope/ricd/coco/popular/seed1:  31%|███▏      | 942/3000 [10:25<21:36,  1.59it/s]
qwen2.5-vl/pope/ricd/coco/popular/seed1:  31%|███▏      | 943/3000 [10:26<22:54,  1.50it/s]
qwen2.5-vl/pope/ricd/coco/popular/seed1:  31%|███▏      | 944/3000 [10:27<23:47,  1.44it/s]
qwen2.5-vl/pope/ricd/coco/popular/seed1:  32%|███▏      | 945/3000 [10:28<24:26,  1.40it/s]
qwen2.5-vl/pope/ricd/coco/popular/seed1:  32%|███▏      | 946/3000 [10:28<24:54,  1.37it/s]
qwen2.5-vl/pope/ricd/coco/popular/seed1:  32%|███▏      | 947/3000 [10:29<25:10,  1.36it/s]
qwen2.5-vl/pope/ricd/coco/popular/seed1:  32%|███▏      | 948/3000 [10:30<25:18,  1.35it/s]
qwen2.5-vl/pope/ricd/coco/popular/seed1:  32%|███▏      | 949/3000 [10:30<23:59,  1.42it/s]
qwen2.5-vl/pope/ricd/coco/popular/seed1:  32%|███▏      | 950/3000 [10:31<23:05,  1.48it/s]
qwen2.5-vl/pope/ricd/coco/popular/seed1:  32%|███▏      | 951/3000 [10:32<22:31,  1.52it/s]
qwen2.5-vl/pope/ricd/coco/popular/seed1:  32%|███▏      | 952/3000 [10:32<22:06,  1.54it/s]
qwen2.5-vl/pope/ricd/coco/popular/seed1:  32%|███▏      | 953/3000 [10:33<21:47,  1.57it/s]
qwen2.5-vl/pope/ricd/coco/popular/seed1:  32%|███▏      | 954/3000 [10:34<21:36,  1.58it/s]
qwen2.5-vl/pope/ricd/coco/popular/seed1:  32%|███▏      | 955/3000 [10:34<22:39,  1.50it/s]
qwen2.5-vl/pope/ricd/coco/popular/seed1:  32%|███▏      | 956/3000 [10:35<23:28,  1.45it/s]
qwen2.5-vl/pope/ricd/coco/popular/seed1:  32%|███▏      | 957/3000 [10:36<23:58,  1.42it/s]
qwen2.5-vl/pope/ricd/coco/popular/seed1:  32%|███▏      | 958/3000 [10:37<24:23,  1.40it/s]
qwen2.5-vl/pope/ricd/coco/popular/seed1:  32%|███▏      | 959/3000 [10:37<24:37,  1.38it/s]
qwen2.5-vl/pope/ricd/coco/popular/seed1:  32%|███▏      | 960/3000 [10:38<24:48,  1.37it/s]
qwen2.5-vl/pope/ricd/coco/popular/seed1:  32%|███▏      | 961/3000 [10:39<23:38,  1.44it/s]
qwen2.5-vl/pope/ricd/coco/popular/seed1:  32%|███▏      | 962/3000 [10:39<22:51,  1.49it/s]
qwen2.5-vl/pope/ricd/coco/popular/seed1:  32%|███▏      | 963/3000 [10:40<22:15,  1.53it/s]
qwen2.5-vl/pope/ricd/coco/popular/seed1:  32%|███▏      | 964/3000 [10:40<21:50,  1.55it/s]
qwen2.5-vl/pope/ricd/coco/popular/seed1:  32%|███▏      | 965/3000 [10:41<21:37,  1.57it/s]
qwen2.5-vl/pope/ricd/coco/popular/seed1:  32%|███▏      | 966/3000 [10:42<21:27,  1.58it/s]
qwen2.5-vl/pope/ricd/coco/popular/seed1:  32%|███▏      | 967/3000 [10:42<18:35,  1.82it/s]
qwen2.5-vl/pope/ricd/coco/popular/seed1:  32%|███▏      | 968/3000 [10:42<16:36,  2.04it/s]
qwen2.5-vl/pope/ricd/coco/popular/seed1:  32%|███▏      | 969/3000 [10:43<15:16,  2.22it/s]
qwen2.5-vl/pope/ricd/coco/popular/seed1:  32%|███▏      | 970/3000 [10:43<14:15,  2.37it/s]
qwen2.5-vl/pope/ricd/coco/popular/seed1:  32%|███▏      | 971/3000 [10:43<13:36,  2.49it/s]
qwen2.5-vl/pope/ricd/coco/popular/seed1:  32%|███▏      | 972/3000 [10:44<13:04,  2.58it/s]
qwen2.5-vl/pope/ricd/coco/popular/seed1:  32%|███▏      | 973/3000 [10:44<15:00,  2.25it/s]
qwen2.5-vl/pope/ricd/coco/popular/seed1:  32%|███▏      | 974/3000 [10:45<16:22,  2.06it/s]
qwen2.5-vl/pope/ricd/coco/popular/seed1:  32%|███▎      | 975/3000 [10:46<17:16,  1.95it/s]
qwen2.5-vl/pope/ricd/coco/popular/seed1:  33%|███▎      | 976/3000 [10:46<17:54,  1.88it/s]
qwen2.5-vl/pope/ricd/coco/popular/seed1:  33%|███▎      | 977/3000 [10:47<18:19,  1.84it/s]
qwen2.5-vl/pope/ricd/coco/popular/seed1:  33%|███▎      | 978/3000 [10:47<18:39,  1.81it/s]
qwen2.5-vl/pope/ricd/coco/popular/seed1:  33%|███▎      | 979/3000 [10:48<19:17,  1.75it/s]
qwen2.5-vl/pope/ricd/coco/popular/seed1:  33%|███▎      | 980/3000 [10:49<19:44,  1.70it/s]
qwen2.5-vl/pope/ricd/coco/popular/seed1:  33%|███▎      | 981/3000 [10:49<20:06,  1.67it/s]
qwen2.5-vl/pope/ricd/coco/popular/seed1:  33%|███▎      | 982/3000 [10:50<20:22,  1.65it/s]
qwen2.5-vl/pope/ricd/coco/popular/seed1:  33%|███▎      | 983/3000 [10:50<20:51,  1.61it/s]
qwen2.5-vl/pope/ricd/coco/popular/seed1:  33%|███▎      | 984/3000 [10:51<21:07,  1.59it/s]
qwen2.5-vl/pope/ricd/coco/popular/seed1:  33%|███▎      | 985/3000 [10:52<24:16,  1.38it/s]
qwen2.5-vl/pope/ricd/coco/popular/seed1:  33%|███▎      | 986/3000 [10:53<26:04,  1.29it/s]
qwen2.5-vl/pope/ricd/coco/popular/seed1:  33%|███▎      | 987/3000 [10:54<27:16,  1.23it/s]
qwen2.5-vl/pope/ricd/coco/popular/seed1:  33%|███▎      | 988/3000 [10:55<28:09,  1.19it/s]
qwen2.5-vl/pope/ricd/coco/popular/seed1:  33%|███▎      | 989/3000 [10:56<33:19,  1.01it/s]
qwen2.5-vl/pope/ricd/coco/popular/seed1:  33%|███▎      | 990/3000 [10:57<32:23,  1.03it/s]
qwen2.5-vl/pope/ricd/coco/popular/seed1:  33%|███▎      | 991/3000 [10:58<28:48,  1.16it/s]
qwen2.5-vl/pope/ricd/coco/popular/seed1:  33%|███▎      | 992/3000 [10:58<26:18,  1.27it/s]
qwen2.5-vl/pope/ricd/coco/popular/seed1:  33%|███▎      | 993/3000 [10:59<24:34,  1.36it/s]
qwen2.5-vl/pope/ricd/coco/popular/seed1:  33%|███▎      | 994/3000 [10:59<23:22,  1.43it/s]
qwen2.5-vl/pope/ricd/coco/popular/seed1:  33%|███▎      | 995/3000 [11:00<22:30,  1.48it/s]
qwen2.5-vl/pope/ricd/coco/popular/seed1:  33%|███▎      | 996/3000 [11:01<21:55,  1.52it/s]
qwen2.5-vl/pope/ricd/coco/popular/seed1:  33%|███▎      | 997/3000 [11:01<22:43,  1.47it/s]
qwen2.5-vl/pope/ricd/coco/popular/seed1:  33%|███▎      | 998/3000 [11:02<23:14,  1.44it/s]
qwen2.5-vl/pope/ricd/coco/popular/seed1:  33%|███▎      | 999/3000 [11:03<23:47,  1.40it/s]
qwen2.5-vl/pope/ricd/coco/popular/seed1:  33%|███▎      | 1000/3000 [11:04<24:22,  1.37it/s]
qwen2.5-vl/pope/ricd/coco/popular/seed1:  33%|███▎      | 1001/3000 [11:04<24:48,  1.34it/s]
qwen2.5-vl/pope/ricd/coco/popular/seed1:  33%|███▎      | 1002/3000 [11:05<24:54,  1.34it/s]
qwen2.5-vl/pope/ricd/coco/popular/seed1:  33%|███▎      | 1003/3000 [11:06<24:46,  1.34it/s]
qwen2.5-vl/pope/ricd/coco/popular/seed1:  33%|███▎      | 1004/3000 [11:07<24:38,  1.35it/s]
qwen2.5-vl/pope/ricd/coco/popular/seed1:  34%|███▎      | 1005/3000 [11:07<24:35,  1.35it/s]
qwen2.5-vl/pope/ricd/coco/popular/seed1:  34%|███▎      | 1006/3000 [11:08<24:30,  1.36it/s]
qwen2.5-vl/pope/ricd/coco/popular/seed1:  34%|███▎      | 1007/3000 [11:09<24:30,  1.36it/s]
qwen2.5-vl/pope/ricd/coco/popular/seed1:  34%|███▎      | 1008/3000 [11:10<24:27,  1.36it/s]
qwen2.5-vl/pope/ricd/coco/popular/seed1:  34%|███▎      | 1009/3000 [11:11<26:18,  1.26it/s]
qwen2.5-vl/pope/ricd/coco/popular/seed1:  34%|███▎      | 1010/3000 [11:11<27:35,  1.20it/s]
qwen2.5-vl/pope/ricd/coco/popular/seed1:  34%|███▎      | 1011/3000 [11:12<28:27,  1.16it/s]
qwen2.5-vl/pope/ricd/coco/popular/seed1:  34%|███▎      | 1012/3000 [11:13<29:02,  1.14it/s]
qwen2.5-vl/pope/ricd/coco/popular/seed1:  34%|███▍      | 1013/3000 [11:14<29:33,  1.12it/s]
qwen2.5-vl/pope/ricd/coco/popular/seed1:  34%|███▍      | 1014/3000 [11:15<29:58,  1.10it/s]
qwen2.5-vl/pope/ricd/coco/popular/seed1:  34%|███▍      | 1015/3000 [11:16<28:19,  1.17it/s]
qwen2.5-vl/pope/ricd/coco/popular/seed1:  34%|███▍      | 1016/3000 [11:17<27:12,  1.21it/s]
qwen2.5-vl/pope/ricd/coco/popular/seed1:  34%|███▍      | 1017/3000 [11:17<26:19,  1.26it/s]
qwen2.5-vl/pope/ricd/coco/popular/seed1:  34%|███▍      | 1018/3000 [11:18<25:41,  1.29it/s]
qwen2.5-vl/pope/ricd/coco/popular/seed1:  34%|███▍      | 1019/3000 [11:19<25:15,  1.31it/s]
qwen2.5-vl/pope/ricd/coco/popular/seed1:  34%|███▍      | 1020/3000 [11:20<24:54,  1.32it/s]
qwen2.5-vl/pope/ricd/coco/popular/seed1:  34%|███▍      | 1021/3000 [11:20<23:30,  1.40it/s]
qwen2.5-vl/pope/ricd/coco/popular/seed1:  34%|███▍      | 1022/3000 [11:21<22:53,  1.44it/s]
qwen2.5-vl/pope/ricd/coco/popular/seed1:  34%|███▍      | 1023/3000 [11:21<22:24,  1.47it/s]
qwen2.5-vl/pope/ricd/coco/popular/seed1:  34%|███▍      | 1024/3000 [11:22<21:57,  1.50it/s]
qwen2.5-vl/pope/ricd/coco/popular/seed1:  34%|███▍      | 1025/3000 [11:23<21:27,  1.53it/s]
qwen2.5-vl/pope/ricd/coco/popular/seed1:  34%|███▍      | 1026/3000 [11:23<21:02,  1.56it/s]
qwen2.5-vl/pope/ricd/coco/popular/seed1:  34%|███▍      | 1027/3000 [11:24<22:10,  1.48it/s]
qwen2.5-vl/pope/ricd/coco/popular/seed1:  34%|███▍      | 1028/3000 [11:25<22:54,  1.43it/s]
qwen2.5-vl/pope/ricd/coco/popular/seed1:  34%|███▍      | 1029/3000 [11:26<23:26,  1.40it/s]
qwen2.5-vl/pope/ricd/coco/popular/seed1:  34%|███▍      | 1030/3000 [11:26<23:46,  1.38it/s]
qwen2.5-vl/pope/ricd/coco/popular/seed1:  34%|███▍      | 1031/3000 [11:27<24:08,  1.36it/s]
qwen2.5-vl/pope/ricd/coco/popular/seed1:  34%|███▍      | 1032/3000 [11:28<24:16,  1.35it/s]
qwen2.5-vl/pope/ricd/coco/popular/seed1:  34%|███▍      | 1033/3000 [11:28<22:34,  1.45it/s]
qwen2.5-vl/pope/ricd/coco/popular/seed1:  34%|███▍      | 1034/3000 [11:29<21:23,  1.53it/s]
qwen2.5-vl/pope/ricd/coco/popular/seed1:  34%|███▍      | 1035/3000 [11:30<20:34,  1.59it/s]
qwen2.5-vl/pope/ricd/coco/popular/seed1:  35%|███▍      | 1036/3000 [11:30<19:58,  1.64it/s]
qwen2.5-vl/pope/ricd/coco/popular/seed1:  35%|███▍      | 1037/3000 [11:31<19:34,  1.67it/s]
qwen2.5-vl/pope/ricd/coco/popular/seed1:  35%|███▍      | 1038/3000 [11:31<19:17,  1.70it/s]
qwen2.5-vl/pope/ricd/coco/popular/seed1:  35%|███▍      | 1039/3000 [11:32<17:16,  1.89it/s]
qwen2.5-vl/pope/ricd/coco/popular/seed1:  35%|███▍      | 1040/3000 [11:32<15:53,  2.06it/s]
qwen2.5-vl/pope/ricd/coco/popular/seed1:  35%|███▍      | 1041/3000 [11:32<14:54,  2.19it/s]
qwen2.5-vl/pope/ricd/coco/popular/seed1:  35%|███▍      | 1042/3000 [11:33<14:15,  2.29it/s]
qwen2.5-vl/pope/ricd/coco/popular/seed1:  35%|███▍      | 1043/3000 [11:33<13:46,  2.37it/s]
qwen2.5-vl/pope/ricd/coco/popular/seed1:  35%|███▍      | 1044/3000 [11:34<13:26,  2.43it/s]
qwen2.5-vl/pope/ricd/coco/popular/seed1:  35%|███▍      | 1045/3000 [11:34<15:21,  2.12it/s]
qwen2.5-vl/pope/ricd/coco/popular/seed1:  35%|███▍      | 1046/3000 [11:35<16:42,  1.95it/s]
qwen2.5-vl/pope/ricd/coco/popular/seed1:  35%|███▍      | 1047/3000 [11:35<17:40,  1.84it/s]
qwen2.5-vl/pope/ricd/coco/popular/seed1:  35%|███▍      | 1048/3000 [11:36<18:18,  1.78it/s]
qwen2.5-vl/pope/ricd/coco/popular/seed1:  35%|███▍      | 1049/3000 [11:37<18:46,  1.73it/s]
qwen2.5-vl/pope/ricd/coco/popular/seed1:  35%|███▌      | 1050/3000 [11:37<19:06,  1.70it/s]
qwen2.5-vl/pope/ricd/coco/popular/seed1:  35%|███▌      | 1051/3000 [11:38<20:28,  1.59it/s]
qwen2.5-vl/pope/ricd/coco/popular/seed1:  35%|███▌      | 1052/3000 [11:39<21:25,  1.51it/s]
qwen2.5-vl/pope/ricd/coco/popular/seed1:  35%|███▌      | 1053/3000 [11:39<22:05,  1.47it/s]
qwen2.5-vl/pope/ricd/coco/popular/seed1:  35%|███▌      | 1054/3000 [11:40<22:33,  1.44it/s]
qwen2.5-vl/pope/ricd/coco/popular/seed1:  35%|███▌      | 1055/3000 [11:41<22:52,  1.42it/s]
qwen2.5-vl/pope/ricd/coco/popular/seed1:  35%|███▌      | 1056/3000 [11:42<23:06,  1.40it/s]
qwen2.5-vl/pope/ricd/coco/popular/seed1:  35%|███▌      | 1057/3000 [11:42<22:40,  1.43it/s]
qwen2.5-vl/pope/ricd/coco/popular/seed1:  35%|███▌      | 1058/3000 [11:43<22:20,  1.45it/s]
qwen2.5-vl/pope/ricd/coco/popular/seed1:  35%|███▌      | 1059/3000 [11:44<22:06,  1.46it/s]
qwen2.5-vl/pope/ricd/coco/popular/seed1:  35%|███▌      | 1060/3000 [11:44<21:58,  1.47it/s]
qwen2.5-vl/pope/ricd/coco/popular/seed1:  35%|███▌      | 1061/3000 [11:45<21:50,  1.48it/s]
qwen2.5-vl/pope/ricd/coco/popular/seed1:  35%|███▌      | 1062/3000 [11:46<21:44,  1.49it/s]
qwen2.5-vl/pope/ricd/coco/popular/seed1:  35%|███▌      | 1063/3000 [11:46<22:18,  1.45it/s]
qwen2.5-vl/pope/ricd/coco/popular/seed1:  35%|███▌      | 1064/3000 [11:47<22:41,  1.42it/s]
qwen2.5-vl/pope/ricd/coco/popular/seed1:  36%|███▌      | 1065/3000 [11:48<22:55,  1.41it/s]
qwen2.5-vl/pope/ricd/coco/popular/seed1:  36%|███▌      | 1066/3000 [11:49<23:04,  1.40it/s]
qwen2.5-vl/pope/ricd/coco/popular/seed1:  36%|███▌      | 1067/3000 [11:49<23:10,  1.39it/s]
qwen2.5-vl/pope/ricd/coco/popular/seed1:  36%|███▌      | 1068/3000 [11:50<23:15,  1.38it/s]
qwen2.5-vl/pope/ricd/coco/popular/seed1:  36%|███▌      | 1069/3000 [11:51<23:18,  1.38it/s]
qwen2.5-vl/pope/ricd/coco/popular/seed1:  36%|███▌      | 1070/3000 [11:51<23:19,  1.38it/s]
qwen2.5-vl/pope/ricd/coco/popular/seed1:  36%|███▌      | 1071/3000 [11:52<23:20,  1.38it/s]
qwen2.5-vl/pope/ricd/coco/popular/seed1:  36%|███▌      | 1072/3000 [11:53<23:21,  1.38it/s]
qwen2.5-vl/pope/ricd/coco/popular/seed1:  36%|███▌      | 1073/3000 [11:54<23:21,  1.37it/s]
qwen2.5-vl/pope/ricd/coco/popular/seed1:  36%|███▌      | 1074/3000 [11:54<23:21,  1.37it/s]
qwen2.5-vl/pope/ricd/coco/popular/seed1:  36%|███▌      | 1075/3000 [11:55<23:22,  1.37it/s]
qwen2.5-vl/pope/ricd/coco/popular/seed1:  36%|███▌      | 1076/3000 [11:56<23:21,  1.37it/s]
qwen2.5-vl/pope/ricd/coco/popular/seed1:  36%|███▌      | 1077/3000 [11:57<23:21,  1.37it/s]
qwen2.5-vl/pope/ricd/coco/popular/seed1:  36%|███▌      | 1078/3000 [11:57<23:22,  1.37it/s]
qwen2.5-vl/pope/ricd/coco/popular/seed1:  36%|███▌      | 1079/3000 [11:58<23:20,  1.37it/s]
qwen2.5-vl/pope/ricd/coco/popular/seed1:  36%|███▌      | 1080/3000 [11:59<23:19,  1.37it/s]
qwen2.5-vl/pope/ricd/coco/popular/seed1:  36%|███▌      | 1081/3000 [11:59<22:12,  1.44it/s]
qwen2.5-vl/pope/ricd/coco/popular/seed1:  36%|███▌      | 1082/3000 [12:00<21:26,  1.49it/s]
qwen2.5-vl/pope/ricd/coco/popular/seed1:  36%|███▌      | 1083/3000 [12:01<20:51,  1.53it/s]
qwen2.5-vl/pope/ricd/coco/popular/seed1:  36%|███▌      | 1084/3000 [12:01<20:27,  1.56it/s]
qwen2.5-vl/pope/ricd/coco/popular/seed1:  36%|███▌      | 1085/3000 [12:02<20:10,  1.58it/s]
qwen2.5-vl/pope/ricd/coco/popular/seed1:  36%|███▌      | 1086/3000 [12:02<19:58,  1.60it/s]
qwen2.5-vl/pope/ricd/coco/popular/seed1:  36%|███▌      | 1087/3000 [12:03<20:56,  1.52it/s]
qwen2.5-vl/pope/ricd/coco/popular/seed1:  36%|███▋      | 1088/3000 [12:04<21:39,  1.47it/s]
qwen2.5-vl/pope/ricd/coco/popular/seed1:  36%|███▋      | 1089/3000 [12:05<22:06,  1.44it/s]
qwen2.5-vl/pope/ricd/coco/popular/seed1:  36%|███▋      | 1090/3000 [12:05<22:25,  1.42it/s]
qwen2.5-vl/pope/ricd/coco/popular/seed1:  36%|███▋      | 1091/3000 [12:06<22:41,  1.40it/s]
qwen2.5-vl/pope/ricd/coco/popular/seed1:  36%|███▋      | 1092/3000 [12:07<22:49,  1.39it/s]
qwen2.5-vl/pope/ricd/coco/popular/seed1:  36%|███▋      | 1093/3000 [12:08<22:49,  1.39it/s]
qwen2.5-vl/pope/ricd/coco/popular/seed1:  36%|███▋      | 1094/3000 [12:08<22:51,  1.39it/s]
qwen2.5-vl/pope/ricd/coco/popular/seed1:  36%|███▋      | 1095/3000 [12:09<22:49,  1.39it/s]
qwen2.5-vl/pope/ricd/coco/popular/seed1:  37%|███▋      | 1096/3000 [12:10<22:47,  1.39it/s]
qwen2.5-vl/pope/ricd/coco/popular/seed1:  37%|███▋      | 1097/3000 [12:10<22:46,  1.39it/s]
qwen2.5-vl/pope/ricd/coco/popular/seed1:  37%|███▋      | 1098/3000 [12:11<22:45,  1.39it/s]
qwen2.5-vl/pope/ricd/coco/popular/seed1:  37%|███▋      | 1099/3000 [12:12<22:17,  1.42it/s]
qwen2.5-vl/pope/ricd/coco/popular/seed1:  37%|███▋      | 1100/3000 [12:12<21:58,  1.44it/s]
qwen2.5-vl/pope/ricd/coco/popular/seed1:  37%|███▋      | 1101/3000 [12:13<21:47,  1.45it/s]
qwen2.5-vl/pope/ricd/coco/popular/seed1:  37%|███▋      | 1102/3000 [12:14<21:40,  1.46it/s]
qwen2.5-vl/pope/ricd/coco/popular/seed1:  37%|███▋      | 1103/3000 [12:15<21:34,  1.47it/s]
qwen2.5-vl/pope/ricd/coco/popular/seed1:  37%|███▋      | 1104/3000 [12:15<21:29,  1.47it/s]
qwen2.5-vl/pope/ricd/coco/popular/seed1:  37%|███▋      | 1105/3000 [12:16<21:23,  1.48it/s]
qwen2.5-vl/pope/ricd/coco/popular/seed1:  37%|███▋      | 1106/3000 [12:17<21:10,  1.49it/s]
qwen2.5-vl/pope/ricd/coco/popular/seed1:  37%|███▋      | 1107/3000 [12:17<20:59,  1.50it/s]
qwen2.5-vl/pope/ricd/coco/popular/seed1:  37%|███▋      | 1108/3000 [12:18<20:50,  1.51it/s]
qwen2.5-vl/pope/ricd/coco/popular/seed1:  37%|███▋      | 1109/3000 [12:18<20:45,  1.52it/s]
qwen2.5-vl/pope/ricd/coco/popular/seed1:  37%|███▋      | 1110/3000 [12:19<20:42,  1.52it/s]
qwen2.5-vl/pope/ricd/coco/popular/seed1:  37%|███▋      | 1111/3000 [12:20<20:12,  1.56it/s]
qwen2.5-vl/pope/ricd/coco/popular/seed1:  37%|███▋      | 1112/3000 [12:20<19:51,  1.58it/s]
qwen2.5-vl/pope/ricd/coco/popular/seed1:  37%|███▋      | 1113/3000 [12:21<19:36,  1.60it/s]
qwen2.5-vl/pope/ricd/coco/popular/seed1:  37%|███▋      | 1114/3000 [12:22<19:29,  1.61it/s]
qwen2.5-vl/pope/ricd/coco/popular/seed1:  37%|███▋      | 1115/3000 [12:22<19:20,  1.62it/s]
qwen2.5-vl/pope/ricd/coco/popular/seed1:  37%|███▋      | 1116/3000 [12:23<19:17,  1.63it/s]
qwen2.5-vl/pope/ricd/coco/popular/seed1:  37%|███▋      | 1117/3000 [12:23<19:11,  1.63it/s]
qwen2.5-vl/pope/ricd/coco/popular/seed1:  37%|███▋      | 1118/3000 [12:24<19:11,  1.64it/s]
qwen2.5-vl/pope/ricd/coco/popular/seed1:  37%|███▋      | 1119/3000 [12:25<19:09,  1.64it/s]
qwen2.5-vl/pope/ricd/coco/popular/seed1:  37%|███▋      | 1120/3000 [12:25<19:09,  1.64it/s]
qwen2.5-vl/pope/ricd/coco/popular/seed1:  37%|███▋      | 1121/3000 [12:26<19:08,  1.64it/s]
qwen2.5-vl/pope/ricd/coco/popular/seed1:  37%|███▋      | 1122/3000 [12:26<19:08,  1.64it/s]
qwen2.5-vl/pope/ricd/coco/popular/seed1:  37%|███▋      | 1123/3000 [12:27<19:10,  1.63it/s]
qwen2.5-vl/pope/ricd/coco/popular/seed1:  37%|███▋      | 1124/3000 [12:28<19:09,  1.63it/s]
qwen2.5-vl/pope/ricd/coco/popular/seed1:  38%|███▊      | 1125/3000 [12:28<19:07,  1.63it/s]
qwen2.5-vl/pope/ricd/coco/popular/seed1:  38%|███▊      | 1126/3000 [12:29<19:02,  1.64it/s]
qwen2.5-vl/pope/ricd/coco/popular/seed1:  38%|███▊      | 1127/3000 [12:29<19:00,  1.64it/s]
qwen2.5-vl/pope/ricd/coco/popular/seed1:  38%|███▊      | 1128/3000 [12:30<19:00,  1.64it/s]
qwen2.5-vl/pope/ricd/coco/popular/seed1:  38%|███▊      | 1129/3000 [12:31<20:10,  1.55it/s]
qwen2.5-vl/pope/ricd/coco/popular/seed1:  38%|███▊      | 1130/3000 [12:32<20:58,  1.49it/s]
qwen2.5-vl/pope/ricd/coco/popular/seed1:  38%|███▊      | 1131/3000 [12:32<21:29,  1.45it/s]
qwen2.5-vl/pope/ricd/coco/popular/seed1:  38%|███▊      | 1132/3000 [12:33<21:55,  1.42it/s]
qwen2.5-vl/pope/ricd/coco/popular/seed1:  38%|███▊      | 1133/3000 [12:34<22:10,  1.40it/s]
qwen2.5-vl/pope/ricd/coco/popular/seed1:  38%|███▊      | 1134/3000 [12:35<22:20,  1.39it/s]
qwen2.5-vl/pope/ricd/coco/popular/seed1:  38%|███▊      | 1135/3000 [12:35<22:29,  1.38it/s]
qwen2.5-vl/pope/ricd/coco/popular/seed1:  38%|███▊      | 1136/3000 [12:36<22:35,  1.38it/s]
qwen2.5-vl/pope/ricd/coco/popular/seed1:  38%|███▊      | 1137/3000 [12:37<22:39,  1.37it/s]
qwen2.5-vl/pope/ricd/coco/popular/seed1:  38%|███▊      | 1138/3000 [12:37<22:40,  1.37it/s]
qwen2.5-vl/pope/ricd/coco/popular/seed1:  38%|███▊      | 1139/3000 [12:38<22:44,  1.36it/s]
qwen2.5-vl/pope/ricd/coco/popular/seed1:  38%|███▊      | 1140/3000 [12:39<22:44,  1.36it/s]
qwen2.5-vl/pope/ricd/coco/popular/seed1:  38%|███▊      | 1141/3000 [12:40<24:11,  1.28it/s]
qwen2.5-vl/pope/ricd/coco/popular/seed1:  38%|███▊      | 1142/3000 [12:41<25:15,  1.23it/s]
qwen2.5-vl/pope/ricd/coco/popular/seed1:  38%|███▊      | 1143/3000 [12:42<26:13,  1.18it/s]
qwen2.5-vl/pope/ricd/coco/popular/seed1:  38%|███▊      | 1144/3000 [12:43<26:44,  1.16it/s]
qwen2.5-vl/pope/ricd/coco/popular/seed1:  38%|███▊      | 1145/3000 [12:43<27:00,  1.14it/s]
qwen2.5-vl/pope/ricd/coco/popular/seed1:  38%|███▊      | 1146/3000 [12:44<27:10,  1.14it/s]
qwen2.5-vl/pope/ricd/coco/popular/seed1:  38%|███▊      | 1147/3000 [12:45<25:46,  1.20it/s]
qwen2.5-vl/pope/ricd/coco/popular/seed1:  38%|███▊      | 1148/3000 [12:46<24:49,  1.24it/s]
qwen2.5-vl/pope/ricd/coco/popular/seed1:  38%|███▊      | 1149/3000 [12:47<24:10,  1.28it/s]
qwen2.5-vl/pope/ricd/coco/popular/seed1:  38%|███▊      | 1150/3000 [12:47<23:44,  1.30it/s]
qwen2.5-vl/pope/ricd/coco/popular/seed1:  38%|███▊      | 1151/3000 [12:48<23:24,  1.32it/s]
qwen2.5-vl/pope/ricd/coco/popular/seed1:  38%|███▊      | 1152/3000 [12:49<23:11,  1.33it/s]
qwen2.5-vl/pope/ricd/coco/popular/seed1:  38%|███▊      | 1153/3000 [12:49<23:04,  1.33it/s]
qwen2.5-vl/pope/ricd/coco/popular/seed1:  38%|███▊      | 1154/3000 [12:50<22:55,  1.34it/s]
qwen2.5-vl/pope/ricd/coco/popular/seed1:  38%|███▊      | 1155/3000 [12:51<22:48,  1.35it/s]
qwen2.5-vl/pope/ricd/coco/popular/seed1:  39%|███▊      | 1156/3000 [12:52<22:42,  1.35it/s]
qwen2.5-vl/pope/ricd/coco/popular/seed1:  39%|███▊      | 1157/3000 [12:52<22:38,  1.36it/s]
qwen2.5-vl/pope/ricd/coco/popular/seed1:  39%|███▊      | 1158/3000 [12:53<22:39,  1.35it/s]
qwen2.5-vl/pope/ricd/coco/popular/seed1:  39%|███▊      | 1159/3000 [12:54<21:32,  1.42it/s]
qwen2.5-vl/pope/ricd/coco/popular/seed1:  39%|███▊      | 1160/3000 [12:54<20:45,  1.48it/s]
qwen2.5-vl/pope/ricd/coco/popular/seed1:  39%|███▊      | 1161/3000 [12:55<20:13,  1.52it/s]
qwen2.5-vl/pope/ricd/coco/popular/seed1:  39%|███▊      | 1162/3000 [12:56<19:46,  1.55it/s]
qwen2.5-vl/pope/ricd/coco/popular/seed1:  39%|███▉      | 1163/3000 [12:56<19:30,  1.57it/s]
qwen2.5-vl/pope/ricd/coco/popular/seed1:  39%|███▉      | 1164/3000 [12:57<19:21,  1.58it/s]
qwen2.5-vl/pope/ricd/coco/popular/seed1:  39%|███▉      | 1165/3000 [12:58<20:01,  1.53it/s]
qwen2.5-vl/pope/ricd/coco/popular/seed1:  39%|███▉      | 1166/3000 [12:58<20:28,  1.49it/s]
qwen2.5-vl/pope/ricd/coco/popular/seed1:  39%|███▉      | 1167/3000 [12:59<21:12,  1.44it/s]
qwen2.5-vl/pope/ricd/coco/popular/seed1:  39%|███▉      | 1168/3000 [13:00<21:34,  1.41it/s]
qwen2.5-vl/pope/ricd/coco/popular/seed1:  39%|███▉      | 1169/3000 [13:00<21:47,  1.40it/s]
qwen2.5-vl/pope/ricd/coco/popular/seed1:  39%|███▉      | 1170/3000 [13:01<21:56,  1.39it/s]
qwen2.5-vl/pope/ricd/coco/popular/seed1:  39%|███▉      | 1171/3000 [13:02<22:06,  1.38it/s]
qwen2.5-vl/pope/ricd/coco/popular/seed1:  39%|███▉      | 1172/3000 [13:03<22:10,  1.37it/s]
qwen2.5-vl/pope/ricd/coco/popular/seed1:  39%|███▉      | 1173/3000 [13:03<22:13,  1.37it/s]
qwen2.5-vl/pope/ricd/coco/popular/seed1:  39%|███▉      | 1174/3000 [13:04<22:13,  1.37it/s]
qwen2.5-vl/pope/ricd/coco/popular/seed1:  39%|███▉      | 1175/3000 [13:05<22:17,  1.36it/s]
qwen2.5-vl/pope/ricd/coco/popular/seed1:  39%|███▉      | 1176/3000 [13:06<22:15,  1.37it/s]
qwen2.5-vl/pope/ricd/coco/popular/seed1:  39%|███▉      | 1177/3000 [13:06<21:15,  1.43it/s]
qwen2.5-vl/pope/ricd/coco/popular/seed1:  39%|███▉      | 1178/3000 [13:07<20:29,  1.48it/s]
qwen2.5-vl/pope/ricd/coco/popular/seed1:  39%|███▉      | 1179/3000 [13:07<19:59,  1.52it/s]
qwen2.5-vl/pope/ricd/coco/popular/seed1:  39%|███▉      | 1180/3000 [13:08<19:37,  1.55it/s]
qwen2.5-vl/pope/ricd/coco/popular/seed1:  39%|███▉      | 1181/3000 [13:09<19:22,  1.56it/s]
qwen2.5-vl/pope/ricd/coco/popular/seed1:  39%|███▉      | 1182/3000 [13:09<19:13,  1.58it/s]
qwen2.5-vl/pope/ricd/coco/popular/seed1:  39%|███▉      | 1183/3000 [13:10<20:11,  1.50it/s]
qwen2.5-vl/pope/ricd/coco/popular/seed1:  39%|███▉      | 1184/3000 [13:11<20:52,  1.45it/s]
qwen2.5-vl/pope/ricd/coco/popular/seed1:  40%|███▉      | 1185/3000 [13:12<21:19,  1.42it/s]
qwen2.5-vl/pope/ricd/coco/popular/seed1:  40%|███▉      | 1186/3000 [13:12<21:36,  1.40it/s]
qwen2.5-vl/pope/ricd/coco/popular/seed1:  40%|███▉      | 1187/3000 [13:13<21:45,  1.39it/s]
qwen2.5-vl/pope/ricd/coco/popular/seed1:  40%|███▉      | 1188/3000 [13:14<22:01,  1.37it/s]
qwen2.5-vl/pope/ricd/coco/popular/seed1:  40%|███▉      | 1189/3000 [13:15<22:35,  1.34it/s]
qwen2.5-vl/pope/ricd/coco/popular/seed1:  40%|███▉      | 1190/3000 [13:15<22:59,  1.31it/s]
qwen2.5-vl/pope/ricd/coco/popular/seed1:  40%|███▉      | 1191/3000 [13:16<23:13,  1.30it/s]
qwen2.5-vl/pope/ricd/coco/popular/seed1:  40%|███▉      | 1192/3000 [13:17<23:21,  1.29it/s]
qwen2.5-vl/pope/ricd/coco/popular/seed1:  40%|███▉      | 1193/3000 [13:18<23:26,  1.28it/s]
qwen2.5-vl/pope/ricd/coco/popular/seed1:  40%|███▉      | 1194/3000 [13:19<23:30,  1.28it/s]
qwen2.5-vl/pope/ricd/coco/popular/seed1:  40%|███▉      | 1195/3000 [13:19<22:57,  1.31it/s]
qwen2.5-vl/pope/ricd/coco/popular/seed1:  40%|███▉      | 1196/3000 [13:20<22:34,  1.33it/s]
qwen2.5-vl/pope/ricd/coco/popular/seed1:  40%|███▉      | 1197/3000 [13:21<22:17,  1.35it/s]
qwen2.5-vl/pope/ricd/coco/popular/seed1:  40%|███▉      | 1198/3000 [13:21<22:02,  1.36it/s]
qwen2.5-vl/pope/ricd/coco/popular/seed1:  40%|███▉      | 1199/3000 [13:22<21:53,  1.37it/s]
qwen2.5-vl/pope/ricd/coco/popular/seed1:  40%|████      | 1200/3000 [13:23<21:48,  1.38it/s]
qwen2.5-vl/pope/ricd/coco/popular/seed1:  40%|████      | 1201/3000 [13:23<20:50,  1.44it/s]
qwen2.5-vl/pope/ricd/coco/popular/seed1:  40%|████      | 1202/3000 [13:24<20:08,  1.49it/s]
qwen2.5-vl/pope/ricd/coco/popular/seed1:  40%|████      | 1203/3000 [13:25<19:38,  1.52it/s]
qwen2.5-vl/pope/ricd/coco/popular/seed1:  40%|████      | 1204/3000 [13:25<19:18,  1.55it/s]
qwen2.5-vl/pope/ricd/coco/popular/seed1:  40%|████      | 1205/3000 [13:26<19:04,  1.57it/s]
qwen2.5-vl/pope/ricd/coco/popular/seed1:  40%|████      | 1206/3000 [13:27<18:54,  1.58it/s]
qwen2.5-vl/pope/ricd/coco/popular/seed1:  40%|████      | 1207/3000 [13:27<18:45,  1.59it/s]
qwen2.5-vl/pope/ricd/coco/popular/seed1:  40%|████      | 1208/3000 [13:28<18:38,  1.60it/s]
qwen2.5-vl/pope/ricd/coco/popular/seed1:  40%|████      | 1209/3000 [13:28<18:36,  1.60it/s]
qwen2.5-vl/pope/ricd/coco/popular/seed1:  40%|████      | 1210/3000 [13:29<18:29,  1.61it/s]
qwen2.5-vl/pope/ricd/coco/popular/seed1:  40%|████      | 1211/3000 [13:30<18:24,  1.62it/s]
qwen2.5-vl/pope/ricd/coco/popular/seed1:  40%|████      | 1212/3000 [13:30<18:20,  1.62it/s]
qwen2.5-vl/pope/ricd/coco/popular/seed1:  40%|████      | 1213/3000 [13:31<16:20,  1.82it/s]
qwen2.5-vl/pope/ricd/coco/popular/seed1:  40%|████      | 1214/3000 [13:31<14:54,  2.00it/s]
qwen2.5-vl/pope/ricd/coco/popular/seed1:  40%|████      | 1215/3000 [13:31<13:54,  2.14it/s]
qwen2.5-vl/pope/ricd/coco/popular/seed1:  41%|████      | 1216/3000 [13:32<13:12,  2.25it/s]
qwen2.5-vl/pope/ricd/coco/popular/seed1:  41%|████      | 1217/3000 [13:32<12:44,  2.33it/s]
qwen2.5-vl/pope/ricd/coco/popular/seed1:  41%|████      | 1218/3000 [13:33<12:23,  2.40it/s]
qwen2.5-vl/pope/ricd/coco/popular/seed1:  41%|████      | 1219/3000 [13:33<15:16,  1.94it/s]
qwen2.5-vl/pope/ricd/coco/popular/seed1:  41%|████      | 1220/3000 [13:34<17:19,  1.71it/s]
qwen2.5-vl/pope/ricd/coco/popular/seed1:  41%|████      | 1221/3000 [13:35<18:54,  1.57it/s]
qwen2.5-vl/pope/ricd/coco/popular/seed1:  41%|████      | 1222/3000 [13:36<20:01,  1.48it/s]
qwen2.5-vl/pope/ricd/coco/popular/seed1:  41%|████      | 1223/3000 [13:36<20:47,  1.42it/s]
qwen2.5-vl/pope/ricd/coco/popular/seed1:  41%|████      | 1224/3000 [13:37<21:08,  1.40it/s]
qwen2.5-vl/pope/ricd/coco/popular/seed1:  41%|████      | 1225/3000 [13:38<21:09,  1.40it/s]
qwen2.5-vl/pope/ricd/coco/popular/seed1:  41%|████      | 1226/3000 [13:39<21:15,  1.39it/s]
qwen2.5-vl/pope/ricd/coco/popular/seed1:  41%|████      | 1227/3000 [13:39<21:17,  1.39it/s]
qwen2.5-vl/pope/ricd/coco/popular/seed1:  41%|████      | 1228/3000 [13:40<21:19,  1.38it/s]
qwen2.5-vl/pope/ricd/coco/popular/seed1:  41%|████      | 1229/3000 [13:41<21:18,  1.39it/s]
qwen2.5-vl/pope/ricd/coco/popular/seed1:  41%|████      | 1230/3000 [13:41<21:17,  1.39it/s]
qwen2.5-vl/pope/ricd/coco/popular/seed1:  41%|████      | 1231/3000 [13:42<18:18,  1.61it/s]
qwen2.5-vl/pope/ricd/coco/popular/seed1:  41%|████      | 1232/3000 [13:42<16:13,  1.82it/s]
qwen2.5-vl/pope/ricd/coco/popular/seed1:  41%|████      | 1233/3000 [13:43<14:45,  2.00it/s]
qwen2.5-vl/pope/ricd/coco/popular/seed1:  41%|████      | 1234/3000 [13:43<13:44,  2.14it/s]
qwen2.5-vl/pope/ricd/coco/popular/seed1:  41%|████      | 1235/3000 [13:43<13:01,  2.26it/s]
qwen2.5-vl/pope/ricd/coco/popular/seed1:  41%|████      | 1236/3000 [13:44<12:31,  2.35it/s]
qwen2.5-vl/pope/ricd/coco/popular/seed1:  41%|████      | 1237/3000 [13:44<15:05,  1.95it/s]
qwen2.5-vl/pope/ricd/coco/popular/seed1:  41%|████▏     | 1238/3000 [13:45<16:53,  1.74it/s]
qwen2.5-vl/pope/ricd/coco/popular/seed1:  41%|████▏     | 1239/3000 [13:46<18:08,  1.62it/s]
qwen2.5-vl/pope/ricd/coco/popular/seed1:  41%|████▏     | 1240/3000 [13:47<18:59,  1.54it/s]
qwen2.5-vl/pope/ricd/coco/popular/seed1:  41%|████▏     | 1241/3000 [13:47<19:35,  1.50it/s]
qwen2.5-vl/pope/ricd/coco/popular/seed1:  41%|████▏     | 1242/3000 [13:48<20:01,  1.46it/s]
qwen2.5-vl/pope/ricd/coco/popular/seed1:  41%|████▏     | 1243/3000 [13:48<17:25,  1.68it/s]
qwen2.5-vl/pope/ricd/coco/popular/seed1:  41%|████▏     | 1244/3000 [13:49<15:37,  1.87it/s]
qwen2.5-vl/pope/ricd/coco/popular/seed1:  42%|████▏     | 1245/3000 [13:49<14:17,  2.05it/s]
qwen2.5-vl/pope/ricd/coco/popular/seed1:  42%|████▏     | 1246/3000 [13:50<13:23,  2.18it/s]
qwen2.5-vl/pope/ricd/coco/popular/seed1:  42%|████▏     | 1247/3000 [13:50<12:44,  2.29it/s]
qwen2.5-vl/pope/ricd/coco/popular/seed1:  42%|████▏     | 1248/3000 [13:50<12:19,  2.37it/s]
qwen2.5-vl/pope/ricd/coco/popular/seed1:  42%|████▏     | 1249/3000 [13:51<13:38,  2.14it/s]
qwen2.5-vl/pope/ricd/coco/popular/seed1:  42%|████▏     | 1250/3000 [13:52<14:30,  2.01it/s]
qwen2.5-vl/pope/ricd/coco/popular/seed1:  42%|████▏     | 1251/3000 [13:52<15:05,  1.93it/s]
qwen2.5-vl/pope/ricd/coco/popular/seed1:  42%|████▏     | 1252/3000 [13:53<15:30,  1.88it/s]
qwen2.5-vl/pope/ricd/coco/popular/seed1:  42%|████▏     | 1253/3000 [13:53<15:47,  1.84it/s]
qwen2.5-vl/pope/ricd/coco/popular/seed1:  42%|████▏     | 1254/3000 [13:54<16:02,  1.81it/s]
qwen2.5-vl/pope/ricd/coco/popular/seed1:  42%|████▏     | 1255/3000 [13:55<17:46,  1.64it/s]
qwen2.5-vl/pope/ricd/coco/popular/seed1:  42%|████▏     | 1256/3000 [13:55<19:01,  1.53it/s]
qwen2.5-vl/pope/ricd/coco/popular/seed1:  42%|████▏     | 1257/3000 [13:56<19:53,  1.46it/s]
qwen2.5-vl/pope/ricd/coco/popular/seed1:  42%|████▏     | 1258/3000 [13:57<20:29,  1.42it/s]
qwen2.5-vl/pope/ricd/coco/popular/seed1:  42%|████▏     | 1259/3000 [13:58<20:48,  1.39it/s]
qwen2.5-vl/pope/ricd/coco/popular/seed1:  42%|████▏     | 1260/3000 [13:58<21:00,  1.38it/s]
qwen2.5-vl/pope/ricd/coco/popular/seed1:  42%|████▏     | 1261/3000 [13:59<21:12,  1.37it/s]
qwen2.5-vl/pope/ricd/coco/popular/seed1:  42%|████▏     | 1262/3000 [14:00<21:20,  1.36it/s]
qwen2.5-vl/pope/ricd/coco/popular/seed1:  42%|████▏     | 1263/3000 [14:01<21:24,  1.35it/s]
qwen2.5-vl/pope/ricd/coco/popular/seed1:  42%|████▏     | 1264/3000 [14:01<21:27,  1.35it/s]
qwen2.5-vl/pope/ricd/coco/popular/seed1:  42%|████▏     | 1265/3000 [14:02<21:27,  1.35it/s]
qwen2.5-vl/pope/ricd/coco/popular/seed1:  42%|████▏     | 1266/3000 [14:03<21:29,  1.35it/s]
qwen2.5-vl/pope/ricd/coco/popular/seed1:  42%|████▏     | 1267/3000 [14:04<21:30,  1.34it/s]
qwen2.5-vl/pope/ricd/coco/popular/seed1:  42%|████▏     | 1268/3000 [14:04<21:31,  1.34it/s]
qwen2.5-vl/pope/ricd/coco/popular/seed1:  42%|████▏     | 1269/3000 [14:05<21:29,  1.34it/s]
qwen2.5-vl/pope/ricd/coco/popular/seed1:  42%|████▏     | 1270/3000 [14:06<21:29,  1.34it/s]
qwen2.5-vl/pope/ricd/coco/popular/seed1:  42%|████▏     | 1271/3000 [14:07<21:28,  1.34it/s]
qwen2.5-vl/pope/ricd/coco/popular/seed1:  42%|████▏     | 1272/3000 [14:07<21:29,  1.34it/s]
qwen2.5-vl/pope/ricd/coco/popular/seed1:  42%|████▏     | 1273/3000 [14:08<21:26,  1.34it/s]
qwen2.5-vl/pope/ricd/coco/popular/seed1:  42%|████▏     | 1274/3000 [14:09<21:19,  1.35it/s]
qwen2.5-vl/pope/ricd/coco/popular/seed1:  42%|████▎     | 1275/3000 [14:09<21:14,  1.35it/s]
qwen2.5-vl/pope/ricd/coco/popular/seed1:  43%|████▎     | 1276/3000 [14:10<21:17,  1.35it/s]
qwen2.5-vl/pope/ricd/coco/popular/seed1:  43%|████▎     | 1277/3000 [14:11<21:19,  1.35it/s]
qwen2.5-vl/pope/ricd/coco/popular/seed1:  43%|████▎     | 1278/3000 [14:12<21:17,  1.35it/s]
qwen2.5-vl/pope/ricd/coco/popular/seed1:  43%|████▎     | 1279/3000 [14:12<20:13,  1.42it/s]
qwen2.5-vl/pope/ricd/coco/popular/seed1:  43%|████▎     | 1280/3000 [14:13<19:27,  1.47it/s]
qwen2.5-vl/pope/ricd/coco/popular/seed1:  43%|████▎     | 1281/3000 [14:14<18:56,  1.51it/s]
qwen2.5-vl/pope/ricd/coco/popular/seed1:  43%|████▎     | 1282/3000 [14:14<18:33,  1.54it/s]
qwen2.5-vl/pope/ricd/coco/popular/seed1:  43%|████▎     | 1283/3000 [14:15<18:18,  1.56it/s]
qwen2.5-vl/pope/ricd/coco/popular/seed1:  43%|████▎     | 1284/3000 [14:15<18:10,  1.57it/s]
qwen2.5-vl/pope/ricd/coco/popular/seed1:  43%|████▎     | 1285/3000 [14:16<18:47,  1.52it/s]
qwen2.5-vl/pope/ricd/coco/popular/seed1:  43%|████▎     | 1286/3000 [14:17<19:13,  1.49it/s]
qwen2.5-vl/pope/ricd/coco/popular/seed1:  43%|████▎     | 1287/3000 [14:18<19:29,  1.46it/s]
qwen2.5-vl/pope/ricd/coco/popular/seed1:  43%|████▎     | 1288/3000 [14:18<19:39,  1.45it/s]
qwen2.5-vl/pope/ricd/coco/popular/seed1:  43%|████▎     | 1289/3000 [14:19<19:45,  1.44it/s]
qwen2.5-vl/pope/ricd/coco/popular/seed1:  43%|████▎     | 1290/3000 [14:20<19:48,  1.44it/s]
qwen2.5-vl/pope/ricd/coco/popular/seed1:  43%|████▎     | 1291/3000 [14:20<20:09,  1.41it/s]
qwen2.5-vl/pope/ricd/coco/popular/seed1:  43%|████▎     | 1292/3000 [14:21<20:25,  1.39it/s]
qwen2.5-vl/pope/ricd/coco/popular/seed1:  43%|████▎     | 1293/3000 [14:22<20:37,  1.38it/s]
qwen2.5-vl/pope/ricd/coco/popular/seed1:  43%|████▎     | 1294/3000 [14:23<20:45,  1.37it/s]
qwen2.5-vl/pope/ricd/coco/popular/seed1:  43%|████▎     | 1295/3000 [14:23<20:50,  1.36it/s]
qwen2.5-vl/pope/ricd/coco/popular/seed1:  43%|████▎     | 1296/3000 [14:24<20:50,  1.36it/s]
qwen2.5-vl/pope/ricd/coco/popular/seed1:  43%|████▎     | 1297/3000 [14:25<20:53,  1.36it/s]
qwen2.5-vl/pope/ricd/coco/popular/seed1:  43%|████▎     | 1298/3000 [14:26<20:56,  1.35it/s]
qwen2.5-vl/pope/ricd/coco/popular/seed1:  43%|████▎     | 1299/3000 [14:26<20:58,  1.35it/s]
qwen2.5-vl/pope/ricd/coco/popular/seed1:  43%|████▎     | 1300/3000 [14:27<20:58,  1.35it/s]
qwen2.5-vl/pope/ricd/coco/popular/seed1:  43%|████▎     | 1301/3000 [14:28<20:57,  1.35it/s]
qwen2.5-vl/pope/ricd/coco/popular/seed1:  43%|████▎     | 1302/3000 [14:29<20:55,  1.35it/s]
qwen2.5-vl/pope/ricd/coco/popular/seed1:  43%|████▎     | 1303/3000 [14:29<19:54,  1.42it/s]
qwen2.5-vl/pope/ricd/coco/popular/seed1:  43%|████▎     | 1304/3000 [14:30<19:08,  1.48it/s]
qwen2.5-vl/pope/ricd/coco/popular/seed1:  44%|████▎     | 1305/3000 [14:30<18:35,  1.52it/s]
qwen2.5-vl/pope/ricd/coco/popular/seed1:  44%|████▎     | 1306/3000 [14:31<18:12,  1.55it/s]
qwen2.5-vl/pope/ricd/coco/popular/seed1:  44%|████▎     | 1307/3000 [14:32<18:00,  1.57it/s]
qwen2.5-vl/pope/ricd/coco/popular/seed1:  44%|████▎     | 1308/3000 [14:32<17:51,  1.58it/s]
qwen2.5-vl/pope/ricd/coco/popular/seed1:  44%|████▎     | 1309/3000 [14:33<17:45,  1.59it/s]
qwen2.5-vl/pope/ricd/coco/popular/seed1:  44%|████▎     | 1310/3000 [14:34<17:38,  1.60it/s]
qwen2.5-vl/pope/ricd/coco/popular/seed1:  44%|████▎     | 1311/3000 [14:34<17:36,  1.60it/s]
qwen2.5-vl/pope/ricd/coco/popular/seed1:  44%|████▎     | 1312/3000 [14:35<17:33,  1.60it/s]
qwen2.5-vl/pope/ricd/coco/popular/seed1:  44%|████▍     | 1313/3000 [14:35<17:31,  1.60it/s]
qwen2.5-vl/pope/ricd/coco/popular/seed1:  44%|████▍     | 1314/3000 [14:36<17:29,  1.61it/s]
qwen2.5-vl/pope/ricd/coco/popular/seed1:  44%|████▍     | 1315/3000 [14:37<18:27,  1.52it/s]
qwen2.5-vl/pope/ricd/coco/popular/seed1:  44%|████▍     | 1316/3000 [14:37<19:10,  1.46it/s]
qwen2.5-vl/pope/ricd/coco/popular/seed1:  44%|████▍     | 1317/3000 [14:38<19:40,  1.43it/s]
qwen2.5-vl/pope/ricd/coco/popular/seed1:  44%|████▍     | 1318/3000 [14:39<20:03,  1.40it/s]
qwen2.5-vl/pope/ricd/coco/popular/seed1:  44%|████▍     | 1319/3000 [14:40<20:13,  1.39it/s]
qwen2.5-vl/pope/ricd/coco/popular/seed1:  44%|████▍     | 1320/3000 [14:40<20:21,  1.38it/s]
qwen2.5-vl/pope/ricd/coco/popular/seed1:  44%|████▍     | 1321/3000 [14:41<20:24,  1.37it/s]
qwen2.5-vl/pope/ricd/coco/popular/seed1:  44%|████▍     | 1322/3000 [14:42<20:26,  1.37it/s]
qwen2.5-vl/pope/ricd/coco/popular/seed1:  44%|████▍     | 1323/3000 [14:43<20:27,  1.37it/s]
qwen2.5-vl/pope/ricd/coco/popular/seed1:  44%|████▍     | 1324/3000 [14:43<20:33,  1.36it/s]
qwen2.5-vl/pope/ricd/coco/popular/seed1:  44%|████▍     | 1325/3000 [14:44<20:34,  1.36it/s]
qwen2.5-vl/pope/ricd/coco/popular/seed1:  44%|████▍     | 1326/3000 [14:45<20:34,  1.36it/s]
qwen2.5-vl/pope/ricd/coco/popular/seed1:  44%|████▍     | 1327/3000 [14:45<19:11,  1.45it/s]
qwen2.5-vl/pope/ricd/coco/popular/seed1:  44%|████▍     | 1328/3000 [14:46<18:13,  1.53it/s]
qwen2.5-vl/pope/ricd/coco/popular/seed1:  44%|████▍     | 1329/3000 [14:47<17:33,  1.59it/s]
qwen2.5-vl/pope/ricd/coco/popular/seed1:  44%|████▍     | 1330/3000 [14:47<17:01,  1.63it/s]
qwen2.5-vl/pope/ricd/coco/popular/seed1:  44%|████▍     | 1331/3000 [14:48<16:40,  1.67it/s]
qwen2.5-vl/pope/ricd/coco/popular/seed1:  44%|████▍     | 1332/3000 [14:48<16:24,  1.69it/s]
qwen2.5-vl/pope/ricd/coco/popular/seed1:  44%|████▍     | 1333/3000 [14:49<17:38,  1.58it/s]
qwen2.5-vl/pope/ricd/coco/popular/seed1:  44%|████▍     | 1334/3000 [14:50<18:31,  1.50it/s]
qwen2.5-vl/pope/ricd/coco/popular/seed1:  44%|████▍     | 1335/3000 [14:51<19:06,  1.45it/s]
qwen2.5-vl/pope/ricd/coco/popular/seed1:  45%|████▍     | 1336/3000 [14:51<19:33,  1.42it/s]
qwen2.5-vl/pope/ricd/coco/popular/seed1:  45%|████▍     | 1337/3000 [14:52<19:47,  1.40it/s]
qwen2.5-vl/pope/ricd/coco/popular/seed1:  45%|████▍     | 1338/3000 [14:53<19:59,  1.39it/s]
qwen2.5-vl/pope/ricd/coco/popular/seed1:  45%|████▍     | 1339/3000 [14:53<20:07,  1.38it/s]
qwen2.5-vl/pope/ricd/coco/popular/seed1:  45%|████▍     | 1340/3000 [14:54<20:12,  1.37it/s]
qwen2.5-vl/pope/ricd/coco/popular/seed1:  45%|████▍     | 1341/3000 [14:55<20:15,  1.36it/s]
qwen2.5-vl/pope/ricd/coco/popular/seed1:  45%|████▍     | 1342/3000 [14:56<20:17,  1.36it/s]
qwen2.5-vl/pope/ricd/coco/popular/seed1:  45%|████▍     | 1343/3000 [14:56<20:23,  1.35it/s]
qwen2.5-vl/pope/ricd/coco/popular/seed1:  45%|████▍     | 1344/3000 [14:57<20:27,  1.35it/s]
qwen2.5-vl/pope/ricd/coco/popular/seed1:  45%|████▍     | 1345/3000 [14:58<20:30,  1.35it/s]
qwen2.5-vl/pope/ricd/coco/popular/seed1:  45%|████▍     | 1346/3000 [14:59<20:28,  1.35it/s]
qwen2.5-vl/pope/ricd/coco/popular/seed1:  45%|████▍     | 1347/3000 [14:59<20:27,  1.35it/s]
qwen2.5-vl/pope/ricd/coco/popular/seed1:  45%|████▍     | 1348/3000 [15:00<20:24,  1.35it/s]
qwen2.5-vl/pope/ricd/coco/popular/seed1:  45%|████▍     | 1349/3000 [15:01<20:26,  1.35it/s]
qwen2.5-vl/pope/ricd/coco/popular/seed1:  45%|████▌     | 1350/3000 [15:02<20:23,  1.35it/s]
qwen2.5-vl/pope/ricd/coco/popular/seed1:  45%|████▌     | 1351/3000 [15:02<20:19,  1.35it/s]
qwen2.5-vl/pope/ricd/coco/popular/seed1:  45%|████▌     | 1352/3000 [15:03<20:23,  1.35it/s]
qwen2.5-vl/pope/ricd/coco/popular/seed1:  45%|████▌     | 1353/3000 [15:04<20:18,  1.35it/s]
qwen2.5-vl/pope/ricd/coco/popular/seed1:  45%|████▌     | 1354/3000 [15:05<20:19,  1.35it/s]
qwen2.5-vl/pope/ricd/coco/popular/seed1:  45%|████▌     | 1355/3000 [15:05<20:28,  1.34it/s]
qwen2.5-vl/pope/ricd/coco/popular/seed1:  45%|████▌     | 1356/3000 [15:06<20:26,  1.34it/s]
qwen2.5-vl/pope/ricd/coco/popular/seed1:  45%|████▌     | 1357/3000 [15:07<20:52,  1.31it/s]
qwen2.5-vl/pope/ricd/coco/popular/seed1:  45%|████▌     | 1358/3000 [15:08<21:04,  1.30it/s]
qwen2.5-vl/pope/ricd/coco/popular/seed1:  45%|████▌     | 1359/3000 [15:08<21:12,  1.29it/s]
qwen2.5-vl/pope/ricd/coco/popular/seed1:  45%|████▌     | 1360/3000 [15:09<21:19,  1.28it/s]
qwen2.5-vl/pope/ricd/coco/popular/seed1:  45%|████▌     | 1361/3000 [15:10<21:23,  1.28it/s]
qwen2.5-vl/pope/ricd/coco/popular/seed1:  45%|████▌     | 1362/3000 [15:11<21:26,  1.27it/s]
qwen2.5-vl/pope/ricd/coco/popular/seed1:  45%|████▌     | 1363/3000 [15:12<21:54,  1.25it/s]
qwen2.5-vl/pope/ricd/coco/popular/seed1:  45%|████▌     | 1364/3000 [15:13<22:04,  1.23it/s]
qwen2.5-vl/pope/ricd/coco/popular/seed1:  46%|████▌     | 1365/3000 [15:13<22:05,  1.23it/s]
qwen2.5-vl/pope/ricd/coco/popular/seed1:  46%|████▌     | 1366/3000 [15:14<22:07,  1.23it/s]
qwen2.5-vl/pope/ricd/coco/popular/seed1:  46%|████▌     | 1367/3000 [15:15<22:11,  1.23it/s]
qwen2.5-vl/pope/ricd/coco/popular/seed1:  46%|████▌     | 1368/3000 [15:16<22:15,  1.22it/s]
qwen2.5-vl/pope/ricd/coco/popular/seed1:  46%|████▌     | 1369/3000 [15:16<20:14,  1.34it/s]
qwen2.5-vl/pope/ricd/coco/popular/seed1:  46%|████▌     | 1370/3000 [15:17<18:49,  1.44it/s]
qwen2.5-vl/pope/ricd/coco/popular/seed1:  46%|████▌     | 1371/3000 [15:18<17:49,  1.52it/s]
qwen2.5-vl/pope/ricd/coco/popular/seed1:  46%|████▌     | 1372/3000 [15:18<17:10,  1.58it/s]
qwen2.5-vl/pope/ricd/coco/popular/seed1:  46%|████▌     | 1373/3000 [15:19<16:39,  1.63it/s]
qwen2.5-vl/pope/ricd/coco/popular/seed1:  46%|████▌     | 1374/3000 [15:19<16:16,  1.67it/s]
qwen2.5-vl/pope/ricd/coco/popular/seed1:  46%|████▌     | 1375/3000 [15:20<16:23,  1.65it/s]
qwen2.5-vl/pope/ricd/coco/popular/seed1:  46%|████▌     | 1376/3000 [15:20<16:29,  1.64it/s]
qwen2.5-vl/pope/ricd/coco/popular/seed1:  46%|████▌     | 1377/3000 [15:21<16:33,  1.63it/s]
qwen2.5-vl/pope/ricd/coco/popular/seed1:  46%|████▌     | 1378/3000 [15:22<16:34,  1.63it/s]
qwen2.5-vl/pope/ricd/coco/popular/seed1:  46%|████▌     | 1379/3000 [15:22<16:32,  1.63it/s]
qwen2.5-vl/pope/ricd/coco/popular/seed1:  46%|████▌     | 1380/3000 [15:23<16:32,  1.63it/s]
qwen2.5-vl/pope/ricd/coco/popular/seed1:  46%|████▌     | 1381/3000 [15:24<16:30,  1.63it/s]
qwen2.5-vl/pope/ricd/coco/popular/seed1:  46%|████▌     | 1382/3000 [15:24<16:30,  1.63it/s]
qwen2.5-vl/pope/ricd/coco/popular/seed1:  46%|████▌     | 1383/3000 [15:25<16:30,  1.63it/s]
qwen2.5-vl/pope/ricd/coco/popular/seed1:  46%|████▌     | 1384/3000 [15:25<16:30,  1.63it/s]
qwen2.5-vl/pope/ricd/coco/popular/seed1:  46%|████▌     | 1385/3000 [15:26<16:28,  1.63it/s]
qwen2.5-vl/pope/ricd/coco/popular/seed1:  46%|████▌     | 1386/3000 [15:27<16:31,  1.63it/s]
qwen2.5-vl/pope/ricd/coco/popular/seed1:  46%|████▌     | 1387/3000 [15:27<17:32,  1.53it/s]
qwen2.5-vl/pope/ricd/coco/popular/seed1:  46%|████▋     | 1388/3000 [15:28<18:13,  1.47it/s]
qwen2.5-vl/pope/ricd/coco/popular/seed1:  46%|████▋     | 1389/3000 [15:29<18:43,  1.43it/s]
qwen2.5-vl/pope/ricd/coco/popular/seed1:  46%|████▋     | 1390/3000 [15:30<19:01,  1.41it/s]
qwen2.5-vl/pope/ricd/coco/popular/seed1:  46%|████▋     | 1391/3000 [15:30<19:11,  1.40it/s]
qwen2.5-vl/pope/ricd/coco/popular/seed1:  46%|████▋     | 1392/3000 [15:31<19:18,  1.39it/s]
qwen2.5-vl/pope/ricd/coco/popular/seed1:  46%|████▋     | 1393/3000 [15:32<19:35,  1.37it/s]
qwen2.5-vl/pope/ricd/coco/popular/seed1:  46%|████▋     | 1394/3000 [15:33<19:57,  1.34it/s]
qwen2.5-vl/pope/ricd/coco/popular/seed1:  46%|████▋     | 1395/3000 [15:33<20:10,  1.33it/s]
qwen2.5-vl/pope/ricd/coco/popular/seed1:  47%|████▋     | 1396/3000 [15:34<20:18,  1.32it/s]
qwen2.5-vl/pope/ricd/coco/popular/seed1:  47%|████▋     | 1397/3000 [15:35<20:24,  1.31it/s]
qwen2.5-vl/pope/ricd/coco/popular/seed1:  47%|████▋     | 1398/3000 [15:36<20:26,  1.31it/s]
qwen2.5-vl/pope/ricd/coco/popular/seed1:  47%|████▋     | 1399/3000 [15:36<20:14,  1.32it/s]
qwen2.5-vl/pope/ricd/coco/popular/seed1:  47%|████▋     | 1400/3000 [15:37<20:05,  1.33it/s]
qwen2.5-vl/pope/ricd/coco/popular/seed1:  47%|████▋     | 1401/3000 [15:38<19:56,  1.34it/s]
qwen2.5-vl/pope/ricd/coco/popular/seed1:  47%|████▋     | 1402/3000 [15:39<19:50,  1.34it/s]
qwen2.5-vl/pope/ricd/coco/popular/seed1:  47%|████▋     | 1403/3000 [15:39<19:50,  1.34it/s]
qwen2.5-vl/pope/ricd/coco/popular/seed1:  47%|████▋     | 1404/3000 [15:40<19:48,  1.34it/s]
qwen2.5-vl/pope/ricd/coco/popular/seed1:  47%|████▋     | 1405/3000 [15:41<20:26,  1.30it/s]
qwen2.5-vl/pope/ricd/coco/popular/seed1:  47%|████▋     | 1406/3000 [15:42<20:52,  1.27it/s]
qwen2.5-vl/pope/ricd/coco/popular/seed1:  47%|████▋     | 1407/3000 [15:43<21:09,  1.25it/s]
qwen2.5-vl/pope/ricd/coco/popular/seed1:  47%|████▋     | 1408/3000 [15:43<21:22,  1.24it/s]
qwen2.5-vl/pope/ricd/coco/popular/seed1:  47%|████▋     | 1409/3000 [15:44<21:31,  1.23it/s]
qwen2.5-vl/pope/ricd/coco/popular/seed1:  47%|████▋     | 1410/3000 [15:45<21:34,  1.23it/s]
qwen2.5-vl/pope/ricd/coco/popular/seed1:  47%|████▋     | 1411/3000 [15:46<21:00,  1.26it/s]
qwen2.5-vl/pope/ricd/coco/popular/seed1:  47%|████▋     | 1412/3000 [15:47<20:35,  1.29it/s]
qwen2.5-vl/pope/ricd/coco/popular/seed1:  47%|████▋     | 1413/3000 [15:47<20:17,  1.30it/s]
qwen2.5-vl/pope/ricd/coco/popular/seed1:  47%|████▋     | 1414/3000 [15:48<20:00,  1.32it/s]
qwen2.5-vl/pope/ricd/coco/popular/seed1:  47%|████▋     | 1415/3000 [15:49<19:47,  1.33it/s]
qwen2.5-vl/pope/ricd/coco/popular/seed1:  47%|████▋     | 1416/3000 [15:49<19:43,  1.34it/s]
qwen2.5-vl/pope/ricd/coco/popular/seed1:  47%|████▋     | 1417/3000 [15:50<18:43,  1.41it/s]
qwen2.5-vl/pope/ricd/coco/popular/seed1:  47%|████▋     | 1418/3000 [15:51<18:03,  1.46it/s]
qwen2.5-vl/pope/ricd/coco/popular/seed1:  47%|████▋     | 1419/3000 [15:51<17:33,  1.50it/s]
qwen2.5-vl/pope/ricd/coco/popular/seed1:  47%|████▋     | 1420/3000 [15:52<17:11,  1.53it/s]
qwen2.5-vl/pope/ricd/coco/popular/seed1:  47%|████▋     | 1421/3000 [15:53<16:57,  1.55it/s]
qwen2.5-vl/pope/ricd/coco/popular/seed1:  47%|████▋     | 1422/3000 [15:53<16:47,  1.57it/s]
qwen2.5-vl/pope/ricd/coco/popular/seed1:  47%|████▋     | 1423/3000 [15:54<16:16,  1.61it/s]
qwen2.5-vl/pope/ricd/coco/popular/seed1:  47%|████▋     | 1424/3000 [15:54<15:54,  1.65it/s]
qwen2.5-vl/pope/ricd/coco/popular/seed1:  48%|████▊     | 1425/3000 [15:55<15:38,  1.68it/s]
qwen2.5-vl/pope/ricd/coco/popular/seed1:  48%|████▊     | 1426/3000 [15:56<15:28,  1.70it/s]
qwen2.5-vl/pope/ricd/coco/popular/seed1:  48%|████▊     | 1427/3000 [15:56<15:21,  1.71it/s]
qwen2.5-vl/pope/ricd/coco/popular/seed1:  48%|████▊     | 1428/3000 [15:57<15:18,  1.71it/s]
qwen2.5-vl/pope/ricd/coco/popular/seed1:  48%|████▊     | 1429/3000 [15:57<16:31,  1.58it/s]
qwen2.5-vl/pope/ricd/coco/popular/seed1:  48%|████▊     | 1430/3000 [15:58<17:22,  1.51it/s]
qwen2.5-vl/pope/ricd/coco/popular/seed1:  48%|████▊     | 1431/3000 [15:59<17:59,  1.45it/s]
qwen2.5-vl/pope/ricd/coco/popular/seed1:  48%|████▊     | 1432/3000 [16:00<18:18,  1.43it/s]
qwen2.5-vl/pope/ricd/coco/popular/seed1:  48%|████▊     | 1433/3000 [16:00<18:32,  1.41it/s]
qwen2.5-vl/pope/ricd/coco/popular/seed1:  48%|████▊     | 1434/3000 [16:01<18:43,  1.39it/s]
qwen2.5-vl/pope/ricd/coco/popular/seed1:  48%|████▊     | 1435/3000 [16:02<18:56,  1.38it/s]
qwen2.5-vl/pope/ricd/coco/popular/seed1:  48%|████▊     | 1436/3000 [16:03<19:02,  1.37it/s]
qwen2.5-vl/pope/ricd/coco/popular/seed1:  48%|████▊     | 1437/3000 [16:03<19:04,  1.37it/s]
qwen2.5-vl/pope/ricd/coco/popular/seed1:  48%|████▊     | 1438/3000 [16:04<18:58,  1.37it/s]
qwen2.5-vl/pope/ricd/coco/popular/seed1:  48%|████▊     | 1439/3000 [16:05<18:49,  1.38it/s]
qwen2.5-vl/pope/ricd/coco/popular/seed1:  48%|████▊     | 1440/3000 [16:05<18:47,  1.38it/s]
qwen2.5-vl/pope/ricd/coco/popular/seed1:  48%|████▊     | 1441/3000 [16:06<18:42,  1.39it/s]
qwen2.5-vl/pope/ricd/coco/popular/seed1:  48%|████▊     | 1442/3000 [16:07<18:41,  1.39it/s]
qwen2.5-vl/pope/ricd/coco/popular/seed1:  48%|████▊     | 1443/3000 [16:08<18:42,  1.39it/s]
qwen2.5-vl/pope/ricd/coco/popular/seed1:  48%|████▊     | 1444/3000 [16:08<18:42,  1.39it/s]
qwen2.5-vl/pope/ricd/coco/popular/seed1:  48%|████▊     | 1445/3000 [16:09<18:41,  1.39it/s]
qwen2.5-vl/pope/ricd/coco/popular/seed1:  48%|████▊     | 1446/3000 [16:10<18:42,  1.38it/s]
qwen2.5-vl/pope/ricd/coco/popular/seed1:  48%|████▊     | 1447/3000 [16:10<17:45,  1.46it/s]
qwen2.5-vl/pope/ricd/coco/popular/seed1:  48%|████▊     | 1448/3000 [16:11<17:05,  1.51it/s]
qwen2.5-vl/pope/ricd/coco/popular/seed1:  48%|████▊     | 1449/3000 [16:12<16:39,  1.55it/s]
qwen2.5-vl/pope/ricd/coco/popular/seed1:  48%|████▊     | 1450/3000 [16:12<16:24,  1.57it/s]
qwen2.5-vl/pope/ricd/coco/popular/seed1:  48%|████▊     | 1451/3000 [16:13<16:12,  1.59it/s]
qwen2.5-vl/pope/ricd/coco/popular/seed1:  48%|████▊     | 1452/3000 [16:13<16:05,  1.60it/s]
qwen2.5-vl/pope/ricd/coco/popular/seed1:  48%|████▊     | 1453/3000 [16:14<16:54,  1.52it/s]
qwen2.5-vl/pope/ricd/coco/popular/seed1:  48%|████▊     | 1454/3000 [16:15<17:29,  1.47it/s]
qwen2.5-vl/pope/ricd/coco/popular/seed1:  48%|████▊     | 1455/3000 [16:16<17:54,  1.44it/s]
qwen2.5-vl/pope/ricd/coco/popular/seed1:  49%|████▊     | 1456/3000 [16:16<18:10,  1.42it/s]
qwen2.5-vl/pope/ricd/coco/popular/seed1:  49%|████▊     | 1457/3000 [16:17<18:20,  1.40it/s]
qwen2.5-vl/pope/ricd/coco/popular/seed1:  49%|████▊     | 1458/3000 [16:18<18:30,  1.39it/s]
qwen2.5-vl/pope/ricd/coco/popular/seed1:  49%|████▊     | 1459/3000 [16:19<18:37,  1.38it/s]
qwen2.5-vl/pope/ricd/coco/popular/seed1:  49%|████▊     | 1460/3000 [16:19<18:40,  1.37it/s]
qwen2.5-vl/pope/ricd/coco/popular/seed1:  49%|████▊     | 1461/3000 [16:20<18:40,  1.37it/s]
qwen2.5-vl/pope/ricd/coco/popular/seed1:  49%|████▊     | 1462/3000 [16:21<18:42,  1.37it/s]
qwen2.5-vl/pope/ricd/coco/popular/seed1:  49%|████▉     | 1463/3000 [16:22<18:41,  1.37it/s]
qwen2.5-vl/pope/ricd/coco/popular/seed1:  49%|████▉     | 1464/3000 [16:22<18:43,  1.37it/s]
qwen2.5-vl/pope/ricd/coco/popular/seed1:  49%|████▉     | 1465/3000 [16:23<17:52,  1.43it/s]
qwen2.5-vl/pope/ricd/coco/popular/seed1:  49%|████▉     | 1466/3000 [16:23<17:14,  1.48it/s]
qwen2.5-vl/pope/ricd/coco/popular/seed1:  49%|████▉     | 1467/3000 [16:24<16:57,  1.51it/s]
qwen2.5-vl/pope/ricd/coco/popular/seed1:  49%|████▉     | 1468/3000 [16:25<16:45,  1.52it/s]
qwen2.5-vl/pope/ricd/coco/popular/seed1:  49%|████▉     | 1469/3000 [16:25<16:43,  1.53it/s]
qwen2.5-vl/pope/ricd/coco/popular/seed1:  49%|████▉     | 1470/3000 [16:26<16:32,  1.54it/s]
qwen2.5-vl/pope/ricd/coco/popular/seed1:  49%|████▉     | 1471/3000 [16:27<17:11,  1.48it/s]
qwen2.5-vl/pope/ricd/coco/popular/seed1:  49%|████▉     | 1472/3000 [16:28<17:40,  1.44it/s]
qwen2.5-vl/pope/ricd/coco/popular/seed1:  49%|████▉     | 1473/3000 [16:28<18:00,  1.41it/s]
qwen2.5-vl/pope/ricd/coco/popular/seed1:  49%|████▉     | 1474/3000 [16:29<18:14,  1.39it/s]
qwen2.5-vl/pope/ricd/coco/popular/seed1:  49%|████▉     | 1475/3000 [16:30<18:22,  1.38it/s]
qwen2.5-vl/pope/ricd/coco/popular/seed1:  49%|████▉     | 1476/3000 [16:30<18:28,  1.38it/s]
qwen2.5-vl/pope/ricd/coco/popular/seed1:  49%|████▉     | 1477/3000 [16:31<17:36,  1.44it/s]
qwen2.5-vl/pope/ricd/coco/popular/seed1:  49%|████▉     | 1478/3000 [16:32<16:57,  1.50it/s]
qwen2.5-vl/pope/ricd/coco/popular/seed1:  49%|████▉     | 1479/3000 [16:32<16:33,  1.53it/s]
qwen2.5-vl/pope/ricd/coco/popular/seed1:  49%|████▉     | 1480/3000 [16:33<16:16,  1.56it/s]
qwen2.5-vl/pope/ricd/coco/popular/seed1:  49%|████▉     | 1481/3000 [16:34<16:05,  1.57it/s]
qwen2.5-vl/pope/ricd/coco/popular/seed1:  49%|████▉     | 1482/3000 [16:34<15:54,  1.59it/s]
qwen2.5-vl/pope/ricd/coco/popular/seed1:  49%|████▉     | 1483/3000 [16:35<15:46,  1.60it/s]
qwen2.5-vl/pope/ricd/coco/popular/seed1:  49%|████▉     | 1484/3000 [16:35<15:39,  1.61it/s]
qwen2.5-vl/pope/ricd/coco/popular/seed1:  50%|████▉     | 1485/3000 [16:36<15:34,  1.62it/s]
qwen2.5-vl/pope/ricd/coco/popular/seed1:  50%|████▉     | 1486/3000 [16:37<15:34,  1.62it/s]
qwen2.5-vl/pope/ricd/coco/popular/seed1:  50%|████▉     | 1487/3000 [16:37<15:42,  1.61it/s]
qwen2.5-vl/pope/ricd/coco/popular/seed1:  50%|████▉     | 1488/3000 [16:38<15:43,  1.60it/s]
qwen2.5-vl/pope/ricd/coco/popular/seed1:  50%|████▉     | 1489/3000 [16:38<15:37,  1.61it/s]
qwen2.5-vl/pope/ricd/coco/popular/seed1:  50%|████▉     | 1490/3000 [16:39<15:17,  1.65it/s]
qwen2.5-vl/pope/ricd/coco/popular/seed1:  50%|████▉     | 1491/3000 [16:40<15:01,  1.67it/s]
qwen2.5-vl/pope/ricd/coco/popular/seed1:  50%|████▉     | 1492/3000 [16:40<14:51,  1.69it/s]
qwen2.5-vl/pope/ricd/coco/popular/seed1:  50%|████▉     | 1493/3000 [16:41<14:42,  1.71it/s]
qwen2.5-vl/pope/ricd/coco/popular/seed1:  50%|████▉     | 1494/3000 [16:41<14:36,  1.72it/s]
qwen2.5-vl/pope/ricd/coco/popular/seed1:  50%|████▉     | 1495/3000 [16:42<15:56,  1.57it/s]
qwen2.5-vl/pope/ricd/coco/popular/seed1:  50%|████▉     | 1496/3000 [16:43<16:51,  1.49it/s]
qwen2.5-vl/pope/ricd/coco/popular/seed1:  50%|████▉     | 1497/3000 [16:44<17:29,  1.43it/s]
qwen2.5-vl/pope/ricd/coco/popular/seed1:  50%|████▉     | 1498/3000 [16:44<17:57,  1.39it/s]
qwen2.5-vl/pope/ricd/coco/popular/seed1:  50%|████▉     | 1499/3000 [16:45<18:16,  1.37it/s]
qwen2.5-vl/pope/ricd/coco/popular/seed1:  50%|█████     | 1500/3000 [16:46<18:30,  1.35it/s]
qwen2.5-vl/pope/ricd/coco/popular/seed1:  50%|█████     | 1501/3000 [16:47<18:02,  1.38it/s]
qwen2.5-vl/pope/ricd/coco/popular/seed1:  50%|█████     | 1502/3000 [16:47<17:42,  1.41it/s]
qwen2.5-vl/pope/ricd/coco/popular/seed1:  50%|█████     | 1503/3000 [16:48<17:28,  1.43it/s]
qwen2.5-vl/pope/ricd/coco/popular/seed1:  50%|█████     | 1504/3000 [16:49<17:19,  1.44it/s]
qwen2.5-vl/pope/ricd/coco/popular/seed1:  50%|█████     | 1505/3000 [16:49<17:09,  1.45it/s]
qwen2.5-vl/pope/ricd/coco/popular/seed1:  50%|█████     | 1506/3000 [16:50<17:01,  1.46it/s]
qwen2.5-vl/pope/ricd/coco/popular/seed1:  50%|█████     | 1507/3000 [16:51<17:19,  1.44it/s]
qwen2.5-vl/pope/ricd/coco/popular/seed1:  50%|█████     | 1508/3000 [16:51<17:31,  1.42it/s]
qwen2.5-vl/pope/ricd/coco/popular/seed1:  50%|█████     | 1509/3000 [16:52<17:41,  1.40it/s]
qwen2.5-vl/pope/ricd/coco/popular/seed1:  50%|█████     | 1510/3000 [16:53<17:44,  1.40it/s]
qwen2.5-vl/pope/ricd/coco/popular/seed1:  50%|█████     | 1511/3000 [16:54<17:47,  1.39it/s]
qwen2.5-vl/pope/ricd/coco/popular/seed1:  50%|█████     | 1512/3000 [16:54<17:50,  1.39it/s]
qwen2.5-vl/pope/ricd/coco/popular/seed1:  50%|█████     | 1513/3000 [16:55<19:24,  1.28it/s]
qwen2.5-vl/pope/ricd/coco/popular/seed1:  50%|█████     | 1514/3000 [16:56<20:27,  1.21it/s]
qwen2.5-vl/pope/ricd/coco/popular/seed1:  50%|█████     | 1515/3000 [16:57<21:12,  1.17it/s]
qwen2.5-vl/pope/ricd/coco/popular/seed1:  51%|█████     | 1516/3000 [16:58<21:46,  1.14it/s]
qwen2.5-vl/pope/ricd/coco/popular/seed1:  51%|█████     | 1517/3000 [16:59<22:06,  1.12it/s]
qwen2.5-vl/pope/ricd/coco/popular/seed1:  51%|█████     | 1518/3000 [17:00<22:17,  1.11it/s]
qwen2.5-vl/pope/ricd/coco/popular/seed1:  51%|█████     | 1519/3000 [17:01<21:00,  1.18it/s]
qwen2.5-vl/pope/ricd/coco/popular/seed1:  51%|█████     | 1520/3000 [17:01<20:07,  1.23it/s]
qwen2.5-vl/pope/ricd/coco/popular/seed1:  51%|█████     | 1521/3000 [17:02<19:30,  1.26it/s]
qwen2.5-vl/pope/ricd/coco/popular/seed1:  51%|█████     | 1522/3000 [17:03<19:12,  1.28it/s]
qwen2.5-vl/pope/ricd/coco/popular/seed1:  51%|█████     | 1523/3000 [17:04<19:00,  1.29it/s]
qwen2.5-vl/pope/ricd/coco/popular/seed1:  51%|█████     | 1524/3000 [17:04<18:57,  1.30it/s]
qwen2.5-vl/pope/ricd/coco/popular/seed1:  51%|█████     | 1525/3000 [17:05<18:49,  1.31it/s]
qwen2.5-vl/pope/ricd/coco/popular/seed1:  51%|█████     | 1526/3000 [17:06<18:39,  1.32it/s]
qwen2.5-vl/pope/ricd/coco/popular/seed1:  51%|█████     | 1527/3000 [17:07<18:22,  1.34it/s]
qwen2.5-vl/pope/ricd/coco/popular/seed1:  51%|█████     | 1528/3000 [17:07<18:10,  1.35it/s]
qwen2.5-vl/pope/ricd/coco/popular/seed1:  51%|█████     | 1529/3000 [17:08<17:59,  1.36it/s]
qwen2.5-vl/pope/ricd/coco/popular/seed1:  51%|█████     | 1530/3000 [17:09<17:50,  1.37it/s]
qwen2.5-vl/pope/ricd/coco/popular/seed1:  51%|█████     | 1531/3000 [17:09<17:48,  1.37it/s]
qwen2.5-vl/pope/ricd/coco/popular/seed1:  51%|█████     | 1532/3000 [17:10<17:46,  1.38it/s]
qwen2.5-vl/pope/ricd/coco/popular/seed1:  51%|█████     | 1533/3000 [17:11<17:46,  1.38it/s]
qwen2.5-vl/pope/ricd/coco/popular/seed1:  51%|█████     | 1534/3000 [17:12<17:46,  1.38it/s]
qwen2.5-vl/pope/ricd/coco/popular/seed1:  51%|█████     | 1535/3000 [17:12<17:47,  1.37it/s]
qwen2.5-vl/pope/ricd/coco/popular/seed1:  51%|█████     | 1536/3000 [17:13<17:43,  1.38it/s]
qwen2.5-vl/pope/ricd/coco/popular/seed1:  51%|█████     | 1537/3000 [17:14<17:41,  1.38it/s]
qwen2.5-vl/pope/ricd/coco/popular/seed1:  51%|█████▏    | 1538/3000 [17:15<17:42,  1.38it/s]
qwen2.5-vl/pope/ricd/coco/popular/seed1:  51%|█████▏    | 1539/3000 [17:15<17:45,  1.37it/s]
qwen2.5-vl/pope/ricd/coco/popular/seed1:  51%|█████▏    | 1540/3000 [17:16<17:45,  1.37it/s]
qwen2.5-vl/pope/ricd/coco/popular/seed1:  51%|█████▏    | 1541/3000 [17:17<17:45,  1.37it/s]
qwen2.5-vl/pope/ricd/coco/popular/seed1:  51%|█████▏    | 1542/3000 [17:18<17:46,  1.37it/s]
qwen2.5-vl/pope/ricd/coco/popular/seed1:  51%|█████▏    | 1543/3000 [17:18<17:47,  1.36it/s]
qwen2.5-vl/pope/ricd/coco/popular/seed1:  51%|█████▏    | 1544/3000 [17:19<17:48,  1.36it/s]
qwen2.5-vl/pope/ricd/coco/popular/seed1:  52%|█████▏    | 1545/3000 [17:20<17:47,  1.36it/s]
qwen2.5-vl/pope/ricd/coco/popular/seed1:  52%|█████▏    | 1546/3000 [17:20<17:48,  1.36it/s]
qwen2.5-vl/pope/ricd/coco/popular/seed1:  52%|█████▏    | 1547/3000 [17:21<17:48,  1.36it/s]
qwen2.5-vl/pope/ricd/coco/popular/seed1:  52%|█████▏    | 1548/3000 [17:22<17:47,  1.36it/s]
qwen2.5-vl/pope/ricd/coco/popular/seed1:  52%|█████▏    | 1549/3000 [17:23<16:54,  1.43it/s]
qwen2.5-vl/pope/ricd/coco/popular/seed1:  52%|█████▏    | 1550/3000 [17:23<16:14,  1.49it/s]
qwen2.5-vl/pope/ricd/coco/popular/seed1:  52%|█████▏    | 1551/3000 [17:24<15:46,  1.53it/s]
qwen2.5-vl/pope/ricd/coco/popular/seed1:  52%|█████▏    | 1552/3000 [17:24<15:29,  1.56it/s]
qwen2.5-vl/pope/ricd/coco/popular/seed1:  52%|█████▏    | 1553/3000 [17:25<15:16,  1.58it/s]
qwen2.5-vl/pope/ricd/coco/popular/seed1:  52%|█████▏    | 1554/3000 [17:26<15:08,  1.59it/s]
qwen2.5-vl/pope/ricd/coco/popular/seed1:  52%|█████▏    | 1555/3000 [17:26<15:56,  1.51it/s]
qwen2.5-vl/pope/ricd/coco/popular/seed1:  52%|█████▏    | 1556/3000 [17:27<16:27,  1.46it/s]
qwen2.5-vl/pope/ricd/coco/popular/seed1:  52%|█████▏    | 1557/3000 [17:28<16:50,  1.43it/s]
qwen2.5-vl/pope/ricd/coco/popular/seed1:  52%|█████▏    | 1558/3000 [17:29<17:04,  1.41it/s]
qwen2.5-vl/pope/ricd/coco/popular/seed1:  52%|█████▏    | 1559/3000 [17:29<17:13,  1.39it/s]
qwen2.5-vl/pope/ricd/coco/popular/seed1:  52%|█████▏    | 1560/3000 [17:30<17:22,  1.38it/s]
qwen2.5-vl/pope/ricd/coco/popular/seed1:  52%|█████▏    | 1561/3000 [17:31<17:11,  1.39it/s]
qwen2.5-vl/pope/ricd/coco/popular/seed1:  52%|█████▏    | 1562/3000 [17:31<17:01,  1.41it/s]
qwen2.5-vl/pope/ricd/coco/popular/seed1:  52%|█████▏    | 1563/3000 [17:32<16:53,  1.42it/s]
qwen2.5-vl/pope/ricd/coco/popular/seed1:  52%|█████▏    | 1564/3000 [17:33<16:49,  1.42it/s]
qwen2.5-vl/pope/ricd/coco/popular/seed1:  52%|█████▏    | 1565/3000 [17:34<16:47,  1.42it/s]
qwen2.5-vl/pope/ricd/coco/popular/seed1:  52%|█████▏    | 1566/3000 [17:34<16:48,  1.42it/s]
qwen2.5-vl/pope/ricd/coco/popular/seed1:  52%|█████▏    | 1567/3000 [17:35<17:02,  1.40it/s]
qwen2.5-vl/pope/ricd/coco/popular/seed1:  52%|█████▏    | 1568/3000 [17:36<17:11,  1.39it/s]
qwen2.5-vl/pope/ricd/coco/popular/seed1:  52%|█████▏    | 1569/3000 [17:36<17:18,  1.38it/s]
qwen2.5-vl/pope/ricd/coco/popular/seed1:  52%|█████▏    | 1570/3000 [17:37<17:24,  1.37it/s]
qwen2.5-vl/pope/ricd/coco/popular/seed1:  52%|█████▏    | 1571/3000 [17:38<17:25,  1.37it/s]
qwen2.5-vl/pope/ricd/coco/popular/seed1:  52%|█████▏    | 1572/3000 [17:39<17:26,  1.36it/s]
qwen2.5-vl/pope/ricd/coco/popular/seed1:  52%|█████▏    | 1573/3000 [17:39<14:46,  1.61it/s]
qwen2.5-vl/pope/ricd/coco/popular/seed1:  52%|█████▏    | 1574/3000 [17:39<12:54,  1.84it/s]
qwen2.5-vl/pope/ricd/coco/popular/seed1:  52%|█████▎    | 1575/3000 [17:40<11:35,  2.05it/s]
qwen2.5-vl/pope/ricd/coco/popular/seed1:  53%|█████▎    | 1576/3000 [17:40<10:40,  2.22it/s]
qwen2.5-vl/pope/ricd/coco/popular/seed1:  53%|█████▎    | 1577/3000 [17:40<10:03,  2.36it/s]
qwen2.5-vl/pope/ricd/coco/popular/seed1:  53%|█████▎    | 1578/3000 [17:41<09:37,  2.46it/s]
qwen2.5-vl/pope/ricd/coco/popular/seed1:  53%|█████▎    | 1579/3000 [17:42<11:44,  2.02it/s]
qwen2.5-vl/pope/ricd/coco/popular/seed1:  53%|█████▎    | 1580/3000 [17:42<13:09,  1.80it/s]
qwen2.5-vl/pope/ricd/coco/popular/seed1:  53%|█████▎    | 1581/3000 [17:43<14:08,  1.67it/s]
qwen2.5-vl/pope/ricd/coco/popular/seed1:  53%|█████▎    | 1582/3000 [17:44<14:51,  1.59it/s]
qwen2.5-vl/pope/ricd/coco/popular/seed1:  53%|█████▎    | 1583/3000 [17:44<15:19,  1.54it/s]
qwen2.5-vl/pope/ricd/coco/popular/seed1:  53%|█████▎    | 1584/3000 [17:45<15:39,  1.51it/s]
qwen2.5-vl/pope/ricd/coco/popular/seed1:  53%|█████▎    | 1585/3000 [17:46<16:12,  1.46it/s]
qwen2.5-vl/pope/ricd/coco/popular/seed1:  53%|█████▎    | 1586/3000 [17:46<16:27,  1.43it/s]
qwen2.5-vl/pope/ricd/coco/popular/seed1:  53%|█████▎    | 1587/3000 [17:47<16:41,  1.41it/s]
qwen2.5-vl/pope/ricd/coco/popular/seed1:  53%|█████▎    | 1588/3000 [17:48<16:52,  1.40it/s]
qwen2.5-vl/pope/ricd/coco/popular/seed1:  53%|█████▎    | 1589/3000 [17:49<16:57,  1.39it/s]
qwen2.5-vl/pope/ricd/coco/popular/seed1:  53%|█████▎    | 1590/3000 [17:49<17:03,  1.38it/s]
qwen2.5-vl/pope/ricd/coco/popular/seed1:  53%|█████▎    | 1591/3000 [17:50<17:07,  1.37it/s]
qwen2.5-vl/pope/ricd/coco/popular/seed1:  53%|█████▎    | 1592/3000 [17:51<17:10,  1.37it/s]
qwen2.5-vl/pope/ricd/coco/popular/seed1:  53%|█████▎    | 1593/3000 [17:52<17:09,  1.37it/s]
qwen2.5-vl/pope/ricd/coco/popular/seed1:  53%|█████▎    | 1594/3000 [17:52<17:11,  1.36it/s]
qwen2.5-vl/pope/ricd/coco/popular/seed1:  53%|█████▎    | 1595/3000 [17:53<17:14,  1.36it/s]
qwen2.5-vl/pope/ricd/coco/popular/seed1:  53%|█████▎    | 1596/3000 [17:54<17:12,  1.36it/s]
qwen2.5-vl/pope/ricd/coco/popular/seed1:  53%|█████▎    | 1597/3000 [17:55<17:45,  1.32it/s]
qwen2.5-vl/pope/ricd/coco/popular/seed1:  53%|█████▎    | 1598/3000 [17:55<18:04,  1.29it/s]
qwen2.5-vl/pope/ricd/coco/popular/seed1:  53%|█████▎    | 1599/3000 [17:56<18:18,  1.28it/s]
qwen2.5-vl/pope/ricd/coco/popular/seed1:  53%|█████▎    | 1600/3000 [17:57<18:27,  1.26it/s]
qwen2.5-vl/pope/ricd/coco/popular/seed1:  53%|█████▎    | 1601/3000 [17:58<18:33,  1.26it/s]
qwen2.5-vl/pope/ricd/coco/popular/seed1:  53%|█████▎    | 1602/3000 [17:59<18:42,  1.25it/s]
qwen2.5-vl/pope/ricd/coco/popular/seed1:  53%|█████▎    | 1603/3000 [18:00<19:52,  1.17it/s]
qwen2.5-vl/pope/ricd/coco/popular/seed1:  53%|█████▎    | 1604/3000 [18:01<20:43,  1.12it/s]
qwen2.5-vl/pope/ricd/coco/popular/seed1:  54%|█████▎    | 1605/3000 [18:02<21:15,  1.09it/s]
qwen2.5-vl/pope/ricd/coco/popular/seed1:  54%|█████▎    | 1606/3000 [18:03<21:39,  1.07it/s]
qwen2.5-vl/pope/ricd/coco/popular/seed1:  54%|█████▎    | 1607/3000 [18:04<21:53,  1.06it/s]
qwen2.5-vl/pope/ricd/coco/popular/seed1:  54%|█████▎    | 1608/3000 [18:05<22:05,  1.05it/s]
qwen2.5-vl/pope/ricd/coco/popular/seed1:  54%|█████▎    | 1609/3000 [18:05<19:26,  1.19it/s]
qwen2.5-vl/pope/ricd/coco/popular/seed1:  54%|█████▎    | 1610/3000 [18:06<17:34,  1.32it/s]
qwen2.5-vl/pope/ricd/coco/popular/seed1:  54%|█████▎    | 1611/3000 [18:06<16:12,  1.43it/s]
qwen2.5-vl/pope/ricd/coco/popular/seed1:  54%|█████▎    | 1612/3000 [18:07<15:15,  1.52it/s]
qwen2.5-vl/pope/ricd/coco/popular/seed1:  54%|█████▍    | 1613/3000 [18:07<14:36,  1.58it/s]
qwen2.5-vl/pope/ricd/coco/popular/seed1:  54%|█████▍    | 1614/3000 [18:08<14:10,  1.63it/s]
qwen2.5-vl/pope/ricd/coco/popular/seed1:  54%|█████▍    | 1615/3000 [18:09<14:11,  1.63it/s]
qwen2.5-vl/pope/ricd/coco/popular/seed1:  54%|█████▍    | 1616/3000 [18:09<14:12,  1.62it/s]
qwen2.5-vl/pope/ricd/coco/popular/seed1:  54%|█████▍    | 1617/3000 [18:10<14:09,  1.63it/s]
qwen2.5-vl/pope/ricd/coco/popular/seed1:  54%|█████▍    | 1618/3000 [18:10<14:07,  1.63it/s]
qwen2.5-vl/pope/ricd/coco/popular/seed1:  54%|█████▍    | 1619/3000 [18:11<14:04,  1.63it/s]
qwen2.5-vl/pope/ricd/coco/popular/seed1:  54%|█████▍    | 1620/3000 [18:12<14:03,  1.64it/s]
qwen2.5-vl/pope/ricd/coco/popular/seed1:  54%|█████▍    | 1621/3000 [18:12<14:05,  1.63it/s]
qwen2.5-vl/pope/ricd/coco/popular/seed1:  54%|█████▍    | 1622/3000 [18:13<14:05,  1.63it/s]
qwen2.5-vl/pope/ricd/coco/popular/seed1:  54%|█████▍    | 1623/3000 [18:13<14:06,  1.63it/s]
qwen2.5-vl/pope/ricd/coco/popular/seed1:  54%|█████▍    | 1624/3000 [18:14<14:07,  1.62it/s]
qwen2.5-vl/pope/ricd/coco/popular/seed1:  54%|█████▍    | 1625/3000 [18:15<14:09,  1.62it/s]
qwen2.5-vl/pope/ricd/coco/popular/seed1:  54%|█████▍    | 1626/3000 [18:15<14:11,  1.61it/s]
qwen2.5-vl/pope/ricd/coco/popular/seed1:  54%|█████▍    | 1627/3000 [18:16<15:01,  1.52it/s]
qwen2.5-vl/pope/ricd/coco/popular/seed1:  54%|█████▍    | 1628/3000 [18:17<15:36,  1.47it/s]
qwen2.5-vl/pope/ricd/coco/popular/seed1:  54%|█████▍    | 1629/3000 [18:18<15:56,  1.43it/s]
qwen2.5-vl/pope/ricd/coco/popular/seed1:  54%|█████▍    | 1630/3000 [18:18<16:09,  1.41it/s]
qwen2.5-vl/pope/ricd/coco/popular/seed1:  54%|█████▍    | 1631/3000 [18:19<16:23,  1.39it/s]
qwen2.5-vl/pope/ricd/coco/popular/seed1:  54%|█████▍    | 1632/3000 [18:20<16:31,  1.38it/s]
qwen2.5-vl/pope/ricd/coco/popular/seed1:  54%|█████▍    | 1633/3000 [18:20<15:30,  1.47it/s]
qwen2.5-vl/pope/ricd/coco/popular/seed1:  54%|█████▍    | 1634/3000 [18:21<15:01,  1.52it/s]
qwen2.5-vl/pope/ricd/coco/popular/seed1:  55%|█████▍    | 1635/3000 [18:22<14:24,  1.58it/s]
qwen2.5-vl/pope/ricd/coco/popular/seed1:  55%|█████▍    | 1636/3000 [18:22<14:03,  1.62it/s]
qwen2.5-vl/pope/ricd/coco/popular/seed1:  55%|█████▍    | 1637/3000 [18:23<13:44,  1.65it/s]
qwen2.5-vl/pope/ricd/coco/popular/seed1:  55%|█████▍    | 1638/3000 [18:23<13:31,  1.68it/s]
qwen2.5-vl/pope/ricd/coco/popular/seed1:  55%|█████▍    | 1639/3000 [18:24<13:40,  1.66it/s]
qwen2.5-vl/pope/ricd/coco/popular/seed1:  55%|█████▍    | 1640/3000 [18:24<13:46,  1.65it/s]
qwen2.5-vl/pope/ricd/coco/popular/seed1:  55%|█████▍    | 1641/3000 [18:25<13:50,  1.64it/s]
qwen2.5-vl/pope/ricd/coco/popular/seed1:  55%|█████▍    | 1642/3000 [18:26<13:53,  1.63it/s]
qwen2.5-vl/pope/ricd/coco/popular/seed1:  55%|█████▍    | 1643/3000 [18:26<13:54,  1.63it/s]
qwen2.5-vl/pope/ricd/coco/popular/seed1:  55%|█████▍    | 1644/3000 [18:27<13:56,  1.62it/s]
qwen2.5-vl/pope/ricd/coco/popular/seed1:  55%|█████▍    | 1645/3000 [18:28<14:45,  1.53it/s]
qwen2.5-vl/pope/ricd/coco/popular/seed1:  55%|█████▍    | 1646/3000 [18:28<15:19,  1.47it/s]
qwen2.5-vl/pope/ricd/coco/popular/seed1:  55%|█████▍    | 1647/3000 [18:29<15:40,  1.44it/s]
qwen2.5-vl/pope/ricd/coco/popular/seed1:  55%|█████▍    | 1648/3000 [18:30<15:53,  1.42it/s]
qwen2.5-vl/pope/ricd/coco/popular/seed1:  55%|█████▍    | 1649/3000 [18:31<16:04,  1.40it/s]
qwen2.5-vl/pope/ricd/coco/popular/seed1:  55%|█████▌    | 1650/3000 [18:31<16:15,  1.38it/s]
qwen2.5-vl/pope/ricd/coco/popular/seed1:  55%|█████▌    | 1651/3000 [18:32<15:35,  1.44it/s]
qwen2.5-vl/pope/ricd/coco/popular/seed1:  55%|█████▌    | 1652/3000 [18:33<15:14,  1.47it/s]
qwen2.5-vl/pope/ricd/coco/popular/seed1:  55%|█████▌    | 1653/3000 [18:33<14:52,  1.51it/s]
qwen2.5-vl/pope/ricd/coco/popular/seed1:  55%|█████▌    | 1654/3000 [18:34<14:35,  1.54it/s]
qwen2.5-vl/pope/ricd/coco/popular/seed1:  55%|█████▌    | 1655/3000 [18:35<14:21,  1.56it/s]
qwen2.5-vl/pope/ricd/coco/popular/seed1:  55%|█████▌    | 1656/3000 [18:35<14:12,  1.58it/s]
qwen2.5-vl/pope/ricd/coco/popular/seed1:  55%|█████▌    | 1657/3000 [18:36<14:04,  1.59it/s]
qwen2.5-vl/pope/ricd/coco/popular/seed1:  55%|█████▌    | 1658/3000 [18:36<14:00,  1.60it/s]
qwen2.5-vl/pope/ricd/coco/popular/seed1:  55%|█████▌    | 1659/3000 [18:37<13:57,  1.60it/s]
qwen2.5-vl/pope/ricd/coco/popular/seed1:  55%|█████▌    | 1660/3000 [18:38<13:54,  1.61it/s]
qwen2.5-vl/pope/ricd/coco/popular/seed1:  55%|█████▌    | 1661/3000 [18:38<13:52,  1.61it/s]
qwen2.5-vl/pope/ricd/coco/popular/seed1:  55%|█████▌    | 1662/3000 [18:39<13:51,  1.61it/s]
qwen2.5-vl/pope/ricd/coco/popular/seed1:  55%|█████▌    | 1663/3000 [18:39<13:49,  1.61it/s]
qwen2.5-vl/pope/ricd/coco/popular/seed1:  55%|█████▌    | 1664/3000 [18:40<13:49,  1.61it/s]
qwen2.5-vl/pope/ricd/coco/popular/seed1:  56%|█████▌    | 1665/3000 [18:41<13:45,  1.62it/s]
qwen2.5-vl/pope/ricd/coco/popular/seed1:  56%|█████▌    | 1666/3000 [18:41<13:43,  1.62it/s]
qwen2.5-vl/pope/ricd/coco/popular/seed1:  56%|█████▌    | 1667/3000 [18:42<13:42,  1.62it/s]
qwen2.5-vl/pope/ricd/coco/popular/seed1:  56%|█████▌    | 1668/3000 [18:43<13:42,  1.62it/s]
qwen2.5-vl/pope/ricd/coco/popular/seed1:  56%|█████▌    | 1669/3000 [18:43<13:44,  1.61it/s]
qwen2.5-vl/pope/ricd/coco/popular/seed1:  56%|█████▌    | 1670/3000 [18:44<13:42,  1.62it/s]
qwen2.5-vl/pope/ricd/coco/popular/seed1:  56%|█████▌    | 1671/3000 [18:44<13:43,  1.61it/s]
qwen2.5-vl/pope/ricd/coco/popular/seed1:  56%|█████▌    | 1672/3000 [18:45<13:43,  1.61it/s]
qwen2.5-vl/pope/ricd/coco/popular/seed1:  56%|█████▌    | 1673/3000 [18:46<13:44,  1.61it/s]
qwen2.5-vl/pope/ricd/coco/popular/seed1:  56%|█████▌    | 1674/3000 [18:46<13:42,  1.61it/s]
qwen2.5-vl/pope/ricd/coco/popular/seed1:  56%|█████▌    | 1675/3000 [18:47<14:29,  1.52it/s]
qwen2.5-vl/pope/ricd/coco/popular/seed1:  56%|█████▌    | 1676/3000 [18:48<15:00,  1.47it/s]
qwen2.5-vl/pope/ricd/coco/popular/seed1:  56%|█████▌    | 1677/3000 [18:48<15:23,  1.43it/s]
qwen2.5-vl/pope/ricd/coco/popular/seed1:  56%|█████▌    | 1678/3000 [18:49<15:40,  1.41it/s]
qwen2.5-vl/pope/ricd/coco/popular/seed1:  56%|█████▌    | 1679/3000 [18:50<15:52,  1.39it/s]
qwen2.5-vl/pope/ricd/coco/popular/seed1:  56%|█████▌    | 1680/3000 [18:51<15:59,  1.38it/s]
qwen2.5-vl/pope/ricd/coco/popular/seed1:  56%|█████▌    | 1681/3000 [18:51<14:56,  1.47it/s]
qwen2.5-vl/pope/ricd/coco/popular/seed1:  56%|█████▌    | 1682/3000 [18:52<14:12,  1.55it/s]
qwen2.5-vl/pope/ricd/coco/popular/seed1:  56%|█████▌    | 1683/3000 [18:52<13:39,  1.61it/s]
qwen2.5-vl/pope/ricd/coco/popular/seed1:  56%|█████▌    | 1684/3000 [18:53<13:16,  1.65it/s]
qwen2.5-vl/pope/ricd/coco/popular/seed1:  56%|█████▌    | 1685/3000 [18:54<13:01,  1.68it/s]
qwen2.5-vl/pope/ricd/coco/popular/seed1:  56%|█████▌    | 1686/3000 [18:54<12:53,  1.70it/s]
qwen2.5-vl/pope/ricd/coco/popular/seed1:  56%|█████▌    | 1687/3000 [18:55<13:54,  1.57it/s]
qwen2.5-vl/pope/ricd/coco/popular/seed1:  56%|█████▋    | 1688/3000 [18:56<14:36,  1.50it/s]
qwen2.5-vl/pope/ricd/coco/popular/seed1:  56%|█████▋    | 1689/3000 [18:56<15:03,  1.45it/s]
qwen2.5-vl/pope/ricd/coco/popular/seed1:  56%|█████▋    | 1690/3000 [18:57<15:23,  1.42it/s]
qwen2.5-vl/pope/ricd/coco/popular/seed1:  56%|█████▋    | 1691/3000 [18:58<15:35,  1.40it/s]
qwen2.5-vl/pope/ricd/coco/popular/seed1:  56%|█████▋    | 1692/3000 [18:59<15:43,  1.39it/s]
qwen2.5-vl/pope/ricd/coco/popular/seed1:  56%|█████▋    | 1693/3000 [18:59<15:02,  1.45it/s]
qwen2.5-vl/pope/ricd/coco/popular/seed1:  56%|█████▋    | 1694/3000 [19:00<14:32,  1.50it/s]
qwen2.5-vl/pope/ricd/coco/popular/seed1:  56%|█████▋    | 1695/3000 [19:00<14:12,  1.53it/s]
qwen2.5-vl/pope/ricd/coco/popular/seed1:  57%|█████▋    | 1696/3000 [19:01<13:57,  1.56it/s]
qwen2.5-vl/pope/ricd/coco/popular/seed1:  57%|█████▋    | 1697/3000 [19:02<13:47,  1.57it/s]
qwen2.5-vl/pope/ricd/coco/popular/seed1:  57%|█████▋    | 1698/3000 [19:02<13:38,  1.59it/s]
qwen2.5-vl/pope/ricd/coco/popular/seed1:  57%|█████▋    | 1699/3000 [19:03<14:18,  1.52it/s]
qwen2.5-vl/pope/ricd/coco/popular/seed1:  57%|█████▋    | 1700/3000 [19:04<14:47,  1.47it/s]
qwen2.5-vl/pope/ricd/coco/popular/seed1:  57%|█████▋    | 1701/3000 [19:04<15:06,  1.43it/s]
qwen2.5-vl/pope/ricd/coco/popular/seed1:  57%|█████▋    | 1702/3000 [19:05<15:17,  1.41it/s]
qwen2.5-vl/pope/ricd/coco/popular/seed1:  57%|█████▋    | 1703/3000 [19:06<15:26,  1.40it/s]
qwen2.5-vl/pope/ricd/coco/popular/seed1:  57%|█████▋    | 1704/3000 [19:07<15:33,  1.39it/s]
qwen2.5-vl/pope/ricd/coco/popular/seed1:  57%|█████▋    | 1705/3000 [19:07<16:00,  1.35it/s]
qwen2.5-vl/pope/ricd/coco/popular/seed1:  57%|█████▋    | 1706/3000 [19:08<16:19,  1.32it/s]
qwen2.5-vl/pope/ricd/coco/popular/seed1:  57%|█████▋    | 1707/3000 [19:09<16:31,  1.30it/s]
qwen2.5-vl/pope/ricd/coco/popular/seed1:  57%|█████▋    | 1708/3000 [19:10<16:38,  1.29it/s]
qwen2.5-vl/pope/ricd/coco/popular/seed1:  57%|█████▋    | 1709/3000 [19:11<16:43,  1.29it/s]
qwen2.5-vl/pope/ricd/coco/popular/seed1:  57%|█████▋    | 1710/3000 [19:11<16:46,  1.28it/s]
qwen2.5-vl/pope/ricd/coco/popular/seed1:  57%|█████▋    | 1711/3000 [19:12<14:14,  1.51it/s]
qwen2.5-vl/pope/ricd/coco/popular/seed1:  57%|█████▋    | 1712/3000 [19:12<12:27,  1.72it/s]
qwen2.5-vl/pope/ricd/coco/popular/seed1:  57%|█████▋    | 1713/3000 [19:13<11:12,  1.91it/s]
qwen2.5-vl/pope/ricd/coco/popular/seed1:  57%|█████▋    | 1714/3000 [19:13<10:23,  2.06it/s]
qwen2.5-vl/pope/ricd/coco/popular/seed1:  57%|█████▋    | 1715/3000 [19:13<09:45,  2.20it/s]
qwen2.5-vl/pope/ricd/coco/popular/seed1:  57%|█████▋    | 1716/3000 [19:14<09:20,  2.29it/s]
qwen2.5-vl/pope/ricd/coco/popular/seed1:  57%|█████▋    | 1717/3000 [19:14<11:15,  1.90it/s]
qwen2.5-vl/pope/ricd/coco/popular/seed1:  57%|█████▋    | 1718/3000 [19:15<12:34,  1.70it/s]
qwen2.5-vl/pope/ricd/coco/popular/seed1:  57%|█████▋    | 1719/3000 [19:16<13:27,  1.59it/s]
qwen2.5-vl/pope/ricd/coco/popular/seed1:  57%|█████▋    | 1720/3000 [19:17<14:04,  1.52it/s]
qwen2.5-vl/pope/ricd/coco/popular/seed1:  57%|█████▋    | 1721/3000 [19:17<14:31,  1.47it/s]
qwen2.5-vl/pope/ricd/coco/popular/seed1:  57%|█████▋    | 1722/3000 [19:18<14:52,  1.43it/s]
qwen2.5-vl/pope/ricd/coco/popular/seed1:  57%|█████▋    | 1723/3000 [19:19<15:09,  1.40it/s]
qwen2.5-vl/pope/ricd/coco/popular/seed1:  57%|█████▋    | 1724/3000 [19:20<15:18,  1.39it/s]
qwen2.5-vl/pope/ricd/coco/popular/seed1:  57%|█████▊    | 1725/3000 [19:20<15:26,  1.38it/s]
qwen2.5-vl/pope/ricd/coco/popular/seed1:  58%|█████▊    | 1726/3000 [19:21<15:29,  1.37it/s]
qwen2.5-vl/pope/ricd/coco/popular/seed1:  58%|█████▊    | 1727/3000 [19:22<15:32,  1.37it/s]
qwen2.5-vl/pope/ricd/coco/popular/seed1:  58%|█████▊    | 1728/3000 [19:23<15:31,  1.37it/s]
qwen2.5-vl/pope/ricd/coco/popular/seed1:  58%|█████▊    | 1729/3000 [19:23<15:50,  1.34it/s]
qwen2.5-vl/pope/ricd/coco/popular/seed1:  58%|█████▊    | 1730/3000 [19:24<16:11,  1.31it/s]
qwen2.5-vl/pope/ricd/coco/popular/seed1:  58%|█████▊    | 1731/3000 [19:25<16:16,  1.30it/s]
qwen2.5-vl/pope/ricd/coco/popular/seed1:  58%|█████▊    | 1732/3000 [19:26<16:19,  1.29it/s]
qwen2.5-vl/pope/ricd/coco/popular/seed1:  58%|█████▊    | 1733/3000 [19:27<16:21,  1.29it/s]
qwen2.5-vl/pope/ricd/coco/popular/seed1:  58%|█████▊    | 1734/3000 [19:27<16:27,  1.28it/s]
qwen2.5-vl/pope/ricd/coco/popular/seed1:  58%|█████▊    | 1735/3000 [19:28<15:25,  1.37it/s]
qwen2.5-vl/pope/ricd/coco/popular/seed1:  58%|█████▊    | 1736/3000 [19:29<14:40,  1.43it/s]
qwen2.5-vl/pope/ricd/coco/popular/seed1:  58%|█████▊    | 1737/3000 [19:29<14:10,  1.49it/s]
qwen2.5-vl/pope/ricd/coco/popular/seed1:  58%|█████▊    | 1738/3000 [19:30<13:46,  1.53it/s]
qwen2.5-vl/pope/ricd/coco/popular/seed1:  58%|█████▊    | 1739/3000 [19:30<13:29,  1.56it/s]
qwen2.5-vl/pope/ricd/coco/popular/seed1:  58%|█████▊    | 1740/3000 [19:31<13:17,  1.58it/s]
qwen2.5-vl/pope/ricd/coco/popular/seed1:  58%|█████▊    | 1741/3000 [19:32<12:51,  1.63it/s]
qwen2.5-vl/pope/ricd/coco/popular/seed1:  58%|█████▊    | 1742/3000 [19:32<12:32,  1.67it/s]
qwen2.5-vl/pope/ricd/coco/popular/seed1:  58%|█████▊    | 1743/3000 [19:33<12:20,  1.70it/s]
qwen2.5-vl/pope/ricd/coco/popular/seed1:  58%|█████▊    | 1744/3000 [19:33<12:11,  1.72it/s]
qwen2.5-vl/pope/ricd/coco/popular/seed1:  58%|█████▊    | 1745/3000 [19:34<12:04,  1.73it/s]
qwen2.5-vl/pope/ricd/coco/popular/seed1:  58%|█████▊    | 1746/3000 [19:34<11:59,  1.74it/s]
qwen2.5-vl/pope/ricd/coco/popular/seed1:  58%|█████▊    | 1747/3000 [19:35<12:13,  1.71it/s]
qwen2.5-vl/pope/ricd/coco/popular/seed1:  58%|█████▊    | 1748/3000 [19:36<12:22,  1.69it/s]
qwen2.5-vl/pope/ricd/coco/popular/seed1:  58%|█████▊    | 1749/3000 [19:36<12:31,  1.67it/s]
qwen2.5-vl/pope/ricd/coco/popular/seed1:  58%|█████▊    | 1750/3000 [19:37<12:37,  1.65it/s]
qwen2.5-vl/pope/ricd/coco/popular/seed1:  58%|█████▊    | 1751/3000 [19:37<12:39,  1.64it/s]
qwen2.5-vl/pope/ricd/coco/popular/seed1:  58%|█████▊    | 1752/3000 [19:38<12:41,  1.64it/s]
qwen2.5-vl/pope/ricd/coco/popular/seed1:  58%|█████▊    | 1753/3000 [19:39<13:15,  1.57it/s]
qwen2.5-vl/pope/ricd/coco/popular/seed1:  58%|█████▊    | 1754/3000 [19:39<13:38,  1.52it/s]
qwen2.5-vl/pope/ricd/coco/popular/seed1:  58%|█████▊    | 1755/3000 [19:40<13:55,  1.49it/s]
qwen2.5-vl/pope/ricd/coco/popular/seed1:  59%|█████▊    | 1756/3000 [19:41<14:05,  1.47it/s]
qwen2.5-vl/pope/ricd/coco/popular/seed1:  59%|█████▊    | 1757/3000 [19:42<14:11,  1.46it/s]
qwen2.5-vl/pope/ricd/coco/popular/seed1:  59%|█████▊    | 1758/3000 [19:42<14:14,  1.45it/s]
qwen2.5-vl/pope/ricd/coco/popular/seed1:  59%|█████▊    | 1759/3000 [19:43<12:21,  1.67it/s]
qwen2.5-vl/pope/ricd/coco/popular/seed1:  59%|█████▊    | 1760/3000 [19:43<11:03,  1.87it/s]
qwen2.5-vl/pope/ricd/coco/popular/seed1:  59%|█████▊    | 1761/3000 [19:43<10:07,  2.04it/s]
qwen2.5-vl/pope/ricd/coco/popular/seed1:  59%|█████▊    | 1762/3000 [19:44<09:27,  2.18it/s]
qwen2.5-vl/pope/ricd/coco/popular/seed1:  59%|█████▉    | 1763/3000 [19:44<09:01,  2.29it/s]
qwen2.5-vl/pope/ricd/coco/popular/seed1:  59%|█████▉    | 1764/3000 [19:45<08:41,  2.37it/s]
qwen2.5-vl/pope/ricd/coco/popular/seed1:  59%|█████▉    | 1765/3000 [19:45<09:54,  2.08it/s]
qwen2.5-vl/pope/ricd/coco/popular/seed1:  59%|█████▉    | 1766/3000 [19:46<10:44,  1.91it/s]
qwen2.5-vl/pope/ricd/coco/popular/seed1:  59%|█████▉    | 1767/3000 [19:46<11:19,  1.81it/s]
qwen2.5-vl/pope/ricd/coco/popular/seed1:  59%|█████▉    | 1768/3000 [19:47<11:42,  1.75it/s]
qwen2.5-vl/pope/ricd/coco/popular/seed1:  59%|█████▉    | 1769/3000 [19:48<11:59,  1.71it/s]
qwen2.5-vl/pope/ricd/coco/popular/seed1:  59%|█████▉    | 1770/3000 [19:48<12:08,  1.69it/s]
qwen2.5-vl/pope/ricd/coco/popular/seed1:  59%|█████▉    | 1771/3000 [19:49<12:13,  1.68it/s]
qwen2.5-vl/pope/ricd/coco/popular/seed1:  59%|█████▉    | 1772/3000 [19:50<12:17,  1.67it/s]
qwen2.5-vl/pope/ricd/coco/popular/seed1:  59%|█████▉    | 1773/3000 [19:50<12:22,  1.65it/s]
qwen2.5-vl/pope/ricd/coco/popular/seed1:  59%|█████▉    | 1774/3000 [19:51<12:27,  1.64it/s]
qwen2.5-vl/pope/ricd/coco/popular/seed1:  59%|█████▉    | 1775/3000 [19:51<12:29,  1.63it/s]
qwen2.5-vl/pope/ricd/coco/popular/seed1:  59%|█████▉    | 1776/3000 [19:52<12:31,  1.63it/s]
qwen2.5-vl/pope/ricd/coco/popular/seed1:  59%|█████▉    | 1777/3000 [19:53<13:16,  1.53it/s]
qwen2.5-vl/pope/ricd/coco/popular/seed1:  59%|█████▉    | 1778/3000 [19:53<13:47,  1.48it/s]
qwen2.5-vl/pope/ricd/coco/popular/seed1:  59%|█████▉    | 1779/3000 [19:54<14:08,  1.44it/s]
qwen2.5-vl/pope/ricd/coco/popular/seed1:  59%|█████▉    | 1780/3000 [19:55<14:23,  1.41it/s]
qwen2.5-vl/pope/ricd/coco/popular/seed1:  59%|█████▉    | 1781/3000 [19:56<14:32,  1.40it/s]
qwen2.5-vl/pope/ricd/coco/popular/seed1:  59%|█████▉    | 1782/3000 [19:56<14:40,  1.38it/s]
qwen2.5-vl/pope/ricd/coco/popular/seed1:  59%|█████▉    | 1783/3000 [19:57<16:11,  1.25it/s]
qwen2.5-vl/pope/ricd/coco/popular/seed1:  59%|█████▉    | 1784/3000 [19:58<17:10,  1.18it/s]
qwen2.5-vl/pope/ricd/coco/popular/seed1:  60%|█████▉    | 1785/3000 [19:59<17:51,  1.13it/s]
qwen2.5-vl/pope/ricd/coco/popular/seed1:  60%|█████▉    | 1786/3000 [20:00<18:17,  1.11it/s]
qwen2.5-vl/pope/ricd/coco/popular/seed1:  60%|█████▉    | 1787/3000 [20:01<18:36,  1.09it/s]
qwen2.5-vl/pope/ricd/coco/popular/seed1:  60%|█████▉    | 1788/3000 [20:02<18:52,  1.07it/s]
qwen2.5-vl/pope/ricd/coco/popular/seed1:  60%|█████▉    | 1789/3000 [20:03<16:55,  1.19it/s]
qwen2.5-vl/pope/ricd/coco/popular/seed1:  60%|█████▉    | 1790/3000 [20:03<15:36,  1.29it/s]
qwen2.5-vl/pope/ricd/coco/popular/seed1:  60%|█████▉    | 1791/3000 [20:04<14:38,  1.38it/s]
qwen2.5-vl/pope/ricd/coco/popular/seed1:  60%|█████▉    | 1792/3000 [20:05<13:59,  1.44it/s]
qwen2.5-vl/pope/ricd/coco/popular/seed1:  60%|█████▉    | 1793/3000 [20:05<13:31,  1.49it/s]
qwen2.5-vl/pope/ricd/coco/popular/seed1:  60%|█████▉    | 1794/3000 [20:06<13:10,  1.53it/s]
qwen2.5-vl/pope/ricd/coco/popular/seed1:  60%|█████▉    | 1795/3000 [20:07<13:40,  1.47it/s]
qwen2.5-vl/pope/ricd/coco/popular/seed1:  60%|█████▉    | 1796/3000 [20:07<13:59,  1.43it/s]
qwen2.5-vl/pope/ricd/coco/popular/seed1:  60%|█████▉    | 1797/3000 [20:08<14:14,  1.41it/s]
qwen2.5-vl/pope/ricd/coco/popular/seed1:  60%|█████▉    | 1798/3000 [20:09<14:25,  1.39it/s]
qwen2.5-vl/pope/ricd/coco/popular/seed1:  60%|█████▉    | 1799/3000 [20:10<14:30,  1.38it/s]
qwen2.5-vl/pope/ricd/coco/popular/seed1:  60%|██████    | 1800/3000 [20:10<14:35,  1.37it/s]
qwen2.5-vl/pope/ricd/coco/popular/seed1:  60%|██████    | 1801/3000 [20:11<13:54,  1.44it/s]
qwen2.5-vl/pope/ricd/coco/popular/seed1:  60%|██████    | 1802/3000 [20:12<13:25,  1.49it/s]
qwen2.5-vl/pope/ricd/coco/popular/seed1:  60%|██████    | 1803/3000 [20:12<13:06,  1.52it/s]
qwen2.5-vl/pope/ricd/coco/popular/seed1:  60%|██████    | 1804/3000 [20:13<12:50,  1.55it/s]
qwen2.5-vl/pope/ricd/coco/popular/seed1:  60%|██████    | 1805/3000 [20:13<12:38,  1.58it/s]
qwen2.5-vl/pope/ricd/coco/popular/seed1:  60%|██████    | 1806/3000 [20:14<12:30,  1.59it/s]
qwen2.5-vl/pope/ricd/coco/popular/seed1:  60%|██████    | 1807/3000 [20:15<13:26,  1.48it/s]
qwen2.5-vl/pope/ricd/coco/popular/seed1:  60%|██████    | 1808/3000 [20:16<14:07,  1.41it/s]
qwen2.5-vl/pope/ricd/coco/popular/seed1:  60%|██████    | 1809/3000 [20:16<14:35,  1.36it/s]
qwen2.5-vl/pope/ricd/coco/popular/seed1:  60%|██████    | 1810/3000 [20:17<14:54,  1.33it/s]
qwen2.5-vl/pope/ricd/coco/popular/seed1:  60%|██████    | 1811/3000 [20:18<15:08,  1.31it/s]
qwen2.5-vl/pope/ricd/coco/popular/seed1:  60%|██████    | 1812/3000 [20:19<15:15,  1.30it/s]
qwen2.5-vl/pope/ricd/coco/popular/seed1:  60%|██████    | 1813/3000 [20:20<15:03,  1.31it/s]
qwen2.5-vl/pope/ricd/coco/popular/seed1:  60%|██████    | 1814/3000 [20:20<14:54,  1.33it/s]
qwen2.5-vl/pope/ricd/coco/popular/seed1:  60%|██████    | 1815/3000 [20:21<14:50,  1.33it/s]
qwen2.5-vl/pope/ricd/coco/popular/seed1:  61%|██████    | 1816/3000 [20:22<14:44,  1.34it/s]
qwen2.5-vl/pope/ricd/coco/popular/seed1:  61%|██████    | 1817/3000 [20:22<14:40,  1.34it/s]
qwen2.5-vl/pope/ricd/coco/popular/seed1:  61%|██████    | 1818/3000 [20:23<14:37,  1.35it/s]
qwen2.5-vl/pope/ricd/coco/popular/seed1:  61%|██████    | 1819/3000 [20:24<15:59,  1.23it/s]
qwen2.5-vl/pope/ricd/coco/popular/seed1:  61%|██████    | 1820/3000 [20:25<16:54,  1.16it/s]
qwen2.5-vl/pope/ricd/coco/popular/seed1:  61%|██████    | 1821/3000 [20:26<17:29,  1.12it/s]
qwen2.5-vl/pope/ricd/coco/popular/seed1:  61%|██████    | 1822/3000 [20:27<17:52,  1.10it/s]
qwen2.5-vl/pope/ricd/coco/popular/seed1:  61%|██████    | 1823/3000 [20:28<18:09,  1.08it/s]
qwen2.5-vl/pope/ricd/coco/popular/seed1:  61%|██████    | 1824/3000 [20:29<18:24,  1.07it/s]
qwen2.5-vl/pope/ricd/coco/popular/seed1:  61%|██████    | 1825/3000 [20:30<17:00,  1.15it/s]
qwen2.5-vl/pope/ricd/coco/popular/seed1:  61%|██████    | 1826/3000 [20:30<15:59,  1.22it/s]
qwen2.5-vl/pope/ricd/coco/popular/seed1:  61%|██████    | 1827/3000 [20:31<15:16,  1.28it/s]
qwen2.5-vl/pope/ricd/coco/popular/seed1:  61%|██████    | 1828/3000 [20:32<14:44,  1.33it/s]
qwen2.5-vl/pope/ricd/coco/popular/seed1:  61%|██████    | 1829/3000 [20:32<14:24,  1.35it/s]
qwen2.5-vl/pope/ricd/coco/popular/seed1:  61%|██████    | 1830/3000 [20:33<14:09,  1.38it/s]
qwen2.5-vl/pope/ricd/coco/popular/seed1:  61%|██████    | 1831/3000 [20:34<14:14,  1.37it/s]
qwen2.5-vl/pope/ricd/coco/popular/seed1:  61%|██████    | 1832/3000 [20:35<14:15,  1.37it/s]
qwen2.5-vl/pope/ricd/coco/popular/seed1:  61%|██████    | 1833/3000 [20:35<14:16,  1.36it/s]
qwen2.5-vl/pope/ricd/coco/popular/seed1:  61%|██████    | 1834/3000 [20:36<14:20,  1.36it/s]
qwen2.5-vl/pope/ricd/coco/popular/seed1:  61%|██████    | 1835/3000 [20:37<14:19,  1.35it/s]
qwen2.5-vl/pope/ricd/coco/popular/seed1:  61%|██████    | 1836/3000 [20:38<14:19,  1.35it/s]
qwen2.5-vl/pope/ricd/coco/popular/seed1:  61%|██████    | 1837/3000 [20:39<15:36,  1.24it/s]
qwen2.5-vl/pope/ricd/coco/popular/seed1:  61%|██████▏   | 1838/3000 [20:40<16:29,  1.17it/s]
qwen2.5-vl/pope/ricd/coco/popular/seed1:  61%|██████▏   | 1839/3000 [20:41<17:07,  1.13it/s]
qwen2.5-vl/pope/ricd/coco/popular/seed1:  61%|██████▏   | 1840/3000 [20:41<17:35,  1.10it/s]
qwen2.5-vl/pope/ricd/coco/popular/seed1:  61%|██████▏   | 1841/3000 [20:42<17:56,  1.08it/s]
qwen2.5-vl/pope/ricd/coco/popular/seed1:  61%|██████▏   | 1842/3000 [20:43<18:10,  1.06it/s]
qwen2.5-vl/pope/ricd/coco/popular/seed1:  61%|██████▏   | 1843/3000 [20:44<16:10,  1.19it/s]
qwen2.5-vl/pope/ricd/coco/popular/seed1:  61%|██████▏   | 1844/3000 [20:45<14:43,  1.31it/s]
qwen2.5-vl/pope/ricd/coco/popular/seed1:  62%|██████▏   | 1845/3000 [20:45<13:40,  1.41it/s]
qwen2.5-vl/pope/ricd/coco/popular/seed1:  62%|██████▏   | 1846/3000 [20:46<12:56,  1.49it/s]
qwen2.5-vl/pope/ricd/coco/popular/seed1:  62%|██████▏   | 1847/3000 [20:46<12:25,  1.55it/s]
qwen2.5-vl/pope/ricd/coco/popular/seed1:  62%|██████▏   | 1848/3000 [20:47<12:04,  1.59it/s]
qwen2.5-vl/pope/ricd/coco/popular/seed1:  62%|██████▏   | 1849/3000 [20:48<12:00,  1.60it/s]
qwen2.5-vl/pope/ricd/coco/popular/seed1:  62%|██████▏   | 1850/3000 [20:48<11:57,  1.60it/s]
qwen2.5-vl/pope/ricd/coco/popular/seed1:  62%|██████▏   | 1851/3000 [20:49<11:55,  1.60it/s]
qwen2.5-vl/pope/ricd/coco/popular/seed1:  62%|██████▏   | 1852/3000 [20:49<11:54,  1.61it/s]
qwen2.5-vl/pope/ricd/coco/popular/seed1:  62%|██████▏   | 1853/3000 [20:50<11:50,  1.61it/s]
qwen2.5-vl/pope/ricd/coco/popular/seed1:  62%|██████▏   | 1854/3000 [20:51<11:46,  1.62it/s]
qwen2.5-vl/pope/ricd/coco/popular/seed1:  62%|██████▏   | 1855/3000 [20:51<12:24,  1.54it/s]
qwen2.5-vl/pope/ricd/coco/popular/seed1:  62%|██████▏   | 1856/3000 [20:52<12:52,  1.48it/s]
qwen2.5-vl/pope/ricd/coco/popular/seed1:  62%|██████▏   | 1857/3000 [20:53<13:12,  1.44it/s]
qwen2.5-vl/pope/ricd/coco/popular/seed1:  62%|██████▏   | 1858/3000 [20:54<13:27,  1.41it/s]
qwen2.5-vl/pope/ricd/coco/popular/seed1:  62%|██████▏   | 1859/3000 [20:54<13:38,  1.39it/s]
qwen2.5-vl/pope/ricd/coco/popular/seed1:  62%|██████▏   | 1860/3000 [20:55<13:44,  1.38it/s]
qwen2.5-vl/pope/ricd/coco/popular/seed1:  62%|██████▏   | 1861/3000 [20:56<13:06,  1.45it/s]
qwen2.5-vl/pope/ricd/coco/popular/seed1:  62%|██████▏   | 1862/3000 [20:56<12:40,  1.50it/s]
qwen2.5-vl/pope/ricd/coco/popular/seed1:  62%|██████▏   | 1863/3000 [20:57<12:23,  1.53it/s]
qwen2.5-vl/pope/ricd/coco/popular/seed1:  62%|██████▏   | 1864/3000 [20:58<12:10,  1.56it/s]
qwen2.5-vl/pope/ricd/coco/popular/seed1:  62%|██████▏   | 1865/3000 [20:58<12:00,  1.57it/s]
qwen2.5-vl/pope/ricd/coco/popular/seed1:  62%|██████▏   | 1866/3000 [20:59<11:52,  1.59it/s]
qwen2.5-vl/pope/ricd/coco/popular/seed1:  62%|██████▏   | 1867/3000 [20:59<11:49,  1.60it/s]
qwen2.5-vl/pope/ricd/coco/popular/seed1:  62%|██████▏   | 1868/3000 [21:00<11:46,  1.60it/s]
qwen2.5-vl/pope/ricd/coco/popular/seed1:  62%|██████▏   | 1869/3000 [21:01<11:43,  1.61it/s]
qwen2.5-vl/pope/ricd/coco/popular/seed1:  62%|██████▏   | 1870/3000 [21:01<11:40,  1.61it/s]
qwen2.5-vl/pope/ricd/coco/popular/seed1:  62%|██████▏   | 1871/3000 [21:02<11:36,  1.62it/s]
qwen2.5-vl/pope/ricd/coco/popular/seed1:  62%|██████▏   | 1872/3000 [21:02<11:33,  1.63it/s]
qwen2.5-vl/pope/ricd/coco/popular/seed1:  62%|██████▏   | 1873/3000 [21:03<11:17,  1.66it/s]
qwen2.5-vl/pope/ricd/coco/popular/seed1:  62%|██████▏   | 1874/3000 [21:04<11:06,  1.69it/s]
qwen2.5-vl/pope/ricd/coco/popular/seed1:  62%|██████▎   | 1875/3000 [21:04<10:57,  1.71it/s]
qwen2.5-vl/pope/ricd/coco/popular/seed1:  63%|██████▎   | 1876/3000 [21:05<10:53,  1.72it/s]
qwen2.5-vl/pope/ricd/coco/popular/seed1:  63%|██████▎   | 1877/3000 [21:05<10:49,  1.73it/s]
qwen2.5-vl/pope/ricd/coco/popular/seed1:  63%|██████▎   | 1878/3000 [21:06<10:46,  1.74it/s]
qwen2.5-vl/pope/ricd/coco/popular/seed1:  63%|██████▎   | 1879/3000 [21:07<11:40,  1.60it/s]
qwen2.5-vl/pope/ricd/coco/popular/seed1:  63%|██████▎   | 1880/3000 [21:07<12:17,  1.52it/s]
qwen2.5-vl/pope/ricd/coco/popular/seed1:  63%|██████▎   | 1881/3000 [21:08<12:43,  1.47it/s]
qwen2.5-vl/pope/ricd/coco/popular/seed1:  63%|██████▎   | 1882/3000 [21:09<13:03,  1.43it/s]
qwen2.5-vl/pope/ricd/coco/popular/seed1:  63%|██████▎   | 1883/3000 [21:10<13:15,  1.40it/s]
qwen2.5-vl/pope/ricd/coco/popular/seed1:  63%|██████▎   | 1884/3000 [21:10<13:22,  1.39it/s]
qwen2.5-vl/pope/ricd/coco/popular/seed1:  63%|██████▎   | 1885/3000 [21:11<13:27,  1.38it/s]
qwen2.5-vl/pope/ricd/coco/popular/seed1:  63%|██████▎   | 1886/3000 [21:12<13:30,  1.37it/s]
qwen2.5-vl/pope/ricd/coco/popular/seed1:  63%|██████▎   | 1887/3000 [21:13<13:32,  1.37it/s]
qwen2.5-vl/pope/ricd/coco/popular/seed1:  63%|██████▎   | 1888/3000 [21:13<13:30,  1.37it/s]
qwen2.5-vl/pope/ricd/coco/popular/seed1:  63%|██████▎   | 1889/3000 [21:14<13:30,  1.37it/s]
qwen2.5-vl/pope/ricd/coco/popular/seed1:  63%|██████▎   | 1890/3000 [21:15<13:33,  1.36it/s]
qwen2.5-vl/pope/ricd/coco/popular/seed1:  63%|██████▎   | 1891/3000 [21:16<14:51,  1.24it/s]
qwen2.5-vl/pope/ricd/coco/popular/seed1:  63%|██████▎   | 1892/3000 [21:17<15:44,  1.17it/s]
qwen2.5-vl/pope/ricd/coco/popular/seed1:  63%|██████▎   | 1893/3000 [21:18<16:19,  1.13it/s]
qwen2.5-vl/pope/ricd/coco/popular/seed1:  63%|██████▎   | 1894/3000 [21:19<16:45,  1.10it/s]
qwen2.5-vl/pope/ricd/coco/popular/seed1:  63%|██████▎   | 1895/3000 [21:20<17:03,  1.08it/s]
qwen2.5-vl/pope/ricd/coco/popular/seed1:  63%|██████▎   | 1896/3000 [21:21<17:13,  1.07it/s]
qwen2.5-vl/pope/ricd/coco/popular/seed1:  63%|██████▎   | 1897/3000 [21:21<17:01,  1.08it/s]
qwen2.5-vl/pope/ricd/coco/popular/seed1:  63%|██████▎   | 1898/3000 [21:22<16:52,  1.09it/s]
qwen2.5-vl/pope/ricd/coco/popular/seed1:  63%|██████▎   | 1899/3000 [21:23<16:43,  1.10it/s]
qwen2.5-vl/pope/ricd/coco/popular/seed1:  63%|██████▎   | 1900/3000 [21:24<16:36,  1.10it/s]
qwen2.5-vl/pope/ricd/coco/popular/seed1:  63%|██████▎   | 1901/3000 [21:25<16:30,  1.11it/s]
qwen2.5-vl/pope/ricd/coco/popular/seed1:  63%|██████▎   | 1902/3000 [21:26<16:25,  1.11it/s]
qwen2.5-vl/pope/ricd/coco/popular/seed1:  63%|██████▎   | 1903/3000 [21:27<15:38,  1.17it/s]
qwen2.5-vl/pope/ricd/coco/popular/seed1:  63%|██████▎   | 1904/3000 [21:27<14:57,  1.22it/s]
qwen2.5-vl/pope/ricd/coco/popular/seed1:  64%|██████▎   | 1905/3000 [21:28<14:29,  1.26it/s]
qwen2.5-vl/pope/ricd/coco/popular/seed1:  64%|██████▎   | 1906/3000 [21:29<14:10,  1.29it/s]
qwen2.5-vl/pope/ricd/coco/popular/seed1:  64%|██████▎   | 1907/3000 [21:30<13:57,  1.31it/s]
qwen2.5-vl/pope/ricd/coco/popular/seed1:  64%|██████▎   | 1908/3000 [21:30<13:45,  1.32it/s]
qwen2.5-vl/pope/ricd/coco/popular/seed1:  64%|██████▎   | 1909/3000 [21:31<13:26,  1.35it/s]
qwen2.5-vl/pope/ricd/coco/popular/seed1:  64%|██████▎   | 1910/3000 [21:32<13:13,  1.37it/s]
qwen2.5-vl/pope/ricd/coco/popular/seed1:  64%|██████▎   | 1911/3000 [21:32<13:04,  1.39it/s]
qwen2.5-vl/pope/ricd/coco/popular/seed1:  64%|██████▎   | 1912/3000 [21:33<12:58,  1.40it/s]
qwen2.5-vl/pope/ricd/coco/popular/seed1:  64%|██████▍   | 1913/3000 [21:34<12:52,  1.41it/s]
qwen2.5-vl/pope/ricd/coco/popular/seed1:  64%|██████▍   | 1914/3000 [21:35<12:49,  1.41it/s]
qwen2.5-vl/pope/ricd/coco/popular/seed1:  64%|██████▍   | 1915/3000 [21:35<13:01,  1.39it/s]
qwen2.5-vl/pope/ricd/coco/popular/seed1:  64%|██████▍   | 1916/3000 [21:36<13:06,  1.38it/s]
qwen2.5-vl/pope/ricd/coco/popular/seed1:  64%|██████▍   | 1917/3000 [21:37<13:06,  1.38it/s]
qwen2.5-vl/pope/ricd/coco/popular/seed1:  64%|██████▍   | 1918/3000 [21:37<13:07,  1.37it/s]
qwen2.5-vl/pope/ricd/coco/popular/seed1:  64%|██████▍   | 1919/3000 [21:38<13:08,  1.37it/s]
qwen2.5-vl/pope/ricd/coco/popular/seed1:  64%|██████▍   | 1920/3000 [21:39<13:10,  1.37it/s]
qwen2.5-vl/pope/ricd/coco/popular/seed1:  64%|██████▍   | 1921/3000 [21:40<12:33,  1.43it/s]
qwen2.5-vl/pope/ricd/coco/popular/seed1:  64%|██████▍   | 1922/3000 [21:40<12:09,  1.48it/s]
qwen2.5-vl/pope/ricd/coco/popular/seed1:  64%|██████▍   | 1923/3000 [21:41<11:50,  1.52it/s]
qwen2.5-vl/pope/ricd/coco/popular/seed1:  64%|██████▍   | 1924/3000 [21:41<11:37,  1.54it/s]
qwen2.5-vl/pope/ricd/coco/popular/seed1:  64%|██████▍   | 1925/3000 [21:42<11:27,  1.56it/s]
qwen2.5-vl/pope/ricd/coco/popular/seed1:  64%|██████▍   | 1926/3000 [21:43<11:20,  1.58it/s]
qwen2.5-vl/pope/ricd/coco/popular/seed1:  64%|██████▍   | 1927/3000 [21:43<11:55,  1.50it/s]
qwen2.5-vl/pope/ricd/coco/popular/seed1:  64%|██████▍   | 1928/3000 [21:44<12:17,  1.45it/s]
qwen2.5-vl/pope/ricd/coco/popular/seed1:  64%|██████▍   | 1929/3000 [21:45<12:30,  1.43it/s]
qwen2.5-vl/pope/ricd/coco/popular/seed1:  64%|██████▍   | 1930/3000 [21:46<12:38,  1.41it/s]
qwen2.5-vl/pope/ricd/coco/popular/seed1:  64%|██████▍   | 1931/3000 [21:46<12:44,  1.40it/s]
qwen2.5-vl/pope/ricd/coco/popular/seed1:  64%|██████▍   | 1932/3000 [21:47<12:51,  1.38it/s]
qwen2.5-vl/pope/ricd/coco/popular/seed1:  64%|██████▍   | 1933/3000 [21:48<12:16,  1.45it/s]
qwen2.5-vl/pope/ricd/coco/popular/seed1:  64%|██████▍   | 1934/3000 [21:48<11:53,  1.49it/s]
qwen2.5-vl/pope/ricd/coco/popular/seed1:  64%|██████▍   | 1935/3000 [21:49<11:36,  1.53it/s]
qwen2.5-vl/pope/ricd/coco/popular/seed1:  65%|██████▍   | 1936/3000 [21:50<11:23,  1.56it/s]
qwen2.5-vl/pope/ricd/coco/popular/seed1:  65%|██████▍   | 1937/3000 [21:50<11:15,  1.57it/s]
qwen2.5-vl/pope/ricd/coco/popular/seed1:  65%|██████▍   | 1938/3000 [21:51<11:09,  1.59it/s]
qwen2.5-vl/pope/ricd/coco/popular/seed1:  65%|██████▍   | 1939/3000 [21:51<11:04,  1.60it/s]
qwen2.5-vl/pope/ricd/coco/popular/seed1:  65%|██████▍   | 1940/3000 [21:52<11:01,  1.60it/s]
qwen2.5-vl/pope/ricd/coco/popular/seed1:  65%|██████▍   | 1941/3000 [21:53<10:57,  1.61it/s]
qwen2.5-vl/pope/ricd/coco/popular/seed1:  65%|██████▍   | 1942/3000 [21:53<10:53,  1.62it/s]
qwen2.5-vl/pope/ricd/coco/popular/seed1:  65%|██████▍   | 1943/3000 [21:54<10:51,  1.62it/s]
qwen2.5-vl/pope/ricd/coco/popular/seed1:  65%|██████▍   | 1944/3000 [21:54<10:52,  1.62it/s]
qwen2.5-vl/pope/ricd/coco/popular/seed1:  65%|██████▍   | 1945/3000 [21:55<09:38,  1.82it/s]
qwen2.5-vl/pope/ricd/coco/popular/seed1:  65%|██████▍   | 1946/3000 [21:55<08:48,  1.99it/s]
qwen2.5-vl/pope/ricd/coco/popular/seed1:  65%|██████▍   | 1947/3000 [21:56<08:13,  2.14it/s]
qwen2.5-vl/pope/ricd/coco/popular/seed1:  65%|██████▍   | 1948/3000 [21:56<07:47,  2.25it/s]
qwen2.5-vl/pope/ricd/coco/popular/seed1:  65%|██████▍   | 1949/3000 [21:56<07:29,  2.34it/s]
qwen2.5-vl/pope/ricd/coco/popular/seed1:  65%|██████▌   | 1950/3000 [21:57<07:15,  2.41it/s]
qwen2.5-vl/pope/ricd/coco/popular/seed1:  65%|██████▌   | 1951/3000 [21:58<08:54,  1.96it/s]
qwen2.5-vl/pope/ricd/coco/popular/seed1:  65%|██████▌   | 1952/3000 [21:58<10:05,  1.73it/s]
qwen2.5-vl/pope/ricd/coco/popular/seed1:  65%|██████▌   | 1953/3000 [21:59<10:54,  1.60it/s]
qwen2.5-vl/pope/ricd/coco/popular/seed1:  65%|██████▌   | 1954/3000 [22:00<11:29,  1.52it/s]
qwen2.5-vl/pope/ricd/coco/popular/seed1:  65%|██████▌   | 1955/3000 [22:00<11:52,  1.47it/s]
qwen2.5-vl/pope/ricd/coco/popular/seed1:  65%|██████▌   | 1956/3000 [22:01<12:11,  1.43it/s]
qwen2.5-vl/pope/ricd/coco/popular/seed1:  65%|██████▌   | 1957/3000 [22:02<12:23,  1.40it/s]
qwen2.5-vl/pope/ricd/coco/popular/seed1:  65%|██████▌   | 1958/3000 [22:03<12:32,  1.38it/s]
qwen2.5-vl/pope/ricd/coco/popular/seed1:  65%|██████▌   | 1959/3000 [22:03<12:39,  1.37it/s]
qwen2.5-vl/pope/ricd/coco/popular/seed1:  65%|██████▌   | 1960/3000 [22:04<12:43,  1.36it/s]
qwen2.5-vl/pope/ricd/coco/popular/seed1:  65%|██████▌   | 1961/3000 [22:05<12:44,  1.36it/s]
qwen2.5-vl/pope/ricd/coco/popular/seed1:  65%|██████▌   | 1962/3000 [22:06<12:44,  1.36it/s]
qwen2.5-vl/pope/ricd/coco/popular/seed1:  65%|██████▌   | 1963/3000 [22:06<12:24,  1.39it/s]
qwen2.5-vl/pope/ricd/coco/popular/seed1:  65%|██████▌   | 1964/3000 [22:07<12:11,  1.42it/s]
qwen2.5-vl/pope/ricd/coco/popular/seed1:  66%|██████▌   | 1965/3000 [22:08<12:01,  1.44it/s]
qwen2.5-vl/pope/ricd/coco/popular/seed1:  66%|██████▌   | 1966/3000 [22:08<11:53,  1.45it/s]
qwen2.5-vl/pope/ricd/coco/popular/seed1:  66%|██████▌   | 1967/3000 [22:09<11:48,  1.46it/s]
qwen2.5-vl/pope/ricd/coco/popular/seed1:  66%|██████▌   | 1968/3000 [22:10<11:45,  1.46it/s]
qwen2.5-vl/pope/ricd/coco/popular/seed1:  66%|██████▌   | 1969/3000 [22:10<10:12,  1.68it/s]
qwen2.5-vl/pope/ricd/coco/popular/seed1:  66%|██████▌   | 1970/3000 [22:11<09:07,  1.88it/s]
qwen2.5-vl/pope/ricd/coco/popular/seed1:  66%|██████▌   | 1971/3000 [22:11<08:21,  2.05it/s]
qwen2.5-vl/pope/ricd/coco/popular/seed1:  66%|██████▌   | 1972/3000 [22:11<07:49,  2.19it/s]
qwen2.5-vl/pope/ricd/coco/popular/seed1:  66%|██████▌   | 1973/3000 [22:12<07:26,  2.30it/s]
qwen2.5-vl/pope/ricd/coco/popular/seed1:  66%|██████▌   | 1974/3000 [22:12<07:10,  2.39it/s]
qwen2.5-vl/pope/ricd/coco/popular/seed1:  66%|██████▌   | 1975/3000 [22:13<08:08,  2.10it/s]
qwen2.5-vl/pope/ricd/coco/popular/seed1:  66%|██████▌   | 1976/3000 [22:13<08:49,  1.93it/s]
qwen2.5-vl/pope/ricd/coco/popular/seed1:  66%|██████▌   | 1977/3000 [22:14<09:21,  1.82it/s]
qwen2.5-vl/pope/ricd/coco/popular/seed1:  66%|██████▌   | 1978/3000 [22:15<09:43,  1.75it/s]
qwen2.5-vl/pope/ricd/coco/popular/seed1:  66%|██████▌   | 1979/3000 [22:15<09:58,  1.71it/s]
qwen2.5-vl/pope/ricd/coco/popular/seed1:  66%|██████▌   | 1980/3000 [22:16<10:09,  1.67it/s]
qwen2.5-vl/pope/ricd/coco/popular/seed1:  66%|██████▌   | 1981/3000 [22:16<10:15,  1.66it/s]
qwen2.5-vl/pope/ricd/coco/popular/seed1:  66%|██████▌   | 1982/3000 [22:17<10:18,  1.65it/s]
qwen2.5-vl/pope/ricd/coco/popular/seed1:  66%|██████▌   | 1983/3000 [22:18<10:21,  1.64it/s]
qwen2.5-vl/pope/ricd/coco/popular/seed1:  66%|██████▌   | 1984/3000 [22:18<10:22,  1.63it/s]
qwen2.5-vl/pope/ricd/coco/popular/seed1:  66%|██████▌   | 1985/3000 [22:19<10:24,  1.63it/s]
qwen2.5-vl/pope/ricd/coco/popular/seed1:  66%|██████▌   | 1986/3000 [22:19<10:25,  1.62it/s]
qwen2.5-vl/pope/ricd/coco/popular/seed1:  66%|██████▌   | 1987/3000 [22:20<11:04,  1.53it/s]
qwen2.5-vl/pope/ricd/coco/popular/seed1:  66%|██████▋   | 1988/3000 [22:21<11:35,  1.45it/s]
qwen2.5-vl/pope/ricd/coco/popular/seed1:  66%|██████▋   | 1989/3000 [22:22<11:53,  1.42it/s]
qwen2.5-vl/pope/ricd/coco/popular/seed1:  66%|██████▋   | 1990/3000 [22:22<12:03,  1.40it/s]
qwen2.5-vl/pope/ricd/coco/popular/seed1:  66%|██████▋   | 1991/3000 [22:23<12:10,  1.38it/s]
qwen2.5-vl/pope/ricd/coco/popular/seed1:  66%|██████▋   | 1992/3000 [22:24<12:14,  1.37it/s]
qwen2.5-vl/pope/ricd/coco/popular/seed1:  66%|██████▋   | 1993/3000 [22:25<12:14,  1.37it/s]
qwen2.5-vl/pope/ricd/coco/popular/seed1:  66%|██████▋   | 1994/3000 [22:25<12:18,  1.36it/s]
qwen2.5-vl/pope/ricd/coco/popular/seed1:  66%|██████▋   | 1995/3000 [22:26<12:22,  1.35it/s]
qwen2.5-vl/pope/ricd/coco/popular/seed1:  67%|██████▋   | 1996/3000 [22:27<12:23,  1.35it/s]
qwen2.5-vl/pope/ricd/coco/popular/seed1:  67%|██████▋   | 1997/3000 [22:28<12:23,  1.35it/s]
qwen2.5-vl/pope/ricd/coco/popular/seed1:  67%|██████▋   | 1998/3000 [22:28<12:22,  1.35it/s]
qwen2.5-vl/pope/ricd/coco/popular/seed1:  67%|██████▋   | 1999/3000 [22:29<10:36,  1.57it/s]
qwen2.5-vl/pope/ricd/coco/popular/seed1:  67%|██████▋   | 2000/3000 [22:29<09:22,  1.78it/s]
qwen2.5-vl/pope/ricd/coco/popular/seed1:  67%|██████▋   | 2001/3000 [22:30<08:28,  1.96it/s]
qwen2.5-vl/pope/ricd/coco/popular/seed1:  67%|██████▋   | 2002/3000 [22:30<07:52,  2.11it/s]
qwen2.5-vl/pope/ricd/coco/popular/seed1:  67%|██████▋   | 2003/3000 [22:30<07:27,  2.23it/s]
qwen2.5-vl/pope/ricd/coco/popular/seed1:  67%|██████▋   | 2004/3000 [22:31<07:10,  2.32it/s]
qwen2.5-vl/pope/ricd/coco/popular/seed1:  67%|██████▋   | 2005/3000 [22:31<07:55,  2.09it/s]
qwen2.5-vl/pope/ricd/coco/popular/seed1:  67%|██████▋   | 2006/3000 [22:32<08:29,  1.95it/s]
qwen2.5-vl/pope/ricd/coco/popular/seed1:  67%|██████▋   | 2007/3000 [22:33<08:50,  1.87it/s]
qwen2.5-vl/pope/ricd/coco/popular/seed1:  67%|██████▋   | 2008/3000 [22:33<09:04,  1.82it/s]
qwen2.5-vl/pope/ricd/coco/popular/seed1:  67%|██████▋   | 2009/3000 [22:34<09:15,  1.78it/s]
qwen2.5-vl/pope/ricd/coco/popular/seed1:  67%|██████▋   | 2010/3000 [22:34<09:23,  1.76it/s]
qwen2.5-vl/pope/ricd/coco/popular/seed1:  67%|██████▋   | 2011/3000 [22:35<10:10,  1.62it/s]
qwen2.5-vl/pope/ricd/coco/popular/seed1:  67%|██████▋   | 2012/3000 [22:36<10:43,  1.54it/s]
qwen2.5-vl/pope/ricd/coco/popular/seed1:  67%|██████▋   | 2013/3000 [22:36<11:05,  1.48it/s]
qwen2.5-vl/pope/ricd/coco/popular/seed1:  67%|██████▋   | 2014/3000 [22:37<11:24,  1.44it/s]
qwen2.5-vl/pope/ricd/coco/popular/seed1:  67%|██████▋   | 2015/3000 [22:38<11:38,  1.41it/s]
qwen2.5-vl/pope/ricd/coco/popular/seed1:  67%|██████▋   | 2016/3000 [22:39<11:47,  1.39it/s]
qwen2.5-vl/pope/ricd/coco/popular/seed1:  67%|██████▋   | 2017/3000 [22:39<11:52,  1.38it/s]
qwen2.5-vl/pope/ricd/coco/popular/seed1:  67%|██████▋   | 2018/3000 [22:40<11:56,  1.37it/s]
qwen2.5-vl/pope/ricd/coco/popular/seed1:  67%|██████▋   | 2019/3000 [22:41<11:58,  1.37it/s]
qwen2.5-vl/pope/ricd/coco/popular/seed1:  67%|██████▋   | 2020/3000 [22:42<12:00,  1.36it/s]
qwen2.5-vl/pope/ricd/coco/popular/seed1:  67%|██████▋   | 2021/3000 [22:42<12:00,  1.36it/s]
qwen2.5-vl/pope/ricd/coco/popular/seed1:  67%|██████▋   | 2022/3000 [22:43<12:01,  1.36it/s]
qwen2.5-vl/pope/ricd/coco/popular/seed1:  67%|██████▋   | 2023/3000 [22:44<12:01,  1.35it/s]
qwen2.5-vl/pope/ricd/coco/popular/seed1:  67%|██████▋   | 2024/3000 [22:45<12:00,  1.36it/s]
qwen2.5-vl/pope/ricd/coco/popular/seed1:  68%|██████▊   | 2025/3000 [22:45<11:59,  1.35it/s]
qwen2.5-vl/pope/ricd/coco/popular/seed1:  68%|██████▊   | 2026/3000 [22:46<11:57,  1.36it/s]
qwen2.5-vl/pope/ricd/coco/popular/seed1:  68%|██████▊   | 2027/3000 [22:47<11:54,  1.36it/s]
qwen2.5-vl/pope/ricd/coco/popular/seed1:  68%|██████▊   | 2028/3000 [22:48<11:52,  1.36it/s]
qwen2.5-vl/pope/ricd/coco/popular/seed1:  68%|██████▊   | 2029/3000 [22:48<11:51,  1.37it/s]
qwen2.5-vl/pope/ricd/coco/popular/seed1:  68%|██████▊   | 2030/3000 [22:49<11:49,  1.37it/s]
qwen2.5-vl/pope/ricd/coco/popular/seed1:  68%|██████▊   | 2031/3000 [22:50<11:48,  1.37it/s]
qwen2.5-vl/pope/ricd/coco/popular/seed1:  68%|██████▊   | 2032/3000 [22:50<11:47,  1.37it/s]
qwen2.5-vl/pope/ricd/coco/popular/seed1:  68%|██████▊   | 2033/3000 [22:51<11:47,  1.37it/s]
qwen2.5-vl/pope/ricd/coco/popular/seed1:  68%|██████▊   | 2034/3000 [22:52<11:48,  1.36it/s]
qwen2.5-vl/pope/ricd/coco/popular/seed1:  68%|██████▊   | 2035/3000 [22:53<11:13,  1.43it/s]
qwen2.5-vl/pope/ricd/coco/popular/seed1:  68%|██████▊   | 2036/3000 [22:53<10:49,  1.48it/s]
qwen2.5-vl/pope/ricd/coco/popular/seed1:  68%|██████▊   | 2037/3000 [22:54<10:31,  1.53it/s]
qwen2.5-vl/pope/ricd/coco/popular/seed1:  68%|██████▊   | 2038/3000 [22:54<10:18,  1.56it/s]
qwen2.5-vl/pope/ricd/coco/popular/seed1:  68%|██████▊   | 2039/3000 [22:55<10:09,  1.58it/s]
qwen2.5-vl/pope/ricd/coco/popular/seed1:  68%|██████▊   | 2040/3000 [22:56<10:04,  1.59it/s]
qwen2.5-vl/pope/ricd/coco/popular/seed1:  68%|██████▊   | 2041/3000 [22:56<10:00,  1.60it/s]
qwen2.5-vl/pope/ricd/coco/popular/seed1:  68%|██████▊   | 2042/3000 [22:57<09:56,  1.61it/s]
qwen2.5-vl/pope/ricd/coco/popular/seed1:  68%|██████▊   | 2043/3000 [22:57<09:52,  1.61it/s]
qwen2.5-vl/pope/ricd/coco/popular/seed1:  68%|██████▊   | 2044/3000 [22:58<09:49,  1.62it/s]
qwen2.5-vl/pope/ricd/coco/popular/seed1:  68%|██████▊   | 2045/3000 [22:59<09:52,  1.61it/s]
qwen2.5-vl/pope/ricd/coco/popular/seed1:  68%|██████▊   | 2046/3000 [22:59<09:48,  1.62it/s]
qwen2.5-vl/pope/ricd/coco/popular/seed1:  68%|██████▊   | 2047/3000 [23:00<09:45,  1.63it/s]
qwen2.5-vl/pope/ricd/coco/popular/seed1:  68%|██████▊   | 2048/3000 [23:01<09:44,  1.63it/s]
qwen2.5-vl/pope/ricd/coco/popular/seed1:  68%|██████▊   | 2049/3000 [23:01<09:44,  1.63it/s]
qwen2.5-vl/pope/ricd/coco/popular/seed1:  68%|██████▊   | 2050/3000 [23:02<09:44,  1.63it/s]
qwen2.5-vl/pope/ricd/coco/popular/seed1:  68%|██████▊   | 2051/3000 [23:02<09:42,  1.63it/s]
qwen2.5-vl/pope/ricd/coco/popular/seed1:  68%|██████▊   | 2052/3000 [23:03<09:40,  1.63it/s]
qwen2.5-vl/pope/ricd/coco/popular/seed1:  68%|██████▊   | 2053/3000 [23:04<10:16,  1.54it/s]
qwen2.5-vl/pope/ricd/coco/popular/seed1:  68%|██████▊   | 2054/3000 [23:04<10:40,  1.48it/s]
qwen2.5-vl/pope/ricd/coco/popular/seed1:  68%|██████▊   | 2055/3000 [23:05<10:57,  1.44it/s]
qwen2.5-vl/pope/ricd/coco/popular/seed1:  69%|██████▊   | 2056/3000 [23:06<11:10,  1.41it/s]
qwen2.5-vl/pope/ricd/coco/popular/seed1:  69%|██████▊   | 2057/3000 [23:07<11:17,  1.39it/s]
qwen2.5-vl/pope/ricd/coco/popular/seed1:  69%|██████▊   | 2058/3000 [23:07<11:21,  1.38it/s]
qwen2.5-vl/pope/ricd/coco/popular/seed1:  69%|██████▊   | 2059/3000 [23:08<10:51,  1.44it/s]
qwen2.5-vl/pope/ricd/coco/popular/seed1:  69%|██████▊   | 2060/3000 [23:09<10:29,  1.49it/s]
qwen2.5-vl/pope/ricd/coco/popular/seed1:  69%|██████▊   | 2061/3000 [23:09<10:12,  1.53it/s]
qwen2.5-vl/pope/ricd/coco/popular/seed1:  69%|██████▊   | 2062/3000 [23:10<09:59,  1.57it/s]
qwen2.5-vl/pope/ricd/coco/popular/seed1:  69%|██████▉   | 2063/3000 [23:10<09:50,  1.59it/s]
qwen2.5-vl/pope/ricd/coco/popular/seed1:  69%|██████▉   | 2064/3000 [23:11<09:44,  1.60it/s]
qwen2.5-vl/pope/ricd/coco/popular/seed1:  69%|██████▉   | 2065/3000 [23:12<10:13,  1.52it/s]
qwen2.5-vl/pope/ricd/coco/popular/seed1:  69%|██████▉   | 2066/3000 [23:13<10:38,  1.46it/s]
qwen2.5-vl/pope/ricd/coco/popular/seed1:  69%|██████▉   | 2067/3000 [23:13<10:53,  1.43it/s]
qwen2.5-vl/pope/ricd/coco/popular/seed1:  69%|██████▉   | 2068/3000 [23:14<11:03,  1.40it/s]
qwen2.5-vl/pope/ricd/coco/popular/seed1:  69%|██████▉   | 2069/3000 [23:15<11:11,  1.39it/s]
qwen2.5-vl/pope/ricd/coco/popular/seed1:  69%|██████▉   | 2070/3000 [23:16<11:15,  1.38it/s]
qwen2.5-vl/pope/ricd/coco/popular/seed1:  69%|██████▉   | 2071/3000 [23:16<10:58,  1.41it/s]
qwen2.5-vl/pope/ricd/coco/popular/seed1:  69%|██████▉   | 2072/3000 [23:17<10:46,  1.44it/s]
qwen2.5-vl/pope/ricd/coco/popular/seed1:  69%|██████▉   | 2073/3000 [23:18<10:38,  1.45it/s]
qwen2.5-vl/pope/ricd/coco/popular/seed1:  69%|██████▉   | 2074/3000 [23:18<10:31,  1.47it/s]
qwen2.5-vl/pope/ricd/coco/popular/seed1:  69%|██████▉   | 2075/3000 [23:19<10:27,  1.47it/s]
qwen2.5-vl/pope/ricd/coco/popular/seed1:  69%|██████▉   | 2076/3000 [23:20<10:24,  1.48it/s]
qwen2.5-vl/pope/ricd/coco/popular/seed1:  69%|██████▉   | 2077/3000 [23:20<10:06,  1.52it/s]
qwen2.5-vl/pope/ricd/coco/popular/seed1:  69%|██████▉   | 2078/3000 [23:21<09:53,  1.55it/s]
qwen2.5-vl/pope/ricd/coco/popular/seed1:  69%|██████▉   | 2079/3000 [23:21<09:44,  1.58it/s]
qwen2.5-vl/pope/ricd/coco/popular/seed1:  69%|██████▉   | 2080/3000 [23:22<09:36,  1.60it/s]
qwen2.5-vl/pope/ricd/coco/popular/seed1:  69%|██████▉   | 2081/3000 [23:23<09:31,  1.61it/s]
qwen2.5-vl/pope/ricd/coco/popular/seed1:  69%|██████▉   | 2082/3000 [23:23<09:27,  1.62it/s]
qwen2.5-vl/pope/ricd/coco/popular/seed1:  69%|██████▉   | 2083/3000 [23:24<09:57,  1.53it/s]
qwen2.5-vl/pope/ricd/coco/popular/seed1:  69%|██████▉   | 2084/3000 [23:25<10:18,  1.48it/s]
qwen2.5-vl/pope/ricd/coco/popular/seed1:  70%|██████▉   | 2085/3000 [23:25<10:33,  1.44it/s]
qwen2.5-vl/pope/ricd/coco/popular/seed1:  70%|██████▉   | 2086/3000 [23:26<10:46,  1.41it/s]
qwen2.5-vl/pope/ricd/coco/popular/seed1:  70%|██████▉   | 2087/3000 [23:27<10:52,  1.40it/s]
qwen2.5-vl/pope/ricd/coco/popular/seed1:  70%|██████▉   | 2088/3000 [23:28<10:55,  1.39it/s]
qwen2.5-vl/pope/ricd/coco/popular/seed1:  70%|██████▉   | 2089/3000 [23:28<10:25,  1.46it/s]
qwen2.5-vl/pope/ricd/coco/popular/seed1:  70%|██████▉   | 2090/3000 [23:29<10:03,  1.51it/s]
qwen2.5-vl/pope/ricd/coco/popular/seed1:  70%|██████▉   | 2091/3000 [23:29<09:48,  1.54it/s]
qwen2.5-vl/pope/ricd/coco/popular/seed1:  70%|██████▉   | 2092/3000 [23:30<09:39,  1.57it/s]
qwen2.5-vl/pope/ricd/coco/popular/seed1:  70%|██████▉   | 2093/3000 [23:31<09:31,  1.59it/s]
qwen2.5-vl/pope/ricd/coco/popular/seed1:  70%|██████▉   | 2094/3000 [23:31<09:27,  1.60it/s]
qwen2.5-vl/pope/ricd/coco/popular/seed1:  70%|██████▉   | 2095/3000 [23:32<09:24,  1.60it/s]
qwen2.5-vl/pope/ricd/coco/popular/seed1:  70%|██████▉   | 2096/3000 [23:33<09:21,  1.61it/s]
qwen2.5-vl/pope/ricd/coco/popular/seed1:  70%|██████▉   | 2097/3000 [23:33<09:18,  1.62it/s]
qwen2.5-vl/pope/ricd/coco/popular/seed1:  70%|██████▉   | 2098/3000 [23:34<09:16,  1.62it/s]
qwen2.5-vl/pope/ricd/coco/popular/seed1:  70%|██████▉   | 2099/3000 [23:34<09:14,  1.62it/s]
qwen2.5-vl/pope/ricd/coco/popular/seed1:  70%|███████   | 2100/3000 [23:35<09:13,  1.63it/s]
qwen2.5-vl/pope/ricd/coco/popular/seed1:  70%|███████   | 2101/3000 [23:36<09:44,  1.54it/s]
qwen2.5-vl/pope/ricd/coco/popular/seed1:  70%|███████   | 2102/3000 [23:36<10:06,  1.48it/s]
qwen2.5-vl/pope/ricd/coco/popular/seed1:  70%|███████   | 2103/3000 [23:37<10:21,  1.44it/s]
qwen2.5-vl/pope/ricd/coco/popular/seed1:  70%|███████   | 2104/3000 [23:38<10:31,  1.42it/s]
qwen2.5-vl/pope/ricd/coco/popular/seed1:  70%|███████   | 2105/3000 [23:39<10:39,  1.40it/s]
qwen2.5-vl/pope/ricd/coco/popular/seed1:  70%|███████   | 2106/3000 [23:39<10:44,  1.39it/s]
qwen2.5-vl/pope/ricd/coco/popular/seed1:  70%|███████   | 2107/3000 [23:40<10:15,  1.45it/s]
qwen2.5-vl/pope/ricd/coco/popular/seed1:  70%|███████   | 2108/3000 [23:41<09:54,  1.50it/s]
qwen2.5-vl/pope/ricd/coco/popular/seed1:  70%|███████   | 2109/3000 [23:41<09:38,  1.54it/s]
qwen2.5-vl/pope/ricd/coco/popular/seed1:  70%|███████   | 2110/3000 [23:42<09:28,  1.57it/s]
qwen2.5-vl/pope/ricd/coco/popular/seed1:  70%|███████   | 2111/3000 [23:42<09:20,  1.59it/s]
qwen2.5-vl/pope/ricd/coco/popular/seed1:  70%|███████   | 2112/3000 [23:43<09:14,  1.60it/s]
qwen2.5-vl/pope/ricd/coco/popular/seed1:  70%|███████   | 2113/3000 [23:44<09:41,  1.52it/s]
qwen2.5-vl/pope/ricd/coco/popular/seed1:  70%|███████   | 2114/3000 [23:45<10:01,  1.47it/s]
qwen2.5-vl/pope/ricd/coco/popular/seed1:  70%|███████   | 2115/3000 [23:45<10:17,  1.43it/s]
qwen2.5-vl/pope/ricd/coco/popular/seed1:  71%|███████   | 2116/3000 [23:46<10:25,  1.41it/s]
qwen2.5-vl/pope/ricd/coco/popular/seed1:  71%|███████   | 2117/3000 [23:47<10:32,  1.40it/s]
qwen2.5-vl/pope/ricd/coco/popular/seed1:  71%|███████   | 2118/3000 [23:47<10:37,  1.38it/s]
qwen2.5-vl/pope/ricd/coco/popular/seed1:  71%|███████   | 2119/3000 [23:48<10:40,  1.38it/s]
qwen2.5-vl/pope/ricd/coco/popular/seed1:  71%|███████   | 2120/3000 [23:49<10:42,  1.37it/s]
qwen2.5-vl/pope/ricd/coco/popular/seed1:  71%|███████   | 2121/3000 [23:50<10:44,  1.36it/s]
qwen2.5-vl/pope/ricd/coco/popular/seed1:  71%|███████   | 2122/3000 [23:50<10:44,  1.36it/s]
qwen2.5-vl/pope/ricd/coco/popular/seed1:  71%|███████   | 2123/3000 [23:51<10:49,  1.35it/s]
qwen2.5-vl/pope/ricd/coco/popular/seed1:  71%|███████   | 2124/3000 [23:52<10:46,  1.35it/s]
qwen2.5-vl/pope/ricd/coco/popular/seed1:  71%|███████   | 2125/3000 [23:53<10:45,  1.36it/s]
qwen2.5-vl/pope/ricd/coco/popular/seed1:  71%|███████   | 2126/3000 [23:53<10:42,  1.36it/s]
qwen2.5-vl/pope/ricd/coco/popular/seed1:  71%|███████   | 2127/3000 [23:54<10:43,  1.36it/s]
qwen2.5-vl/pope/ricd/coco/popular/seed1:  71%|███████   | 2128/3000 [23:55<10:48,  1.35it/s]
qwen2.5-vl/pope/ricd/coco/popular/seed1:  71%|███████   | 2129/3000 [23:56<10:44,  1.35it/s]
qwen2.5-vl/pope/ricd/coco/popular/seed1:  71%|███████   | 2130/3000 [23:56<10:44,  1.35it/s]
qwen2.5-vl/pope/ricd/coco/popular/seed1:  71%|███████   | 2131/3000 [23:57<10:11,  1.42it/s]
qwen2.5-vl/pope/ricd/coco/popular/seed1:  71%|███████   | 2132/3000 [23:58<09:48,  1.48it/s]
qwen2.5-vl/pope/ricd/coco/popular/seed1:  71%|███████   | 2133/3000 [23:58<09:30,  1.52it/s]
qwen2.5-vl/pope/ricd/coco/popular/seed1:  71%|███████   | 2134/3000 [23:59<09:18,  1.55it/s]
qwen2.5-vl/pope/ricd/coco/popular/seed1:  71%|███████   | 2135/3000 [23:59<09:13,  1.56it/s]
qwen2.5-vl/pope/ricd/coco/popular/seed1:  71%|███████   | 2136/3000 [24:00<09:05,  1.58it/s]
qwen2.5-vl/pope/ricd/coco/popular/seed1:  71%|███████   | 2137/3000 [24:00<08:01,  1.79it/s]
qwen2.5-vl/pope/ricd/coco/popular/seed1:  71%|███████▏  | 2138/3000 [24:01<07:16,  1.98it/s]
qwen2.5-vl/pope/ricd/coco/popular/seed1:  71%|███████▏  | 2139/3000 [24:01<06:44,  2.13it/s]
qwen2.5-vl/pope/ricd/coco/popular/seed1:  71%|███████▏  | 2140/3000 [24:02<06:23,  2.24it/s]
qwen2.5-vl/pope/ricd/coco/popular/seed1:  71%|███████▏  | 2141/3000 [24:02<06:08,  2.33it/s]
qwen2.5-vl/pope/ricd/coco/popular/seed1:  71%|███████▏  | 2142/3000 [24:02<05:56,  2.41it/s]
qwen2.5-vl/pope/ricd/coco/popular/seed1:  71%|███████▏  | 2143/3000 [24:03<06:49,  2.09it/s]
qwen2.5-vl/pope/ricd/coco/popular/seed1:  71%|███████▏  | 2144/3000 [24:04<07:24,  1.92it/s]
qwen2.5-vl/pope/ricd/coco/popular/seed1:  72%|███████▏  | 2145/3000 [24:04<07:50,  1.82it/s]
qwen2.5-vl/pope/ricd/coco/popular/seed1:  72%|███████▏  | 2146/3000 [24:05<08:08,  1.75it/s]
qwen2.5-vl/pope/ricd/coco/popular/seed1:  72%|███████▏  | 2147/3000 [24:05<08:21,  1.70it/s]
qwen2.5-vl/pope/ricd/coco/popular/seed1:  72%|███████▏  | 2148/3000 [24:06<08:29,  1.67it/s]
qwen2.5-vl/pope/ricd/coco/popular/seed1:  72%|███████▏  | 2149/3000 [24:07<08:35,  1.65it/s]
qwen2.5-vl/pope/ricd/coco/popular/seed1:  72%|███████▏  | 2150/3000 [24:07<08:39,  1.64it/s]
qwen2.5-vl/pope/ricd/coco/popular/seed1:  72%|███████▏  | 2151/3000 [24:08<08:39,  1.63it/s]
qwen2.5-vl/pope/ricd/coco/popular/seed1:  72%|███████▏  | 2152/3000 [24:09<08:39,  1.63it/s]
qwen2.5-vl/pope/ricd/coco/popular/seed1:  72%|███████▏  | 2153/3000 [24:09<08:40,  1.63it/s]
qwen2.5-vl/pope/ricd/coco/popular/seed1:  72%|███████▏  | 2154/3000 [24:10<08:40,  1.62it/s]
qwen2.5-vl/pope/ricd/coco/popular/seed1:  72%|███████▏  | 2155/3000 [24:10<08:42,  1.62it/s]
qwen2.5-vl/pope/ricd/coco/popular/seed1:  72%|███████▏  | 2156/3000 [24:11<08:41,  1.62it/s]
qwen2.5-vl/pope/ricd/coco/popular/seed1:  72%|███████▏  | 2157/3000 [24:12<08:47,  1.60it/s]
qwen2.5-vl/pope/ricd/coco/popular/seed1:  72%|███████▏  | 2158/3000 [24:12<08:51,  1.58it/s]
qwen2.5-vl/pope/ricd/coco/popular/seed1:  72%|███████▏  | 2159/3000 [24:13<08:51,  1.58it/s]
qwen2.5-vl/pope/ricd/coco/popular/seed1:  72%|███████▏  | 2160/3000 [24:14<08:46,  1.60it/s]
qwen2.5-vl/pope/ricd/coco/popular/seed1:  72%|███████▏  | 2161/3000 [24:14<09:13,  1.52it/s]
qwen2.5-vl/pope/ricd/coco/popular/seed1:  72%|███████▏  | 2162/3000 [24:15<09:30,  1.47it/s]
qwen2.5-vl/pope/ricd/coco/popular/seed1:  72%|███████▏  | 2163/3000 [24:16<09:43,  1.43it/s]
qwen2.5-vl/pope/ricd/coco/popular/seed1:  72%|███████▏  | 2164/3000 [24:17<09:52,  1.41it/s]
qwen2.5-vl/pope/ricd/coco/popular/seed1:  72%|███████▏  | 2165/3000 [24:17<09:59,  1.39it/s]
qwen2.5-vl/pope/ricd/coco/popular/seed1:  72%|███████▏  | 2166/3000 [24:18<10:03,  1.38it/s]
qwen2.5-vl/pope/ricd/coco/popular/seed1:  72%|███████▏  | 2167/3000 [24:19<09:36,  1.45it/s]
qwen2.5-vl/pope/ricd/coco/popular/seed1:  72%|███████▏  | 2168/3000 [24:19<09:17,  1.49it/s]
qwen2.5-vl/pope/ricd/coco/popular/seed1:  72%|███████▏  | 2169/3000 [24:20<09:02,  1.53it/s]
qwen2.5-vl/pope/ricd/coco/popular/seed1:  72%|███████▏  | 2170/3000 [24:20<08:51,  1.56it/s]
qwen2.5-vl/pope/ricd/coco/popular/seed1:  72%|███████▏  | 2171/3000 [24:21<08:44,  1.58it/s]
qwen2.5-vl/pope/ricd/coco/popular/seed1:  72%|███████▏  | 2172/3000 [24:22<08:39,  1.59it/s]
qwen2.5-vl/pope/ricd/coco/popular/seed1:  72%|███████▏  | 2173/3000 [24:22<09:06,  1.51it/s]
qwen2.5-vl/pope/ricd/coco/popular/seed1:  72%|███████▏  | 2174/3000 [24:23<09:24,  1.46it/s]
qwen2.5-vl/pope/ricd/coco/popular/seed1:  72%|███████▎  | 2175/3000 [24:24<09:36,  1.43it/s]
qwen2.5-vl/pope/ricd/coco/popular/seed1:  73%|███████▎  | 2176/3000 [24:25<09:44,  1.41it/s]
qwen2.5-vl/pope/ricd/coco/popular/seed1:  73%|███████▎  | 2177/3000 [24:25<09:49,  1.40it/s]
qwen2.5-vl/pope/ricd/coco/popular/seed1:  73%|███████▎  | 2178/3000 [24:26<09:53,  1.39it/s]
qwen2.5-vl/pope/ricd/coco/popular/seed1:  73%|███████▎  | 2179/3000 [24:27<09:55,  1.38it/s]
qwen2.5-vl/pope/ricd/coco/popular/seed1:  73%|███████▎  | 2180/3000 [24:28<09:57,  1.37it/s]
qwen2.5-vl/pope/ricd/coco/popular/seed1:  73%|███████▎  | 2181/3000 [24:28<09:57,  1.37it/s]
qwen2.5-vl/pope/ricd/coco/popular/seed1:  73%|███████▎  | 2182/3000 [24:29<09:58,  1.37it/s]
qwen2.5-vl/pope/ricd/coco/popular/seed1:  73%|███████▎  | 2183/3000 [24:30<09:58,  1.37it/s]
qwen2.5-vl/pope/ricd/coco/popular/seed1:  73%|███████▎  | 2184/3000 [24:30<09:56,  1.37it/s]
qwen2.5-vl/pope/ricd/coco/popular/seed1:  73%|███████▎  | 2185/3000 [24:31<09:55,  1.37it/s]
qwen2.5-vl/pope/ricd/coco/popular/seed1:  73%|███████▎  | 2186/3000 [24:32<09:54,  1.37it/s]
qwen2.5-vl/pope/ricd/coco/popular/seed1:  73%|███████▎  | 2187/3000 [24:33<09:53,  1.37it/s]
qwen2.5-vl/pope/ricd/coco/popular/seed1:  73%|███████▎  | 2188/3000 [24:33<09:52,  1.37it/s]
qwen2.5-vl/pope/ricd/coco/popular/seed1:  73%|███████▎  | 2189/3000 [24:34<09:51,  1.37it/s]
qwen2.5-vl/pope/ricd/coco/popular/seed1:  73%|███████▎  | 2190/3000 [24:35<09:50,  1.37it/s]
qwen2.5-vl/pope/ricd/coco/popular/seed1:  73%|███████▎  | 2191/3000 [24:35<09:21,  1.44it/s]
qwen2.5-vl/pope/ricd/coco/popular/seed1:  73%|███████▎  | 2192/3000 [24:36<09:00,  1.49it/s]
qwen2.5-vl/pope/ricd/coco/popular/seed1:  73%|███████▎  | 2193/3000 [24:37<08:45,  1.54it/s]
qwen2.5-vl/pope/ricd/coco/popular/seed1:  73%|███████▎  | 2194/3000 [24:37<08:35,  1.56it/s]
qwen2.5-vl/pope/ricd/coco/popular/seed1:  73%|███████▎  | 2195/3000 [24:38<08:27,  1.59it/s]
qwen2.5-vl/pope/ricd/coco/popular/seed1:  73%|███████▎  | 2196/3000 [24:39<08:22,  1.60it/s]
qwen2.5-vl/pope/ricd/coco/popular/seed1:  73%|███████▎  | 2197/3000 [24:39<07:23,  1.81it/s]
qwen2.5-vl/pope/ricd/coco/popular/seed1:  73%|███████▎  | 2198/3000 [24:39<06:42,  1.99it/s]
qwen2.5-vl/pope/ricd/coco/popular/seed1:  73%|███████▎  | 2199/3000 [24:40<06:13,  2.15it/s]
qwen2.5-vl/pope/ricd/coco/popular/seed1:  73%|███████▎  | 2200/3000 [24:40<05:52,  2.27it/s]
qwen2.5-vl/pope/ricd/coco/popular/seed1:  73%|███████▎  | 2201/3000 [24:40<05:38,  2.36it/s]
qwen2.5-vl/pope/ricd/coco/popular/seed1:  73%|███████▎  | 2202/3000 [24:41<05:28,  2.43it/s]
qwen2.5-vl/pope/ricd/coco/popular/seed1:  73%|███████▎  | 2203/3000 [24:41<06:04,  2.19it/s]
qwen2.5-vl/pope/ricd/coco/popular/seed1:  73%|███████▎  | 2204/3000 [24:42<06:30,  2.04it/s]
qwen2.5-vl/pope/ricd/coco/popular/seed1:  74%|███████▎  | 2205/3000 [24:43<06:47,  1.95it/s]
qwen2.5-vl/pope/ricd/coco/popular/seed1:  74%|███████▎  | 2206/3000 [24:43<07:00,  1.89it/s]
qwen2.5-vl/pope/ricd/coco/popular/seed1:  74%|███████▎  | 2207/3000 [24:44<07:08,  1.85it/s]
qwen2.5-vl/pope/ricd/coco/popular/seed1:  74%|███████▎  | 2208/3000 [24:44<07:14,  1.82it/s]
qwen2.5-vl/pope/ricd/coco/popular/seed1:  74%|███████▎  | 2209/3000 [24:45<07:56,  1.66it/s]
qwen2.5-vl/pope/ricd/coco/popular/seed1:  74%|███████▎  | 2210/3000 [24:46<08:25,  1.56it/s]
qwen2.5-vl/pope/ricd/coco/popular/seed1:  74%|███████▎  | 2211/3000 [24:46<08:45,  1.50it/s]
qwen2.5-vl/pope/ricd/coco/popular/seed1:  74%|███████▎  | 2212/3000 [24:47<08:59,  1.46it/s]
qwen2.5-vl/pope/ricd/coco/popular/seed1:  74%|███████▍  | 2213/3000 [24:48<09:09,  1.43it/s]
qwen2.5-vl/pope/ricd/coco/popular/seed1:  74%|███████▍  | 2214/3000 [24:49<09:16,  1.41it/s]
qwen2.5-vl/pope/ricd/coco/popular/seed1:  74%|███████▍  | 2215/3000 [24:49<08:52,  1.47it/s]
qwen2.5-vl/pope/ricd/coco/popular/seed1:  74%|███████▍  | 2216/3000 [24:50<08:35,  1.52it/s]
qwen2.5-vl/pope/ricd/coco/popular/seed1:  74%|███████▍  | 2217/3000 [24:50<08:24,  1.55it/s]
qwen2.5-vl/pope/ricd/coco/popular/seed1:  74%|███████▍  | 2218/3000 [24:51<08:15,  1.58it/s]
qwen2.5-vl/pope/ricd/coco/popular/seed1:  74%|███████▍  | 2219/3000 [24:52<08:09,  1.60it/s]
qwen2.5-vl/pope/ricd/coco/popular/seed1:  74%|███████▍  | 2220/3000 [24:52<08:04,  1.61it/s]
qwen2.5-vl/pope/ricd/coco/popular/seed1:  74%|███████▍  | 2221/3000 [24:53<08:15,  1.57it/s]
qwen2.5-vl/pope/ricd/coco/popular/seed1:  74%|███████▍  | 2222/3000 [24:54<08:21,  1.55it/s]
qwen2.5-vl/pope/ricd/coco/popular/seed1:  74%|███████▍  | 2223/3000 [24:54<08:26,  1.53it/s]
qwen2.5-vl/pope/ricd/coco/popular/seed1:  74%|███████▍  | 2224/3000 [24:55<08:29,  1.52it/s]
qwen2.5-vl/pope/ricd/coco/popular/seed1:  74%|███████▍  | 2225/3000 [24:56<08:32,  1.51it/s]
qwen2.5-vl/pope/ricd/coco/popular/seed1:  74%|███████▍  | 2226/3000 [24:56<08:33,  1.51it/s]
qwen2.5-vl/pope/ricd/coco/popular/seed1:  74%|███████▍  | 2227/3000 [24:57<08:21,  1.54it/s]
qwen2.5-vl/pope/ricd/coco/popular/seed1:  74%|███████▍  | 2228/3000 [24:58<08:11,  1.57it/s]
qwen2.5-vl/pope/ricd/coco/popular/seed1:  74%|███████▍  | 2229/3000 [24:58<08:05,  1.59it/s]
qwen2.5-vl/pope/ricd/coco/popular/seed1:  74%|███████▍  | 2230/3000 [24:59<07:59,  1.61it/s]
qwen2.5-vl/pope/ricd/coco/popular/seed1:  74%|███████▍  | 2231/3000 [24:59<07:56,  1.61it/s]
qwen2.5-vl/pope/ricd/coco/popular/seed1:  74%|███████▍  | 2232/3000 [25:00<07:53,  1.62it/s]
qwen2.5-vl/pope/ricd/coco/popular/seed1:  74%|███████▍  | 2233/3000 [25:01<07:50,  1.63it/s]
qwen2.5-vl/pope/ricd/coco/popular/seed1:  74%|███████▍  | 2234/3000 [25:01<07:48,  1.63it/s]
qwen2.5-vl/pope/ricd/coco/popular/seed1:  74%|███████▍  | 2235/3000 [25:02<07:47,  1.64it/s]
qwen2.5-vl/pope/ricd/coco/popular/seed1:  75%|███████▍  | 2236/3000 [25:02<07:46,  1.64it/s]
qwen2.5-vl/pope/ricd/coco/popular/seed1:  75%|███████▍  | 2237/3000 [25:03<07:45,  1.64it/s]
qwen2.5-vl/pope/ricd/coco/popular/seed1:  75%|███████▍  | 2238/3000 [25:04<07:44,  1.64it/s]
qwen2.5-vl/pope/ricd/coco/popular/seed1:  75%|███████▍  | 2239/3000 [25:04<08:11,  1.55it/s]
qwen2.5-vl/pope/ricd/coco/popular/seed1:  75%|███████▍  | 2240/3000 [25:05<08:29,  1.49it/s]
qwen2.5-vl/pope/ricd/coco/popular/seed1:  75%|███████▍  | 2241/3000 [25:06<08:42,  1.45it/s]
qwen2.5-vl/pope/ricd/coco/popular/seed1:  75%|███████▍  | 2242/3000 [25:07<08:50,  1.43it/s]
qwen2.5-vl/pope/ricd/coco/popular/seed1:  75%|███████▍  | 2243/3000 [25:07<08:56,  1.41it/s]
qwen2.5-vl/pope/ricd/coco/popular/seed1:  75%|███████▍  | 2244/3000 [25:08<09:01,  1.40it/s]
qwen2.5-vl/pope/ricd/coco/popular/seed1:  75%|███████▍  | 2245/3000 [25:09<08:36,  1.46it/s]
qwen2.5-vl/pope/ricd/coco/popular/seed1:  75%|███████▍  | 2246/3000 [25:09<08:19,  1.51it/s]
qwen2.5-vl/pope/ricd/coco/popular/seed1:  75%|███████▍  | 2247/3000 [25:10<08:07,  1.54it/s]
qwen2.5-vl/pope/ricd/coco/popular/seed1:  75%|███████▍  | 2248/3000 [25:10<07:59,  1.57it/s]
qwen2.5-vl/pope/ricd/coco/popular/seed1:  75%|███████▍  | 2249/3000 [25:11<07:52,  1.59it/s]
qwen2.5-vl/pope/ricd/coco/popular/seed1:  75%|███████▌  | 2250/3000 [25:12<07:47,  1.61it/s]
qwen2.5-vl/pope/ricd/coco/popular/seed1:  75%|███████▌  | 2251/3000 [25:12<07:33,  1.65it/s]
qwen2.5-vl/pope/ricd/coco/popular/seed1:  75%|███████▌  | 2252/3000 [25:13<07:24,  1.68it/s]
qwen2.5-vl/pope/ricd/coco/popular/seed1:  75%|███████▌  | 2253/3000 [25:13<07:17,  1.71it/s]
qwen2.5-vl/pope/ricd/coco/popular/seed1:  75%|███████▌  | 2254/3000 [25:14<07:12,  1.73it/s]
qwen2.5-vl/pope/ricd/coco/popular/seed1:  75%|███████▌  | 2255/3000 [25:14<07:08,  1.74it/s]
qwen2.5-vl/pope/ricd/coco/popular/seed1:  75%|███████▌  | 2256/3000 [25:15<07:05,  1.75it/s]
qwen2.5-vl/pope/ricd/coco/popular/seed1:  75%|███████▌  | 2257/3000 [25:16<07:13,  1.71it/s]
qwen2.5-vl/pope/ricd/coco/popular/seed1:  75%|███████▌  | 2258/3000 [25:16<07:18,  1.69it/s]
qwen2.5-vl/pope/ricd/coco/popular/seed1:  75%|███████▌  | 2259/3000 [25:17<07:22,  1.67it/s]
qwen2.5-vl/pope/ricd/coco/popular/seed1:  75%|███████▌  | 2260/3000 [25:17<07:24,  1.66it/s]
qwen2.5-vl/pope/ricd/coco/popular/seed1:  75%|███████▌  | 2261/3000 [25:18<07:26,  1.66it/s]
qwen2.5-vl/pope/ricd/coco/popular/seed1:  75%|███████▌  | 2262/3000 [25:19<07:26,  1.65it/s]
qwen2.5-vl/pope/ricd/coco/popular/seed1:  75%|███████▌  | 2263/3000 [25:19<07:27,  1.65it/s]
qwen2.5-vl/pope/ricd/coco/popular/seed1:  75%|███████▌  | 2264/3000 [25:20<07:26,  1.65it/s]
qwen2.5-vl/pope/ricd/coco/popular/seed1:  76%|███████▌  | 2265/3000 [25:21<07:26,  1.65it/s]
qwen2.5-vl/pope/ricd/coco/popular/seed1:  76%|███████▌  | 2266/3000 [25:21<07:26,  1.64it/s]
qwen2.5-vl/pope/ricd/coco/popular/seed1:  76%|███████▌  | 2267/3000 [25:22<07:26,  1.64it/s]
qwen2.5-vl/pope/ricd/coco/popular/seed1:  76%|███████▌  | 2268/3000 [25:22<07:27,  1.64it/s]
qwen2.5-vl/pope/ricd/coco/popular/seed1:  76%|███████▌  | 2269/3000 [25:23<07:53,  1.54it/s]
qwen2.5-vl/pope/ricd/coco/popular/seed1:  76%|███████▌  | 2270/3000 [25:24<08:10,  1.49it/s]
qwen2.5-vl/pope/ricd/coco/popular/seed1:  76%|███████▌  | 2271/3000 [25:25<08:22,  1.45it/s]
qwen2.5-vl/pope/ricd/coco/popular/seed1:  76%|███████▌  | 2272/3000 [25:25<08:30,  1.43it/s]
qwen2.5-vl/pope/ricd/coco/popular/seed1:  76%|███████▌  | 2273/3000 [25:26<08:35,  1.41it/s]
qwen2.5-vl/pope/ricd/coco/popular/seed1:  76%|███████▌  | 2274/3000 [25:27<08:38,  1.40it/s]
qwen2.5-vl/pope/ricd/coco/popular/seed1:  76%|███████▌  | 2275/3000 [25:27<08:41,  1.39it/s]
qwen2.5-vl/pope/ricd/coco/popular/seed1:  76%|███████▌  | 2276/3000 [25:28<08:42,  1.38it/s]
qwen2.5-vl/pope/ricd/coco/popular/seed1:  76%|███████▌  | 2277/3000 [25:29<08:43,  1.38it/s]
qwen2.5-vl/pope/ricd/coco/popular/seed1:  76%|███████▌  | 2278/3000 [25:30<08:43,  1.38it/s]
qwen2.5-vl/pope/ricd/coco/popular/seed1:  76%|███████▌  | 2279/3000 [25:30<08:44,  1.38it/s]
qwen2.5-vl/pope/ricd/coco/popular/seed1:  76%|███████▌  | 2280/3000 [25:31<08:43,  1.37it/s]
qwen2.5-vl/pope/ricd/coco/popular/seed1:  76%|███████▌  | 2281/3000 [25:32<08:43,  1.37it/s]
qwen2.5-vl/pope/ricd/coco/popular/seed1:  76%|███████▌  | 2282/3000 [25:33<08:44,  1.37it/s]
qwen2.5-vl/pope/ricd/coco/popular/seed1:  76%|███████▌  | 2283/3000 [25:33<08:43,  1.37it/s]
qwen2.5-vl/pope/ricd/coco/popular/seed1:  76%|███████▌  | 2284/3000 [25:34<08:42,  1.37it/s]
qwen2.5-vl/pope/ricd/coco/popular/seed1:  76%|███████▌  | 2285/3000 [25:35<08:41,  1.37it/s]
qwen2.5-vl/pope/ricd/coco/popular/seed1:  76%|███████▌  | 2286/3000 [25:35<08:41,  1.37it/s]
qwen2.5-vl/pope/ricd/coco/popular/seed1:  76%|███████▌  | 2287/3000 [25:36<08:15,  1.44it/s]
qwen2.5-vl/pope/ricd/coco/popular/seed1:  76%|███████▋  | 2288/3000 [25:37<07:59,  1.49it/s]
qwen2.5-vl/pope/ricd/coco/popular/seed1:  76%|███████▋  | 2289/3000 [25:37<07:47,  1.52it/s]
qwen2.5-vl/pope/ricd/coco/popular/seed1:  76%|███████▋  | 2290/3000 [25:38<07:40,  1.54it/s]
qwen2.5-vl/pope/ricd/coco/popular/seed1:  76%|███████▋  | 2291/3000 [25:39<07:33,  1.56it/s]
qwen2.5-vl/pope/ricd/coco/popular/seed1:  76%|███████▋  | 2292/3000 [25:39<07:31,  1.57it/s]
qwen2.5-vl/pope/ricd/coco/popular/seed1:  76%|███████▋  | 2293/3000 [25:40<07:59,  1.48it/s]
qwen2.5-vl/pope/ricd/coco/popular/seed1:  76%|███████▋  | 2294/3000 [25:41<08:13,  1.43it/s]
qwen2.5-vl/pope/ricd/coco/popular/seed1:  76%|███████▋  | 2295/3000 [25:41<08:19,  1.41it/s]
qwen2.5-vl/pope/ricd/coco/popular/seed1:  77%|███████▋  | 2296/3000 [25:42<08:29,  1.38it/s]
qwen2.5-vl/pope/ricd/coco/popular/seed1:  77%|███████▋  | 2297/3000 [25:43<08:44,  1.34it/s]
qwen2.5-vl/pope/ricd/coco/popular/seed1:  77%|███████▋  | 2298/3000 [25:44<08:48,  1.33it/s]
qwen2.5-vl/pope/ricd/coco/popular/seed1:  77%|███████▋  | 2299/3000 [25:44<08:25,  1.39it/s]
qwen2.5-vl/pope/ricd/coco/popular/seed1:  77%|███████▋  | 2300/3000 [25:45<08:02,  1.45it/s]
qwen2.5-vl/pope/ricd/coco/popular/seed1:  77%|███████▋  | 2301/3000 [25:46<07:45,  1.50it/s]
qwen2.5-vl/pope/ricd/coco/popular/seed1:  77%|███████▋  | 2302/3000 [25:46<07:35,  1.53it/s]
qwen2.5-vl/pope/ricd/coco/popular/seed1:  77%|███████▋  | 2303/3000 [25:47<07:27,  1.56it/s]
qwen2.5-vl/pope/ricd/coco/popular/seed1:  77%|███████▋  | 2304/3000 [25:48<07:21,  1.58it/s]
qwen2.5-vl/pope/ricd/coco/popular/seed1:  77%|███████▋  | 2305/3000 [25:48<07:16,  1.59it/s]
qwen2.5-vl/pope/ricd/coco/popular/seed1:  77%|███████▋  | 2306/3000 [25:49<07:13,  1.60it/s]
qwen2.5-vl/pope/ricd/coco/popular/seed1:  77%|███████▋  | 2307/3000 [25:49<07:11,  1.61it/s]
qwen2.5-vl/pope/ricd/coco/popular/seed1:  77%|███████▋  | 2308/3000 [25:50<07:09,  1.61it/s]
qwen2.5-vl/pope/ricd/coco/popular/seed1:  77%|███████▋  | 2309/3000 [25:51<07:09,  1.61it/s]
qwen2.5-vl/pope/ricd/coco/popular/seed1:  77%|███████▋  | 2310/3000 [25:51<07:06,  1.62it/s]
qwen2.5-vl/pope/ricd/coco/popular/seed1:  77%|███████▋  | 2311/3000 [25:52<07:06,  1.62it/s]
qwen2.5-vl/pope/ricd/coco/popular/seed1:  77%|███████▋  | 2312/3000 [25:52<07:04,  1.62it/s]
qwen2.5-vl/pope/ricd/coco/popular/seed1:  77%|███████▋  | 2313/3000 [25:53<07:04,  1.62it/s]
qwen2.5-vl/pope/ricd/coco/popular/seed1:  77%|███████▋  | 2314/3000 [25:54<07:02,  1.62it/s]
qwen2.5-vl/pope/ricd/coco/popular/seed1:  77%|███████▋  | 2315/3000 [25:54<07:02,  1.62it/s]
qwen2.5-vl/pope/ricd/coco/popular/seed1:  77%|███████▋  | 2316/3000 [25:55<07:01,  1.62it/s]
qwen2.5-vl/pope/ricd/coco/popular/seed1:  77%|███████▋  | 2317/3000 [25:56<06:53,  1.65it/s]
qwen2.5-vl/pope/ricd/coco/popular/seed1:  77%|███████▋  | 2318/3000 [25:56<06:51,  1.66it/s]
qwen2.5-vl/pope/ricd/coco/popular/seed1:  77%|███████▋  | 2319/3000 [25:57<06:48,  1.67it/s]
qwen2.5-vl/pope/ricd/coco/popular/seed1:  77%|███████▋  | 2320/3000 [25:57<06:45,  1.68it/s]
qwen2.5-vl/pope/ricd/coco/popular/seed1:  77%|███████▋  | 2321/3000 [25:58<06:45,  1.68it/s]
qwen2.5-vl/pope/ricd/coco/popular/seed1:  77%|███████▋  | 2322/3000 [25:58<06:40,  1.69it/s]
qwen2.5-vl/pope/ricd/coco/popular/seed1:  77%|███████▋  | 2323/3000 [25:59<07:09,  1.57it/s]
qwen2.5-vl/pope/ricd/coco/popular/seed1:  77%|███████▋  | 2324/3000 [26:00<07:28,  1.51it/s]
qwen2.5-vl/pope/ricd/coco/popular/seed1:  78%|███████▊  | 2325/3000 [26:01<07:42,  1.46it/s]
qwen2.5-vl/pope/ricd/coco/popular/seed1:  78%|███████▊  | 2326/3000 [26:01<07:51,  1.43it/s]
qwen2.5-vl/pope/ricd/coco/popular/seed1:  78%|███████▊  | 2327/3000 [26:02<07:56,  1.41it/s]
qwen2.5-vl/pope/ricd/coco/popular/seed1:  78%|███████▊  | 2328/3000 [26:03<08:01,  1.40it/s]
qwen2.5-vl/pope/ricd/coco/popular/seed1:  78%|███████▊  | 2329/3000 [26:03<07:39,  1.46it/s]
qwen2.5-vl/pope/ricd/coco/popular/seed1:  78%|███████▊  | 2330/3000 [26:04<07:24,  1.51it/s]
qwen2.5-vl/pope/ricd/coco/popular/seed1:  78%|███████▊  | 2331/3000 [26:05<07:15,  1.54it/s]
qwen2.5-vl/pope/ricd/coco/popular/seed1:  78%|███████▊  | 2332/3000 [26:05<07:06,  1.56it/s]
qwen2.5-vl/pope/ricd/coco/popular/seed1:  78%|███████▊  | 2333/3000 [26:06<07:01,  1.58it/s]
qwen2.5-vl/pope/ricd/coco/popular/seed1:  78%|███████▊  | 2334/3000 [26:07<06:57,  1.60it/s]
qwen2.5-vl/pope/ricd/coco/popular/seed1:  78%|███████▊  | 2335/3000 [26:07<06:54,  1.60it/s]
qwen2.5-vl/pope/ricd/coco/popular/seed1:  78%|███████▊  | 2336/3000 [26:08<06:55,  1.60it/s]
qwen2.5-vl/pope/ricd/coco/popular/seed1:  78%|███████▊  | 2337/3000 [26:08<06:58,  1.58it/s]
qwen2.5-vl/pope/ricd/coco/popular/seed1:  78%|███████▊  | 2338/3000 [26:09<07:00,  1.58it/s]
qwen2.5-vl/pope/ricd/coco/popular/seed1:  78%|███████▊  | 2339/3000 [26:10<06:56,  1.59it/s]
qwen2.5-vl/pope/ricd/coco/popular/seed1:  78%|███████▊  | 2340/3000 [26:10<06:53,  1.60it/s]
qwen2.5-vl/pope/ricd/coco/popular/seed1:  78%|███████▊  | 2341/3000 [26:11<07:14,  1.52it/s]
qwen2.5-vl/pope/ricd/coco/popular/seed1:  78%|███████▊  | 2342/3000 [26:12<07:28,  1.47it/s]
qwen2.5-vl/pope/ricd/coco/popular/seed1:  78%|███████▊  | 2343/3000 [26:13<07:37,  1.43it/s]
qwen2.5-vl/pope/ricd/coco/popular/seed1:  78%|███████▊  | 2344/3000 [26:13<07:44,  1.41it/s]
qwen2.5-vl/pope/ricd/coco/popular/seed1:  78%|███████▊  | 2345/3000 [26:14<07:56,  1.38it/s]
qwen2.5-vl/pope/ricd/coco/popular/seed1:  78%|███████▊  | 2346/3000 [26:15<08:03,  1.35it/s]
qwen2.5-vl/pope/ricd/coco/popular/seed1:  78%|███████▊  | 2347/3000 [26:15<06:58,  1.56it/s]
qwen2.5-vl/pope/ricd/coco/popular/seed1:  78%|███████▊  | 2348/3000 [26:16<06:13,  1.74it/s]
qwen2.5-vl/pope/ricd/coco/popular/seed1:  78%|███████▊  | 2349/3000 [26:16<05:38,  1.93it/s]
qwen2.5-vl/pope/ricd/coco/popular/seed1:  78%|███████▊  | 2350/3000 [26:16<05:12,  2.08it/s]
qwen2.5-vl/pope/ricd/coco/popular/seed1:  78%|███████▊  | 2351/3000 [26:17<04:54,  2.21it/s]
qwen2.5-vl/pope/ricd/coco/popular/seed1:  78%|███████▊  | 2352/3000 [26:17<04:40,  2.31it/s]
qwen2.5-vl/pope/ricd/coco/popular/seed1:  78%|███████▊  | 2353/3000 [26:18<05:15,  2.05it/s]
qwen2.5-vl/pope/ricd/coco/popular/seed1:  78%|███████▊  | 2354/3000 [26:18<05:38,  1.91it/s]
qwen2.5-vl/pope/ricd/coco/popular/seed1:  78%|███████▊  | 2355/3000 [26:19<05:55,  1.81it/s]
qwen2.5-vl/pope/ricd/coco/popular/seed1:  79%|███████▊  | 2356/3000 [26:20<06:07,  1.75it/s]
qwen2.5-vl/pope/ricd/coco/popular/seed1:  79%|███████▊  | 2357/3000 [26:20<06:14,  1.72it/s]
qwen2.5-vl/pope/ricd/coco/popular/seed1:  79%|███████▊  | 2358/3000 [26:21<06:19,  1.69it/s]
qwen2.5-vl/pope/ricd/coco/popular/seed1:  79%|███████▊  | 2359/3000 [26:21<05:39,  1.89it/s]
qwen2.5-vl/pope/ricd/coco/popular/seed1:  79%|███████▊  | 2360/3000 [26:22<05:11,  2.06it/s]
qwen2.5-vl/pope/ricd/coco/popular/seed1:  79%|███████▊  | 2361/3000 [26:22<04:51,  2.20it/s]
qwen2.5-vl/pope/ricd/coco/popular/seed1:  79%|███████▊  | 2362/3000 [26:22<04:36,  2.31it/s]
qwen2.5-vl/pope/ricd/coco/popular/seed1:  79%|███████▉  | 2363/3000 [26:23<04:26,  2.39it/s]
qwen2.5-vl/pope/ricd/coco/popular/seed1:  79%|███████▉  | 2364/3000 [26:23<04:19,  2.45it/s]
qwen2.5-vl/pope/ricd/coco/popular/seed1:  79%|███████▉  | 2365/3000 [26:24<04:57,  2.14it/s]
qwen2.5-vl/pope/ricd/coco/popular/seed1:  79%|███████▉  | 2366/3000 [26:24<05:23,  1.96it/s]
qwen2.5-vl/pope/ricd/coco/popular/seed1:  79%|███████▉  | 2367/3000 [26:25<05:41,  1.85it/s]
qwen2.5-vl/pope/ricd/coco/popular/seed1:  79%|███████▉  | 2368/3000 [26:26<05:54,  1.78it/s]
qwen2.5-vl/pope/ricd/coco/popular/seed1:  79%|███████▉  | 2369/3000 [26:26<06:02,  1.74it/s]
qwen2.5-vl/pope/ricd/coco/popular/seed1:  79%|███████▉  | 2370/3000 [26:27<06:08,  1.71it/s]
qwen2.5-vl/pope/ricd/coco/popular/seed1:  79%|███████▉  | 2371/3000 [26:28<06:28,  1.62it/s]
qwen2.5-vl/pope/ricd/coco/popular/seed1:  79%|███████▉  | 2372/3000 [26:28<06:43,  1.56it/s]
qwen2.5-vl/pope/ricd/coco/popular/seed1:  79%|███████▉  | 2373/3000 [26:29<06:53,  1.52it/s]
qwen2.5-vl/pope/ricd/coco/popular/seed1:  79%|███████▉  | 2374/3000 [26:30<06:58,  1.49it/s]
qwen2.5-vl/pope/ricd/coco/popular/seed1:  79%|███████▉  | 2375/3000 [26:30<07:08,  1.46it/s]
qwen2.5-vl/pope/ricd/coco/popular/seed1:  79%|███████▉  | 2376/3000 [26:31<07:09,  1.45it/s]
qwen2.5-vl/pope/ricd/coco/popular/seed1:  79%|███████▉  | 2377/3000 [26:32<06:54,  1.50it/s]
qwen2.5-vl/pope/ricd/coco/popular/seed1:  79%|███████▉  | 2378/3000 [26:32<06:43,  1.54it/s]
qwen2.5-vl/pope/ricd/coco/popular/seed1:  79%|███████▉  | 2379/3000 [26:33<06:35,  1.57it/s]
qwen2.5-vl/pope/ricd/coco/popular/seed1:  79%|███████▉  | 2380/3000 [26:33<06:30,  1.59it/s]
qwen2.5-vl/pope/ricd/coco/popular/seed1:  79%|███████▉  | 2381/3000 [26:34<06:26,  1.60it/s]
qwen2.5-vl/pope/ricd/coco/popular/seed1:  79%|███████▉  | 2382/3000 [26:35<06:23,  1.61it/s]
qwen2.5-vl/pope/ricd/coco/popular/seed1:  79%|███████▉  | 2383/3000 [26:35<06:43,  1.53it/s]
qwen2.5-vl/pope/ricd/coco/popular/seed1:  79%|███████▉  | 2384/3000 [26:36<06:56,  1.48it/s]
qwen2.5-vl/pope/ricd/coco/popular/seed1:  80%|███████▉  | 2385/3000 [26:37<07:05,  1.45it/s]
qwen2.5-vl/pope/ricd/coco/popular/seed1:  80%|███████▉  | 2386/3000 [26:38<07:11,  1.42it/s]
qwen2.5-vl/pope/ricd/coco/popular/seed1:  80%|███████▉  | 2387/3000 [26:38<07:15,  1.41it/s]
qwen2.5-vl/pope/ricd/coco/popular/seed1:  80%|███████▉  | 2388/3000 [26:39<07:17,  1.40it/s]
qwen2.5-vl/pope/ricd/coco/popular/seed1:  80%|███████▉  | 2389/3000 [26:40<07:19,  1.39it/s]
qwen2.5-vl/pope/ricd/coco/popular/seed1:  80%|███████▉  | 2390/3000 [26:41<07:20,  1.39it/s]
qwen2.5-vl/pope/ricd/coco/popular/seed1:  80%|███████▉  | 2391/3000 [26:41<07:20,  1.38it/s]
qwen2.5-vl/pope/ricd/coco/popular/seed1:  80%|███████▉  | 2392/3000 [26:42<07:20,  1.38it/s]
qwen2.5-vl/pope/ricd/coco/popular/seed1:  80%|███████▉  | 2393/3000 [26:43<07:20,  1.38it/s]
qwen2.5-vl/pope/ricd/coco/popular/seed1:  80%|███████▉  | 2394/3000 [26:43<07:20,  1.38it/s]
qwen2.5-vl/pope/ricd/coco/popular/seed1:  80%|███████▉  | 2395/3000 [26:44<07:00,  1.44it/s]
qwen2.5-vl/pope/ricd/coco/popular/seed1:  80%|███████▉  | 2396/3000 [26:45<06:44,  1.49it/s]
qwen2.5-vl/pope/ricd/coco/popular/seed1:  80%|███████▉  | 2397/3000 [26:45<06:32,  1.53it/s]
qwen2.5-vl/pope/ricd/coco/popular/seed1:  80%|███████▉  | 2398/3000 [26:46<06:24,  1.57it/s]
qwen2.5-vl/pope/ricd/coco/popular/seed1:  80%|███████▉  | 2399/3000 [26:47<06:22,  1.57it/s]
qwen2.5-vl/pope/ricd/coco/popular/seed1:  80%|████████  | 2400/3000 [26:47<06:17,  1.59it/s]
qwen2.5-vl/pope/ricd/coco/popular/seed1:  80%|████████  | 2401/3000 [26:48<06:14,  1.60it/s]
qwen2.5-vl/pope/ricd/coco/popular/seed1:  80%|████████  | 2402/3000 [26:48<06:11,  1.61it/s]
qwen2.5-vl/pope/ricd/coco/popular/seed1:  80%|████████  | 2403/3000 [26:49<06:09,  1.62it/s]
qwen2.5-vl/pope/ricd/coco/popular/seed1:  80%|████████  | 2404/3000 [26:50<06:06,  1.63it/s]
qwen2.5-vl/pope/ricd/coco/popular/seed1:  80%|████████  | 2405/3000 [26:50<06:08,  1.61it/s]
qwen2.5-vl/pope/ricd/coco/popular/seed1:  80%|████████  | 2406/3000 [26:51<06:06,  1.62it/s]
qwen2.5-vl/pope/ricd/coco/popular/seed1:  80%|████████  | 2407/3000 [26:52<06:55,  1.43it/s]
qwen2.5-vl/pope/ricd/coco/popular/seed1:  80%|████████  | 2408/3000 [26:53<07:29,  1.32it/s]
qwen2.5-vl/pope/ricd/coco/popular/seed1:  80%|████████  | 2409/3000 [26:53<07:52,  1.25it/s]
qwen2.5-vl/pope/ricd/coco/popular/seed1:  80%|████████  | 2410/3000 [26:54<08:09,  1.21it/s]
qwen2.5-vl/pope/ricd/coco/popular/seed1:  80%|████████  | 2411/3000 [26:55<08:20,  1.18it/s]
qwen2.5-vl/pope/ricd/coco/popular/seed1:  80%|████████  | 2412/3000 [26:56<08:27,  1.16it/s]
qwen2.5-vl/pope/ricd/coco/popular/seed1:  80%|████████  | 2413/3000 [26:57<07:41,  1.27it/s]
qwen2.5-vl/pope/ricd/coco/popular/seed1:  80%|████████  | 2414/3000 [26:57<07:09,  1.36it/s]
qwen2.5-vl/pope/ricd/coco/popular/seed1:  80%|████████  | 2415/3000 [26:58<06:46,  1.44it/s]
qwen2.5-vl/pope/ricd/coco/popular/seed1:  81%|████████  | 2416/3000 [26:59<06:30,  1.49it/s]
qwen2.5-vl/pope/ricd/coco/popular/seed1:  81%|████████  | 2417/3000 [26:59<06:19,  1.54it/s]
qwen2.5-vl/pope/ricd/coco/popular/seed1:  81%|████████  | 2418/3000 [27:00<06:11,  1.57it/s]
qwen2.5-vl/pope/ricd/coco/popular/seed1:  81%|████████  | 2419/3000 [27:00<06:06,  1.59it/s]
qwen2.5-vl/pope/ricd/coco/popular/seed1:  81%|████████  | 2420/3000 [27:01<06:02,  1.60it/s]
qwen2.5-vl/pope/ricd/coco/popular/seed1:  81%|████████  | 2421/3000 [27:02<05:59,  1.61it/s]
qwen2.5-vl/pope/ricd/coco/popular/seed1:  81%|████████  | 2422/3000 [27:02<05:57,  1.62it/s]
qwen2.5-vl/pope/ricd/coco/popular/seed1:  81%|████████  | 2423/3000 [27:03<05:55,  1.63it/s]
qwen2.5-vl/pope/ricd/coco/popular/seed1:  81%|████████  | 2424/3000 [27:03<05:53,  1.63it/s]
qwen2.5-vl/pope/ricd/coco/popular/seed1:  81%|████████  | 2425/3000 [27:04<06:40,  1.44it/s]
qwen2.5-vl/pope/ricd/coco/popular/seed1:  81%|████████  | 2426/3000 [27:05<07:12,  1.33it/s]
qwen2.5-vl/pope/ricd/coco/popular/seed1:  81%|████████  | 2427/3000 [27:06<07:35,  1.26it/s]
qwen2.5-vl/pope/ricd/coco/popular/seed1:  81%|████████  | 2428/3000 [27:07<07:50,  1.22it/s]
qwen2.5-vl/pope/ricd/coco/popular/seed1:  81%|████████  | 2429/3000 [27:08<08:01,  1.19it/s]
qwen2.5-vl/pope/ricd/coco/popular/seed1:  81%|████████  | 2430/3000 [27:09<08:08,  1.17it/s]
qwen2.5-vl/pope/ricd/coco/popular/seed1:  81%|████████  | 2431/3000 [27:09<07:25,  1.28it/s]
qwen2.5-vl/pope/ricd/coco/popular/seed1:  81%|████████  | 2432/3000 [27:10<06:54,  1.37it/s]
qwen2.5-vl/pope/ricd/coco/popular/seed1:  81%|████████  | 2433/3000 [27:11<06:33,  1.44it/s]
qwen2.5-vl/pope/ricd/coco/popular/seed1:  81%|████████  | 2434/3000 [27:11<06:18,  1.49it/s]
qwen2.5-vl/pope/ricd/coco/popular/seed1:  81%|████████  | 2435/3000 [27:12<06:08,  1.53it/s]
qwen2.5-vl/pope/ricd/coco/popular/seed1:  81%|████████  | 2436/3000 [27:12<06:00,  1.56it/s]
qwen2.5-vl/pope/ricd/coco/popular/seed1:  81%|████████  | 2437/3000 [27:13<06:15,  1.50it/s]
qwen2.5-vl/pope/ricd/coco/popular/seed1:  81%|████████▏ | 2438/3000 [27:14<06:28,  1.45it/s]
qwen2.5-vl/pope/ricd/coco/popular/seed1:  81%|████████▏ | 2439/3000 [27:15<06:35,  1.42it/s]
qwen2.5-vl/pope/ricd/coco/popular/seed1:  81%|████████▏ | 2440/3000 [27:15<06:40,  1.40it/s]
qwen2.5-vl/pope/ricd/coco/popular/seed1:  81%|████████▏ | 2441/3000 [27:16<06:43,  1.39it/s]
qwen2.5-vl/pope/ricd/coco/popular/seed1:  81%|████████▏ | 2442/3000 [27:17<06:45,  1.38it/s]
qwen2.5-vl/pope/ricd/coco/popular/seed1:  81%|████████▏ | 2443/3000 [27:18<06:46,  1.37it/s]
qwen2.5-vl/pope/ricd/coco/popular/seed1:  81%|████████▏ | 2444/3000 [27:18<06:48,  1.36it/s]
qwen2.5-vl/pope/ricd/coco/popular/seed1:  82%|████████▏ | 2445/3000 [27:19<06:48,  1.36it/s]
qwen2.5-vl/pope/ricd/coco/popular/seed1:  82%|████████▏ | 2446/3000 [27:20<06:47,  1.36it/s]
qwen2.5-vl/pope/ricd/coco/popular/seed1:  82%|████████▏ | 2447/3000 [27:21<06:46,  1.36it/s]
qwen2.5-vl/pope/ricd/coco/popular/seed1:  82%|████████▏ | 2448/3000 [27:21<06:45,  1.36it/s]
qwen2.5-vl/pope/ricd/coco/popular/seed1:  82%|████████▏ | 2449/3000 [27:22<06:44,  1.36it/s]
qwen2.5-vl/pope/ricd/coco/popular/seed1:  82%|████████▏ | 2450/3000 [27:23<06:43,  1.36it/s]
qwen2.5-vl/pope/ricd/coco/popular/seed1:  82%|████████▏ | 2451/3000 [27:24<06:43,  1.36it/s]
qwen2.5-vl/pope/ricd/coco/popular/seed1:  82%|████████▏ | 2452/3000 [27:24<06:44,  1.36it/s]
qwen2.5-vl/pope/ricd/coco/popular/seed1:  82%|████████▏ | 2453/3000 [27:25<06:42,  1.36it/s]
qwen2.5-vl/pope/ricd/coco/popular/seed1:  82%|████████▏ | 2454/3000 [27:26<06:42,  1.36it/s]
qwen2.5-vl/pope/ricd/coco/popular/seed1:  82%|████████▏ | 2455/3000 [27:26<06:22,  1.42it/s]
qwen2.5-vl/pope/ricd/coco/popular/seed1:  82%|████████▏ | 2456/3000 [27:27<06:08,  1.48it/s]
qwen2.5-vl/pope/ricd/coco/popular/seed1:  82%|████████▏ | 2457/3000 [27:28<05:57,  1.52it/s]
qwen2.5-vl/pope/ricd/coco/popular/seed1:  82%|████████▏ | 2458/3000 [27:28<05:50,  1.55it/s]
qwen2.5-vl/pope/ricd/coco/popular/seed1:  82%|████████▏ | 2459/3000 [27:29<05:44,  1.57it/s]
qwen2.5-vl/pope/ricd/coco/popular/seed1:  82%|████████▏ | 2460/3000 [27:29<05:39,  1.59it/s]
qwen2.5-vl/pope/ricd/coco/popular/seed1:  82%|████████▏ | 2461/3000 [27:30<05:36,  1.60it/s]
qwen2.5-vl/pope/ricd/coco/popular/seed1:  82%|████████▏ | 2462/3000 [27:31<05:33,  1.61it/s]
qwen2.5-vl/pope/ricd/coco/popular/seed1:  82%|████████▏ | 2463/3000 [27:31<05:32,  1.62it/s]
qwen2.5-vl/pope/ricd/coco/popular/seed1:  82%|████████▏ | 2464/3000 [27:32<05:31,  1.62it/s]
qwen2.5-vl/pope/ricd/coco/popular/seed1:  82%|████████▏ | 2465/3000 [27:33<05:30,  1.62it/s]
qwen2.5-vl/pope/ricd/coco/popular/seed1:  82%|████████▏ | 2466/3000 [27:33<05:30,  1.61it/s]
qwen2.5-vl/pope/ricd/coco/popular/seed1:  82%|████████▏ | 2467/3000 [27:34<05:29,  1.62it/s]
qwen2.5-vl/pope/ricd/coco/popular/seed1:  82%|████████▏ | 2468/3000 [27:34<05:27,  1.62it/s]
qwen2.5-vl/pope/ricd/coco/popular/seed1:  82%|████████▏ | 2469/3000 [27:35<05:27,  1.62it/s]
qwen2.5-vl/pope/ricd/coco/popular/seed1:  82%|████████▏ | 2470/3000 [27:36<05:26,  1.62it/s]
qwen2.5-vl/pope/ricd/coco/popular/seed1:  82%|████████▏ | 2471/3000 [27:36<05:25,  1.62it/s]
qwen2.5-vl/pope/ricd/coco/popular/seed1:  82%|████████▏ | 2472/3000 [27:37<05:25,  1.62it/s]
qwen2.5-vl/pope/ricd/coco/popular/seed1:  82%|████████▏ | 2473/3000 [27:37<05:25,  1.62it/s]
qwen2.5-vl/pope/ricd/coco/popular/seed1:  82%|████████▏ | 2474/3000 [27:38<05:23,  1.62it/s]
qwen2.5-vl/pope/ricd/coco/popular/seed1:  82%|████████▎ | 2475/3000 [27:39<05:23,  1.62it/s]
qwen2.5-vl/pope/ricd/coco/popular/seed1:  83%|████████▎ | 2476/3000 [27:39<05:22,  1.62it/s]
qwen2.5-vl/pope/ricd/coco/popular/seed1:  83%|████████▎ | 2477/3000 [27:40<05:22,  1.62it/s]
qwen2.5-vl/pope/ricd/coco/popular/seed1:  83%|████████▎ | 2478/3000 [27:41<05:21,  1.62it/s]
qwen2.5-vl/pope/ricd/coco/popular/seed1:  83%|████████▎ | 2479/3000 [27:41<05:40,  1.53it/s]
qwen2.5-vl/pope/ricd/coco/popular/seed1:  83%|████████▎ | 2480/3000 [27:42<05:52,  1.47it/s]
qwen2.5-vl/pope/ricd/coco/popular/seed1:  83%|████████▎ | 2481/3000 [27:43<05:59,  1.44it/s]
qwen2.5-vl/pope/ricd/coco/popular/seed1:  83%|████████▎ | 2482/3000 [27:43<06:06,  1.42it/s]
qwen2.5-vl/pope/ricd/coco/popular/seed1:  83%|████████▎ | 2483/3000 [27:44<06:09,  1.40it/s]
qwen2.5-vl/pope/ricd/coco/popular/seed1:  83%|████████▎ | 2484/3000 [27:45<06:11,  1.39it/s]
qwen2.5-vl/pope/ricd/coco/popular/seed1:  83%|████████▎ | 2485/3000 [27:46<05:56,  1.44it/s]
qwen2.5-vl/pope/ricd/coco/popular/seed1:  83%|████████▎ | 2486/3000 [27:46<05:43,  1.50it/s]
qwen2.5-vl/pope/ricd/coco/popular/seed1:  83%|████████▎ | 2487/3000 [27:47<05:34,  1.53it/s]
qwen2.5-vl/pope/ricd/coco/popular/seed1:  83%|████████▎ | 2488/3000 [27:47<05:28,  1.56it/s]
qwen2.5-vl/pope/ricd/coco/popular/seed1:  83%|████████▎ | 2489/3000 [27:48<05:22,  1.58it/s]
qwen2.5-vl/pope/ricd/coco/popular/seed1:  83%|████████▎ | 2490/3000 [27:49<05:24,  1.57it/s]
qwen2.5-vl/pope/ricd/coco/popular/seed1:  83%|████████▎ | 2491/3000 [27:49<05:43,  1.48it/s]
qwen2.5-vl/pope/ricd/coco/popular/seed1:  83%|████████▎ | 2492/3000 [27:50<05:51,  1.45it/s]
qwen2.5-vl/pope/ricd/coco/popular/seed1:  83%|████████▎ | 2493/3000 [27:51<05:57,  1.42it/s]
qwen2.5-vl/pope/ricd/coco/popular/seed1:  83%|████████▎ | 2494/3000 [27:52<06:01,  1.40it/s]
qwen2.5-vl/pope/ricd/coco/popular/seed1:  83%|████████▎ | 2495/3000 [27:52<06:04,  1.39it/s]
qwen2.5-vl/pope/ricd/coco/popular/seed1:  83%|████████▎ | 2496/3000 [27:53<06:04,  1.38it/s]
qwen2.5-vl/pope/ricd/coco/popular/seed1:  83%|████████▎ | 2497/3000 [27:54<06:05,  1.38it/s]
qwen2.5-vl/pope/ricd/coco/popular/seed1:  83%|████████▎ | 2498/3000 [27:55<06:05,  1.37it/s]
qwen2.5-vl/pope/ricd/coco/popular/seed1:  83%|████████▎ | 2499/3000 [27:55<06:05,  1.37it/s]
qwen2.5-vl/pope/ricd/coco/popular/seed1:  83%|████████▎ | 2500/3000 [27:56<06:05,  1.37it/s]
qwen2.5-vl/pope/ricd/coco/popular/seed1:  83%|████████▎ | 2501/3000 [27:57<06:04,  1.37it/s]
qwen2.5-vl/pope/ricd/coco/popular/seed1:  83%|████████▎ | 2502/3000 [27:58<06:04,  1.37it/s]
qwen2.5-vl/pope/ricd/coco/popular/seed1:  83%|████████▎ | 2503/3000 [27:58<05:47,  1.43it/s]
qwen2.5-vl/pope/ricd/coco/popular/seed1:  83%|████████▎ | 2504/3000 [27:59<05:33,  1.49it/s]
qwen2.5-vl/pope/ricd/coco/popular/seed1:  84%|████████▎ | 2505/3000 [27:59<05:24,  1.53it/s]
qwen2.5-vl/pope/ricd/coco/popular/seed1:  84%|████████▎ | 2506/3000 [28:00<05:16,  1.56it/s]
qwen2.5-vl/pope/ricd/coco/popular/seed1:  84%|████████▎ | 2507/3000 [28:01<05:11,  1.58it/s]
qwen2.5-vl/pope/ricd/coco/popular/seed1:  84%|████████▎ | 2508/3000 [28:01<05:08,  1.60it/s]
qwen2.5-vl/pope/ricd/coco/popular/seed1:  84%|████████▎ | 2509/3000 [28:02<05:05,  1.61it/s]
qwen2.5-vl/pope/ricd/coco/popular/seed1:  84%|████████▎ | 2510/3000 [28:02<05:03,  1.61it/s]
qwen2.5-vl/pope/ricd/coco/popular/seed1:  84%|████████▎ | 2511/3000 [28:03<05:02,  1.62it/s]
qwen2.5-vl/pope/ricd/coco/popular/seed1:  84%|████████▎ | 2512/3000 [28:04<05:00,  1.62it/s]
qwen2.5-vl/pope/ricd/coco/popular/seed1:  84%|████████▍ | 2513/3000 [28:04<04:59,  1.63it/s]
qwen2.5-vl/pope/ricd/coco/popular/seed1:  84%|████████▍ | 2514/3000 [28:05<04:58,  1.63it/s]
qwen2.5-vl/pope/ricd/coco/popular/seed1:  84%|████████▍ | 2515/3000 [28:06<05:14,  1.54it/s]
qwen2.5-vl/pope/ricd/coco/popular/seed1:  84%|████████▍ | 2516/3000 [28:06<05:26,  1.48it/s]
qwen2.5-vl/pope/ricd/coco/popular/seed1:  84%|████████▍ | 2517/3000 [28:07<05:33,  1.45it/s]
qwen2.5-vl/pope/ricd/coco/popular/seed1:  84%|████████▍ | 2518/3000 [28:08<05:43,  1.40it/s]
qwen2.5-vl/pope/ricd/coco/popular/seed1:  84%|████████▍ | 2519/3000 [28:09<05:50,  1.37it/s]
qwen2.5-vl/pope/ricd/coco/popular/seed1:  84%|████████▍ | 2520/3000 [28:09<05:55,  1.35it/s]
qwen2.5-vl/pope/ricd/coco/popular/seed1:  84%|████████▍ | 2521/3000 [28:10<06:20,  1.26it/s]
qwen2.5-vl/pope/ricd/coco/popular/seed1:  84%|████████▍ | 2522/3000 [28:11<06:35,  1.21it/s]
qwen2.5-vl/pope/ricd/coco/popular/seed1:  84%|████████▍ | 2523/3000 [28:12<06:45,  1.18it/s]
qwen2.5-vl/pope/ricd/coco/popular/seed1:  84%|████████▍ | 2524/3000 [28:13<06:51,  1.16it/s]
qwen2.5-vl/pope/ricd/coco/popular/seed1:  84%|████████▍ | 2525/3000 [28:14<06:54,  1.15it/s]
qwen2.5-vl/pope/ricd/coco/popular/seed1:  84%|████████▍ | 2526/3000 [28:15<06:56,  1.14it/s]
qwen2.5-vl/pope/ricd/coco/popular/seed1:  84%|████████▍ | 2527/3000 [28:16<06:34,  1.20it/s]
qwen2.5-vl/pope/ricd/coco/popular/seed1:  84%|████████▍ | 2528/3000 [28:16<06:18,  1.25it/s]
qwen2.5-vl/pope/ricd/coco/popular/seed1:  84%|████████▍ | 2529/3000 [28:17<06:07,  1.28it/s]
qwen2.5-vl/pope/ricd/coco/popular/seed1:  84%|████████▍ | 2530/3000 [28:18<05:59,  1.31it/s]
qwen2.5-vl/pope/ricd/coco/popular/seed1:  84%|████████▍ | 2531/3000 [28:18<05:53,  1.33it/s]
qwen2.5-vl/pope/ricd/coco/popular/seed1:  84%|████████▍ | 2532/3000 [28:19<05:49,  1.34it/s]
qwen2.5-vl/pope/ricd/coco/popular/seed1:  84%|████████▍ | 2533/3000 [28:20<05:25,  1.43it/s]
qwen2.5-vl/pope/ricd/coco/popular/seed1:  84%|████████▍ | 2534/3000 [28:20<05:08,  1.51it/s]
qwen2.5-vl/pope/ricd/coco/popular/seed1:  84%|████████▍ | 2535/3000 [28:21<04:56,  1.57it/s]
qwen2.5-vl/pope/ricd/coco/popular/seed1:  85%|████████▍ | 2536/3000 [28:21<04:48,  1.61it/s]
qwen2.5-vl/pope/ricd/coco/popular/seed1:  85%|████████▍ | 2537/3000 [28:22<04:42,  1.64it/s]
qwen2.5-vl/pope/ricd/coco/popular/seed1:  85%|████████▍ | 2538/3000 [28:23<04:37,  1.66it/s]
qwen2.5-vl/pope/ricd/coco/popular/seed1:  85%|████████▍ | 2539/3000 [28:23<04:54,  1.57it/s]
qwen2.5-vl/pope/ricd/coco/popular/seed1:  85%|████████▍ | 2540/3000 [28:24<05:06,  1.50it/s]
qwen2.5-vl/pope/ricd/coco/popular/seed1:  85%|████████▍ | 2541/3000 [28:25<05:14,  1.46it/s]
qwen2.5-vl/pope/ricd/coco/popular/seed1:  85%|████████▍ | 2542/3000 [28:26<05:20,  1.43it/s]
qwen2.5-vl/pope/ricd/coco/popular/seed1:  85%|████████▍ | 2543/3000 [28:26<05:24,  1.41it/s]
qwen2.5-vl/pope/ricd/coco/popular/seed1:  85%|████████▍ | 2544/3000 [28:27<05:26,  1.40it/s]
qwen2.5-vl/pope/ricd/coco/popular/seed1:  85%|████████▍ | 2545/3000 [28:28<05:34,  1.36it/s]
qwen2.5-vl/pope/ricd/coco/popular/seed1:  85%|████████▍ | 2546/3000 [28:29<05:39,  1.34it/s]
qwen2.5-vl/pope/ricd/coco/popular/seed1:  85%|████████▍ | 2547/3000 [28:29<05:42,  1.32it/s]
qwen2.5-vl/pope/ricd/coco/popular/seed1:  85%|████████▍ | 2548/3000 [28:30<05:44,  1.31it/s]
qwen2.5-vl/pope/ricd/coco/popular/seed1:  85%|████████▍ | 2549/3000 [28:31<05:46,  1.30it/s]
qwen2.5-vl/pope/ricd/coco/popular/seed1:  85%|████████▌ | 2550/3000 [28:32<05:46,  1.30it/s]
qwen2.5-vl/pope/ricd/coco/popular/seed1:  85%|████████▌ | 2551/3000 [28:32<05:40,  1.32it/s]
qwen2.5-vl/pope/ricd/coco/popular/seed1:  85%|████████▌ | 2552/3000 [28:33<05:36,  1.33it/s]
qwen2.5-vl/pope/ricd/coco/popular/seed1:  85%|████████▌ | 2553/3000 [28:34<05:32,  1.34it/s]
qwen2.5-vl/pope/ricd/coco/popular/seed1:  85%|████████▌ | 2554/3000 [28:35<05:29,  1.35it/s]
qwen2.5-vl/pope/ricd/coco/popular/seed1:  85%|████████▌ | 2555/3000 [28:35<05:27,  1.36it/s]
qwen2.5-vl/pope/ricd/coco/popular/seed1:  85%|████████▌ | 2556/3000 [28:36<05:26,  1.36it/s]
qwen2.5-vl/pope/ricd/coco/popular/seed1:  85%|████████▌ | 2557/3000 [28:37<05:24,  1.36it/s]
qwen2.5-vl/pope/ricd/coco/popular/seed1:  85%|████████▌ | 2558/3000 [28:38<05:23,  1.37it/s]
qwen2.5-vl/pope/ricd/coco/popular/seed1:  85%|████████▌ | 2559/3000 [28:38<05:22,  1.37it/s]
qwen2.5-vl/pope/ricd/coco/popular/seed1:  85%|████████▌ | 2560/3000 [28:39<05:22,  1.37it/s]
qwen2.5-vl/pope/ricd/coco/popular/seed1:  85%|████████▌ | 2561/3000 [28:40<05:21,  1.37it/s]
qwen2.5-vl/pope/ricd/coco/popular/seed1:  85%|████████▌ | 2562/3000 [28:40<05:20,  1.37it/s]
qwen2.5-vl/pope/ricd/coco/popular/seed1:  85%|████████▌ | 2563/3000 [28:41<04:57,  1.47it/s]
qwen2.5-vl/pope/ricd/coco/popular/seed1:  85%|████████▌ | 2564/3000 [28:42<04:41,  1.55it/s]
qwen2.5-vl/pope/ricd/coco/popular/seed1:  86%|████████▌ | 2565/3000 [28:42<04:30,  1.61it/s]
qwen2.5-vl/pope/ricd/coco/popular/seed1:  86%|████████▌ | 2566/3000 [28:43<04:22,  1.65it/s]
qwen2.5-vl/pope/ricd/coco/popular/seed1:  86%|████████▌ | 2567/3000 [28:43<04:16,  1.69it/s]
qwen2.5-vl/pope/ricd/coco/popular/seed1:  86%|████████▌ | 2568/3000 [28:44<04:12,  1.71it/s]
qwen2.5-vl/pope/ricd/coco/popular/seed1:  86%|████████▌ | 2569/3000 [28:44<04:15,  1.69it/s]
qwen2.5-vl/pope/ricd/coco/popular/seed1:  86%|████████▌ | 2570/3000 [28:45<04:16,  1.67it/s]
qwen2.5-vl/pope/ricd/coco/popular/seed1:  86%|████████▌ | 2571/3000 [28:46<04:18,  1.66it/s]
qwen2.5-vl/pope/ricd/coco/popular/seed1:  86%|████████▌ | 2572/3000 [28:46<04:18,  1.65it/s]
qwen2.5-vl/pope/ricd/coco/popular/seed1:  86%|████████▌ | 2573/3000 [28:47<04:18,  1.65it/s]
qwen2.5-vl/pope/ricd/coco/popular/seed1:  86%|████████▌ | 2574/3000 [28:48<04:18,  1.65it/s]
qwen2.5-vl/pope/ricd/coco/popular/seed1:  86%|████████▌ | 2575/3000 [28:48<04:29,  1.58it/s]
qwen2.5-vl/pope/ricd/coco/popular/seed1:  86%|████████▌ | 2576/3000 [28:49<04:36,  1.53it/s]
qwen2.5-vl/pope/ricd/coco/popular/seed1:  86%|████████▌ | 2577/3000 [28:50<04:41,  1.50it/s]
qwen2.5-vl/pope/ricd/coco/popular/seed1:  86%|████████▌ | 2578/3000 [28:50<04:44,  1.48it/s]
qwen2.5-vl/pope/ricd/coco/popular/seed1:  86%|████████▌ | 2579/3000 [28:51<04:47,  1.47it/s]
qwen2.5-vl/pope/ricd/coco/popular/seed1:  86%|████████▌ | 2580/3000 [28:52<04:48,  1.46it/s]
qwen2.5-vl/pope/ricd/coco/popular/seed1:  86%|████████▌ | 2581/3000 [28:52<04:53,  1.43it/s]
qwen2.5-vl/pope/ricd/coco/popular/seed1:  86%|████████▌ | 2582/3000 [28:53<04:56,  1.41it/s]
qwen2.5-vl/pope/ricd/coco/popular/seed1:  86%|████████▌ | 2583/3000 [28:54<04:58,  1.40it/s]
qwen2.5-vl/pope/ricd/coco/popular/seed1:  86%|████████▌ | 2584/3000 [28:55<04:59,  1.39it/s]
qwen2.5-vl/pope/ricd/coco/popular/seed1:  86%|████████▌ | 2585/3000 [28:55<05:01,  1.38it/s]
qwen2.5-vl/pope/ricd/coco/popular/seed1:  86%|████████▌ | 2586/3000 [28:56<05:02,  1.37it/s]
qwen2.5-vl/pope/ricd/coco/popular/seed1:  86%|████████▌ | 2587/3000 [28:57<04:47,  1.44it/s]
qwen2.5-vl/pope/ricd/coco/popular/seed1:  86%|████████▋ | 2588/3000 [28:57<04:36,  1.49it/s]
qwen2.5-vl/pope/ricd/coco/popular/seed1:  86%|████████▋ | 2589/3000 [28:58<04:29,  1.53it/s]
qwen2.5-vl/pope/ricd/coco/popular/seed1:  86%|████████▋ | 2590/3000 [28:59<04:24,  1.55it/s]
qwen2.5-vl/pope/ricd/coco/popular/seed1:  86%|████████▋ | 2591/3000 [28:59<04:20,  1.57it/s]
qwen2.5-vl/pope/ricd/coco/popular/seed1:  86%|████████▋ | 2592/3000 [29:00<04:17,  1.59it/s]
qwen2.5-vl/pope/ricd/coco/popular/seed1:  86%|████████▋ | 2593/3000 [29:01<04:29,  1.51it/s]
qwen2.5-vl/pope/ricd/coco/popular/seed1:  86%|████████▋ | 2594/3000 [29:01<04:38,  1.46it/s]
qwen2.5-vl/pope/ricd/coco/popular/seed1:  86%|████████▋ | 2595/3000 [29:02<04:44,  1.43it/s]
qwen2.5-vl/pope/ricd/coco/popular/seed1:  87%|████████▋ | 2596/3000 [29:03<04:48,  1.40it/s]
qwen2.5-vl/pope/ricd/coco/popular/seed1:  87%|████████▋ | 2597/3000 [29:04<04:50,  1.39it/s]
qwen2.5-vl/pope/ricd/coco/popular/seed1:  87%|████████▋ | 2598/3000 [29:04<04:51,  1.38it/s]
qwen2.5-vl/pope/ricd/coco/popular/seed1:  87%|████████▋ | 2599/3000 [29:05<04:53,  1.37it/s]
qwen2.5-vl/pope/ricd/coco/popular/seed1:  87%|████████▋ | 2600/3000 [29:06<04:55,  1.35it/s]
qwen2.5-vl/pope/ricd/coco/popular/seed1:  87%|████████▋ | 2601/3000 [29:06<04:56,  1.35it/s]
qwen2.5-vl/pope/ricd/coco/popular/seed1:  87%|████████▋ | 2602/3000 [29:07<04:56,  1.34it/s]
qwen2.5-vl/pope/ricd/coco/popular/seed1:  87%|████████▋ | 2603/3000 [29:08<04:56,  1.34it/s]
qwen2.5-vl/pope/ricd/coco/popular/seed1:  87%|████████▋ | 2604/3000 [29:09<04:55,  1.34it/s]
qwen2.5-vl/pope/ricd/coco/popular/seed1:  87%|████████▋ | 2605/3000 [29:09<04:38,  1.42it/s]
qwen2.5-vl/pope/ricd/coco/popular/seed1:  87%|████████▋ | 2606/3000 [29:10<04:26,  1.48it/s]
qwen2.5-vl/pope/ricd/coco/popular/seed1:  87%|████████▋ | 2607/3000 [29:11<04:18,  1.52it/s]
qwen2.5-vl/pope/ricd/coco/popular/seed1:  87%|████████▋ | 2608/3000 [29:11<04:12,  1.56it/s]
qwen2.5-vl/pope/ricd/coco/popular/seed1:  87%|████████▋ | 2609/3000 [29:12<04:07,  1.58it/s]
qwen2.5-vl/pope/ricd/coco/popular/seed1:  87%|████████▋ | 2610/3000 [29:12<04:04,  1.60it/s]
qwen2.5-vl/pope/ricd/coco/popular/seed1:  87%|████████▋ | 2611/3000 [29:13<04:15,  1.52it/s]
qwen2.5-vl/pope/ricd/coco/popular/seed1:  87%|████████▋ | 2612/3000 [29:14<04:23,  1.47it/s]
qwen2.5-vl/pope/ricd/coco/popular/seed1:  87%|████████▋ | 2613/3000 [29:15<04:29,  1.44it/s]
qwen2.5-vl/pope/ricd/coco/popular/seed1:  87%|████████▋ | 2614/3000 [29:15<04:32,  1.42it/s]
qwen2.5-vl/pope/ricd/coco/popular/seed1:  87%|████████▋ | 2615/3000 [29:16<04:34,  1.40it/s]
qwen2.5-vl/pope/ricd/coco/popular/seed1:  87%|████████▋ | 2616/3000 [29:17<04:35,  1.39it/s]
qwen2.5-vl/pope/ricd/coco/popular/seed1:  87%|████████▋ | 2617/3000 [29:17<04:22,  1.46it/s]
qwen2.5-vl/pope/ricd/coco/popular/seed1:  87%|████████▋ | 2618/3000 [29:18<04:13,  1.51it/s]
qwen2.5-vl/pope/ricd/coco/popular/seed1:  87%|████████▋ | 2619/3000 [29:19<04:07,  1.54it/s]
qwen2.5-vl/pope/ricd/coco/popular/seed1:  87%|████████▋ | 2620/3000 [29:19<04:03,  1.56it/s]
qwen2.5-vl/pope/ricd/coco/popular/seed1:  87%|████████▋ | 2621/3000 [29:20<04:01,  1.57it/s]
qwen2.5-vl/pope/ricd/coco/popular/seed1:  87%|████████▋ | 2622/3000 [29:20<03:59,  1.58it/s]
qwen2.5-vl/pope/ricd/coco/popular/seed1:  87%|████████▋ | 2623/3000 [29:21<04:11,  1.50it/s]
qwen2.5-vl/pope/ricd/coco/popular/seed1:  87%|████████▋ | 2624/3000 [29:22<04:18,  1.45it/s]
qwen2.5-vl/pope/ricd/coco/popular/seed1:  88%|████████▊ | 2625/3000 [29:23<04:22,  1.43it/s]
qwen2.5-vl/pope/ricd/coco/popular/seed1:  88%|████████▊ | 2626/3000 [29:23<04:25,  1.41it/s]
qwen2.5-vl/pope/ricd/coco/popular/seed1:  88%|████████▊ | 2627/3000 [29:24<04:30,  1.38it/s]
qwen2.5-vl/pope/ricd/coco/popular/seed1:  88%|████████▊ | 2628/3000 [29:25<04:34,  1.36it/s]
qwen2.5-vl/pope/ricd/coco/popular/seed1:  88%|████████▊ | 2629/3000 [29:26<04:22,  1.41it/s]
qwen2.5-vl/pope/ricd/coco/popular/seed1:  88%|████████▊ | 2630/3000 [29:26<04:12,  1.47it/s]
qwen2.5-vl/pope/ricd/coco/popular/seed1:  88%|████████▊ | 2631/3000 [29:27<04:06,  1.50it/s]
qwen2.5-vl/pope/ricd/coco/popular/seed1:  88%|████████▊ | 2632/3000 [29:27<03:59,  1.53it/s]
qwen2.5-vl/pope/ricd/coco/popular/seed1:  88%|████████▊ | 2633/3000 [29:28<03:55,  1.56it/s]
qwen2.5-vl/pope/ricd/coco/popular/seed1:  88%|████████▊ | 2634/3000 [29:29<03:51,  1.58it/s]
qwen2.5-vl/pope/ricd/coco/popular/seed1:  88%|████████▊ | 2635/3000 [29:30<04:19,  1.41it/s]
qwen2.5-vl/pope/ricd/coco/popular/seed1:  88%|████████▊ | 2636/3000 [29:30<04:38,  1.31it/s]
qwen2.5-vl/pope/ricd/coco/popular/seed1:  88%|████████▊ | 2637/3000 [29:31<04:51,  1.24it/s]
qwen2.5-vl/pope/ricd/coco/popular/seed1:  88%|████████▊ | 2638/3000 [29:32<05:01,  1.20it/s]
qwen2.5-vl/pope/ricd/coco/popular/seed1:  88%|████████▊ | 2639/3000 [29:33<05:06,  1.18it/s]
qwen2.5-vl/pope/ricd/coco/popular/seed1:  88%|████████▊ | 2640/3000 [29:34<05:11,  1.16it/s]
qwen2.5-vl/pope/ricd/coco/popular/seed1:  88%|████████▊ | 2641/3000 [29:35<04:54,  1.22it/s]
qwen2.5-vl/pope/ricd/coco/popular/seed1:  88%|████████▊ | 2642/3000 [29:36<04:42,  1.27it/s]
qwen2.5-vl/pope/ricd/coco/popular/seed1:  88%|████████▊ | 2643/3000 [29:36<04:34,  1.30it/s]
qwen2.5-vl/pope/ricd/coco/popular/seed1:  88%|████████▊ | 2644/3000 [29:37<04:27,  1.33it/s]
qwen2.5-vl/pope/ricd/coco/popular/seed1:  88%|████████▊ | 2645/3000 [29:38<04:23,  1.35it/s]
qwen2.5-vl/pope/ricd/coco/popular/seed1:  88%|████████▊ | 2646/3000 [29:38<04:20,  1.36it/s]
qwen2.5-vl/pope/ricd/coco/popular/seed1:  88%|████████▊ | 2647/3000 [29:39<04:13,  1.40it/s]
qwen2.5-vl/pope/ricd/coco/popular/seed1:  88%|████████▊ | 2648/3000 [29:40<04:08,  1.42it/s]
qwen2.5-vl/pope/ricd/coco/popular/seed1:  88%|████████▊ | 2649/3000 [29:40<04:04,  1.43it/s]
qwen2.5-vl/pope/ricd/coco/popular/seed1:  88%|████████▊ | 2650/3000 [29:41<04:02,  1.45it/s]
qwen2.5-vl/pope/ricd/coco/popular/seed1:  88%|████████▊ | 2651/3000 [29:42<03:59,  1.46it/s]
qwen2.5-vl/pope/ricd/coco/popular/seed1:  88%|████████▊ | 2652/3000 [29:42<03:58,  1.46it/s]
qwen2.5-vl/pope/ricd/coco/popular/seed1:  88%|████████▊ | 2653/3000 [29:43<03:27,  1.67it/s]
qwen2.5-vl/pope/ricd/coco/popular/seed1:  88%|████████▊ | 2654/3000 [29:43<03:04,  1.87it/s]
qwen2.5-vl/pope/ricd/coco/popular/seed1:  88%|████████▊ | 2655/3000 [29:44<02:50,  2.03it/s]
qwen2.5-vl/pope/ricd/coco/popular/seed1:  89%|████████▊ | 2656/3000 [29:44<02:38,  2.17it/s]
qwen2.5-vl/pope/ricd/coco/popular/seed1:  89%|████████▊ | 2657/3000 [29:44<02:30,  2.28it/s]
qwen2.5-vl/pope/ricd/coco/popular/seed1:  89%|████████▊ | 2658/3000 [29:45<02:24,  2.36it/s]
qwen2.5-vl/pope/ricd/coco/popular/seed1:  89%|████████▊ | 2659/3000 [29:45<02:50,  2.01it/s]
qwen2.5-vl/pope/ricd/coco/popular/seed1:  89%|████████▊ | 2660/3000 [29:46<03:07,  1.81it/s]
qwen2.5-vl/pope/ricd/coco/popular/seed1:  89%|████████▊ | 2661/3000 [29:47<03:20,  1.69it/s]
qwen2.5-vl/pope/ricd/coco/popular/seed1:  89%|████████▊ | 2662/3000 [29:47<03:28,  1.62it/s]
qwen2.5-vl/pope/ricd/coco/popular/seed1:  89%|████████▉ | 2663/3000 [29:48<03:34,  1.57it/s]
qwen2.5-vl/pope/ricd/coco/popular/seed1:  89%|████████▉ | 2664/3000 [29:49<03:39,  1.53it/s]
qwen2.5-vl/pope/ricd/coco/popular/seed1:  89%|████████▉ | 2665/3000 [29:49<03:35,  1.56it/s]
qwen2.5-vl/pope/ricd/coco/popular/seed1:  89%|████████▉ | 2666/3000 [29:50<03:31,  1.58it/s]
qwen2.5-vl/pope/ricd/coco/popular/seed1:  89%|████████▉ | 2667/3000 [29:51<03:28,  1.59it/s]
qwen2.5-vl/pope/ricd/coco/popular/seed1:  89%|████████▉ | 2668/3000 [29:51<03:27,  1.60it/s]
qwen2.5-vl/pope/ricd/coco/popular/seed1:  89%|████████▉ | 2669/3000 [29:52<03:26,  1.60it/s]
qwen2.5-vl/pope/ricd/coco/popular/seed1:  89%|████████▉ | 2670/3000 [29:53<03:24,  1.61it/s]
qwen2.5-vl/pope/ricd/coco/popular/seed1:  89%|████████▉ | 2671/3000 [29:53<03:23,  1.62it/s]
qwen2.5-vl/pope/ricd/coco/popular/seed1:  89%|████████▉ | 2672/3000 [29:54<03:22,  1.62it/s]
qwen2.5-vl/pope/ricd/coco/popular/seed1:  89%|████████▉ | 2673/3000 [29:54<03:21,  1.62it/s]
qwen2.5-vl/pope/ricd/coco/popular/seed1:  89%|████████▉ | 2674/3000 [29:55<03:21,  1.62it/s]
qwen2.5-vl/pope/ricd/coco/popular/seed1:  89%|████████▉ | 2675/3000 [29:56<03:20,  1.62it/s]
qwen2.5-vl/pope/ricd/coco/popular/seed1:  89%|████████▉ | 2676/3000 [29:56<03:19,  1.62it/s]
qwen2.5-vl/pope/ricd/coco/popular/seed1:  89%|████████▉ | 2677/3000 [29:57<03:14,  1.66it/s]
qwen2.5-vl/pope/ricd/coco/popular/seed1:  89%|████████▉ | 2678/3000 [29:57<03:11,  1.68it/s]
qwen2.5-vl/pope/ricd/coco/popular/seed1:  89%|████████▉ | 2679/3000 [29:58<03:11,  1.68it/s]
qwen2.5-vl/pope/ricd/coco/popular/seed1:  89%|████████▉ | 2680/3000 [29:59<03:07,  1.70it/s]
qwen2.5-vl/pope/ricd/coco/popular/seed1:  89%|████████▉ | 2681/3000 [29:59<03:05,  1.72it/s]
qwen2.5-vl/pope/ricd/coco/popular/seed1:  89%|████████▉ | 2682/3000 [30:00<03:03,  1.73it/s]
qwen2.5-vl/pope/ricd/coco/popular/seed1:  89%|████████▉ | 2683/3000 [30:00<03:01,  1.74it/s]
qwen2.5-vl/pope/ricd/coco/popular/seed1:  89%|████████▉ | 2684/3000 [30:01<03:00,  1.75it/s]
qwen2.5-vl/pope/ricd/coco/popular/seed1:  90%|████████▉ | 2685/3000 [30:01<02:59,  1.75it/s]
qwen2.5-vl/pope/ricd/coco/popular/seed1:  90%|████████▉ | 2686/3000 [30:02<02:59,  1.75it/s]
qwen2.5-vl/pope/ricd/coco/popular/seed1:  90%|████████▉ | 2687/3000 [30:03<02:58,  1.75it/s]
qwen2.5-vl/pope/ricd/coco/popular/seed1:  90%|████████▉ | 2688/3000 [30:03<03:00,  1.73it/s]
qwen2.5-vl/pope/ricd/coco/popular/seed1:  90%|████████▉ | 2689/3000 [30:04<02:58,  1.74it/s]
qwen2.5-vl/pope/ricd/coco/popular/seed1:  90%|████████▉ | 2690/3000 [30:04<02:57,  1.74it/s]
qwen2.5-vl/pope/ricd/coco/popular/seed1:  90%|████████▉ | 2691/3000 [30:05<02:56,  1.75it/s]
qwen2.5-vl/pope/ricd/coco/popular/seed1:  90%|████████▉ | 2692/3000 [30:05<02:55,  1.76it/s]
qwen2.5-vl/pope/ricd/coco/popular/seed1:  90%|████████▉ | 2693/3000 [30:06<02:54,  1.76it/s]
qwen2.5-vl/pope/ricd/coco/popular/seed1:  90%|████████▉ | 2694/3000 [30:07<02:53,  1.76it/s]
qwen2.5-vl/pope/ricd/coco/popular/seed1:  90%|████████▉ | 2695/3000 [30:07<03:07,  1.62it/s]
qwen2.5-vl/pope/ricd/coco/popular/seed1:  90%|████████▉ | 2696/3000 [30:08<03:17,  1.54it/s]
qwen2.5-vl/pope/ricd/coco/popular/seed1:  90%|████████▉ | 2697/3000 [30:09<03:23,  1.49it/s]
qwen2.5-vl/pope/ricd/coco/popular/seed1:  90%|████████▉ | 2698/3000 [30:09<03:28,  1.45it/s]
qwen2.5-vl/pope/ricd/coco/popular/seed1:  90%|████████▉ | 2699/3000 [30:10<03:30,  1.43it/s]
qwen2.5-vl/pope/ricd/coco/popular/seed1:  90%|█████████ | 2700/3000 [30:11<03:32,  1.41it/s]
qwen2.5-vl/pope/ricd/coco/popular/seed1:  90%|█████████ | 2701/3000 [30:12<03:22,  1.47it/s]
qwen2.5-vl/pope/ricd/coco/popular/seed1:  90%|█████████ | 2702/3000 [30:12<03:15,  1.52it/s]
qwen2.5-vl/pope/ricd/coco/popular/seed1:  90%|█████████ | 2703/3000 [30:13<03:10,  1.56it/s]
qwen2.5-vl/pope/ricd/coco/popular/seed1:  90%|█████████ | 2704/3000 [30:13<03:07,  1.58it/s]
qwen2.5-vl/pope/ricd/coco/popular/seed1:  90%|█████████ | 2705/3000 [30:14<03:04,  1.60it/s]
qwen2.5-vl/pope/ricd/coco/popular/seed1:  90%|█████████ | 2706/3000 [30:15<03:02,  1.61it/s]
qwen2.5-vl/pope/ricd/coco/popular/seed1:  90%|█████████ | 2707/3000 [30:15<03:01,  1.62it/s]
qwen2.5-vl/pope/ricd/coco/popular/seed1:  90%|█████████ | 2708/3000 [30:16<02:59,  1.62it/s]
qwen2.5-vl/pope/ricd/coco/popular/seed1:  90%|█████████ | 2709/3000 [30:16<02:59,  1.62it/s]
qwen2.5-vl/pope/ricd/coco/popular/seed1:  90%|█████████ | 2710/3000 [30:17<02:58,  1.62it/s]
qwen2.5-vl/pope/ricd/coco/popular/seed1:  90%|█████████ | 2711/3000 [30:18<02:57,  1.63it/s]
qwen2.5-vl/pope/ricd/coco/popular/seed1:  90%|█████████ | 2712/3000 [30:18<02:56,  1.63it/s]
qwen2.5-vl/pope/ricd/coco/popular/seed1:  90%|█████████ | 2713/3000 [30:19<03:05,  1.54it/s]
qwen2.5-vl/pope/ricd/coco/popular/seed1:  90%|█████████ | 2714/3000 [30:20<03:12,  1.49it/s]
qwen2.5-vl/pope/ricd/coco/popular/seed1:  90%|█████████ | 2715/3000 [30:20<03:16,  1.45it/s]
qwen2.5-vl/pope/ricd/coco/popular/seed1:  91%|█████████ | 2716/3000 [30:21<03:19,  1.43it/s]
qwen2.5-vl/pope/ricd/coco/popular/seed1:  91%|█████████ | 2717/3000 [30:22<03:20,  1.41it/s]
qwen2.5-vl/pope/ricd/coco/popular/seed1:  91%|█████████ | 2718/3000 [30:23<03:21,  1.40it/s]
qwen2.5-vl/pope/ricd/coco/popular/seed1:  91%|█████████ | 2719/3000 [30:23<03:12,  1.46it/s]
qwen2.5-vl/pope/ricd/coco/popular/seed1:  91%|█████████ | 2720/3000 [30:24<03:05,  1.51it/s]
qwen2.5-vl/pope/ricd/coco/popular/seed1:  91%|█████████ | 2721/3000 [30:24<03:00,  1.55it/s]
qwen2.5-vl/pope/ricd/coco/popular/seed1:  91%|█████████ | 2722/3000 [30:25<02:56,  1.58it/s]
qwen2.5-vl/pope/ricd/coco/popular/seed1:  91%|█████████ | 2723/3000 [30:26<02:53,  1.60it/s]
qwen2.5-vl/pope/ricd/coco/popular/seed1:  91%|█████████ | 2724/3000 [30:26<02:51,  1.61it/s]
qwen2.5-vl/pope/ricd/coco/popular/seed1:  91%|█████████ | 2725/3000 [30:27<02:50,  1.62it/s]
qwen2.5-vl/pope/ricd/coco/popular/seed1:  91%|█████████ | 2726/3000 [30:27<02:48,  1.62it/s]
qwen2.5-vl/pope/ricd/coco/popular/seed1:  91%|█████████ | 2727/3000 [30:28<02:47,  1.63it/s]
qwen2.5-vl/pope/ricd/coco/popular/seed1:  91%|█████████ | 2728/3000 [30:29<02:46,  1.63it/s]
qwen2.5-vl/pope/ricd/coco/popular/seed1:  91%|█████████ | 2729/3000 [30:29<02:46,  1.63it/s]
qwen2.5-vl/pope/ricd/coco/popular/seed1:  91%|█████████ | 2730/3000 [30:30<02:45,  1.63it/s]
qwen2.5-vl/pope/ricd/coco/popular/seed1:  91%|█████████ | 2731/3000 [30:31<02:41,  1.66it/s]
qwen2.5-vl/pope/ricd/coco/popular/seed1:  91%|█████████ | 2732/3000 [30:31<02:38,  1.70it/s]
qwen2.5-vl/pope/ricd/coco/popular/seed1:  91%|█████████ | 2733/3000 [30:32<02:35,  1.72it/s]
qwen2.5-vl/pope/ricd/coco/popular/seed1:  91%|█████████ | 2734/3000 [30:32<02:33,  1.73it/s]
qwen2.5-vl/pope/ricd/coco/popular/seed1:  91%|█████████ | 2735/3000 [30:33<02:32,  1.74it/s]
qwen2.5-vl/pope/ricd/coco/popular/seed1:  91%|█████████ | 2736/3000 [30:33<02:30,  1.75it/s]
qwen2.5-vl/pope/ricd/coco/popular/seed1:  91%|█████████ | 2737/3000 [30:34<02:42,  1.62it/s]
qwen2.5-vl/pope/ricd/coco/popular/seed1:  91%|█████████▏| 2738/3000 [30:35<02:50,  1.54it/s]
qwen2.5-vl/pope/ricd/coco/popular/seed1:  91%|█████████▏| 2739/3000 [30:36<02:55,  1.49it/s]
qwen2.5-vl/pope/ricd/coco/popular/seed1:  91%|█████████▏| 2740/3000 [30:36<02:59,  1.45it/s]
qwen2.5-vl/pope/ricd/coco/popular/seed1:  91%|█████████▏| 2741/3000 [30:37<03:01,  1.43it/s]
qwen2.5-vl/pope/ricd/coco/popular/seed1:  91%|█████████▏| 2742/3000 [30:38<03:02,  1.41it/s]
qwen2.5-vl/pope/ricd/coco/popular/seed1:  91%|█████████▏| 2743/3000 [30:38<02:54,  1.47it/s]
qwen2.5-vl/pope/ricd/coco/popular/seed1:  91%|█████████▏| 2744/3000 [30:39<02:48,  1.52it/s]
qwen2.5-vl/pope/ricd/coco/popular/seed1:  92%|█████████▏| 2745/3000 [30:40<02:45,  1.54it/s]
qwen2.5-vl/pope/ricd/coco/popular/seed1:  92%|█████████▏| 2746/3000 [30:40<02:41,  1.57it/s]
qwen2.5-vl/pope/ricd/coco/popular/seed1:  92%|█████████▏| 2747/3000 [30:41<02:38,  1.59it/s]
qwen2.5-vl/pope/ricd/coco/popular/seed1:  92%|█████████▏| 2748/3000 [30:41<02:37,  1.60it/s]
qwen2.5-vl/pope/ricd/coco/popular/seed1:  92%|█████████▏| 2749/3000 [30:42<02:35,  1.61it/s]
qwen2.5-vl/pope/ricd/coco/popular/seed1:  92%|█████████▏| 2750/3000 [30:43<02:34,  1.62it/s]
qwen2.5-vl/pope/ricd/coco/popular/seed1:  92%|█████████▏| 2751/3000 [30:43<02:33,  1.62it/s]
qwen2.5-vl/pope/ricd/coco/popular/seed1:  92%|█████████▏| 2752/3000 [30:44<02:33,  1.62it/s]
qwen2.5-vl/pope/ricd/coco/popular/seed1:  92%|█████████▏| 2753/3000 [30:44<02:32,  1.62it/s]
qwen2.5-vl/pope/ricd/coco/popular/seed1:  92%|█████████▏| 2754/3000 [30:45<02:30,  1.63it/s]
qwen2.5-vl/pope/ricd/coco/popular/seed1:  92%|█████████▏| 2755/3000 [30:46<02:38,  1.54it/s]
qwen2.5-vl/pope/ricd/coco/popular/seed1:  92%|█████████▏| 2756/3000 [30:47<02:44,  1.49it/s]
qwen2.5-vl/pope/ricd/coco/popular/seed1:  92%|█████████▏| 2757/3000 [30:47<02:47,  1.45it/s]
qwen2.5-vl/pope/ricd/coco/popular/seed1:  92%|█████████▏| 2758/3000 [30:48<02:49,  1.43it/s]
qwen2.5-vl/pope/ricd/coco/popular/seed1:  92%|█████████▏| 2759/3000 [30:49<02:51,  1.41it/s]
qwen2.5-vl/pope/ricd/coco/popular/seed1:  92%|█████████▏| 2760/3000 [30:49<02:51,  1.40it/s]
qwen2.5-vl/pope/ricd/coco/popular/seed1:  92%|█████████▏| 2761/3000 [30:50<02:43,  1.46it/s]
qwen2.5-vl/pope/ricd/coco/popular/seed1:  92%|█████████▏| 2762/3000 [30:51<02:37,  1.51it/s]
qwen2.5-vl/pope/ricd/coco/popular/seed1:  92%|█████████▏| 2763/3000 [30:51<02:33,  1.55it/s]
qwen2.5-vl/pope/ricd/coco/popular/seed1:  92%|█████████▏| 2764/3000 [30:52<02:30,  1.57it/s]
qwen2.5-vl/pope/ricd/coco/popular/seed1:  92%|█████████▏| 2765/3000 [30:52<02:27,  1.59it/s]
qwen2.5-vl/pope/ricd/coco/popular/seed1:  92%|█████████▏| 2766/3000 [30:53<02:25,  1.61it/s]
qwen2.5-vl/pope/ricd/coco/popular/seed1:  92%|█████████▏| 2767/3000 [30:54<02:24,  1.62it/s]
qwen2.5-vl/pope/ricd/coco/popular/seed1:  92%|█████████▏| 2768/3000 [30:54<02:23,  1.62it/s]
qwen2.5-vl/pope/ricd/coco/popular/seed1:  92%|█████████▏| 2769/3000 [30:55<02:22,  1.62it/s]
qwen2.5-vl/pope/ricd/coco/popular/seed1:  92%|█████████▏| 2770/3000 [30:56<02:21,  1.63it/s]
qwen2.5-vl/pope/ricd/coco/popular/seed1:  92%|█████████▏| 2771/3000 [30:56<02:20,  1.63it/s]
qwen2.5-vl/pope/ricd/coco/popular/seed1:  92%|█████████▏| 2772/3000 [30:57<02:20,  1.63it/s]
qwen2.5-vl/pope/ricd/coco/popular/seed1:  92%|█████████▏| 2773/3000 [30:57<02:19,  1.63it/s]
qwen2.5-vl/pope/ricd/coco/popular/seed1:  92%|█████████▏| 2774/3000 [30:58<02:18,  1.63it/s]
qwen2.5-vl/pope/ricd/coco/popular/seed1:  92%|█████████▎| 2775/3000 [30:59<02:17,  1.64it/s]
qwen2.5-vl/pope/ricd/coco/popular/seed1:  93%|█████████▎| 2776/3000 [30:59<02:16,  1.64it/s]
qwen2.5-vl/pope/ricd/coco/popular/seed1:  93%|█████████▎| 2777/3000 [31:00<02:16,  1.64it/s]
qwen2.5-vl/pope/ricd/coco/popular/seed1:  93%|█████████▎| 2778/3000 [31:00<02:15,  1.64it/s]
qwen2.5-vl/pope/ricd/coco/popular/seed1:  93%|█████████▎| 2779/3000 [31:01<02:22,  1.55it/s]
qwen2.5-vl/pope/ricd/coco/popular/seed1:  93%|█████████▎| 2780/3000 [31:02<02:27,  1.49it/s]
qwen2.5-vl/pope/ricd/coco/popular/seed1:  93%|█████████▎| 2781/3000 [31:03<02:30,  1.46it/s]
qwen2.5-vl/pope/ricd/coco/popular/seed1:  93%|█████████▎| 2782/3000 [31:03<02:32,  1.43it/s]
qwen2.5-vl/pope/ricd/coco/popular/seed1:  93%|█████████▎| 2783/3000 [31:04<02:33,  1.41it/s]
qwen2.5-vl/pope/ricd/coco/popular/seed1:  93%|█████████▎| 2784/3000 [31:05<02:33,  1.40it/s]
qwen2.5-vl/pope/ricd/coco/popular/seed1:  93%|█████████▎| 2785/3000 [31:06<02:49,  1.27it/s]
qwen2.5-vl/pope/ricd/coco/popular/seed1:  93%|█████████▎| 2786/3000 [31:07<02:59,  1.19it/s]
qwen2.5-vl/pope/ricd/coco/popular/seed1:  93%|█████████▎| 2787/3000 [31:08<03:05,  1.15it/s]
qwen2.5-vl/pope/ricd/coco/popular/seed1:  93%|█████████▎| 2788/3000 [31:09<03:10,  1.11it/s]
qwen2.5-vl/pope/ricd/coco/popular/seed1:  93%|█████████▎| 2789/3000 [31:10<03:13,  1.09it/s]
qwen2.5-vl/pope/ricd/coco/popular/seed1:  93%|█████████▎| 2790/3000 [31:11<03:18,  1.06it/s]
qwen2.5-vl/pope/ricd/coco/popular/seed1:  93%|█████████▎| 2791/3000 [31:11<02:54,  1.19it/s]
qwen2.5-vl/pope/ricd/coco/popular/seed1:  93%|█████████▎| 2792/3000 [31:12<02:37,  1.32it/s]
qwen2.5-vl/pope/ricd/coco/popular/seed1:  93%|█████████▎| 2793/3000 [31:12<02:25,  1.42it/s]
qwen2.5-vl/pope/ricd/coco/popular/seed1:  93%|█████████▎| 2794/3000 [31:13<02:16,  1.51it/s]
qwen2.5-vl/pope/ricd/coco/popular/seed1:  93%|█████████▎| 2795/3000 [31:13<02:10,  1.58it/s]
qwen2.5-vl/pope/ricd/coco/popular/seed1:  93%|█████████▎| 2796/3000 [31:14<02:05,  1.62it/s]
qwen2.5-vl/pope/ricd/coco/popular/seed1:  93%|█████████▎| 2797/3000 [31:15<02:13,  1.52it/s]
qwen2.5-vl/pope/ricd/coco/popular/seed1:  93%|█████████▎| 2798/3000 [31:16<02:18,  1.46it/s]
qwen2.5-vl/pope/ricd/coco/popular/seed1:  93%|█████████▎| 2799/3000 [31:16<02:21,  1.42it/s]
qwen2.5-vl/pope/ricd/coco/popular/seed1:  93%|█████████▎| 2800/3000 [31:17<02:24,  1.39it/s]
qwen2.5-vl/pope/ricd/coco/popular/seed1:  93%|█████████▎| 2801/3000 [31:18<02:25,  1.37it/s]
qwen2.5-vl/pope/ricd/coco/popular/seed1:  93%|█████████▎| 2802/3000 [31:19<02:25,  1.36it/s]
qwen2.5-vl/pope/ricd/coco/popular/seed1:  93%|█████████▎| 2803/3000 [31:19<02:25,  1.36it/s]
qwen2.5-vl/pope/ricd/coco/popular/seed1:  93%|█████████▎| 2804/3000 [31:20<02:24,  1.36it/s]
qwen2.5-vl/pope/ricd/coco/popular/seed1:  94%|█████████▎| 2805/3000 [31:21<02:24,  1.35it/s]
qwen2.5-vl/pope/ricd/coco/popular/seed1:  94%|█████████▎| 2806/3000 [31:22<02:23,  1.35it/s]
qwen2.5-vl/pope/ricd/coco/popular/seed1:  94%|█████████▎| 2807/3000 [31:22<02:23,  1.35it/s]
qwen2.5-vl/pope/ricd/coco/popular/seed1:  94%|█████████▎| 2808/3000 [31:23<02:22,  1.35it/s]
qwen2.5-vl/pope/ricd/coco/popular/seed1:  94%|█████████▎| 2809/3000 [31:24<02:33,  1.25it/s]
qwen2.5-vl/pope/ricd/coco/popular/seed1:  94%|█████████▎| 2810/3000 [31:25<02:40,  1.18it/s]
qwen2.5-vl/pope/ricd/coco/popular/seed1:  94%|█████████▎| 2811/3000 [31:26<02:43,  1.15it/s]
qwen2.5-vl/pope/ricd/coco/popular/seed1:  94%|█████████▎| 2812/3000 [31:27<02:45,  1.13it/s]
qwen2.5-vl/pope/ricd/coco/popular/seed1:  94%|█████████▍| 2813/3000 [31:28<02:47,  1.12it/s]
qwen2.5-vl/pope/ricd/coco/popular/seed1:  94%|█████████▍| 2814/3000 [31:29<02:47,  1.11it/s]
qwen2.5-vl/pope/ricd/coco/popular/seed1:  94%|█████████▍| 2815/3000 [31:29<02:38,  1.17it/s]
qwen2.5-vl/pope/ricd/coco/popular/seed1:  94%|█████████▍| 2816/3000 [31:30<02:31,  1.21it/s]
qwen2.5-vl/pope/ricd/coco/popular/seed1:  94%|█████████▍| 2817/3000 [31:31<02:26,  1.25it/s]
qwen2.5-vl/pope/ricd/coco/popular/seed1:  94%|█████████▍| 2818/3000 [31:32<02:23,  1.27it/s]
qwen2.5-vl/pope/ricd/coco/popular/seed1:  94%|█████████▍| 2819/3000 [31:32<02:20,  1.29it/s]
qwen2.5-vl/pope/ricd/coco/popular/seed1:  94%|█████████▍| 2820/3000 [31:33<02:18,  1.30it/s]
qwen2.5-vl/pope/ricd/coco/popular/seed1:  94%|█████████▍| 2821/3000 [31:34<02:12,  1.35it/s]
qwen2.5-vl/pope/ricd/coco/popular/seed1:  94%|█████████▍| 2822/3000 [31:34<02:08,  1.39it/s]
qwen2.5-vl/pope/ricd/coco/popular/seed1:  94%|█████████▍| 2823/3000 [31:35<02:04,  1.42it/s]
qwen2.5-vl/pope/ricd/coco/popular/seed1:  94%|█████████▍| 2824/3000 [31:36<02:02,  1.44it/s]
qwen2.5-vl/pope/ricd/coco/popular/seed1:  94%|█████████▍| 2825/3000 [31:36<02:01,  1.44it/s]
qwen2.5-vl/pope/ricd/coco/popular/seed1:  94%|█████████▍| 2826/3000 [31:37<02:01,  1.43it/s]
qwen2.5-vl/pope/ricd/coco/popular/seed1:  94%|█████████▍| 2827/3000 [31:38<01:56,  1.49it/s]
qwen2.5-vl/pope/ricd/coco/popular/seed1:  94%|█████████▍| 2828/3000 [31:38<01:52,  1.53it/s]
qwen2.5-vl/pope/ricd/coco/popular/seed1:  94%|█████████▍| 2829/3000 [31:39<01:50,  1.54it/s]
qwen2.5-vl/pope/ricd/coco/popular/seed1:  94%|█████████▍| 2830/3000 [31:40<01:48,  1.57it/s]
qwen2.5-vl/pope/ricd/coco/popular/seed1:  94%|█████████▍| 2831/3000 [31:40<01:46,  1.59it/s]
qwen2.5-vl/pope/ricd/coco/popular/seed1:  94%|█████████▍| 2832/3000 [31:41<01:44,  1.60it/s]
qwen2.5-vl/pope/ricd/coco/popular/seed1:  94%|█████████▍| 2833/3000 [31:42<01:46,  1.57it/s]
qwen2.5-vl/pope/ricd/coco/popular/seed1:  94%|█████████▍| 2834/3000 [31:42<01:47,  1.54it/s]
qwen2.5-vl/pope/ricd/coco/popular/seed1:  94%|█████████▍| 2835/3000 [31:43<01:48,  1.52it/s]
qwen2.5-vl/pope/ricd/coco/popular/seed1:  95%|█████████▍| 2836/3000 [31:44<01:48,  1.51it/s]
qwen2.5-vl/pope/ricd/coco/popular/seed1:  95%|█████████▍| 2837/3000 [31:44<01:48,  1.50it/s]
qwen2.5-vl/pope/ricd/coco/popular/seed1:  95%|█████████▍| 2838/3000 [31:45<01:48,  1.50it/s]
qwen2.5-vl/pope/ricd/coco/popular/seed1:  95%|█████████▍| 2839/3000 [31:46<01:50,  1.46it/s]
qwen2.5-vl/pope/ricd/coco/popular/seed1:  95%|█████████▍| 2840/3000 [31:46<01:51,  1.43it/s]
qwen2.5-vl/pope/ricd/coco/popular/seed1:  95%|█████████▍| 2841/3000 [31:47<01:52,  1.42it/s]
qwen2.5-vl/pope/ricd/coco/popular/seed1:  95%|█████████▍| 2842/3000 [31:48<01:52,  1.41it/s]
qwen2.5-vl/pope/ricd/coco/popular/seed1:  95%|█████████▍| 2843/3000 [31:49<01:54,  1.38it/s]
qwen2.5-vl/pope/ricd/coco/popular/seed1:  95%|█████████▍| 2844/3000 [31:49<01:54,  1.37it/s]
qwen2.5-vl/pope/ricd/coco/popular/seed1:  95%|█████████▍| 2845/3000 [31:50<01:49,  1.42it/s]
qwen2.5-vl/pope/ricd/coco/popular/seed1:  95%|█████████▍| 2846/3000 [31:51<01:44,  1.47it/s]
qwen2.5-vl/pope/ricd/coco/popular/seed1:  95%|█████████▍| 2847/3000 [31:51<01:41,  1.51it/s]
qwen2.5-vl/pope/ricd/coco/popular/seed1:  95%|█████████▍| 2848/3000 [31:52<01:38,  1.54it/s]
qwen2.5-vl/pope/ricd/coco/popular/seed1:  95%|█████████▍| 2849/3000 [31:52<01:36,  1.57it/s]
qwen2.5-vl/pope/ricd/coco/popular/seed1:  95%|█████████▌| 2850/3000 [31:53<01:36,  1.56it/s]
qwen2.5-vl/pope/ricd/coco/popular/seed1:  95%|█████████▌| 2851/3000 [31:54<01:35,  1.55it/s]
qwen2.5-vl/pope/ricd/coco/popular/seed1:  95%|█████████▌| 2852/3000 [31:54<01:35,  1.55it/s]
qwen2.5-vl/pope/ricd/coco/popular/seed1:  95%|█████████▌| 2853/3000 [31:55<01:34,  1.55it/s]
qwen2.5-vl/pope/ricd/coco/popular/seed1:  95%|█████████▌| 2854/3000 [31:56<01:34,  1.55it/s]
qwen2.5-vl/pope/ricd/coco/popular/seed1:  95%|█████████▌| 2855/3000 [31:56<01:33,  1.56it/s]
qwen2.5-vl/pope/ricd/coco/popular/seed1:  95%|█████████▌| 2856/3000 [31:57<01:32,  1.56it/s]
qwen2.5-vl/pope/ricd/coco/popular/seed1:  95%|█████████▌| 2857/3000 [31:58<01:35,  1.49it/s]
qwen2.5-vl/pope/ricd/coco/popular/seed1:  95%|█████████▌| 2858/3000 [31:58<01:37,  1.46it/s]
qwen2.5-vl/pope/ricd/coco/popular/seed1:  95%|█████████▌| 2859/3000 [31:59<01:38,  1.43it/s]
qwen2.5-vl/pope/ricd/coco/popular/seed1:  95%|█████████▌| 2860/3000 [32:00<01:39,  1.41it/s]
qwen2.5-vl/pope/ricd/coco/popular/seed1:  95%|█████████▌| 2861/3000 [32:01<01:39,  1.40it/s]
qwen2.5-vl/pope/ricd/coco/popular/seed1:  95%|█████████▌| 2862/3000 [32:01<01:39,  1.39it/s]
qwen2.5-vl/pope/ricd/coco/popular/seed1:  95%|█████████▌| 2863/3000 [32:02<01:32,  1.49it/s]
qwen2.5-vl/pope/ricd/coco/popular/seed1:  95%|█████████▌| 2864/3000 [32:02<01:27,  1.56it/s]
qwen2.5-vl/pope/ricd/coco/popular/seed1:  96%|█████████▌| 2865/3000 [32:03<01:23,  1.62it/s]
qwen2.5-vl/pope/ricd/coco/popular/seed1:  96%|█████████▌| 2866/3000 [32:04<01:20,  1.66it/s]
qwen2.5-vl/pope/ricd/coco/popular/seed1:  96%|█████████▌| 2867/3000 [32:04<01:18,  1.69it/s]
qwen2.5-vl/pope/ricd/coco/popular/seed1:  96%|█████████▌| 2868/3000 [32:05<01:17,  1.71it/s]
qwen2.5-vl/pope/ricd/coco/popular/seed1:  96%|█████████▌| 2869/3000 [32:05<01:22,  1.60it/s]
qwen2.5-vl/pope/ricd/coco/popular/seed1:  96%|█████████▌| 2870/3000 [32:06<01:25,  1.52it/s]
qwen2.5-vl/pope/ricd/coco/popular/seed1:  96%|█████████▌| 2871/3000 [32:07<01:27,  1.47it/s]
qwen2.5-vl/pope/ricd/coco/popular/seed1:  96%|█████████▌| 2872/3000 [32:08<01:29,  1.44it/s]
qwen2.5-vl/pope/ricd/coco/popular/seed1:  96%|█████████▌| 2873/3000 [32:08<01:29,  1.41it/s]
qwen2.5-vl/pope/ricd/coco/popular/seed1:  96%|█████████▌| 2874/3000 [32:09<01:29,  1.40it/s]
qwen2.5-vl/pope/ricd/coco/popular/seed1:  96%|█████████▌| 2875/3000 [32:10<01:25,  1.47it/s]
qwen2.5-vl/pope/ricd/coco/popular/seed1:  96%|█████████▌| 2876/3000 [32:10<01:21,  1.51it/s]
qwen2.5-vl/pope/ricd/coco/popular/seed1:  96%|█████████▌| 2877/3000 [32:11<01:19,  1.55it/s]
qwen2.5-vl/pope/ricd/coco/popular/seed1:  96%|█████████▌| 2878/3000 [32:12<01:17,  1.58it/s]
qwen2.5-vl/pope/ricd/coco/popular/seed1:  96%|█████████▌| 2879/3000 [32:12<01:15,  1.60it/s]
qwen2.5-vl/pope/ricd/coco/popular/seed1:  96%|█████████▌| 2880/3000 [32:13<01:14,  1.61it/s]
qwen2.5-vl/pope/ricd/coco/popular/seed1:  96%|█████████▌| 2881/3000 [32:13<01:13,  1.62it/s]
qwen2.5-vl/pope/ricd/coco/popular/seed1:  96%|█████████▌| 2882/3000 [32:14<01:12,  1.62it/s]
qwen2.5-vl/pope/ricd/coco/popular/seed1:  96%|█████████▌| 2883/3000 [32:15<01:11,  1.63it/s]
qwen2.5-vl/pope/ricd/coco/popular/seed1:  96%|█████████▌| 2884/3000 [32:15<01:11,  1.63it/s]
qwen2.5-vl/pope/ricd/coco/popular/seed1:  96%|█████████▌| 2885/3000 [32:16<01:11,  1.62it/s]
qwen2.5-vl/pope/ricd/coco/popular/seed1:  96%|█████████▌| 2886/3000 [32:16<01:10,  1.62it/s]
qwen2.5-vl/pope/ricd/coco/popular/seed1:  96%|█████████▌| 2887/3000 [32:17<01:09,  1.63it/s]
qwen2.5-vl/pope/ricd/coco/popular/seed1:  96%|█████████▋| 2888/3000 [32:18<01:08,  1.63it/s]
qwen2.5-vl/pope/ricd/coco/popular/seed1:  96%|█████████▋| 2889/3000 [32:18<01:07,  1.63it/s]
qwen2.5-vl/pope/ricd/coco/popular/seed1:  96%|█████████▋| 2890/3000 [32:19<01:07,  1.64it/s]
qwen2.5-vl/pope/ricd/coco/popular/seed1:  96%|█████████▋| 2891/3000 [32:19<01:06,  1.63it/s]
qwen2.5-vl/pope/ricd/coco/popular/seed1:  96%|█████████▋| 2892/3000 [32:20<01:06,  1.63it/s]
qwen2.5-vl/pope/ricd/coco/popular/seed1:  96%|█████████▋| 2893/3000 [32:21<01:05,  1.64it/s]
qwen2.5-vl/pope/ricd/coco/popular/seed1:  96%|█████████▋| 2894/3000 [32:21<01:04,  1.63it/s]
qwen2.5-vl/pope/ricd/coco/popular/seed1:  96%|█████████▋| 2895/3000 [32:22<01:04,  1.64it/s]
qwen2.5-vl/pope/ricd/coco/popular/seed1:  97%|█████████▋| 2896/3000 [32:23<01:03,  1.64it/s]
qwen2.5-vl/pope/ricd/coco/popular/seed1:  97%|█████████▋| 2897/3000 [32:23<01:02,  1.64it/s]
qwen2.5-vl/pope/ricd/coco/popular/seed1:  97%|█████████▋| 2898/3000 [32:24<01:02,  1.64it/s]
qwen2.5-vl/pope/ricd/coco/popular/seed1:  97%|█████████▋| 2899/3000 [32:24<01:01,  1.64it/s]
qwen2.5-vl/pope/ricd/coco/popular/seed1:  97%|█████████▋| 2900/3000 [32:25<01:01,  1.64it/s]
qwen2.5-vl/pope/ricd/coco/popular/seed1:  97%|█████████▋| 2901/3000 [32:26<01:00,  1.63it/s]
qwen2.5-vl/pope/ricd/coco/popular/seed1:  97%|█████████▋| 2902/3000 [32:26<00:59,  1.64it/s]
qwen2.5-vl/pope/ricd/coco/popular/seed1:  97%|█████████▋| 2903/3000 [32:27<00:59,  1.64it/s]
qwen2.5-vl/pope/ricd/coco/popular/seed1:  97%|█████████▋| 2904/3000 [32:27<00:58,  1.64it/s]
qwen2.5-vl/pope/ricd/coco/popular/seed1:  97%|█████████▋| 2905/3000 [32:28<00:56,  1.67it/s]
qwen2.5-vl/pope/ricd/coco/popular/seed1:  97%|█████████▋| 2906/3000 [32:29<00:55,  1.70it/s]
qwen2.5-vl/pope/ricd/coco/popular/seed1:  97%|█████████▋| 2907/3000 [32:29<00:54,  1.72it/s]
qwen2.5-vl/pope/ricd/coco/popular/seed1:  97%|█████████▋| 2908/3000 [32:30<00:53,  1.73it/s]
qwen2.5-vl/pope/ricd/coco/popular/seed1:  97%|█████████▋| 2909/3000 [32:30<00:52,  1.74it/s]
qwen2.5-vl/pope/ricd/coco/popular/seed1:  97%|█████████▋| 2910/3000 [32:31<00:51,  1.75it/s]
qwen2.5-vl/pope/ricd/coco/popular/seed1:  97%|█████████▋| 2911/3000 [32:32<00:55,  1.62it/s]
qwen2.5-vl/pope/ricd/coco/popular/seed1:  97%|█████████▋| 2912/3000 [32:32<00:57,  1.53it/s]
qwen2.5-vl/pope/ricd/coco/popular/seed1:  97%|█████████▋| 2913/3000 [32:33<00:58,  1.48it/s]
qwen2.5-vl/pope/ricd/coco/popular/seed1:  97%|█████████▋| 2914/3000 [32:34<00:59,  1.44it/s]
qwen2.5-vl/pope/ricd/coco/popular/seed1:  97%|█████████▋| 2915/3000 [32:34<01:00,  1.42it/s]
qwen2.5-vl/pope/ricd/coco/popular/seed1:  97%|█████████▋| 2916/3000 [32:35<00:59,  1.40it/s]
qwen2.5-vl/pope/ricd/coco/popular/seed1:  97%|█████████▋| 2917/3000 [32:36<00:56,  1.47it/s]
qwen2.5-vl/pope/ricd/coco/popular/seed1:  97%|█████████▋| 2918/3000 [32:36<00:54,  1.51it/s]
qwen2.5-vl/pope/ricd/coco/popular/seed1:  97%|█████████▋| 2919/3000 [32:37<00:52,  1.55it/s]
qwen2.5-vl/pope/ricd/coco/popular/seed1:  97%|█████████▋| 2920/3000 [32:38<00:50,  1.58it/s]
qwen2.5-vl/pope/ricd/coco/popular/seed1:  97%|█████████▋| 2921/3000 [32:38<00:49,  1.60it/s]
qwen2.5-vl/pope/ricd/coco/popular/seed1:  97%|█████████▋| 2922/3000 [32:39<00:48,  1.61it/s]
qwen2.5-vl/pope/ricd/coco/popular/seed1:  97%|█████████▋| 2923/3000 [32:39<00:47,  1.62it/s]
qwen2.5-vl/pope/ricd/coco/popular/seed1:  97%|█████████▋| 2924/3000 [32:40<00:46,  1.63it/s]
qwen2.5-vl/pope/ricd/coco/popular/seed1:  98%|█████████▊| 2925/3000 [32:41<00:45,  1.63it/s]
qwen2.5-vl/pope/ricd/coco/popular/seed1:  98%|█████████▊| 2926/3000 [32:41<00:45,  1.64it/s]
qwen2.5-vl/pope/ricd/coco/popular/seed1:  98%|█████████▊| 2927/3000 [32:42<00:44,  1.64it/s]
qwen2.5-vl/pope/ricd/coco/popular/seed1:  98%|█████████▊| 2928/3000 [32:42<00:43,  1.64it/s]
qwen2.5-vl/pope/ricd/coco/popular/seed1:  98%|█████████▊| 2929/3000 [32:43<00:42,  1.67it/s]
qwen2.5-vl/pope/ricd/coco/popular/seed1:  98%|█████████▊| 2930/3000 [32:44<00:41,  1.70it/s]
qwen2.5-vl/pope/ricd/coco/popular/seed1:  98%|█████████▊| 2931/3000 [32:44<00:40,  1.72it/s]
qwen2.5-vl/pope/ricd/coco/popular/seed1:  98%|█████████▊| 2932/3000 [32:45<00:39,  1.73it/s]
qwen2.5-vl/pope/ricd/coco/popular/seed1:  98%|█████████▊| 2933/3000 [32:45<00:38,  1.74it/s]
qwen2.5-vl/pope/ricd/coco/popular/seed1:  98%|█████████▊| 2934/3000 [32:46<00:37,  1.75it/s]
qwen2.5-vl/pope/ricd/coco/popular/seed1:  98%|█████████▊| 2935/3000 [32:47<00:40,  1.61it/s]
qwen2.5-vl/pope/ricd/coco/popular/seed1:  98%|█████████▊| 2936/3000 [32:47<00:41,  1.53it/s]
qwen2.5-vl/pope/ricd/coco/popular/seed1:  98%|█████████▊| 2937/3000 [32:48<00:42,  1.48it/s]
qwen2.5-vl/pope/ricd/coco/popular/seed1:  98%|█████████▊| 2938/3000 [32:49<00:42,  1.45it/s]
qwen2.5-vl/pope/ricd/coco/popular/seed1:  98%|█████████▊| 2939/3000 [32:50<00:43,  1.42it/s]
qwen2.5-vl/pope/ricd/coco/popular/seed1:  98%|█████████▊| 2940/3000 [32:50<00:42,  1.40it/s]
qwen2.5-vl/pope/ricd/coco/popular/seed1:  98%|█████████▊| 2941/3000 [32:51<00:42,  1.40it/s]
qwen2.5-vl/pope/ricd/coco/popular/seed1:  98%|█████████▊| 2942/3000 [32:52<00:41,  1.39it/s]
qwen2.5-vl/pope/ricd/coco/popular/seed1:  98%|█████████▊| 2943/3000 [32:52<00:41,  1.38it/s]
qwen2.5-vl/pope/ricd/coco/popular/seed1:  98%|█████████▊| 2944/3000 [32:53<00:40,  1.38it/s]
qwen2.5-vl/pope/ricd/coco/popular/seed1:  98%|█████████▊| 2945/3000 [32:54<00:39,  1.38it/s]
qwen2.5-vl/pope/ricd/coco/popular/seed1:  98%|█████████▊| 2946/3000 [32:55<00:39,  1.38it/s]
qwen2.5-vl/pope/ricd/coco/popular/seed1:  98%|█████████▊| 2947/3000 [32:55<00:36,  1.45it/s]
qwen2.5-vl/pope/ricd/coco/popular/seed1:  98%|█████████▊| 2948/3000 [32:56<00:34,  1.50it/s]
qwen2.5-vl/pope/ricd/coco/popular/seed1:  98%|█████████▊| 2949/3000 [32:56<00:33,  1.53it/s]
qwen2.5-vl/pope/ricd/coco/popular/seed1:  98%|█████████▊| 2950/3000 [32:57<00:32,  1.56it/s]
qwen2.5-vl/pope/ricd/coco/popular/seed1:  98%|█████████▊| 2951/3000 [32:58<00:30,  1.58it/s]
qwen2.5-vl/pope/ricd/coco/popular/seed1:  98%|█████████▊| 2952/3000 [32:58<00:30,  1.60it/s]
qwen2.5-vl/pope/ricd/coco/popular/seed1:  98%|█████████▊| 2953/3000 [32:59<00:29,  1.61it/s]
qwen2.5-vl/pope/ricd/coco/popular/seed1:  98%|█████████▊| 2954/3000 [33:00<00:28,  1.62it/s]
qwen2.5-vl/pope/ricd/coco/popular/seed1:  98%|█████████▊| 2955/3000 [33:00<00:27,  1.62it/s]
qwen2.5-vl/pope/ricd/coco/popular/seed1:  99%|█████████▊| 2956/3000 [33:01<00:27,  1.63it/s]
qwen2.5-vl/pope/ricd/coco/popular/seed1:  99%|█████████▊| 2957/3000 [33:01<00:26,  1.63it/s]
qwen2.5-vl/pope/ricd/coco/popular/seed1:  99%|█████████▊| 2958/3000 [33:02<00:25,  1.63it/s]
qwen2.5-vl/pope/ricd/coco/popular/seed1:  99%|█████████▊| 2959/3000 [33:03<00:24,  1.65it/s]
qwen2.5-vl/pope/ricd/coco/popular/seed1:  99%|█████████▊| 2960/3000 [33:03<00:23,  1.68it/s]
qwen2.5-vl/pope/ricd/coco/popular/seed1:  99%|█████████▊| 2961/3000 [33:04<00:22,  1.70it/s]
qwen2.5-vl/pope/ricd/coco/popular/seed1:  99%|█████████▊| 2962/3000 [33:04<00:22,  1.70it/s]
qwen2.5-vl/pope/ricd/coco/popular/seed1:  99%|█████████▉| 2963/3000 [33:05<00:21,  1.71it/s]
qwen2.5-vl/pope/ricd/coco/popular/seed1:  99%|█████████▉| 2964/3000 [33:05<00:20,  1.73it/s]
qwen2.5-vl/pope/ricd/coco/popular/seed1:  99%|█████████▉| 2965/3000 [33:06<00:20,  1.69it/s]
qwen2.5-vl/pope/ricd/coco/popular/seed1:  99%|█████████▉| 2966/3000 [33:07<00:20,  1.67it/s]
qwen2.5-vl/pope/ricd/coco/popular/seed1:  99%|█████████▉| 2967/3000 [33:07<00:19,  1.66it/s]
qwen2.5-vl/pope/ricd/coco/popular/seed1:  99%|█████████▉| 2968/3000 [33:08<00:19,  1.65it/s]
qwen2.5-vl/pope/ricd/coco/popular/seed1:  99%|█████████▉| 2969/3000 [33:09<00:18,  1.64it/s]
qwen2.5-vl/pope/ricd/coco/popular/seed1:  99%|█████████▉| 2970/3000 [33:09<00:18,  1.64it/s]
qwen2.5-vl/pope/ricd/coco/popular/seed1:  99%|█████████▉| 2971/3000 [33:10<00:17,  1.63it/s]
qwen2.5-vl/pope/ricd/coco/popular/seed1:  99%|█████████▉| 2972/3000 [33:10<00:17,  1.63it/s]
qwen2.5-vl/pope/ricd/coco/popular/seed1:  99%|█████████▉| 2973/3000 [33:11<00:16,  1.63it/s]
qwen2.5-vl/pope/ricd/coco/popular/seed1:  99%|█████████▉| 2974/3000 [33:12<00:15,  1.63it/s]
qwen2.5-vl/pope/ricd/coco/popular/seed1:  99%|█████████▉| 2975/3000 [33:12<00:15,  1.63it/s]
qwen2.5-vl/pope/ricd/coco/popular/seed1:  99%|█████████▉| 2976/3000 [33:13<00:14,  1.63it/s]
qwen2.5-vl/pope/ricd/coco/popular/seed1:  99%|█████████▉| 2977/3000 [33:13<00:14,  1.63it/s]
qwen2.5-vl/pope/ricd/coco/popular/seed1:  99%|█████████▉| 2978/3000 [33:14<00:13,  1.63it/s]
qwen2.5-vl/pope/ricd/coco/popular/seed1:  99%|█████████▉| 2979/3000 [33:15<00:12,  1.63it/s]
qwen2.5-vl/pope/ricd/coco/popular/seed1:  99%|█████████▉| 2980/3000 [33:15<00:12,  1.63it/s]
qwen2.5-vl/pope/ricd/coco/popular/seed1:  99%|█████████▉| 2981/3000 [33:16<00:11,  1.63it/s]
qwen2.5-vl/pope/ricd/coco/popular/seed1:  99%|█████████▉| 2982/3000 [33:16<00:11,  1.63it/s]
qwen2.5-vl/pope/ricd/coco/popular/seed1:  99%|█████████▉| 2983/3000 [33:17<00:11,  1.54it/s]
qwen2.5-vl/pope/ricd/coco/popular/seed1:  99%|█████████▉| 2984/3000 [33:18<00:10,  1.48it/s]
qwen2.5-vl/pope/ricd/coco/popular/seed1: 100%|█████████▉| 2985/3000 [33:19<00:10,  1.44it/s]
qwen2.5-vl/pope/ricd/coco/popular/seed1: 100%|█████████▉| 2986/3000 [33:19<00:09,  1.42it/s]
qwen2.5-vl/pope/ricd/coco/popular/seed1: 100%|█████████▉| 2987/3000 [33:20<00:09,  1.40it/s]
qwen2.5-vl/pope/ricd/coco/popular/seed1: 100%|█████████▉| 2988/3000 [33:21<00:08,  1.39it/s]
qwen2.5-vl/pope/ricd/coco/popular/seed1: 100%|█████████▉| 2989/3000 [33:22<00:08,  1.37it/s]
qwen2.5-vl/pope/ricd/coco/popular/seed1: 100%|█████████▉| 2990/3000 [33:22<00:07,  1.36it/s]
qwen2.5-vl/pope/ricd/coco/popular/seed1: 100%|█████████▉| 2991/3000 [33:23<00:06,  1.36it/s]
qwen2.5-vl/pope/ricd/coco/popular/seed1: 100%|█████████▉| 2992/3000 [33:24<00:05,  1.36it/s]
qwen2.5-vl/pope/ricd/coco/popular/seed1: 100%|█████████▉| 2993/3000 [33:25<00:05,  1.35it/s]
qwen2.5-vl/pope/ricd/coco/popular/seed1: 100%|█████████▉| 2994/3000 [33:25<00:04,  1.35it/s]
qwen2.5-vl/pope/ricd/coco/popular/seed1: 100%|█████████▉| 2995/3000 [33:26<00:03,  1.36it/s]
qwen2.5-vl/pope/ricd/coco/popular/seed1: 100%|█████████▉| 2996/3000 [33:27<00:02,  1.36it/s]
qwen2.5-vl/pope/ricd/coco/popular/seed1: 100%|█████████▉| 2997/3000 [33:28<00:02,  1.36it/s]
qwen2.5-vl/pope/ricd/coco/popular/seed1: 100%|█████████▉| 2998/3000 [33:28<00:01,  1.36it/s]
qwen2.5-vl/pope/ricd/coco/popular/seed1: 100%|█████████▉| 2999/3000 [33:29<00:00,  1.36it/s]
qwen2.5-vl/pope/ricd/coco/popular/seed1: 100%|██████████| 3000/3000 [33:30<00:00,  1.36it/s]
qwen2.5-vl/pope/ricd/coco/popular/seed1: 100%|██████████| 3000/3000 [33:30<00:00,  1.49it/s]
{
  "protocol_version": "qwen2.5-vl-ricd-clean-random-lambda-l15-v1",
  "benchmark": "pope",
  "model": "qwen2.5-vl",
  "method": "ricd",
  "dataset": "coco",
  "setting": "popular",
  "seed": 1,
  "generation": {
    "do_sample": false,
    "temperature": 1.0,
    "top_p": 1.0,
    "top_k": null,
    "max_new_tokens": 32,
    "use_cache": false
  },
  "ricd": {
    "lambda_l": 1.5,
    "lambda_s": 1.0,
    "tau_l": 1.0,
    "tau_v": 1.0,
    "top_k_proxy": 10,
    "apc_mode": "relative_max",
    "theta_apc": 0.3,
    "selection_status": "predeclared_clean_lambda_l_sweep_l15"
  },
  "metrics": {
    "agla_official_compatible": {
      "total": 3000,
      "correct": 2609,
      "tp": 1154,
      "fp": 45,
      "tn": 1455,
      "fn": 346,
      "unknown_predictions": 0,
      "ambiguous_contains_both": 0,
      "accuracy": 86.96666666666667,
      "precision": 96.24687239366139,
      "recall": 76.93333333333334,
      "f1": 85.51315301963692,
      "yes_ratio": 39.96666666666667
    },
    "strict_first_token": {
      "total": 3000,
      "correct": 2609,
      "tp": 1154,
      "fp": 45,
      "tn": 1455,
      "fn": 346,
      "unknown_predictions": 0,
      "ambiguous_contains_both": 0,
      "accuracy": 86.96666666666667,
      "precision": 96.24687239366139,
      "recall": 76.93333333333334,
      "f1": 85.51315301963692,
      "yes_ratio": 39.96666666666667
    }
  }
}
[2026-08-26 00:04:12] DONE Qwen RiCD fixed l15 coco popular
[2026-08-26 00:04:12] START Qwen RiCD fixed l15 aokvqa popular
{
  "protocol_version": "qwen2.5-vl-ricd-clean-random-lambda-l15-v1",
  "model": "qwen2.5-vl",
  "benchmark": "pope",
  "method": "ricd",
  "dataset": "aokvqa",
  "setting": "popular",
  "seed": 1,
  "samples": 3000,
  "image_root": "/root/autodl-tmp/CCR-master/data/coco/val2014",
  "completed": 0,
  "job_dir": "/root/autodl-tmp/CCR-master/outputs/qwen2_5_vl_ricd_clean_fixed_l15_popular_v1/qwen2.5-vl/pope/ricd/aokvqa/popular/seed1",
  "config_path": "/root/autodl-tmp/CCR-master/configs/qwen_clean_random_lambda_l_sweep/l15.json",
  "generation": {
    "do_sample": false,
    "temperature": 1.0,
    "top_p": 1.0,
    "top_k": null,
    "max_new_tokens": 32,
    "use_cache": false
  }
}
/root/autodl-tmp/qwen25vl_env/lib/python3.10/site-packages/transformers/utils/hub.py:106: FutureWarning: Using `TRANSFORMERS_CACHE` is deprecated and will be removed in v5 of Transformers. Use `HF_HOME` instead.
  warnings.warn(
/root/miniconda3/lib/python3.10/site-packages/torchvision/datapoints/__init__.py:12: UserWarning: The torchvision.datapoints and torchvision.transforms.v2 namespaces are still Beta. While we do not expect major breaking changes, some APIs may still change according to user feedback. Please submit any feedback you may have in this issue: https://github.com/pytorch/vision/issues/6753, and you can also check out https://github.com/pytorch/vision/issues/7319 to learn more about the APIs that we suspect might involve future changes. You can silence this warning by calling torchvision.disable_beta_transforms_warning().
  warnings.warn(_BETA_TRANSFORMS_WARNING)
/root/miniconda3/lib/python3.10/site-packages/torchvision/transforms/v2/__init__.py:54: UserWarning: The torchvision.datapoints and torchvision.transforms.v2 namespaces are still Beta. While we do not expect major breaking changes, some APIs may still change according to user feedback. Please submit any feedback you may have in this issue: https://github.com/pytorch/vision/issues/6753, and you can also check out https://github.com/pytorch/vision/issues/7319 to learn more about the APIs that we suspect might involve future changes. You can silence this warning by calling torchvision.disable_beta_transforms_warning().
  warnings.warn(_BETA_TRANSFORMS_WARNING)
[Qwen2.5-VL] Loading Qwen/Qwen2.5-VL-7B-Instruct...
  Using Qwen2_5_VLForConditionalGeneration
Using a slow image processor as `use_fast` is unset and a slow processor was saved with this model. `use_fast=True` will be the default behavior in v4.48, even if the model was saved with a slow processor. This will result in minor differences in outputs. You'll still be able to use a slow processor with `use_fast=False`.

Loading checkpoint shards:   0%|          | 0/5 [00:00<?, ?it/s]
Loading checkpoint shards:  20%|██        | 1/5 [00:04<00:17,  4.34s/it]
Loading checkpoint shards:  40%|████      | 2/5 [00:07<00:11,  3.76s/it]
Loading checkpoint shards:  60%|██████    | 3/5 [00:10<00:07,  3.55s/it]
Loading checkpoint shards:  80%|████████  | 4/5 [00:14<00:03,  3.42s/it]
Loading checkpoint shards: 100%|██████████| 5/5 [00:15<00:00,  2.57s/it]
Loading checkpoint shards: 100%|██████████| 5/5 [00:15<00:00,  3.06s/it]
[Qwen2.5-VL] Loaded. vocab=152064

qwen2.5-vl/pope/ricd/aokvqa/popular/seed1:   0%|          | 0/3000 [00:00<?, ?it/s]
qwen2.5-vl/pope/ricd/aokvqa/popular/seed1:   0%|          | 1/3000 [00:01<1:21:38,  1.63s/it]
qwen2.5-vl/pope/ricd/aokvqa/popular/seed1:   0%|          | 2/3000 [00:02<57:23,  1.15s/it]  
qwen2.5-vl/pope/ricd/aokvqa/popular/seed1:   0%|          | 3/3000 [00:03<49:36,  1.01it/s]
qwen2.5-vl/pope/ricd/aokvqa/popular/seed1:   0%|          | 4/3000 [00:04<45:59,  1.09it/s]
qwen2.5-vl/pope/ricd/aokvqa/popular/seed1:   0%|          | 5/3000 [00:04<43:57,  1.14it/s]
qwen2.5-vl/pope/ricd/aokvqa/popular/seed1:   0%|          | 6/3000 [00:05<42:47,  1.17it/s]
qwen2.5-vl/pope/ricd/aokvqa/popular/seed1:   0%|          | 7/3000 [00:06<40:40,  1.23it/s]
qwen2.5-vl/pope/ricd/aokvqa/popular/seed1:   0%|          | 8/3000 [00:07<39:17,  1.27it/s]
qwen2.5-vl/pope/ricd/aokvqa/popular/seed1:   0%|          | 9/3000 [00:07<38:20,  1.30it/s]
qwen2.5-vl/pope/ricd/aokvqa/popular/seed1:   0%|          | 10/3000 [00:08<37:41,  1.32it/s]
qwen2.5-vl/pope/ricd/aokvqa/popular/seed1:   0%|          | 11/3000 [00:09<37:15,  1.34it/s]
qwen2.5-vl/pope/ricd/aokvqa/popular/seed1:   0%|          | 12/3000 [00:10<36:55,  1.35it/s]
qwen2.5-vl/pope/ricd/aokvqa/popular/seed1:   0%|          | 13/3000 [00:10<35:46,  1.39it/s]
qwen2.5-vl/pope/ricd/aokvqa/popular/seed1:   0%|          | 14/3000 [00:11<34:57,  1.42it/s]
qwen2.5-vl/pope/ricd/aokvqa/popular/seed1:   0%|          | 15/3000 [00:12<34:22,  1.45it/s]
qwen2.5-vl/pope/ricd/aokvqa/popular/seed1:   1%|          | 16/3000 [00:12<34:05,  1.46it/s]
qwen2.5-vl/pope/ricd/aokvqa/popular/seed1:   1%|          | 17/3000 [00:13<33:45,  1.47it/s]
qwen2.5-vl/pope/ricd/aokvqa/popular/seed1:   1%|          | 18/3000 [00:14<33:33,  1.48it/s]
qwen2.5-vl/pope/ricd/aokvqa/popular/seed1:   1%|          | 19/3000 [00:14<36:53,  1.35it/s]
qwen2.5-vl/pope/ricd/aokvqa/popular/seed1:   1%|          | 20/3000 [00:15<39:09,  1.27it/s]
qwen2.5-vl/pope/ricd/aokvqa/popular/seed1:   1%|          | 21/3000 [00:16<40:37,  1.22it/s]
qwen2.5-vl/pope/ricd/aokvqa/popular/seed1:   1%|          | 22/3000 [00:17<41:38,  1.19it/s]
qwen2.5-vl/pope/ricd/aokvqa/popular/seed1:   1%|          | 23/3000 [00:18<42:20,  1.17it/s]
qwen2.5-vl/pope/ricd/aokvqa/popular/seed1:   1%|          | 24/3000 [00:19<42:49,  1.16it/s]
qwen2.5-vl/pope/ricd/aokvqa/popular/seed1:   1%|          | 25/3000 [00:20<40:35,  1.22it/s]
qwen2.5-vl/pope/ricd/aokvqa/popular/seed1:   1%|          | 26/3000 [00:20<38:59,  1.27it/s]
qwen2.5-vl/pope/ricd/aokvqa/popular/seed1:   1%|          | 27/3000 [00:21<37:51,  1.31it/s]
qwen2.5-vl/pope/ricd/aokvqa/popular/seed1:   1%|          | 28/3000 [00:22<37:04,  1.34it/s]
qwen2.5-vl/pope/ricd/aokvqa/popular/seed1:   1%|          | 29/3000 [00:22<36:30,  1.36it/s]
qwen2.5-vl/pope/ricd/aokvqa/popular/seed1:   1%|          | 30/3000 [00:23<36:07,  1.37it/s]
qwen2.5-vl/pope/ricd/aokvqa/popular/seed1:   1%|          | 31/3000 [00:24<34:18,  1.44it/s]
qwen2.5-vl/pope/ricd/aokvqa/popular/seed1:   1%|          | 32/3000 [00:24<33:01,  1.50it/s]
qwen2.5-vl/pope/ricd/aokvqa/popular/seed1:   1%|          | 33/3000 [00:25<32:08,  1.54it/s]
qwen2.5-vl/pope/ricd/aokvqa/popular/seed1:   1%|          | 34/3000 [00:26<31:32,  1.57it/s]
qwen2.5-vl/pope/ricd/aokvqa/popular/seed1:   1%|          | 35/3000 [00:26<31:08,  1.59it/s]
qwen2.5-vl/pope/ricd/aokvqa/popular/seed1:   1%|          | 36/3000 [00:27<30:49,  1.60it/s]
qwen2.5-vl/pope/ricd/aokvqa/popular/seed1:   1%|          | 37/3000 [00:28<32:19,  1.53it/s]
qwen2.5-vl/pope/ricd/aokvqa/popular/seed1:   1%|▏         | 38/3000 [00:28<33:25,  1.48it/s]
qwen2.5-vl/pope/ricd/aokvqa/popular/seed1:   1%|▏         | 39/3000 [00:29<34:08,  1.45it/s]
qwen2.5-vl/pope/ricd/aokvqa/popular/seed1:   1%|▏         | 40/3000 [00:30<34:38,  1.42it/s]
qwen2.5-vl/pope/ricd/aokvqa/popular/seed1:   1%|▏         | 41/3000 [00:30<34:59,  1.41it/s]
qwen2.5-vl/pope/ricd/aokvqa/popular/seed1:   1%|▏         | 42/3000 [00:31<35:13,  1.40it/s]
qwen2.5-vl/pope/ricd/aokvqa/popular/seed1:   1%|▏         | 43/3000 [00:32<35:31,  1.39it/s]
qwen2.5-vl/pope/ricd/aokvqa/popular/seed1:   1%|▏         | 44/3000 [00:33<35:38,  1.38it/s]
qwen2.5-vl/pope/ricd/aokvqa/popular/seed1:   2%|▏         | 45/3000 [00:33<35:40,  1.38it/s]
qwen2.5-vl/pope/ricd/aokvqa/popular/seed1:   2%|▏         | 46/3000 [00:34<35:43,  1.38it/s]
qwen2.5-vl/pope/ricd/aokvqa/popular/seed1:   2%|▏         | 47/3000 [00:35<35:44,  1.38it/s]
qwen2.5-vl/pope/ricd/aokvqa/popular/seed1:   2%|▏         | 48/3000 [00:36<35:45,  1.38it/s]
qwen2.5-vl/pope/ricd/aokvqa/popular/seed1:   2%|▏         | 49/3000 [00:36<34:51,  1.41it/s]
qwen2.5-vl/pope/ricd/aokvqa/popular/seed1:   2%|▏         | 50/3000 [00:37<34:14,  1.44it/s]
qwen2.5-vl/pope/ricd/aokvqa/popular/seed1:   2%|▏         | 51/3000 [00:38<33:56,  1.45it/s]
qwen2.5-vl/pope/ricd/aokvqa/popular/seed1:   2%|▏         | 52/3000 [00:38<33:42,  1.46it/s]
qwen2.5-vl/pope/ricd/aokvqa/popular/seed1:   2%|▏         | 53/3000 [00:39<33:32,  1.46it/s]
qwen2.5-vl/pope/ricd/aokvqa/popular/seed1:   2%|▏         | 54/3000 [00:40<33:29,  1.47it/s]
qwen2.5-vl/pope/ricd/aokvqa/popular/seed1:   2%|▏         | 55/3000 [00:40<32:49,  1.50it/s]
qwen2.5-vl/pope/ricd/aokvqa/popular/seed1:   2%|▏         | 56/3000 [00:41<31:59,  1.53it/s]
qwen2.5-vl/pope/ricd/aokvqa/popular/seed1:   2%|▏         | 57/3000 [00:41<31:26,  1.56it/s]
qwen2.5-vl/pope/ricd/aokvqa/popular/seed1:   2%|▏         | 58/3000 [00:42<30:56,  1.58it/s]
qwen2.5-vl/pope/ricd/aokvqa/popular/seed1:   2%|▏         | 59/3000 [00:43<30:37,  1.60it/s]
qwen2.5-vl/pope/ricd/aokvqa/popular/seed1:   2%|▏         | 60/3000 [00:43<30:22,  1.61it/s]
qwen2.5-vl/pope/ricd/aokvqa/popular/seed1:   2%|▏         | 61/3000 [00:44<30:24,  1.61it/s]
qwen2.5-vl/pope/ricd/aokvqa/popular/seed1:   2%|▏         | 62/3000 [00:45<30:12,  1.62it/s]
qwen2.5-vl/pope/ricd/aokvqa/popular/seed1:   2%|▏         | 63/3000 [00:45<30:04,  1.63it/s]
qwen2.5-vl/pope/ricd/aokvqa/popular/seed1:   2%|▏         | 64/3000 [00:46<30:01,  1.63it/s]
qwen2.5-vl/pope/ricd/aokvqa/popular/seed1:   2%|▏         | 65/3000 [00:46<29:56,  1.63it/s]
qwen2.5-vl/pope/ricd/aokvqa/popular/seed1:   2%|▏         | 66/3000 [00:47<29:51,  1.64it/s]
qwen2.5-vl/pope/ricd/aokvqa/popular/seed1:   2%|▏         | 67/3000 [00:48<29:39,  1.65it/s]
qwen2.5-vl/pope/ricd/aokvqa/popular/seed1:   2%|▏         | 68/3000 [00:48<29:42,  1.64it/s]
qwen2.5-vl/pope/ricd/aokvqa/popular/seed1:   2%|▏         | 69/3000 [00:49<29:32,  1.65it/s]
qwen2.5-vl/pope/ricd/aokvqa/popular/seed1:   2%|▏         | 70/3000 [00:49<29:25,  1.66it/s]
qwen2.5-vl/pope/ricd/aokvqa/popular/seed1:   2%|▏         | 71/3000 [00:50<29:20,  1.66it/s]
qwen2.5-vl/pope/ricd/aokvqa/popular/seed1:   2%|▏         | 72/3000 [00:51<29:20,  1.66it/s]
qwen2.5-vl/pope/ricd/aokvqa/popular/seed1:   2%|▏         | 73/3000 [00:51<31:09,  1.57it/s]
qwen2.5-vl/pope/ricd/aokvqa/popular/seed1:   2%|▏         | 74/3000 [00:52<32:23,  1.51it/s]
qwen2.5-vl/pope/ricd/aokvqa/popular/seed1:   2%|▎         | 75/3000 [00:53<33:16,  1.47it/s]
qwen2.5-vl/pope/ricd/aokvqa/popular/seed1:   3%|▎         | 76/3000 [00:53<33:52,  1.44it/s]
qwen2.5-vl/pope/ricd/aokvqa/popular/seed1:   3%|▎         | 77/3000 [00:54<34:24,  1.42it/s]
qwen2.5-vl/pope/ricd/aokvqa/popular/seed1:   3%|▎         | 78/3000 [00:55<34:47,  1.40it/s]
qwen2.5-vl/pope/ricd/aokvqa/popular/seed1:   3%|▎         | 79/3000 [00:56<34:07,  1.43it/s]
qwen2.5-vl/pope/ricd/aokvqa/popular/seed1:   3%|▎         | 80/3000 [00:56<33:50,  1.44it/s]
qwen2.5-vl/pope/ricd/aokvqa/popular/seed1:   3%|▎         | 81/3000 [00:57<33:33,  1.45it/s]
qwen2.5-vl/pope/ricd/aokvqa/popular/seed1:   3%|▎         | 82/3000 [00:58<33:25,  1.45it/s]
qwen2.5-vl/pope/ricd/aokvqa/popular/seed1:   3%|▎         | 83/3000 [00:58<33:18,  1.46it/s]
qwen2.5-vl/pope/ricd/aokvqa/popular/seed1:   3%|▎         | 84/3000 [00:59<33:20,  1.46it/s]
qwen2.5-vl/pope/ricd/aokvqa/popular/seed1:   3%|▎         | 85/3000 [01:00<32:14,  1.51it/s]
qwen2.5-vl/pope/ricd/aokvqa/popular/seed1:   3%|▎         | 86/3000 [01:00<31:31,  1.54it/s]
qwen2.5-vl/pope/ricd/aokvqa/popular/seed1:   3%|▎         | 87/3000 [01:01<30:58,  1.57it/s]
qwen2.5-vl/pope/ricd/aokvqa/popular/seed1:   3%|▎         | 88/3000 [01:01<30:42,  1.58it/s]
qwen2.5-vl/pope/ricd/aokvqa/popular/seed1:   3%|▎         | 89/3000 [01:02<30:24,  1.60it/s]
qwen2.5-vl/pope/ricd/aokvqa/popular/seed1:   3%|▎         | 90/3000 [01:03<30:10,  1.61it/s]
qwen2.5-vl/pope/ricd/aokvqa/popular/seed1:   3%|▎         | 91/3000 [01:03<31:45,  1.53it/s]
qwen2.5-vl/pope/ricd/aokvqa/popular/seed1:   3%|▎         | 92/3000 [01:04<32:51,  1.47it/s]
qwen2.5-vl/pope/ricd/aokvqa/popular/seed1:   3%|▎         | 93/3000 [01:05<33:38,  1.44it/s]
qwen2.5-vl/pope/ricd/aokvqa/popular/seed1:   3%|▎         | 94/3000 [01:06<34:12,  1.42it/s]
qwen2.5-vl/pope/ricd/aokvqa/popular/seed1:   3%|▎         | 95/3000 [01:06<34:37,  1.40it/s]
qwen2.5-vl/pope/ricd/aokvqa/popular/seed1:   3%|▎         | 96/3000 [01:07<34:53,  1.39it/s]
qwen2.5-vl/pope/ricd/aokvqa/popular/seed1:   3%|▎         | 97/3000 [01:08<33:24,  1.45it/s]
qwen2.5-vl/pope/ricd/aokvqa/popular/seed1:   3%|▎         | 98/3000 [01:08<32:25,  1.49it/s]
qwen2.5-vl/pope/ricd/aokvqa/popular/seed1:   3%|▎         | 99/3000 [01:09<31:40,  1.53it/s]
qwen2.5-vl/pope/ricd/aokvqa/popular/seed1:   3%|▎         | 100/3000 [01:10<31:08,  1.55it/s]
qwen2.5-vl/pope/ricd/aokvqa/popular/seed1:   3%|▎         | 101/3000 [01:10<30:49,  1.57it/s]
qwen2.5-vl/pope/ricd/aokvqa/popular/seed1:   3%|▎         | 102/3000 [01:11<31:01,  1.56it/s]
qwen2.5-vl/pope/ricd/aokvqa/popular/seed1:   3%|▎         | 103/3000 [01:11<30:56,  1.56it/s]
qwen2.5-vl/pope/ricd/aokvqa/popular/seed1:   3%|▎         | 104/3000 [01:12<30:57,  1.56it/s]
qwen2.5-vl/pope/ricd/aokvqa/popular/seed1:   4%|▎         | 105/3000 [01:13<30:36,  1.58it/s]
qwen2.5-vl/pope/ricd/aokvqa/popular/seed1:   4%|▎         | 106/3000 [01:13<30:40,  1.57it/s]
qwen2.5-vl/pope/ricd/aokvqa/popular/seed1:   4%|▎         | 107/3000 [01:14<30:47,  1.57it/s]
qwen2.5-vl/pope/ricd/aokvqa/popular/seed1:   4%|▎         | 108/3000 [01:15<30:48,  1.56it/s]
qwen2.5-vl/pope/ricd/aokvqa/popular/seed1:   4%|▎         | 109/3000 [01:15<30:48,  1.56it/s]
qwen2.5-vl/pope/ricd/aokvqa/popular/seed1:   4%|▎         | 110/3000 [01:16<30:23,  1.58it/s]
qwen2.5-vl/pope/ricd/aokvqa/popular/seed1:   4%|▎         | 111/3000 [01:17<30:09,  1.60it/s]
qwen2.5-vl/pope/ricd/aokvqa/popular/seed1:   4%|▎         | 112/3000 [01:17<29:59,  1.61it/s]
qwen2.5-vl/pope/ricd/aokvqa/popular/seed1:   4%|▍         | 113/3000 [01:18<29:47,  1.61it/s]
qwen2.5-vl/pope/ricd/aokvqa/popular/seed1:   4%|▍         | 114/3000 [01:18<29:42,  1.62it/s]
qwen2.5-vl/pope/ricd/aokvqa/popular/seed1:   4%|▍         | 115/3000 [01:19<31:25,  1.53it/s]
qwen2.5-vl/pope/ricd/aokvqa/popular/seed1:   4%|▍         | 116/3000 [01:20<32:31,  1.48it/s]
qwen2.5-vl/pope/ricd/aokvqa/popular/seed1:   4%|▍         | 117/3000 [01:21<33:27,  1.44it/s]
qwen2.5-vl/pope/ricd/aokvqa/popular/seed1:   4%|▍         | 118/3000 [01:21<33:59,  1.41it/s]
qwen2.5-vl/pope/ricd/aokvqa/popular/seed1:   4%|▍         | 119/3000 [01:22<34:36,  1.39it/s]
qwen2.5-vl/pope/ricd/aokvqa/popular/seed1:   4%|▍         | 120/3000 [01:23<34:57,  1.37it/s]
qwen2.5-vl/pope/ricd/aokvqa/popular/seed1:   4%|▍         | 121/3000 [01:24<35:11,  1.36it/s]
qwen2.5-vl/pope/ricd/aokvqa/popular/seed1:   4%|▍         | 122/3000 [01:24<35:18,  1.36it/s]
qwen2.5-vl/pope/ricd/aokvqa/popular/seed1:   4%|▍         | 123/3000 [01:25<35:23,  1.36it/s]
qwen2.5-vl/pope/ricd/aokvqa/popular/seed1:   4%|▍         | 124/3000 [01:26<35:04,  1.37it/s]
qwen2.5-vl/pope/ricd/aokvqa/popular/seed1:   4%|▍         | 125/3000 [01:26<34:51,  1.37it/s]
qwen2.5-vl/pope/ricd/aokvqa/popular/seed1:   4%|▍         | 126/3000 [01:27<34:52,  1.37it/s]
qwen2.5-vl/pope/ricd/aokvqa/popular/seed1:   4%|▍         | 127/3000 [01:28<32:36,  1.47it/s]
qwen2.5-vl/pope/ricd/aokvqa/popular/seed1:   4%|▍         | 128/3000 [01:28<30:59,  1.54it/s]
qwen2.5-vl/pope/ricd/aokvqa/popular/seed1:   4%|▍         | 129/3000 [01:29<29:45,  1.61it/s]
qwen2.5-vl/pope/ricd/aokvqa/popular/seed1:   4%|▍         | 130/3000 [01:29<28:58,  1.65it/s]
qwen2.5-vl/pope/ricd/aokvqa/popular/seed1:   4%|▍         | 131/3000 [01:30<28:22,  1.69it/s]
qwen2.5-vl/pope/ricd/aokvqa/popular/seed1:   4%|▍         | 132/3000 [01:31<27:58,  1.71it/s]
qwen2.5-vl/pope/ricd/aokvqa/popular/seed1:   4%|▍         | 133/3000 [01:31<28:21,  1.69it/s]
qwen2.5-vl/pope/ricd/aokvqa/popular/seed1:   4%|▍         | 134/3000 [01:32<28:39,  1.67it/s]
qwen2.5-vl/pope/ricd/aokvqa/popular/seed1:   4%|▍         | 135/3000 [01:32<28:48,  1.66it/s]
qwen2.5-vl/pope/ricd/aokvqa/popular/seed1:   5%|▍         | 136/3000 [01:33<28:58,  1.65it/s]
qwen2.5-vl/pope/ricd/aokvqa/popular/seed1:   5%|▍         | 137/3000 [01:34<29:03,  1.64it/s]
qwen2.5-vl/pope/ricd/aokvqa/popular/seed1:   5%|▍         | 138/3000 [01:34<29:09,  1.64it/s]
qwen2.5-vl/pope/ricd/aokvqa/popular/seed1:   5%|▍         | 139/3000 [01:35<31:10,  1.53it/s]
qwen2.5-vl/pope/ricd/aokvqa/popular/seed1:   5%|▍         | 140/3000 [01:36<32:21,  1.47it/s]
qwen2.5-vl/pope/ricd/aokvqa/popular/seed1:   5%|▍         | 141/3000 [01:37<33:08,  1.44it/s]
qwen2.5-vl/pope/ricd/aokvqa/popular/seed1:   5%|▍         | 142/3000 [01:37<33:36,  1.42it/s]
qwen2.5-vl/pope/ricd/aokvqa/popular/seed1:   5%|▍         | 143/3000 [01:38<34:03,  1.40it/s]
qwen2.5-vl/pope/ricd/aokvqa/popular/seed1:   5%|▍         | 144/3000 [01:39<34:22,  1.39it/s]
qwen2.5-vl/pope/ricd/aokvqa/popular/seed1:   5%|▍         | 145/3000 [01:39<28:45,  1.65it/s]
qwen2.5-vl/pope/ricd/aokvqa/popular/seed1:   5%|▍         | 146/3000 [01:39<24:48,  1.92it/s]
qwen2.5-vl/pope/ricd/aokvqa/popular/seed1:   5%|▍         | 147/3000 [01:40<21:59,  2.16it/s]
qwen2.5-vl/pope/ricd/aokvqa/popular/seed1:   5%|▍         | 148/3000 [01:40<20:01,  2.37it/s]
qwen2.5-vl/pope/ricd/aokvqa/popular/seed1:   5%|▍         | 149/3000 [01:40<18:38,  2.55it/s]
qwen2.5-vl/pope/ricd/aokvqa/popular/seed1:   5%|▌         | 150/3000 [01:41<17:40,  2.69it/s]
qwen2.5-vl/pope/ricd/aokvqa/popular/seed1:   5%|▌         | 151/3000 [01:41<20:22,  2.33it/s]
qwen2.5-vl/pope/ricd/aokvqa/popular/seed1:   5%|▌         | 152/3000 [01:42<22:15,  2.13it/s]
qwen2.5-vl/pope/ricd/aokvqa/popular/seed1:   5%|▌         | 153/3000 [01:42<23:38,  2.01it/s]
qwen2.5-vl/pope/ricd/aokvqa/popular/seed1:   5%|▌         | 154/3000 [01:43<24:32,  1.93it/s]
qwen2.5-vl/pope/ricd/aokvqa/popular/seed1:   5%|▌         | 155/3000 [01:44<25:10,  1.88it/s]
qwen2.5-vl/pope/ricd/aokvqa/popular/seed1:   5%|▌         | 156/3000 [01:44<25:36,  1.85it/s]
qwen2.5-vl/pope/ricd/aokvqa/popular/seed1:   5%|▌         | 157/3000 [01:45<28:18,  1.67it/s]
qwen2.5-vl/pope/ricd/aokvqa/popular/seed1:   5%|▌         | 158/3000 [01:46<30:08,  1.57it/s]
qwen2.5-vl/pope/ricd/aokvqa/popular/seed1:   5%|▌         | 159/3000 [01:46<31:26,  1.51it/s]
qwen2.5-vl/pope/ricd/aokvqa/popular/seed1:   5%|▌         | 160/3000 [01:47<32:22,  1.46it/s]
qwen2.5-vl/pope/ricd/aokvqa/popular/seed1:   5%|▌         | 161/3000 [01:48<32:58,  1.44it/s]
qwen2.5-vl/pope/ricd/aokvqa/popular/seed1:   5%|▌         | 162/3000 [01:48<33:23,  1.42it/s]
qwen2.5-vl/pope/ricd/aokvqa/popular/seed1:   5%|▌         | 163/3000 [01:49<33:42,  1.40it/s]
qwen2.5-vl/pope/ricd/aokvqa/popular/seed1:   5%|▌         | 164/3000 [01:50<34:20,  1.38it/s]
qwen2.5-vl/pope/ricd/aokvqa/popular/seed1:   6%|▌         | 165/3000 [01:51<34:47,  1.36it/s]
qwen2.5-vl/pope/ricd/aokvqa/popular/seed1:   6%|▌         | 166/3000 [01:51<35:07,  1.34it/s]
qwen2.5-vl/pope/ricd/aokvqa/popular/seed1:   6%|▌         | 167/3000 [01:52<35:03,  1.35it/s]
qwen2.5-vl/pope/ricd/aokvqa/popular/seed1:   6%|▌         | 168/3000 [01:53<34:49,  1.36it/s]
qwen2.5-vl/pope/ricd/aokvqa/popular/seed1:   6%|▌         | 169/3000 [01:54<33:49,  1.40it/s]
qwen2.5-vl/pope/ricd/aokvqa/popular/seed1:   6%|▌         | 170/3000 [01:54<33:05,  1.43it/s]
qwen2.5-vl/pope/ricd/aokvqa/popular/seed1:   6%|▌         | 171/3000 [01:55<32:35,  1.45it/s]
qwen2.5-vl/pope/ricd/aokvqa/popular/seed1:   6%|▌         | 172/3000 [01:56<32:15,  1.46it/s]
qwen2.5-vl/pope/ricd/aokvqa/popular/seed1:   6%|▌         | 173/3000 [01:56<32:00,  1.47it/s]
qwen2.5-vl/pope/ricd/aokvqa/popular/seed1:   6%|▌         | 174/3000 [01:57<31:48,  1.48it/s]
qwen2.5-vl/pope/ricd/aokvqa/popular/seed1:   6%|▌         | 175/3000 [01:58<30:53,  1.52it/s]
qwen2.5-vl/pope/ricd/aokvqa/popular/seed1:   6%|▌         | 176/3000 [01:58<30:12,  1.56it/s]
qwen2.5-vl/pope/ricd/aokvqa/popular/seed1:   6%|▌         | 177/3000 [01:59<29:43,  1.58it/s]
qwen2.5-vl/pope/ricd/aokvqa/popular/seed1:   6%|▌         | 178/3000 [01:59<29:23,  1.60it/s]
qwen2.5-vl/pope/ricd/aokvqa/popular/seed1:   6%|▌         | 179/3000 [02:00<29:09,  1.61it/s]
qwen2.5-vl/pope/ricd/aokvqa/popular/seed1:   6%|▌         | 180/3000 [02:01<28:58,  1.62it/s]
qwen2.5-vl/pope/ricd/aokvqa/popular/seed1:   6%|▌         | 181/3000 [02:01<30:31,  1.54it/s]
qwen2.5-vl/pope/ricd/aokvqa/popular/seed1:   6%|▌         | 182/3000 [02:02<31:37,  1.49it/s]
qwen2.5-vl/pope/ricd/aokvqa/popular/seed1:   6%|▌         | 183/3000 [02:03<32:22,  1.45it/s]
qwen2.5-vl/pope/ricd/aokvqa/popular/seed1:   6%|▌         | 184/3000 [02:03<32:52,  1.43it/s]
qwen2.5-vl/pope/ricd/aokvqa/popular/seed1:   6%|▌         | 185/3000 [02:04<33:18,  1.41it/s]
qwen2.5-vl/pope/ricd/aokvqa/popular/seed1:   6%|▌         | 186/3000 [02:05<33:46,  1.39it/s]
qwen2.5-vl/pope/ricd/aokvqa/popular/seed1:   6%|▌         | 187/3000 [02:06<33:51,  1.38it/s]
qwen2.5-vl/pope/ricd/aokvqa/popular/seed1:   6%|▋         | 188/3000 [02:06<34:03,  1.38it/s]
qwen2.5-vl/pope/ricd/aokvqa/popular/seed1:   6%|▋         | 189/3000 [02:07<34:02,  1.38it/s]
qwen2.5-vl/pope/ricd/aokvqa/popular/seed1:   6%|▋         | 190/3000 [02:08<34:00,  1.38it/s]
qwen2.5-vl/pope/ricd/aokvqa/popular/seed1:   6%|▋         | 191/3000 [02:09<34:02,  1.37it/s]
qwen2.5-vl/pope/ricd/aokvqa/popular/seed1:   6%|▋         | 192/3000 [02:09<34:02,  1.37it/s]
qwen2.5-vl/pope/ricd/aokvqa/popular/seed1:   6%|▋         | 193/3000 [02:10<32:44,  1.43it/s]
qwen2.5-vl/pope/ricd/aokvqa/popular/seed1:   6%|▋         | 194/3000 [02:11<31:38,  1.48it/s]
qwen2.5-vl/pope/ricd/aokvqa/popular/seed1:   6%|▋         | 195/3000 [02:11<30:41,  1.52it/s]
qwen2.5-vl/pope/ricd/aokvqa/popular/seed1:   7%|▋         | 196/3000 [02:12<29:59,  1.56it/s]
qwen2.5-vl/pope/ricd/aokvqa/popular/seed1:   7%|▋         | 197/3000 [02:12<29:33,  1.58it/s]
qwen2.5-vl/pope/ricd/aokvqa/popular/seed1:   7%|▋         | 198/3000 [02:13<29:14,  1.60it/s]
qwen2.5-vl/pope/ricd/aokvqa/popular/seed1:   7%|▋         | 199/3000 [02:14<30:38,  1.52it/s]
qwen2.5-vl/pope/ricd/aokvqa/popular/seed1:   7%|▋         | 200/3000 [02:14<31:36,  1.48it/s]
qwen2.5-vl/pope/ricd/aokvqa/popular/seed1:   7%|▋         | 201/3000 [02:15<32:46,  1.42it/s]
qwen2.5-vl/pope/ricd/aokvqa/popular/seed1:   7%|▋         | 202/3000 [02:16<33:14,  1.40it/s]
qwen2.5-vl/pope/ricd/aokvqa/popular/seed1:   7%|▋         | 203/3000 [02:17<33:27,  1.39it/s]
qwen2.5-vl/pope/ricd/aokvqa/popular/seed1:   7%|▋         | 204/3000 [02:17<33:38,  1.38it/s]
qwen2.5-vl/pope/ricd/aokvqa/popular/seed1:   7%|▋         | 205/3000 [02:18<31:17,  1.49it/s]
qwen2.5-vl/pope/ricd/aokvqa/popular/seed1:   7%|▋         | 206/3000 [02:19<29:38,  1.57it/s]
qwen2.5-vl/pope/ricd/aokvqa/popular/seed1:   7%|▋         | 207/3000 [02:19<28:29,  1.63it/s]
qwen2.5-vl/pope/ricd/aokvqa/popular/seed1:   7%|▋         | 208/3000 [02:20<27:38,  1.68it/s]
qwen2.5-vl/pope/ricd/aokvqa/popular/seed1:   7%|▋         | 209/3000 [02:20<27:02,  1.72it/s]
qwen2.5-vl/pope/ricd/aokvqa/popular/seed1:   7%|▋         | 210/3000 [02:21<26:37,  1.75it/s]
qwen2.5-vl/pope/ricd/aokvqa/popular/seed1:   7%|▋         | 211/3000 [02:21<27:09,  1.71it/s]
qwen2.5-vl/pope/ricd/aokvqa/popular/seed1:   7%|▋         | 212/3000 [02:22<27:31,  1.69it/s]
qwen2.5-vl/pope/ricd/aokvqa/popular/seed1:   7%|▋         | 213/3000 [02:23<27:46,  1.67it/s]
qwen2.5-vl/pope/ricd/aokvqa/popular/seed1:   7%|▋         | 214/3000 [02:23<27:56,  1.66it/s]
qwen2.5-vl/pope/ricd/aokvqa/popular/seed1:   7%|▋         | 215/3000 [02:24<28:04,  1.65it/s]
qwen2.5-vl/pope/ricd/aokvqa/popular/seed1:   7%|▋         | 216/3000 [02:24<28:09,  1.65it/s]
qwen2.5-vl/pope/ricd/aokvqa/popular/seed1:   7%|▋         | 217/3000 [02:25<29:50,  1.55it/s]
qwen2.5-vl/pope/ricd/aokvqa/popular/seed1:   7%|▋         | 218/3000 [02:26<31:01,  1.49it/s]
qwen2.5-vl/pope/ricd/aokvqa/popular/seed1:   7%|▋         | 219/3000 [02:27<31:50,  1.46it/s]
qwen2.5-vl/pope/ricd/aokvqa/popular/seed1:   7%|▋         | 220/3000 [02:27<32:24,  1.43it/s]
qwen2.5-vl/pope/ricd/aokvqa/popular/seed1:   7%|▋         | 221/3000 [02:28<32:53,  1.41it/s]
qwen2.5-vl/pope/ricd/aokvqa/popular/seed1:   7%|▋         | 222/3000 [02:29<33:07,  1.40it/s]
qwen2.5-vl/pope/ricd/aokvqa/popular/seed1:   7%|▋         | 223/3000 [02:30<34:01,  1.36it/s]
qwen2.5-vl/pope/ricd/aokvqa/popular/seed1:   7%|▋         | 224/3000 [02:30<34:39,  1.33it/s]
qwen2.5-vl/pope/ricd/aokvqa/popular/seed1:   8%|▊         | 225/3000 [02:31<35:06,  1.32it/s]
qwen2.5-vl/pope/ricd/aokvqa/popular/seed1:   8%|▊         | 226/3000 [02:32<35:28,  1.30it/s]
qwen2.5-vl/pope/ricd/aokvqa/popular/seed1:   8%|▊         | 227/3000 [02:33<35:46,  1.29it/s]
qwen2.5-vl/pope/ricd/aokvqa/popular/seed1:   8%|▊         | 228/3000 [02:34<35:59,  1.28it/s]
qwen2.5-vl/pope/ricd/aokvqa/popular/seed1:   8%|▊         | 229/3000 [02:34<35:23,  1.30it/s]
qwen2.5-vl/pope/ricd/aokvqa/popular/seed1:   8%|▊         | 230/3000 [02:35<34:58,  1.32it/s]
qwen2.5-vl/pope/ricd/aokvqa/popular/seed1:   8%|▊         | 231/3000 [02:36<34:42,  1.33it/s]
qwen2.5-vl/pope/ricd/aokvqa/popular/seed1:   8%|▊         | 232/3000 [02:36<34:34,  1.33it/s]
qwen2.5-vl/pope/ricd/aokvqa/popular/seed1:   8%|▊         | 233/3000 [02:37<34:24,  1.34it/s]
qwen2.5-vl/pope/ricd/aokvqa/popular/seed1:   8%|▊         | 234/3000 [02:38<34:08,  1.35it/s]
qwen2.5-vl/pope/ricd/aokvqa/popular/seed1:   8%|▊         | 235/3000 [02:39<32:17,  1.43it/s]
qwen2.5-vl/pope/ricd/aokvqa/popular/seed1:   8%|▊         | 236/3000 [02:39<31:05,  1.48it/s]
qwen2.5-vl/pope/ricd/aokvqa/popular/seed1:   8%|▊         | 237/3000 [02:40<30:18,  1.52it/s]
qwen2.5-vl/pope/ricd/aokvqa/popular/seed1:   8%|▊         | 238/3000 [02:40<29:45,  1.55it/s]
qwen2.5-vl/pope/ricd/aokvqa/popular/seed1:   8%|▊         | 239/3000 [02:41<29:23,  1.57it/s]
qwen2.5-vl/pope/ricd/aokvqa/popular/seed1:   8%|▊         | 240/3000 [02:42<29:05,  1.58it/s]
qwen2.5-vl/pope/ricd/aokvqa/popular/seed1:   8%|▊         | 241/3000 [02:42<28:51,  1.59it/s]
qwen2.5-vl/pope/ricd/aokvqa/popular/seed1:   8%|▊         | 242/3000 [02:43<28:45,  1.60it/s]
qwen2.5-vl/pope/ricd/aokvqa/popular/seed1:   8%|▊         | 243/3000 [02:43<28:39,  1.60it/s]
qwen2.5-vl/pope/ricd/aokvqa/popular/seed1:   8%|▊         | 244/3000 [02:44<28:34,  1.61it/s]
qwen2.5-vl/pope/ricd/aokvqa/popular/seed1:   8%|▊         | 245/3000 [02:45<28:33,  1.61it/s]
qwen2.5-vl/pope/ricd/aokvqa/popular/seed1:   8%|▊         | 246/3000 [02:45<28:30,  1.61it/s]
qwen2.5-vl/pope/ricd/aokvqa/popular/seed1:   8%|▊         | 247/3000 [02:46<30:03,  1.53it/s]
qwen2.5-vl/pope/ricd/aokvqa/popular/seed1:   8%|▊         | 248/3000 [02:47<31:07,  1.47it/s]
qwen2.5-vl/pope/ricd/aokvqa/popular/seed1:   8%|▊         | 249/3000 [02:48<31:51,  1.44it/s]
qwen2.5-vl/pope/ricd/aokvqa/popular/seed1:   8%|▊         | 250/3000 [02:48<32:24,  1.41it/s]
qwen2.5-vl/pope/ricd/aokvqa/popular/seed1:   8%|▊         | 251/3000 [02:49<32:44,  1.40it/s]
qwen2.5-vl/pope/ricd/aokvqa/popular/seed1:   8%|▊         | 252/3000 [02:50<33:00,  1.39it/s]
qwen2.5-vl/pope/ricd/aokvqa/popular/seed1:   8%|▊         | 253/3000 [02:50<31:31,  1.45it/s]
qwen2.5-vl/pope/ricd/aokvqa/popular/seed1:   8%|▊         | 254/3000 [02:51<30:32,  1.50it/s]
qwen2.5-vl/pope/ricd/aokvqa/popular/seed1:   8%|▊         | 255/3000 [02:52<29:48,  1.53it/s]
qwen2.5-vl/pope/ricd/aokvqa/popular/seed1:   9%|▊         | 256/3000 [02:52<29:21,  1.56it/s]
qwen2.5-vl/pope/ricd/aokvqa/popular/seed1:   9%|▊         | 257/3000 [02:53<28:57,  1.58it/s]
qwen2.5-vl/pope/ricd/aokvqa/popular/seed1:   9%|▊         | 258/3000 [02:53<28:44,  1.59it/s]
qwen2.5-vl/pope/ricd/aokvqa/popular/seed1:   9%|▊         | 259/3000 [02:54<30:17,  1.51it/s]
qwen2.5-vl/pope/ricd/aokvqa/popular/seed1:   9%|▊         | 260/3000 [02:55<31:17,  1.46it/s]
qwen2.5-vl/pope/ricd/aokvqa/popular/seed1:   9%|▊         | 261/3000 [02:56<31:54,  1.43it/s]
qwen2.5-vl/pope/ricd/aokvqa/popular/seed1:   9%|▊         | 262/3000 [02:56<32:22,  1.41it/s]
qwen2.5-vl/pope/ricd/aokvqa/popular/seed1:   9%|▉         | 263/3000 [02:57<32:44,  1.39it/s]
qwen2.5-vl/pope/ricd/aokvqa/popular/seed1:   9%|▉         | 264/3000 [02:58<33:01,  1.38it/s]
qwen2.5-vl/pope/ricd/aokvqa/popular/seed1:   9%|▉         | 265/3000 [02:58<31:34,  1.44it/s]
qwen2.5-vl/pope/ricd/aokvqa/popular/seed1:   9%|▉         | 266/3000 [02:59<30:26,  1.50it/s]
qwen2.5-vl/pope/ricd/aokvqa/popular/seed1:   9%|▉         | 267/3000 [03:00<29:41,  1.53it/s]
qwen2.5-vl/pope/ricd/aokvqa/popular/seed1:   9%|▉         | 268/3000 [03:00<29:17,  1.55it/s]
qwen2.5-vl/pope/ricd/aokvqa/popular/seed1:   9%|▉         | 269/3000 [03:01<29:08,  1.56it/s]
qwen2.5-vl/pope/ricd/aokvqa/popular/seed1:   9%|▉         | 270/3000 [03:02<28:48,  1.58it/s]
qwen2.5-vl/pope/ricd/aokvqa/popular/seed1:   9%|▉         | 271/3000 [03:02<29:16,  1.55it/s]
qwen2.5-vl/pope/ricd/aokvqa/popular/seed1:   9%|▉         | 272/3000 [03:03<29:35,  1.54it/s]
qwen2.5-vl/pope/ricd/aokvqa/popular/seed1:   9%|▉         | 273/3000 [03:04<29:52,  1.52it/s]
qwen2.5-vl/pope/ricd/aokvqa/popular/seed1:   9%|▉         | 274/3000 [03:04<30:01,  1.51it/s]
qwen2.5-vl/pope/ricd/aokvqa/popular/seed1:   9%|▉         | 275/3000 [03:05<30:19,  1.50it/s]
qwen2.5-vl/pope/ricd/aokvqa/popular/seed1:   9%|▉         | 276/3000 [03:06<30:28,  1.49it/s]
qwen2.5-vl/pope/ricd/aokvqa/popular/seed1:   9%|▉         | 277/3000 [03:06<30:32,  1.49it/s]
qwen2.5-vl/pope/ricd/aokvqa/popular/seed1:   9%|▉         | 278/3000 [03:07<30:36,  1.48it/s]
qwen2.5-vl/pope/ricd/aokvqa/popular/seed1:   9%|▉         | 279/3000 [03:08<30:48,  1.47it/s]
qwen2.5-vl/pope/ricd/aokvqa/popular/seed1:   9%|▉         | 280/3000 [03:08<30:46,  1.47it/s]
qwen2.5-vl/pope/ricd/aokvqa/popular/seed1:   9%|▉         | 281/3000 [03:09<30:38,  1.48it/s]
qwen2.5-vl/pope/ricd/aokvqa/popular/seed1:   9%|▉         | 282/3000 [03:10<30:37,  1.48it/s]
qwen2.5-vl/pope/ricd/aokvqa/popular/seed1:   9%|▉         | 283/3000 [03:10<29:46,  1.52it/s]
qwen2.5-vl/pope/ricd/aokvqa/popular/seed1:   9%|▉         | 284/3000 [03:11<29:09,  1.55it/s]
qwen2.5-vl/pope/ricd/aokvqa/popular/seed1:  10%|▉         | 285/3000 [03:12<28:44,  1.57it/s]
qwen2.5-vl/pope/ricd/aokvqa/popular/seed1:  10%|▉         | 286/3000 [03:12<28:25,  1.59it/s]
qwen2.5-vl/pope/ricd/aokvqa/popular/seed1:  10%|▉         | 287/3000 [03:13<28:22,  1.59it/s]
qwen2.5-vl/pope/ricd/aokvqa/popular/seed1:  10%|▉         | 288/3000 [03:13<28:17,  1.60it/s]
qwen2.5-vl/pope/ricd/aokvqa/popular/seed1:  10%|▉         | 289/3000 [03:14<28:17,  1.60it/s]
qwen2.5-vl/pope/ricd/aokvqa/popular/seed1:  10%|▉         | 290/3000 [03:15<28:28,  1.59it/s]
qwen2.5-vl/pope/ricd/aokvqa/popular/seed1:  10%|▉         | 291/3000 [03:15<28:14,  1.60it/s]
qwen2.5-vl/pope/ricd/aokvqa/popular/seed1:  10%|▉         | 292/3000 [03:16<28:07,  1.60it/s]
qwen2.5-vl/pope/ricd/aokvqa/popular/seed1:  10%|▉         | 293/3000 [03:17<28:07,  1.60it/s]
qwen2.5-vl/pope/ricd/aokvqa/popular/seed1:  10%|▉         | 294/3000 [03:17<28:07,  1.60it/s]
qwen2.5-vl/pope/ricd/aokvqa/popular/seed1:  10%|▉         | 295/3000 [03:18<28:50,  1.56it/s]
qwen2.5-vl/pope/ricd/aokvqa/popular/seed1:  10%|▉         | 296/3000 [03:19<29:22,  1.53it/s]
qwen2.5-vl/pope/ricd/aokvqa/popular/seed1:  10%|▉         | 297/3000 [03:19<29:36,  1.52it/s]
qwen2.5-vl/pope/ricd/aokvqa/popular/seed1:  10%|▉         | 298/3000 [03:20<29:47,  1.51it/s]
qwen2.5-vl/pope/ricd/aokvqa/popular/seed1:  10%|▉         | 299/3000 [03:21<29:54,  1.51it/s]
qwen2.5-vl/pope/ricd/aokvqa/popular/seed1:  10%|█         | 300/3000 [03:21<30:04,  1.50it/s]
qwen2.5-vl/pope/ricd/aokvqa/popular/seed1:  10%|█         | 301/3000 [03:22<29:21,  1.53it/s]
qwen2.5-vl/pope/ricd/aokvqa/popular/seed1:  10%|█         | 302/3000 [03:22<28:55,  1.55it/s]
qwen2.5-vl/pope/ricd/aokvqa/popular/seed1:  10%|█         | 303/3000 [03:23<28:37,  1.57it/s]
qwen2.5-vl/pope/ricd/aokvqa/popular/seed1:  10%|█         | 304/3000 [03:24<28:25,  1.58it/s]
qwen2.5-vl/pope/ricd/aokvqa/popular/seed1:  10%|█         | 305/3000 [03:24<28:16,  1.59it/s]
qwen2.5-vl/pope/ricd/aokvqa/popular/seed1:  10%|█         | 306/3000 [03:25<28:11,  1.59it/s]
qwen2.5-vl/pope/ricd/aokvqa/popular/seed1:  10%|█         | 307/3000 [03:26<29:40,  1.51it/s]
qwen2.5-vl/pope/ricd/aokvqa/popular/seed1:  10%|█         | 308/3000 [03:26<30:33,  1.47it/s]
qwen2.5-vl/pope/ricd/aokvqa/popular/seed1:  10%|█         | 309/3000 [03:27<31:15,  1.44it/s]
qwen2.5-vl/pope/ricd/aokvqa/popular/seed1:  10%|█         | 310/3000 [03:28<31:40,  1.42it/s]
qwen2.5-vl/pope/ricd/aokvqa/popular/seed1:  10%|█         | 311/3000 [03:29<32:00,  1.40it/s]
qwen2.5-vl/pope/ricd/aokvqa/popular/seed1:  10%|█         | 312/3000 [03:29<32:12,  1.39it/s]
qwen2.5-vl/pope/ricd/aokvqa/popular/seed1:  10%|█         | 313/3000 [03:30<31:29,  1.42it/s]
qwen2.5-vl/pope/ricd/aokvqa/popular/seed1:  10%|█         | 314/3000 [03:31<30:58,  1.45it/s]
qwen2.5-vl/pope/ricd/aokvqa/popular/seed1:  10%|█         | 315/3000 [03:31<30:38,  1.46it/s]
qwen2.5-vl/pope/ricd/aokvqa/popular/seed1:  11%|█         | 316/3000 [03:32<30:21,  1.47it/s]
qwen2.5-vl/pope/ricd/aokvqa/popular/seed1:  11%|█         | 317/3000 [03:33<30:10,  1.48it/s]
qwen2.5-vl/pope/ricd/aokvqa/popular/seed1:  11%|█         | 318/3000 [03:33<30:03,  1.49it/s]
qwen2.5-vl/pope/ricd/aokvqa/popular/seed1:  11%|█         | 319/3000 [03:34<30:47,  1.45it/s]
qwen2.5-vl/pope/ricd/aokvqa/popular/seed1:  11%|█         | 320/3000 [03:35<31:46,  1.41it/s]
qwen2.5-vl/pope/ricd/aokvqa/popular/seed1:  11%|█         | 321/3000 [03:36<32:21,  1.38it/s]
qwen2.5-vl/pope/ricd/aokvqa/popular/seed1:  11%|█         | 322/3000 [03:36<32:23,  1.38it/s]
qwen2.5-vl/pope/ricd/aokvqa/popular/seed1:  11%|█         | 323/3000 [03:37<32:26,  1.38it/s]
qwen2.5-vl/pope/ricd/aokvqa/popular/seed1:  11%|█         | 324/3000 [03:38<32:27,  1.37it/s]
qwen2.5-vl/pope/ricd/aokvqa/popular/seed1:  11%|█         | 325/3000 [03:38<30:51,  1.44it/s]
qwen2.5-vl/pope/ricd/aokvqa/popular/seed1:  11%|█         | 326/3000 [03:39<29:44,  1.50it/s]
qwen2.5-vl/pope/ricd/aokvqa/popular/seed1:  11%|█         | 327/3000 [03:40<28:57,  1.54it/s]
qwen2.5-vl/pope/ricd/aokvqa/popular/seed1:  11%|█         | 328/3000 [03:40<28:27,  1.57it/s]
qwen2.5-vl/pope/ricd/aokvqa/popular/seed1:  11%|█         | 329/3000 [03:41<28:02,  1.59it/s]
qwen2.5-vl/pope/ricd/aokvqa/popular/seed1:  11%|█         | 330/3000 [03:41<27:47,  1.60it/s]
qwen2.5-vl/pope/ricd/aokvqa/popular/seed1:  11%|█         | 331/3000 [03:42<27:38,  1.61it/s]
qwen2.5-vl/pope/ricd/aokvqa/popular/seed1:  11%|█         | 332/3000 [03:43<27:28,  1.62it/s]
qwen2.5-vl/pope/ricd/aokvqa/popular/seed1:  11%|█         | 333/3000 [03:43<27:20,  1.63it/s]
qwen2.5-vl/pope/ricd/aokvqa/popular/seed1:  11%|█         | 334/3000 [03:44<27:16,  1.63it/s]
qwen2.5-vl/pope/ricd/aokvqa/popular/seed1:  11%|█         | 335/3000 [03:44<27:18,  1.63it/s]
qwen2.5-vl/pope/ricd/aokvqa/popular/seed1:  11%|█         | 336/3000 [03:45<27:19,  1.62it/s]
qwen2.5-vl/pope/ricd/aokvqa/popular/seed1:  11%|█         | 337/3000 [03:46<27:20,  1.62it/s]
qwen2.5-vl/pope/ricd/aokvqa/popular/seed1:  11%|█▏        | 338/3000 [03:46<27:22,  1.62it/s]
qwen2.5-vl/pope/ricd/aokvqa/popular/seed1:  11%|█▏        | 339/3000 [03:47<27:30,  1.61it/s]
qwen2.5-vl/pope/ricd/aokvqa/popular/seed1:  11%|█▏        | 340/3000 [03:48<27:28,  1.61it/s]
qwen2.5-vl/pope/ricd/aokvqa/popular/seed1:  11%|█▏        | 341/3000 [03:48<27:24,  1.62it/s]
qwen2.5-vl/pope/ricd/aokvqa/popular/seed1:  11%|█▏        | 342/3000 [03:49<27:18,  1.62it/s]
qwen2.5-vl/pope/ricd/aokvqa/popular/seed1:  11%|█▏        | 343/3000 [03:49<27:11,  1.63it/s]
qwen2.5-vl/pope/ricd/aokvqa/popular/seed1:  11%|█▏        | 344/3000 [03:50<27:11,  1.63it/s]
qwen2.5-vl/pope/ricd/aokvqa/popular/seed1:  12%|█▏        | 345/3000 [03:51<27:16,  1.62it/s]
qwen2.5-vl/pope/ricd/aokvqa/popular/seed1:  12%|█▏        | 346/3000 [03:51<27:18,  1.62it/s]
qwen2.5-vl/pope/ricd/aokvqa/popular/seed1:  12%|█▏        | 347/3000 [03:52<27:17,  1.62it/s]
qwen2.5-vl/pope/ricd/aokvqa/popular/seed1:  12%|█▏        | 348/3000 [03:52<27:16,  1.62it/s]
qwen2.5-vl/pope/ricd/aokvqa/popular/seed1:  12%|█▏        | 349/3000 [03:53<27:21,  1.62it/s]
qwen2.5-vl/pope/ricd/aokvqa/popular/seed1:  12%|█▏        | 350/3000 [03:54<27:24,  1.61it/s]
qwen2.5-vl/pope/ricd/aokvqa/popular/seed1:  12%|█▏        | 351/3000 [03:54<27:26,  1.61it/s]
qwen2.5-vl/pope/ricd/aokvqa/popular/seed1:  12%|█▏        | 352/3000 [03:55<27:29,  1.61it/s]
qwen2.5-vl/pope/ricd/aokvqa/popular/seed1:  12%|█▏        | 353/3000 [03:56<27:27,  1.61it/s]
qwen2.5-vl/pope/ricd/aokvqa/popular/seed1:  12%|█▏        | 354/3000 [03:56<27:18,  1.61it/s]
qwen2.5-vl/pope/ricd/aokvqa/popular/seed1:  12%|█▏        | 355/3000 [03:57<27:10,  1.62it/s]
qwen2.5-vl/pope/ricd/aokvqa/popular/seed1:  12%|█▏        | 356/3000 [03:57<27:06,  1.63it/s]
qwen2.5-vl/pope/ricd/aokvqa/popular/seed1:  12%|█▏        | 357/3000 [03:58<27:02,  1.63it/s]
qwen2.5-vl/pope/ricd/aokvqa/popular/seed1:  12%|█▏        | 358/3000 [03:59<26:58,  1.63it/s]
qwen2.5-vl/pope/ricd/aokvqa/popular/seed1:  12%|█▏        | 359/3000 [03:59<26:56,  1.63it/s]
qwen2.5-vl/pope/ricd/aokvqa/popular/seed1:  12%|█▏        | 360/3000 [04:00<26:54,  1.64it/s]
qwen2.5-vl/pope/ricd/aokvqa/popular/seed1:  12%|█▏        | 361/3000 [04:00<26:14,  1.68it/s]
qwen2.5-vl/pope/ricd/aokvqa/popular/seed1:  12%|█▏        | 362/3000 [04:01<25:46,  1.71it/s]
qwen2.5-vl/pope/ricd/aokvqa/popular/seed1:  12%|█▏        | 363/3000 [04:02<25:29,  1.72it/s]
qwen2.5-vl/pope/ricd/aokvqa/popular/seed1:  12%|█▏        | 364/3000 [04:02<25:21,  1.73it/s]
qwen2.5-vl/pope/ricd/aokvqa/popular/seed1:  12%|█▏        | 365/3000 [04:03<25:12,  1.74it/s]
qwen2.5-vl/pope/ricd/aokvqa/popular/seed1:  12%|█▏        | 366/3000 [04:03<25:08,  1.75it/s]
qwen2.5-vl/pope/ricd/aokvqa/popular/seed1:  12%|█▏        | 367/3000 [04:04<25:43,  1.71it/s]
qwen2.5-vl/pope/ricd/aokvqa/popular/seed1:  12%|█▏        | 368/3000 [04:05<26:09,  1.68it/s]
qwen2.5-vl/pope/ricd/aokvqa/popular/seed1:  12%|█▏        | 369/3000 [04:05<26:28,  1.66it/s]
qwen2.5-vl/pope/ricd/aokvqa/popular/seed1:  12%|█▏        | 370/3000 [04:06<26:38,  1.65it/s]
qwen2.5-vl/pope/ricd/aokvqa/popular/seed1:  12%|█▏        | 371/3000 [04:06<26:48,  1.63it/s]
qwen2.5-vl/pope/ricd/aokvqa/popular/seed1:  12%|█▏        | 372/3000 [04:07<26:54,  1.63it/s]
qwen2.5-vl/pope/ricd/aokvqa/popular/seed1:  12%|█▏        | 373/3000 [04:08<26:58,  1.62it/s]
qwen2.5-vl/pope/ricd/aokvqa/popular/seed1:  12%|█▏        | 374/3000 [04:08<26:58,  1.62it/s]
qwen2.5-vl/pope/ricd/aokvqa/popular/seed1:  12%|█▎        | 375/3000 [04:09<26:57,  1.62it/s]
qwen2.5-vl/pope/ricd/aokvqa/popular/seed1:  13%|█▎        | 376/3000 [04:09<26:55,  1.62it/s]
qwen2.5-vl/pope/ricd/aokvqa/popular/seed1:  13%|█▎        | 377/3000 [04:10<26:55,  1.62it/s]
qwen2.5-vl/pope/ricd/aokvqa/popular/seed1:  13%|█▎        | 378/3000 [04:11<26:57,  1.62it/s]
qwen2.5-vl/pope/ricd/aokvqa/popular/seed1:  13%|█▎        | 379/3000 [04:11<27:42,  1.58it/s]
qwen2.5-vl/pope/ricd/aokvqa/popular/seed1:  13%|█▎        | 380/3000 [04:12<28:11,  1.55it/s]
qwen2.5-vl/pope/ricd/aokvqa/popular/seed1:  13%|█▎        | 381/3000 [04:13<28:39,  1.52it/s]
qwen2.5-vl/pope/ricd/aokvqa/popular/seed1:  13%|█▎        | 382/3000 [04:13<28:54,  1.51it/s]
qwen2.5-vl/pope/ricd/aokvqa/popular/seed1:  13%|█▎        | 383/3000 [04:14<29:02,  1.50it/s]
qwen2.5-vl/pope/ricd/aokvqa/popular/seed1:  13%|█▎        | 384/3000 [04:15<29:09,  1.50it/s]
qwen2.5-vl/pope/ricd/aokvqa/popular/seed1:  13%|█▎        | 385/3000 [04:15<30:01,  1.45it/s]
qwen2.5-vl/pope/ricd/aokvqa/popular/seed1:  13%|█▎        | 386/3000 [04:16<30:38,  1.42it/s]
qwen2.5-vl/pope/ricd/aokvqa/popular/seed1:  13%|█▎        | 387/3000 [04:17<31:10,  1.40it/s]
qwen2.5-vl/pope/ricd/aokvqa/popular/seed1:  13%|█▎        | 388/3000 [04:18<31:26,  1.38it/s]
qwen2.5-vl/pope/ricd/aokvqa/popular/seed1:  13%|█▎        | 389/3000 [04:18<31:30,  1.38it/s]
qwen2.5-vl/pope/ricd/aokvqa/popular/seed1:  13%|█▎        | 390/3000 [04:19<31:33,  1.38it/s]
qwen2.5-vl/pope/ricd/aokvqa/popular/seed1:  13%|█▎        | 391/3000 [04:20<30:08,  1.44it/s]
qwen2.5-vl/pope/ricd/aokvqa/popular/seed1:  13%|█▎        | 392/3000 [04:20<29:11,  1.49it/s]
qwen2.5-vl/pope/ricd/aokvqa/popular/seed1:  13%|█▎        | 393/3000 [04:21<28:35,  1.52it/s]
qwen2.5-vl/pope/ricd/aokvqa/popular/seed1:  13%|█▎        | 394/3000 [04:22<28:05,  1.55it/s]
qwen2.5-vl/pope/ricd/aokvqa/popular/seed1:  13%|█▎        | 395/3000 [04:22<27:45,  1.56it/s]
qwen2.5-vl/pope/ricd/aokvqa/popular/seed1:  13%|█▎        | 396/3000 [04:23<27:32,  1.58it/s]
qwen2.5-vl/pope/ricd/aokvqa/popular/seed1:  13%|█▎        | 397/3000 [04:24<28:52,  1.50it/s]
qwen2.5-vl/pope/ricd/aokvqa/popular/seed1:  13%|█▎        | 398/3000 [04:24<29:49,  1.45it/s]
qwen2.5-vl/pope/ricd/aokvqa/popular/seed1:  13%|█▎        | 399/3000 [04:25<30:29,  1.42it/s]
qwen2.5-vl/pope/ricd/aokvqa/popular/seed1:  13%|█▎        | 400/3000 [04:26<30:54,  1.40it/s]
qwen2.5-vl/pope/ricd/aokvqa/popular/seed1:  13%|█▎        | 401/3000 [04:27<31:14,  1.39it/s]
qwen2.5-vl/pope/ricd/aokvqa/popular/seed1:  13%|█▎        | 402/3000 [04:27<31:24,  1.38it/s]
qwen2.5-vl/pope/ricd/aokvqa/popular/seed1:  13%|█▎        | 403/3000 [04:28<27:01,  1.60it/s]
qwen2.5-vl/pope/ricd/aokvqa/popular/seed1:  13%|█▎        | 404/3000 [04:28<23:51,  1.81it/s]
qwen2.5-vl/pope/ricd/aokvqa/popular/seed1:  14%|█▎        | 405/3000 [04:28<21:37,  2.00it/s]
qwen2.5-vl/pope/ricd/aokvqa/popular/seed1:  14%|█▎        | 406/3000 [04:29<20:03,  2.16it/s]
qwen2.5-vl/pope/ricd/aokvqa/popular/seed1:  14%|█▎        | 407/3000 [04:29<18:58,  2.28it/s]
qwen2.5-vl/pope/ricd/aokvqa/popular/seed1:  14%|█▎        | 408/3000 [04:30<18:13,  2.37it/s]
qwen2.5-vl/pope/ricd/aokvqa/popular/seed1:  14%|█▎        | 409/3000 [04:30<20:44,  2.08it/s]
qwen2.5-vl/pope/ricd/aokvqa/popular/seed1:  14%|█▎        | 410/3000 [04:31<22:32,  1.92it/s]
qwen2.5-vl/pope/ricd/aokvqa/popular/seed1:  14%|█▎        | 411/3000 [04:31<23:47,  1.81it/s]
qwen2.5-vl/pope/ricd/aokvqa/popular/seed1:  14%|█▎        | 412/3000 [04:32<24:39,  1.75it/s]
qwen2.5-vl/pope/ricd/aokvqa/popular/seed1:  14%|█▍        | 413/3000 [04:33<25:16,  1.71it/s]
qwen2.5-vl/pope/ricd/aokvqa/popular/seed1:  14%|█▍        | 414/3000 [04:33<25:41,  1.68it/s]
qwen2.5-vl/pope/ricd/aokvqa/popular/seed1:  14%|█▍        | 415/3000 [04:34<25:58,  1.66it/s]
qwen2.5-vl/pope/ricd/aokvqa/popular/seed1:  14%|█▍        | 416/3000 [04:35<26:16,  1.64it/s]
qwen2.5-vl/pope/ricd/aokvqa/popular/seed1:  14%|█▍        | 417/3000 [04:35<26:24,  1.63it/s]
qwen2.5-vl/pope/ricd/aokvqa/popular/seed1:  14%|█▍        | 418/3000 [04:36<26:35,  1.62it/s]
qwen2.5-vl/pope/ricd/aokvqa/popular/seed1:  14%|█▍        | 419/3000 [04:36<26:37,  1.62it/s]
qwen2.5-vl/pope/ricd/aokvqa/popular/seed1:  14%|█▍        | 420/3000 [04:37<26:39,  1.61it/s]
qwen2.5-vl/pope/ricd/aokvqa/popular/seed1:  14%|█▍        | 421/3000 [04:38<26:37,  1.61it/s]
qwen2.5-vl/pope/ricd/aokvqa/popular/seed1:  14%|█▍        | 422/3000 [04:38<26:38,  1.61it/s]
qwen2.5-vl/pope/ricd/aokvqa/popular/seed1:  14%|█▍        | 423/3000 [04:39<26:33,  1.62it/s]
qwen2.5-vl/pope/ricd/aokvqa/popular/seed1:  14%|█▍        | 424/3000 [04:40<26:29,  1.62it/s]
qwen2.5-vl/pope/ricd/aokvqa/popular/seed1:  14%|█▍        | 425/3000 [04:40<26:33,  1.62it/s]
qwen2.5-vl/pope/ricd/aokvqa/popular/seed1:  14%|█▍        | 426/3000 [04:41<26:34,  1.61it/s]
qwen2.5-vl/pope/ricd/aokvqa/popular/seed1:  14%|█▍        | 427/3000 [04:41<26:28,  1.62it/s]
qwen2.5-vl/pope/ricd/aokvqa/popular/seed1:  14%|█▍        | 428/3000 [04:42<26:24,  1.62it/s]
qwen2.5-vl/pope/ricd/aokvqa/popular/seed1:  14%|█▍        | 429/3000 [04:43<26:21,  1.63it/s]
qwen2.5-vl/pope/ricd/aokvqa/popular/seed1:  14%|█▍        | 430/3000 [04:43<26:28,  1.62it/s]
qwen2.5-vl/pope/ricd/aokvqa/popular/seed1:  14%|█▍        | 431/3000 [04:44<26:25,  1.62it/s]
qwen2.5-vl/pope/ricd/aokvqa/popular/seed1:  14%|█▍        | 432/3000 [04:44<26:25,  1.62it/s]
qwen2.5-vl/pope/ricd/aokvqa/popular/seed1:  14%|█▍        | 433/3000 [04:45<22:55,  1.87it/s]
qwen2.5-vl/pope/ricd/aokvqa/popular/seed1:  14%|█▍        | 434/3000 [04:45<20:30,  2.09it/s]
qwen2.5-vl/pope/ricd/aokvqa/popular/seed1:  14%|█▍        | 435/3000 [04:46<18:47,  2.27it/s]
qwen2.5-vl/pope/ricd/aokvqa/popular/seed1:  15%|█▍        | 436/3000 [04:46<17:33,  2.43it/s]
qwen2.5-vl/pope/ricd/aokvqa/popular/seed1:  15%|█▍        | 437/3000 [04:46<16:46,  2.55it/s]
qwen2.5-vl/pope/ricd/aokvqa/popular/seed1:  15%|█▍        | 438/3000 [04:47<16:15,  2.63it/s]
qwen2.5-vl/pope/ricd/aokvqa/popular/seed1:  15%|█▍        | 439/3000 [04:47<20:49,  2.05it/s]
qwen2.5-vl/pope/ricd/aokvqa/popular/seed1:  15%|█▍        | 440/3000 [04:48<23:57,  1.78it/s]
qwen2.5-vl/pope/ricd/aokvqa/popular/seed1:  15%|█▍        | 441/3000 [04:49<26:05,  1.63it/s]
qwen2.5-vl/pope/ricd/aokvqa/popular/seed1:  15%|█▍        | 442/3000 [04:50<27:42,  1.54it/s]
qwen2.5-vl/pope/ricd/aokvqa/popular/seed1:  15%|█▍        | 443/3000 [04:50<28:49,  1.48it/s]
qwen2.5-vl/pope/ricd/aokvqa/popular/seed1:  15%|█▍        | 444/3000 [04:51<29:32,  1.44it/s]
qwen2.5-vl/pope/ricd/aokvqa/popular/seed1:  15%|█▍        | 445/3000 [04:52<28:31,  1.49it/s]
qwen2.5-vl/pope/ricd/aokvqa/popular/seed1:  15%|█▍        | 446/3000 [04:52<27:47,  1.53it/s]
qwen2.5-vl/pope/ricd/aokvqa/popular/seed1:  15%|█▍        | 447/3000 [04:53<27:17,  1.56it/s]
qwen2.5-vl/pope/ricd/aokvqa/popular/seed1:  15%|█▍        | 448/3000 [04:53<26:56,  1.58it/s]
qwen2.5-vl/pope/ricd/aokvqa/popular/seed1:  15%|█▍        | 449/3000 [04:54<26:42,  1.59it/s]
qwen2.5-vl/pope/ricd/aokvqa/popular/seed1:  15%|█▌        | 450/3000 [04:55<26:29,  1.60it/s]
qwen2.5-vl/pope/ricd/aokvqa/popular/seed1:  15%|█▌        | 451/3000 [04:56<30:01,  1.42it/s]
qwen2.5-vl/pope/ricd/aokvqa/popular/seed1:  15%|█▌        | 452/3000 [04:57<32:49,  1.29it/s]
qwen2.5-vl/pope/ricd/aokvqa/popular/seed1:  15%|█▌        | 453/3000 [04:57<34:22,  1.23it/s]
qwen2.5-vl/pope/ricd/aokvqa/popular/seed1:  15%|█▌        | 454/3000 [04:58<35:35,  1.19it/s]
qwen2.5-vl/pope/ricd/aokvqa/popular/seed1:  15%|█▌        | 455/3000 [04:59<36:23,  1.17it/s]
qwen2.5-vl/pope/ricd/aokvqa/popular/seed1:  15%|█▌        | 456/3000 [05:00<36:51,  1.15it/s]
qwen2.5-vl/pope/ricd/aokvqa/popular/seed1:  15%|█▌        | 457/3000 [05:01<38:04,  1.11it/s]
qwen2.5-vl/pope/ricd/aokvqa/popular/seed1:  15%|█▌        | 458/3000 [05:02<38:56,  1.09it/s]
qwen2.5-vl/pope/ricd/aokvqa/popular/seed1:  15%|█▌        | 459/3000 [05:03<39:28,  1.07it/s]
qwen2.5-vl/pope/ricd/aokvqa/popular/seed1:  15%|█▌        | 460/3000 [05:04<39:49,  1.06it/s]
qwen2.5-vl/pope/ricd/aokvqa/popular/seed1:  15%|█▌        | 461/3000 [05:05<40:08,  1.05it/s]
qwen2.5-vl/pope/ricd/aokvqa/popular/seed1:  15%|█▌        | 462/3000 [05:06<40:19,  1.05it/s]
qwen2.5-vl/pope/ricd/aokvqa/popular/seed1:  15%|█▌        | 463/3000 [05:07<37:41,  1.12it/s]
qwen2.5-vl/pope/ricd/aokvqa/popular/seed1:  15%|█▌        | 464/3000 [05:07<35:41,  1.18it/s]
qwen2.5-vl/pope/ricd/aokvqa/popular/seed1:  16%|█▌        | 465/3000 [05:08<34:17,  1.23it/s]
qwen2.5-vl/pope/ricd/aokvqa/popular/seed1:  16%|█▌        | 466/3000 [05:09<33:17,  1.27it/s]
qwen2.5-vl/pope/ricd/aokvqa/popular/seed1:  16%|█▌        | 467/3000 [05:10<32:38,  1.29it/s]
qwen2.5-vl/pope/ricd/aokvqa/popular/seed1:  16%|█▌        | 468/3000 [05:10<32:08,  1.31it/s]
qwen2.5-vl/pope/ricd/aokvqa/popular/seed1:  16%|█▌        | 469/3000 [05:11<33:49,  1.25it/s]
qwen2.5-vl/pope/ricd/aokvqa/popular/seed1:  16%|█▌        | 470/3000 [05:12<34:59,  1.21it/s]
qwen2.5-vl/pope/ricd/aokvqa/popular/seed1:  16%|█▌        | 471/3000 [05:13<35:47,  1.18it/s]
qwen2.5-vl/pope/ricd/aokvqa/popular/seed1:  16%|█▌        | 472/3000 [05:14<36:24,  1.16it/s]
qwen2.5-vl/pope/ricd/aokvqa/popular/seed1:  16%|█▌        | 473/3000 [05:15<36:48,  1.14it/s]
qwen2.5-vl/pope/ricd/aokvqa/popular/seed1:  16%|█▌        | 474/3000 [05:16<37:21,  1.13it/s]
qwen2.5-vl/pope/ricd/aokvqa/popular/seed1:  16%|█▌        | 475/3000 [05:16<34:44,  1.21it/s]
qwen2.5-vl/pope/ricd/aokvqa/popular/seed1:  16%|█▌        | 476/3000 [05:17<32:45,  1.28it/s]
qwen2.5-vl/pope/ricd/aokvqa/popular/seed1:  16%|█▌        | 477/3000 [05:18<31:22,  1.34it/s]
qwen2.5-vl/pope/ricd/aokvqa/popular/seed1:  16%|█▌        | 478/3000 [05:18<30:22,  1.38it/s]
qwen2.5-vl/pope/ricd/aokvqa/popular/seed1:  16%|█▌        | 479/3000 [05:19<29:41,  1.42it/s]
qwen2.5-vl/pope/ricd/aokvqa/popular/seed1:  16%|█▌        | 480/3000 [05:20<29:11,  1.44it/s]
qwen2.5-vl/pope/ricd/aokvqa/popular/seed1:  16%|█▌        | 481/3000 [05:20<27:31,  1.53it/s]
qwen2.5-vl/pope/ricd/aokvqa/popular/seed1:  16%|█▌        | 482/3000 [05:21<26:19,  1.59it/s]
qwen2.5-vl/pope/ricd/aokvqa/popular/seed1:  16%|█▌        | 483/3000 [05:21<25:30,  1.64it/s]
qwen2.5-vl/pope/ricd/aokvqa/popular/seed1:  16%|█▌        | 484/3000 [05:22<24:55,  1.68it/s]
qwen2.5-vl/pope/ricd/aokvqa/popular/seed1:  16%|█▌        | 485/3000 [05:23<24:28,  1.71it/s]
qwen2.5-vl/pope/ricd/aokvqa/popular/seed1:  16%|█▌        | 486/3000 [05:23<24:15,  1.73it/s]
qwen2.5-vl/pope/ricd/aokvqa/popular/seed1:  16%|█▌        | 487/3000 [05:24<26:09,  1.60it/s]
qwen2.5-vl/pope/ricd/aokvqa/popular/seed1:  16%|█▋        | 488/3000 [05:25<27:32,  1.52it/s]
qwen2.5-vl/pope/ricd/aokvqa/popular/seed1:  16%|█▋        | 489/3000 [05:25<28:20,  1.48it/s]
qwen2.5-vl/pope/ricd/aokvqa/popular/seed1:  16%|█▋        | 490/3000 [05:26<28:53,  1.45it/s]
qwen2.5-vl/pope/ricd/aokvqa/popular/seed1:  16%|█▋        | 491/3000 [05:27<29:16,  1.43it/s]
qwen2.5-vl/pope/ricd/aokvqa/popular/seed1:  16%|█▋        | 492/3000 [05:27<29:32,  1.42it/s]
qwen2.5-vl/pope/ricd/aokvqa/popular/seed1:  16%|█▋        | 493/3000 [05:28<29:47,  1.40it/s]
qwen2.5-vl/pope/ricd/aokvqa/popular/seed1:  16%|█▋        | 494/3000 [05:29<29:57,  1.39it/s]
qwen2.5-vl/pope/ricd/aokvqa/popular/seed1:  16%|█▋        | 495/3000 [05:30<30:04,  1.39it/s]
qwen2.5-vl/pope/ricd/aokvqa/popular/seed1:  17%|█▋        | 496/3000 [05:30<30:08,  1.38it/s]
qwen2.5-vl/pope/ricd/aokvqa/popular/seed1:  17%|█▋        | 497/3000 [05:31<30:12,  1.38it/s]
qwen2.5-vl/pope/ricd/aokvqa/popular/seed1:  17%|█▋        | 498/3000 [05:32<30:15,  1.38it/s]
qwen2.5-vl/pope/ricd/aokvqa/popular/seed1:  17%|█▋        | 499/3000 [05:32<28:51,  1.44it/s]
qwen2.5-vl/pope/ricd/aokvqa/popular/seed1:  17%|█▋        | 500/3000 [05:33<27:50,  1.50it/s]
qwen2.5-vl/pope/ricd/aokvqa/popular/seed1:  17%|█▋        | 501/3000 [05:34<27:06,  1.54it/s]
qwen2.5-vl/pope/ricd/aokvqa/popular/seed1:  17%|█▋        | 502/3000 [05:34<26:34,  1.57it/s]
qwen2.5-vl/pope/ricd/aokvqa/popular/seed1:  17%|█▋        | 503/3000 [05:35<26:14,  1.59it/s]
qwen2.5-vl/pope/ricd/aokvqa/popular/seed1:  17%|█▋        | 504/3000 [05:36<26:00,  1.60it/s]
qwen2.5-vl/pope/ricd/aokvqa/popular/seed1:  17%|█▋        | 505/3000 [05:36<25:48,  1.61it/s]
qwen2.5-vl/pope/ricd/aokvqa/popular/seed1:  17%|█▋        | 506/3000 [05:37<25:39,  1.62it/s]
qwen2.5-vl/pope/ricd/aokvqa/popular/seed1:  17%|█▋        | 507/3000 [05:37<25:38,  1.62it/s]
qwen2.5-vl/pope/ricd/aokvqa/popular/seed1:  17%|█▋        | 508/3000 [05:38<25:36,  1.62it/s]
qwen2.5-vl/pope/ricd/aokvqa/popular/seed1:  17%|█▋        | 509/3000 [05:39<25:36,  1.62it/s]
qwen2.5-vl/pope/ricd/aokvqa/popular/seed1:  17%|█▋        | 510/3000 [05:39<25:34,  1.62it/s]
qwen2.5-vl/pope/ricd/aokvqa/popular/seed1:  17%|█▋        | 511/3000 [05:40<25:35,  1.62it/s]
qwen2.5-vl/pope/ricd/aokvqa/popular/seed1:  17%|█▋        | 512/3000 [05:40<25:38,  1.62it/s]
qwen2.5-vl/pope/ricd/aokvqa/popular/seed1:  17%|█▋        | 513/3000 [05:41<25:36,  1.62it/s]
qwen2.5-vl/pope/ricd/aokvqa/popular/seed1:  17%|█▋        | 514/3000 [05:42<25:33,  1.62it/s]
qwen2.5-vl/pope/ricd/aokvqa/popular/seed1:  17%|█▋        | 515/3000 [05:42<25:27,  1.63it/s]
qwen2.5-vl/pope/ricd/aokvqa/popular/seed1:  17%|█▋        | 516/3000 [05:43<25:23,  1.63it/s]
qwen2.5-vl/pope/ricd/aokvqa/popular/seed1:  17%|█▋        | 517/3000 [05:44<27:52,  1.48it/s]
qwen2.5-vl/pope/ricd/aokvqa/popular/seed1:  17%|█▋        | 518/3000 [05:45<29:36,  1.40it/s]
qwen2.5-vl/pope/ricd/aokvqa/popular/seed1:  17%|█▋        | 519/3000 [05:45<30:51,  1.34it/s]
qwen2.5-vl/pope/ricd/aokvqa/popular/seed1:  17%|█▋        | 520/3000 [05:46<31:46,  1.30it/s]
qwen2.5-vl/pope/ricd/aokvqa/popular/seed1:  17%|█▋        | 521/3000 [05:47<32:25,  1.27it/s]
qwen2.5-vl/pope/ricd/aokvqa/popular/seed1:  17%|█▋        | 522/3000 [05:48<32:50,  1.26it/s]
qwen2.5-vl/pope/ricd/aokvqa/popular/seed1:  17%|█▋        | 523/3000 [05:49<32:05,  1.29it/s]
qwen2.5-vl/pope/ricd/aokvqa/popular/seed1:  17%|█▋        | 524/3000 [05:49<31:32,  1.31it/s]
qwen2.5-vl/pope/ricd/aokvqa/popular/seed1:  18%|█▊        | 525/3000 [05:50<31:11,  1.32it/s]
qwen2.5-vl/pope/ricd/aokvqa/popular/seed1:  18%|█▊        | 526/3000 [05:51<31:01,  1.33it/s]
qwen2.5-vl/pope/ricd/aokvqa/popular/seed1:  18%|█▊        | 527/3000 [05:51<30:50,  1.34it/s]
qwen2.5-vl/pope/ricd/aokvqa/popular/seed1:  18%|█▊        | 528/3000 [05:52<30:37,  1.35it/s]
qwen2.5-vl/pope/ricd/aokvqa/popular/seed1:  18%|█▊        | 529/3000 [05:53<30:11,  1.36it/s]
qwen2.5-vl/pope/ricd/aokvqa/popular/seed1:  18%|█▊        | 530/3000 [05:54<29:43,  1.39it/s]
qwen2.5-vl/pope/ricd/aokvqa/popular/seed1:  18%|█▊        | 531/3000 [05:54<29:21,  1.40it/s]
qwen2.5-vl/pope/ricd/aokvqa/popular/seed1:  18%|█▊        | 532/3000 [05:55<29:12,  1.41it/s]
qwen2.5-vl/pope/ricd/aokvqa/popular/seed1:  18%|█▊        | 533/3000 [05:56<29:09,  1.41it/s]
qwen2.5-vl/pope/ricd/aokvqa/popular/seed1:  18%|█▊        | 534/3000 [05:56<29:02,  1.41it/s]
qwen2.5-vl/pope/ricd/aokvqa/popular/seed1:  18%|█▊        | 535/3000 [05:57<27:58,  1.47it/s]
qwen2.5-vl/pope/ricd/aokvqa/popular/seed1:  18%|█▊        | 536/3000 [05:58<27:11,  1.51it/s]
qwen2.5-vl/pope/ricd/aokvqa/popular/seed1:  18%|█▊        | 537/3000 [05:58<26:38,  1.54it/s]
qwen2.5-vl/pope/ricd/aokvqa/popular/seed1:  18%|█▊        | 538/3000 [05:59<26:15,  1.56it/s]
qwen2.5-vl/pope/ricd/aokvqa/popular/seed1:  18%|█▊        | 539/3000 [06:00<25:53,  1.58it/s]
qwen2.5-vl/pope/ricd/aokvqa/popular/seed1:  18%|█▊        | 540/3000 [06:00<25:36,  1.60it/s]
qwen2.5-vl/pope/ricd/aokvqa/popular/seed1:  18%|█▊        | 541/3000 [06:01<26:53,  1.52it/s]
qwen2.5-vl/pope/ricd/aokvqa/popular/seed1:  18%|█▊        | 542/3000 [06:02<27:47,  1.47it/s]
qwen2.5-vl/pope/ricd/aokvqa/popular/seed1:  18%|█▊        | 543/3000 [06:02<28:23,  1.44it/s]
qwen2.5-vl/pope/ricd/aokvqa/popular/seed1:  18%|█▊        | 544/3000 [06:03<28:49,  1.42it/s]
qwen2.5-vl/pope/ricd/aokvqa/popular/seed1:  18%|█▊        | 545/3000 [06:04<29:06,  1.41it/s]
qwen2.5-vl/pope/ricd/aokvqa/popular/seed1:  18%|█▊        | 546/3000 [06:04<29:18,  1.40it/s]
qwen2.5-vl/pope/ricd/aokvqa/popular/seed1:  18%|█▊        | 547/3000 [06:05<29:26,  1.39it/s]
qwen2.5-vl/pope/ricd/aokvqa/popular/seed1:  18%|█▊        | 548/3000 [06:06<29:31,  1.38it/s]
qwen2.5-vl/pope/ricd/aokvqa/popular/seed1:  18%|█▊        | 549/3000 [06:07<29:33,  1.38it/s]
qwen2.5-vl/pope/ricd/aokvqa/popular/seed1:  18%|█▊        | 550/3000 [06:07<29:35,  1.38it/s]
qwen2.5-vl/pope/ricd/aokvqa/popular/seed1:  18%|█▊        | 551/3000 [06:08<29:38,  1.38it/s]
qwen2.5-vl/pope/ricd/aokvqa/popular/seed1:  18%|█▊        | 552/3000 [06:09<29:38,  1.38it/s]
qwen2.5-vl/pope/ricd/aokvqa/popular/seed1:  18%|█▊        | 553/3000 [06:10<29:40,  1.37it/s]
qwen2.5-vl/pope/ricd/aokvqa/popular/seed1:  18%|█▊        | 554/3000 [06:10<29:42,  1.37it/s]
qwen2.5-vl/pope/ricd/aokvqa/popular/seed1:  18%|█▊        | 555/3000 [06:11<29:45,  1.37it/s]
qwen2.5-vl/pope/ricd/aokvqa/popular/seed1:  19%|█▊        | 556/3000 [06:12<29:50,  1.36it/s]
qwen2.5-vl/pope/ricd/aokvqa/popular/seed1:  19%|█▊        | 557/3000 [06:13<29:59,  1.36it/s]
qwen2.5-vl/pope/ricd/aokvqa/popular/seed1:  19%|█▊        | 558/3000 [06:13<29:59,  1.36it/s]
qwen2.5-vl/pope/ricd/aokvqa/popular/seed1:  19%|█▊        | 559/3000 [06:14<29:51,  1.36it/s]
qwen2.5-vl/pope/ricd/aokvqa/popular/seed1:  19%|█▊        | 560/3000 [06:15<29:48,  1.36it/s]
qwen2.5-vl/pope/ricd/aokvqa/popular/seed1:  19%|█▊        | 561/3000 [06:15<29:43,  1.37it/s]
qwen2.5-vl/pope/ricd/aokvqa/popular/seed1:  19%|█▊        | 562/3000 [06:16<29:48,  1.36it/s]
qwen2.5-vl/pope/ricd/aokvqa/popular/seed1:  19%|█▉        | 563/3000 [06:17<30:00,  1.35it/s]
qwen2.5-vl/pope/ricd/aokvqa/popular/seed1:  19%|█▉        | 564/3000 [06:18<29:59,  1.35it/s]
qwen2.5-vl/pope/ricd/aokvqa/popular/seed1:  19%|█▉        | 565/3000 [06:18<29:59,  1.35it/s]
qwen2.5-vl/pope/ricd/aokvqa/popular/seed1:  19%|█▉        | 566/3000 [06:19<30:00,  1.35it/s]
qwen2.5-vl/pope/ricd/aokvqa/popular/seed1:  19%|█▉        | 567/3000 [06:20<29:58,  1.35it/s]
qwen2.5-vl/pope/ricd/aokvqa/popular/seed1:  19%|█▉        | 568/3000 [06:21<30:02,  1.35it/s]
qwen2.5-vl/pope/ricd/aokvqa/popular/seed1:  19%|█▉        | 569/3000 [06:21<29:59,  1.35it/s]
qwen2.5-vl/pope/ricd/aokvqa/popular/seed1:  19%|█▉        | 570/3000 [06:22<29:59,  1.35it/s]
qwen2.5-vl/pope/ricd/aokvqa/popular/seed1:  19%|█▉        | 571/3000 [06:23<28:27,  1.42it/s]
qwen2.5-vl/pope/ricd/aokvqa/popular/seed1:  19%|█▉        | 572/3000 [06:23<27:24,  1.48it/s]
qwen2.5-vl/pope/ricd/aokvqa/popular/seed1:  19%|█▉        | 573/3000 [06:24<26:38,  1.52it/s]
qwen2.5-vl/pope/ricd/aokvqa/popular/seed1:  19%|█▉        | 574/3000 [06:25<26:07,  1.55it/s]
qwen2.5-vl/pope/ricd/aokvqa/popular/seed1:  19%|█▉        | 575/3000 [06:25<25:45,  1.57it/s]
qwen2.5-vl/pope/ricd/aokvqa/popular/seed1:  19%|█▉        | 576/3000 [06:26<25:36,  1.58it/s]
qwen2.5-vl/pope/ricd/aokvqa/popular/seed1:  19%|█▉        | 577/3000 [06:26<22:36,  1.79it/s]
qwen2.5-vl/pope/ricd/aokvqa/popular/seed1:  19%|█▉        | 578/3000 [06:27<20:31,  1.97it/s]
qwen2.5-vl/pope/ricd/aokvqa/popular/seed1:  19%|█▉        | 579/3000 [06:27<19:04,  2.12it/s]
qwen2.5-vl/pope/ricd/aokvqa/popular/seed1:  19%|█▉        | 580/3000 [06:27<17:58,  2.24it/s]
qwen2.5-vl/pope/ricd/aokvqa/popular/seed1:  19%|█▉        | 581/3000 [06:28<17:16,  2.33it/s]
qwen2.5-vl/pope/ricd/aokvqa/popular/seed1:  19%|█▉        | 582/3000 [06:28<16:57,  2.38it/s]
qwen2.5-vl/pope/ricd/aokvqa/popular/seed1:  19%|█▉        | 583/3000 [06:29<21:03,  1.91it/s]
qwen2.5-vl/pope/ricd/aokvqa/popular/seed1:  19%|█▉        | 584/3000 [06:30<23:53,  1.69it/s]
qwen2.5-vl/pope/ricd/aokvqa/popular/seed1:  20%|█▉        | 585/3000 [06:30<25:35,  1.57it/s]
qwen2.5-vl/pope/ricd/aokvqa/popular/seed1:  20%|█▉        | 586/3000 [06:31<26:43,  1.51it/s]
qwen2.5-vl/pope/ricd/aokvqa/popular/seed1:  20%|█▉        | 587/3000 [06:32<27:34,  1.46it/s]
qwen2.5-vl/pope/ricd/aokvqa/popular/seed1:  20%|█▉        | 588/3000 [06:33<28:09,  1.43it/s]
qwen2.5-vl/pope/ricd/aokvqa/popular/seed1:  20%|█▉        | 589/3000 [06:33<27:04,  1.48it/s]
qwen2.5-vl/pope/ricd/aokvqa/popular/seed1:  20%|█▉        | 590/3000 [06:34<26:23,  1.52it/s]
qwen2.5-vl/pope/ricd/aokvqa/popular/seed1:  20%|█▉        | 591/3000 [06:34<25:56,  1.55it/s]
qwen2.5-vl/pope/ricd/aokvqa/popular/seed1:  20%|█▉        | 592/3000 [06:35<25:31,  1.57it/s]
qwen2.5-vl/pope/ricd/aokvqa/popular/seed1:  20%|█▉        | 593/3000 [06:36<25:46,  1.56it/s]
qwen2.5-vl/pope/ricd/aokvqa/popular/seed1:  20%|█▉        | 594/3000 [06:36<25:59,  1.54it/s]
qwen2.5-vl/pope/ricd/aokvqa/popular/seed1:  20%|█▉        | 595/3000 [06:37<26:38,  1.50it/s]
qwen2.5-vl/pope/ricd/aokvqa/popular/seed1:  20%|█▉        | 596/3000 [06:38<27:06,  1.48it/s]
qwen2.5-vl/pope/ricd/aokvqa/popular/seed1:  20%|█▉        | 597/3000 [06:39<27:09,  1.47it/s]
qwen2.5-vl/pope/ricd/aokvqa/popular/seed1:  20%|█▉        | 598/3000 [06:39<27:10,  1.47it/s]
qwen2.5-vl/pope/ricd/aokvqa/popular/seed1:  20%|█▉        | 599/3000 [06:40<27:11,  1.47it/s]
qwen2.5-vl/pope/ricd/aokvqa/popular/seed1:  20%|██        | 600/3000 [06:41<27:13,  1.47it/s]
qwen2.5-vl/pope/ricd/aokvqa/popular/seed1:  20%|██        | 601/3000 [06:41<26:30,  1.51it/s]
qwen2.5-vl/pope/ricd/aokvqa/popular/seed1:  20%|██        | 602/3000 [06:42<26:01,  1.54it/s]
qwen2.5-vl/pope/ricd/aokvqa/popular/seed1:  20%|██        | 603/3000 [06:42<25:35,  1.56it/s]
qwen2.5-vl/pope/ricd/aokvqa/popular/seed1:  20%|██        | 604/3000 [06:43<25:20,  1.58it/s]
qwen2.5-vl/pope/ricd/aokvqa/popular/seed1:  20%|██        | 605/3000 [06:44<25:13,  1.58it/s]
qwen2.5-vl/pope/ricd/aokvqa/popular/seed1:  20%|██        | 606/3000 [06:44<25:04,  1.59it/s]
qwen2.5-vl/pope/ricd/aokvqa/popular/seed1:  20%|██        | 607/3000 [06:45<25:02,  1.59it/s]
qwen2.5-vl/pope/ricd/aokvqa/popular/seed1:  20%|██        | 608/3000 [06:46<24:52,  1.60it/s]
qwen2.5-vl/pope/ricd/aokvqa/popular/seed1:  20%|██        | 609/3000 [06:46<24:47,  1.61it/s]
qwen2.5-vl/pope/ricd/aokvqa/popular/seed1:  20%|██        | 610/3000 [06:47<24:42,  1.61it/s]
qwen2.5-vl/pope/ricd/aokvqa/popular/seed1:  20%|██        | 611/3000 [06:47<24:40,  1.61it/s]
qwen2.5-vl/pope/ricd/aokvqa/popular/seed1:  20%|██        | 612/3000 [06:48<24:36,  1.62it/s]
qwen2.5-vl/pope/ricd/aokvqa/popular/seed1:  20%|██        | 613/3000 [06:49<25:44,  1.55it/s]
qwen2.5-vl/pope/ricd/aokvqa/popular/seed1:  20%|██        | 614/3000 [06:49<26:38,  1.49it/s]
qwen2.5-vl/pope/ricd/aokvqa/popular/seed1:  20%|██        | 615/3000 [06:50<27:13,  1.46it/s]
qwen2.5-vl/pope/ricd/aokvqa/popular/seed1:  21%|██        | 616/3000 [06:51<27:34,  1.44it/s]
qwen2.5-vl/pope/ricd/aokvqa/popular/seed1:  21%|██        | 617/3000 [06:52<27:50,  1.43it/s]
qwen2.5-vl/pope/ricd/aokvqa/popular/seed1:  21%|██        | 618/3000 [06:52<27:59,  1.42it/s]
qwen2.5-vl/pope/ricd/aokvqa/popular/seed1:  21%|██        | 619/3000 [06:53<28:15,  1.40it/s]
qwen2.5-vl/pope/ricd/aokvqa/popular/seed1:  21%|██        | 620/3000 [06:54<28:27,  1.39it/s]
qwen2.5-vl/pope/ricd/aokvqa/popular/seed1:  21%|██        | 621/3000 [06:54<28:41,  1.38it/s]
qwen2.5-vl/pope/ricd/aokvqa/popular/seed1:  21%|██        | 622/3000 [06:55<29:04,  1.36it/s]
qwen2.5-vl/pope/ricd/aokvqa/popular/seed1:  21%|██        | 623/3000 [06:56<29:02,  1.36it/s]
qwen2.5-vl/pope/ricd/aokvqa/popular/seed1:  21%|██        | 624/3000 [06:57<29:04,  1.36it/s]
qwen2.5-vl/pope/ricd/aokvqa/popular/seed1:  21%|██        | 625/3000 [06:57<27:36,  1.43it/s]
qwen2.5-vl/pope/ricd/aokvqa/popular/seed1:  21%|██        | 626/3000 [06:58<26:42,  1.48it/s]
qwen2.5-vl/pope/ricd/aokvqa/popular/seed1:  21%|██        | 627/3000 [06:59<26:03,  1.52it/s]
qwen2.5-vl/pope/ricd/aokvqa/popular/seed1:  21%|██        | 628/3000 [06:59<25:40,  1.54it/s]
qwen2.5-vl/pope/ricd/aokvqa/popular/seed1:  21%|██        | 629/3000 [07:00<25:18,  1.56it/s]
qwen2.5-vl/pope/ricd/aokvqa/popular/seed1:  21%|██        | 630/3000 [07:00<25:05,  1.57it/s]
qwen2.5-vl/pope/ricd/aokvqa/popular/seed1:  21%|██        | 631/3000 [07:01<24:51,  1.59it/s]
qwen2.5-vl/pope/ricd/aokvqa/popular/seed1:  21%|██        | 632/3000 [07:02<24:48,  1.59it/s]
qwen2.5-vl/pope/ricd/aokvqa/popular/seed1:  21%|██        | 633/3000 [07:02<24:42,  1.60it/s]
qwen2.5-vl/pope/ricd/aokvqa/popular/seed1:  21%|██        | 634/3000 [07:03<24:48,  1.59it/s]
qwen2.5-vl/pope/ricd/aokvqa/popular/seed1:  21%|██        | 635/3000 [07:04<24:37,  1.60it/s]
qwen2.5-vl/pope/ricd/aokvqa/popular/seed1:  21%|██        | 636/3000 [07:04<24:30,  1.61it/s]
qwen2.5-vl/pope/ricd/aokvqa/popular/seed1:  21%|██        | 637/3000 [07:05<26:09,  1.51it/s]
qwen2.5-vl/pope/ricd/aokvqa/popular/seed1:  21%|██▏       | 638/3000 [07:06<27:22,  1.44it/s]
qwen2.5-vl/pope/ricd/aokvqa/popular/seed1:  21%|██▏       | 639/3000 [07:06<28:15,  1.39it/s]
qwen2.5-vl/pope/ricd/aokvqa/popular/seed1:  21%|██▏       | 640/3000 [07:07<28:47,  1.37it/s]
qwen2.5-vl/pope/ricd/aokvqa/popular/seed1:  21%|██▏       | 641/3000 [07:08<28:45,  1.37it/s]
qwen2.5-vl/pope/ricd/aokvqa/popular/seed1:  21%|██▏       | 642/3000 [07:09<28:50,  1.36it/s]
qwen2.5-vl/pope/ricd/aokvqa/popular/seed1:  21%|██▏       | 643/3000 [07:09<26:50,  1.46it/s]
qwen2.5-vl/pope/ricd/aokvqa/popular/seed1:  21%|██▏       | 644/3000 [07:10<25:28,  1.54it/s]
qwen2.5-vl/pope/ricd/aokvqa/popular/seed1:  22%|██▏       | 645/3000 [07:10<24:27,  1.61it/s]
qwen2.5-vl/pope/ricd/aokvqa/popular/seed1:  22%|██▏       | 646/3000 [07:11<23:44,  1.65it/s]
qwen2.5-vl/pope/ricd/aokvqa/popular/seed1:  22%|██▏       | 647/3000 [07:12<23:14,  1.69it/s]
qwen2.5-vl/pope/ricd/aokvqa/popular/seed1:  22%|██▏       | 648/3000 [07:12<22:52,  1.71it/s]
qwen2.5-vl/pope/ricd/aokvqa/popular/seed1:  22%|██▏       | 649/3000 [07:13<22:38,  1.73it/s]
qwen2.5-vl/pope/ricd/aokvqa/popular/seed1:  22%|██▏       | 650/3000 [07:13<22:28,  1.74it/s]
qwen2.5-vl/pope/ricd/aokvqa/popular/seed1:  22%|██▏       | 651/3000 [07:14<22:19,  1.75it/s]
qwen2.5-vl/pope/ricd/aokvqa/popular/seed1:  22%|██▏       | 652/3000 [07:14<22:13,  1.76it/s]
qwen2.5-vl/pope/ricd/aokvqa/popular/seed1:  22%|██▏       | 653/3000 [07:15<22:10,  1.76it/s]
qwen2.5-vl/pope/ricd/aokvqa/popular/seed1:  22%|██▏       | 654/3000 [07:15<22:07,  1.77it/s]
qwen2.5-vl/pope/ricd/aokvqa/popular/seed1:  22%|██▏       | 655/3000 [07:16<24:03,  1.62it/s]
qwen2.5-vl/pope/ricd/aokvqa/popular/seed1:  22%|██▏       | 656/3000 [07:17<25:24,  1.54it/s]
qwen2.5-vl/pope/ricd/aokvqa/popular/seed1:  22%|██▏       | 657/3000 [07:18<26:21,  1.48it/s]
qwen2.5-vl/pope/ricd/aokvqa/popular/seed1:  22%|██▏       | 658/3000 [07:18<26:58,  1.45it/s]
qwen2.5-vl/pope/ricd/aokvqa/popular/seed1:  22%|██▏       | 659/3000 [07:19<27:24,  1.42it/s]
qwen2.5-vl/pope/ricd/aokvqa/popular/seed1:  22%|██▏       | 660/3000 [07:20<27:42,  1.41it/s]
qwen2.5-vl/pope/ricd/aokvqa/popular/seed1:  22%|██▏       | 661/3000 [07:20<23:43,  1.64it/s]
qwen2.5-vl/pope/ricd/aokvqa/popular/seed1:  22%|██▏       | 662/3000 [07:21<20:57,  1.86it/s]
qwen2.5-vl/pope/ricd/aokvqa/popular/seed1:  22%|██▏       | 663/3000 [07:21<18:59,  2.05it/s]
qwen2.5-vl/pope/ricd/aokvqa/popular/seed1:  22%|██▏       | 664/3000 [07:21<17:41,  2.20it/s]
qwen2.5-vl/pope/ricd/aokvqa/popular/seed1:  22%|██▏       | 665/3000 [07:22<16:51,  2.31it/s]
qwen2.5-vl/pope/ricd/aokvqa/popular/seed1:  22%|██▏       | 666/3000 [07:22<16:09,  2.41it/s]
qwen2.5-vl/pope/ricd/aokvqa/popular/seed1:  22%|██▏       | 667/3000 [07:23<18:26,  2.11it/s]
qwen2.5-vl/pope/ricd/aokvqa/popular/seed1:  22%|██▏       | 668/3000 [07:23<20:01,  1.94it/s]
qwen2.5-vl/pope/ricd/aokvqa/popular/seed1:  22%|██▏       | 669/3000 [07:24<21:09,  1.84it/s]
qwen2.5-vl/pope/ricd/aokvqa/popular/seed1:  22%|██▏       | 670/3000 [07:25<21:55,  1.77it/s]
qwen2.5-vl/pope/ricd/aokvqa/popular/seed1:  22%|██▏       | 671/3000 [07:25<22:27,  1.73it/s]
qwen2.5-vl/pope/ricd/aokvqa/popular/seed1:  22%|██▏       | 672/3000 [07:26<22:50,  1.70it/s]
qwen2.5-vl/pope/ricd/aokvqa/popular/seed1:  22%|██▏       | 673/3000 [07:26<22:31,  1.72it/s]
qwen2.5-vl/pope/ricd/aokvqa/popular/seed1:  22%|██▏       | 674/3000 [07:27<22:18,  1.74it/s]
qwen2.5-vl/pope/ricd/aokvqa/popular/seed1:  22%|██▎       | 675/3000 [07:27<22:08,  1.75it/s]
qwen2.5-vl/pope/ricd/aokvqa/popular/seed1:  23%|██▎       | 676/3000 [07:28<22:03,  1.76it/s]
qwen2.5-vl/pope/ricd/aokvqa/popular/seed1:  23%|██▎       | 677/3000 [07:29<21:57,  1.76it/s]
qwen2.5-vl/pope/ricd/aokvqa/popular/seed1:  23%|██▎       | 678/3000 [07:29<21:53,  1.77it/s]
qwen2.5-vl/pope/ricd/aokvqa/popular/seed1:  23%|██▎       | 679/3000 [07:30<23:46,  1.63it/s]
qwen2.5-vl/pope/ricd/aokvqa/popular/seed1:  23%|██▎       | 680/3000 [07:31<25:05,  1.54it/s]
qwen2.5-vl/pope/ricd/aokvqa/popular/seed1:  23%|██▎       | 681/3000 [07:31<25:59,  1.49it/s]
qwen2.5-vl/pope/ricd/aokvqa/popular/seed1:  23%|██▎       | 682/3000 [07:32<26:37,  1.45it/s]
qwen2.5-vl/pope/ricd/aokvqa/popular/seed1:  23%|██▎       | 683/3000 [07:33<27:06,  1.42it/s]
qwen2.5-vl/pope/ricd/aokvqa/popular/seed1:  23%|██▎       | 684/3000 [07:34<27:24,  1.41it/s]
qwen2.5-vl/pope/ricd/aokvqa/popular/seed1:  23%|██▎       | 685/3000 [07:34<27:37,  1.40it/s]
qwen2.5-vl/pope/ricd/aokvqa/popular/seed1:  23%|██▎       | 686/3000 [07:35<27:54,  1.38it/s]
qwen2.5-vl/pope/ricd/aokvqa/popular/seed1:  23%|██▎       | 687/3000 [07:36<27:59,  1.38it/s]
qwen2.5-vl/pope/ricd/aokvqa/popular/seed1:  23%|██▎       | 688/3000 [07:36<28:01,  1.37it/s]
qwen2.5-vl/pope/ricd/aokvqa/popular/seed1:  23%|██▎       | 689/3000 [07:37<28:03,  1.37it/s]
qwen2.5-vl/pope/ricd/aokvqa/popular/seed1:  23%|██▎       | 690/3000 [07:38<28:03,  1.37it/s]
qwen2.5-vl/pope/ricd/aokvqa/popular/seed1:  23%|██▎       | 691/3000 [07:39<26:40,  1.44it/s]
qwen2.5-vl/pope/ricd/aokvqa/popular/seed1:  23%|██▎       | 692/3000 [07:39<25:43,  1.49it/s]
qwen2.5-vl/pope/ricd/aokvqa/popular/seed1:  23%|██▎       | 693/3000 [07:40<25:02,  1.54it/s]
qwen2.5-vl/pope/ricd/aokvqa/popular/seed1:  23%|██▎       | 694/3000 [07:40<24:33,  1.56it/s]
qwen2.5-vl/pope/ricd/aokvqa/popular/seed1:  23%|██▎       | 695/3000 [07:41<24:13,  1.59it/s]
qwen2.5-vl/pope/ricd/aokvqa/popular/seed1:  23%|██▎       | 696/3000 [07:42<23:59,  1.60it/s]
qwen2.5-vl/pope/ricd/aokvqa/popular/seed1:  23%|██▎       | 697/3000 [07:42<25:09,  1.53it/s]
qwen2.5-vl/pope/ricd/aokvqa/popular/seed1:  23%|██▎       | 698/3000 [07:43<25:57,  1.48it/s]
qwen2.5-vl/pope/ricd/aokvqa/popular/seed1:  23%|██▎       | 699/3000 [07:44<26:32,  1.44it/s]
qwen2.5-vl/pope/ricd/aokvqa/popular/seed1:  23%|██▎       | 700/3000 [07:44<26:56,  1.42it/s]
qwen2.5-vl/pope/ricd/aokvqa/popular/seed1:  23%|██▎       | 701/3000 [07:45<27:13,  1.41it/s]
qwen2.5-vl/pope/ricd/aokvqa/popular/seed1:  23%|██▎       | 702/3000 [07:46<27:25,  1.40it/s]
qwen2.5-vl/pope/ricd/aokvqa/popular/seed1:  23%|██▎       | 703/3000 [07:47<27:32,  1.39it/s]
qwen2.5-vl/pope/ricd/aokvqa/popular/seed1:  23%|██▎       | 704/3000 [07:47<27:39,  1.38it/s]
qwen2.5-vl/pope/ricd/aokvqa/popular/seed1:  24%|██▎       | 705/3000 [07:48<27:45,  1.38it/s]
qwen2.5-vl/pope/ricd/aokvqa/popular/seed1:  24%|██▎       | 706/3000 [07:49<27:49,  1.37it/s]
qwen2.5-vl/pope/ricd/aokvqa/popular/seed1:  24%|██▎       | 707/3000 [07:50<27:50,  1.37it/s]
qwen2.5-vl/pope/ricd/aokvqa/popular/seed1:  24%|██▎       | 708/3000 [07:50<27:50,  1.37it/s]
qwen2.5-vl/pope/ricd/aokvqa/popular/seed1:  24%|██▎       | 709/3000 [07:51<27:06,  1.41it/s]
qwen2.5-vl/pope/ricd/aokvqa/popular/seed1:  24%|██▎       | 710/3000 [07:52<26:36,  1.43it/s]
qwen2.5-vl/pope/ricd/aokvqa/popular/seed1:  24%|██▎       | 711/3000 [07:52<26:15,  1.45it/s]
qwen2.5-vl/pope/ricd/aokvqa/popular/seed1:  24%|██▎       | 712/3000 [07:53<26:00,  1.47it/s]
qwen2.5-vl/pope/ricd/aokvqa/popular/seed1:  24%|██▍       | 713/3000 [07:54<25:49,  1.48it/s]
qwen2.5-vl/pope/ricd/aokvqa/popular/seed1:  24%|██▍       | 714/3000 [07:54<25:42,  1.48it/s]
qwen2.5-vl/pope/ricd/aokvqa/popular/seed1:  24%|██▍       | 715/3000 [07:55<26:18,  1.45it/s]
qwen2.5-vl/pope/ricd/aokvqa/popular/seed1:  24%|██▍       | 716/3000 [07:56<26:42,  1.43it/s]
qwen2.5-vl/pope/ricd/aokvqa/popular/seed1:  24%|██▍       | 717/3000 [07:57<27:00,  1.41it/s]
qwen2.5-vl/pope/ricd/aokvqa/popular/seed1:  24%|██▍       | 718/3000 [07:57<27:11,  1.40it/s]
qwen2.5-vl/pope/ricd/aokvqa/popular/seed1:  24%|██▍       | 719/3000 [07:58<27:19,  1.39it/s]
qwen2.5-vl/pope/ricd/aokvqa/popular/seed1:  24%|██▍       | 720/3000 [07:59<27:31,  1.38it/s]
qwen2.5-vl/pope/ricd/aokvqa/popular/seed1:  24%|██▍       | 721/3000 [07:59<26:12,  1.45it/s]
qwen2.5-vl/pope/ricd/aokvqa/popular/seed1:  24%|██▍       | 722/3000 [08:00<25:18,  1.50it/s]
qwen2.5-vl/pope/ricd/aokvqa/popular/seed1:  24%|██▍       | 723/3000 [08:01<24:40,  1.54it/s]
qwen2.5-vl/pope/ricd/aokvqa/popular/seed1:  24%|██▍       | 724/3000 [08:01<24:13,  1.57it/s]
qwen2.5-vl/pope/ricd/aokvqa/popular/seed1:  24%|██▍       | 725/3000 [08:02<23:55,  1.58it/s]
qwen2.5-vl/pope/ricd/aokvqa/popular/seed1:  24%|██▍       | 726/3000 [08:02<23:41,  1.60it/s]
qwen2.5-vl/pope/ricd/aokvqa/popular/seed1:  24%|██▍       | 727/3000 [08:03<23:32,  1.61it/s]
qwen2.5-vl/pope/ricd/aokvqa/popular/seed1:  24%|██▍       | 728/3000 [08:04<23:24,  1.62it/s]
qwen2.5-vl/pope/ricd/aokvqa/popular/seed1:  24%|██▍       | 729/3000 [08:04<23:19,  1.62it/s]
qwen2.5-vl/pope/ricd/aokvqa/popular/seed1:  24%|██▍       | 730/3000 [08:05<23:17,  1.62it/s]
qwen2.5-vl/pope/ricd/aokvqa/popular/seed1:  24%|██▍       | 731/3000 [08:05<23:13,  1.63it/s]
qwen2.5-vl/pope/ricd/aokvqa/popular/seed1:  24%|██▍       | 732/3000 [08:06<23:14,  1.63it/s]
qwen2.5-vl/pope/ricd/aokvqa/popular/seed1:  24%|██▍       | 733/3000 [08:07<24:30,  1.54it/s]
qwen2.5-vl/pope/ricd/aokvqa/popular/seed1:  24%|██▍       | 734/3000 [08:08<25:25,  1.49it/s]
qwen2.5-vl/pope/ricd/aokvqa/popular/seed1:  24%|██▍       | 735/3000 [08:08<26:02,  1.45it/s]
qwen2.5-vl/pope/ricd/aokvqa/popular/seed1:  25%|██▍       | 736/3000 [08:09<26:28,  1.43it/s]
qwen2.5-vl/pope/ricd/aokvqa/popular/seed1:  25%|██▍       | 737/3000 [08:10<26:47,  1.41it/s]
qwen2.5-vl/pope/ricd/aokvqa/popular/seed1:  25%|██▍       | 738/3000 [08:10<26:59,  1.40it/s]
qwen2.5-vl/pope/ricd/aokvqa/popular/seed1:  25%|██▍       | 739/3000 [08:11<25:46,  1.46it/s]
qwen2.5-vl/pope/ricd/aokvqa/popular/seed1:  25%|██▍       | 740/3000 [08:12<24:56,  1.51it/s]
qwen2.5-vl/pope/ricd/aokvqa/popular/seed1:  25%|██▍       | 741/3000 [08:12<24:20,  1.55it/s]
qwen2.5-vl/pope/ricd/aokvqa/popular/seed1:  25%|██▍       | 742/3000 [08:13<23:55,  1.57it/s]
qwen2.5-vl/pope/ricd/aokvqa/popular/seed1:  25%|██▍       | 743/3000 [08:13<23:37,  1.59it/s]
qwen2.5-vl/pope/ricd/aokvqa/popular/seed1:  25%|██▍       | 744/3000 [08:14<23:27,  1.60it/s]
qwen2.5-vl/pope/ricd/aokvqa/popular/seed1:  25%|██▍       | 745/3000 [08:15<23:19,  1.61it/s]
qwen2.5-vl/pope/ricd/aokvqa/popular/seed1:  25%|██▍       | 746/3000 [08:15<23:15,  1.62it/s]
qwen2.5-vl/pope/ricd/aokvqa/popular/seed1:  25%|██▍       | 747/3000 [08:16<23:13,  1.62it/s]
qwen2.5-vl/pope/ricd/aokvqa/popular/seed1:  25%|██▍       | 748/3000 [08:17<23:19,  1.61it/s]
qwen2.5-vl/pope/ricd/aokvqa/popular/seed1:  25%|██▍       | 749/3000 [08:17<23:32,  1.59it/s]
qwen2.5-vl/pope/ricd/aokvqa/popular/seed1:  25%|██▌       | 750/3000 [08:18<23:41,  1.58it/s]
qwen2.5-vl/pope/ricd/aokvqa/popular/seed1:  25%|██▌       | 751/3000 [08:19<24:53,  1.51it/s]
qwen2.5-vl/pope/ricd/aokvqa/popular/seed1:  25%|██▌       | 752/3000 [08:19<25:37,  1.46it/s]
qwen2.5-vl/pope/ricd/aokvqa/popular/seed1:  25%|██▌       | 753/3000 [08:20<26:05,  1.44it/s]
qwen2.5-vl/pope/ricd/aokvqa/popular/seed1:  25%|██▌       | 754/3000 [08:21<26:30,  1.41it/s]
qwen2.5-vl/pope/ricd/aokvqa/popular/seed1:  25%|██▌       | 755/3000 [08:22<26:42,  1.40it/s]
qwen2.5-vl/pope/ricd/aokvqa/popular/seed1:  25%|██▌       | 756/3000 [08:22<27:14,  1.37it/s]
qwen2.5-vl/pope/ricd/aokvqa/popular/seed1:  25%|██▌       | 757/3000 [08:23<25:58,  1.44it/s]
qwen2.5-vl/pope/ricd/aokvqa/popular/seed1:  25%|██▌       | 758/3000 [08:24<25:14,  1.48it/s]
qwen2.5-vl/pope/ricd/aokvqa/popular/seed1:  25%|██▌       | 759/3000 [08:24<24:33,  1.52it/s]
qwen2.5-vl/pope/ricd/aokvqa/popular/seed1:  25%|██▌       | 760/3000 [08:25<24:05,  1.55it/s]
qwen2.5-vl/pope/ricd/aokvqa/popular/seed1:  25%|██▌       | 761/3000 [08:25<23:44,  1.57it/s]
qwen2.5-vl/pope/ricd/aokvqa/popular/seed1:  25%|██▌       | 762/3000 [08:26<23:45,  1.57it/s]
qwen2.5-vl/pope/ricd/aokvqa/popular/seed1:  25%|██▌       | 763/3000 [08:27<24:49,  1.50it/s]
qwen2.5-vl/pope/ricd/aokvqa/popular/seed1:  25%|██▌       | 764/3000 [08:27<25:32,  1.46it/s]
qwen2.5-vl/pope/ricd/aokvqa/popular/seed1:  26%|██▌       | 765/3000 [08:28<26:04,  1.43it/s]
qwen2.5-vl/pope/ricd/aokvqa/popular/seed1:  26%|██▌       | 766/3000 [08:29<26:24,  1.41it/s]
qwen2.5-vl/pope/ricd/aokvqa/popular/seed1:  26%|██▌       | 767/3000 [08:30<26:40,  1.40it/s]
qwen2.5-vl/pope/ricd/aokvqa/popular/seed1:  26%|██▌       | 768/3000 [08:30<26:55,  1.38it/s]
qwen2.5-vl/pope/ricd/aokvqa/popular/seed1:  26%|██▌       | 769/3000 [08:31<26:18,  1.41it/s]
qwen2.5-vl/pope/ricd/aokvqa/popular/seed1:  26%|██▌       | 770/3000 [08:32<25:51,  1.44it/s]
qwen2.5-vl/pope/ricd/aokvqa/popular/seed1:  26%|██▌       | 771/3000 [08:32<25:35,  1.45it/s]
qwen2.5-vl/pope/ricd/aokvqa/popular/seed1:  26%|██▌       | 772/3000 [08:33<25:23,  1.46it/s]
qwen2.5-vl/pope/ricd/aokvqa/popular/seed1:  26%|██▌       | 773/3000 [08:34<25:13,  1.47it/s]
qwen2.5-vl/pope/ricd/aokvqa/popular/seed1:  26%|██▌       | 774/3000 [08:34<25:07,  1.48it/s]
qwen2.5-vl/pope/ricd/aokvqa/popular/seed1:  26%|██▌       | 775/3000 [08:35<25:17,  1.47it/s]
qwen2.5-vl/pope/ricd/aokvqa/popular/seed1:  26%|██▌       | 776/3000 [08:36<25:26,  1.46it/s]
qwen2.5-vl/pope/ricd/aokvqa/popular/seed1:  26%|██▌       | 777/3000 [08:37<25:34,  1.45it/s]
qwen2.5-vl/pope/ricd/aokvqa/popular/seed1:  26%|██▌       | 778/3000 [08:37<25:36,  1.45it/s]
qwen2.5-vl/pope/ricd/aokvqa/popular/seed1:  26%|██▌       | 779/3000 [08:38<25:39,  1.44it/s]
qwen2.5-vl/pope/ricd/aokvqa/popular/seed1:  26%|██▌       | 780/3000 [08:39<25:38,  1.44it/s]
qwen2.5-vl/pope/ricd/aokvqa/popular/seed1:  26%|██▌       | 781/3000 [08:39<24:44,  1.49it/s]
qwen2.5-vl/pope/ricd/aokvqa/popular/seed1:  26%|██▌       | 782/3000 [08:40<24:10,  1.53it/s]
qwen2.5-vl/pope/ricd/aokvqa/popular/seed1:  26%|██▌       | 783/3000 [08:40<23:43,  1.56it/s]
qwen2.5-vl/pope/ricd/aokvqa/popular/seed1:  26%|██▌       | 784/3000 [08:41<23:22,  1.58it/s]
qwen2.5-vl/pope/ricd/aokvqa/popular/seed1:  26%|██▌       | 785/3000 [08:42<23:33,  1.57it/s]
qwen2.5-vl/pope/ricd/aokvqa/popular/seed1:  26%|██▌       | 786/3000 [08:42<23:41,  1.56it/s]
qwen2.5-vl/pope/ricd/aokvqa/popular/seed1:  26%|██▌       | 787/3000 [08:43<24:43,  1.49it/s]
qwen2.5-vl/pope/ricd/aokvqa/popular/seed1:  26%|██▋       | 788/3000 [08:44<25:17,  1.46it/s]
qwen2.5-vl/pope/ricd/aokvqa/popular/seed1:  26%|██▋       | 789/3000 [08:45<25:27,  1.45it/s]
qwen2.5-vl/pope/ricd/aokvqa/popular/seed1:  26%|██▋       | 790/3000 [08:45<25:55,  1.42it/s]
qwen2.5-vl/pope/ricd/aokvqa/popular/seed1:  26%|██▋       | 791/3000 [08:46<26:07,  1.41it/s]
qwen2.5-vl/pope/ricd/aokvqa/popular/seed1:  26%|██▋       | 792/3000 [08:47<26:26,  1.39it/s]
qwen2.5-vl/pope/ricd/aokvqa/popular/seed1:  26%|██▋       | 793/3000 [08:47<25:39,  1.43it/s]
qwen2.5-vl/pope/ricd/aokvqa/popular/seed1:  26%|██▋       | 794/3000 [08:48<24:43,  1.49it/s]
qwen2.5-vl/pope/ricd/aokvqa/popular/seed1:  26%|██▋       | 795/3000 [08:49<24:07,  1.52it/s]
qwen2.5-vl/pope/ricd/aokvqa/popular/seed1:  27%|██▋       | 796/3000 [08:49<23:40,  1.55it/s]
qwen2.5-vl/pope/ricd/aokvqa/popular/seed1:  27%|██▋       | 797/3000 [08:50<23:18,  1.58it/s]
qwen2.5-vl/pope/ricd/aokvqa/popular/seed1:  27%|██▋       | 798/3000 [08:50<23:03,  1.59it/s]
qwen2.5-vl/pope/ricd/aokvqa/popular/seed1:  27%|██▋       | 799/3000 [08:51<23:32,  1.56it/s]
qwen2.5-vl/pope/ricd/aokvqa/popular/seed1:  27%|██▋       | 800/3000 [08:52<23:49,  1.54it/s]
qwen2.5-vl/pope/ricd/aokvqa/popular/seed1:  27%|██▋       | 801/3000 [08:52<24:03,  1.52it/s]
qwen2.5-vl/pope/ricd/aokvqa/popular/seed1:  27%|██▋       | 802/3000 [08:53<24:12,  1.51it/s]
qwen2.5-vl/pope/ricd/aokvqa/popular/seed1:  27%|██▋       | 803/3000 [08:54<24:21,  1.50it/s]
qwen2.5-vl/pope/ricd/aokvqa/popular/seed1:  27%|██▋       | 804/3000 [08:54<24:30,  1.49it/s]
qwen2.5-vl/pope/ricd/aokvqa/popular/seed1:  27%|██▋       | 805/3000 [08:55<25:08,  1.46it/s]
qwen2.5-vl/pope/ricd/aokvqa/popular/seed1:  27%|██▋       | 806/3000 [08:56<25:28,  1.44it/s]
qwen2.5-vl/pope/ricd/aokvqa/popular/seed1:  27%|██▋       | 807/3000 [08:57<25:39,  1.42it/s]
qwen2.5-vl/pope/ricd/aokvqa/popular/seed1:  27%|██▋       | 808/3000 [08:57<25:49,  1.42it/s]
qwen2.5-vl/pope/ricd/aokvqa/popular/seed1:  27%|██▋       | 809/3000 [08:58<25:59,  1.40it/s]
qwen2.5-vl/pope/ricd/aokvqa/popular/seed1:  27%|██▋       | 810/3000 [08:59<26:01,  1.40it/s]
qwen2.5-vl/pope/ricd/aokvqa/popular/seed1:  27%|██▋       | 811/3000 [09:00<26:12,  1.39it/s]
qwen2.5-vl/pope/ricd/aokvqa/popular/seed1:  27%|██▋       | 812/3000 [09:00<26:19,  1.39it/s]
qwen2.5-vl/pope/ricd/aokvqa/popular/seed1:  27%|██▋       | 813/3000 [09:01<26:24,  1.38it/s]
qwen2.5-vl/pope/ricd/aokvqa/popular/seed1:  27%|██▋       | 814/3000 [09:02<26:27,  1.38it/s]
qwen2.5-vl/pope/ricd/aokvqa/popular/seed1:  27%|██▋       | 815/3000 [09:02<26:30,  1.37it/s]
qwen2.5-vl/pope/ricd/aokvqa/popular/seed1:  27%|██▋       | 816/3000 [09:03<26:32,  1.37it/s]
qwen2.5-vl/pope/ricd/aokvqa/popular/seed1:  27%|██▋       | 817/3000 [09:04<28:19,  1.28it/s]
qwen2.5-vl/pope/ricd/aokvqa/popular/seed1:  27%|██▋       | 818/3000 [09:05<29:31,  1.23it/s]
qwen2.5-vl/pope/ricd/aokvqa/popular/seed1:  27%|██▋       | 819/3000 [09:06<30:24,  1.20it/s]
qwen2.5-vl/pope/ricd/aokvqa/popular/seed1:  27%|██▋       | 820/3000 [09:07<30:58,  1.17it/s]
qwen2.5-vl/pope/ricd/aokvqa/popular/seed1:  27%|██▋       | 821/3000 [09:08<31:46,  1.14it/s]
qwen2.5-vl/pope/ricd/aokvqa/popular/seed1:  27%|██▋       | 822/3000 [09:09<31:57,  1.14it/s]
qwen2.5-vl/pope/ricd/aokvqa/popular/seed1:  27%|██▋       | 823/3000 [09:09<30:30,  1.19it/s]
qwen2.5-vl/pope/ricd/aokvqa/popular/seed1:  27%|██▋       | 824/3000 [09:10<29:29,  1.23it/s]
qwen2.5-vl/pope/ricd/aokvqa/popular/seed1:  28%|██▊       | 825/3000 [09:11<28:45,  1.26it/s]
qwen2.5-vl/pope/ricd/aokvqa/popular/seed1:  28%|██▊       | 826/3000 [09:12<28:16,  1.28it/s]
qwen2.5-vl/pope/ricd/aokvqa/popular/seed1:  28%|██▊       | 827/3000 [09:12<28:05,  1.29it/s]
qwen2.5-vl/pope/ricd/aokvqa/popular/seed1:  28%|██▊       | 828/3000 [09:13<27:47,  1.30it/s]
qwen2.5-vl/pope/ricd/aokvqa/popular/seed1:  28%|██▊       | 829/3000 [09:14<27:21,  1.32it/s]
qwen2.5-vl/pope/ricd/aokvqa/popular/seed1:  28%|██▊       | 830/3000 [09:15<27:02,  1.34it/s]
qwen2.5-vl/pope/ricd/aokvqa/popular/seed1:  28%|██▊       | 831/3000 [09:15<26:49,  1.35it/s]
qwen2.5-vl/pope/ricd/aokvqa/popular/seed1:  28%|██▊       | 832/3000 [09:16<26:39,  1.36it/s]
qwen2.5-vl/pope/ricd/aokvqa/popular/seed1:  28%|██▊       | 833/3000 [09:17<26:33,  1.36it/s]
qwen2.5-vl/pope/ricd/aokvqa/popular/seed1:  28%|██▊       | 834/3000 [09:17<26:33,  1.36it/s]
qwen2.5-vl/pope/ricd/aokvqa/popular/seed1:  28%|██▊       | 835/3000 [09:18<25:53,  1.39it/s]
qwen2.5-vl/pope/ricd/aokvqa/popular/seed1:  28%|██▊       | 836/3000 [09:19<25:25,  1.42it/s]
qwen2.5-vl/pope/ricd/aokvqa/popular/seed1:  28%|██▊       | 837/3000 [09:19<25:05,  1.44it/s]
qwen2.5-vl/pope/ricd/aokvqa/popular/seed1:  28%|██▊       | 838/3000 [09:20<24:50,  1.45it/s]
qwen2.5-vl/pope/ricd/aokvqa/popular/seed1:  28%|██▊       | 839/3000 [09:21<24:40,  1.46it/s]
qwen2.5-vl/pope/ricd/aokvqa/popular/seed1:  28%|██▊       | 840/3000 [09:22<24:33,  1.47it/s]
qwen2.5-vl/pope/ricd/aokvqa/popular/seed1:  28%|██▊       | 841/3000 [09:22<24:39,  1.46it/s]
qwen2.5-vl/pope/ricd/aokvqa/popular/seed1:  28%|██▊       | 842/3000 [09:23<24:43,  1.45it/s]
qwen2.5-vl/pope/ricd/aokvqa/popular/seed1:  28%|██▊       | 843/3000 [09:24<24:50,  1.45it/s]
qwen2.5-vl/pope/ricd/aokvqa/popular/seed1:  28%|██▊       | 844/3000 [09:24<24:54,  1.44it/s]
qwen2.5-vl/pope/ricd/aokvqa/popular/seed1:  28%|██▊       | 845/3000 [09:25<25:01,  1.44it/s]
qwen2.5-vl/pope/ricd/aokvqa/popular/seed1:  28%|██▊       | 846/3000 [09:26<25:08,  1.43it/s]
qwen2.5-vl/pope/ricd/aokvqa/popular/seed1:  28%|██▊       | 847/3000 [09:26<21:48,  1.65it/s]
qwen2.5-vl/pope/ricd/aokvqa/popular/seed1:  28%|██▊       | 848/3000 [09:26<19:24,  1.85it/s]
qwen2.5-vl/pope/ricd/aokvqa/popular/seed1:  28%|██▊       | 849/3000 [09:27<17:44,  2.02it/s]
qwen2.5-vl/pope/ricd/aokvqa/popular/seed1:  28%|██▊       | 850/3000 [09:27<16:33,  2.16it/s]
qwen2.5-vl/pope/ricd/aokvqa/popular/seed1:  28%|██▊       | 851/3000 [09:28<15:43,  2.28it/s]
qwen2.5-vl/pope/ricd/aokvqa/popular/seed1:  28%|██▊       | 852/3000 [09:28<15:05,  2.37it/s]
qwen2.5-vl/pope/ricd/aokvqa/popular/seed1:  28%|██▊       | 853/3000 [09:29<18:23,  1.95it/s]
qwen2.5-vl/pope/ricd/aokvqa/popular/seed1:  28%|██▊       | 854/3000 [09:29<20:41,  1.73it/s]
qwen2.5-vl/pope/ricd/aokvqa/popular/seed1:  28%|██▊       | 855/3000 [09:30<22:21,  1.60it/s]
qwen2.5-vl/pope/ricd/aokvqa/popular/seed1:  29%|██▊       | 856/3000 [09:31<23:33,  1.52it/s]
qwen2.5-vl/pope/ricd/aokvqa/popular/seed1:  29%|██▊       | 857/3000 [09:32<24:25,  1.46it/s]
qwen2.5-vl/pope/ricd/aokvqa/popular/seed1:  29%|██▊       | 858/3000 [09:32<25:04,  1.42it/s]
qwen2.5-vl/pope/ricd/aokvqa/popular/seed1:  29%|██▊       | 859/3000 [09:33<24:08,  1.48it/s]
qwen2.5-vl/pope/ricd/aokvqa/popular/seed1:  29%|██▊       | 860/3000 [09:34<23:30,  1.52it/s]
qwen2.5-vl/pope/ricd/aokvqa/popular/seed1:  29%|██▊       | 861/3000 [09:34<23:04,  1.55it/s]
qwen2.5-vl/pope/ricd/aokvqa/popular/seed1:  29%|██▊       | 862/3000 [09:35<22:47,  1.56it/s]
qwen2.5-vl/pope/ricd/aokvqa/popular/seed1:  29%|██▉       | 863/3000 [09:36<22:33,  1.58it/s]
qwen2.5-vl/pope/ricd/aokvqa/popular/seed1:  29%|██▉       | 864/3000 [09:36<22:28,  1.58it/s]
qwen2.5-vl/pope/ricd/aokvqa/popular/seed1:  29%|██▉       | 865/3000 [09:37<21:50,  1.63it/s]
qwen2.5-vl/pope/ricd/aokvqa/popular/seed1:  29%|██▉       | 866/3000 [09:37<21:22,  1.66it/s]
qwen2.5-vl/pope/ricd/aokvqa/popular/seed1:  29%|██▉       | 867/3000 [09:38<21:17,  1.67it/s]
qwen2.5-vl/pope/ricd/aokvqa/popular/seed1:  29%|██▉       | 868/3000 [09:38<21:02,  1.69it/s]
qwen2.5-vl/pope/ricd/aokvqa/popular/seed1:  29%|██▉       | 869/3000 [09:39<20:45,  1.71it/s]
qwen2.5-vl/pope/ricd/aokvqa/popular/seed1:  29%|██▉       | 870/3000 [09:40<20:32,  1.73it/s]
qwen2.5-vl/pope/ricd/aokvqa/popular/seed1:  29%|██▉       | 871/3000 [09:40<22:12,  1.60it/s]
qwen2.5-vl/pope/ricd/aokvqa/popular/seed1:  29%|██▉       | 872/3000 [09:41<23:26,  1.51it/s]
qwen2.5-vl/pope/ricd/aokvqa/popular/seed1:  29%|██▉       | 873/3000 [09:42<24:30,  1.45it/s]
qwen2.5-vl/pope/ricd/aokvqa/popular/seed1:  29%|██▉       | 874/3000 [09:43<25:11,  1.41it/s]
qwen2.5-vl/pope/ricd/aokvqa/popular/seed1:  29%|██▉       | 875/3000 [09:43<25:22,  1.40it/s]
qwen2.5-vl/pope/ricd/aokvqa/popular/seed1:  29%|██▉       | 876/3000 [09:44<25:29,  1.39it/s]
qwen2.5-vl/pope/ricd/aokvqa/popular/seed1:  29%|██▉       | 877/3000 [09:45<23:49,  1.49it/s]
qwen2.5-vl/pope/ricd/aokvqa/popular/seed1:  29%|██▉       | 878/3000 [09:45<22:38,  1.56it/s]
qwen2.5-vl/pope/ricd/aokvqa/popular/seed1:  29%|██▉       | 879/3000 [09:46<21:49,  1.62it/s]
qwen2.5-vl/pope/ricd/aokvqa/popular/seed1:  29%|██▉       | 880/3000 [09:46<21:13,  1.67it/s]
qwen2.5-vl/pope/ricd/aokvqa/popular/seed1:  29%|██▉       | 881/3000 [09:47<20:49,  1.70it/s]
qwen2.5-vl/pope/ricd/aokvqa/popular/seed1:  29%|██▉       | 882/3000 [09:47<20:33,  1.72it/s]
qwen2.5-vl/pope/ricd/aokvqa/popular/seed1:  29%|██▉       | 883/3000 [09:48<20:49,  1.69it/s]
qwen2.5-vl/pope/ricd/aokvqa/popular/seed1:  29%|██▉       | 884/3000 [09:49<21:00,  1.68it/s]
qwen2.5-vl/pope/ricd/aokvqa/popular/seed1:  30%|██▉       | 885/3000 [09:49<21:08,  1.67it/s]
qwen2.5-vl/pope/ricd/aokvqa/popular/seed1:  30%|██▉       | 886/3000 [09:50<21:14,  1.66it/s]
qwen2.5-vl/pope/ricd/aokvqa/popular/seed1:  30%|██▉       | 887/3000 [09:51<21:18,  1.65it/s]
qwen2.5-vl/pope/ricd/aokvqa/popular/seed1:  30%|██▉       | 888/3000 [09:51<21:23,  1.65it/s]
qwen2.5-vl/pope/ricd/aokvqa/popular/seed1:  30%|██▉       | 889/3000 [09:52<22:40,  1.55it/s]
qwen2.5-vl/pope/ricd/aokvqa/popular/seed1:  30%|██▉       | 890/3000 [09:53<23:32,  1.49it/s]
qwen2.5-vl/pope/ricd/aokvqa/popular/seed1:  30%|██▉       | 891/3000 [09:53<24:08,  1.46it/s]
qwen2.5-vl/pope/ricd/aokvqa/popular/seed1:  30%|██▉       | 892/3000 [09:54<24:34,  1.43it/s]
qwen2.5-vl/pope/ricd/aokvqa/popular/seed1:  30%|██▉       | 893/3000 [09:55<24:52,  1.41it/s]
qwen2.5-vl/pope/ricd/aokvqa/popular/seed1:  30%|██▉       | 894/3000 [09:55<25:04,  1.40it/s]
qwen2.5-vl/pope/ricd/aokvqa/popular/seed1:  30%|██▉       | 895/3000 [09:56<24:53,  1.41it/s]
qwen2.5-vl/pope/ricd/aokvqa/popular/seed1:  30%|██▉       | 896/3000 [09:57<24:42,  1.42it/s]
qwen2.5-vl/pope/ricd/aokvqa/popular/seed1:  30%|██▉       | 897/3000 [09:58<24:34,  1.43it/s]
qwen2.5-vl/pope/ricd/aokvqa/popular/seed1:  30%|██▉       | 898/3000 [09:58<24:31,  1.43it/s]
qwen2.5-vl/pope/ricd/aokvqa/popular/seed1:  30%|██▉       | 899/3000 [09:59<24:26,  1.43it/s]
qwen2.5-vl/pope/ricd/aokvqa/popular/seed1:  30%|███       | 900/3000 [10:00<24:22,  1.44it/s]
qwen2.5-vl/pope/ricd/aokvqa/popular/seed1:  30%|███       | 901/3000 [10:00<23:27,  1.49it/s]
qwen2.5-vl/pope/ricd/aokvqa/popular/seed1:  30%|███       | 902/3000 [10:01<22:48,  1.53it/s]
qwen2.5-vl/pope/ricd/aokvqa/popular/seed1:  30%|███       | 903/3000 [10:01<22:20,  1.56it/s]
qwen2.5-vl/pope/ricd/aokvqa/popular/seed1:  30%|███       | 904/3000 [10:02<22:01,  1.59it/s]
qwen2.5-vl/pope/ricd/aokvqa/popular/seed1:  30%|███       | 905/3000 [10:03<21:48,  1.60it/s]
qwen2.5-vl/pope/ricd/aokvqa/popular/seed1:  30%|███       | 906/3000 [10:03<21:38,  1.61it/s]
qwen2.5-vl/pope/ricd/aokvqa/popular/seed1:  30%|███       | 907/3000 [10:04<22:46,  1.53it/s]
qwen2.5-vl/pope/ricd/aokvqa/popular/seed1:  30%|███       | 908/3000 [10:05<23:39,  1.47it/s]
qwen2.5-vl/pope/ricd/aokvqa/popular/seed1:  30%|███       | 909/3000 [10:06<24:15,  1.44it/s]
qwen2.5-vl/pope/ricd/aokvqa/popular/seed1:  30%|███       | 910/3000 [10:06<24:45,  1.41it/s]
qwen2.5-vl/pope/ricd/aokvqa/popular/seed1:  30%|███       | 911/3000 [10:07<25:20,  1.37it/s]
qwen2.5-vl/pope/ricd/aokvqa/popular/seed1:  30%|███       | 912/3000 [10:08<25:42,  1.35it/s]
qwen2.5-vl/pope/ricd/aokvqa/popular/seed1:  30%|███       | 913/3000 [10:09<25:39,  1.36it/s]
qwen2.5-vl/pope/ricd/aokvqa/popular/seed1:  30%|███       | 914/3000 [10:09<25:29,  1.36it/s]
qwen2.5-vl/pope/ricd/aokvqa/popular/seed1:  30%|███       | 915/3000 [10:10<25:09,  1.38it/s]
qwen2.5-vl/pope/ricd/aokvqa/popular/seed1:  31%|███       | 916/3000 [10:11<25:02,  1.39it/s]
qwen2.5-vl/pope/ricd/aokvqa/popular/seed1:  31%|███       | 917/3000 [10:11<25:01,  1.39it/s]
qwen2.5-vl/pope/ricd/aokvqa/popular/seed1:  31%|███       | 918/3000 [10:12<24:49,  1.40it/s]
qwen2.5-vl/pope/ricd/aokvqa/popular/seed1:  31%|███       | 919/3000 [10:13<24:19,  1.43it/s]
qwen2.5-vl/pope/ricd/aokvqa/popular/seed1:  31%|███       | 920/3000 [10:13<24:02,  1.44it/s]
qwen2.5-vl/pope/ricd/aokvqa/popular/seed1:  31%|███       | 921/3000 [10:14<23:50,  1.45it/s]
qwen2.5-vl/pope/ricd/aokvqa/popular/seed1:  31%|███       | 922/3000 [10:15<23:45,  1.46it/s]
qwen2.5-vl/pope/ricd/aokvqa/popular/seed1:  31%|███       | 923/3000 [10:15<23:38,  1.46it/s]
qwen2.5-vl/pope/ricd/aokvqa/popular/seed1:  31%|███       | 924/3000 [10:16<23:31,  1.47it/s]
qwen2.5-vl/pope/ricd/aokvqa/popular/seed1:  31%|███       | 925/3000 [10:17<22:52,  1.51it/s]
qwen2.5-vl/pope/ricd/aokvqa/popular/seed1:  31%|███       | 926/3000 [10:17<22:23,  1.54it/s]
qwen2.5-vl/pope/ricd/aokvqa/popular/seed1:  31%|███       | 927/3000 [10:18<22:07,  1.56it/s]
qwen2.5-vl/pope/ricd/aokvqa/popular/seed1:  31%|███       | 928/3000 [10:19<21:54,  1.58it/s]
qwen2.5-vl/pope/ricd/aokvqa/popular/seed1:  31%|███       | 929/3000 [10:19<21:45,  1.59it/s]
qwen2.5-vl/pope/ricd/aokvqa/popular/seed1:  31%|███       | 930/3000 [10:20<21:48,  1.58it/s]
qwen2.5-vl/pope/ricd/aokvqa/popular/seed1:  31%|███       | 931/3000 [10:21<23:06,  1.49it/s]
qwen2.5-vl/pope/ricd/aokvqa/popular/seed1:  31%|███       | 932/3000 [10:21<24:04,  1.43it/s]
qwen2.5-vl/pope/ricd/aokvqa/popular/seed1:  31%|███       | 933/3000 [10:22<24:46,  1.39it/s]
qwen2.5-vl/pope/ricd/aokvqa/popular/seed1:  31%|███       | 934/3000 [10:23<24:53,  1.38it/s]
qwen2.5-vl/pope/ricd/aokvqa/popular/seed1:  31%|███       | 935/3000 [10:24<25:03,  1.37it/s]
qwen2.5-vl/pope/ricd/aokvqa/popular/seed1:  31%|███       | 936/3000 [10:24<25:07,  1.37it/s]
qwen2.5-vl/pope/ricd/aokvqa/popular/seed1:  31%|███       | 937/3000 [10:25<25:09,  1.37it/s]
qwen2.5-vl/pope/ricd/aokvqa/popular/seed1:  31%|███▏      | 938/3000 [10:26<25:09,  1.37it/s]
qwen2.5-vl/pope/ricd/aokvqa/popular/seed1:  31%|███▏      | 939/3000 [10:27<25:10,  1.36it/s]
qwen2.5-vl/pope/ricd/aokvqa/popular/seed1:  31%|███▏      | 940/3000 [10:27<25:07,  1.37it/s]
qwen2.5-vl/pope/ricd/aokvqa/popular/seed1:  31%|███▏      | 941/3000 [10:28<25:09,  1.36it/s]
qwen2.5-vl/pope/ricd/aokvqa/popular/seed1:  31%|███▏      | 942/3000 [10:29<25:20,  1.35it/s]
qwen2.5-vl/pope/ricd/aokvqa/popular/seed1:  31%|███▏      | 943/3000 [10:30<27:05,  1.27it/s]
qwen2.5-vl/pope/ricd/aokvqa/popular/seed1:  31%|███▏      | 944/3000 [10:31<28:16,  1.21it/s]
qwen2.5-vl/pope/ricd/aokvqa/popular/seed1:  32%|███▏      | 945/3000 [10:32<29:14,  1.17it/s]
qwen2.5-vl/pope/ricd/aokvqa/popular/seed1:  32%|███▏      | 946/3000 [10:32<30:01,  1.14it/s]
qwen2.5-vl/pope/ricd/aokvqa/popular/seed1:  32%|███▏      | 947/3000 [10:33<30:15,  1.13it/s]
qwen2.5-vl/pope/ricd/aokvqa/popular/seed1:  32%|███▏      | 948/3000 [10:34<30:23,  1.13it/s]
qwen2.5-vl/pope/ricd/aokvqa/popular/seed1:  32%|███▏      | 949/3000 [10:35<27:04,  1.26it/s]
qwen2.5-vl/pope/ricd/aokvqa/popular/seed1:  32%|███▏      | 950/3000 [10:35<24:49,  1.38it/s]
qwen2.5-vl/pope/ricd/aokvqa/popular/seed1:  32%|███▏      | 951/3000 [10:36<23:13,  1.47it/s]
qwen2.5-vl/pope/ricd/aokvqa/popular/seed1:  32%|███▏      | 952/3000 [10:37<22:07,  1.54it/s]
qwen2.5-vl/pope/ricd/aokvqa/popular/seed1:  32%|███▏      | 953/3000 [10:37<21:21,  1.60it/s]
qwen2.5-vl/pope/ricd/aokvqa/popular/seed1:  32%|███▏      | 954/3000 [10:38<20:58,  1.63it/s]
qwen2.5-vl/pope/ricd/aokvqa/popular/seed1:  32%|███▏      | 955/3000 [10:38<20:48,  1.64it/s]
qwen2.5-vl/pope/ricd/aokvqa/popular/seed1:  32%|███▏      | 956/3000 [10:39<20:41,  1.65it/s]
qwen2.5-vl/pope/ricd/aokvqa/popular/seed1:  32%|███▏      | 957/3000 [10:40<20:24,  1.67it/s]
qwen2.5-vl/pope/ricd/aokvqa/popular/seed1:  32%|███▏      | 958/3000 [10:40<20:15,  1.68it/s]
qwen2.5-vl/pope/ricd/aokvqa/popular/seed1:  32%|███▏      | 959/3000 [10:41<20:04,  1.69it/s]
qwen2.5-vl/pope/ricd/aokvqa/popular/seed1:  32%|███▏      | 960/3000 [10:41<19:59,  1.70it/s]
qwen2.5-vl/pope/ricd/aokvqa/popular/seed1:  32%|███▏      | 961/3000 [10:42<20:15,  1.68it/s]
qwen2.5-vl/pope/ricd/aokvqa/popular/seed1:  32%|███▏      | 962/3000 [10:42<20:26,  1.66it/s]
qwen2.5-vl/pope/ricd/aokvqa/popular/seed1:  32%|███▏      | 963/3000 [10:43<20:35,  1.65it/s]
qwen2.5-vl/pope/ricd/aokvqa/popular/seed1:  32%|███▏      | 964/3000 [10:44<20:43,  1.64it/s]
qwen2.5-vl/pope/ricd/aokvqa/popular/seed1:  32%|███▏      | 965/3000 [10:44<20:48,  1.63it/s]
qwen2.5-vl/pope/ricd/aokvqa/popular/seed1:  32%|███▏      | 966/3000 [10:45<21:03,  1.61it/s]
qwen2.5-vl/pope/ricd/aokvqa/popular/seed1:  32%|███▏      | 967/3000 [10:46<21:16,  1.59it/s]
qwen2.5-vl/pope/ricd/aokvqa/popular/seed1:  32%|███▏      | 968/3000 [10:46<21:23,  1.58it/s]
qwen2.5-vl/pope/ricd/aokvqa/popular/seed1:  32%|███▏      | 969/3000 [10:47<21:12,  1.60it/s]
qwen2.5-vl/pope/ricd/aokvqa/popular/seed1:  32%|███▏      | 970/3000 [10:47<21:06,  1.60it/s]
qwen2.5-vl/pope/ricd/aokvqa/popular/seed1:  32%|███▏      | 971/3000 [10:48<20:59,  1.61it/s]
qwen2.5-vl/pope/ricd/aokvqa/popular/seed1:  32%|███▏      | 972/3000 [10:49<20:54,  1.62it/s]
qwen2.5-vl/pope/ricd/aokvqa/popular/seed1:  32%|███▏      | 973/3000 [10:49<22:00,  1.53it/s]
qwen2.5-vl/pope/ricd/aokvqa/popular/seed1:  32%|███▏      | 974/3000 [10:50<22:47,  1.48it/s]
qwen2.5-vl/pope/ricd/aokvqa/popular/seed1:  32%|███▎      | 975/3000 [10:51<23:20,  1.45it/s]
qwen2.5-vl/pope/ricd/aokvqa/popular/seed1:  33%|███▎      | 976/3000 [10:52<23:42,  1.42it/s]
qwen2.5-vl/pope/ricd/aokvqa/popular/seed1:  33%|███▎      | 977/3000 [10:52<23:57,  1.41it/s]
qwen2.5-vl/pope/ricd/aokvqa/popular/seed1:  33%|███▎      | 978/3000 [10:53<24:09,  1.39it/s]
qwen2.5-vl/pope/ricd/aokvqa/popular/seed1:  33%|███▎      | 979/3000 [10:54<24:16,  1.39it/s]
qwen2.5-vl/pope/ricd/aokvqa/popular/seed1:  33%|███▎      | 980/3000 [10:55<24:21,  1.38it/s]
qwen2.5-vl/pope/ricd/aokvqa/popular/seed1:  33%|███▎      | 981/3000 [10:55<24:25,  1.38it/s]
qwen2.5-vl/pope/ricd/aokvqa/popular/seed1:  33%|███▎      | 982/3000 [10:56<24:26,  1.38it/s]
qwen2.5-vl/pope/ricd/aokvqa/popular/seed1:  33%|███▎      | 983/3000 [10:57<24:26,  1.38it/s]
qwen2.5-vl/pope/ricd/aokvqa/popular/seed1:  33%|███▎      | 984/3000 [10:57<24:27,  1.37it/s]
qwen2.5-vl/pope/ricd/aokvqa/popular/seed1:  33%|███▎      | 985/3000 [10:58<24:57,  1.35it/s]
qwen2.5-vl/pope/ricd/aokvqa/popular/seed1:  33%|███▎      | 986/3000 [10:59<25:18,  1.33it/s]
qwen2.5-vl/pope/ricd/aokvqa/popular/seed1:  33%|███▎      | 987/3000 [11:00<25:32,  1.31it/s]
qwen2.5-vl/pope/ricd/aokvqa/popular/seed1:  33%|███▎      | 988/3000 [11:01<25:45,  1.30it/s]
qwen2.5-vl/pope/ricd/aokvqa/popular/seed1:  33%|███▎      | 989/3000 [11:01<25:55,  1.29it/s]
qwen2.5-vl/pope/ricd/aokvqa/popular/seed1:  33%|███▎      | 990/3000 [11:02<25:57,  1.29it/s]
qwen2.5-vl/pope/ricd/aokvqa/popular/seed1:  33%|███▎      | 991/3000 [11:03<25:19,  1.32it/s]
qwen2.5-vl/pope/ricd/aokvqa/popular/seed1:  33%|███▎      | 992/3000 [11:04<24:56,  1.34it/s]
qwen2.5-vl/pope/ricd/aokvqa/popular/seed1:  33%|███▎      | 993/3000 [11:04<24:37,  1.36it/s]
qwen2.5-vl/pope/ricd/aokvqa/popular/seed1:  33%|███▎      | 994/3000 [11:05<24:23,  1.37it/s]
qwen2.5-vl/pope/ricd/aokvqa/popular/seed1:  33%|███▎      | 995/3000 [11:06<24:14,  1.38it/s]
qwen2.5-vl/pope/ricd/aokvqa/popular/seed1:  33%|███▎      | 996/3000 [11:06<24:07,  1.38it/s]
qwen2.5-vl/pope/ricd/aokvqa/popular/seed1:  33%|███▎      | 997/3000 [11:07<22:59,  1.45it/s]
qwen2.5-vl/pope/ricd/aokvqa/popular/seed1:  33%|███▎      | 998/3000 [11:08<22:14,  1.50it/s]
qwen2.5-vl/pope/ricd/aokvqa/popular/seed1:  33%|███▎      | 999/3000 [11:08<21:39,  1.54it/s]
qwen2.5-vl/pope/ricd/aokvqa/popular/seed1:  33%|███▎      | 1000/3000 [11:09<21:15,  1.57it/s]
qwen2.5-vl/pope/ricd/aokvqa/popular/seed1:  33%|███▎      | 1001/3000 [11:10<20:57,  1.59it/s]
qwen2.5-vl/pope/ricd/aokvqa/popular/seed1:  33%|███▎      | 1002/3000 [11:10<20:47,  1.60it/s]
qwen2.5-vl/pope/ricd/aokvqa/popular/seed1:  33%|███▎      | 1003/3000 [11:11<20:38,  1.61it/s]
qwen2.5-vl/pope/ricd/aokvqa/popular/seed1:  33%|███▎      | 1004/3000 [11:11<20:32,  1.62it/s]
qwen2.5-vl/pope/ricd/aokvqa/popular/seed1:  34%|███▎      | 1005/3000 [11:12<20:27,  1.63it/s]
qwen2.5-vl/pope/ricd/aokvqa/popular/seed1:  34%|███▎      | 1006/3000 [11:13<20:23,  1.63it/s]
qwen2.5-vl/pope/ricd/aokvqa/popular/seed1:  34%|███▎      | 1007/3000 [11:13<20:21,  1.63it/s]
qwen2.5-vl/pope/ricd/aokvqa/popular/seed1:  34%|███▎      | 1008/3000 [11:14<20:22,  1.63it/s]
qwen2.5-vl/pope/ricd/aokvqa/popular/seed1:  34%|███▎      | 1009/3000 [11:15<22:04,  1.50it/s]
qwen2.5-vl/pope/ricd/aokvqa/popular/seed1:  34%|███▎      | 1010/3000 [11:15<23:11,  1.43it/s]
qwen2.5-vl/pope/ricd/aokvqa/popular/seed1:  34%|███▎      | 1011/3000 [11:16<23:57,  1.38it/s]
qwen2.5-vl/pope/ricd/aokvqa/popular/seed1:  34%|███▎      | 1012/3000 [11:17<24:31,  1.35it/s]
qwen2.5-vl/pope/ricd/aokvqa/popular/seed1:  34%|███▍      | 1013/3000 [11:18<24:58,  1.33it/s]
qwen2.5-vl/pope/ricd/aokvqa/popular/seed1:  34%|███▍      | 1014/3000 [11:18<25:12,  1.31it/s]
qwen2.5-vl/pope/ricd/aokvqa/popular/seed1:  34%|███▍      | 1015/3000 [11:19<21:18,  1.55it/s]
qwen2.5-vl/pope/ricd/aokvqa/popular/seed1:  34%|███▍      | 1016/3000 [11:19<18:34,  1.78it/s]
qwen2.5-vl/pope/ricd/aokvqa/popular/seed1:  34%|███▍      | 1017/3000 [11:20<16:39,  1.98it/s]
qwen2.5-vl/pope/ricd/aokvqa/popular/seed1:  34%|███▍      | 1018/3000 [11:20<15:18,  2.16it/s]
qwen2.5-vl/pope/ricd/aokvqa/popular/seed1:  34%|███▍      | 1019/3000 [11:20<14:22,  2.30it/s]
qwen2.5-vl/pope/ricd/aokvqa/popular/seed1:  34%|███▍      | 1020/3000 [11:21<13:45,  2.40it/s]
qwen2.5-vl/pope/ricd/aokvqa/popular/seed1:  34%|███▍      | 1021/3000 [11:21<15:38,  2.11it/s]
qwen2.5-vl/pope/ricd/aokvqa/popular/seed1:  34%|███▍      | 1022/3000 [11:22<16:57,  1.94it/s]
qwen2.5-vl/pope/ricd/aokvqa/popular/seed1:  34%|███▍      | 1023/3000 [11:23<17:53,  1.84it/s]
qwen2.5-vl/pope/ricd/aokvqa/popular/seed1:  34%|███▍      | 1024/3000 [11:23<18:33,  1.77it/s]
qwen2.5-vl/pope/ricd/aokvqa/popular/seed1:  34%|███▍      | 1025/3000 [11:24<18:59,  1.73it/s]
qwen2.5-vl/pope/ricd/aokvqa/popular/seed1:  34%|███▍      | 1026/3000 [11:24<19:17,  1.70it/s]
qwen2.5-vl/pope/ricd/aokvqa/popular/seed1:  34%|███▍      | 1027/3000 [11:25<19:42,  1.67it/s]
qwen2.5-vl/pope/ricd/aokvqa/popular/seed1:  34%|███▍      | 1028/3000 [11:26<19:50,  1.66it/s]
qwen2.5-vl/pope/ricd/aokvqa/popular/seed1:  34%|███▍      | 1029/3000 [11:26<19:54,  1.65it/s]
qwen2.5-vl/pope/ricd/aokvqa/popular/seed1:  34%|███▍      | 1030/3000 [11:27<19:58,  1.64it/s]
qwen2.5-vl/pope/ricd/aokvqa/popular/seed1:  34%|███▍      | 1031/3000 [11:27<20:03,  1.64it/s]
qwen2.5-vl/pope/ricd/aokvqa/popular/seed1:  34%|███▍      | 1032/3000 [11:28<20:03,  1.63it/s]
qwen2.5-vl/pope/ricd/aokvqa/popular/seed1:  34%|███▍      | 1033/3000 [11:29<20:03,  1.63it/s]
qwen2.5-vl/pope/ricd/aokvqa/popular/seed1:  34%|███▍      | 1034/3000 [11:29<20:03,  1.63it/s]
qwen2.5-vl/pope/ricd/aokvqa/popular/seed1:  34%|███▍      | 1035/3000 [11:30<20:03,  1.63it/s]
qwen2.5-vl/pope/ricd/aokvqa/popular/seed1:  35%|███▍      | 1036/3000 [11:30<20:03,  1.63it/s]
qwen2.5-vl/pope/ricd/aokvqa/popular/seed1:  35%|███▍      | 1037/3000 [11:31<20:02,  1.63it/s]
qwen2.5-vl/pope/ricd/aokvqa/popular/seed1:  35%|███▍      | 1038/3000 [11:32<20:02,  1.63it/s]
qwen2.5-vl/pope/ricd/aokvqa/popular/seed1:  35%|███▍      | 1039/3000 [11:32<21:01,  1.56it/s]
qwen2.5-vl/pope/ricd/aokvqa/popular/seed1:  35%|███▍      | 1040/3000 [11:33<21:41,  1.51it/s]
qwen2.5-vl/pope/ricd/aokvqa/popular/seed1:  35%|███▍      | 1041/3000 [11:34<22:11,  1.47it/s]
qwen2.5-vl/pope/ricd/aokvqa/popular/seed1:  35%|███▍      | 1042/3000 [11:35<22:31,  1.45it/s]
qwen2.5-vl/pope/ricd/aokvqa/popular/seed1:  35%|███▍      | 1043/3000 [11:35<22:45,  1.43it/s]
qwen2.5-vl/pope/ricd/aokvqa/popular/seed1:  35%|███▍      | 1044/3000 [11:36<22:55,  1.42it/s]
qwen2.5-vl/pope/ricd/aokvqa/popular/seed1:  35%|███▍      | 1045/3000 [11:37<23:12,  1.40it/s]
qwen2.5-vl/pope/ricd/aokvqa/popular/seed1:  35%|███▍      | 1046/3000 [11:37<23:23,  1.39it/s]
qwen2.5-vl/pope/ricd/aokvqa/popular/seed1:  35%|███▍      | 1047/3000 [11:38<23:31,  1.38it/s]
qwen2.5-vl/pope/ricd/aokvqa/popular/seed1:  35%|███▍      | 1048/3000 [11:39<23:36,  1.38it/s]
qwen2.5-vl/pope/ricd/aokvqa/popular/seed1:  35%|███▍      | 1049/3000 [11:40<23:39,  1.37it/s]
qwen2.5-vl/pope/ricd/aokvqa/popular/seed1:  35%|███▌      | 1050/3000 [11:40<23:56,  1.36it/s]
qwen2.5-vl/pope/ricd/aokvqa/popular/seed1:  35%|███▌      | 1051/3000 [11:41<20:40,  1.57it/s]
qwen2.5-vl/pope/ricd/aokvqa/popular/seed1:  35%|███▌      | 1052/3000 [11:41<18:22,  1.77it/s]
qwen2.5-vl/pope/ricd/aokvqa/popular/seed1:  35%|███▌      | 1053/3000 [11:42<16:42,  1.94it/s]
qwen2.5-vl/pope/ricd/aokvqa/popular/seed1:  35%|███▌      | 1054/3000 [11:42<15:23,  2.11it/s]
qwen2.5-vl/pope/ricd/aokvqa/popular/seed1:  35%|███▌      | 1055/3000 [11:42<14:27,  2.24it/s]
qwen2.5-vl/pope/ricd/aokvqa/popular/seed1:  35%|███▌      | 1056/3000 [11:43<13:49,  2.34it/s]
qwen2.5-vl/pope/ricd/aokvqa/popular/seed1:  35%|███▌      | 1057/3000 [11:44<17:17,  1.87it/s]
qwen2.5-vl/pope/ricd/aokvqa/popular/seed1:  35%|███▌      | 1058/3000 [11:44<19:39,  1.65it/s]
qwen2.5-vl/pope/ricd/aokvqa/popular/seed1:  35%|███▌      | 1059/3000 [11:45<21:19,  1.52it/s]
qwen2.5-vl/pope/ricd/aokvqa/popular/seed1:  35%|███▌      | 1060/3000 [11:46<22:29,  1.44it/s]
qwen2.5-vl/pope/ricd/aokvqa/popular/seed1:  35%|███▌      | 1061/3000 [11:47<23:19,  1.39it/s]
qwen2.5-vl/pope/ricd/aokvqa/popular/seed1:  35%|███▌      | 1062/3000 [11:47<23:57,  1.35it/s]
qwen2.5-vl/pope/ricd/aokvqa/popular/seed1:  35%|███▌      | 1063/3000 [11:48<20:32,  1.57it/s]
qwen2.5-vl/pope/ricd/aokvqa/popular/seed1:  35%|███▌      | 1064/3000 [11:48<18:06,  1.78it/s]
qwen2.5-vl/pope/ricd/aokvqa/popular/seed1:  36%|███▌      | 1065/3000 [11:49<16:24,  1.97it/s]
qwen2.5-vl/pope/ricd/aokvqa/popular/seed1:  36%|███▌      | 1066/3000 [11:49<15:13,  2.12it/s]
qwen2.5-vl/pope/ricd/aokvqa/popular/seed1:  36%|███▌      | 1067/3000 [11:49<14:21,  2.24it/s]
qwen2.5-vl/pope/ricd/aokvqa/popular/seed1:  36%|███▌      | 1068/3000 [11:50<13:45,  2.34it/s]
qwen2.5-vl/pope/ricd/aokvqa/popular/seed1:  36%|███▌      | 1069/3000 [11:50<15:25,  2.09it/s]
qwen2.5-vl/pope/ricd/aokvqa/popular/seed1:  36%|███▌      | 1070/3000 [11:51<16:35,  1.94it/s]
qwen2.5-vl/pope/ricd/aokvqa/popular/seed1:  36%|███▌      | 1071/3000 [11:52<17:25,  1.84it/s]
qwen2.5-vl/pope/ricd/aokvqa/popular/seed1:  36%|███▌      | 1072/3000 [11:52<17:59,  1.79it/s]
qwen2.5-vl/pope/ricd/aokvqa/popular/seed1:  36%|███▌      | 1073/3000 [11:53<18:22,  1.75it/s]
qwen2.5-vl/pope/ricd/aokvqa/popular/seed1:  36%|███▌      | 1074/3000 [11:53<18:41,  1.72it/s]
qwen2.5-vl/pope/ricd/aokvqa/popular/seed1:  36%|███▌      | 1075/3000 [11:54<19:33,  1.64it/s]
qwen2.5-vl/pope/ricd/aokvqa/popular/seed1:  36%|███▌      | 1076/3000 [11:55<20:07,  1.59it/s]
qwen2.5-vl/pope/ricd/aokvqa/popular/seed1:  36%|███▌      | 1077/3000 [11:55<20:33,  1.56it/s]
qwen2.5-vl/pope/ricd/aokvqa/popular/seed1:  36%|███▌      | 1078/3000 [11:56<20:49,  1.54it/s]
qwen2.5-vl/pope/ricd/aokvqa/popular/seed1:  36%|███▌      | 1079/3000 [11:57<20:58,  1.53it/s]
qwen2.5-vl/pope/ricd/aokvqa/popular/seed1:  36%|███▌      | 1080/3000 [11:57<21:11,  1.51it/s]
qwen2.5-vl/pope/ricd/aokvqa/popular/seed1:  36%|███▌      | 1081/3000 [11:58<21:52,  1.46it/s]
qwen2.5-vl/pope/ricd/aokvqa/popular/seed1:  36%|███▌      | 1082/3000 [11:59<22:23,  1.43it/s]
qwen2.5-vl/pope/ricd/aokvqa/popular/seed1:  36%|███▌      | 1083/3000 [12:00<22:41,  1.41it/s]
qwen2.5-vl/pope/ricd/aokvqa/popular/seed1:  36%|███▌      | 1084/3000 [12:00<23:03,  1.39it/s]
qwen2.5-vl/pope/ricd/aokvqa/popular/seed1:  36%|███▌      | 1085/3000 [12:01<23:17,  1.37it/s]
qwen2.5-vl/pope/ricd/aokvqa/popular/seed1:  36%|███▌      | 1086/3000 [12:02<23:26,  1.36it/s]
qwen2.5-vl/pope/ricd/aokvqa/popular/seed1:  36%|███▌      | 1087/3000 [12:03<22:22,  1.42it/s]
qwen2.5-vl/pope/ricd/aokvqa/popular/seed1:  36%|███▋      | 1088/3000 [12:03<21:39,  1.47it/s]
qwen2.5-vl/pope/ricd/aokvqa/popular/seed1:  36%|███▋      | 1089/3000 [12:04<21:26,  1.49it/s]
qwen2.5-vl/pope/ricd/aokvqa/popular/seed1:  36%|███▋      | 1090/3000 [12:04<21:10,  1.50it/s]
qwen2.5-vl/pope/ricd/aokvqa/popular/seed1:  36%|███▋      | 1091/3000 [12:05<20:57,  1.52it/s]
qwen2.5-vl/pope/ricd/aokvqa/popular/seed1:  36%|███▋      | 1092/3000 [12:06<20:49,  1.53it/s]
qwen2.5-vl/pope/ricd/aokvqa/popular/seed1:  36%|███▋      | 1093/3000 [12:06<20:39,  1.54it/s]
qwen2.5-vl/pope/ricd/aokvqa/popular/seed1:  36%|███▋      | 1094/3000 [12:07<20:36,  1.54it/s]
qwen2.5-vl/pope/ricd/aokvqa/popular/seed1:  36%|███▋      | 1095/3000 [12:08<20:31,  1.55it/s]
qwen2.5-vl/pope/ricd/aokvqa/popular/seed1:  37%|███▋      | 1096/3000 [12:08<20:19,  1.56it/s]
qwen2.5-vl/pope/ricd/aokvqa/popular/seed1:  37%|███▋      | 1097/3000 [12:09<20:08,  1.58it/s]
qwen2.5-vl/pope/ricd/aokvqa/popular/seed1:  37%|███▋      | 1098/3000 [12:10<20:04,  1.58it/s]
qwen2.5-vl/pope/ricd/aokvqa/popular/seed1:  37%|███▋      | 1099/3000 [12:10<21:01,  1.51it/s]
qwen2.5-vl/pope/ricd/aokvqa/popular/seed1:  37%|███▋      | 1100/3000 [12:11<21:36,  1.47it/s]
qwen2.5-vl/pope/ricd/aokvqa/popular/seed1:  37%|███▋      | 1101/3000 [12:12<22:00,  1.44it/s]
qwen2.5-vl/pope/ricd/aokvqa/popular/seed1:  37%|███▋      | 1102/3000 [12:12<22:19,  1.42it/s]
qwen2.5-vl/pope/ricd/aokvqa/popular/seed1:  37%|███▋      | 1103/3000 [12:13<22:31,  1.40it/s]
qwen2.5-vl/pope/ricd/aokvqa/popular/seed1:  37%|███▋      | 1104/3000 [12:14<22:39,  1.39it/s]
qwen2.5-vl/pope/ricd/aokvqa/popular/seed1:  37%|███▋      | 1105/3000 [12:15<23:00,  1.37it/s]
qwen2.5-vl/pope/ricd/aokvqa/popular/seed1:  37%|███▋      | 1106/3000 [12:15<23:03,  1.37it/s]
qwen2.5-vl/pope/ricd/aokvqa/popular/seed1:  37%|███▋      | 1107/3000 [12:16<23:08,  1.36it/s]
qwen2.5-vl/pope/ricd/aokvqa/popular/seed1:  37%|███▋      | 1108/3000 [12:17<23:12,  1.36it/s]
qwen2.5-vl/pope/ricd/aokvqa/popular/seed1:  37%|███▋      | 1109/3000 [12:18<23:09,  1.36it/s]
qwen2.5-vl/pope/ricd/aokvqa/popular/seed1:  37%|███▋      | 1110/3000 [12:18<23:10,  1.36it/s]
qwen2.5-vl/pope/ricd/aokvqa/popular/seed1:  37%|███▋      | 1111/3000 [12:19<24:40,  1.28it/s]
qwen2.5-vl/pope/ricd/aokvqa/popular/seed1:  37%|███▋      | 1112/3000 [12:20<25:50,  1.22it/s]
qwen2.5-vl/pope/ricd/aokvqa/popular/seed1:  37%|███▋      | 1113/3000 [12:21<26:40,  1.18it/s]
qwen2.5-vl/pope/ricd/aokvqa/popular/seed1:  37%|███▋      | 1114/3000 [12:22<27:17,  1.15it/s]
qwen2.5-vl/pope/ricd/aokvqa/popular/seed1:  37%|███▋      | 1115/3000 [12:23<27:43,  1.13it/s]
qwen2.5-vl/pope/ricd/aokvqa/popular/seed1:  37%|███▋      | 1116/3000 [12:24<27:54,  1.13it/s]
qwen2.5-vl/pope/ricd/aokvqa/popular/seed1:  37%|███▋      | 1117/3000 [12:24<25:18,  1.24it/s]
qwen2.5-vl/pope/ricd/aokvqa/popular/seed1:  37%|███▋      | 1118/3000 [12:25<23:28,  1.34it/s]
qwen2.5-vl/pope/ricd/aokvqa/popular/seed1:  37%|███▋      | 1119/3000 [12:26<22:12,  1.41it/s]
qwen2.5-vl/pope/ricd/aokvqa/popular/seed1:  37%|███▋      | 1120/3000 [12:26<21:20,  1.47it/s]
qwen2.5-vl/pope/ricd/aokvqa/popular/seed1:  37%|███▋      | 1121/3000 [12:27<20:41,  1.51it/s]
qwen2.5-vl/pope/ricd/aokvqa/popular/seed1:  37%|███▋      | 1122/3000 [12:27<20:15,  1.55it/s]
qwen2.5-vl/pope/ricd/aokvqa/popular/seed1:  37%|███▋      | 1123/3000 [12:28<21:09,  1.48it/s]
qwen2.5-vl/pope/ricd/aokvqa/popular/seed1:  37%|███▋      | 1124/3000 [12:29<21:52,  1.43it/s]
qwen2.5-vl/pope/ricd/aokvqa/popular/seed1:  38%|███▊      | 1125/3000 [12:30<22:17,  1.40it/s]
qwen2.5-vl/pope/ricd/aokvqa/popular/seed1:  38%|███▊      | 1126/3000 [12:30<22:34,  1.38it/s]
qwen2.5-vl/pope/ricd/aokvqa/popular/seed1:  38%|███▊      | 1127/3000 [12:31<22:40,  1.38it/s]
qwen2.5-vl/pope/ricd/aokvqa/popular/seed1:  38%|███▊      | 1128/3000 [12:32<22:43,  1.37it/s]
qwen2.5-vl/pope/ricd/aokvqa/popular/seed1:  38%|███▊      | 1129/3000 [12:33<21:38,  1.44it/s]
qwen2.5-vl/pope/ricd/aokvqa/popular/seed1:  38%|███▊      | 1130/3000 [12:33<20:59,  1.48it/s]
qwen2.5-vl/pope/ricd/aokvqa/popular/seed1:  38%|███▊      | 1131/3000 [12:34<20:29,  1.52it/s]
qwen2.5-vl/pope/ricd/aokvqa/popular/seed1:  38%|███▊      | 1132/3000 [12:34<20:07,  1.55it/s]
qwen2.5-vl/pope/ricd/aokvqa/popular/seed1:  38%|███▊      | 1133/3000 [12:35<19:53,  1.56it/s]
qwen2.5-vl/pope/ricd/aokvqa/popular/seed1:  38%|███▊      | 1134/3000 [12:36<19:44,  1.58it/s]
qwen2.5-vl/pope/ricd/aokvqa/popular/seed1:  38%|███▊      | 1135/3000 [12:36<19:34,  1.59it/s]
qwen2.5-vl/pope/ricd/aokvqa/popular/seed1:  38%|███▊      | 1136/3000 [12:37<19:22,  1.60it/s]
qwen2.5-vl/pope/ricd/aokvqa/popular/seed1:  38%|███▊      | 1137/3000 [12:38<19:15,  1.61it/s]
qwen2.5-vl/pope/ricd/aokvqa/popular/seed1:  38%|███▊      | 1138/3000 [12:38<19:13,  1.61it/s]
qwen2.5-vl/pope/ricd/aokvqa/popular/seed1:  38%|███▊      | 1139/3000 [12:39<19:11,  1.62it/s]
qwen2.5-vl/pope/ricd/aokvqa/popular/seed1:  38%|███▊      | 1140/3000 [12:39<19:12,  1.61it/s]
qwen2.5-vl/pope/ricd/aokvqa/popular/seed1:  38%|███▊      | 1141/3000 [12:40<19:12,  1.61it/s]
qwen2.5-vl/pope/ricd/aokvqa/popular/seed1:  38%|███▊      | 1142/3000 [12:41<19:12,  1.61it/s]
qwen2.5-vl/pope/ricd/aokvqa/popular/seed1:  38%|███▊      | 1143/3000 [12:41<19:26,  1.59it/s]
qwen2.5-vl/pope/ricd/aokvqa/popular/seed1:  38%|███▊      | 1144/3000 [12:42<19:23,  1.60it/s]
qwen2.5-vl/pope/ricd/aokvqa/popular/seed1:  38%|███▊      | 1145/3000 [12:43<19:21,  1.60it/s]
qwen2.5-vl/pope/ricd/aokvqa/popular/seed1:  38%|███▊      | 1146/3000 [12:43<19:18,  1.60it/s]
qwen2.5-vl/pope/ricd/aokvqa/popular/seed1:  38%|███▊      | 1147/3000 [12:44<19:15,  1.60it/s]
qwen2.5-vl/pope/ricd/aokvqa/popular/seed1:  38%|███▊      | 1148/3000 [12:44<19:13,  1.61it/s]
qwen2.5-vl/pope/ricd/aokvqa/popular/seed1:  38%|███▊      | 1149/3000 [12:45<19:13,  1.60it/s]
qwen2.5-vl/pope/ricd/aokvqa/popular/seed1:  38%|███▊      | 1150/3000 [12:46<19:09,  1.61it/s]
qwen2.5-vl/pope/ricd/aokvqa/popular/seed1:  38%|███▊      | 1151/3000 [12:46<19:04,  1.62it/s]
qwen2.5-vl/pope/ricd/aokvqa/popular/seed1:  38%|███▊      | 1152/3000 [12:47<19:00,  1.62it/s]
qwen2.5-vl/pope/ricd/aokvqa/popular/seed1:  38%|███▊      | 1153/3000 [12:47<18:56,  1.62it/s]
qwen2.5-vl/pope/ricd/aokvqa/popular/seed1:  38%|███▊      | 1154/3000 [12:48<18:58,  1.62it/s]
qwen2.5-vl/pope/ricd/aokvqa/popular/seed1:  38%|███▊      | 1155/3000 [12:49<18:55,  1.63it/s]
qwen2.5-vl/pope/ricd/aokvqa/popular/seed1:  39%|███▊      | 1156/3000 [12:49<18:52,  1.63it/s]
qwen2.5-vl/pope/ricd/aokvqa/popular/seed1:  39%|███▊      | 1157/3000 [12:50<18:50,  1.63it/s]
qwen2.5-vl/pope/ricd/aokvqa/popular/seed1:  39%|███▊      | 1158/3000 [12:51<18:48,  1.63it/s]
qwen2.5-vl/pope/ricd/aokvqa/popular/seed1:  39%|███▊      | 1159/3000 [12:51<18:39,  1.64it/s]
qwen2.5-vl/pope/ricd/aokvqa/popular/seed1:  39%|███▊      | 1160/3000 [12:52<18:33,  1.65it/s]
qwen2.5-vl/pope/ricd/aokvqa/popular/seed1:  39%|███▊      | 1161/3000 [12:52<18:28,  1.66it/s]
qwen2.5-vl/pope/ricd/aokvqa/popular/seed1:  39%|███▊      | 1162/3000 [12:53<18:23,  1.67it/s]
qwen2.5-vl/pope/ricd/aokvqa/popular/seed1:  39%|███▉      | 1163/3000 [12:53<18:19,  1.67it/s]
qwen2.5-vl/pope/ricd/aokvqa/popular/seed1:  39%|███▉      | 1164/3000 [12:54<18:17,  1.67it/s]
qwen2.5-vl/pope/ricd/aokvqa/popular/seed1:  39%|███▉      | 1165/3000 [12:55<18:23,  1.66it/s]
qwen2.5-vl/pope/ricd/aokvqa/popular/seed1:  39%|███▉      | 1166/3000 [12:55<18:27,  1.66it/s]
qwen2.5-vl/pope/ricd/aokvqa/popular/seed1:  39%|███▉      | 1167/3000 [12:56<18:30,  1.65it/s]
qwen2.5-vl/pope/ricd/aokvqa/popular/seed1:  39%|███▉      | 1168/3000 [12:57<18:34,  1.64it/s]
qwen2.5-vl/pope/ricd/aokvqa/popular/seed1:  39%|███▉      | 1169/3000 [12:57<18:39,  1.64it/s]
qwen2.5-vl/pope/ricd/aokvqa/popular/seed1:  39%|███▉      | 1170/3000 [12:58<18:44,  1.63it/s]
qwen2.5-vl/pope/ricd/aokvqa/popular/seed1:  39%|███▉      | 1171/3000 [12:58<18:46,  1.62it/s]
qwen2.5-vl/pope/ricd/aokvqa/popular/seed1:  39%|███▉      | 1172/3000 [12:59<18:48,  1.62it/s]
qwen2.5-vl/pope/ricd/aokvqa/popular/seed1:  39%|███▉      | 1173/3000 [13:00<18:50,  1.62it/s]
qwen2.5-vl/pope/ricd/aokvqa/popular/seed1:  39%|███▉      | 1174/3000 [13:00<18:51,  1.61it/s]
qwen2.5-vl/pope/ricd/aokvqa/popular/seed1:  39%|███▉      | 1175/3000 [13:01<18:52,  1.61it/s]
qwen2.5-vl/pope/ricd/aokvqa/popular/seed1:  39%|███▉      | 1176/3000 [13:01<18:48,  1.62it/s]
qwen2.5-vl/pope/ricd/aokvqa/popular/seed1:  39%|███▉      | 1177/3000 [13:02<19:48,  1.53it/s]
qwen2.5-vl/pope/ricd/aokvqa/popular/seed1:  39%|███▉      | 1178/3000 [13:03<20:36,  1.47it/s]
qwen2.5-vl/pope/ricd/aokvqa/popular/seed1:  39%|███▉      | 1179/3000 [13:04<21:10,  1.43it/s]
qwen2.5-vl/pope/ricd/aokvqa/popular/seed1:  39%|███▉      | 1180/3000 [13:04<21:34,  1.41it/s]
qwen2.5-vl/pope/ricd/aokvqa/popular/seed1:  39%|███▉      | 1181/3000 [13:05<21:50,  1.39it/s]
qwen2.5-vl/pope/ricd/aokvqa/popular/seed1:  39%|███▉      | 1182/3000 [13:06<22:00,  1.38it/s]
qwen2.5-vl/pope/ricd/aokvqa/popular/seed1:  39%|███▉      | 1183/3000 [13:07<22:07,  1.37it/s]
qwen2.5-vl/pope/ricd/aokvqa/popular/seed1:  39%|███▉      | 1184/3000 [13:07<22:13,  1.36it/s]
qwen2.5-vl/pope/ricd/aokvqa/popular/seed1:  40%|███▉      | 1185/3000 [13:08<22:12,  1.36it/s]
qwen2.5-vl/pope/ricd/aokvqa/popular/seed1:  40%|███▉      | 1186/3000 [13:09<22:08,  1.37it/s]
qwen2.5-vl/pope/ricd/aokvqa/popular/seed1:  40%|███▉      | 1187/3000 [13:10<22:06,  1.37it/s]
qwen2.5-vl/pope/ricd/aokvqa/popular/seed1:  40%|███▉      | 1188/3000 [13:10<22:07,  1.36it/s]
qwen2.5-vl/pope/ricd/aokvqa/popular/seed1:  40%|███▉      | 1189/3000 [13:11<21:04,  1.43it/s]
qwen2.5-vl/pope/ricd/aokvqa/popular/seed1:  40%|███▉      | 1190/3000 [13:12<20:21,  1.48it/s]
qwen2.5-vl/pope/ricd/aokvqa/popular/seed1:  40%|███▉      | 1191/3000 [13:12<19:50,  1.52it/s]
qwen2.5-vl/pope/ricd/aokvqa/popular/seed1:  40%|███▉      | 1192/3000 [13:13<19:27,  1.55it/s]
qwen2.5-vl/pope/ricd/aokvqa/popular/seed1:  40%|███▉      | 1193/3000 [13:13<19:13,  1.57it/s]
qwen2.5-vl/pope/ricd/aokvqa/popular/seed1:  40%|███▉      | 1194/3000 [13:14<19:03,  1.58it/s]
qwen2.5-vl/pope/ricd/aokvqa/popular/seed1:  40%|███▉      | 1195/3000 [13:15<19:57,  1.51it/s]
qwen2.5-vl/pope/ricd/aokvqa/popular/seed1:  40%|███▉      | 1196/3000 [13:16<20:31,  1.46it/s]
qwen2.5-vl/pope/ricd/aokvqa/popular/seed1:  40%|███▉      | 1197/3000 [13:16<20:57,  1.43it/s]
qwen2.5-vl/pope/ricd/aokvqa/popular/seed1:  40%|███▉      | 1198/3000 [13:17<21:20,  1.41it/s]
qwen2.5-vl/pope/ricd/aokvqa/popular/seed1:  40%|███▉      | 1199/3000 [13:18<21:39,  1.39it/s]
qwen2.5-vl/pope/ricd/aokvqa/popular/seed1:  40%|████      | 1200/3000 [13:18<21:50,  1.37it/s]
qwen2.5-vl/pope/ricd/aokvqa/popular/seed1:  40%|████      | 1201/3000 [13:19<21:48,  1.38it/s]
qwen2.5-vl/pope/ricd/aokvqa/popular/seed1:  40%|████      | 1202/3000 [13:20<21:50,  1.37it/s]
qwen2.5-vl/pope/ricd/aokvqa/popular/seed1:  40%|████      | 1203/3000 [13:21<21:59,  1.36it/s]
qwen2.5-vl/pope/ricd/aokvqa/popular/seed1:  40%|████      | 1204/3000 [13:21<22:09,  1.35it/s]
qwen2.5-vl/pope/ricd/aokvqa/popular/seed1:  40%|████      | 1205/3000 [13:22<22:18,  1.34it/s]
qwen2.5-vl/pope/ricd/aokvqa/popular/seed1:  40%|████      | 1206/3000 [13:23<22:25,  1.33it/s]
qwen2.5-vl/pope/ricd/aokvqa/popular/seed1:  40%|████      | 1207/3000 [13:24<22:25,  1.33it/s]
qwen2.5-vl/pope/ricd/aokvqa/popular/seed1:  40%|████      | 1208/3000 [13:24<22:15,  1.34it/s]
qwen2.5-vl/pope/ricd/aokvqa/popular/seed1:  40%|████      | 1209/3000 [13:25<22:06,  1.35it/s]
qwen2.5-vl/pope/ricd/aokvqa/popular/seed1:  40%|████      | 1210/3000 [13:26<22:00,  1.36it/s]
qwen2.5-vl/pope/ricd/aokvqa/popular/seed1:  40%|████      | 1211/3000 [13:27<22:01,  1.35it/s]
qwen2.5-vl/pope/ricd/aokvqa/popular/seed1:  40%|████      | 1212/3000 [13:27<21:59,  1.35it/s]
qwen2.5-vl/pope/ricd/aokvqa/popular/seed1:  40%|████      | 1213/3000 [13:28<21:58,  1.36it/s]
qwen2.5-vl/pope/ricd/aokvqa/popular/seed1:  40%|████      | 1214/3000 [13:29<21:59,  1.35it/s]
qwen2.5-vl/pope/ricd/aokvqa/popular/seed1:  40%|████      | 1215/3000 [13:30<21:57,  1.36it/s]
qwen2.5-vl/pope/ricd/aokvqa/popular/seed1:  41%|████      | 1216/3000 [13:30<22:00,  1.35it/s]
qwen2.5-vl/pope/ricd/aokvqa/popular/seed1:  41%|████      | 1217/3000 [13:31<22:03,  1.35it/s]
qwen2.5-vl/pope/ricd/aokvqa/popular/seed1:  41%|████      | 1218/3000 [13:32<21:59,  1.35it/s]
qwen2.5-vl/pope/ricd/aokvqa/popular/seed1:  41%|████      | 1219/3000 [13:32<20:31,  1.45it/s]
qwen2.5-vl/pope/ricd/aokvqa/popular/seed1:  41%|████      | 1220/3000 [13:33<19:35,  1.51it/s]
qwen2.5-vl/pope/ricd/aokvqa/popular/seed1:  41%|████      | 1221/3000 [13:34<18:56,  1.57it/s]
qwen2.5-vl/pope/ricd/aokvqa/popular/seed1:  41%|████      | 1222/3000 [13:34<18:28,  1.60it/s]
qwen2.5-vl/pope/ricd/aokvqa/popular/seed1:  41%|████      | 1223/3000 [13:35<18:05,  1.64it/s]
qwen2.5-vl/pope/ricd/aokvqa/popular/seed1:  41%|████      | 1224/3000 [13:35<17:39,  1.68it/s]
qwen2.5-vl/pope/ricd/aokvqa/popular/seed1:  41%|████      | 1225/3000 [13:36<17:48,  1.66it/s]
qwen2.5-vl/pope/ricd/aokvqa/popular/seed1:  41%|████      | 1226/3000 [13:37<17:53,  1.65it/s]
qwen2.5-vl/pope/ricd/aokvqa/popular/seed1:  41%|████      | 1227/3000 [13:37<17:56,  1.65it/s]
qwen2.5-vl/pope/ricd/aokvqa/popular/seed1:  41%|████      | 1228/3000 [13:38<18:00,  1.64it/s]
qwen2.5-vl/pope/ricd/aokvqa/popular/seed1:  41%|████      | 1229/3000 [13:38<18:00,  1.64it/s]
qwen2.5-vl/pope/ricd/aokvqa/popular/seed1:  41%|████      | 1230/3000 [13:39<18:00,  1.64it/s]
qwen2.5-vl/pope/ricd/aokvqa/popular/seed1:  41%|████      | 1231/3000 [13:40<17:58,  1.64it/s]
qwen2.5-vl/pope/ricd/aokvqa/popular/seed1:  41%|████      | 1232/3000 [13:40<17:58,  1.64it/s]
qwen2.5-vl/pope/ricd/aokvqa/popular/seed1:  41%|████      | 1233/3000 [13:41<17:58,  1.64it/s]
qwen2.5-vl/pope/ricd/aokvqa/popular/seed1:  41%|████      | 1234/3000 [13:41<17:57,  1.64it/s]
qwen2.5-vl/pope/ricd/aokvqa/popular/seed1:  41%|████      | 1235/3000 [13:42<17:58,  1.64it/s]
qwen2.5-vl/pope/ricd/aokvqa/popular/seed1:  41%|████      | 1236/3000 [13:43<17:58,  1.64it/s]
qwen2.5-vl/pope/ricd/aokvqa/popular/seed1:  41%|████      | 1237/3000 [13:43<19:01,  1.54it/s]
qwen2.5-vl/pope/ricd/aokvqa/popular/seed1:  41%|████▏     | 1238/3000 [13:44<19:51,  1.48it/s]
qwen2.5-vl/pope/ricd/aokvqa/popular/seed1:  41%|████▏     | 1239/3000 [13:45<20:36,  1.42it/s]
qwen2.5-vl/pope/ricd/aokvqa/popular/seed1:  41%|████▏     | 1240/3000 [13:46<21:14,  1.38it/s]
qwen2.5-vl/pope/ricd/aokvqa/popular/seed1:  41%|████▏     | 1241/3000 [13:46<21:39,  1.35it/s]
qwen2.5-vl/pope/ricd/aokvqa/popular/seed1:  41%|████▏     | 1242/3000 [13:47<21:56,  1.33it/s]
qwen2.5-vl/pope/ricd/aokvqa/popular/seed1:  41%|████▏     | 1243/3000 [13:48<21:51,  1.34it/s]
qwen2.5-vl/pope/ricd/aokvqa/popular/seed1:  41%|████▏     | 1244/3000 [13:49<21:48,  1.34it/s]
qwen2.5-vl/pope/ricd/aokvqa/popular/seed1:  42%|████▏     | 1245/3000 [13:49<21:43,  1.35it/s]
qwen2.5-vl/pope/ricd/aokvqa/popular/seed1:  42%|████▏     | 1246/3000 [13:50<21:36,  1.35it/s]
qwen2.5-vl/pope/ricd/aokvqa/popular/seed1:  42%|████▏     | 1247/3000 [13:51<21:38,  1.35it/s]
qwen2.5-vl/pope/ricd/aokvqa/popular/seed1:  42%|████▏     | 1248/3000 [13:52<21:42,  1.35it/s]
qwen2.5-vl/pope/ricd/aokvqa/popular/seed1:  42%|████▏     | 1249/3000 [13:52<18:07,  1.61it/s]
qwen2.5-vl/pope/ricd/aokvqa/popular/seed1:  42%|████▏     | 1250/3000 [13:52<15:39,  1.86it/s]
qwen2.5-vl/pope/ricd/aokvqa/popular/seed1:  42%|████▏     | 1251/3000 [13:53<13:52,  2.10it/s]
qwen2.5-vl/pope/ricd/aokvqa/popular/seed1:  42%|████▏     | 1252/3000 [13:53<12:37,  2.31it/s]
qwen2.5-vl/pope/ricd/aokvqa/popular/seed1:  42%|████▏     | 1253/3000 [13:53<11:45,  2.48it/s]
qwen2.5-vl/pope/ricd/aokvqa/popular/seed1:  42%|████▏     | 1254/3000 [13:54<11:08,  2.61it/s]
qwen2.5-vl/pope/ricd/aokvqa/popular/seed1:  42%|████▏     | 1255/3000 [13:54<13:16,  2.19it/s]
qwen2.5-vl/pope/ricd/aokvqa/popular/seed1:  42%|████▏     | 1256/3000 [13:55<14:37,  1.99it/s]
qwen2.5-vl/pope/ricd/aokvqa/popular/seed1:  42%|████▏     | 1257/3000 [13:56<15:38,  1.86it/s]
qwen2.5-vl/pope/ricd/aokvqa/popular/seed1:  42%|████▏     | 1258/3000 [13:56<16:17,  1.78it/s]
qwen2.5-vl/pope/ricd/aokvqa/popular/seed1:  42%|████▏     | 1259/3000 [13:57<16:45,  1.73it/s]
qwen2.5-vl/pope/ricd/aokvqa/popular/seed1:  42%|████▏     | 1260/3000 [13:57<17:07,  1.69it/s]
qwen2.5-vl/pope/ricd/aokvqa/popular/seed1:  42%|████▏     | 1261/3000 [13:58<17:20,  1.67it/s]
qwen2.5-vl/pope/ricd/aokvqa/popular/seed1:  42%|████▏     | 1262/3000 [13:59<17:31,  1.65it/s]
qwen2.5-vl/pope/ricd/aokvqa/popular/seed1:  42%|████▏     | 1263/3000 [13:59<17:39,  1.64it/s]
qwen2.5-vl/pope/ricd/aokvqa/popular/seed1:  42%|████▏     | 1264/3000 [14:00<17:40,  1.64it/s]
qwen2.5-vl/pope/ricd/aokvqa/popular/seed1:  42%|████▏     | 1265/3000 [14:00<17:44,  1.63it/s]
qwen2.5-vl/pope/ricd/aokvqa/popular/seed1:  42%|████▏     | 1266/3000 [14:01<17:45,  1.63it/s]
qwen2.5-vl/pope/ricd/aokvqa/popular/seed1:  42%|████▏     | 1267/3000 [14:02<17:45,  1.63it/s]
qwen2.5-vl/pope/ricd/aokvqa/popular/seed1:  42%|████▏     | 1268/3000 [14:02<17:46,  1.62it/s]
qwen2.5-vl/pope/ricd/aokvqa/popular/seed1:  42%|████▏     | 1269/3000 [14:03<17:47,  1.62it/s]
qwen2.5-vl/pope/ricd/aokvqa/popular/seed1:  42%|████▏     | 1270/3000 [14:04<17:47,  1.62it/s]
qwen2.5-vl/pope/ricd/aokvqa/popular/seed1:  42%|████▏     | 1271/3000 [14:04<17:52,  1.61it/s]
qwen2.5-vl/pope/ricd/aokvqa/popular/seed1:  42%|████▏     | 1272/3000 [14:05<17:53,  1.61it/s]
qwen2.5-vl/pope/ricd/aokvqa/popular/seed1:  42%|████▏     | 1273/3000 [14:06<18:50,  1.53it/s]
qwen2.5-vl/pope/ricd/aokvqa/popular/seed1:  42%|████▏     | 1274/3000 [14:06<19:26,  1.48it/s]
qwen2.5-vl/pope/ricd/aokvqa/popular/seed1:  42%|████▎     | 1275/3000 [14:07<19:53,  1.45it/s]
qwen2.5-vl/pope/ricd/aokvqa/popular/seed1:  43%|████▎     | 1276/3000 [14:08<20:11,  1.42it/s]
qwen2.5-vl/pope/ricd/aokvqa/popular/seed1:  43%|████▎     | 1277/3000 [14:08<20:21,  1.41it/s]
qwen2.5-vl/pope/ricd/aokvqa/popular/seed1:  43%|████▎     | 1278/3000 [14:09<20:27,  1.40it/s]
qwen2.5-vl/pope/ricd/aokvqa/popular/seed1:  43%|████▎     | 1279/3000 [14:10<20:40,  1.39it/s]
qwen2.5-vl/pope/ricd/aokvqa/popular/seed1:  43%|████▎     | 1280/3000 [14:11<20:48,  1.38it/s]
qwen2.5-vl/pope/ricd/aokvqa/popular/seed1:  43%|████▎     | 1281/3000 [14:11<20:50,  1.37it/s]
qwen2.5-vl/pope/ricd/aokvqa/popular/seed1:  43%|████▎     | 1282/3000 [14:12<20:55,  1.37it/s]
qwen2.5-vl/pope/ricd/aokvqa/popular/seed1:  43%|████▎     | 1283/3000 [14:13<20:58,  1.36it/s]
qwen2.5-vl/pope/ricd/aokvqa/popular/seed1:  43%|████▎     | 1284/3000 [14:14<20:59,  1.36it/s]
qwen2.5-vl/pope/ricd/aokvqa/popular/seed1:  43%|████▎     | 1285/3000 [14:15<23:06,  1.24it/s]
qwen2.5-vl/pope/ricd/aokvqa/popular/seed1:  43%|████▎     | 1286/3000 [14:16<24:27,  1.17it/s]
qwen2.5-vl/pope/ricd/aokvqa/popular/seed1:  43%|████▎     | 1287/3000 [14:17<25:23,  1.12it/s]
qwen2.5-vl/pope/ricd/aokvqa/popular/seed1:  43%|████▎     | 1288/3000 [14:17<26:02,  1.10it/s]
qwen2.5-vl/pope/ricd/aokvqa/popular/seed1:  43%|████▎     | 1289/3000 [14:18<26:29,  1.08it/s]
qwen2.5-vl/pope/ricd/aokvqa/popular/seed1:  43%|████▎     | 1290/3000 [14:19<26:47,  1.06it/s]
qwen2.5-vl/pope/ricd/aokvqa/popular/seed1:  43%|████▎     | 1291/3000 [14:20<25:02,  1.14it/s]
qwen2.5-vl/pope/ricd/aokvqa/popular/seed1:  43%|████▎     | 1292/3000 [14:21<23:45,  1.20it/s]
qwen2.5-vl/pope/ricd/aokvqa/popular/seed1:  43%|████▎     | 1293/3000 [14:22<22:58,  1.24it/s]
qwen2.5-vl/pope/ricd/aokvqa/popular/seed1:  43%|████▎     | 1294/3000 [14:22<22:26,  1.27it/s]
qwen2.5-vl/pope/ricd/aokvqa/popular/seed1:  43%|████▎     | 1295/3000 [14:23<22:19,  1.27it/s]
qwen2.5-vl/pope/ricd/aokvqa/popular/seed1:  43%|████▎     | 1296/3000 [14:24<22:16,  1.27it/s]
qwen2.5-vl/pope/ricd/aokvqa/popular/seed1:  43%|████▎     | 1297/3000 [14:25<21:59,  1.29it/s]
qwen2.5-vl/pope/ricd/aokvqa/popular/seed1:  43%|████▎     | 1298/3000 [14:25<21:44,  1.30it/s]
qwen2.5-vl/pope/ricd/aokvqa/popular/seed1:  43%|████▎     | 1299/3000 [14:26<21:21,  1.33it/s]
qwen2.5-vl/pope/ricd/aokvqa/popular/seed1:  43%|████▎     | 1300/3000 [14:27<21:09,  1.34it/s]
qwen2.5-vl/pope/ricd/aokvqa/popular/seed1:  43%|████▎     | 1301/3000 [14:28<20:59,  1.35it/s]
qwen2.5-vl/pope/ricd/aokvqa/popular/seed1:  43%|████▎     | 1302/3000 [14:28<20:54,  1.35it/s]
qwen2.5-vl/pope/ricd/aokvqa/popular/seed1:  43%|████▎     | 1303/3000 [14:29<22:20,  1.27it/s]
qwen2.5-vl/pope/ricd/aokvqa/popular/seed1:  43%|████▎     | 1304/3000 [14:30<23:19,  1.21it/s]
qwen2.5-vl/pope/ricd/aokvqa/popular/seed1:  44%|████▎     | 1305/3000 [14:31<24:00,  1.18it/s]
qwen2.5-vl/pope/ricd/aokvqa/popular/seed1:  44%|████▎     | 1306/3000 [14:32<24:29,  1.15it/s]
qwen2.5-vl/pope/ricd/aokvqa/popular/seed1:  44%|████▎     | 1307/3000 [14:33<24:47,  1.14it/s]
qwen2.5-vl/pope/ricd/aokvqa/popular/seed1:  44%|████▎     | 1308/3000 [14:34<24:56,  1.13it/s]
qwen2.5-vl/pope/ricd/aokvqa/popular/seed1:  44%|████▎     | 1309/3000 [14:35<25:35,  1.10it/s]
qwen2.5-vl/pope/ricd/aokvqa/popular/seed1:  44%|████▎     | 1310/3000 [14:36<26:00,  1.08it/s]
qwen2.5-vl/pope/ricd/aokvqa/popular/seed1:  44%|████▎     | 1311/3000 [14:37<26:22,  1.07it/s]
qwen2.5-vl/pope/ricd/aokvqa/popular/seed1:  44%|████▎     | 1312/3000 [14:38<26:38,  1.06it/s]
qwen2.5-vl/pope/ricd/aokvqa/popular/seed1:  44%|████▍     | 1313/3000 [14:39<26:50,  1.05it/s]
qwen2.5-vl/pope/ricd/aokvqa/popular/seed1:  44%|████▍     | 1314/3000 [14:40<26:59,  1.04it/s]
qwen2.5-vl/pope/ricd/aokvqa/popular/seed1:  44%|████▍     | 1315/3000 [14:40<22:08,  1.27it/s]
qwen2.5-vl/pope/ricd/aokvqa/popular/seed1:  44%|████▍     | 1316/3000 [14:40<18:44,  1.50it/s]
qwen2.5-vl/pope/ricd/aokvqa/popular/seed1:  44%|████▍     | 1317/3000 [14:41<16:22,  1.71it/s]
qwen2.5-vl/pope/ricd/aokvqa/popular/seed1:  44%|████▍     | 1318/3000 [14:41<14:44,  1.90it/s]
qwen2.5-vl/pope/ricd/aokvqa/popular/seed1:  44%|████▍     | 1319/3000 [14:42<13:35,  2.06it/s]
qwen2.5-vl/pope/ricd/aokvqa/popular/seed1:  44%|████▍     | 1320/3000 [14:42<12:44,  2.20it/s]
qwen2.5-vl/pope/ricd/aokvqa/popular/seed1:  44%|████▍     | 1321/3000 [14:43<14:03,  1.99it/s]
qwen2.5-vl/pope/ricd/aokvqa/popular/seed1:  44%|████▍     | 1322/3000 [14:43<14:59,  1.87it/s]
qwen2.5-vl/pope/ricd/aokvqa/popular/seed1:  44%|████▍     | 1323/3000 [14:44<15:37,  1.79it/s]
qwen2.5-vl/pope/ricd/aokvqa/popular/seed1:  44%|████▍     | 1324/3000 [14:44<16:04,  1.74it/s]
qwen2.5-vl/pope/ricd/aokvqa/popular/seed1:  44%|████▍     | 1325/3000 [14:45<16:26,  1.70it/s]
qwen2.5-vl/pope/ricd/aokvqa/popular/seed1:  44%|████▍     | 1326/3000 [14:46<16:38,  1.68it/s]
qwen2.5-vl/pope/ricd/aokvqa/popular/seed1:  44%|████▍     | 1327/3000 [14:46<16:45,  1.66it/s]
qwen2.5-vl/pope/ricd/aokvqa/popular/seed1:  44%|████▍     | 1328/3000 [14:47<16:51,  1.65it/s]
qwen2.5-vl/pope/ricd/aokvqa/popular/seed1:  44%|████▍     | 1329/3000 [14:47<16:56,  1.64it/s]
qwen2.5-vl/pope/ricd/aokvqa/popular/seed1:  44%|████▍     | 1330/3000 [14:48<17:00,  1.64it/s]
qwen2.5-vl/pope/ricd/aokvqa/popular/seed1:  44%|████▍     | 1331/3000 [14:49<17:06,  1.63it/s]
qwen2.5-vl/pope/ricd/aokvqa/popular/seed1:  44%|████▍     | 1332/3000 [14:49<17:08,  1.62it/s]
qwen2.5-vl/pope/ricd/aokvqa/popular/seed1:  44%|████▍     | 1333/3000 [14:50<17:12,  1.62it/s]
qwen2.5-vl/pope/ricd/aokvqa/popular/seed1:  44%|████▍     | 1334/3000 [14:51<17:09,  1.62it/s]
qwen2.5-vl/pope/ricd/aokvqa/popular/seed1:  44%|████▍     | 1335/3000 [14:51<17:07,  1.62it/s]
qwen2.5-vl/pope/ricd/aokvqa/popular/seed1:  45%|████▍     | 1336/3000 [14:52<17:14,  1.61it/s]
qwen2.5-vl/pope/ricd/aokvqa/popular/seed1:  45%|████▍     | 1337/3000 [14:52<17:09,  1.61it/s]
qwen2.5-vl/pope/ricd/aokvqa/popular/seed1:  45%|████▍     | 1338/3000 [14:53<17:06,  1.62it/s]
qwen2.5-vl/pope/ricd/aokvqa/popular/seed1:  45%|████▍     | 1339/3000 [14:54<18:01,  1.54it/s]
qwen2.5-vl/pope/ricd/aokvqa/popular/seed1:  45%|████▍     | 1340/3000 [14:54<18:40,  1.48it/s]
qwen2.5-vl/pope/ricd/aokvqa/popular/seed1:  45%|████▍     | 1341/3000 [14:55<19:09,  1.44it/s]
qwen2.5-vl/pope/ricd/aokvqa/popular/seed1:  45%|████▍     | 1342/3000 [14:56<19:28,  1.42it/s]
qwen2.5-vl/pope/ricd/aokvqa/popular/seed1:  45%|████▍     | 1343/3000 [14:57<19:39,  1.40it/s]
qwen2.5-vl/pope/ricd/aokvqa/popular/seed1:  45%|████▍     | 1344/3000 [14:57<19:47,  1.39it/s]
qwen2.5-vl/pope/ricd/aokvqa/popular/seed1:  45%|████▍     | 1345/3000 [14:58<18:54,  1.46it/s]
qwen2.5-vl/pope/ricd/aokvqa/popular/seed1:  45%|████▍     | 1346/3000 [14:59<18:18,  1.51it/s]
qwen2.5-vl/pope/ricd/aokvqa/popular/seed1:  45%|████▍     | 1347/3000 [14:59<17:51,  1.54it/s]
qwen2.5-vl/pope/ricd/aokvqa/popular/seed1:  45%|████▍     | 1348/3000 [15:00<17:34,  1.57it/s]
qwen2.5-vl/pope/ricd/aokvqa/popular/seed1:  45%|████▍     | 1349/3000 [15:00<17:24,  1.58it/s]
qwen2.5-vl/pope/ricd/aokvqa/popular/seed1:  45%|████▌     | 1350/3000 [15:01<17:17,  1.59it/s]
qwen2.5-vl/pope/ricd/aokvqa/popular/seed1:  45%|████▌     | 1351/3000 [15:02<18:37,  1.48it/s]
qwen2.5-vl/pope/ricd/aokvqa/popular/seed1:  45%|████▌     | 1352/3000 [15:03<19:33,  1.40it/s]
qwen2.5-vl/pope/ricd/aokvqa/popular/seed1:  45%|████▌     | 1353/3000 [15:03<20:11,  1.36it/s]
qwen2.5-vl/pope/ricd/aokvqa/popular/seed1:  45%|████▌     | 1354/3000 [15:04<20:39,  1.33it/s]
qwen2.5-vl/pope/ricd/aokvqa/popular/seed1:  45%|████▌     | 1355/3000 [15:05<20:54,  1.31it/s]
qwen2.5-vl/pope/ricd/aokvqa/popular/seed1:  45%|████▌     | 1356/3000 [15:06<21:03,  1.30it/s]
qwen2.5-vl/pope/ricd/aokvqa/popular/seed1:  45%|████▌     | 1357/3000 [15:07<20:26,  1.34it/s]
qwen2.5-vl/pope/ricd/aokvqa/popular/seed1:  45%|████▌     | 1358/3000 [15:07<20:01,  1.37it/s]
qwen2.5-vl/pope/ricd/aokvqa/popular/seed1:  45%|████▌     | 1359/3000 [15:08<19:55,  1.37it/s]
qwen2.5-vl/pope/ricd/aokvqa/popular/seed1:  45%|████▌     | 1360/3000 [15:09<19:41,  1.39it/s]
qwen2.5-vl/pope/ricd/aokvqa/popular/seed1:  45%|████▌     | 1361/3000 [15:09<19:31,  1.40it/s]
qwen2.5-vl/pope/ricd/aokvqa/popular/seed1:  45%|████▌     | 1362/3000 [15:10<19:24,  1.41it/s]
qwen2.5-vl/pope/ricd/aokvqa/popular/seed1:  45%|████▌     | 1363/3000 [15:11<19:37,  1.39it/s]
qwen2.5-vl/pope/ricd/aokvqa/popular/seed1:  45%|████▌     | 1364/3000 [15:12<19:47,  1.38it/s]
qwen2.5-vl/pope/ricd/aokvqa/popular/seed1:  46%|████▌     | 1365/3000 [15:12<19:53,  1.37it/s]
qwen2.5-vl/pope/ricd/aokvqa/popular/seed1:  46%|████▌     | 1366/3000 [15:13<19:58,  1.36it/s]
qwen2.5-vl/pope/ricd/aokvqa/popular/seed1:  46%|████▌     | 1367/3000 [15:14<19:59,  1.36it/s]
qwen2.5-vl/pope/ricd/aokvqa/popular/seed1:  46%|████▌     | 1368/3000 [15:14<19:56,  1.36it/s]
qwen2.5-vl/pope/ricd/aokvqa/popular/seed1:  46%|████▌     | 1369/3000 [15:15<18:56,  1.44it/s]
qwen2.5-vl/pope/ricd/aokvqa/popular/seed1:  46%|████▌     | 1370/3000 [15:16<18:14,  1.49it/s]
qwen2.5-vl/pope/ricd/aokvqa/popular/seed1:  46%|████▌     | 1371/3000 [15:16<17:47,  1.53it/s]
qwen2.5-vl/pope/ricd/aokvqa/popular/seed1:  46%|████▌     | 1372/3000 [15:17<17:28,  1.55it/s]
qwen2.5-vl/pope/ricd/aokvqa/popular/seed1:  46%|████▌     | 1373/3000 [15:18<17:17,  1.57it/s]
qwen2.5-vl/pope/ricd/aokvqa/popular/seed1:  46%|████▌     | 1374/3000 [15:18<17:09,  1.58it/s]
qwen2.5-vl/pope/ricd/aokvqa/popular/seed1:  46%|████▌     | 1375/3000 [15:19<17:01,  1.59it/s]
qwen2.5-vl/pope/ricd/aokvqa/popular/seed1:  46%|████▌     | 1376/3000 [15:19<16:56,  1.60it/s]
qwen2.5-vl/pope/ricd/aokvqa/popular/seed1:  46%|████▌     | 1377/3000 [15:20<16:52,  1.60it/s]
qwen2.5-vl/pope/ricd/aokvqa/popular/seed1:  46%|████▌     | 1378/3000 [15:21<16:50,  1.61it/s]
qwen2.5-vl/pope/ricd/aokvqa/popular/seed1:  46%|████▌     | 1379/3000 [15:21<16:50,  1.60it/s]
qwen2.5-vl/pope/ricd/aokvqa/popular/seed1:  46%|████▌     | 1380/3000 [15:22<16:44,  1.61it/s]
qwen2.5-vl/pope/ricd/aokvqa/popular/seed1:  46%|████▌     | 1381/3000 [15:23<17:18,  1.56it/s]
qwen2.5-vl/pope/ricd/aokvqa/popular/seed1:  46%|████▌     | 1382/3000 [15:23<17:41,  1.52it/s]
qwen2.5-vl/pope/ricd/aokvqa/popular/seed1:  46%|████▌     | 1383/3000 [15:24<17:56,  1.50it/s]
qwen2.5-vl/pope/ricd/aokvqa/popular/seed1:  46%|████▌     | 1384/3000 [15:25<18:07,  1.49it/s]
qwen2.5-vl/pope/ricd/aokvqa/popular/seed1:  46%|████▌     | 1385/3000 [15:25<18:14,  1.48it/s]
qwen2.5-vl/pope/ricd/aokvqa/popular/seed1:  46%|████▌     | 1386/3000 [15:26<18:23,  1.46it/s]
qwen2.5-vl/pope/ricd/aokvqa/popular/seed1:  46%|████▌     | 1387/3000 [15:27<18:45,  1.43it/s]
qwen2.5-vl/pope/ricd/aokvqa/popular/seed1:  46%|████▋     | 1388/3000 [15:28<19:01,  1.41it/s]
qwen2.5-vl/pope/ricd/aokvqa/popular/seed1:  46%|████▋     | 1389/3000 [15:28<19:11,  1.40it/s]
qwen2.5-vl/pope/ricd/aokvqa/popular/seed1:  46%|████▋     | 1390/3000 [15:29<19:18,  1.39it/s]
qwen2.5-vl/pope/ricd/aokvqa/popular/seed1:  46%|████▋     | 1391/3000 [15:30<19:24,  1.38it/s]
qwen2.5-vl/pope/ricd/aokvqa/popular/seed1:  46%|████▋     | 1392/3000 [15:30<19:24,  1.38it/s]
qwen2.5-vl/pope/ricd/aokvqa/popular/seed1:  46%|████▋     | 1393/3000 [15:31<19:29,  1.37it/s]
qwen2.5-vl/pope/ricd/aokvqa/popular/seed1:  46%|████▋     | 1394/3000 [15:32<19:33,  1.37it/s]
qwen2.5-vl/pope/ricd/aokvqa/popular/seed1:  46%|████▋     | 1395/3000 [15:33<19:37,  1.36it/s]
qwen2.5-vl/pope/ricd/aokvqa/popular/seed1:  47%|████▋     | 1396/3000 [15:33<19:35,  1.36it/s]
qwen2.5-vl/pope/ricd/aokvqa/popular/seed1:  47%|████▋     | 1397/3000 [15:34<19:33,  1.37it/s]
qwen2.5-vl/pope/ricd/aokvqa/popular/seed1:  47%|████▋     | 1398/3000 [15:35<19:32,  1.37it/s]
qwen2.5-vl/pope/ricd/aokvqa/popular/seed1:  47%|████▋     | 1399/3000 [15:36<19:32,  1.37it/s]
qwen2.5-vl/pope/ricd/aokvqa/popular/seed1:  47%|████▋     | 1400/3000 [15:36<19:35,  1.36it/s]
qwen2.5-vl/pope/ricd/aokvqa/popular/seed1:  47%|████▋     | 1401/3000 [15:37<19:38,  1.36it/s]
qwen2.5-vl/pope/ricd/aokvqa/popular/seed1:  47%|████▋     | 1402/3000 [15:38<19:42,  1.35it/s]
qwen2.5-vl/pope/ricd/aokvqa/popular/seed1:  47%|████▋     | 1403/3000 [15:39<19:44,  1.35it/s]
qwen2.5-vl/pope/ricd/aokvqa/popular/seed1:  47%|████▋     | 1404/3000 [15:39<19:44,  1.35it/s]
qwen2.5-vl/pope/ricd/aokvqa/popular/seed1:  47%|████▋     | 1405/3000 [15:40<18:48,  1.41it/s]
qwen2.5-vl/pope/ricd/aokvqa/popular/seed1:  47%|████▋     | 1406/3000 [15:41<18:07,  1.47it/s]
qwen2.5-vl/pope/ricd/aokvqa/popular/seed1:  47%|████▋     | 1407/3000 [15:41<17:35,  1.51it/s]
qwen2.5-vl/pope/ricd/aokvqa/popular/seed1:  47%|████▋     | 1408/3000 [15:42<17:14,  1.54it/s]
qwen2.5-vl/pope/ricd/aokvqa/popular/seed1:  47%|████▋     | 1409/3000 [15:42<16:57,  1.56it/s]
qwen2.5-vl/pope/ricd/aokvqa/popular/seed1:  47%|████▋     | 1410/3000 [15:43<16:45,  1.58it/s]
qwen2.5-vl/pope/ricd/aokvqa/popular/seed1:  47%|████▋     | 1411/3000 [15:44<16:37,  1.59it/s]
qwen2.5-vl/pope/ricd/aokvqa/popular/seed1:  47%|████▋     | 1412/3000 [15:44<16:32,  1.60it/s]
qwen2.5-vl/pope/ricd/aokvqa/popular/seed1:  47%|████▋     | 1413/3000 [15:45<16:27,  1.61it/s]
qwen2.5-vl/pope/ricd/aokvqa/popular/seed1:  47%|████▋     | 1414/3000 [15:45<16:25,  1.61it/s]
qwen2.5-vl/pope/ricd/aokvqa/popular/seed1:  47%|████▋     | 1415/3000 [15:46<16:20,  1.62it/s]
qwen2.5-vl/pope/ricd/aokvqa/popular/seed1:  47%|████▋     | 1416/3000 [15:47<16:18,  1.62it/s]
qwen2.5-vl/pope/ricd/aokvqa/popular/seed1:  47%|████▋     | 1417/3000 [15:47<14:26,  1.83it/s]
qwen2.5-vl/pope/ricd/aokvqa/popular/seed1:  47%|████▋     | 1418/3000 [15:47<13:07,  2.01it/s]
qwen2.5-vl/pope/ricd/aokvqa/popular/seed1:  47%|████▋     | 1419/3000 [15:48<12:12,  2.16it/s]
qwen2.5-vl/pope/ricd/aokvqa/popular/seed1:  47%|████▋     | 1420/3000 [15:48<11:35,  2.27it/s]
qwen2.5-vl/pope/ricd/aokvqa/popular/seed1:  47%|████▋     | 1421/3000 [15:49<11:11,  2.35it/s]
qwen2.5-vl/pope/ricd/aokvqa/popular/seed1:  47%|████▋     | 1422/3000 [15:49<10:49,  2.43it/s]
qwen2.5-vl/pope/ricd/aokvqa/popular/seed1:  47%|████▋     | 1423/3000 [15:50<14:01,  1.87it/s]
qwen2.5-vl/pope/ricd/aokvqa/popular/seed1:  47%|████▋     | 1424/3000 [15:51<16:13,  1.62it/s]
qwen2.5-vl/pope/ricd/aokvqa/popular/seed1:  48%|████▊     | 1425/3000 [15:51<17:33,  1.49it/s]
qwen2.5-vl/pope/ricd/aokvqa/popular/seed1:  48%|████▊     | 1426/3000 [15:52<18:29,  1.42it/s]
qwen2.5-vl/pope/ricd/aokvqa/popular/seed1:  48%|████▊     | 1427/3000 [15:53<19:31,  1.34it/s]
qwen2.5-vl/pope/ricd/aokvqa/popular/seed1:  48%|████▊     | 1428/3000 [15:54<20:07,  1.30it/s]
qwen2.5-vl/pope/ricd/aokvqa/popular/seed1:  48%|████▊     | 1429/3000 [15:54<18:56,  1.38it/s]
qwen2.5-vl/pope/ricd/aokvqa/popular/seed1:  48%|████▊     | 1430/3000 [15:55<17:57,  1.46it/s]
qwen2.5-vl/pope/ricd/aokvqa/popular/seed1:  48%|████▊     | 1431/3000 [15:56<17:15,  1.52it/s]
qwen2.5-vl/pope/ricd/aokvqa/popular/seed1:  48%|████▊     | 1432/3000 [15:56<16:48,  1.56it/s]
qwen2.5-vl/pope/ricd/aokvqa/popular/seed1:  48%|████▊     | 1433/3000 [15:57<16:27,  1.59it/s]
qwen2.5-vl/pope/ricd/aokvqa/popular/seed1:  48%|████▊     | 1434/3000 [15:58<16:14,  1.61it/s]
qwen2.5-vl/pope/ricd/aokvqa/popular/seed1:  48%|████▊     | 1435/3000 [15:58<17:02,  1.53it/s]
qwen2.5-vl/pope/ricd/aokvqa/popular/seed1:  48%|████▊     | 1436/3000 [15:59<17:33,  1.48it/s]
qwen2.5-vl/pope/ricd/aokvqa/popular/seed1:  48%|████▊     | 1437/3000 [16:00<18:03,  1.44it/s]
qwen2.5-vl/pope/ricd/aokvqa/popular/seed1:  48%|████▊     | 1438/3000 [16:00<18:18,  1.42it/s]
qwen2.5-vl/pope/ricd/aokvqa/popular/seed1:  48%|████▊     | 1439/3000 [16:01<18:30,  1.41it/s]
qwen2.5-vl/pope/ricd/aokvqa/popular/seed1:  48%|████▊     | 1440/3000 [16:02<18:35,  1.40it/s]
qwen2.5-vl/pope/ricd/aokvqa/popular/seed1:  48%|████▊     | 1441/3000 [16:03<18:50,  1.38it/s]
qwen2.5-vl/pope/ricd/aokvqa/popular/seed1:  48%|████▊     | 1442/3000 [16:03<18:59,  1.37it/s]
qwen2.5-vl/pope/ricd/aokvqa/popular/seed1:  48%|████▊     | 1443/3000 [16:04<19:05,  1.36it/s]
qwen2.5-vl/pope/ricd/aokvqa/popular/seed1:  48%|████▊     | 1444/3000 [16:05<19:08,  1.35it/s]
qwen2.5-vl/pope/ricd/aokvqa/popular/seed1:  48%|████▊     | 1445/3000 [16:06<19:14,  1.35it/s]
qwen2.5-vl/pope/ricd/aokvqa/popular/seed1:  48%|████▊     | 1446/3000 [16:06<19:22,  1.34it/s]
qwen2.5-vl/pope/ricd/aokvqa/popular/seed1:  48%|████▊     | 1447/3000 [16:07<19:13,  1.35it/s]
qwen2.5-vl/pope/ricd/aokvqa/popular/seed1:  48%|████▊     | 1448/3000 [16:08<19:06,  1.35it/s]
qwen2.5-vl/pope/ricd/aokvqa/popular/seed1:  48%|████▊     | 1449/3000 [16:09<19:03,  1.36it/s]
qwen2.5-vl/pope/ricd/aokvqa/popular/seed1:  48%|████▊     | 1450/3000 [16:09<18:59,  1.36it/s]
qwen2.5-vl/pope/ricd/aokvqa/popular/seed1:  48%|████▊     | 1451/3000 [16:10<19:06,  1.35it/s]
qwen2.5-vl/pope/ricd/aokvqa/popular/seed1:  48%|████▊     | 1452/3000 [16:11<19:30,  1.32it/s]
qwen2.5-vl/pope/ricd/aokvqa/popular/seed1:  48%|████▊     | 1453/3000 [16:12<19:20,  1.33it/s]
qwen2.5-vl/pope/ricd/aokvqa/popular/seed1:  48%|████▊     | 1454/3000 [16:12<19:09,  1.35it/s]
qwen2.5-vl/pope/ricd/aokvqa/popular/seed1:  48%|████▊     | 1455/3000 [16:13<18:53,  1.36it/s]
qwen2.5-vl/pope/ricd/aokvqa/popular/seed1:  49%|████▊     | 1456/3000 [16:14<18:44,  1.37it/s]
qwen2.5-vl/pope/ricd/aokvqa/popular/seed1:  49%|████▊     | 1457/3000 [16:14<18:37,  1.38it/s]
qwen2.5-vl/pope/ricd/aokvqa/popular/seed1:  49%|████▊     | 1458/3000 [16:15<18:35,  1.38it/s]
qwen2.5-vl/pope/ricd/aokvqa/popular/seed1:  49%|████▊     | 1459/3000 [16:16<18:38,  1.38it/s]
qwen2.5-vl/pope/ricd/aokvqa/popular/seed1:  49%|████▊     | 1460/3000 [16:17<18:39,  1.38it/s]
qwen2.5-vl/pope/ricd/aokvqa/popular/seed1:  49%|████▊     | 1461/3000 [16:17<18:56,  1.35it/s]
qwen2.5-vl/pope/ricd/aokvqa/popular/seed1:  49%|████▊     | 1462/3000 [16:18<18:51,  1.36it/s]
qwen2.5-vl/pope/ricd/aokvqa/popular/seed1:  49%|████▉     | 1463/3000 [16:19<18:51,  1.36it/s]
qwen2.5-vl/pope/ricd/aokvqa/popular/seed1:  49%|████▉     | 1464/3000 [16:20<18:47,  1.36it/s]
qwen2.5-vl/pope/ricd/aokvqa/popular/seed1:  49%|████▉     | 1465/3000 [16:20<18:43,  1.37it/s]
qwen2.5-vl/pope/ricd/aokvqa/popular/seed1:  49%|████▉     | 1466/3000 [16:21<18:43,  1.37it/s]
qwen2.5-vl/pope/ricd/aokvqa/popular/seed1:  49%|████▉     | 1467/3000 [16:22<18:40,  1.37it/s]
qwen2.5-vl/pope/ricd/aokvqa/popular/seed1:  49%|████▉     | 1468/3000 [16:23<18:38,  1.37it/s]
qwen2.5-vl/pope/ricd/aokvqa/popular/seed1:  49%|████▉     | 1469/3000 [16:23<18:43,  1.36it/s]
qwen2.5-vl/pope/ricd/aokvqa/popular/seed1:  49%|████▉     | 1470/3000 [16:24<18:47,  1.36it/s]
qwen2.5-vl/pope/ricd/aokvqa/popular/seed1:  49%|████▉     | 1471/3000 [16:25<18:48,  1.35it/s]
qwen2.5-vl/pope/ricd/aokvqa/popular/seed1:  49%|████▉     | 1472/3000 [16:25<18:49,  1.35it/s]
qwen2.5-vl/pope/ricd/aokvqa/popular/seed1:  49%|████▉     | 1473/3000 [16:26<18:49,  1.35it/s]
qwen2.5-vl/pope/ricd/aokvqa/popular/seed1:  49%|████▉     | 1474/3000 [16:27<18:48,  1.35it/s]
qwen2.5-vl/pope/ricd/aokvqa/popular/seed1:  49%|████▉     | 1475/3000 [16:28<18:47,  1.35it/s]
qwen2.5-vl/pope/ricd/aokvqa/popular/seed1:  49%|████▉     | 1476/3000 [16:28<18:45,  1.35it/s]
qwen2.5-vl/pope/ricd/aokvqa/popular/seed1:  49%|████▉     | 1477/3000 [16:29<17:33,  1.45it/s]
qwen2.5-vl/pope/ricd/aokvqa/popular/seed1:  49%|████▉     | 1478/3000 [16:30<16:42,  1.52it/s]
qwen2.5-vl/pope/ricd/aokvqa/popular/seed1:  49%|████▉     | 1479/3000 [16:30<16:06,  1.57it/s]
qwen2.5-vl/pope/ricd/aokvqa/popular/seed1:  49%|████▉     | 1480/3000 [16:31<15:41,  1.61it/s]
qwen2.5-vl/pope/ricd/aokvqa/popular/seed1:  49%|████▉     | 1481/3000 [16:31<15:25,  1.64it/s]
qwen2.5-vl/pope/ricd/aokvqa/popular/seed1:  49%|████▉     | 1482/3000 [16:32<15:13,  1.66it/s]
qwen2.5-vl/pope/ricd/aokvqa/popular/seed1:  49%|████▉     | 1483/3000 [16:33<16:12,  1.56it/s]
qwen2.5-vl/pope/ricd/aokvqa/popular/seed1:  49%|████▉     | 1484/3000 [16:33<16:53,  1.50it/s]
qwen2.5-vl/pope/ricd/aokvqa/popular/seed1:  50%|████▉     | 1485/3000 [16:34<17:21,  1.45it/s]
qwen2.5-vl/pope/ricd/aokvqa/popular/seed1:  50%|████▉     | 1486/3000 [16:35<17:41,  1.43it/s]
qwen2.5-vl/pope/ricd/aokvqa/popular/seed1:  50%|████▉     | 1487/3000 [16:36<17:54,  1.41it/s]
qwen2.5-vl/pope/ricd/aokvqa/popular/seed1:  50%|████▉     | 1488/3000 [16:36<18:03,  1.39it/s]
qwen2.5-vl/pope/ricd/aokvqa/popular/seed1:  50%|████▉     | 1489/3000 [16:37<18:10,  1.39it/s]
qwen2.5-vl/pope/ricd/aokvqa/popular/seed1:  50%|████▉     | 1490/3000 [16:38<18:13,  1.38it/s]
qwen2.5-vl/pope/ricd/aokvqa/popular/seed1:  50%|████▉     | 1491/3000 [16:39<18:15,  1.38it/s]
qwen2.5-vl/pope/ricd/aokvqa/popular/seed1:  50%|████▉     | 1492/3000 [16:39<18:17,  1.37it/s]
qwen2.5-vl/pope/ricd/aokvqa/popular/seed1:  50%|████▉     | 1493/3000 [16:40<18:17,  1.37it/s]
qwen2.5-vl/pope/ricd/aokvqa/popular/seed1:  50%|████▉     | 1494/3000 [16:41<18:18,  1.37it/s]
qwen2.5-vl/pope/ricd/aokvqa/popular/seed1:  50%|████▉     | 1495/3000 [16:41<17:25,  1.44it/s]
qwen2.5-vl/pope/ricd/aokvqa/popular/seed1:  50%|████▉     | 1496/3000 [16:42<16:47,  1.49it/s]
qwen2.5-vl/pope/ricd/aokvqa/popular/seed1:  50%|████▉     | 1497/3000 [16:43<16:20,  1.53it/s]
qwen2.5-vl/pope/ricd/aokvqa/popular/seed1:  50%|████▉     | 1498/3000 [16:43<16:01,  1.56it/s]
qwen2.5-vl/pope/ricd/aokvqa/popular/seed1:  50%|████▉     | 1499/3000 [16:44<15:54,  1.57it/s]
qwen2.5-vl/pope/ricd/aokvqa/popular/seed1:  50%|█████     | 1500/3000 [16:44<15:58,  1.56it/s]
qwen2.5-vl/pope/ricd/aokvqa/popular/seed1:  50%|█████     | 1501/3000 [16:45<16:53,  1.48it/s]
qwen2.5-vl/pope/ricd/aokvqa/popular/seed1:  50%|█████     | 1502/3000 [16:46<17:16,  1.45it/s]
qwen2.5-vl/pope/ricd/aokvqa/popular/seed1:  50%|█████     | 1503/3000 [16:47<17:32,  1.42it/s]
qwen2.5-vl/pope/ricd/aokvqa/popular/seed1:  50%|█████     | 1504/3000 [16:47<17:45,  1.40it/s]
qwen2.5-vl/pope/ricd/aokvqa/popular/seed1:  50%|█████     | 1505/3000 [16:48<17:52,  1.39it/s]
qwen2.5-vl/pope/ricd/aokvqa/popular/seed1:  50%|█████     | 1506/3000 [16:49<17:57,  1.39it/s]
qwen2.5-vl/pope/ricd/aokvqa/popular/seed1:  50%|█████     | 1507/3000 [16:49<16:46,  1.48it/s]
qwen2.5-vl/pope/ricd/aokvqa/popular/seed1:  50%|█████     | 1508/3000 [16:50<15:56,  1.56it/s]
qwen2.5-vl/pope/ricd/aokvqa/popular/seed1:  50%|█████     | 1509/3000 [16:51<15:20,  1.62it/s]
qwen2.5-vl/pope/ricd/aokvqa/popular/seed1:  50%|█████     | 1510/3000 [16:51<14:55,  1.66it/s]
qwen2.5-vl/pope/ricd/aokvqa/popular/seed1:  50%|█████     | 1511/3000 [16:52<14:38,  1.70it/s]
qwen2.5-vl/pope/ricd/aokvqa/popular/seed1:  50%|█████     | 1512/3000 [16:52<14:26,  1.72it/s]
qwen2.5-vl/pope/ricd/aokvqa/popular/seed1:  50%|█████     | 1513/3000 [16:53<14:38,  1.69it/s]
qwen2.5-vl/pope/ricd/aokvqa/popular/seed1:  50%|█████     | 1514/3000 [16:53<14:48,  1.67it/s]
qwen2.5-vl/pope/ricd/aokvqa/popular/seed1:  50%|█████     | 1515/3000 [16:54<14:53,  1.66it/s]
qwen2.5-vl/pope/ricd/aokvqa/popular/seed1:  51%|█████     | 1516/3000 [16:55<14:57,  1.65it/s]
qwen2.5-vl/pope/ricd/aokvqa/popular/seed1:  51%|█████     | 1517/3000 [16:55<14:59,  1.65it/s]
qwen2.5-vl/pope/ricd/aokvqa/popular/seed1:  51%|█████     | 1518/3000 [16:56<15:04,  1.64it/s]
qwen2.5-vl/pope/ricd/aokvqa/popular/seed1:  51%|█████     | 1519/3000 [16:56<14:49,  1.67it/s]
qwen2.5-vl/pope/ricd/aokvqa/popular/seed1:  51%|█████     | 1520/3000 [16:57<14:38,  1.69it/s]
qwen2.5-vl/pope/ricd/aokvqa/popular/seed1:  51%|█████     | 1521/3000 [16:58<14:30,  1.70it/s]
qwen2.5-vl/pope/ricd/aokvqa/popular/seed1:  51%|█████     | 1522/3000 [16:58<14:25,  1.71it/s]
qwen2.5-vl/pope/ricd/aokvqa/popular/seed1:  51%|█████     | 1523/3000 [16:59<14:19,  1.72it/s]
qwen2.5-vl/pope/ricd/aokvqa/popular/seed1:  51%|█████     | 1524/3000 [16:59<14:14,  1.73it/s]
qwen2.5-vl/pope/ricd/aokvqa/popular/seed1:  51%|█████     | 1525/3000 [17:00<15:25,  1.59it/s]
qwen2.5-vl/pope/ricd/aokvqa/popular/seed1:  51%|█████     | 1526/3000 [17:01<16:15,  1.51it/s]
qwen2.5-vl/pope/ricd/aokvqa/popular/seed1:  51%|█████     | 1527/3000 [17:02<16:48,  1.46it/s]
qwen2.5-vl/pope/ricd/aokvqa/popular/seed1:  51%|█████     | 1528/3000 [17:02<17:12,  1.43it/s]
qwen2.5-vl/pope/ricd/aokvqa/popular/seed1:  51%|█████     | 1529/3000 [17:03<17:27,  1.40it/s]
qwen2.5-vl/pope/ricd/aokvqa/popular/seed1:  51%|█████     | 1530/3000 [17:04<17:36,  1.39it/s]
qwen2.5-vl/pope/ricd/aokvqa/popular/seed1:  51%|█████     | 1531/3000 [17:04<16:51,  1.45it/s]
qwen2.5-vl/pope/ricd/aokvqa/popular/seed1:  51%|█████     | 1532/3000 [17:05<16:18,  1.50it/s]
qwen2.5-vl/pope/ricd/aokvqa/popular/seed1:  51%|█████     | 1533/3000 [17:06<15:55,  1.54it/s]
qwen2.5-vl/pope/ricd/aokvqa/popular/seed1:  51%|█████     | 1534/3000 [17:06<15:38,  1.56it/s]
qwen2.5-vl/pope/ricd/aokvqa/popular/seed1:  51%|█████     | 1535/3000 [17:07<15:27,  1.58it/s]
qwen2.5-vl/pope/ricd/aokvqa/popular/seed1:  51%|█████     | 1536/3000 [17:07<15:18,  1.59it/s]
qwen2.5-vl/pope/ricd/aokvqa/popular/seed1:  51%|█████     | 1537/3000 [17:08<16:04,  1.52it/s]
qwen2.5-vl/pope/ricd/aokvqa/popular/seed1:  51%|█████▏    | 1538/3000 [17:09<16:37,  1.47it/s]
qwen2.5-vl/pope/ricd/aokvqa/popular/seed1:  51%|█████▏    | 1539/3000 [17:10<16:59,  1.43it/s]
qwen2.5-vl/pope/ricd/aokvqa/popular/seed1:  51%|█████▏    | 1540/3000 [17:10<17:17,  1.41it/s]
qwen2.5-vl/pope/ricd/aokvqa/popular/seed1:  51%|█████▏    | 1541/3000 [17:11<17:28,  1.39it/s]
qwen2.5-vl/pope/ricd/aokvqa/popular/seed1:  51%|█████▏    | 1542/3000 [17:12<17:35,  1.38it/s]
qwen2.5-vl/pope/ricd/aokvqa/popular/seed1:  51%|█████▏    | 1543/3000 [17:13<16:46,  1.45it/s]
qwen2.5-vl/pope/ricd/aokvqa/popular/seed1:  51%|█████▏    | 1544/3000 [17:13<16:12,  1.50it/s]
qwen2.5-vl/pope/ricd/aokvqa/popular/seed1:  52%|█████▏    | 1545/3000 [17:14<15:48,  1.53it/s]
qwen2.5-vl/pope/ricd/aokvqa/popular/seed1:  52%|█████▏    | 1546/3000 [17:14<15:30,  1.56it/s]
qwen2.5-vl/pope/ricd/aokvqa/popular/seed1:  52%|█████▏    | 1547/3000 [17:15<15:18,  1.58it/s]
qwen2.5-vl/pope/ricd/aokvqa/popular/seed1:  52%|█████▏    | 1548/3000 [17:16<15:09,  1.60it/s]
qwen2.5-vl/pope/ricd/aokvqa/popular/seed1:  52%|█████▏    | 1549/3000 [17:16<16:16,  1.49it/s]
qwen2.5-vl/pope/ricd/aokvqa/popular/seed1:  52%|█████▏    | 1550/3000 [17:17<17:02,  1.42it/s]
qwen2.5-vl/pope/ricd/aokvqa/popular/seed1:  52%|█████▏    | 1551/3000 [17:18<17:34,  1.37it/s]
qwen2.5-vl/pope/ricd/aokvqa/popular/seed1:  52%|█████▏    | 1552/3000 [17:19<17:55,  1.35it/s]
qwen2.5-vl/pope/ricd/aokvqa/popular/seed1:  52%|█████▏    | 1553/3000 [17:19<18:10,  1.33it/s]
qwen2.5-vl/pope/ricd/aokvqa/popular/seed1:  52%|█████▏    | 1554/3000 [17:20<18:20,  1.31it/s]
qwen2.5-vl/pope/ricd/aokvqa/popular/seed1:  52%|█████▏    | 1555/3000 [17:21<18:05,  1.33it/s]
qwen2.5-vl/pope/ricd/aokvqa/popular/seed1:  52%|█████▏    | 1556/3000 [17:22<17:56,  1.34it/s]
qwen2.5-vl/pope/ricd/aokvqa/popular/seed1:  52%|█████▏    | 1557/3000 [17:22<17:48,  1.35it/s]
qwen2.5-vl/pope/ricd/aokvqa/popular/seed1:  52%|█████▏    | 1558/3000 [17:23<17:43,  1.36it/s]
qwen2.5-vl/pope/ricd/aokvqa/popular/seed1:  52%|█████▏    | 1559/3000 [17:24<17:40,  1.36it/s]
qwen2.5-vl/pope/ricd/aokvqa/popular/seed1:  52%|█████▏    | 1560/3000 [17:25<17:38,  1.36it/s]
qwen2.5-vl/pope/ricd/aokvqa/popular/seed1:  52%|█████▏    | 1561/3000 [17:25<16:45,  1.43it/s]
qwen2.5-vl/pope/ricd/aokvqa/popular/seed1:  52%|█████▏    | 1562/3000 [17:26<16:10,  1.48it/s]
qwen2.5-vl/pope/ricd/aokvqa/popular/seed1:  52%|█████▏    | 1563/3000 [17:26<15:44,  1.52it/s]
qwen2.5-vl/pope/ricd/aokvqa/popular/seed1:  52%|█████▏    | 1564/3000 [17:27<15:26,  1.55it/s]
qwen2.5-vl/pope/ricd/aokvqa/popular/seed1:  52%|█████▏    | 1565/3000 [17:28<15:13,  1.57it/s]
qwen2.5-vl/pope/ricd/aokvqa/popular/seed1:  52%|█████▏    | 1566/3000 [17:28<14:55,  1.60it/s]
qwen2.5-vl/pope/ricd/aokvqa/popular/seed1:  52%|█████▏    | 1567/3000 [17:29<14:44,  1.62it/s]
qwen2.5-vl/pope/ricd/aokvqa/popular/seed1:  52%|█████▏    | 1568/3000 [17:30<14:34,  1.64it/s]
qwen2.5-vl/pope/ricd/aokvqa/popular/seed1:  52%|█████▏    | 1569/3000 [17:30<14:29,  1.65it/s]
qwen2.5-vl/pope/ricd/aokvqa/popular/seed1:  52%|█████▏    | 1570/3000 [17:31<14:32,  1.64it/s]
qwen2.5-vl/pope/ricd/aokvqa/popular/seed1:  52%|█████▏    | 1571/3000 [17:31<14:28,  1.65it/s]
qwen2.5-vl/pope/ricd/aokvqa/popular/seed1:  52%|█████▏    | 1572/3000 [17:32<14:27,  1.65it/s]
qwen2.5-vl/pope/ricd/aokvqa/popular/seed1:  52%|█████▏    | 1573/3000 [17:33<15:19,  1.55it/s]
qwen2.5-vl/pope/ricd/aokvqa/popular/seed1:  52%|█████▏    | 1574/3000 [17:33<16:00,  1.48it/s]
qwen2.5-vl/pope/ricd/aokvqa/popular/seed1:  52%|█████▎    | 1575/3000 [17:34<16:21,  1.45it/s]
qwen2.5-vl/pope/ricd/aokvqa/popular/seed1:  53%|█████▎    | 1576/3000 [17:35<16:45,  1.42it/s]
qwen2.5-vl/pope/ricd/aokvqa/popular/seed1:  53%|█████▎    | 1577/3000 [17:36<16:55,  1.40it/s]
qwen2.5-vl/pope/ricd/aokvqa/popular/seed1:  53%|█████▎    | 1578/3000 [17:36<17:07,  1.38it/s]
qwen2.5-vl/pope/ricd/aokvqa/popular/seed1:  53%|█████▎    | 1579/3000 [17:37<16:21,  1.45it/s]
qwen2.5-vl/pope/ricd/aokvqa/popular/seed1:  53%|█████▎    | 1580/3000 [17:38<15:46,  1.50it/s]
qwen2.5-vl/pope/ricd/aokvqa/popular/seed1:  53%|█████▎    | 1581/3000 [17:38<15:23,  1.54it/s]
qwen2.5-vl/pope/ricd/aokvqa/popular/seed1:  53%|█████▎    | 1582/3000 [17:39<15:07,  1.56it/s]
qwen2.5-vl/pope/ricd/aokvqa/popular/seed1:  53%|█████▎    | 1583/3000 [17:39<14:55,  1.58it/s]
qwen2.5-vl/pope/ricd/aokvqa/popular/seed1:  53%|█████▎    | 1584/3000 [17:40<14:44,  1.60it/s]
qwen2.5-vl/pope/ricd/aokvqa/popular/seed1:  53%|█████▎    | 1585/3000 [17:41<15:31,  1.52it/s]
qwen2.5-vl/pope/ricd/aokvqa/popular/seed1:  53%|█████▎    | 1586/3000 [17:42<16:10,  1.46it/s]
qwen2.5-vl/pope/ricd/aokvqa/popular/seed1:  53%|█████▎    | 1587/3000 [17:42<16:29,  1.43it/s]
qwen2.5-vl/pope/ricd/aokvqa/popular/seed1:  53%|█████▎    | 1588/3000 [17:43<16:42,  1.41it/s]
qwen2.5-vl/pope/ricd/aokvqa/popular/seed1:  53%|█████▎    | 1589/3000 [17:44<16:51,  1.39it/s]
qwen2.5-vl/pope/ricd/aokvqa/popular/seed1:  53%|█████▎    | 1590/3000 [17:44<16:58,  1.38it/s]
qwen2.5-vl/pope/ricd/aokvqa/popular/seed1:  53%|█████▎    | 1591/3000 [17:45<17:02,  1.38it/s]
qwen2.5-vl/pope/ricd/aokvqa/popular/seed1:  53%|█████▎    | 1592/3000 [17:46<17:07,  1.37it/s]
qwen2.5-vl/pope/ricd/aokvqa/popular/seed1:  53%|█████▎    | 1593/3000 [17:47<17:13,  1.36it/s]
qwen2.5-vl/pope/ricd/aokvqa/popular/seed1:  53%|█████▎    | 1594/3000 [17:47<17:17,  1.36it/s]
qwen2.5-vl/pope/ricd/aokvqa/popular/seed1:  53%|█████▎    | 1595/3000 [17:48<17:17,  1.35it/s]
qwen2.5-vl/pope/ricd/aokvqa/popular/seed1:  53%|█████▎    | 1596/3000 [17:49<17:19,  1.35it/s]
qwen2.5-vl/pope/ricd/aokvqa/popular/seed1:  53%|█████▎    | 1597/3000 [17:50<17:04,  1.37it/s]
qwen2.5-vl/pope/ricd/aokvqa/popular/seed1:  53%|█████▎    | 1598/3000 [17:50<16:48,  1.39it/s]
qwen2.5-vl/pope/ricd/aokvqa/popular/seed1:  53%|█████▎    | 1599/3000 [17:51<16:38,  1.40it/s]
qwen2.5-vl/pope/ricd/aokvqa/popular/seed1:  53%|█████▎    | 1600/3000 [17:52<16:33,  1.41it/s]
qwen2.5-vl/pope/ricd/aokvqa/popular/seed1:  53%|█████▎    | 1601/3000 [17:52<16:36,  1.40it/s]
qwen2.5-vl/pope/ricd/aokvqa/popular/seed1:  53%|█████▎    | 1602/3000 [17:53<16:27,  1.42it/s]
qwen2.5-vl/pope/ricd/aokvqa/popular/seed1:  53%|█████▎    | 1603/3000 [17:54<15:47,  1.47it/s]
qwen2.5-vl/pope/ricd/aokvqa/popular/seed1:  53%|█████▎    | 1604/3000 [17:54<15:19,  1.52it/s]
qwen2.5-vl/pope/ricd/aokvqa/popular/seed1:  54%|█████▎    | 1605/3000 [17:55<15:00,  1.55it/s]
qwen2.5-vl/pope/ricd/aokvqa/popular/seed1:  54%|█████▎    | 1606/3000 [17:56<14:45,  1.57it/s]
qwen2.5-vl/pope/ricd/aokvqa/popular/seed1:  54%|█████▎    | 1607/3000 [17:56<14:34,  1.59it/s]
qwen2.5-vl/pope/ricd/aokvqa/popular/seed1:  54%|█████▎    | 1608/3000 [17:57<14:28,  1.60it/s]
qwen2.5-vl/pope/ricd/aokvqa/popular/seed1:  54%|█████▎    | 1609/3000 [17:58<15:14,  1.52it/s]
qwen2.5-vl/pope/ricd/aokvqa/popular/seed1:  54%|█████▎    | 1610/3000 [17:58<15:44,  1.47it/s]
qwen2.5-vl/pope/ricd/aokvqa/popular/seed1:  54%|█████▎    | 1611/3000 [17:59<16:07,  1.44it/s]
qwen2.5-vl/pope/ricd/aokvqa/popular/seed1:  54%|█████▎    | 1612/3000 [18:00<16:25,  1.41it/s]
qwen2.5-vl/pope/ricd/aokvqa/popular/seed1:  54%|█████▍    | 1613/3000 [18:00<16:34,  1.39it/s]
qwen2.5-vl/pope/ricd/aokvqa/popular/seed1:  54%|█████▍    | 1614/3000 [18:01<16:42,  1.38it/s]
qwen2.5-vl/pope/ricd/aokvqa/popular/seed1:  54%|█████▍    | 1615/3000 [18:02<16:44,  1.38it/s]
qwen2.5-vl/pope/ricd/aokvqa/popular/seed1:  54%|█████▍    | 1616/3000 [18:03<16:58,  1.36it/s]
qwen2.5-vl/pope/ricd/aokvqa/popular/seed1:  54%|█████▍    | 1617/3000 [18:03<17:11,  1.34it/s]
qwen2.5-vl/pope/ricd/aokvqa/popular/seed1:  54%|█████▍    | 1618/3000 [18:04<17:19,  1.33it/s]
qwen2.5-vl/pope/ricd/aokvqa/popular/seed1:  54%|█████▍    | 1619/3000 [18:05<17:12,  1.34it/s]
qwen2.5-vl/pope/ricd/aokvqa/popular/seed1:  54%|█████▍    | 1620/3000 [18:06<17:11,  1.34it/s]
qwen2.5-vl/pope/ricd/aokvqa/popular/seed1:  54%|█████▍    | 1621/3000 [18:06<16:17,  1.41it/s]
qwen2.5-vl/pope/ricd/aokvqa/popular/seed1:  54%|█████▍    | 1622/3000 [18:07<15:36,  1.47it/s]
qwen2.5-vl/pope/ricd/aokvqa/popular/seed1:  54%|█████▍    | 1623/3000 [18:08<15:09,  1.51it/s]
qwen2.5-vl/pope/ricd/aokvqa/popular/seed1:  54%|█████▍    | 1624/3000 [18:08<14:48,  1.55it/s]
qwen2.5-vl/pope/ricd/aokvqa/popular/seed1:  54%|█████▍    | 1625/3000 [18:09<14:33,  1.57it/s]
qwen2.5-vl/pope/ricd/aokvqa/popular/seed1:  54%|█████▍    | 1626/3000 [18:09<14:22,  1.59it/s]
qwen2.5-vl/pope/ricd/aokvqa/popular/seed1:  54%|█████▍    | 1627/3000 [18:10<13:55,  1.64it/s]
qwen2.5-vl/pope/ricd/aokvqa/popular/seed1:  54%|█████▍    | 1628/3000 [18:11<13:35,  1.68it/s]
qwen2.5-vl/pope/ricd/aokvqa/popular/seed1:  54%|█████▍    | 1629/3000 [18:11<13:21,  1.71it/s]
qwen2.5-vl/pope/ricd/aokvqa/popular/seed1:  54%|█████▍    | 1630/3000 [18:12<13:11,  1.73it/s]
qwen2.5-vl/pope/ricd/aokvqa/popular/seed1:  54%|█████▍    | 1631/3000 [18:12<13:04,  1.75it/s]
qwen2.5-vl/pope/ricd/aokvqa/popular/seed1:  54%|█████▍    | 1632/3000 [18:13<12:58,  1.76it/s]
qwen2.5-vl/pope/ricd/aokvqa/popular/seed1:  54%|█████▍    | 1633/3000 [18:13<14:02,  1.62it/s]
qwen2.5-vl/pope/ricd/aokvqa/popular/seed1:  54%|█████▍    | 1634/3000 [18:14<14:47,  1.54it/s]
qwen2.5-vl/pope/ricd/aokvqa/popular/seed1:  55%|█████▍    | 1635/3000 [18:15<15:18,  1.49it/s]
qwen2.5-vl/pope/ricd/aokvqa/popular/seed1:  55%|█████▍    | 1636/3000 [18:16<15:40,  1.45it/s]
qwen2.5-vl/pope/ricd/aokvqa/popular/seed1:  55%|█████▍    | 1637/3000 [18:16<15:55,  1.43it/s]
qwen2.5-vl/pope/ricd/aokvqa/popular/seed1:  55%|█████▍    | 1638/3000 [18:17<16:05,  1.41it/s]
qwen2.5-vl/pope/ricd/aokvqa/popular/seed1:  55%|█████▍    | 1639/3000 [18:18<17:48,  1.27it/s]
qwen2.5-vl/pope/ricd/aokvqa/popular/seed1:  55%|█████▍    | 1640/3000 [18:19<18:57,  1.20it/s]
qwen2.5-vl/pope/ricd/aokvqa/popular/seed1:  55%|█████▍    | 1641/3000 [18:20<19:45,  1.15it/s]
qwen2.5-vl/pope/ricd/aokvqa/popular/seed1:  55%|█████▍    | 1642/3000 [18:21<20:19,  1.11it/s]
qwen2.5-vl/pope/ricd/aokvqa/popular/seed1:  55%|█████▍    | 1643/3000 [18:22<20:43,  1.09it/s]
qwen2.5-vl/pope/ricd/aokvqa/popular/seed1:  55%|█████▍    | 1644/3000 [18:23<21:00,  1.08it/s]
qwen2.5-vl/pope/ricd/aokvqa/popular/seed1:  55%|█████▍    | 1645/3000 [18:24<19:37,  1.15it/s]
qwen2.5-vl/pope/ricd/aokvqa/popular/seed1:  55%|█████▍    | 1646/3000 [18:24<18:39,  1.21it/s]
qwen2.5-vl/pope/ricd/aokvqa/popular/seed1:  55%|█████▍    | 1647/3000 [18:25<17:58,  1.25it/s]
qwen2.5-vl/pope/ricd/aokvqa/popular/seed1:  55%|█████▍    | 1648/3000 [18:26<17:28,  1.29it/s]
qwen2.5-vl/pope/ricd/aokvqa/popular/seed1:  55%|█████▍    | 1649/3000 [18:27<17:08,  1.31it/s]
qwen2.5-vl/pope/ricd/aokvqa/popular/seed1:  55%|█████▌    | 1650/3000 [18:27<16:54,  1.33it/s]
qwen2.5-vl/pope/ricd/aokvqa/popular/seed1:  55%|█████▌    | 1651/3000 [18:28<15:55,  1.41it/s]
qwen2.5-vl/pope/ricd/aokvqa/popular/seed1:  55%|█████▌    | 1652/3000 [18:28<15:14,  1.47it/s]
qwen2.5-vl/pope/ricd/aokvqa/popular/seed1:  55%|█████▌    | 1653/3000 [18:29<14:46,  1.52it/s]
qwen2.5-vl/pope/ricd/aokvqa/popular/seed1:  55%|█████▌    | 1654/3000 [18:30<14:26,  1.55it/s]
qwen2.5-vl/pope/ricd/aokvqa/popular/seed1:  55%|█████▌    | 1655/3000 [18:30<14:11,  1.58it/s]
qwen2.5-vl/pope/ricd/aokvqa/popular/seed1:  55%|█████▌    | 1656/3000 [18:31<14:01,  1.60it/s]
qwen2.5-vl/pope/ricd/aokvqa/popular/seed1:  55%|█████▌    | 1657/3000 [18:32<14:42,  1.52it/s]
qwen2.5-vl/pope/ricd/aokvqa/popular/seed1:  55%|█████▌    | 1658/3000 [18:32<15:09,  1.48it/s]
qwen2.5-vl/pope/ricd/aokvqa/popular/seed1:  55%|█████▌    | 1659/3000 [18:33<15:29,  1.44it/s]
qwen2.5-vl/pope/ricd/aokvqa/popular/seed1:  55%|█████▌    | 1660/3000 [18:34<15:44,  1.42it/s]
qwen2.5-vl/pope/ricd/aokvqa/popular/seed1:  55%|█████▌    | 1661/3000 [18:35<15:55,  1.40it/s]
qwen2.5-vl/pope/ricd/aokvqa/popular/seed1:  55%|█████▌    | 1662/3000 [18:35<16:03,  1.39it/s]
qwen2.5-vl/pope/ricd/aokvqa/popular/seed1:  55%|█████▌    | 1663/3000 [18:36<17:10,  1.30it/s]
qwen2.5-vl/pope/ricd/aokvqa/popular/seed1:  55%|█████▌    | 1664/3000 [18:37<17:56,  1.24it/s]
qwen2.5-vl/pope/ricd/aokvqa/popular/seed1:  56%|█████▌    | 1665/3000 [18:38<18:33,  1.20it/s]
qwen2.5-vl/pope/ricd/aokvqa/popular/seed1:  56%|█████▌    | 1666/3000 [18:39<18:54,  1.18it/s]
qwen2.5-vl/pope/ricd/aokvqa/popular/seed1:  56%|█████▌    | 1667/3000 [18:40<19:08,  1.16it/s]
qwen2.5-vl/pope/ricd/aokvqa/popular/seed1:  56%|█████▌    | 1668/3000 [18:41<19:20,  1.15it/s]
qwen2.5-vl/pope/ricd/aokvqa/popular/seed1:  56%|█████▌    | 1669/3000 [18:41<18:25,  1.20it/s]
qwen2.5-vl/pope/ricd/aokvqa/popular/seed1:  56%|█████▌    | 1670/3000 [18:42<17:49,  1.24it/s]
qwen2.5-vl/pope/ricd/aokvqa/popular/seed1:  56%|█████▌    | 1671/3000 [18:43<17:17,  1.28it/s]
qwen2.5-vl/pope/ricd/aokvqa/popular/seed1:  56%|█████▌    | 1672/3000 [18:44<16:55,  1.31it/s]
qwen2.5-vl/pope/ricd/aokvqa/popular/seed1:  56%|█████▌    | 1673/3000 [18:44<16:40,  1.33it/s]
qwen2.5-vl/pope/ricd/aokvqa/popular/seed1:  56%|█████▌    | 1674/3000 [18:45<16:29,  1.34it/s]
qwen2.5-vl/pope/ricd/aokvqa/popular/seed1:  56%|█████▌    | 1675/3000 [18:46<15:34,  1.42it/s]
qwen2.5-vl/pope/ricd/aokvqa/popular/seed1:  56%|█████▌    | 1676/3000 [18:46<14:56,  1.48it/s]
qwen2.5-vl/pope/ricd/aokvqa/popular/seed1:  56%|█████▌    | 1677/3000 [18:47<14:29,  1.52it/s]
qwen2.5-vl/pope/ricd/aokvqa/popular/seed1:  56%|█████▌    | 1678/3000 [18:47<14:10,  1.55it/s]
qwen2.5-vl/pope/ricd/aokvqa/popular/seed1:  56%|█████▌    | 1679/3000 [18:48<13:57,  1.58it/s]
qwen2.5-vl/pope/ricd/aokvqa/popular/seed1:  56%|█████▌    | 1680/3000 [18:49<13:49,  1.59it/s]
qwen2.5-vl/pope/ricd/aokvqa/popular/seed1:  56%|█████▌    | 1681/3000 [18:49<14:28,  1.52it/s]
qwen2.5-vl/pope/ricd/aokvqa/popular/seed1:  56%|█████▌    | 1682/3000 [18:50<14:55,  1.47it/s]
qwen2.5-vl/pope/ricd/aokvqa/popular/seed1:  56%|█████▌    | 1683/3000 [18:51<15:16,  1.44it/s]
qwen2.5-vl/pope/ricd/aokvqa/popular/seed1:  56%|█████▌    | 1684/3000 [18:52<15:28,  1.42it/s]
qwen2.5-vl/pope/ricd/aokvqa/popular/seed1:  56%|█████▌    | 1685/3000 [18:52<15:36,  1.40it/s]
qwen2.5-vl/pope/ricd/aokvqa/popular/seed1:  56%|█████▌    | 1686/3000 [18:53<15:42,  1.39it/s]
qwen2.5-vl/pope/ricd/aokvqa/popular/seed1:  56%|█████▌    | 1687/3000 [18:54<15:53,  1.38it/s]
qwen2.5-vl/pope/ricd/aokvqa/popular/seed1:  56%|█████▋    | 1688/3000 [18:55<16:00,  1.37it/s]
qwen2.5-vl/pope/ricd/aokvqa/popular/seed1:  56%|█████▋    | 1689/3000 [18:55<16:06,  1.36it/s]
qwen2.5-vl/pope/ricd/aokvqa/popular/seed1:  56%|█████▋    | 1690/3000 [18:56<16:10,  1.35it/s]
qwen2.5-vl/pope/ricd/aokvqa/popular/seed1:  56%|█████▋    | 1691/3000 [18:57<16:12,  1.35it/s]
qwen2.5-vl/pope/ricd/aokvqa/popular/seed1:  56%|█████▋    | 1692/3000 [18:58<16:13,  1.34it/s]
qwen2.5-vl/pope/ricd/aokvqa/popular/seed1:  56%|█████▋    | 1693/3000 [18:58<15:02,  1.45it/s]
qwen2.5-vl/pope/ricd/aokvqa/popular/seed1:  56%|█████▋    | 1694/3000 [18:59<14:11,  1.53it/s]
qwen2.5-vl/pope/ricd/aokvqa/popular/seed1:  56%|█████▋    | 1695/3000 [18:59<13:36,  1.60it/s]
qwen2.5-vl/pope/ricd/aokvqa/popular/seed1:  57%|█████▋    | 1696/3000 [19:00<13:11,  1.65it/s]
qwen2.5-vl/pope/ricd/aokvqa/popular/seed1:  57%|█████▋    | 1697/3000 [19:00<12:54,  1.68it/s]
qwen2.5-vl/pope/ricd/aokvqa/popular/seed1:  57%|█████▋    | 1698/3000 [19:01<12:42,  1.71it/s]
qwen2.5-vl/pope/ricd/aokvqa/popular/seed1:  57%|█████▋    | 1699/3000 [19:01<11:24,  1.90it/s]
qwen2.5-vl/pope/ricd/aokvqa/popular/seed1:  57%|█████▋    | 1700/3000 [19:02<10:28,  2.07it/s]
qwen2.5-vl/pope/ricd/aokvqa/popular/seed1:  57%|█████▋    | 1701/3000 [19:02<09:48,  2.21it/s]
qwen2.5-vl/pope/ricd/aokvqa/popular/seed1:  57%|█████▋    | 1702/3000 [19:02<09:19,  2.32it/s]
qwen2.5-vl/pope/ricd/aokvqa/popular/seed1:  57%|█████▋    | 1703/3000 [19:03<08:59,  2.40it/s]
qwen2.5-vl/pope/ricd/aokvqa/popular/seed1:  57%|█████▋    | 1704/3000 [19:03<08:45,  2.47it/s]
qwen2.5-vl/pope/ricd/aokvqa/popular/seed1:  57%|█████▋    | 1705/3000 [19:04<12:23,  1.74it/s]
qwen2.5-vl/pope/ricd/aokvqa/popular/seed1:  57%|█████▋    | 1706/3000 [19:05<14:51,  1.45it/s]
qwen2.5-vl/pope/ricd/aokvqa/popular/seed1:  57%|█████▋    | 1707/3000 [19:06<16:37,  1.30it/s]
qwen2.5-vl/pope/ricd/aokvqa/popular/seed1:  57%|█████▋    | 1708/3000 [19:07<17:49,  1.21it/s]
qwen2.5-vl/pope/ricd/aokvqa/popular/seed1:  57%|█████▋    | 1709/3000 [19:08<18:39,  1.15it/s]
qwen2.5-vl/pope/ricd/aokvqa/popular/seed1:  57%|█████▋    | 1710/3000 [19:09<19:15,  1.12it/s]
qwen2.5-vl/pope/ricd/aokvqa/popular/seed1:  57%|█████▋    | 1711/3000 [19:10<18:09,  1.18it/s]
qwen2.5-vl/pope/ricd/aokvqa/popular/seed1:  57%|█████▋    | 1712/3000 [19:10<17:23,  1.23it/s]
qwen2.5-vl/pope/ricd/aokvqa/popular/seed1:  57%|█████▋    | 1713/3000 [19:11<16:51,  1.27it/s]
qwen2.5-vl/pope/ricd/aokvqa/popular/seed1:  57%|█████▋    | 1714/3000 [19:12<16:28,  1.30it/s]
qwen2.5-vl/pope/ricd/aokvqa/popular/seed1:  57%|█████▋    | 1715/3000 [19:13<16:12,  1.32it/s]
qwen2.5-vl/pope/ricd/aokvqa/popular/seed1:  57%|█████▋    | 1716/3000 [19:13<16:00,  1.34it/s]
qwen2.5-vl/pope/ricd/aokvqa/popular/seed1:  57%|█████▋    | 1717/3000 [19:14<14:49,  1.44it/s]
qwen2.5-vl/pope/ricd/aokvqa/popular/seed1:  57%|█████▋    | 1718/3000 [19:15<13:59,  1.53it/s]
qwen2.5-vl/pope/ricd/aokvqa/popular/seed1:  57%|█████▋    | 1719/3000 [19:15<13:24,  1.59it/s]
qwen2.5-vl/pope/ricd/aokvqa/popular/seed1:  57%|█████▋    | 1720/3000 [19:16<13:01,  1.64it/s]
qwen2.5-vl/pope/ricd/aokvqa/popular/seed1:  57%|█████▋    | 1721/3000 [19:16<12:45,  1.67it/s]
qwen2.5-vl/pope/ricd/aokvqa/popular/seed1:  57%|█████▋    | 1722/3000 [19:17<12:32,  1.70it/s]
qwen2.5-vl/pope/ricd/aokvqa/popular/seed1:  57%|█████▋    | 1723/3000 [19:18<13:31,  1.57it/s]
qwen2.5-vl/pope/ricd/aokvqa/popular/seed1:  57%|█████▋    | 1724/3000 [19:18<14:09,  1.50it/s]
qwen2.5-vl/pope/ricd/aokvqa/popular/seed1:  57%|█████▊    | 1725/3000 [19:19<14:38,  1.45it/s]
qwen2.5-vl/pope/ricd/aokvqa/popular/seed1:  58%|█████▊    | 1726/3000 [19:20<14:56,  1.42it/s]
qwen2.5-vl/pope/ricd/aokvqa/popular/seed1:  58%|█████▊    | 1727/3000 [19:20<15:06,  1.40it/s]
qwen2.5-vl/pope/ricd/aokvqa/popular/seed1:  58%|█████▊    | 1728/3000 [19:21<15:15,  1.39it/s]
qwen2.5-vl/pope/ricd/aokvqa/popular/seed1:  58%|█████▊    | 1729/3000 [19:22<14:36,  1.45it/s]
qwen2.5-vl/pope/ricd/aokvqa/popular/seed1:  58%|█████▊    | 1730/3000 [19:22<14:06,  1.50it/s]
qwen2.5-vl/pope/ricd/aokvqa/popular/seed1:  58%|█████▊    | 1731/3000 [19:23<13:48,  1.53it/s]
qwen2.5-vl/pope/ricd/aokvqa/popular/seed1:  58%|█████▊    | 1732/3000 [19:24<13:32,  1.56it/s]
qwen2.5-vl/pope/ricd/aokvqa/popular/seed1:  58%|█████▊    | 1733/3000 [19:24<13:22,  1.58it/s]
qwen2.5-vl/pope/ricd/aokvqa/popular/seed1:  58%|█████▊    | 1734/3000 [19:25<13:19,  1.58it/s]
qwen2.5-vl/pope/ricd/aokvqa/popular/seed1:  58%|█████▊    | 1735/3000 [19:26<14:03,  1.50it/s]
qwen2.5-vl/pope/ricd/aokvqa/popular/seed1:  58%|█████▊    | 1736/3000 [19:26<14:29,  1.45it/s]
qwen2.5-vl/pope/ricd/aokvqa/popular/seed1:  58%|█████▊    | 1737/3000 [19:27<14:47,  1.42it/s]
qwen2.5-vl/pope/ricd/aokvqa/popular/seed1:  58%|█████▊    | 1738/3000 [19:28<15:00,  1.40it/s]
qwen2.5-vl/pope/ricd/aokvqa/popular/seed1:  58%|█████▊    | 1739/3000 [19:29<15:07,  1.39it/s]
qwen2.5-vl/pope/ricd/aokvqa/popular/seed1:  58%|█████▊    | 1740/3000 [19:29<15:30,  1.35it/s]
qwen2.5-vl/pope/ricd/aokvqa/popular/seed1:  58%|█████▊    | 1741/3000 [19:30<14:57,  1.40it/s]
qwen2.5-vl/pope/ricd/aokvqa/popular/seed1:  58%|█████▊    | 1742/3000 [19:31<14:25,  1.45it/s]
qwen2.5-vl/pope/ricd/aokvqa/popular/seed1:  58%|█████▊    | 1743/3000 [19:31<13:56,  1.50it/s]
qwen2.5-vl/pope/ricd/aokvqa/popular/seed1:  58%|█████▊    | 1744/3000 [19:32<13:37,  1.54it/s]
qwen2.5-vl/pope/ricd/aokvqa/popular/seed1:  58%|█████▊    | 1745/3000 [19:33<13:26,  1.56it/s]
qwen2.5-vl/pope/ricd/aokvqa/popular/seed1:  58%|█████▊    | 1746/3000 [19:33<13:17,  1.57it/s]
qwen2.5-vl/pope/ricd/aokvqa/popular/seed1:  58%|█████▊    | 1747/3000 [19:34<12:54,  1.62it/s]
qwen2.5-vl/pope/ricd/aokvqa/popular/seed1:  58%|█████▊    | 1748/3000 [19:34<12:38,  1.65it/s]
qwen2.5-vl/pope/ricd/aokvqa/popular/seed1:  58%|█████▊    | 1749/3000 [19:35<12:25,  1.68it/s]
qwen2.5-vl/pope/ricd/aokvqa/popular/seed1:  58%|█████▊    | 1750/3000 [19:35<12:16,  1.70it/s]
qwen2.5-vl/pope/ricd/aokvqa/popular/seed1:  58%|█████▊    | 1751/3000 [19:36<12:10,  1.71it/s]
qwen2.5-vl/pope/ricd/aokvqa/popular/seed1:  58%|█████▊    | 1752/3000 [19:37<12:13,  1.70it/s]
qwen2.5-vl/pope/ricd/aokvqa/popular/seed1:  58%|█████▊    | 1753/3000 [19:37<13:19,  1.56it/s]
qwen2.5-vl/pope/ricd/aokvqa/popular/seed1:  58%|█████▊    | 1754/3000 [19:38<14:17,  1.45it/s]
qwen2.5-vl/pope/ricd/aokvqa/popular/seed1:  58%|█████▊    | 1755/3000 [19:39<14:38,  1.42it/s]
qwen2.5-vl/pope/ricd/aokvqa/popular/seed1:  59%|█████▊    | 1756/3000 [19:40<14:50,  1.40it/s]
qwen2.5-vl/pope/ricd/aokvqa/popular/seed1:  59%|█████▊    | 1757/3000 [19:40<14:58,  1.38it/s]
qwen2.5-vl/pope/ricd/aokvqa/popular/seed1:  59%|█████▊    | 1758/3000 [19:41<15:03,  1.37it/s]
qwen2.5-vl/pope/ricd/aokvqa/popular/seed1:  59%|█████▊    | 1759/3000 [19:42<14:21,  1.44it/s]
qwen2.5-vl/pope/ricd/aokvqa/popular/seed1:  59%|█████▊    | 1760/3000 [19:42<13:53,  1.49it/s]
qwen2.5-vl/pope/ricd/aokvqa/popular/seed1:  59%|█████▊    | 1761/3000 [19:43<13:32,  1.53it/s]
qwen2.5-vl/pope/ricd/aokvqa/popular/seed1:  59%|█████▊    | 1762/3000 [19:44<13:19,  1.55it/s]
qwen2.5-vl/pope/ricd/aokvqa/popular/seed1:  59%|█████▉    | 1763/3000 [19:44<13:08,  1.57it/s]
qwen2.5-vl/pope/ricd/aokvqa/popular/seed1:  59%|█████▉    | 1764/3000 [19:45<13:00,  1.58it/s]
qwen2.5-vl/pope/ricd/aokvqa/popular/seed1:  59%|█████▉    | 1765/3000 [19:45<12:37,  1.63it/s]
qwen2.5-vl/pope/ricd/aokvqa/popular/seed1:  59%|█████▉    | 1766/3000 [19:46<12:19,  1.67it/s]
qwen2.5-vl/pope/ricd/aokvqa/popular/seed1:  59%|█████▉    | 1767/3000 [19:47<12:08,  1.69it/s]
qwen2.5-vl/pope/ricd/aokvqa/popular/seed1:  59%|█████▉    | 1768/3000 [19:47<12:01,  1.71it/s]
qwen2.5-vl/pope/ricd/aokvqa/popular/seed1:  59%|█████▉    | 1769/3000 [19:48<11:56,  1.72it/s]
qwen2.5-vl/pope/ricd/aokvqa/popular/seed1:  59%|█████▉    | 1770/3000 [19:48<11:54,  1.72it/s]
qwen2.5-vl/pope/ricd/aokvqa/popular/seed1:  59%|█████▉    | 1771/3000 [19:49<12:52,  1.59it/s]
qwen2.5-vl/pope/ricd/aokvqa/popular/seed1:  59%|█████▉    | 1772/3000 [19:50<13:30,  1.51it/s]
qwen2.5-vl/pope/ricd/aokvqa/popular/seed1:  59%|█████▉    | 1773/3000 [19:51<13:57,  1.47it/s]
qwen2.5-vl/pope/ricd/aokvqa/popular/seed1:  59%|█████▉    | 1774/3000 [19:51<14:16,  1.43it/s]
qwen2.5-vl/pope/ricd/aokvqa/popular/seed1:  59%|█████▉    | 1775/3000 [19:52<14:30,  1.41it/s]
qwen2.5-vl/pope/ricd/aokvqa/popular/seed1:  59%|█████▉    | 1776/3000 [19:53<14:39,  1.39it/s]
qwen2.5-vl/pope/ricd/aokvqa/popular/seed1:  59%|█████▉    | 1777/3000 [19:53<14:02,  1.45it/s]
qwen2.5-vl/pope/ricd/aokvqa/popular/seed1:  59%|█████▉    | 1778/3000 [19:54<13:36,  1.50it/s]
qwen2.5-vl/pope/ricd/aokvqa/popular/seed1:  59%|█████▉    | 1779/3000 [19:55<13:17,  1.53it/s]
qwen2.5-vl/pope/ricd/aokvqa/popular/seed1:  59%|█████▉    | 1780/3000 [19:55<13:02,  1.56it/s]
qwen2.5-vl/pope/ricd/aokvqa/popular/seed1:  59%|█████▉    | 1781/3000 [19:56<12:52,  1.58it/s]
qwen2.5-vl/pope/ricd/aokvqa/popular/seed1:  59%|█████▉    | 1782/3000 [19:56<12:46,  1.59it/s]
qwen2.5-vl/pope/ricd/aokvqa/popular/seed1:  59%|█████▉    | 1783/3000 [19:57<13:00,  1.56it/s]
qwen2.5-vl/pope/ricd/aokvqa/popular/seed1:  59%|█████▉    | 1784/3000 [19:58<13:11,  1.54it/s]
qwen2.5-vl/pope/ricd/aokvqa/popular/seed1:  60%|█████▉    | 1785/3000 [19:58<13:20,  1.52it/s]
qwen2.5-vl/pope/ricd/aokvqa/popular/seed1:  60%|█████▉    | 1786/3000 [19:59<13:27,  1.50it/s]
qwen2.5-vl/pope/ricd/aokvqa/popular/seed1:  60%|█████▉    | 1787/3000 [20:00<13:27,  1.50it/s]
qwen2.5-vl/pope/ricd/aokvqa/popular/seed1:  60%|█████▉    | 1788/3000 [20:00<13:26,  1.50it/s]
qwen2.5-vl/pope/ricd/aokvqa/popular/seed1:  60%|█████▉    | 1789/3000 [20:01<13:49,  1.46it/s]
qwen2.5-vl/pope/ricd/aokvqa/popular/seed1:  60%|█████▉    | 1790/3000 [20:02<14:05,  1.43it/s]
qwen2.5-vl/pope/ricd/aokvqa/popular/seed1:  60%|█████▉    | 1791/3000 [20:03<14:16,  1.41it/s]
qwen2.5-vl/pope/ricd/aokvqa/popular/seed1:  60%|█████▉    | 1792/3000 [20:03<14:23,  1.40it/s]
qwen2.5-vl/pope/ricd/aokvqa/popular/seed1:  60%|█████▉    | 1793/3000 [20:04<14:28,  1.39it/s]
qwen2.5-vl/pope/ricd/aokvqa/popular/seed1:  60%|█████▉    | 1794/3000 [20:05<14:31,  1.38it/s]
qwen2.5-vl/pope/ricd/aokvqa/popular/seed1:  60%|█████▉    | 1795/3000 [20:06<14:20,  1.40it/s]
qwen2.5-vl/pope/ricd/aokvqa/popular/seed1:  60%|█████▉    | 1796/3000 [20:06<14:12,  1.41it/s]
qwen2.5-vl/pope/ricd/aokvqa/popular/seed1:  60%|█████▉    | 1797/3000 [20:07<14:07,  1.42it/s]
qwen2.5-vl/pope/ricd/aokvqa/popular/seed1:  60%|█████▉    | 1798/3000 [20:08<14:03,  1.42it/s]
qwen2.5-vl/pope/ricd/aokvqa/popular/seed1:  60%|█████▉    | 1799/3000 [20:08<14:00,  1.43it/s]
qwen2.5-vl/pope/ricd/aokvqa/popular/seed1:  60%|██████    | 1800/3000 [20:09<13:57,  1.43it/s]
qwen2.5-vl/pope/ricd/aokvqa/popular/seed1:  60%|██████    | 1801/3000 [20:10<13:26,  1.49it/s]
qwen2.5-vl/pope/ricd/aokvqa/popular/seed1:  60%|██████    | 1802/3000 [20:10<13:03,  1.53it/s]
qwen2.5-vl/pope/ricd/aokvqa/popular/seed1:  60%|██████    | 1803/3000 [20:11<12:47,  1.56it/s]
qwen2.5-vl/pope/ricd/aokvqa/popular/seed1:  60%|██████    | 1804/3000 [20:11<12:36,  1.58it/s]
qwen2.5-vl/pope/ricd/aokvqa/popular/seed1:  60%|██████    | 1805/3000 [20:12<12:30,  1.59it/s]
qwen2.5-vl/pope/ricd/aokvqa/popular/seed1:  60%|██████    | 1806/3000 [20:13<12:25,  1.60it/s]
qwen2.5-vl/pope/ricd/aokvqa/popular/seed1:  60%|██████    | 1807/3000 [20:13<13:05,  1.52it/s]
qwen2.5-vl/pope/ricd/aokvqa/popular/seed1:  60%|██████    | 1808/3000 [20:14<13:31,  1.47it/s]
qwen2.5-vl/pope/ricd/aokvqa/popular/seed1:  60%|██████    | 1809/3000 [20:15<13:48,  1.44it/s]
qwen2.5-vl/pope/ricd/aokvqa/popular/seed1:  60%|██████    | 1810/3000 [20:16<14:00,  1.42it/s]
qwen2.5-vl/pope/ricd/aokvqa/popular/seed1:  60%|██████    | 1811/3000 [20:16<14:09,  1.40it/s]
qwen2.5-vl/pope/ricd/aokvqa/popular/seed1:  60%|██████    | 1812/3000 [20:17<14:16,  1.39it/s]
qwen2.5-vl/pope/ricd/aokvqa/popular/seed1:  60%|██████    | 1813/3000 [20:18<13:38,  1.45it/s]
qwen2.5-vl/pope/ricd/aokvqa/popular/seed1:  60%|██████    | 1814/3000 [20:18<13:12,  1.50it/s]
qwen2.5-vl/pope/ricd/aokvqa/popular/seed1:  60%|██████    | 1815/3000 [20:19<12:53,  1.53it/s]
qwen2.5-vl/pope/ricd/aokvqa/popular/seed1:  61%|██████    | 1816/3000 [20:20<12:40,  1.56it/s]
qwen2.5-vl/pope/ricd/aokvqa/popular/seed1:  61%|██████    | 1817/3000 [20:20<12:27,  1.58it/s]
qwen2.5-vl/pope/ricd/aokvqa/popular/seed1:  61%|██████    | 1818/3000 [20:21<12:18,  1.60it/s]
qwen2.5-vl/pope/ricd/aokvqa/popular/seed1:  61%|██████    | 1819/3000 [20:21<12:13,  1.61it/s]
qwen2.5-vl/pope/ricd/aokvqa/popular/seed1:  61%|██████    | 1820/3000 [20:22<12:08,  1.62it/s]
qwen2.5-vl/pope/ricd/aokvqa/popular/seed1:  61%|██████    | 1821/3000 [20:23<12:05,  1.63it/s]
qwen2.5-vl/pope/ricd/aokvqa/popular/seed1:  61%|██████    | 1822/3000 [20:23<12:02,  1.63it/s]
qwen2.5-vl/pope/ricd/aokvqa/popular/seed1:  61%|██████    | 1823/3000 [20:24<12:01,  1.63it/s]
qwen2.5-vl/pope/ricd/aokvqa/popular/seed1:  61%|██████    | 1824/3000 [20:24<11:59,  1.63it/s]
qwen2.5-vl/pope/ricd/aokvqa/popular/seed1:  61%|██████    | 1825/3000 [20:25<12:30,  1.57it/s]
qwen2.5-vl/pope/ricd/aokvqa/popular/seed1:  61%|██████    | 1826/3000 [20:26<12:49,  1.53it/s]
qwen2.5-vl/pope/ricd/aokvqa/popular/seed1:  61%|██████    | 1827/3000 [20:27<13:05,  1.49it/s]
qwen2.5-vl/pope/ricd/aokvqa/popular/seed1:  61%|██████    | 1828/3000 [20:27<13:14,  1.47it/s]
qwen2.5-vl/pope/ricd/aokvqa/popular/seed1:  61%|██████    | 1829/3000 [20:28<13:21,  1.46it/s]
qwen2.5-vl/pope/ricd/aokvqa/popular/seed1:  61%|██████    | 1830/3000 [20:29<13:26,  1.45it/s]
qwen2.5-vl/pope/ricd/aokvqa/popular/seed1:  61%|██████    | 1831/3000 [20:29<13:44,  1.42it/s]
qwen2.5-vl/pope/ricd/aokvqa/popular/seed1:  61%|██████    | 1832/3000 [20:30<13:54,  1.40it/s]
qwen2.5-vl/pope/ricd/aokvqa/popular/seed1:  61%|██████    | 1833/3000 [20:31<14:03,  1.38it/s]
qwen2.5-vl/pope/ricd/aokvqa/popular/seed1:  61%|██████    | 1834/3000 [20:32<14:08,  1.37it/s]
qwen2.5-vl/pope/ricd/aokvqa/popular/seed1:  61%|██████    | 1835/3000 [20:32<14:11,  1.37it/s]
qwen2.5-vl/pope/ricd/aokvqa/popular/seed1:  61%|██████    | 1836/3000 [20:33<14:11,  1.37it/s]
qwen2.5-vl/pope/ricd/aokvqa/popular/seed1:  61%|██████    | 1837/3000 [20:34<13:32,  1.43it/s]
qwen2.5-vl/pope/ricd/aokvqa/popular/seed1:  61%|██████▏   | 1838/3000 [20:34<13:04,  1.48it/s]
qwen2.5-vl/pope/ricd/aokvqa/popular/seed1:  61%|██████▏   | 1839/3000 [20:35<12:43,  1.52it/s]
qwen2.5-vl/pope/ricd/aokvqa/popular/seed1:  61%|██████▏   | 1840/3000 [20:36<12:27,  1.55it/s]
qwen2.5-vl/pope/ricd/aokvqa/popular/seed1:  61%|██████▏   | 1841/3000 [20:36<12:18,  1.57it/s]
qwen2.5-vl/pope/ricd/aokvqa/popular/seed1:  61%|██████▏   | 1842/3000 [20:37<12:07,  1.59it/s]
qwen2.5-vl/pope/ricd/aokvqa/popular/seed1:  61%|██████▏   | 1843/3000 [20:38<12:42,  1.52it/s]
qwen2.5-vl/pope/ricd/aokvqa/popular/seed1:  61%|██████▏   | 1844/3000 [20:38<13:06,  1.47it/s]
qwen2.5-vl/pope/ricd/aokvqa/popular/seed1:  62%|██████▏   | 1845/3000 [20:39<13:25,  1.43it/s]
qwen2.5-vl/pope/ricd/aokvqa/popular/seed1:  62%|██████▏   | 1846/3000 [20:40<13:37,  1.41it/s]
qwen2.5-vl/pope/ricd/aokvqa/popular/seed1:  62%|██████▏   | 1847/3000 [20:40<13:47,  1.39it/s]
qwen2.5-vl/pope/ricd/aokvqa/popular/seed1:  62%|██████▏   | 1848/3000 [20:41<13:54,  1.38it/s]
qwen2.5-vl/pope/ricd/aokvqa/popular/seed1:  62%|██████▏   | 1849/3000 [20:42<13:59,  1.37it/s]
qwen2.5-vl/pope/ricd/aokvqa/popular/seed1:  62%|██████▏   | 1850/3000 [20:43<14:01,  1.37it/s]
qwen2.5-vl/pope/ricd/aokvqa/popular/seed1:  62%|██████▏   | 1851/3000 [20:43<14:03,  1.36it/s]
qwen2.5-vl/pope/ricd/aokvqa/popular/seed1:  62%|██████▏   | 1852/3000 [20:44<14:04,  1.36it/s]
qwen2.5-vl/pope/ricd/aokvqa/popular/seed1:  62%|██████▏   | 1853/3000 [20:45<14:00,  1.36it/s]
qwen2.5-vl/pope/ricd/aokvqa/popular/seed1:  62%|██████▏   | 1854/3000 [20:46<13:58,  1.37it/s]
qwen2.5-vl/pope/ricd/aokvqa/popular/seed1:  62%|██████▏   | 1855/3000 [20:46<13:56,  1.37it/s]
qwen2.5-vl/pope/ricd/aokvqa/popular/seed1:  62%|██████▏   | 1856/3000 [20:47<13:54,  1.37it/s]
qwen2.5-vl/pope/ricd/aokvqa/popular/seed1:  62%|██████▏   | 1857/3000 [20:48<13:53,  1.37it/s]
qwen2.5-vl/pope/ricd/aokvqa/popular/seed1:  62%|██████▏   | 1858/3000 [20:49<13:52,  1.37it/s]
qwen2.5-vl/pope/ricd/aokvqa/popular/seed1:  62%|██████▏   | 1859/3000 [20:49<13:51,  1.37it/s]
qwen2.5-vl/pope/ricd/aokvqa/popular/seed1:  62%|██████▏   | 1860/3000 [20:50<13:50,  1.37it/s]
qwen2.5-vl/pope/ricd/aokvqa/popular/seed1:  62%|██████▏   | 1861/3000 [20:51<13:09,  1.44it/s]
qwen2.5-vl/pope/ricd/aokvqa/popular/seed1:  62%|██████▏   | 1862/3000 [20:51<12:40,  1.50it/s]
qwen2.5-vl/pope/ricd/aokvqa/popular/seed1:  62%|██████▏   | 1863/3000 [20:52<12:19,  1.54it/s]
qwen2.5-vl/pope/ricd/aokvqa/popular/seed1:  62%|██████▏   | 1864/3000 [20:52<12:05,  1.57it/s]
qwen2.5-vl/pope/ricd/aokvqa/popular/seed1:  62%|██████▏   | 1865/3000 [20:53<11:58,  1.58it/s]
qwen2.5-vl/pope/ricd/aokvqa/popular/seed1:  62%|██████▏   | 1866/3000 [20:54<11:50,  1.60it/s]
qwen2.5-vl/pope/ricd/aokvqa/popular/seed1:  62%|██████▏   | 1867/3000 [20:54<11:44,  1.61it/s]
qwen2.5-vl/pope/ricd/aokvqa/popular/seed1:  62%|██████▏   | 1868/3000 [20:55<11:40,  1.62it/s]
qwen2.5-vl/pope/ricd/aokvqa/popular/seed1:  62%|██████▏   | 1869/3000 [20:55<11:37,  1.62it/s]
qwen2.5-vl/pope/ricd/aokvqa/popular/seed1:  62%|██████▏   | 1870/3000 [20:56<11:34,  1.63it/s]
qwen2.5-vl/pope/ricd/aokvqa/popular/seed1:  62%|██████▏   | 1871/3000 [20:57<11:33,  1.63it/s]
qwen2.5-vl/pope/ricd/aokvqa/popular/seed1:  62%|██████▏   | 1872/3000 [20:57<11:32,  1.63it/s]
qwen2.5-vl/pope/ricd/aokvqa/popular/seed1:  62%|██████▏   | 1873/3000 [20:58<12:13,  1.54it/s]
qwen2.5-vl/pope/ricd/aokvqa/popular/seed1:  62%|██████▏   | 1874/3000 [20:59<12:41,  1.48it/s]
qwen2.5-vl/pope/ricd/aokvqa/popular/seed1:  62%|██████▎   | 1875/3000 [21:00<13:01,  1.44it/s]
qwen2.5-vl/pope/ricd/aokvqa/popular/seed1:  63%|██████▎   | 1876/3000 [21:00<13:11,  1.42it/s]
qwen2.5-vl/pope/ricd/aokvqa/popular/seed1:  63%|██████▎   | 1877/3000 [21:01<13:18,  1.41it/s]
qwen2.5-vl/pope/ricd/aokvqa/popular/seed1:  63%|██████▎   | 1878/3000 [21:02<13:27,  1.39it/s]
qwen2.5-vl/pope/ricd/aokvqa/popular/seed1:  63%|██████▎   | 1879/3000 [21:02<13:33,  1.38it/s]
qwen2.5-vl/pope/ricd/aokvqa/popular/seed1:  63%|██████▎   | 1880/3000 [21:03<13:37,  1.37it/s]
qwen2.5-vl/pope/ricd/aokvqa/popular/seed1:  63%|██████▎   | 1881/3000 [21:04<13:36,  1.37it/s]
qwen2.5-vl/pope/ricd/aokvqa/popular/seed1:  63%|██████▎   | 1882/3000 [21:05<13:35,  1.37it/s]
qwen2.5-vl/pope/ricd/aokvqa/popular/seed1:  63%|██████▎   | 1883/3000 [21:05<13:34,  1.37it/s]
qwen2.5-vl/pope/ricd/aokvqa/popular/seed1:  63%|██████▎   | 1884/3000 [21:06<13:36,  1.37it/s]
qwen2.5-vl/pope/ricd/aokvqa/popular/seed1:  63%|██████▎   | 1885/3000 [21:07<13:42,  1.36it/s]
qwen2.5-vl/pope/ricd/aokvqa/popular/seed1:  63%|██████▎   | 1886/3000 [21:08<13:43,  1.35it/s]
qwen2.5-vl/pope/ricd/aokvqa/popular/seed1:  63%|██████▎   | 1887/3000 [21:08<13:44,  1.35it/s]
qwen2.5-vl/pope/ricd/aokvqa/popular/seed1:  63%|██████▎   | 1888/3000 [21:09<13:41,  1.35it/s]
qwen2.5-vl/pope/ricd/aokvqa/popular/seed1:  63%|██████▎   | 1889/3000 [21:10<13:39,  1.36it/s]
qwen2.5-vl/pope/ricd/aokvqa/popular/seed1:  63%|██████▎   | 1890/3000 [21:11<13:39,  1.35it/s]
qwen2.5-vl/pope/ricd/aokvqa/popular/seed1:  63%|██████▎   | 1891/3000 [21:11<13:39,  1.35it/s]
qwen2.5-vl/pope/ricd/aokvqa/popular/seed1:  63%|██████▎   | 1892/3000 [21:12<13:40,  1.35it/s]
qwen2.5-vl/pope/ricd/aokvqa/popular/seed1:  63%|██████▎   | 1893/3000 [21:13<13:39,  1.35it/s]
qwen2.5-vl/pope/ricd/aokvqa/popular/seed1:  63%|██████▎   | 1894/3000 [21:14<13:39,  1.35it/s]
qwen2.5-vl/pope/ricd/aokvqa/popular/seed1:  63%|██████▎   | 1895/3000 [21:14<13:36,  1.35it/s]
qwen2.5-vl/pope/ricd/aokvqa/popular/seed1:  63%|██████▎   | 1896/3000 [21:15<13:36,  1.35it/s]
qwen2.5-vl/pope/ricd/aokvqa/popular/seed1:  63%|██████▎   | 1897/3000 [21:16<13:36,  1.35it/s]
qwen2.5-vl/pope/ricd/aokvqa/popular/seed1:  63%|██████▎   | 1898/3000 [21:16<13:34,  1.35it/s]
qwen2.5-vl/pope/ricd/aokvqa/popular/seed1:  63%|██████▎   | 1899/3000 [21:17<13:33,  1.35it/s]
qwen2.5-vl/pope/ricd/aokvqa/popular/seed1:  63%|██████▎   | 1900/3000 [21:18<13:29,  1.36it/s]
qwen2.5-vl/pope/ricd/aokvqa/popular/seed1:  63%|██████▎   | 1901/3000 [21:19<13:26,  1.36it/s]
qwen2.5-vl/pope/ricd/aokvqa/popular/seed1:  63%|██████▎   | 1902/3000 [21:19<13:23,  1.37it/s]
qwen2.5-vl/pope/ricd/aokvqa/popular/seed1:  63%|██████▎   | 1903/3000 [21:20<13:52,  1.32it/s]
qwen2.5-vl/pope/ricd/aokvqa/popular/seed1:  63%|██████▎   | 1904/3000 [21:21<14:11,  1.29it/s]
qwen2.5-vl/pope/ricd/aokvqa/popular/seed1:  64%|██████▎   | 1905/3000 [21:22<14:24,  1.27it/s]
qwen2.5-vl/pope/ricd/aokvqa/popular/seed1:  64%|██████▎   | 1906/3000 [21:23<14:34,  1.25it/s]
qwen2.5-vl/pope/ricd/aokvqa/popular/seed1:  64%|██████▎   | 1907/3000 [21:23<14:37,  1.24it/s]
qwen2.5-vl/pope/ricd/aokvqa/popular/seed1:  64%|██████▎   | 1908/3000 [21:24<14:41,  1.24it/s]
qwen2.5-vl/pope/ricd/aokvqa/popular/seed1:  64%|██████▎   | 1909/3000 [21:25<13:27,  1.35it/s]
qwen2.5-vl/pope/ricd/aokvqa/popular/seed1:  64%|██████▎   | 1910/3000 [21:25<12:35,  1.44it/s]
qwen2.5-vl/pope/ricd/aokvqa/popular/seed1:  64%|██████▎   | 1911/3000 [21:26<11:57,  1.52it/s]
qwen2.5-vl/pope/ricd/aokvqa/popular/seed1:  64%|██████▎   | 1912/3000 [21:27<11:30,  1.58it/s]
qwen2.5-vl/pope/ricd/aokvqa/popular/seed1:  64%|██████▍   | 1913/3000 [21:27<11:10,  1.62it/s]
qwen2.5-vl/pope/ricd/aokvqa/popular/seed1:  64%|██████▍   | 1914/3000 [21:28<10:57,  1.65it/s]
qwen2.5-vl/pope/ricd/aokvqa/popular/seed1:  64%|██████▍   | 1915/3000 [21:29<11:41,  1.55it/s]
qwen2.5-vl/pope/ricd/aokvqa/popular/seed1:  64%|██████▍   | 1916/3000 [21:29<12:10,  1.48it/s]
qwen2.5-vl/pope/ricd/aokvqa/popular/seed1:  64%|██████▍   | 1917/3000 [21:30<12:31,  1.44it/s]
qwen2.5-vl/pope/ricd/aokvqa/popular/seed1:  64%|██████▍   | 1918/3000 [21:31<12:45,  1.41it/s]
qwen2.5-vl/pope/ricd/aokvqa/popular/seed1:  64%|██████▍   | 1919/3000 [21:31<12:54,  1.40it/s]
qwen2.5-vl/pope/ricd/aokvqa/popular/seed1:  64%|██████▍   | 1920/3000 [21:32<13:01,  1.38it/s]
qwen2.5-vl/pope/ricd/aokvqa/popular/seed1:  64%|██████▍   | 1921/3000 [21:33<13:05,  1.37it/s]
qwen2.5-vl/pope/ricd/aokvqa/popular/seed1:  64%|██████▍   | 1922/3000 [21:34<13:05,  1.37it/s]
qwen2.5-vl/pope/ricd/aokvqa/popular/seed1:  64%|██████▍   | 1923/3000 [21:34<13:07,  1.37it/s]
qwen2.5-vl/pope/ricd/aokvqa/popular/seed1:  64%|██████▍   | 1924/3000 [21:35<13:11,  1.36it/s]
qwen2.5-vl/pope/ricd/aokvqa/popular/seed1:  64%|██████▍   | 1925/3000 [21:36<13:23,  1.34it/s]
qwen2.5-vl/pope/ricd/aokvqa/popular/seed1:  64%|██████▍   | 1926/3000 [21:37<13:33,  1.32it/s]
qwen2.5-vl/pope/ricd/aokvqa/popular/seed1:  64%|██████▍   | 1927/3000 [21:38<13:38,  1.31it/s]
qwen2.5-vl/pope/ricd/aokvqa/popular/seed1:  64%|██████▍   | 1928/3000 [21:38<13:32,  1.32it/s]
qwen2.5-vl/pope/ricd/aokvqa/popular/seed1:  64%|██████▍   | 1929/3000 [21:39<13:27,  1.33it/s]
qwen2.5-vl/pope/ricd/aokvqa/popular/seed1:  64%|██████▍   | 1930/3000 [21:40<13:25,  1.33it/s]
qwen2.5-vl/pope/ricd/aokvqa/popular/seed1:  64%|██████▍   | 1931/3000 [21:40<13:20,  1.34it/s]
qwen2.5-vl/pope/ricd/aokvqa/popular/seed1:  64%|██████▍   | 1932/3000 [21:41<13:17,  1.34it/s]
qwen2.5-vl/pope/ricd/aokvqa/popular/seed1:  64%|██████▍   | 1933/3000 [21:42<10:53,  1.63it/s]
qwen2.5-vl/pope/ricd/aokvqa/popular/seed1:  64%|██████▍   | 1934/3000 [21:42<09:14,  1.92it/s]
qwen2.5-vl/pope/ricd/aokvqa/popular/seed1:  64%|██████▍   | 1935/3000 [21:42<08:03,  2.20it/s]
qwen2.5-vl/pope/ricd/aokvqa/popular/seed1:  65%|██████▍   | 1936/3000 [21:42<07:15,  2.44it/s]
qwen2.5-vl/pope/ricd/aokvqa/popular/seed1:  65%|██████▍   | 1937/3000 [21:43<06:41,  2.65it/s]
qwen2.5-vl/pope/ricd/aokvqa/popular/seed1:  65%|██████▍   | 1938/3000 [21:43<06:17,  2.81it/s]
qwen2.5-vl/pope/ricd/aokvqa/popular/seed1:  65%|██████▍   | 1939/3000 [21:44<07:41,  2.30it/s]
qwen2.5-vl/pope/ricd/aokvqa/popular/seed1:  65%|██████▍   | 1940/3000 [21:44<08:39,  2.04it/s]
qwen2.5-vl/pope/ricd/aokvqa/popular/seed1:  65%|██████▍   | 1941/3000 [21:45<09:17,  1.90it/s]
qwen2.5-vl/pope/ricd/aokvqa/popular/seed1:  65%|██████▍   | 1942/3000 [21:46<09:47,  1.80it/s]
qwen2.5-vl/pope/ricd/aokvqa/popular/seed1:  65%|██████▍   | 1943/3000 [21:46<10:06,  1.74it/s]
qwen2.5-vl/pope/ricd/aokvqa/popular/seed1:  65%|██████▍   | 1944/3000 [21:47<10:28,  1.68it/s]
qwen2.5-vl/pope/ricd/aokvqa/popular/seed1:  65%|██████▍   | 1945/3000 [21:47<09:22,  1.88it/s]
qwen2.5-vl/pope/ricd/aokvqa/popular/seed1:  65%|██████▍   | 1946/3000 [21:48<08:34,  2.05it/s]
qwen2.5-vl/pope/ricd/aokvqa/popular/seed1:  65%|██████▍   | 1947/3000 [21:48<08:01,  2.19it/s]
qwen2.5-vl/pope/ricd/aokvqa/popular/seed1:  65%|██████▍   | 1948/3000 [21:48<07:37,  2.30it/s]
qwen2.5-vl/pope/ricd/aokvqa/popular/seed1:  65%|██████▍   | 1949/3000 [21:49<07:20,  2.38it/s]
qwen2.5-vl/pope/ricd/aokvqa/popular/seed1:  65%|██████▌   | 1950/3000 [21:49<07:09,  2.44it/s]
qwen2.5-vl/pope/ricd/aokvqa/popular/seed1:  65%|██████▌   | 1951/3000 [21:50<08:17,  2.11it/s]
qwen2.5-vl/pope/ricd/aokvqa/popular/seed1:  65%|██████▌   | 1952/3000 [21:50<09:03,  1.93it/s]
qwen2.5-vl/pope/ricd/aokvqa/popular/seed1:  65%|██████▌   | 1953/3000 [21:51<09:33,  1.82it/s]
qwen2.5-vl/pope/ricd/aokvqa/popular/seed1:  65%|██████▌   | 1954/3000 [21:52<09:57,  1.75it/s]
qwen2.5-vl/pope/ricd/aokvqa/popular/seed1:  65%|██████▌   | 1955/3000 [21:52<10:10,  1.71it/s]
qwen2.5-vl/pope/ricd/aokvqa/popular/seed1:  65%|██████▌   | 1956/3000 [21:53<10:21,  1.68it/s]
qwen2.5-vl/pope/ricd/aokvqa/popular/seed1:  65%|██████▌   | 1957/3000 [21:54<11:04,  1.57it/s]
qwen2.5-vl/pope/ricd/aokvqa/popular/seed1:  65%|██████▌   | 1958/3000 [21:54<11:35,  1.50it/s]
qwen2.5-vl/pope/ricd/aokvqa/popular/seed1:  65%|██████▌   | 1959/3000 [21:55<11:56,  1.45it/s]
qwen2.5-vl/pope/ricd/aokvqa/popular/seed1:  65%|██████▌   | 1960/3000 [21:56<12:11,  1.42it/s]
qwen2.5-vl/pope/ricd/aokvqa/popular/seed1:  65%|██████▌   | 1961/3000 [21:57<12:19,  1.40it/s]
qwen2.5-vl/pope/ricd/aokvqa/popular/seed1:  65%|██████▌   | 1962/3000 [21:57<12:24,  1.39it/s]
qwen2.5-vl/pope/ricd/aokvqa/popular/seed1:  65%|██████▌   | 1963/3000 [21:58<11:35,  1.49it/s]
qwen2.5-vl/pope/ricd/aokvqa/popular/seed1:  65%|██████▌   | 1964/3000 [21:58<11:03,  1.56it/s]
qwen2.5-vl/pope/ricd/aokvqa/popular/seed1:  66%|██████▌   | 1965/3000 [21:59<10:40,  1.62it/s]
qwen2.5-vl/pope/ricd/aokvqa/popular/seed1:  66%|██████▌   | 1966/3000 [22:00<10:25,  1.65it/s]
qwen2.5-vl/pope/ricd/aokvqa/popular/seed1:  66%|██████▌   | 1967/3000 [22:00<10:13,  1.68it/s]
qwen2.5-vl/pope/ricd/aokvqa/popular/seed1:  66%|██████▌   | 1968/3000 [22:01<10:05,  1.70it/s]
qwen2.5-vl/pope/ricd/aokvqa/popular/seed1:  66%|██████▌   | 1969/3000 [22:01<10:15,  1.68it/s]
qwen2.5-vl/pope/ricd/aokvqa/popular/seed1:  66%|██████▌   | 1970/3000 [22:02<10:21,  1.66it/s]
qwen2.5-vl/pope/ricd/aokvqa/popular/seed1:  66%|██████▌   | 1971/3000 [22:02<10:24,  1.65it/s]
qwen2.5-vl/pope/ricd/aokvqa/popular/seed1:  66%|██████▌   | 1972/3000 [22:03<10:25,  1.64it/s]
qwen2.5-vl/pope/ricd/aokvqa/popular/seed1:  66%|██████▌   | 1973/3000 [22:04<10:28,  1.63it/s]
qwen2.5-vl/pope/ricd/aokvqa/popular/seed1:  66%|██████▌   | 1974/3000 [22:04<10:31,  1.63it/s]
qwen2.5-vl/pope/ricd/aokvqa/popular/seed1:  66%|██████▌   | 1975/3000 [22:05<10:30,  1.63it/s]
qwen2.5-vl/pope/ricd/aokvqa/popular/seed1:  66%|██████▌   | 1976/3000 [22:06<10:29,  1.63it/s]
qwen2.5-vl/pope/ricd/aokvqa/popular/seed1:  66%|██████▌   | 1977/3000 [22:06<10:29,  1.63it/s]
qwen2.5-vl/pope/ricd/aokvqa/popular/seed1:  66%|██████▌   | 1978/3000 [22:07<10:28,  1.63it/s]
qwen2.5-vl/pope/ricd/aokvqa/popular/seed1:  66%|██████▌   | 1979/3000 [22:07<10:26,  1.63it/s]
qwen2.5-vl/pope/ricd/aokvqa/popular/seed1:  66%|██████▌   | 1980/3000 [22:08<10:23,  1.64it/s]
qwen2.5-vl/pope/ricd/aokvqa/popular/seed1:  66%|██████▌   | 1981/3000 [22:09<10:59,  1.55it/s]
qwen2.5-vl/pope/ricd/aokvqa/popular/seed1:  66%|██████▌   | 1982/3000 [22:09<11:24,  1.49it/s]
qwen2.5-vl/pope/ricd/aokvqa/popular/seed1:  66%|██████▌   | 1983/3000 [22:10<11:44,  1.44it/s]
qwen2.5-vl/pope/ricd/aokvqa/popular/seed1:  66%|██████▌   | 1984/3000 [22:11<11:57,  1.42it/s]
qwen2.5-vl/pope/ricd/aokvqa/popular/seed1:  66%|██████▌   | 1985/3000 [22:12<12:07,  1.39it/s]
qwen2.5-vl/pope/ricd/aokvqa/popular/seed1:  66%|██████▌   | 1986/3000 [22:12<12:13,  1.38it/s]
qwen2.5-vl/pope/ricd/aokvqa/popular/seed1:  66%|██████▌   | 1987/3000 [22:13<10:30,  1.61it/s]
qwen2.5-vl/pope/ricd/aokvqa/popular/seed1:  66%|██████▋   | 1988/3000 [22:13<09:18,  1.81it/s]
qwen2.5-vl/pope/ricd/aokvqa/popular/seed1:  66%|██████▋   | 1989/3000 [22:14<08:28,  1.99it/s]
qwen2.5-vl/pope/ricd/aokvqa/popular/seed1:  66%|██████▋   | 1990/3000 [22:14<07:51,  2.14it/s]
qwen2.5-vl/pope/ricd/aokvqa/popular/seed1:  66%|██████▋   | 1991/3000 [22:14<07:27,  2.25it/s]
qwen2.5-vl/pope/ricd/aokvqa/popular/seed1:  66%|██████▋   | 1992/3000 [22:15<07:10,  2.34it/s]
qwen2.5-vl/pope/ricd/aokvqa/popular/seed1:  66%|██████▋   | 1993/3000 [22:15<08:08,  2.06it/s]
qwen2.5-vl/pope/ricd/aokvqa/popular/seed1:  66%|██████▋   | 1994/3000 [22:16<08:45,  1.91it/s]
qwen2.5-vl/pope/ricd/aokvqa/popular/seed1:  66%|██████▋   | 1995/3000 [22:17<09:19,  1.80it/s]
qwen2.5-vl/pope/ricd/aokvqa/popular/seed1:  67%|██████▋   | 1996/3000 [22:17<09:35,  1.74it/s]
qwen2.5-vl/pope/ricd/aokvqa/popular/seed1:  67%|██████▋   | 1997/3000 [22:18<09:47,  1.71it/s]
qwen2.5-vl/pope/ricd/aokvqa/popular/seed1:  67%|██████▋   | 1998/3000 [22:18<09:53,  1.69it/s]
qwen2.5-vl/pope/ricd/aokvqa/popular/seed1:  67%|██████▋   | 1999/3000 [22:19<09:44,  1.71it/s]
qwen2.5-vl/pope/ricd/aokvqa/popular/seed1:  67%|██████▋   | 2000/3000 [22:20<09:37,  1.73it/s]
qwen2.5-vl/pope/ricd/aokvqa/popular/seed1:  67%|██████▋   | 2001/3000 [22:20<09:32,  1.75it/s]
qwen2.5-vl/pope/ricd/aokvqa/popular/seed1:  67%|██████▋   | 2002/3000 [22:21<09:28,  1.76it/s]
qwen2.5-vl/pope/ricd/aokvqa/popular/seed1:  67%|██████▋   | 2003/3000 [22:21<09:25,  1.76it/s]
qwen2.5-vl/pope/ricd/aokvqa/popular/seed1:  67%|██████▋   | 2004/3000 [22:22<09:22,  1.77it/s]
qwen2.5-vl/pope/ricd/aokvqa/popular/seed1:  67%|██████▋   | 2005/3000 [22:22<09:35,  1.73it/s]
qwen2.5-vl/pope/ricd/aokvqa/popular/seed1:  67%|██████▋   | 2006/3000 [22:23<09:45,  1.70it/s]
qwen2.5-vl/pope/ricd/aokvqa/popular/seed1:  67%|██████▋   | 2007/3000 [22:24<09:51,  1.68it/s]
qwen2.5-vl/pope/ricd/aokvqa/popular/seed1:  67%|██████▋   | 2008/3000 [22:24<09:56,  1.66it/s]
qwen2.5-vl/pope/ricd/aokvqa/popular/seed1:  67%|██████▋   | 2009/3000 [22:25<09:59,  1.65it/s]
qwen2.5-vl/pope/ricd/aokvqa/popular/seed1:  67%|██████▋   | 2010/3000 [22:26<10:01,  1.65it/s]
qwen2.5-vl/pope/ricd/aokvqa/popular/seed1:  67%|██████▋   | 2011/3000 [22:26<10:38,  1.55it/s]
qwen2.5-vl/pope/ricd/aokvqa/popular/seed1:  67%|██████▋   | 2012/3000 [22:27<11:02,  1.49it/s]
qwen2.5-vl/pope/ricd/aokvqa/popular/seed1:  67%|██████▋   | 2013/3000 [22:28<11:19,  1.45it/s]
qwen2.5-vl/pope/ricd/aokvqa/popular/seed1:  67%|██████▋   | 2014/3000 [22:28<11:31,  1.43it/s]
qwen2.5-vl/pope/ricd/aokvqa/popular/seed1:  67%|██████▋   | 2015/3000 [22:29<11:41,  1.40it/s]
qwen2.5-vl/pope/ricd/aokvqa/popular/seed1:  67%|██████▋   | 2016/3000 [22:30<11:46,  1.39it/s]
qwen2.5-vl/pope/ricd/aokvqa/popular/seed1:  67%|██████▋   | 2017/3000 [22:31<11:15,  1.45it/s]
qwen2.5-vl/pope/ricd/aokvqa/popular/seed1:  67%|██████▋   | 2018/3000 [22:31<10:52,  1.51it/s]
qwen2.5-vl/pope/ricd/aokvqa/popular/seed1:  67%|██████▋   | 2019/3000 [22:32<10:34,  1.55it/s]
qwen2.5-vl/pope/ricd/aokvqa/popular/seed1:  67%|██████▋   | 2020/3000 [22:32<10:22,  1.57it/s]
qwen2.5-vl/pope/ricd/aokvqa/popular/seed1:  67%|██████▋   | 2021/3000 [22:33<10:14,  1.59it/s]
qwen2.5-vl/pope/ricd/aokvqa/popular/seed1:  67%|██████▋   | 2022/3000 [22:34<10:08,  1.61it/s]
qwen2.5-vl/pope/ricd/aokvqa/popular/seed1:  67%|██████▋   | 2023/3000 [22:34<10:39,  1.53it/s]
qwen2.5-vl/pope/ricd/aokvqa/popular/seed1:  67%|██████▋   | 2024/3000 [22:35<11:00,  1.48it/s]
qwen2.5-vl/pope/ricd/aokvqa/popular/seed1:  68%|██████▊   | 2025/3000 [22:36<11:14,  1.44it/s]
qwen2.5-vl/pope/ricd/aokvqa/popular/seed1:  68%|██████▊   | 2026/3000 [22:36<11:25,  1.42it/s]
qwen2.5-vl/pope/ricd/aokvqa/popular/seed1:  68%|██████▊   | 2027/3000 [22:37<11:31,  1.41it/s]
qwen2.5-vl/pope/ricd/aokvqa/popular/seed1:  68%|██████▊   | 2028/3000 [22:38<11:36,  1.40it/s]
qwen2.5-vl/pope/ricd/aokvqa/popular/seed1:  68%|██████▊   | 2029/3000 [22:39<11:39,  1.39it/s]
qwen2.5-vl/pope/ricd/aokvqa/popular/seed1:  68%|██████▊   | 2030/3000 [22:39<11:42,  1.38it/s]
qwen2.5-vl/pope/ricd/aokvqa/popular/seed1:  68%|██████▊   | 2031/3000 [22:40<11:42,  1.38it/s]
qwen2.5-vl/pope/ricd/aokvqa/popular/seed1:  68%|██████▊   | 2032/3000 [22:41<11:42,  1.38it/s]
qwen2.5-vl/pope/ricd/aokvqa/popular/seed1:  68%|██████▊   | 2033/3000 [22:42<11:42,  1.38it/s]
qwen2.5-vl/pope/ricd/aokvqa/popular/seed1:  68%|██████▊   | 2034/3000 [22:42<11:42,  1.38it/s]
qwen2.5-vl/pope/ricd/aokvqa/popular/seed1:  68%|██████▊   | 2035/3000 [22:43<11:07,  1.45it/s]
qwen2.5-vl/pope/ricd/aokvqa/popular/seed1:  68%|██████▊   | 2036/3000 [22:44<10:45,  1.49it/s]
qwen2.5-vl/pope/ricd/aokvqa/popular/seed1:  68%|██████▊   | 2037/3000 [22:44<10:27,  1.53it/s]
qwen2.5-vl/pope/ricd/aokvqa/popular/seed1:  68%|██████▊   | 2038/3000 [22:45<10:14,  1.56it/s]
qwen2.5-vl/pope/ricd/aokvqa/popular/seed1:  68%|██████▊   | 2039/3000 [22:45<10:05,  1.59it/s]
qwen2.5-vl/pope/ricd/aokvqa/popular/seed1:  68%|██████▊   | 2040/3000 [22:46<09:58,  1.60it/s]
qwen2.5-vl/pope/ricd/aokvqa/popular/seed1:  68%|██████▊   | 2041/3000 [22:47<09:53,  1.61it/s]
qwen2.5-vl/pope/ricd/aokvqa/popular/seed1:  68%|██████▊   | 2042/3000 [22:47<09:50,  1.62it/s]
qwen2.5-vl/pope/ricd/aokvqa/popular/seed1:  68%|██████▊   | 2043/3000 [22:48<09:47,  1.63it/s]
qwen2.5-vl/pope/ricd/aokvqa/popular/seed1:  68%|██████▊   | 2044/3000 [22:48<09:45,  1.63it/s]
qwen2.5-vl/pope/ricd/aokvqa/popular/seed1:  68%|██████▊   | 2045/3000 [22:49<09:43,  1.64it/s]
qwen2.5-vl/pope/ricd/aokvqa/popular/seed1:  68%|██████▊   | 2046/3000 [22:50<09:42,  1.64it/s]
qwen2.5-vl/pope/ricd/aokvqa/popular/seed1:  68%|██████▊   | 2047/3000 [22:50<08:35,  1.85it/s]
qwen2.5-vl/pope/ricd/aokvqa/popular/seed1:  68%|██████▊   | 2048/3000 [22:50<07:49,  2.03it/s]
qwen2.5-vl/pope/ricd/aokvqa/popular/seed1:  68%|██████▊   | 2049/3000 [22:51<07:17,  2.17it/s]
qwen2.5-vl/pope/ricd/aokvqa/popular/seed1:  68%|██████▊   | 2050/3000 [22:51<06:53,  2.30it/s]
qwen2.5-vl/pope/ricd/aokvqa/popular/seed1:  68%|██████▊   | 2051/3000 [22:52<06:37,  2.39it/s]
qwen2.5-vl/pope/ricd/aokvqa/popular/seed1:  68%|██████▊   | 2052/3000 [22:52<06:25,  2.46it/s]
qwen2.5-vl/pope/ricd/aokvqa/popular/seed1:  68%|██████▊   | 2053/3000 [22:53<07:22,  2.14it/s]
qwen2.5-vl/pope/ricd/aokvqa/popular/seed1:  68%|██████▊   | 2054/3000 [22:53<08:01,  1.96it/s]
qwen2.5-vl/pope/ricd/aokvqa/popular/seed1:  68%|██████▊   | 2055/3000 [22:54<08:29,  1.86it/s]
qwen2.5-vl/pope/ricd/aokvqa/popular/seed1:  69%|██████▊   | 2056/3000 [22:54<08:48,  1.79it/s]
qwen2.5-vl/pope/ricd/aokvqa/popular/seed1:  69%|██████▊   | 2057/3000 [22:55<09:01,  1.74it/s]
qwen2.5-vl/pope/ricd/aokvqa/popular/seed1:  69%|██████▊   | 2058/3000 [22:56<09:09,  1.71it/s]
qwen2.5-vl/pope/ricd/aokvqa/popular/seed1:  69%|██████▊   | 2059/3000 [22:56<09:48,  1.60it/s]
qwen2.5-vl/pope/ricd/aokvqa/popular/seed1:  69%|██████▊   | 2060/3000 [22:57<10:26,  1.50it/s]
qwen2.5-vl/pope/ricd/aokvqa/popular/seed1:  69%|██████▊   | 2061/3000 [22:58<10:52,  1.44it/s]
qwen2.5-vl/pope/ricd/aokvqa/popular/seed1:  69%|██████▊   | 2062/3000 [22:59<11:06,  1.41it/s]
qwen2.5-vl/pope/ricd/aokvqa/popular/seed1:  69%|██████▉   | 2063/3000 [22:59<11:10,  1.40it/s]
qwen2.5-vl/pope/ricd/aokvqa/popular/seed1:  69%|██████▉   | 2064/3000 [23:00<11:12,  1.39it/s]
qwen2.5-vl/pope/ricd/aokvqa/popular/seed1:  69%|██████▉   | 2065/3000 [23:01<12:04,  1.29it/s]
qwen2.5-vl/pope/ricd/aokvqa/popular/seed1:  69%|██████▉   | 2066/3000 [23:02<12:38,  1.23it/s]
qwen2.5-vl/pope/ricd/aokvqa/popular/seed1:  69%|██████▉   | 2067/3000 [23:03<13:01,  1.19it/s]
qwen2.5-vl/pope/ricd/aokvqa/popular/seed1:  69%|██████▉   | 2068/3000 [23:04<13:18,  1.17it/s]
qwen2.5-vl/pope/ricd/aokvqa/popular/seed1:  69%|██████▉   | 2069/3000 [23:05<13:29,  1.15it/s]
qwen2.5-vl/pope/ricd/aokvqa/popular/seed1:  69%|██████▉   | 2070/3000 [23:05<13:39,  1.14it/s]
qwen2.5-vl/pope/ricd/aokvqa/popular/seed1:  69%|██████▉   | 2071/3000 [23:06<12:10,  1.27it/s]
qwen2.5-vl/pope/ricd/aokvqa/popular/seed1:  69%|██████▉   | 2072/3000 [23:07<11:08,  1.39it/s]
qwen2.5-vl/pope/ricd/aokvqa/popular/seed1:  69%|██████▉   | 2073/3000 [23:07<10:24,  1.48it/s]
qwen2.5-vl/pope/ricd/aokvqa/popular/seed1:  69%|██████▉   | 2074/3000 [23:08<09:53,  1.56it/s]
qwen2.5-vl/pope/ricd/aokvqa/popular/seed1:  69%|██████▉   | 2075/3000 [23:08<09:32,  1.62it/s]
qwen2.5-vl/pope/ricd/aokvqa/popular/seed1:  69%|██████▉   | 2076/3000 [23:09<09:17,  1.66it/s]
qwen2.5-vl/pope/ricd/aokvqa/popular/seed1:  69%|██████▉   | 2077/3000 [23:09<09:23,  1.64it/s]
qwen2.5-vl/pope/ricd/aokvqa/popular/seed1:  69%|██████▉   | 2078/3000 [23:10<09:24,  1.63it/s]
qwen2.5-vl/pope/ricd/aokvqa/popular/seed1:  69%|██████▉   | 2079/3000 [23:11<09:23,  1.63it/s]
qwen2.5-vl/pope/ricd/aokvqa/popular/seed1:  69%|██████▉   | 2080/3000 [23:11<09:24,  1.63it/s]
qwen2.5-vl/pope/ricd/aokvqa/popular/seed1:  69%|██████▉   | 2081/3000 [23:12<09:23,  1.63it/s]
qwen2.5-vl/pope/ricd/aokvqa/popular/seed1:  69%|██████▉   | 2082/3000 [23:13<09:24,  1.63it/s]
qwen2.5-vl/pope/ricd/aokvqa/popular/seed1:  69%|██████▉   | 2083/3000 [23:13<09:55,  1.54it/s]
qwen2.5-vl/pope/ricd/aokvqa/popular/seed1:  69%|██████▉   | 2084/3000 [23:14<10:17,  1.48it/s]
qwen2.5-vl/pope/ricd/aokvqa/popular/seed1:  70%|██████▉   | 2085/3000 [23:15<10:34,  1.44it/s]
qwen2.5-vl/pope/ricd/aokvqa/popular/seed1:  70%|██████▉   | 2086/3000 [23:15<10:52,  1.40it/s]
qwen2.5-vl/pope/ricd/aokvqa/popular/seed1:  70%|██████▉   | 2087/3000 [23:16<11:06,  1.37it/s]
qwen2.5-vl/pope/ricd/aokvqa/popular/seed1:  70%|██████▉   | 2088/3000 [23:17<11:12,  1.36it/s]
qwen2.5-vl/pope/ricd/aokvqa/popular/seed1:  70%|██████▉   | 2089/3000 [23:18<10:56,  1.39it/s]
qwen2.5-vl/pope/ricd/aokvqa/popular/seed1:  70%|██████▉   | 2090/3000 [23:18<10:41,  1.42it/s]
qwen2.5-vl/pope/ricd/aokvqa/popular/seed1:  70%|██████▉   | 2091/3000 [23:19<10:31,  1.44it/s]
qwen2.5-vl/pope/ricd/aokvqa/popular/seed1:  70%|██████▉   | 2092/3000 [23:20<10:23,  1.46it/s]
qwen2.5-vl/pope/ricd/aokvqa/popular/seed1:  70%|██████▉   | 2093/3000 [23:20<10:17,  1.47it/s]
qwen2.5-vl/pope/ricd/aokvqa/popular/seed1:  70%|██████▉   | 2094/3000 [23:21<10:13,  1.48it/s]
qwen2.5-vl/pope/ricd/aokvqa/popular/seed1:  70%|██████▉   | 2095/3000 [23:22<09:55,  1.52it/s]
qwen2.5-vl/pope/ricd/aokvqa/popular/seed1:  70%|██████▉   | 2096/3000 [23:22<09:42,  1.55it/s]
qwen2.5-vl/pope/ricd/aokvqa/popular/seed1:  70%|██████▉   | 2097/3000 [23:23<09:33,  1.57it/s]
qwen2.5-vl/pope/ricd/aokvqa/popular/seed1:  70%|██████▉   | 2098/3000 [23:23<09:27,  1.59it/s]
qwen2.5-vl/pope/ricd/aokvqa/popular/seed1:  70%|██████▉   | 2099/3000 [23:24<09:21,  1.60it/s]
qwen2.5-vl/pope/ricd/aokvqa/popular/seed1:  70%|███████   | 2100/3000 [23:25<09:17,  1.61it/s]
qwen2.5-vl/pope/ricd/aokvqa/popular/seed1:  70%|███████   | 2101/3000 [23:25<09:51,  1.52it/s]
qwen2.5-vl/pope/ricd/aokvqa/popular/seed1:  70%|███████   | 2102/3000 [23:26<10:13,  1.46it/s]
qwen2.5-vl/pope/ricd/aokvqa/popular/seed1:  70%|███████   | 2103/3000 [23:27<10:30,  1.42it/s]
qwen2.5-vl/pope/ricd/aokvqa/popular/seed1:  70%|███████   | 2104/3000 [23:28<10:43,  1.39it/s]
qwen2.5-vl/pope/ricd/aokvqa/popular/seed1:  70%|███████   | 2105/3000 [23:28<10:53,  1.37it/s]
qwen2.5-vl/pope/ricd/aokvqa/popular/seed1:  70%|███████   | 2106/3000 [23:29<10:59,  1.36it/s]
qwen2.5-vl/pope/ricd/aokvqa/popular/seed1:  70%|███████   | 2107/3000 [23:30<10:59,  1.35it/s]
qwen2.5-vl/pope/ricd/aokvqa/popular/seed1:  70%|███████   | 2108/3000 [23:31<10:56,  1.36it/s]
qwen2.5-vl/pope/ricd/aokvqa/popular/seed1:  70%|███████   | 2109/3000 [23:31<10:53,  1.36it/s]
qwen2.5-vl/pope/ricd/aokvqa/popular/seed1:  70%|███████   | 2110/3000 [23:32<10:52,  1.36it/s]
qwen2.5-vl/pope/ricd/aokvqa/popular/seed1:  70%|███████   | 2111/3000 [23:33<10:50,  1.37it/s]
qwen2.5-vl/pope/ricd/aokvqa/popular/seed1:  70%|███████   | 2112/3000 [23:34<10:49,  1.37it/s]
qwen2.5-vl/pope/ricd/aokvqa/popular/seed1:  70%|███████   | 2113/3000 [23:34<10:50,  1.36it/s]
qwen2.5-vl/pope/ricd/aokvqa/popular/seed1:  70%|███████   | 2114/3000 [23:35<10:48,  1.37it/s]
qwen2.5-vl/pope/ricd/aokvqa/popular/seed1:  70%|███████   | 2115/3000 [23:36<10:49,  1.36it/s]
qwen2.5-vl/pope/ricd/aokvqa/popular/seed1:  71%|███████   | 2116/3000 [23:37<10:52,  1.36it/s]
qwen2.5-vl/pope/ricd/aokvqa/popular/seed1:  71%|███████   | 2117/3000 [23:37<10:51,  1.35it/s]
qwen2.5-vl/pope/ricd/aokvqa/popular/seed1:  71%|███████   | 2118/3000 [23:38<10:57,  1.34it/s]
qwen2.5-vl/pope/ricd/aokvqa/popular/seed1:  71%|███████   | 2119/3000 [23:39<11:03,  1.33it/s]
qwen2.5-vl/pope/ricd/aokvqa/popular/seed1:  71%|███████   | 2120/3000 [23:40<11:07,  1.32it/s]
qwen2.5-vl/pope/ricd/aokvqa/popular/seed1:  71%|███████   | 2121/3000 [23:40<11:01,  1.33it/s]
qwen2.5-vl/pope/ricd/aokvqa/popular/seed1:  71%|███████   | 2122/3000 [23:41<10:57,  1.34it/s]
qwen2.5-vl/pope/ricd/aokvqa/popular/seed1:  71%|███████   | 2123/3000 [23:42<10:52,  1.34it/s]
qwen2.5-vl/pope/ricd/aokvqa/popular/seed1:  71%|███████   | 2124/3000 [23:43<10:47,  1.35it/s]
qwen2.5-vl/pope/ricd/aokvqa/popular/seed1:  71%|███████   | 2125/3000 [23:43<11:27,  1.27it/s]
qwen2.5-vl/pope/ricd/aokvqa/popular/seed1:  71%|███████   | 2126/3000 [23:44<11:54,  1.22it/s]
qwen2.5-vl/pope/ricd/aokvqa/popular/seed1:  71%|███████   | 2127/3000 [23:45<12:14,  1.19it/s]
qwen2.5-vl/pope/ricd/aokvqa/popular/seed1:  71%|███████   | 2128/3000 [23:46<12:32,  1.16it/s]
qwen2.5-vl/pope/ricd/aokvqa/popular/seed1:  71%|███████   | 2129/3000 [23:47<12:42,  1.14it/s]
qwen2.5-vl/pope/ricd/aokvqa/popular/seed1:  71%|███████   | 2130/3000 [23:48<12:48,  1.13it/s]
qwen2.5-vl/pope/ricd/aokvqa/popular/seed1:  71%|███████   | 2131/3000 [23:49<12:10,  1.19it/s]
qwen2.5-vl/pope/ricd/aokvqa/popular/seed1:  71%|███████   | 2132/3000 [23:49<11:43,  1.23it/s]
qwen2.5-vl/pope/ricd/aokvqa/popular/seed1:  71%|███████   | 2133/3000 [23:50<11:21,  1.27it/s]
qwen2.5-vl/pope/ricd/aokvqa/popular/seed1:  71%|███████   | 2134/3000 [23:51<11:06,  1.30it/s]
qwen2.5-vl/pope/ricd/aokvqa/popular/seed1:  71%|███████   | 2135/3000 [23:52<10:54,  1.32it/s]
qwen2.5-vl/pope/ricd/aokvqa/popular/seed1:  71%|███████   | 2136/3000 [23:52<10:46,  1.34it/s]
qwen2.5-vl/pope/ricd/aokvqa/popular/seed1:  71%|███████   | 2137/3000 [23:53<10:09,  1.42it/s]
qwen2.5-vl/pope/ricd/aokvqa/popular/seed1:  71%|███████▏  | 2138/3000 [23:54<09:42,  1.48it/s]
qwen2.5-vl/pope/ricd/aokvqa/popular/seed1:  71%|███████▏  | 2139/3000 [23:54<09:25,  1.52it/s]
qwen2.5-vl/pope/ricd/aokvqa/popular/seed1:  71%|███████▏  | 2140/3000 [23:55<09:12,  1.56it/s]
qwen2.5-vl/pope/ricd/aokvqa/popular/seed1:  71%|███████▏  | 2141/3000 [23:55<09:01,  1.58it/s]
qwen2.5-vl/pope/ricd/aokvqa/popular/seed1:  71%|███████▏  | 2142/3000 [23:56<08:55,  1.60it/s]
qwen2.5-vl/pope/ricd/aokvqa/popular/seed1:  71%|███████▏  | 2143/3000 [23:57<09:05,  1.57it/s]
qwen2.5-vl/pope/ricd/aokvqa/popular/seed1:  71%|███████▏  | 2144/3000 [23:57<09:12,  1.55it/s]
qwen2.5-vl/pope/ricd/aokvqa/popular/seed1:  72%|███████▏  | 2145/3000 [23:58<09:17,  1.53it/s]
qwen2.5-vl/pope/ricd/aokvqa/popular/seed1:  72%|███████▏  | 2146/3000 [23:59<09:20,  1.52it/s]
qwen2.5-vl/pope/ricd/aokvqa/popular/seed1:  72%|███████▏  | 2147/3000 [23:59<09:22,  1.52it/s]
qwen2.5-vl/pope/ricd/aokvqa/popular/seed1:  72%|███████▏  | 2148/3000 [24:00<09:23,  1.51it/s]
qwen2.5-vl/pope/ricd/aokvqa/popular/seed1:  72%|███████▏  | 2149/3000 [24:01<09:10,  1.55it/s]
qwen2.5-vl/pope/ricd/aokvqa/popular/seed1:  72%|███████▏  | 2150/3000 [24:01<09:00,  1.57it/s]
qwen2.5-vl/pope/ricd/aokvqa/popular/seed1:  72%|███████▏  | 2151/3000 [24:02<08:53,  1.59it/s]
qwen2.5-vl/pope/ricd/aokvqa/popular/seed1:  72%|███████▏  | 2152/3000 [24:02<08:47,  1.61it/s]
qwen2.5-vl/pope/ricd/aokvqa/popular/seed1:  72%|███████▏  | 2153/3000 [24:03<08:43,  1.62it/s]
qwen2.5-vl/pope/ricd/aokvqa/popular/seed1:  72%|███████▏  | 2154/3000 [24:04<08:40,  1.62it/s]
qwen2.5-vl/pope/ricd/aokvqa/popular/seed1:  72%|███████▏  | 2155/3000 [24:04<08:38,  1.63it/s]
qwen2.5-vl/pope/ricd/aokvqa/popular/seed1:  72%|███████▏  | 2156/3000 [24:05<08:36,  1.64it/s]
qwen2.5-vl/pope/ricd/aokvqa/popular/seed1:  72%|███████▏  | 2157/3000 [24:05<08:34,  1.64it/s]
qwen2.5-vl/pope/ricd/aokvqa/popular/seed1:  72%|███████▏  | 2158/3000 [24:06<08:33,  1.64it/s]
qwen2.5-vl/pope/ricd/aokvqa/popular/seed1:  72%|███████▏  | 2159/3000 [24:07<08:32,  1.64it/s]
qwen2.5-vl/pope/ricd/aokvqa/popular/seed1:  72%|███████▏  | 2160/3000 [24:07<08:32,  1.64it/s]
qwen2.5-vl/pope/ricd/aokvqa/popular/seed1:  72%|███████▏  | 2161/3000 [24:08<09:03,  1.54it/s]
qwen2.5-vl/pope/ricd/aokvqa/popular/seed1:  72%|███████▏  | 2162/3000 [24:09<09:22,  1.49it/s]
qwen2.5-vl/pope/ricd/aokvqa/popular/seed1:  72%|███████▏  | 2163/3000 [24:09<09:37,  1.45it/s]
qwen2.5-vl/pope/ricd/aokvqa/popular/seed1:  72%|███████▏  | 2164/3000 [24:10<09:46,  1.43it/s]
qwen2.5-vl/pope/ricd/aokvqa/popular/seed1:  72%|███████▏  | 2165/3000 [24:11<09:52,  1.41it/s]
qwen2.5-vl/pope/ricd/aokvqa/popular/seed1:  72%|███████▏  | 2166/3000 [24:12<09:56,  1.40it/s]
qwen2.5-vl/pope/ricd/aokvqa/popular/seed1:  72%|███████▏  | 2167/3000 [24:12<09:17,  1.49it/s]
qwen2.5-vl/pope/ricd/aokvqa/popular/seed1:  72%|███████▏  | 2168/3000 [24:13<08:50,  1.57it/s]
qwen2.5-vl/pope/ricd/aokvqa/popular/seed1:  72%|███████▏  | 2169/3000 [24:13<08:30,  1.63it/s]
qwen2.5-vl/pope/ricd/aokvqa/popular/seed1:  72%|███████▏  | 2170/3000 [24:14<08:17,  1.67it/s]
qwen2.5-vl/pope/ricd/aokvqa/popular/seed1:  72%|███████▏  | 2171/3000 [24:14<08:07,  1.70it/s]
qwen2.5-vl/pope/ricd/aokvqa/popular/seed1:  72%|███████▏  | 2172/3000 [24:15<08:00,  1.72it/s]
qwen2.5-vl/pope/ricd/aokvqa/popular/seed1:  72%|███████▏  | 2173/3000 [24:16<08:36,  1.60it/s]
qwen2.5-vl/pope/ricd/aokvqa/popular/seed1:  72%|███████▏  | 2174/3000 [24:16<09:01,  1.53it/s]
qwen2.5-vl/pope/ricd/aokvqa/popular/seed1:  72%|███████▎  | 2175/3000 [24:17<09:18,  1.48it/s]
qwen2.5-vl/pope/ricd/aokvqa/popular/seed1:  73%|███████▎  | 2176/3000 [24:18<09:30,  1.44it/s]
qwen2.5-vl/pope/ricd/aokvqa/popular/seed1:  73%|███████▎  | 2177/3000 [24:19<09:38,  1.42it/s]
qwen2.5-vl/pope/ricd/aokvqa/popular/seed1:  73%|███████▎  | 2178/3000 [24:19<09:43,  1.41it/s]
qwen2.5-vl/pope/ricd/aokvqa/popular/seed1:  73%|███████▎  | 2179/3000 [24:20<09:47,  1.40it/s]
qwen2.5-vl/pope/ricd/aokvqa/popular/seed1:  73%|███████▎  | 2180/3000 [24:21<09:51,  1.39it/s]
qwen2.5-vl/pope/ricd/aokvqa/popular/seed1:  73%|███████▎  | 2181/3000 [24:22<09:53,  1.38it/s]
qwen2.5-vl/pope/ricd/aokvqa/popular/seed1:  73%|███████▎  | 2182/3000 [24:22<09:54,  1.38it/s]
qwen2.5-vl/pope/ricd/aokvqa/popular/seed1:  73%|███████▎  | 2183/3000 [24:23<09:53,  1.38it/s]
qwen2.5-vl/pope/ricd/aokvqa/popular/seed1:  73%|███████▎  | 2184/3000 [24:24<09:53,  1.38it/s]
qwen2.5-vl/pope/ricd/aokvqa/popular/seed1:  73%|███████▎  | 2185/3000 [24:24<09:12,  1.47it/s]
qwen2.5-vl/pope/ricd/aokvqa/popular/seed1:  73%|███████▎  | 2186/3000 [24:25<08:43,  1.55it/s]
qwen2.5-vl/pope/ricd/aokvqa/popular/seed1:  73%|███████▎  | 2187/3000 [24:25<08:22,  1.62it/s]
qwen2.5-vl/pope/ricd/aokvqa/popular/seed1:  73%|███████▎  | 2188/3000 [24:26<08:08,  1.66it/s]
qwen2.5-vl/pope/ricd/aokvqa/popular/seed1:  73%|███████▎  | 2189/3000 [24:27<07:57,  1.70it/s]
qwen2.5-vl/pope/ricd/aokvqa/popular/seed1:  73%|███████▎  | 2190/3000 [24:27<07:50,  1.72it/s]
qwen2.5-vl/pope/ricd/aokvqa/popular/seed1:  73%|███████▎  | 2191/3000 [24:28<07:57,  1.69it/s]
qwen2.5-vl/pope/ricd/aokvqa/popular/seed1:  73%|███████▎  | 2192/3000 [24:28<08:06,  1.66it/s]
qwen2.5-vl/pope/ricd/aokvqa/popular/seed1:  73%|███████▎  | 2193/3000 [24:29<08:13,  1.64it/s]
qwen2.5-vl/pope/ricd/aokvqa/popular/seed1:  73%|███████▎  | 2194/3000 [24:30<08:16,  1.62it/s]
qwen2.5-vl/pope/ricd/aokvqa/popular/seed1:  73%|███████▎  | 2195/3000 [24:30<08:19,  1.61it/s]
qwen2.5-vl/pope/ricd/aokvqa/popular/seed1:  73%|███████▎  | 2196/3000 [24:31<08:20,  1.60it/s]
qwen2.5-vl/pope/ricd/aokvqa/popular/seed1:  73%|███████▎  | 2197/3000 [24:32<08:20,  1.60it/s]
qwen2.5-vl/pope/ricd/aokvqa/popular/seed1:  73%|███████▎  | 2198/3000 [24:32<08:19,  1.60it/s]
qwen2.5-vl/pope/ricd/aokvqa/popular/seed1:  73%|███████▎  | 2199/3000 [24:33<08:19,  1.60it/s]
qwen2.5-vl/pope/ricd/aokvqa/popular/seed1:  73%|███████▎  | 2200/3000 [24:33<08:18,  1.61it/s]
qwen2.5-vl/pope/ricd/aokvqa/popular/seed1:  73%|███████▎  | 2201/3000 [24:34<08:18,  1.60it/s]
qwen2.5-vl/pope/ricd/aokvqa/popular/seed1:  73%|███████▎  | 2202/3000 [24:35<08:16,  1.61it/s]
qwen2.5-vl/pope/ricd/aokvqa/popular/seed1:  73%|███████▎  | 2203/3000 [24:35<08:45,  1.52it/s]
qwen2.5-vl/pope/ricd/aokvqa/popular/seed1:  73%|███████▎  | 2204/3000 [24:36<09:03,  1.46it/s]
qwen2.5-vl/pope/ricd/aokvqa/popular/seed1:  74%|███████▎  | 2205/3000 [24:37<09:16,  1.43it/s]
qwen2.5-vl/pope/ricd/aokvqa/popular/seed1:  74%|███████▎  | 2206/3000 [24:38<09:25,  1.41it/s]
qwen2.5-vl/pope/ricd/aokvqa/popular/seed1:  74%|███████▎  | 2207/3000 [24:38<09:32,  1.39it/s]
qwen2.5-vl/pope/ricd/aokvqa/popular/seed1:  74%|███████▎  | 2208/3000 [24:39<09:35,  1.38it/s]
qwen2.5-vl/pope/ricd/aokvqa/popular/seed1:  74%|███████▎  | 2209/3000 [24:40<09:09,  1.44it/s]
qwen2.5-vl/pope/ricd/aokvqa/popular/seed1:  74%|███████▎  | 2210/3000 [24:40<08:49,  1.49it/s]
qwen2.5-vl/pope/ricd/aokvqa/popular/seed1:  74%|███████▎  | 2211/3000 [24:41<08:35,  1.53it/s]
qwen2.5-vl/pope/ricd/aokvqa/popular/seed1:  74%|███████▎  | 2212/3000 [24:42<08:25,  1.56it/s]
qwen2.5-vl/pope/ricd/aokvqa/popular/seed1:  74%|███████▍  | 2213/3000 [24:42<08:18,  1.58it/s]
qwen2.5-vl/pope/ricd/aokvqa/popular/seed1:  74%|███████▍  | 2214/3000 [24:43<08:13,  1.59it/s]
qwen2.5-vl/pope/ricd/aokvqa/popular/seed1:  74%|███████▍  | 2215/3000 [24:43<08:09,  1.60it/s]
qwen2.5-vl/pope/ricd/aokvqa/popular/seed1:  74%|███████▍  | 2216/3000 [24:44<08:06,  1.61it/s]
qwen2.5-vl/pope/ricd/aokvqa/popular/seed1:  74%|███████▍  | 2217/3000 [24:45<08:03,  1.62it/s]
qwen2.5-vl/pope/ricd/aokvqa/popular/seed1:  74%|███████▍  | 2218/3000 [24:45<08:01,  1.62it/s]
qwen2.5-vl/pope/ricd/aokvqa/popular/seed1:  74%|███████▍  | 2219/3000 [24:46<08:00,  1.63it/s]
qwen2.5-vl/pope/ricd/aokvqa/popular/seed1:  74%|███████▍  | 2220/3000 [24:46<07:59,  1.63it/s]
qwen2.5-vl/pope/ricd/aokvqa/popular/seed1:  74%|███████▍  | 2221/3000 [24:47<08:01,  1.62it/s]
qwen2.5-vl/pope/ricd/aokvqa/popular/seed1:  74%|███████▍  | 2222/3000 [24:48<08:01,  1.61it/s]
qwen2.5-vl/pope/ricd/aokvqa/popular/seed1:  74%|███████▍  | 2223/3000 [24:48<08:03,  1.61it/s]
qwen2.5-vl/pope/ricd/aokvqa/popular/seed1:  74%|███████▍  | 2224/3000 [24:49<08:08,  1.59it/s]
qwen2.5-vl/pope/ricd/aokvqa/popular/seed1:  74%|███████▍  | 2225/3000 [24:50<08:12,  1.57it/s]
qwen2.5-vl/pope/ricd/aokvqa/popular/seed1:  74%|███████▍  | 2226/3000 [24:50<08:12,  1.57it/s]
qwen2.5-vl/pope/ricd/aokvqa/popular/seed1:  74%|███████▍  | 2227/3000 [24:51<08:15,  1.56it/s]
qwen2.5-vl/pope/ricd/aokvqa/popular/seed1:  74%|███████▍  | 2228/3000 [24:52<08:09,  1.58it/s]
qwen2.5-vl/pope/ricd/aokvqa/popular/seed1:  74%|███████▍  | 2229/3000 [24:52<08:04,  1.59it/s]
qwen2.5-vl/pope/ricd/aokvqa/popular/seed1:  74%|███████▍  | 2230/3000 [24:53<08:00,  1.60it/s]
qwen2.5-vl/pope/ricd/aokvqa/popular/seed1:  74%|███████▍  | 2231/3000 [24:53<08:00,  1.60it/s]
qwen2.5-vl/pope/ricd/aokvqa/popular/seed1:  74%|███████▍  | 2232/3000 [24:54<07:59,  1.60it/s]
qwen2.5-vl/pope/ricd/aokvqa/popular/seed1:  74%|███████▍  | 2233/3000 [24:55<07:58,  1.60it/s]
qwen2.5-vl/pope/ricd/aokvqa/popular/seed1:  74%|███████▍  | 2234/3000 [24:55<07:57,  1.61it/s]
qwen2.5-vl/pope/ricd/aokvqa/popular/seed1:  74%|███████▍  | 2235/3000 [24:56<07:56,  1.60it/s]
qwen2.5-vl/pope/ricd/aokvqa/popular/seed1:  75%|███████▍  | 2236/3000 [24:57<07:56,  1.60it/s]
qwen2.5-vl/pope/ricd/aokvqa/popular/seed1:  75%|███████▍  | 2237/3000 [24:57<07:54,  1.61it/s]
qwen2.5-vl/pope/ricd/aokvqa/popular/seed1:  75%|███████▍  | 2238/3000 [24:58<07:52,  1.61it/s]
qwen2.5-vl/pope/ricd/aokvqa/popular/seed1:  75%|███████▍  | 2239/3000 [24:58<08:17,  1.53it/s]
qwen2.5-vl/pope/ricd/aokvqa/popular/seed1:  75%|███████▍  | 2240/3000 [24:59<08:38,  1.47it/s]
qwen2.5-vl/pope/ricd/aokvqa/popular/seed1:  75%|███████▍  | 2241/3000 [25:00<08:52,  1.42it/s]
qwen2.5-vl/pope/ricd/aokvqa/popular/seed1:  75%|███████▍  | 2242/3000 [25:01<08:58,  1.41it/s]
qwen2.5-vl/pope/ricd/aokvqa/popular/seed1:  75%|███████▍  | 2243/3000 [25:01<09:03,  1.39it/s]
qwen2.5-vl/pope/ricd/aokvqa/popular/seed1:  75%|███████▍  | 2244/3000 [25:02<09:07,  1.38it/s]
qwen2.5-vl/pope/ricd/aokvqa/popular/seed1:  75%|███████▍  | 2245/3000 [25:03<09:48,  1.28it/s]
qwen2.5-vl/pope/ricd/aokvqa/popular/seed1:  75%|███████▍  | 2246/3000 [25:04<10:18,  1.22it/s]
qwen2.5-vl/pope/ricd/aokvqa/popular/seed1:  75%|███████▍  | 2247/3000 [25:05<10:38,  1.18it/s]
qwen2.5-vl/pope/ricd/aokvqa/popular/seed1:  75%|███████▍  | 2248/3000 [25:06<10:52,  1.15it/s]
qwen2.5-vl/pope/ricd/aokvqa/popular/seed1:  75%|███████▍  | 2249/3000 [25:07<11:02,  1.13it/s]
qwen2.5-vl/pope/ricd/aokvqa/popular/seed1:  75%|███████▌  | 2250/3000 [25:08<11:08,  1.12it/s]
qwen2.5-vl/pope/ricd/aokvqa/popular/seed1:  75%|███████▌  | 2251/3000 [25:08<10:05,  1.24it/s]
qwen2.5-vl/pope/ricd/aokvqa/popular/seed1:  75%|███████▌  | 2252/3000 [25:09<09:23,  1.33it/s]
qwen2.5-vl/pope/ricd/aokvqa/popular/seed1:  75%|███████▌  | 2253/3000 [25:10<08:52,  1.40it/s]
qwen2.5-vl/pope/ricd/aokvqa/popular/seed1:  75%|███████▌  | 2254/3000 [25:10<08:28,  1.47it/s]
qwen2.5-vl/pope/ricd/aokvqa/popular/seed1:  75%|███████▌  | 2255/3000 [25:11<08:12,  1.51it/s]
qwen2.5-vl/pope/ricd/aokvqa/popular/seed1:  75%|███████▌  | 2256/3000 [25:11<08:00,  1.55it/s]
qwen2.5-vl/pope/ricd/aokvqa/popular/seed1:  75%|███████▌  | 2257/3000 [25:12<08:20,  1.48it/s]
qwen2.5-vl/pope/ricd/aokvqa/popular/seed1:  75%|███████▌  | 2258/3000 [25:13<08:35,  1.44it/s]
qwen2.5-vl/pope/ricd/aokvqa/popular/seed1:  75%|███████▌  | 2259/3000 [25:14<08:45,  1.41it/s]
qwen2.5-vl/pope/ricd/aokvqa/popular/seed1:  75%|███████▌  | 2260/3000 [25:14<08:53,  1.39it/s]
qwen2.5-vl/pope/ricd/aokvqa/popular/seed1:  75%|███████▌  | 2261/3000 [25:15<09:01,  1.37it/s]
qwen2.5-vl/pope/ricd/aokvqa/popular/seed1:  75%|███████▌  | 2262/3000 [25:16<09:04,  1.36it/s]
qwen2.5-vl/pope/ricd/aokvqa/popular/seed1:  75%|███████▌  | 2263/3000 [25:16<08:26,  1.46it/s]
qwen2.5-vl/pope/ricd/aokvqa/popular/seed1:  75%|███████▌  | 2264/3000 [25:17<07:58,  1.54it/s]
qwen2.5-vl/pope/ricd/aokvqa/popular/seed1:  76%|███████▌  | 2265/3000 [25:18<07:43,  1.59it/s]
qwen2.5-vl/pope/ricd/aokvqa/popular/seed1:  76%|███████▌  | 2266/3000 [25:18<07:29,  1.63it/s]
qwen2.5-vl/pope/ricd/aokvqa/popular/seed1:  76%|███████▌  | 2267/3000 [25:19<07:19,  1.67it/s]
qwen2.5-vl/pope/ricd/aokvqa/popular/seed1:  76%|███████▌  | 2268/3000 [25:19<07:12,  1.69it/s]
qwen2.5-vl/pope/ricd/aokvqa/popular/seed1:  76%|███████▌  | 2269/3000 [25:20<07:43,  1.58it/s]
qwen2.5-vl/pope/ricd/aokvqa/popular/seed1:  76%|███████▌  | 2270/3000 [25:21<08:05,  1.50it/s]
qwen2.5-vl/pope/ricd/aokvqa/popular/seed1:  76%|███████▌  | 2271/3000 [25:21<08:19,  1.46it/s]
qwen2.5-vl/pope/ricd/aokvqa/popular/seed1:  76%|███████▌  | 2272/3000 [25:22<08:29,  1.43it/s]
qwen2.5-vl/pope/ricd/aokvqa/popular/seed1:  76%|███████▌  | 2273/3000 [25:23<08:35,  1.41it/s]
qwen2.5-vl/pope/ricd/aokvqa/popular/seed1:  76%|███████▌  | 2274/3000 [25:24<08:40,  1.40it/s]
qwen2.5-vl/pope/ricd/aokvqa/popular/seed1:  76%|███████▌  | 2275/3000 [25:24<08:17,  1.46it/s]
qwen2.5-vl/pope/ricd/aokvqa/popular/seed1:  76%|███████▌  | 2276/3000 [25:25<08:00,  1.51it/s]
qwen2.5-vl/pope/ricd/aokvqa/popular/seed1:  76%|███████▌  | 2277/3000 [25:26<07:49,  1.54it/s]
qwen2.5-vl/pope/ricd/aokvqa/popular/seed1:  76%|███████▌  | 2278/3000 [25:26<07:42,  1.56it/s]
qwen2.5-vl/pope/ricd/aokvqa/popular/seed1:  76%|███████▌  | 2279/3000 [25:27<07:37,  1.58it/s]
qwen2.5-vl/pope/ricd/aokvqa/popular/seed1:  76%|███████▌  | 2280/3000 [25:27<07:33,  1.59it/s]
qwen2.5-vl/pope/ricd/aokvqa/popular/seed1:  76%|███████▌  | 2281/3000 [25:28<07:53,  1.52it/s]
qwen2.5-vl/pope/ricd/aokvqa/popular/seed1:  76%|███████▌  | 2282/3000 [25:29<08:08,  1.47it/s]
qwen2.5-vl/pope/ricd/aokvqa/popular/seed1:  76%|███████▌  | 2283/3000 [25:30<08:18,  1.44it/s]
qwen2.5-vl/pope/ricd/aokvqa/popular/seed1:  76%|███████▌  | 2284/3000 [25:30<08:24,  1.42it/s]
qwen2.5-vl/pope/ricd/aokvqa/popular/seed1:  76%|███████▌  | 2285/3000 [25:31<08:28,  1.41it/s]
qwen2.5-vl/pope/ricd/aokvqa/popular/seed1:  76%|███████▌  | 2286/3000 [25:32<08:30,  1.40it/s]
qwen2.5-vl/pope/ricd/aokvqa/popular/seed1:  76%|███████▌  | 2287/3000 [25:32<08:10,  1.45it/s]
qwen2.5-vl/pope/ricd/aokvqa/popular/seed1:  76%|███████▋  | 2288/3000 [25:33<07:56,  1.49it/s]
qwen2.5-vl/pope/ricd/aokvqa/popular/seed1:  76%|███████▋  | 2289/3000 [25:34<07:45,  1.53it/s]
qwen2.5-vl/pope/ricd/aokvqa/popular/seed1:  76%|███████▋  | 2290/3000 [25:34<07:37,  1.55it/s]
qwen2.5-vl/pope/ricd/aokvqa/popular/seed1:  76%|███████▋  | 2291/3000 [25:35<07:31,  1.57it/s]
qwen2.5-vl/pope/ricd/aokvqa/popular/seed1:  76%|███████▋  | 2292/3000 [25:35<07:26,  1.59it/s]
qwen2.5-vl/pope/ricd/aokvqa/popular/seed1:  76%|███████▋  | 2293/3000 [25:36<07:24,  1.59it/s]
qwen2.5-vl/pope/ricd/aokvqa/popular/seed1:  76%|███████▋  | 2294/3000 [25:37<07:21,  1.60it/s]
qwen2.5-vl/pope/ricd/aokvqa/popular/seed1:  76%|███████▋  | 2295/3000 [25:37<07:20,  1.60it/s]
qwen2.5-vl/pope/ricd/aokvqa/popular/seed1:  77%|███████▋  | 2296/3000 [25:38<07:17,  1.61it/s]
qwen2.5-vl/pope/ricd/aokvqa/popular/seed1:  77%|███████▋  | 2297/3000 [25:39<07:16,  1.61it/s]
qwen2.5-vl/pope/ricd/aokvqa/popular/seed1:  77%|███████▋  | 2298/3000 [25:39<07:13,  1.62it/s]
qwen2.5-vl/pope/ricd/aokvqa/popular/seed1:  77%|███████▋  | 2299/3000 [25:40<07:36,  1.53it/s]
qwen2.5-vl/pope/ricd/aokvqa/popular/seed1:  77%|███████▋  | 2300/3000 [25:41<07:52,  1.48it/s]
qwen2.5-vl/pope/ricd/aokvqa/popular/seed1:  77%|███████▋  | 2301/3000 [25:41<08:09,  1.43it/s]
qwen2.5-vl/pope/ricd/aokvqa/popular/seed1:  77%|███████▋  | 2302/3000 [25:42<08:17,  1.40it/s]
qwen2.5-vl/pope/ricd/aokvqa/popular/seed1:  77%|███████▋  | 2303/3000 [25:43<08:20,  1.39it/s]
qwen2.5-vl/pope/ricd/aokvqa/popular/seed1:  77%|███████▋  | 2304/3000 [25:44<08:22,  1.39it/s]
qwen2.5-vl/pope/ricd/aokvqa/popular/seed1:  77%|███████▋  | 2305/3000 [25:44<08:15,  1.40it/s]
qwen2.5-vl/pope/ricd/aokvqa/popular/seed1:  77%|███████▋  | 2306/3000 [25:45<08:11,  1.41it/s]
qwen2.5-vl/pope/ricd/aokvqa/popular/seed1:  77%|███████▋  | 2307/3000 [25:46<08:08,  1.42it/s]
qwen2.5-vl/pope/ricd/aokvqa/popular/seed1:  77%|███████▋  | 2308/3000 [25:46<08:06,  1.42it/s]
qwen2.5-vl/pope/ricd/aokvqa/popular/seed1:  77%|███████▋  | 2309/3000 [25:47<08:04,  1.43it/s]
qwen2.5-vl/pope/ricd/aokvqa/popular/seed1:  77%|███████▋  | 2310/3000 [25:48<08:02,  1.43it/s]
qwen2.5-vl/pope/ricd/aokvqa/popular/seed1:  77%|███████▋  | 2311/3000 [25:49<08:07,  1.41it/s]
qwen2.5-vl/pope/ricd/aokvqa/popular/seed1:  77%|███████▋  | 2312/3000 [25:49<08:11,  1.40it/s]
qwen2.5-vl/pope/ricd/aokvqa/popular/seed1:  77%|███████▋  | 2313/3000 [25:50<08:14,  1.39it/s]
qwen2.5-vl/pope/ricd/aokvqa/popular/seed1:  77%|███████▋  | 2314/3000 [25:51<08:15,  1.39it/s]
qwen2.5-vl/pope/ricd/aokvqa/popular/seed1:  77%|███████▋  | 2315/3000 [25:51<08:15,  1.38it/s]
qwen2.5-vl/pope/ricd/aokvqa/popular/seed1:  77%|███████▋  | 2316/3000 [25:52<08:15,  1.38it/s]
qwen2.5-vl/pope/ricd/aokvqa/popular/seed1:  77%|███████▋  | 2317/3000 [25:53<07:50,  1.45it/s]
qwen2.5-vl/pope/ricd/aokvqa/popular/seed1:  77%|███████▋  | 2318/3000 [25:53<07:33,  1.50it/s]
qwen2.5-vl/pope/ricd/aokvqa/popular/seed1:  77%|███████▋  | 2319/3000 [25:54<07:21,  1.54it/s]
qwen2.5-vl/pope/ricd/aokvqa/popular/seed1:  77%|███████▋  | 2320/3000 [25:55<07:12,  1.57it/s]
qwen2.5-vl/pope/ricd/aokvqa/popular/seed1:  77%|███████▋  | 2321/3000 [25:55<07:06,  1.59it/s]
qwen2.5-vl/pope/ricd/aokvqa/popular/seed1:  77%|███████▋  | 2322/3000 [25:56<07:01,  1.61it/s]
qwen2.5-vl/pope/ricd/aokvqa/popular/seed1:  77%|███████▋  | 2323/3000 [25:56<06:58,  1.62it/s]
qwen2.5-vl/pope/ricd/aokvqa/popular/seed1:  77%|███████▋  | 2324/3000 [25:57<06:56,  1.62it/s]
qwen2.5-vl/pope/ricd/aokvqa/popular/seed1:  78%|███████▊  | 2325/3000 [25:58<06:54,  1.63it/s]
qwen2.5-vl/pope/ricd/aokvqa/popular/seed1:  78%|███████▊  | 2326/3000 [25:58<06:54,  1.63it/s]
qwen2.5-vl/pope/ricd/aokvqa/popular/seed1:  78%|███████▊  | 2327/3000 [25:59<06:53,  1.63it/s]
qwen2.5-vl/pope/ricd/aokvqa/popular/seed1:  78%|███████▊  | 2328/3000 [25:59<06:53,  1.63it/s]
qwen2.5-vl/pope/ricd/aokvqa/popular/seed1:  78%|███████▊  | 2329/3000 [26:00<07:15,  1.54it/s]
qwen2.5-vl/pope/ricd/aokvqa/popular/seed1:  78%|███████▊  | 2330/3000 [26:01<07:30,  1.49it/s]
qwen2.5-vl/pope/ricd/aokvqa/popular/seed1:  78%|███████▊  | 2331/3000 [26:02<07:40,  1.45it/s]
qwen2.5-vl/pope/ricd/aokvqa/popular/seed1:  78%|███████▊  | 2332/3000 [26:02<07:48,  1.43it/s]
qwen2.5-vl/pope/ricd/aokvqa/popular/seed1:  78%|███████▊  | 2333/3000 [26:03<07:52,  1.41it/s]
qwen2.5-vl/pope/ricd/aokvqa/popular/seed1:  78%|███████▊  | 2334/3000 [26:04<07:55,  1.40it/s]
qwen2.5-vl/pope/ricd/aokvqa/popular/seed1:  78%|███████▊  | 2335/3000 [26:04<07:33,  1.47it/s]
qwen2.5-vl/pope/ricd/aokvqa/popular/seed1:  78%|███████▊  | 2336/3000 [26:05<07:18,  1.51it/s]
qwen2.5-vl/pope/ricd/aokvqa/popular/seed1:  78%|███████▊  | 2337/3000 [26:06<07:07,  1.55it/s]
qwen2.5-vl/pope/ricd/aokvqa/popular/seed1:  78%|███████▊  | 2338/3000 [26:06<06:59,  1.58it/s]
qwen2.5-vl/pope/ricd/aokvqa/popular/seed1:  78%|███████▊  | 2339/3000 [26:07<06:54,  1.60it/s]
qwen2.5-vl/pope/ricd/aokvqa/popular/seed1:  78%|███████▊  | 2340/3000 [26:07<06:49,  1.61it/s]
qwen2.5-vl/pope/ricd/aokvqa/popular/seed1:  78%|███████▊  | 2341/3000 [26:08<06:47,  1.62it/s]
qwen2.5-vl/pope/ricd/aokvqa/popular/seed1:  78%|███████▊  | 2342/3000 [26:09<06:44,  1.63it/s]
qwen2.5-vl/pope/ricd/aokvqa/popular/seed1:  78%|███████▊  | 2343/3000 [26:09<06:43,  1.63it/s]
qwen2.5-vl/pope/ricd/aokvqa/popular/seed1:  78%|███████▊  | 2344/3000 [26:10<06:41,  1.63it/s]
qwen2.5-vl/pope/ricd/aokvqa/popular/seed1:  78%|███████▊  | 2345/3000 [26:11<06:41,  1.63it/s]
qwen2.5-vl/pope/ricd/aokvqa/popular/seed1:  78%|███████▊  | 2346/3000 [26:11<06:40,  1.63it/s]
qwen2.5-vl/pope/ricd/aokvqa/popular/seed1:  78%|███████▊  | 2347/3000 [26:12<07:03,  1.54it/s]
qwen2.5-vl/pope/ricd/aokvqa/popular/seed1:  78%|███████▊  | 2348/3000 [26:13<07:18,  1.49it/s]
qwen2.5-vl/pope/ricd/aokvqa/popular/seed1:  78%|███████▊  | 2349/3000 [26:13<07:28,  1.45it/s]
qwen2.5-vl/pope/ricd/aokvqa/popular/seed1:  78%|███████▊  | 2350/3000 [26:14<07:35,  1.43it/s]
qwen2.5-vl/pope/ricd/aokvqa/popular/seed1:  78%|███████▊  | 2351/3000 [26:15<07:39,  1.41it/s]
qwen2.5-vl/pope/ricd/aokvqa/popular/seed1:  78%|███████▊  | 2352/3000 [26:16<07:42,  1.40it/s]
qwen2.5-vl/pope/ricd/aokvqa/popular/seed1:  78%|███████▊  | 2353/3000 [26:16<07:12,  1.50it/s]
qwen2.5-vl/pope/ricd/aokvqa/popular/seed1:  78%|███████▊  | 2354/3000 [26:17<06:50,  1.57it/s]
qwen2.5-vl/pope/ricd/aokvqa/popular/seed1:  78%|███████▊  | 2355/3000 [26:17<06:35,  1.63it/s]
qwen2.5-vl/pope/ricd/aokvqa/popular/seed1:  79%|███████▊  | 2356/3000 [26:18<06:24,  1.67it/s]
qwen2.5-vl/pope/ricd/aokvqa/popular/seed1:  79%|███████▊  | 2357/3000 [26:18<06:16,  1.71it/s]
qwen2.5-vl/pope/ricd/aokvqa/popular/seed1:  79%|███████▊  | 2358/3000 [26:19<06:11,  1.73it/s]
qwen2.5-vl/pope/ricd/aokvqa/popular/seed1:  79%|███████▊  | 2359/3000 [26:20<06:32,  1.63it/s]
qwen2.5-vl/pope/ricd/aokvqa/popular/seed1:  79%|███████▊  | 2360/3000 [26:20<06:48,  1.57it/s]
qwen2.5-vl/pope/ricd/aokvqa/popular/seed1:  79%|███████▊  | 2361/3000 [26:21<06:58,  1.53it/s]
qwen2.5-vl/pope/ricd/aokvqa/popular/seed1:  79%|███████▊  | 2362/3000 [26:22<07:05,  1.50it/s]
qwen2.5-vl/pope/ricd/aokvqa/popular/seed1:  79%|███████▉  | 2363/3000 [26:22<07:10,  1.48it/s]
qwen2.5-vl/pope/ricd/aokvqa/popular/seed1:  79%|███████▉  | 2364/3000 [26:23<07:12,  1.47it/s]
qwen2.5-vl/pope/ricd/aokvqa/popular/seed1:  79%|███████▉  | 2365/3000 [26:24<07:21,  1.44it/s]
qwen2.5-vl/pope/ricd/aokvqa/popular/seed1:  79%|███████▉  | 2366/3000 [26:25<07:29,  1.41it/s]
qwen2.5-vl/pope/ricd/aokvqa/popular/seed1:  79%|███████▉  | 2367/3000 [26:25<07:32,  1.40it/s]
qwen2.5-vl/pope/ricd/aokvqa/popular/seed1:  79%|███████▉  | 2368/3000 [26:26<07:34,  1.39it/s]
qwen2.5-vl/pope/ricd/aokvqa/popular/seed1:  79%|███████▉  | 2369/3000 [26:27<07:35,  1.39it/s]
qwen2.5-vl/pope/ricd/aokvqa/popular/seed1:  79%|███████▉  | 2370/3000 [26:27<07:35,  1.38it/s]
qwen2.5-vl/pope/ricd/aokvqa/popular/seed1:  79%|███████▉  | 2371/3000 [26:28<07:35,  1.38it/s]
qwen2.5-vl/pope/ricd/aokvqa/popular/seed1:  79%|███████▉  | 2372/3000 [26:29<07:36,  1.38it/s]
qwen2.5-vl/pope/ricd/aokvqa/popular/seed1:  79%|███████▉  | 2373/3000 [26:30<07:35,  1.38it/s]
qwen2.5-vl/pope/ricd/aokvqa/popular/seed1:  79%|███████▉  | 2374/3000 [26:30<07:35,  1.37it/s]
qwen2.5-vl/pope/ricd/aokvqa/popular/seed1:  79%|███████▉  | 2375/3000 [26:31<07:36,  1.37it/s]
qwen2.5-vl/pope/ricd/aokvqa/popular/seed1:  79%|███████▉  | 2376/3000 [26:32<07:35,  1.37it/s]
qwen2.5-vl/pope/ricd/aokvqa/popular/seed1:  79%|███████▉  | 2377/3000 [26:32<07:12,  1.44it/s]
qwen2.5-vl/pope/ricd/aokvqa/popular/seed1:  79%|███████▉  | 2378/3000 [26:33<06:56,  1.49it/s]
qwen2.5-vl/pope/ricd/aokvqa/popular/seed1:  79%|███████▉  | 2379/3000 [26:34<06:44,  1.53it/s]
qwen2.5-vl/pope/ricd/aokvqa/popular/seed1:  79%|███████▉  | 2380/3000 [26:34<06:36,  1.56it/s]
qwen2.5-vl/pope/ricd/aokvqa/popular/seed1:  79%|███████▉  | 2381/3000 [26:35<06:30,  1.59it/s]
qwen2.5-vl/pope/ricd/aokvqa/popular/seed1:  79%|███████▉  | 2382/3000 [26:35<06:25,  1.60it/s]
qwen2.5-vl/pope/ricd/aokvqa/popular/seed1:  79%|███████▉  | 2383/3000 [26:36<06:22,  1.61it/s]
qwen2.5-vl/pope/ricd/aokvqa/popular/seed1:  79%|███████▉  | 2384/3000 [26:37<06:19,  1.62it/s]
qwen2.5-vl/pope/ricd/aokvqa/popular/seed1:  80%|███████▉  | 2385/3000 [26:37<06:17,  1.63it/s]
qwen2.5-vl/pope/ricd/aokvqa/popular/seed1:  80%|███████▉  | 2386/3000 [26:38<06:17,  1.63it/s]
qwen2.5-vl/pope/ricd/aokvqa/popular/seed1:  80%|███████▉  | 2387/3000 [26:39<06:17,  1.63it/s]
qwen2.5-vl/pope/ricd/aokvqa/popular/seed1:  80%|███████▉  | 2388/3000 [26:39<06:17,  1.62it/s]
qwen2.5-vl/pope/ricd/aokvqa/popular/seed1:  80%|███████▉  | 2389/3000 [26:40<05:34,  1.83it/s]
qwen2.5-vl/pope/ricd/aokvqa/popular/seed1:  80%|███████▉  | 2390/3000 [26:40<05:03,  2.01it/s]
qwen2.5-vl/pope/ricd/aokvqa/popular/seed1:  80%|███████▉  | 2391/3000 [26:40<04:42,  2.16it/s]
qwen2.5-vl/pope/ricd/aokvqa/popular/seed1:  80%|███████▉  | 2392/3000 [26:41<04:26,  2.28it/s]
qwen2.5-vl/pope/ricd/aokvqa/popular/seed1:  80%|███████▉  | 2393/3000 [26:41<04:15,  2.37it/s]
qwen2.5-vl/pope/ricd/aokvqa/popular/seed1:  80%|███████▉  | 2394/3000 [26:41<04:08,  2.44it/s]
qwen2.5-vl/pope/ricd/aokvqa/popular/seed1:  80%|███████▉  | 2395/3000 [26:42<04:45,  2.12it/s]
qwen2.5-vl/pope/ricd/aokvqa/popular/seed1:  80%|███████▉  | 2396/3000 [26:43<05:11,  1.94it/s]
qwen2.5-vl/pope/ricd/aokvqa/popular/seed1:  80%|███████▉  | 2397/3000 [26:43<05:29,  1.83it/s]
qwen2.5-vl/pope/ricd/aokvqa/popular/seed1:  80%|███████▉  | 2398/3000 [26:44<05:42,  1.76it/s]
qwen2.5-vl/pope/ricd/aokvqa/popular/seed1:  80%|███████▉  | 2399/3000 [26:45<05:50,  1.71it/s]
qwen2.5-vl/pope/ricd/aokvqa/popular/seed1:  80%|████████  | 2400/3000 [26:45<05:55,  1.69it/s]
qwen2.5-vl/pope/ricd/aokvqa/popular/seed1:  80%|████████  | 2401/3000 [26:46<05:59,  1.67it/s]
qwen2.5-vl/pope/ricd/aokvqa/popular/seed1:  80%|████████  | 2402/3000 [26:46<06:02,  1.65it/s]
qwen2.5-vl/pope/ricd/aokvqa/popular/seed1:  80%|████████  | 2403/3000 [26:47<06:05,  1.63it/s]
qwen2.5-vl/pope/ricd/aokvqa/popular/seed1:  80%|████████  | 2404/3000 [26:48<06:06,  1.63it/s]
qwen2.5-vl/pope/ricd/aokvqa/popular/seed1:  80%|████████  | 2405/3000 [26:48<06:07,  1.62it/s]
qwen2.5-vl/pope/ricd/aokvqa/popular/seed1:  80%|████████  | 2406/3000 [26:49<06:07,  1.62it/s]
qwen2.5-vl/pope/ricd/aokvqa/popular/seed1:  80%|████████  | 2407/3000 [26:50<06:05,  1.62it/s]
qwen2.5-vl/pope/ricd/aokvqa/popular/seed1:  80%|████████  | 2408/3000 [26:50<06:02,  1.63it/s]
qwen2.5-vl/pope/ricd/aokvqa/popular/seed1:  80%|████████  | 2409/3000 [26:51<06:01,  1.63it/s]
qwen2.5-vl/pope/ricd/aokvqa/popular/seed1:  80%|████████  | 2410/3000 [26:51<06:01,  1.63it/s]
qwen2.5-vl/pope/ricd/aokvqa/popular/seed1:  80%|████████  | 2411/3000 [26:52<05:59,  1.64it/s]
qwen2.5-vl/pope/ricd/aokvqa/popular/seed1:  80%|████████  | 2412/3000 [26:53<05:59,  1.64it/s]
qwen2.5-vl/pope/ricd/aokvqa/popular/seed1:  80%|████████  | 2413/3000 [26:53<06:22,  1.53it/s]
qwen2.5-vl/pope/ricd/aokvqa/popular/seed1:  80%|████████  | 2414/3000 [26:54<06:37,  1.47it/s]
qwen2.5-vl/pope/ricd/aokvqa/popular/seed1:  80%|████████  | 2415/3000 [26:55<06:49,  1.43it/s]
qwen2.5-vl/pope/ricd/aokvqa/popular/seed1:  81%|████████  | 2416/3000 [26:56<06:55,  1.41it/s]
qwen2.5-vl/pope/ricd/aokvqa/popular/seed1:  81%|████████  | 2417/3000 [26:56<06:59,  1.39it/s]
qwen2.5-vl/pope/ricd/aokvqa/popular/seed1:  81%|████████  | 2418/3000 [26:57<07:01,  1.38it/s]
qwen2.5-vl/pope/ricd/aokvqa/popular/seed1:  81%|████████  | 2419/3000 [26:58<07:02,  1.37it/s]
qwen2.5-vl/pope/ricd/aokvqa/popular/seed1:  81%|████████  | 2420/3000 [26:58<07:03,  1.37it/s]
qwen2.5-vl/pope/ricd/aokvqa/popular/seed1:  81%|████████  | 2421/3000 [26:59<07:03,  1.37it/s]
qwen2.5-vl/pope/ricd/aokvqa/popular/seed1:  81%|████████  | 2422/3000 [27:00<07:03,  1.37it/s]
qwen2.5-vl/pope/ricd/aokvqa/popular/seed1:  81%|████████  | 2423/3000 [27:01<07:04,  1.36it/s]
qwen2.5-vl/pope/ricd/aokvqa/popular/seed1:  81%|████████  | 2424/3000 [27:01<07:04,  1.36it/s]
qwen2.5-vl/pope/ricd/aokvqa/popular/seed1:  81%|████████  | 2425/3000 [27:02<07:04,  1.36it/s]
qwen2.5-vl/pope/ricd/aokvqa/popular/seed1:  81%|████████  | 2426/3000 [27:03<07:04,  1.35it/s]
qwen2.5-vl/pope/ricd/aokvqa/popular/seed1:  81%|████████  | 2427/3000 [27:04<07:04,  1.35it/s]
qwen2.5-vl/pope/ricd/aokvqa/popular/seed1:  81%|████████  | 2428/3000 [27:04<07:03,  1.35it/s]
qwen2.5-vl/pope/ricd/aokvqa/popular/seed1:  81%|████████  | 2429/3000 [27:05<07:03,  1.35it/s]
qwen2.5-vl/pope/ricd/aokvqa/popular/seed1:  81%|████████  | 2430/3000 [27:06<07:03,  1.35it/s]
qwen2.5-vl/pope/ricd/aokvqa/popular/seed1:  81%|████████  | 2431/3000 [27:07<07:03,  1.34it/s]
qwen2.5-vl/pope/ricd/aokvqa/popular/seed1:  81%|████████  | 2432/3000 [27:07<07:01,  1.35it/s]
qwen2.5-vl/pope/ricd/aokvqa/popular/seed1:  81%|████████  | 2433/3000 [27:08<07:00,  1.35it/s]
qwen2.5-vl/pope/ricd/aokvqa/popular/seed1:  81%|████████  | 2434/3000 [27:09<07:00,  1.35it/s]
qwen2.5-vl/pope/ricd/aokvqa/popular/seed1:  81%|████████  | 2435/3000 [27:10<06:57,  1.35it/s]
qwen2.5-vl/pope/ricd/aokvqa/popular/seed1:  81%|████████  | 2436/3000 [27:10<06:56,  1.35it/s]
qwen2.5-vl/pope/ricd/aokvqa/popular/seed1:  81%|████████  | 2437/3000 [27:11<06:55,  1.36it/s]
qwen2.5-vl/pope/ricd/aokvqa/popular/seed1:  81%|████████▏ | 2438/3000 [27:12<06:56,  1.35it/s]
qwen2.5-vl/pope/ricd/aokvqa/popular/seed1:  81%|████████▏ | 2439/3000 [27:13<06:55,  1.35it/s]
qwen2.5-vl/pope/ricd/aokvqa/popular/seed1:  81%|████████▏ | 2440/3000 [27:13<06:54,  1.35it/s]
qwen2.5-vl/pope/ricd/aokvqa/popular/seed1:  81%|████████▏ | 2441/3000 [27:14<06:52,  1.36it/s]
qwen2.5-vl/pope/ricd/aokvqa/popular/seed1:  81%|████████▏ | 2442/3000 [27:15<06:51,  1.36it/s]
qwen2.5-vl/pope/ricd/aokvqa/popular/seed1:  81%|████████▏ | 2443/3000 [27:15<06:22,  1.46it/s]
qwen2.5-vl/pope/ricd/aokvqa/popular/seed1:  81%|████████▏ | 2444/3000 [27:16<06:01,  1.54it/s]
qwen2.5-vl/pope/ricd/aokvqa/popular/seed1:  82%|████████▏ | 2445/3000 [27:16<05:47,  1.60it/s]
qwen2.5-vl/pope/ricd/aokvqa/popular/seed1:  82%|████████▏ | 2446/3000 [27:17<05:37,  1.64it/s]
qwen2.5-vl/pope/ricd/aokvqa/popular/seed1:  82%|████████▏ | 2447/3000 [27:18<05:30,  1.67it/s]
qwen2.5-vl/pope/ricd/aokvqa/popular/seed1:  82%|████████▏ | 2448/3000 [27:18<05:25,  1.69it/s]
qwen2.5-vl/pope/ricd/aokvqa/popular/seed1:  82%|████████▏ | 2449/3000 [27:19<05:50,  1.57it/s]
qwen2.5-vl/pope/ricd/aokvqa/popular/seed1:  82%|████████▏ | 2450/3000 [27:20<06:05,  1.50it/s]
qwen2.5-vl/pope/ricd/aokvqa/popular/seed1:  82%|████████▏ | 2451/3000 [27:20<06:17,  1.45it/s]
qwen2.5-vl/pope/ricd/aokvqa/popular/seed1:  82%|████████▏ | 2452/3000 [27:21<06:24,  1.43it/s]
qwen2.5-vl/pope/ricd/aokvqa/popular/seed1:  82%|████████▏ | 2453/3000 [27:22<06:29,  1.41it/s]
qwen2.5-vl/pope/ricd/aokvqa/popular/seed1:  82%|████████▏ | 2454/3000 [27:23<06:31,  1.40it/s]
qwen2.5-vl/pope/ricd/aokvqa/popular/seed1:  82%|████████▏ | 2455/3000 [27:23<06:33,  1.39it/s]
qwen2.5-vl/pope/ricd/aokvqa/popular/seed1:  82%|████████▏ | 2456/3000 [27:24<06:33,  1.38it/s]
qwen2.5-vl/pope/ricd/aokvqa/popular/seed1:  82%|████████▏ | 2457/3000 [27:25<06:33,  1.38it/s]
qwen2.5-vl/pope/ricd/aokvqa/popular/seed1:  82%|████████▏ | 2458/3000 [27:25<06:33,  1.38it/s]
qwen2.5-vl/pope/ricd/aokvqa/popular/seed1:  82%|████████▏ | 2459/3000 [27:26<06:33,  1.38it/s]
qwen2.5-vl/pope/ricd/aokvqa/popular/seed1:  82%|████████▏ | 2460/3000 [27:27<06:32,  1.38it/s]
qwen2.5-vl/pope/ricd/aokvqa/popular/seed1:  82%|████████▏ | 2461/3000 [27:28<06:13,  1.44it/s]
qwen2.5-vl/pope/ricd/aokvqa/popular/seed1:  82%|████████▏ | 2462/3000 [27:28<05:59,  1.50it/s]
qwen2.5-vl/pope/ricd/aokvqa/popular/seed1:  82%|████████▏ | 2463/3000 [27:29<05:49,  1.54it/s]
qwen2.5-vl/pope/ricd/aokvqa/popular/seed1:  82%|████████▏ | 2464/3000 [27:29<05:42,  1.57it/s]
qwen2.5-vl/pope/ricd/aokvqa/popular/seed1:  82%|████████▏ | 2465/3000 [27:30<05:36,  1.59it/s]
qwen2.5-vl/pope/ricd/aokvqa/popular/seed1:  82%|████████▏ | 2466/3000 [27:31<05:32,  1.60it/s]
qwen2.5-vl/pope/ricd/aokvqa/popular/seed1:  82%|████████▏ | 2467/3000 [27:31<04:53,  1.82it/s]
qwen2.5-vl/pope/ricd/aokvqa/popular/seed1:  82%|████████▏ | 2468/3000 [27:31<04:25,  2.00it/s]
qwen2.5-vl/pope/ricd/aokvqa/popular/seed1:  82%|████████▏ | 2469/3000 [27:32<04:06,  2.16it/s]
qwen2.5-vl/pope/ricd/aokvqa/popular/seed1:  82%|████████▏ | 2470/3000 [27:32<03:52,  2.28it/s]
qwen2.5-vl/pope/ricd/aokvqa/popular/seed1:  82%|████████▏ | 2471/3000 [27:33<03:42,  2.37it/s]
qwen2.5-vl/pope/ricd/aokvqa/popular/seed1:  82%|████████▏ | 2472/3000 [27:33<03:35,  2.45it/s]
qwen2.5-vl/pope/ricd/aokvqa/popular/seed1:  82%|████████▏ | 2473/3000 [27:33<04:05,  2.15it/s]
qwen2.5-vl/pope/ricd/aokvqa/popular/seed1:  82%|████████▏ | 2474/3000 [27:34<04:25,  1.98it/s]
qwen2.5-vl/pope/ricd/aokvqa/popular/seed1:  82%|████████▎ | 2475/3000 [27:35<04:39,  1.88it/s]
qwen2.5-vl/pope/ricd/aokvqa/popular/seed1:  83%|████████▎ | 2476/3000 [27:35<04:48,  1.81it/s]
qwen2.5-vl/pope/ricd/aokvqa/popular/seed1:  83%|████████▎ | 2477/3000 [27:36<04:55,  1.77it/s]
qwen2.5-vl/pope/ricd/aokvqa/popular/seed1:  83%|████████▎ | 2478/3000 [27:36<04:59,  1.74it/s]
qwen2.5-vl/pope/ricd/aokvqa/popular/seed1:  83%|████████▎ | 2479/3000 [27:37<05:22,  1.62it/s]
qwen2.5-vl/pope/ricd/aokvqa/popular/seed1:  83%|████████▎ | 2480/3000 [27:38<05:36,  1.55it/s]
qwen2.5-vl/pope/ricd/aokvqa/popular/seed1:  83%|████████▎ | 2481/3000 [27:39<05:46,  1.50it/s]
qwen2.5-vl/pope/ricd/aokvqa/popular/seed1:  83%|████████▎ | 2482/3000 [27:39<05:52,  1.47it/s]
qwen2.5-vl/pope/ricd/aokvqa/popular/seed1:  83%|████████▎ | 2483/3000 [27:40<05:57,  1.45it/s]
qwen2.5-vl/pope/ricd/aokvqa/popular/seed1:  83%|████████▎ | 2484/3000 [27:41<06:04,  1.42it/s]
qwen2.5-vl/pope/ricd/aokvqa/popular/seed1:  83%|████████▎ | 2485/3000 [27:42<06:12,  1.38it/s]
qwen2.5-vl/pope/ricd/aokvqa/popular/seed1:  83%|████████▎ | 2486/3000 [27:42<06:13,  1.38it/s]
qwen2.5-vl/pope/ricd/aokvqa/popular/seed1:  83%|████████▎ | 2487/3000 [27:43<06:13,  1.37it/s]
qwen2.5-vl/pope/ricd/aokvqa/popular/seed1:  83%|████████▎ | 2488/3000 [27:44<06:12,  1.37it/s]
qwen2.5-vl/pope/ricd/aokvqa/popular/seed1:  83%|████████▎ | 2489/3000 [27:44<06:12,  1.37it/s]
qwen2.5-vl/pope/ricd/aokvqa/popular/seed1:  83%|████████▎ | 2490/3000 [27:45<06:12,  1.37it/s]
qwen2.5-vl/pope/ricd/aokvqa/popular/seed1:  83%|████████▎ | 2491/3000 [27:46<06:11,  1.37it/s]
qwen2.5-vl/pope/ricd/aokvqa/popular/seed1:  83%|████████▎ | 2492/3000 [27:47<06:10,  1.37it/s]
qwen2.5-vl/pope/ricd/aokvqa/popular/seed1:  83%|████████▎ | 2493/3000 [27:47<06:10,  1.37it/s]
qwen2.5-vl/pope/ricd/aokvqa/popular/seed1:  83%|████████▎ | 2494/3000 [27:48<06:09,  1.37it/s]
qwen2.5-vl/pope/ricd/aokvqa/popular/seed1:  83%|████████▎ | 2495/3000 [27:49<06:08,  1.37it/s]
qwen2.5-vl/pope/ricd/aokvqa/popular/seed1:  83%|████████▎ | 2496/3000 [27:50<06:08,  1.37it/s]
qwen2.5-vl/pope/ricd/aokvqa/popular/seed1:  83%|████████▎ | 2497/3000 [27:50<06:08,  1.37it/s]
qwen2.5-vl/pope/ricd/aokvqa/popular/seed1:  83%|████████▎ | 2498/3000 [27:51<06:06,  1.37it/s]
qwen2.5-vl/pope/ricd/aokvqa/popular/seed1:  83%|████████▎ | 2499/3000 [27:52<06:06,  1.37it/s]
qwen2.5-vl/pope/ricd/aokvqa/popular/seed1:  83%|████████▎ | 2500/3000 [27:53<06:04,  1.37it/s]
qwen2.5-vl/pope/ricd/aokvqa/popular/seed1:  83%|████████▎ | 2501/3000 [27:53<06:04,  1.37it/s]
qwen2.5-vl/pope/ricd/aokvqa/popular/seed1:  83%|████████▎ | 2502/3000 [27:54<06:03,  1.37it/s]
qwen2.5-vl/pope/ricd/aokvqa/popular/seed1:  83%|████████▎ | 2503/3000 [27:55<05:45,  1.44it/s]
qwen2.5-vl/pope/ricd/aokvqa/popular/seed1:  83%|████████▎ | 2504/3000 [27:55<05:32,  1.49it/s]
qwen2.5-vl/pope/ricd/aokvqa/popular/seed1:  84%|████████▎ | 2505/3000 [27:56<05:22,  1.53it/s]
qwen2.5-vl/pope/ricd/aokvqa/popular/seed1:  84%|████████▎ | 2506/3000 [27:56<05:16,  1.56it/s]
qwen2.5-vl/pope/ricd/aokvqa/popular/seed1:  84%|████████▎ | 2507/3000 [27:57<05:11,  1.58it/s]
qwen2.5-vl/pope/ricd/aokvqa/popular/seed1:  84%|████████▎ | 2508/3000 [27:58<05:07,  1.60it/s]
qwen2.5-vl/pope/ricd/aokvqa/popular/seed1:  84%|████████▎ | 2509/3000 [27:59<05:56,  1.38it/s]
qwen2.5-vl/pope/ricd/aokvqa/popular/seed1:  84%|████████▎ | 2510/3000 [28:00<06:29,  1.26it/s]
qwen2.5-vl/pope/ricd/aokvqa/popular/seed1:  84%|████████▎ | 2511/3000 [28:01<06:52,  1.19it/s]
qwen2.5-vl/pope/ricd/aokvqa/popular/seed1:  84%|████████▎ | 2512/3000 [28:01<07:08,  1.14it/s]
qwen2.5-vl/pope/ricd/aokvqa/popular/seed1:  84%|████████▍ | 2513/3000 [28:02<07:18,  1.11it/s]
qwen2.5-vl/pope/ricd/aokvqa/popular/seed1:  84%|████████▍ | 2514/3000 [28:03<07:26,  1.09it/s]
qwen2.5-vl/pope/ricd/aokvqa/popular/seed1:  84%|████████▍ | 2515/3000 [28:04<06:40,  1.21it/s]
qwen2.5-vl/pope/ricd/aokvqa/popular/seed1:  84%|████████▍ | 2516/3000 [28:05<06:09,  1.31it/s]
qwen2.5-vl/pope/ricd/aokvqa/popular/seed1:  84%|████████▍ | 2517/3000 [28:05<05:46,  1.39it/s]
qwen2.5-vl/pope/ricd/aokvqa/popular/seed1:  84%|████████▍ | 2518/3000 [28:06<05:30,  1.46it/s]
qwen2.5-vl/pope/ricd/aokvqa/popular/seed1:  84%|████████▍ | 2519/3000 [28:06<05:19,  1.51it/s]
qwen2.5-vl/pope/ricd/aokvqa/popular/seed1:  84%|████████▍ | 2520/3000 [28:07<05:11,  1.54it/s]
qwen2.5-vl/pope/ricd/aokvqa/popular/seed1:  84%|████████▍ | 2521/3000 [28:08<04:58,  1.61it/s]
qwen2.5-vl/pope/ricd/aokvqa/popular/seed1:  84%|████████▍ | 2522/3000 [28:08<04:49,  1.65it/s]
qwen2.5-vl/pope/ricd/aokvqa/popular/seed1:  84%|████████▍ | 2523/3000 [28:09<04:43,  1.68it/s]
qwen2.5-vl/pope/ricd/aokvqa/popular/seed1:  84%|████████▍ | 2524/3000 [28:09<04:38,  1.71it/s]
qwen2.5-vl/pope/ricd/aokvqa/popular/seed1:  84%|████████▍ | 2525/3000 [28:10<04:35,  1.73it/s]
qwen2.5-vl/pope/ricd/aokvqa/popular/seed1:  84%|████████▍ | 2526/3000 [28:10<04:32,  1.74it/s]
qwen2.5-vl/pope/ricd/aokvqa/popular/seed1:  84%|████████▍ | 2527/3000 [28:11<04:45,  1.66it/s]
qwen2.5-vl/pope/ricd/aokvqa/popular/seed1:  84%|████████▍ | 2528/3000 [28:12<04:54,  1.60it/s]
qwen2.5-vl/pope/ricd/aokvqa/popular/seed1:  84%|████████▍ | 2529/3000 [28:12<04:59,  1.57it/s]
qwen2.5-vl/pope/ricd/aokvqa/popular/seed1:  84%|████████▍ | 2530/3000 [28:13<05:04,  1.55it/s]
qwen2.5-vl/pope/ricd/aokvqa/popular/seed1:  84%|████████▍ | 2531/3000 [28:14<05:07,  1.53it/s]
qwen2.5-vl/pope/ricd/aokvqa/popular/seed1:  84%|████████▍ | 2532/3000 [28:14<05:09,  1.51it/s]
qwen2.5-vl/pope/ricd/aokvqa/popular/seed1:  84%|████████▍ | 2533/3000 [28:15<05:19,  1.46it/s]
qwen2.5-vl/pope/ricd/aokvqa/popular/seed1:  84%|████████▍ | 2534/3000 [28:16<05:26,  1.43it/s]
qwen2.5-vl/pope/ricd/aokvqa/popular/seed1:  84%|████████▍ | 2535/3000 [28:17<05:30,  1.41it/s]
qwen2.5-vl/pope/ricd/aokvqa/popular/seed1:  85%|████████▍ | 2536/3000 [28:17<05:33,  1.39it/s]
qwen2.5-vl/pope/ricd/aokvqa/popular/seed1:  85%|████████▍ | 2537/3000 [28:18<05:33,  1.39it/s]
qwen2.5-vl/pope/ricd/aokvqa/popular/seed1:  85%|████████▍ | 2538/3000 [28:19<05:35,  1.38it/s]
qwen2.5-vl/pope/ricd/aokvqa/popular/seed1:  85%|████████▍ | 2539/3000 [28:19<04:36,  1.67it/s]
qwen2.5-vl/pope/ricd/aokvqa/popular/seed1:  85%|████████▍ | 2540/3000 [28:20<03:55,  1.95it/s]
qwen2.5-vl/pope/ricd/aokvqa/popular/seed1:  85%|████████▍ | 2541/3000 [28:20<03:27,  2.21it/s]
qwen2.5-vl/pope/ricd/aokvqa/popular/seed1:  85%|████████▍ | 2542/3000 [28:20<03:07,  2.44it/s]
qwen2.5-vl/pope/ricd/aokvqa/popular/seed1:  85%|████████▍ | 2543/3000 [28:20<02:52,  2.64it/s]
qwen2.5-vl/pope/ricd/aokvqa/popular/seed1:  85%|████████▍ | 2544/3000 [28:21<02:42,  2.80it/s]
qwen2.5-vl/pope/ricd/aokvqa/popular/seed1:  85%|████████▍ | 2545/3000 [28:21<03:34,  2.12it/s]
qwen2.5-vl/pope/ricd/aokvqa/popular/seed1:  85%|████████▍ | 2546/3000 [28:22<04:11,  1.81it/s]
qwen2.5-vl/pope/ricd/aokvqa/popular/seed1:  85%|████████▍ | 2547/3000 [28:23<04:35,  1.64it/s]
qwen2.5-vl/pope/ricd/aokvqa/popular/seed1:  85%|████████▍ | 2548/3000 [28:24<04:53,  1.54it/s]
qwen2.5-vl/pope/ricd/aokvqa/popular/seed1:  85%|████████▍ | 2549/3000 [28:24<05:05,  1.48it/s]
qwen2.5-vl/pope/ricd/aokvqa/popular/seed1:  85%|████████▌ | 2550/3000 [28:25<05:13,  1.44it/s]
qwen2.5-vl/pope/ricd/aokvqa/popular/seed1:  85%|████████▌ | 2551/3000 [28:26<04:58,  1.51it/s]
qwen2.5-vl/pope/ricd/aokvqa/popular/seed1:  85%|████████▌ | 2552/3000 [28:26<04:45,  1.57it/s]
qwen2.5-vl/pope/ricd/aokvqa/popular/seed1:  85%|████████▌ | 2553/3000 [28:27<04:35,  1.62it/s]
qwen2.5-vl/pope/ricd/aokvqa/popular/seed1:  85%|████████▌ | 2554/3000 [28:27<04:28,  1.66it/s]
qwen2.5-vl/pope/ricd/aokvqa/popular/seed1:  85%|████████▌ | 2555/3000 [28:28<04:22,  1.69it/s]
qwen2.5-vl/pope/ricd/aokvqa/popular/seed1:  85%|████████▌ | 2556/3000 [28:29<04:19,  1.71it/s]
qwen2.5-vl/pope/ricd/aokvqa/popular/seed1:  85%|████████▌ | 2557/3000 [28:29<04:42,  1.57it/s]
qwen2.5-vl/pope/ricd/aokvqa/popular/seed1:  85%|████████▌ | 2558/3000 [28:30<04:54,  1.50it/s]
qwen2.5-vl/pope/ricd/aokvqa/popular/seed1:  85%|████████▌ | 2559/3000 [28:31<05:03,  1.45it/s]
qwen2.5-vl/pope/ricd/aokvqa/popular/seed1:  85%|████████▌ | 2560/3000 [28:32<05:11,  1.41it/s]
qwen2.5-vl/pope/ricd/aokvqa/popular/seed1:  85%|████████▌ | 2561/3000 [28:32<05:15,  1.39it/s]
qwen2.5-vl/pope/ricd/aokvqa/popular/seed1:  85%|████████▌ | 2562/3000 [28:33<05:18,  1.38it/s]
qwen2.5-vl/pope/ricd/aokvqa/popular/seed1:  85%|████████▌ | 2563/3000 [28:34<05:04,  1.43it/s]
qwen2.5-vl/pope/ricd/aokvqa/popular/seed1:  85%|████████▌ | 2564/3000 [28:34<04:53,  1.48it/s]
qwen2.5-vl/pope/ricd/aokvqa/popular/seed1:  86%|████████▌ | 2565/3000 [28:35<04:46,  1.52it/s]
qwen2.5-vl/pope/ricd/aokvqa/popular/seed1:  86%|████████▌ | 2566/3000 [28:36<04:40,  1.55it/s]
qwen2.5-vl/pope/ricd/aokvqa/popular/seed1:  86%|████████▌ | 2567/3000 [28:36<04:37,  1.56it/s]
qwen2.5-vl/pope/ricd/aokvqa/popular/seed1:  86%|████████▌ | 2568/3000 [28:37<04:35,  1.57it/s]
qwen2.5-vl/pope/ricd/aokvqa/popular/seed1:  86%|████████▌ | 2569/3000 [28:38<04:42,  1.52it/s]
qwen2.5-vl/pope/ricd/aokvqa/popular/seed1:  86%|████████▌ | 2570/3000 [28:38<04:47,  1.49it/s]
qwen2.5-vl/pope/ricd/aokvqa/popular/seed1:  86%|████████▌ | 2571/3000 [28:39<04:51,  1.47it/s]
qwen2.5-vl/pope/ricd/aokvqa/popular/seed1:  86%|████████▌ | 2572/3000 [28:40<04:53,  1.46it/s]
qwen2.5-vl/pope/ricd/aokvqa/popular/seed1:  86%|████████▌ | 2573/3000 [28:40<04:56,  1.44it/s]
qwen2.5-vl/pope/ricd/aokvqa/popular/seed1:  86%|████████▌ | 2574/3000 [28:41<04:56,  1.43it/s]
qwen2.5-vl/pope/ricd/aokvqa/popular/seed1:  86%|████████▌ | 2575/3000 [28:42<04:45,  1.49it/s]
qwen2.5-vl/pope/ricd/aokvqa/popular/seed1:  86%|████████▌ | 2576/3000 [28:42<04:38,  1.52it/s]
qwen2.5-vl/pope/ricd/aokvqa/popular/seed1:  86%|████████▌ | 2577/3000 [28:43<04:33,  1.55it/s]
qwen2.5-vl/pope/ricd/aokvqa/popular/seed1:  86%|████████▌ | 2578/3000 [28:44<04:29,  1.57it/s]
qwen2.5-vl/pope/ricd/aokvqa/popular/seed1:  86%|████████▌ | 2579/3000 [28:44<04:26,  1.58it/s]
qwen2.5-vl/pope/ricd/aokvqa/popular/seed1:  86%|████████▌ | 2580/3000 [28:45<04:23,  1.59it/s]
qwen2.5-vl/pope/ricd/aokvqa/popular/seed1:  86%|████████▌ | 2581/3000 [28:45<04:32,  1.54it/s]
qwen2.5-vl/pope/ricd/aokvqa/popular/seed1:  86%|████████▌ | 2582/3000 [28:46<04:38,  1.50it/s]
qwen2.5-vl/pope/ricd/aokvqa/popular/seed1:  86%|████████▌ | 2583/3000 [28:47<04:42,  1.47it/s]
qwen2.5-vl/pope/ricd/aokvqa/popular/seed1:  86%|████████▌ | 2584/3000 [28:48<04:46,  1.45it/s]
qwen2.5-vl/pope/ricd/aokvqa/popular/seed1:  86%|████████▌ | 2585/3000 [28:48<04:47,  1.44it/s]
qwen2.5-vl/pope/ricd/aokvqa/popular/seed1:  86%|████████▌ | 2586/3000 [28:49<04:47,  1.44it/s]
qwen2.5-vl/pope/ricd/aokvqa/popular/seed1:  86%|████████▌ | 2587/3000 [28:50<04:52,  1.41it/s]
qwen2.5-vl/pope/ricd/aokvqa/popular/seed1:  86%|████████▋ | 2588/3000 [28:50<04:55,  1.39it/s]
qwen2.5-vl/pope/ricd/aokvqa/popular/seed1:  86%|████████▋ | 2589/3000 [28:51<04:57,  1.38it/s]
qwen2.5-vl/pope/ricd/aokvqa/popular/seed1:  86%|████████▋ | 2590/3000 [28:52<04:58,  1.38it/s]
qwen2.5-vl/pope/ricd/aokvqa/popular/seed1:  86%|████████▋ | 2591/3000 [28:53<04:58,  1.37it/s]
qwen2.5-vl/pope/ricd/aokvqa/popular/seed1:  86%|████████▋ | 2592/3000 [28:53<04:58,  1.37it/s]
qwen2.5-vl/pope/ricd/aokvqa/popular/seed1:  86%|████████▋ | 2593/3000 [28:54<04:39,  1.45it/s]
qwen2.5-vl/pope/ricd/aokvqa/popular/seed1:  86%|████████▋ | 2594/3000 [28:55<04:24,  1.54it/s]
qwen2.5-vl/pope/ricd/aokvqa/popular/seed1:  86%|████████▋ | 2595/3000 [28:55<04:13,  1.60it/s]
qwen2.5-vl/pope/ricd/aokvqa/popular/seed1:  87%|████████▋ | 2596/3000 [28:56<04:06,  1.64it/s]
qwen2.5-vl/pope/ricd/aokvqa/popular/seed1:  87%|████████▋ | 2597/3000 [28:56<04:00,  1.67it/s]
qwen2.5-vl/pope/ricd/aokvqa/popular/seed1:  87%|████████▋ | 2598/3000 [28:57<03:56,  1.70it/s]
qwen2.5-vl/pope/ricd/aokvqa/popular/seed1:  87%|████████▋ | 2599/3000 [28:57<04:00,  1.67it/s]
qwen2.5-vl/pope/ricd/aokvqa/popular/seed1:  87%|████████▋ | 2600/3000 [28:58<04:01,  1.65it/s]
qwen2.5-vl/pope/ricd/aokvqa/popular/seed1:  87%|████████▋ | 2601/3000 [28:59<04:03,  1.64it/s]
qwen2.5-vl/pope/ricd/aokvqa/popular/seed1:  87%|████████▋ | 2602/3000 [28:59<04:04,  1.63it/s]
qwen2.5-vl/pope/ricd/aokvqa/popular/seed1:  87%|████████▋ | 2603/3000 [29:00<04:04,  1.63it/s]
qwen2.5-vl/pope/ricd/aokvqa/popular/seed1:  87%|████████▋ | 2604/3000 [29:01<04:04,  1.62it/s]
qwen2.5-vl/pope/ricd/aokvqa/popular/seed1:  87%|████████▋ | 2605/3000 [29:01<04:05,  1.61it/s]
qwen2.5-vl/pope/ricd/aokvqa/popular/seed1:  87%|████████▋ | 2606/3000 [29:02<04:06,  1.60it/s]
qwen2.5-vl/pope/ricd/aokvqa/popular/seed1:  87%|████████▋ | 2607/3000 [29:02<04:06,  1.60it/s]
qwen2.5-vl/pope/ricd/aokvqa/popular/seed1:  87%|████████▋ | 2608/3000 [29:03<04:06,  1.59it/s]
qwen2.5-vl/pope/ricd/aokvqa/popular/seed1:  87%|████████▋ | 2609/3000 [29:04<04:04,  1.60it/s]
qwen2.5-vl/pope/ricd/aokvqa/popular/seed1:  87%|████████▋ | 2610/3000 [29:04<04:02,  1.61it/s]
qwen2.5-vl/pope/ricd/aokvqa/popular/seed1:  87%|████████▋ | 2611/3000 [29:05<03:34,  1.81it/s]
qwen2.5-vl/pope/ricd/aokvqa/popular/seed1:  87%|████████▋ | 2612/3000 [29:05<03:15,  1.99it/s]
qwen2.5-vl/pope/ricd/aokvqa/popular/seed1:  87%|████████▋ | 2613/3000 [29:06<03:01,  2.13it/s]
qwen2.5-vl/pope/ricd/aokvqa/popular/seed1:  87%|████████▋ | 2614/3000 [29:06<02:52,  2.24it/s]
qwen2.5-vl/pope/ricd/aokvqa/popular/seed1:  87%|████████▋ | 2615/3000 [29:06<02:45,  2.33it/s]
qwen2.5-vl/pope/ricd/aokvqa/popular/seed1:  87%|████████▋ | 2616/3000 [29:07<02:39,  2.40it/s]
qwen2.5-vl/pope/ricd/aokvqa/popular/seed1:  87%|████████▋ | 2617/3000 [29:07<03:16,  1.95it/s]
qwen2.5-vl/pope/ricd/aokvqa/popular/seed1:  87%|████████▋ | 2618/3000 [29:08<03:41,  1.72it/s]
qwen2.5-vl/pope/ricd/aokvqa/popular/seed1:  87%|████████▋ | 2619/3000 [29:09<03:59,  1.59it/s]
qwen2.5-vl/pope/ricd/aokvqa/popular/seed1:  87%|████████▋ | 2620/3000 [29:10<04:12,  1.51it/s]
qwen2.5-vl/pope/ricd/aokvqa/popular/seed1:  87%|████████▋ | 2621/3000 [29:10<04:21,  1.45it/s]
qwen2.5-vl/pope/ricd/aokvqa/popular/seed1:  87%|████████▋ | 2622/3000 [29:11<04:26,  1.42it/s]
qwen2.5-vl/pope/ricd/aokvqa/popular/seed1:  87%|████████▋ | 2623/3000 [29:12<04:33,  1.38it/s]
qwen2.5-vl/pope/ricd/aokvqa/popular/seed1:  87%|████████▋ | 2624/3000 [29:13<04:36,  1.36it/s]
qwen2.5-vl/pope/ricd/aokvqa/popular/seed1:  88%|████████▊ | 2625/3000 [29:13<04:39,  1.34it/s]
qwen2.5-vl/pope/ricd/aokvqa/popular/seed1:  88%|████████▊ | 2626/3000 [29:14<04:40,  1.34it/s]
qwen2.5-vl/pope/ricd/aokvqa/popular/seed1:  88%|████████▊ | 2627/3000 [29:15<04:40,  1.33it/s]
qwen2.5-vl/pope/ricd/aokvqa/popular/seed1:  88%|████████▊ | 2628/3000 [29:16<04:41,  1.32it/s]
qwen2.5-vl/pope/ricd/aokvqa/popular/seed1:  88%|████████▊ | 2629/3000 [29:16<04:37,  1.34it/s]
qwen2.5-vl/pope/ricd/aokvqa/popular/seed1:  88%|████████▊ | 2630/3000 [29:17<04:35,  1.34it/s]
qwen2.5-vl/pope/ricd/aokvqa/popular/seed1:  88%|████████▊ | 2631/3000 [29:18<04:33,  1.35it/s]
qwen2.5-vl/pope/ricd/aokvqa/popular/seed1:  88%|████████▊ | 2632/3000 [29:19<04:33,  1.35it/s]
qwen2.5-vl/pope/ricd/aokvqa/popular/seed1:  88%|████████▊ | 2633/3000 [29:19<04:32,  1.35it/s]
qwen2.5-vl/pope/ricd/aokvqa/popular/seed1:  88%|████████▊ | 2634/3000 [29:20<04:31,  1.35it/s]
qwen2.5-vl/pope/ricd/aokvqa/popular/seed1:  88%|████████▊ | 2635/3000 [29:21<04:17,  1.42it/s]
qwen2.5-vl/pope/ricd/aokvqa/popular/seed1:  88%|████████▊ | 2636/3000 [29:21<04:07,  1.47it/s]
qwen2.5-vl/pope/ricd/aokvqa/popular/seed1:  88%|████████▊ | 2637/3000 [29:22<04:00,  1.51it/s]
qwen2.5-vl/pope/ricd/aokvqa/popular/seed1:  88%|████████▊ | 2638/3000 [29:23<03:54,  1.55it/s]
qwen2.5-vl/pope/ricd/aokvqa/popular/seed1:  88%|████████▊ | 2639/3000 [29:23<03:49,  1.57it/s]
qwen2.5-vl/pope/ricd/aokvqa/popular/seed1:  88%|████████▊ | 2640/3000 [29:24<03:46,  1.59it/s]
qwen2.5-vl/pope/ricd/aokvqa/popular/seed1:  88%|████████▊ | 2641/3000 [29:24<03:43,  1.60it/s]
qwen2.5-vl/pope/ricd/aokvqa/popular/seed1:  88%|████████▊ | 2642/3000 [29:25<03:42,  1.61it/s]
qwen2.5-vl/pope/ricd/aokvqa/popular/seed1:  88%|████████▊ | 2643/3000 [29:26<03:40,  1.62it/s]
qwen2.5-vl/pope/ricd/aokvqa/popular/seed1:  88%|████████▊ | 2644/3000 [29:26<03:39,  1.62it/s]
qwen2.5-vl/pope/ricd/aokvqa/popular/seed1:  88%|████████▊ | 2645/3000 [29:27<03:38,  1.62it/s]
qwen2.5-vl/pope/ricd/aokvqa/popular/seed1:  88%|████████▊ | 2646/3000 [29:28<03:38,  1.62it/s]
qwen2.5-vl/pope/ricd/aokvqa/popular/seed1:  88%|████████▊ | 2647/3000 [29:28<03:49,  1.54it/s]
qwen2.5-vl/pope/ricd/aokvqa/popular/seed1:  88%|████████▊ | 2648/3000 [29:29<03:57,  1.48it/s]
qwen2.5-vl/pope/ricd/aokvqa/popular/seed1:  88%|████████▊ | 2649/3000 [29:30<04:03,  1.44it/s]
qwen2.5-vl/pope/ricd/aokvqa/popular/seed1:  88%|████████▊ | 2650/3000 [29:30<04:06,  1.42it/s]
qwen2.5-vl/pope/ricd/aokvqa/popular/seed1:  88%|████████▊ | 2651/3000 [29:31<04:08,  1.40it/s]
qwen2.5-vl/pope/ricd/aokvqa/popular/seed1:  88%|████████▊ | 2652/3000 [29:32<04:10,  1.39it/s]
qwen2.5-vl/pope/ricd/aokvqa/popular/seed1:  88%|████████▊ | 2653/3000 [29:33<03:59,  1.45it/s]
qwen2.5-vl/pope/ricd/aokvqa/popular/seed1:  88%|████████▊ | 2654/3000 [29:33<03:50,  1.50it/s]
qwen2.5-vl/pope/ricd/aokvqa/popular/seed1:  88%|████████▊ | 2655/3000 [29:34<03:44,  1.54it/s]
qwen2.5-vl/pope/ricd/aokvqa/popular/seed1:  89%|████████▊ | 2656/3000 [29:34<03:39,  1.57it/s]
qwen2.5-vl/pope/ricd/aokvqa/popular/seed1:  89%|████████▊ | 2657/3000 [29:35<03:36,  1.59it/s]
qwen2.5-vl/pope/ricd/aokvqa/popular/seed1:  89%|████████▊ | 2658/3000 [29:36<03:33,  1.60it/s]
qwen2.5-vl/pope/ricd/aokvqa/popular/seed1:  89%|████████▊ | 2659/3000 [29:36<03:32,  1.60it/s]
qwen2.5-vl/pope/ricd/aokvqa/popular/seed1:  89%|████████▊ | 2660/3000 [29:37<03:31,  1.61it/s]
qwen2.5-vl/pope/ricd/aokvqa/popular/seed1:  89%|████████▊ | 2661/3000 [29:37<03:29,  1.62it/s]
qwen2.5-vl/pope/ricd/aokvqa/popular/seed1:  89%|████████▊ | 2662/3000 [29:38<03:28,  1.62it/s]
qwen2.5-vl/pope/ricd/aokvqa/popular/seed1:  89%|████████▉ | 2663/3000 [29:39<03:28,  1.62it/s]
qwen2.5-vl/pope/ricd/aokvqa/popular/seed1:  89%|████████▉ | 2664/3000 [29:39<03:28,  1.61it/s]
qwen2.5-vl/pope/ricd/aokvqa/popular/seed1:  89%|████████▉ | 2665/3000 [29:40<03:27,  1.61it/s]
qwen2.5-vl/pope/ricd/aokvqa/popular/seed1:  89%|████████▉ | 2666/3000 [29:41<03:27,  1.61it/s]
qwen2.5-vl/pope/ricd/aokvqa/popular/seed1:  89%|████████▉ | 2667/3000 [29:41<03:26,  1.61it/s]
qwen2.5-vl/pope/ricd/aokvqa/popular/seed1:  89%|████████▉ | 2668/3000 [29:42<03:25,  1.62it/s]
qwen2.5-vl/pope/ricd/aokvqa/popular/seed1:  89%|████████▉ | 2669/3000 [29:42<03:25,  1.61it/s]
qwen2.5-vl/pope/ricd/aokvqa/popular/seed1:  89%|████████▉ | 2670/3000 [29:43<03:24,  1.61it/s]
qwen2.5-vl/pope/ricd/aokvqa/popular/seed1:  89%|████████▉ | 2671/3000 [29:44<03:23,  1.62it/s]
qwen2.5-vl/pope/ricd/aokvqa/popular/seed1:  89%|████████▉ | 2672/3000 [29:44<03:22,  1.62it/s]
qwen2.5-vl/pope/ricd/aokvqa/popular/seed1:  89%|████████▉ | 2673/3000 [29:45<03:21,  1.62it/s]
qwen2.5-vl/pope/ricd/aokvqa/popular/seed1:  89%|████████▉ | 2674/3000 [29:45<03:21,  1.62it/s]
qwen2.5-vl/pope/ricd/aokvqa/popular/seed1:  89%|████████▉ | 2675/3000 [29:46<03:19,  1.63it/s]
qwen2.5-vl/pope/ricd/aokvqa/popular/seed1:  89%|████████▉ | 2676/3000 [29:47<03:18,  1.63it/s]
qwen2.5-vl/pope/ricd/aokvqa/popular/seed1:  89%|████████▉ | 2677/3000 [29:47<03:28,  1.55it/s]
qwen2.5-vl/pope/ricd/aokvqa/popular/seed1:  89%|████████▉ | 2678/3000 [29:48<03:35,  1.49it/s]
qwen2.5-vl/pope/ricd/aokvqa/popular/seed1:  89%|████████▉ | 2679/3000 [29:49<03:40,  1.46it/s]
qwen2.5-vl/pope/ricd/aokvqa/popular/seed1:  89%|████████▉ | 2680/3000 [29:50<03:43,  1.43it/s]
qwen2.5-vl/pope/ricd/aokvqa/popular/seed1:  89%|████████▉ | 2681/3000 [29:50<03:46,  1.41it/s]
qwen2.5-vl/pope/ricd/aokvqa/popular/seed1:  89%|████████▉ | 2682/3000 [29:51<03:47,  1.40it/s]
qwen2.5-vl/pope/ricd/aokvqa/popular/seed1:  89%|████████▉ | 2683/3000 [29:52<03:37,  1.46it/s]
qwen2.5-vl/pope/ricd/aokvqa/popular/seed1:  89%|████████▉ | 2684/3000 [29:52<03:30,  1.50it/s]
qwen2.5-vl/pope/ricd/aokvqa/popular/seed1:  90%|████████▉ | 2685/3000 [29:53<03:25,  1.54it/s]
qwen2.5-vl/pope/ricd/aokvqa/popular/seed1:  90%|████████▉ | 2686/3000 [29:54<03:20,  1.56it/s]
qwen2.5-vl/pope/ricd/aokvqa/popular/seed1:  90%|████████▉ | 2687/3000 [29:54<03:17,  1.58it/s]
qwen2.5-vl/pope/ricd/aokvqa/popular/seed1:  90%|████████▉ | 2688/3000 [29:55<03:15,  1.60it/s]
qwen2.5-vl/pope/ricd/aokvqa/popular/seed1:  90%|████████▉ | 2689/3000 [29:55<03:14,  1.60it/s]
qwen2.5-vl/pope/ricd/aokvqa/popular/seed1:  90%|████████▉ | 2690/3000 [29:56<03:13,  1.61it/s]
qwen2.5-vl/pope/ricd/aokvqa/popular/seed1:  90%|████████▉ | 2691/3000 [29:57<03:11,  1.61it/s]
qwen2.5-vl/pope/ricd/aokvqa/popular/seed1:  90%|████████▉ | 2692/3000 [29:57<03:10,  1.61it/s]
qwen2.5-vl/pope/ricd/aokvqa/popular/seed1:  90%|████████▉ | 2693/3000 [29:58<03:10,  1.61it/s]
qwen2.5-vl/pope/ricd/aokvqa/popular/seed1:  90%|████████▉ | 2694/3000 [29:58<03:09,  1.61it/s]
qwen2.5-vl/pope/ricd/aokvqa/popular/seed1:  90%|████████▉ | 2695/3000 [29:59<03:08,  1.62it/s]
qwen2.5-vl/pope/ricd/aokvqa/popular/seed1:  90%|████████▉ | 2696/3000 [30:00<03:07,  1.62it/s]
qwen2.5-vl/pope/ricd/aokvqa/popular/seed1:  90%|████████▉ | 2697/3000 [30:00<03:06,  1.62it/s]
qwen2.5-vl/pope/ricd/aokvqa/popular/seed1:  90%|████████▉ | 2698/3000 [30:01<03:05,  1.63it/s]
qwen2.5-vl/pope/ricd/aokvqa/popular/seed1:  90%|████████▉ | 2699/3000 [30:02<03:04,  1.63it/s]
qwen2.5-vl/pope/ricd/aokvqa/popular/seed1:  90%|█████████ | 2700/3000 [30:02<03:04,  1.63it/s]
qwen2.5-vl/pope/ricd/aokvqa/popular/seed1:  90%|█████████ | 2701/3000 [30:03<02:43,  1.83it/s]
qwen2.5-vl/pope/ricd/aokvqa/popular/seed1:  90%|█████████ | 2702/3000 [30:03<02:28,  2.00it/s]
qwen2.5-vl/pope/ricd/aokvqa/popular/seed1:  90%|█████████ | 2703/3000 [30:03<02:18,  2.14it/s]
qwen2.5-vl/pope/ricd/aokvqa/popular/seed1:  90%|█████████ | 2704/3000 [30:04<02:10,  2.27it/s]
qwen2.5-vl/pope/ricd/aokvqa/popular/seed1:  90%|█████████ | 2705/3000 [30:04<02:05,  2.35it/s]
qwen2.5-vl/pope/ricd/aokvqa/popular/seed1:  90%|█████████ | 2706/3000 [30:04<02:01,  2.41it/s]
qwen2.5-vl/pope/ricd/aokvqa/popular/seed1:  90%|█████████ | 2707/3000 [30:05<02:19,  2.10it/s]
qwen2.5-vl/pope/ricd/aokvqa/popular/seed1:  90%|█████████ | 2708/3000 [30:06<02:31,  1.93it/s]
qwen2.5-vl/pope/ricd/aokvqa/popular/seed1:  90%|█████████ | 2709/3000 [30:06<02:39,  1.82it/s]
qwen2.5-vl/pope/ricd/aokvqa/popular/seed1:  90%|█████████ | 2710/3000 [30:07<02:46,  1.74it/s]
qwen2.5-vl/pope/ricd/aokvqa/popular/seed1:  90%|█████████ | 2711/3000 [30:08<02:49,  1.70it/s]
qwen2.5-vl/pope/ricd/aokvqa/popular/seed1:  90%|█████████ | 2712/3000 [30:08<02:51,  1.68it/s]
qwen2.5-vl/pope/ricd/aokvqa/popular/seed1:  90%|█████████ | 2713/3000 [30:09<02:58,  1.61it/s]
qwen2.5-vl/pope/ricd/aokvqa/popular/seed1:  90%|█████████ | 2714/3000 [30:10<02:57,  1.61it/s]
qwen2.5-vl/pope/ricd/aokvqa/popular/seed1:  90%|█████████ | 2715/3000 [30:10<02:55,  1.62it/s]
qwen2.5-vl/pope/ricd/aokvqa/popular/seed1:  91%|█████████ | 2716/3000 [30:11<02:55,  1.62it/s]
qwen2.5-vl/pope/ricd/aokvqa/popular/seed1:  91%|█████████ | 2717/3000 [30:11<02:54,  1.63it/s]
qwen2.5-vl/pope/ricd/aokvqa/popular/seed1:  91%|█████████ | 2718/3000 [30:12<02:53,  1.63it/s]
qwen2.5-vl/pope/ricd/aokvqa/popular/seed1:  91%|█████████ | 2719/3000 [30:13<02:52,  1.63it/s]
qwen2.5-vl/pope/ricd/aokvqa/popular/seed1:  91%|█████████ | 2720/3000 [30:13<02:51,  1.63it/s]
qwen2.5-vl/pope/ricd/aokvqa/popular/seed1:  91%|█████████ | 2721/3000 [30:14<02:50,  1.63it/s]
qwen2.5-vl/pope/ricd/aokvqa/popular/seed1:  91%|█████████ | 2722/3000 [30:14<02:50,  1.63it/s]
qwen2.5-vl/pope/ricd/aokvqa/popular/seed1:  91%|█████████ | 2723/3000 [30:15<02:49,  1.63it/s]
qwen2.5-vl/pope/ricd/aokvqa/popular/seed1:  91%|█████████ | 2724/3000 [30:16<02:48,  1.64it/s]
qwen2.5-vl/pope/ricd/aokvqa/popular/seed1:  91%|█████████ | 2725/3000 [30:16<02:57,  1.55it/s]
qwen2.5-vl/pope/ricd/aokvqa/popular/seed1:  91%|█████████ | 2726/3000 [30:17<03:03,  1.49it/s]
qwen2.5-vl/pope/ricd/aokvqa/popular/seed1:  91%|█████████ | 2727/3000 [30:18<03:07,  1.45it/s]
qwen2.5-vl/pope/ricd/aokvqa/popular/seed1:  91%|█████████ | 2728/3000 [30:19<03:10,  1.43it/s]
qwen2.5-vl/pope/ricd/aokvqa/popular/seed1:  91%|█████████ | 2729/3000 [30:19<03:12,  1.41it/s]
qwen2.5-vl/pope/ricd/aokvqa/popular/seed1:  91%|█████████ | 2730/3000 [30:20<03:14,  1.39it/s]
qwen2.5-vl/pope/ricd/aokvqa/popular/seed1:  91%|█████████ | 2731/3000 [30:21<03:16,  1.37it/s]
qwen2.5-vl/pope/ricd/aokvqa/popular/seed1:  91%|█████████ | 2732/3000 [30:22<03:18,  1.35it/s]
qwen2.5-vl/pope/ricd/aokvqa/popular/seed1:  91%|█████████ | 2733/3000 [30:22<03:18,  1.35it/s]
qwen2.5-vl/pope/ricd/aokvqa/popular/seed1:  91%|█████████ | 2734/3000 [30:23<03:19,  1.34it/s]
qwen2.5-vl/pope/ricd/aokvqa/popular/seed1:  91%|█████████ | 2735/3000 [30:24<03:19,  1.33it/s]
qwen2.5-vl/pope/ricd/aokvqa/popular/seed1:  91%|█████████ | 2736/3000 [30:25<03:20,  1.32it/s]
qwen2.5-vl/pope/ricd/aokvqa/popular/seed1:  91%|█████████ | 2737/3000 [30:25<03:08,  1.40it/s]
qwen2.5-vl/pope/ricd/aokvqa/popular/seed1:  91%|█████████▏| 2738/3000 [30:26<03:00,  1.45it/s]
qwen2.5-vl/pope/ricd/aokvqa/popular/seed1:  91%|█████████▏| 2739/3000 [30:26<02:54,  1.50it/s]
qwen2.5-vl/pope/ricd/aokvqa/popular/seed1:  91%|█████████▏| 2740/3000 [30:27<02:49,  1.53it/s]
qwen2.5-vl/pope/ricd/aokvqa/popular/seed1:  91%|█████████▏| 2741/3000 [30:28<02:45,  1.56it/s]
qwen2.5-vl/pope/ricd/aokvqa/popular/seed1:  91%|█████████▏| 2742/3000 [30:28<02:44,  1.57it/s]
qwen2.5-vl/pope/ricd/aokvqa/popular/seed1:  91%|█████████▏| 2743/3000 [30:29<02:41,  1.59it/s]
qwen2.5-vl/pope/ricd/aokvqa/popular/seed1:  91%|█████████▏| 2744/3000 [30:30<02:39,  1.60it/s]
qwen2.5-vl/pope/ricd/aokvqa/popular/seed1:  92%|█████████▏| 2745/3000 [30:30<02:38,  1.61it/s]
qwen2.5-vl/pope/ricd/aokvqa/popular/seed1:  92%|█████████▏| 2746/3000 [30:31<02:37,  1.61it/s]
qwen2.5-vl/pope/ricd/aokvqa/popular/seed1:  92%|█████████▏| 2747/3000 [30:31<02:36,  1.62it/s]
qwen2.5-vl/pope/ricd/aokvqa/popular/seed1:  92%|█████████▏| 2748/3000 [30:32<02:35,  1.62it/s]
qwen2.5-vl/pope/ricd/aokvqa/popular/seed1:  92%|█████████▏| 2749/3000 [30:33<02:34,  1.63it/s]
qwen2.5-vl/pope/ricd/aokvqa/popular/seed1:  92%|█████████▏| 2750/3000 [30:33<02:34,  1.62it/s]
qwen2.5-vl/pope/ricd/aokvqa/popular/seed1:  92%|█████████▏| 2751/3000 [30:34<02:34,  1.62it/s]
qwen2.5-vl/pope/ricd/aokvqa/popular/seed1:  92%|█████████▏| 2752/3000 [30:34<02:33,  1.62it/s]
qwen2.5-vl/pope/ricd/aokvqa/popular/seed1:  92%|█████████▏| 2753/3000 [30:35<02:32,  1.62it/s]
qwen2.5-vl/pope/ricd/aokvqa/popular/seed1:  92%|█████████▏| 2754/3000 [30:36<02:32,  1.62it/s]
qwen2.5-vl/pope/ricd/aokvqa/popular/seed1:  92%|█████████▏| 2755/3000 [30:36<02:32,  1.61it/s]
qwen2.5-vl/pope/ricd/aokvqa/popular/seed1:  92%|█████████▏| 2756/3000 [30:37<02:31,  1.61it/s]
qwen2.5-vl/pope/ricd/aokvqa/popular/seed1:  92%|█████████▏| 2757/3000 [30:38<02:31,  1.61it/s]
qwen2.5-vl/pope/ricd/aokvqa/popular/seed1:  92%|█████████▏| 2758/3000 [30:38<02:30,  1.61it/s]
qwen2.5-vl/pope/ricd/aokvqa/popular/seed1:  92%|█████████▏| 2759/3000 [30:39<02:29,  1.61it/s]
qwen2.5-vl/pope/ricd/aokvqa/popular/seed1:  92%|█████████▏| 2760/3000 [30:39<02:29,  1.61it/s]
qwen2.5-vl/pope/ricd/aokvqa/popular/seed1:  92%|█████████▏| 2761/3000 [30:40<02:24,  1.65it/s]
qwen2.5-vl/pope/ricd/aokvqa/popular/seed1:  92%|█████████▏| 2762/3000 [30:41<02:21,  1.68it/s]
qwen2.5-vl/pope/ricd/aokvqa/popular/seed1:  92%|█████████▏| 2763/3000 [30:41<02:19,  1.70it/s]
qwen2.5-vl/pope/ricd/aokvqa/popular/seed1:  92%|█████████▏| 2764/3000 [30:42<02:18,  1.71it/s]
qwen2.5-vl/pope/ricd/aokvqa/popular/seed1:  92%|█████████▏| 2765/3000 [30:42<02:16,  1.72it/s]
qwen2.5-vl/pope/ricd/aokvqa/popular/seed1:  92%|█████████▏| 2766/3000 [30:43<02:15,  1.73it/s]
qwen2.5-vl/pope/ricd/aokvqa/popular/seed1:  92%|█████████▏| 2767/3000 [30:44<02:24,  1.61it/s]
qwen2.5-vl/pope/ricd/aokvqa/popular/seed1:  92%|█████████▏| 2768/3000 [30:44<02:29,  1.56it/s]
qwen2.5-vl/pope/ricd/aokvqa/popular/seed1:  92%|█████████▏| 2769/3000 [30:45<02:32,  1.51it/s]
qwen2.5-vl/pope/ricd/aokvqa/popular/seed1:  92%|█████████▏| 2770/3000 [30:46<02:35,  1.48it/s]
qwen2.5-vl/pope/ricd/aokvqa/popular/seed1:  92%|█████████▏| 2771/3000 [30:46<02:36,  1.46it/s]
qwen2.5-vl/pope/ricd/aokvqa/popular/seed1:  92%|█████████▏| 2772/3000 [30:47<02:36,  1.46it/s]
qwen2.5-vl/pope/ricd/aokvqa/popular/seed1:  92%|█████████▏| 2773/3000 [30:48<02:35,  1.46it/s]
qwen2.5-vl/pope/ricd/aokvqa/popular/seed1:  92%|█████████▏| 2774/3000 [30:48<02:34,  1.47it/s]
qwen2.5-vl/pope/ricd/aokvqa/popular/seed1:  92%|█████████▎| 2775/3000 [30:49<02:32,  1.47it/s]
qwen2.5-vl/pope/ricd/aokvqa/popular/seed1:  93%|█████████▎| 2776/3000 [30:50<02:31,  1.48it/s]
qwen2.5-vl/pope/ricd/aokvqa/popular/seed1:  93%|█████████▎| 2777/3000 [30:50<02:31,  1.48it/s]
qwen2.5-vl/pope/ricd/aokvqa/popular/seed1:  93%|█████████▎| 2778/3000 [30:51<02:30,  1.48it/s]
qwen2.5-vl/pope/ricd/aokvqa/popular/seed1:  93%|█████████▎| 2779/3000 [30:52<02:33,  1.44it/s]
qwen2.5-vl/pope/ricd/aokvqa/popular/seed1:  93%|█████████▎| 2780/3000 [30:53<02:35,  1.41it/s]
qwen2.5-vl/pope/ricd/aokvqa/popular/seed1:  93%|█████████▎| 2781/3000 [30:53<02:37,  1.39it/s]
qwen2.5-vl/pope/ricd/aokvqa/popular/seed1:  93%|█████████▎| 2782/3000 [30:54<02:37,  1.38it/s]
qwen2.5-vl/pope/ricd/aokvqa/popular/seed1:  93%|█████████▎| 2783/3000 [30:55<02:37,  1.38it/s]
qwen2.5-vl/pope/ricd/aokvqa/popular/seed1:  93%|█████████▎| 2784/3000 [30:56<02:35,  1.39it/s]
qwen2.5-vl/pope/ricd/aokvqa/popular/seed1:  93%|█████████▎| 2785/3000 [30:56<02:26,  1.47it/s]
qwen2.5-vl/pope/ricd/aokvqa/popular/seed1:  93%|█████████▎| 2786/3000 [30:57<02:20,  1.52it/s]
qwen2.5-vl/pope/ricd/aokvqa/popular/seed1:  93%|█████████▎| 2787/3000 [30:57<02:16,  1.56it/s]
qwen2.5-vl/pope/ricd/aokvqa/popular/seed1:  93%|█████████▎| 2788/3000 [30:58<02:13,  1.59it/s]
qwen2.5-vl/pope/ricd/aokvqa/popular/seed1:  93%|█████████▎| 2789/3000 [30:59<02:10,  1.61it/s]
qwen2.5-vl/pope/ricd/aokvqa/popular/seed1:  93%|█████████▎| 2790/3000 [30:59<02:09,  1.63it/s]
qwen2.5-vl/pope/ricd/aokvqa/popular/seed1:  93%|█████████▎| 2791/3000 [31:00<02:15,  1.54it/s]
qwen2.5-vl/pope/ricd/aokvqa/popular/seed1:  93%|█████████▎| 2792/3000 [31:01<02:19,  1.49it/s]
qwen2.5-vl/pope/ricd/aokvqa/popular/seed1:  93%|█████████▎| 2793/3000 [31:01<02:22,  1.45it/s]
qwen2.5-vl/pope/ricd/aokvqa/popular/seed1:  93%|█████████▎| 2794/3000 [31:02<02:24,  1.43it/s]
qwen2.5-vl/pope/ricd/aokvqa/popular/seed1:  93%|█████████▎| 2795/3000 [31:03<02:25,  1.41it/s]
qwen2.5-vl/pope/ricd/aokvqa/popular/seed1:  93%|█████████▎| 2796/3000 [31:03<02:25,  1.40it/s]
qwen2.5-vl/pope/ricd/aokvqa/popular/seed1:  93%|█████████▎| 2797/3000 [31:04<02:15,  1.49it/s]
qwen2.5-vl/pope/ricd/aokvqa/popular/seed1:  93%|█████████▎| 2798/3000 [31:05<02:08,  1.57it/s]
qwen2.5-vl/pope/ricd/aokvqa/popular/seed1:  93%|█████████▎| 2799/3000 [31:05<02:03,  1.63it/s]
qwen2.5-vl/pope/ricd/aokvqa/popular/seed1:  93%|█████████▎| 2800/3000 [31:06<02:00,  1.67it/s]
qwen2.5-vl/pope/ricd/aokvqa/popular/seed1:  93%|█████████▎| 2801/3000 [31:06<01:56,  1.70it/s]
qwen2.5-vl/pope/ricd/aokvqa/popular/seed1:  93%|█████████▎| 2802/3000 [31:07<01:54,  1.73it/s]
qwen2.5-vl/pope/ricd/aokvqa/popular/seed1:  93%|█████████▎| 2803/3000 [31:07<01:53,  1.74it/s]
qwen2.5-vl/pope/ricd/aokvqa/popular/seed1:  93%|█████████▎| 2804/3000 [31:08<01:51,  1.75it/s]
qwen2.5-vl/pope/ricd/aokvqa/popular/seed1:  94%|█████████▎| 2805/3000 [31:09<01:51,  1.76it/s]
qwen2.5-vl/pope/ricd/aokvqa/popular/seed1:  94%|█████████▎| 2806/3000 [31:09<01:50,  1.75it/s]
qwen2.5-vl/pope/ricd/aokvqa/popular/seed1:  94%|█████████▎| 2807/3000 [31:10<01:50,  1.75it/s]
qwen2.5-vl/pope/ricd/aokvqa/popular/seed1:  94%|█████████▎| 2808/3000 [31:10<01:49,  1.76it/s]
qwen2.5-vl/pope/ricd/aokvqa/popular/seed1:  94%|█████████▎| 2809/3000 [31:11<01:51,  1.72it/s]
qwen2.5-vl/pope/ricd/aokvqa/popular/seed1:  94%|█████████▎| 2810/3000 [31:11<01:52,  1.69it/s]
qwen2.5-vl/pope/ricd/aokvqa/popular/seed1:  94%|█████████▎| 2811/3000 [31:12<01:53,  1.67it/s]
qwen2.5-vl/pope/ricd/aokvqa/popular/seed1:  94%|█████████▎| 2812/3000 [31:13<01:53,  1.65it/s]
qwen2.5-vl/pope/ricd/aokvqa/popular/seed1:  94%|█████████▍| 2813/3000 [31:13<01:53,  1.64it/s]
qwen2.5-vl/pope/ricd/aokvqa/popular/seed1:  94%|█████████▍| 2814/3000 [31:14<01:53,  1.64it/s]
qwen2.5-vl/pope/ricd/aokvqa/popular/seed1:  94%|█████████▍| 2815/3000 [31:15<01:59,  1.54it/s]
qwen2.5-vl/pope/ricd/aokvqa/popular/seed1:  94%|█████████▍| 2816/3000 [31:15<02:04,  1.48it/s]
qwen2.5-vl/pope/ricd/aokvqa/popular/seed1:  94%|█████████▍| 2817/3000 [31:16<02:06,  1.44it/s]
qwen2.5-vl/pope/ricd/aokvqa/popular/seed1:  94%|█████████▍| 2818/3000 [31:17<02:08,  1.42it/s]
qwen2.5-vl/pope/ricd/aokvqa/popular/seed1:  94%|█████████▍| 2819/3000 [31:18<02:09,  1.40it/s]
qwen2.5-vl/pope/ricd/aokvqa/popular/seed1:  94%|█████████▍| 2820/3000 [31:18<02:09,  1.39it/s]
qwen2.5-vl/pope/ricd/aokvqa/popular/seed1:  94%|█████████▍| 2821/3000 [31:19<02:09,  1.39it/s]
qwen2.5-vl/pope/ricd/aokvqa/popular/seed1:  94%|█████████▍| 2822/3000 [31:20<02:08,  1.38it/s]
qwen2.5-vl/pope/ricd/aokvqa/popular/seed1:  94%|█████████▍| 2823/3000 [31:21<02:08,  1.37it/s]
qwen2.5-vl/pope/ricd/aokvqa/popular/seed1:  94%|█████████▍| 2824/3000 [31:21<02:08,  1.37it/s]
qwen2.5-vl/pope/ricd/aokvqa/popular/seed1:  94%|█████████▍| 2825/3000 [31:22<02:08,  1.37it/s]
qwen2.5-vl/pope/ricd/aokvqa/popular/seed1:  94%|█████████▍| 2826/3000 [31:23<02:07,  1.36it/s]
qwen2.5-vl/pope/ricd/aokvqa/popular/seed1:  94%|█████████▍| 2827/3000 [31:23<02:01,  1.43it/s]
qwen2.5-vl/pope/ricd/aokvqa/popular/seed1:  94%|█████████▍| 2828/3000 [31:24<01:56,  1.48it/s]
qwen2.5-vl/pope/ricd/aokvqa/popular/seed1:  94%|█████████▍| 2829/3000 [31:25<01:52,  1.52it/s]
qwen2.5-vl/pope/ricd/aokvqa/popular/seed1:  94%|█████████▍| 2830/3000 [31:25<01:49,  1.55it/s]
qwen2.5-vl/pope/ricd/aokvqa/popular/seed1:  94%|█████████▍| 2831/3000 [31:26<01:47,  1.57it/s]
qwen2.5-vl/pope/ricd/aokvqa/popular/seed1:  94%|█████████▍| 2832/3000 [31:26<01:46,  1.58it/s]
qwen2.5-vl/pope/ricd/aokvqa/popular/seed1:  94%|█████████▍| 2833/3000 [31:27<01:50,  1.51it/s]
qwen2.5-vl/pope/ricd/aokvqa/popular/seed1:  94%|█████████▍| 2834/3000 [31:28<01:53,  1.47it/s]
qwen2.5-vl/pope/ricd/aokvqa/popular/seed1:  94%|█████████▍| 2835/3000 [31:29<01:54,  1.44it/s]
qwen2.5-vl/pope/ricd/aokvqa/popular/seed1:  95%|█████████▍| 2836/3000 [31:29<01:55,  1.42it/s]
qwen2.5-vl/pope/ricd/aokvqa/popular/seed1:  95%|█████████▍| 2837/3000 [31:30<01:56,  1.40it/s]
qwen2.5-vl/pope/ricd/aokvqa/popular/seed1:  95%|█████████▍| 2838/3000 [31:31<01:56,  1.39it/s]
qwen2.5-vl/pope/ricd/aokvqa/popular/seed1:  95%|█████████▍| 2839/3000 [31:32<01:53,  1.42it/s]
qwen2.5-vl/pope/ricd/aokvqa/popular/seed1:  95%|█████████▍| 2840/3000 [31:32<01:51,  1.44it/s]
qwen2.5-vl/pope/ricd/aokvqa/popular/seed1:  95%|█████████▍| 2841/3000 [31:33<01:49,  1.46it/s]
qwen2.5-vl/pope/ricd/aokvqa/popular/seed1:  95%|█████████▍| 2842/3000 [31:34<01:47,  1.47it/s]
qwen2.5-vl/pope/ricd/aokvqa/popular/seed1:  95%|█████████▍| 2843/3000 [31:34<01:46,  1.48it/s]
qwen2.5-vl/pope/ricd/aokvqa/popular/seed1:  95%|█████████▍| 2844/3000 [31:35<01:45,  1.48it/s]
qwen2.5-vl/pope/ricd/aokvqa/popular/seed1:  95%|█████████▍| 2845/3000 [31:35<01:30,  1.70it/s]
qwen2.5-vl/pope/ricd/aokvqa/popular/seed1:  95%|█████████▍| 2846/3000 [31:36<01:20,  1.90it/s]
qwen2.5-vl/pope/ricd/aokvqa/popular/seed1:  95%|█████████▍| 2847/3000 [31:36<01:13,  2.07it/s]
qwen2.5-vl/pope/ricd/aokvqa/popular/seed1:  95%|█████████▍| 2848/3000 [31:36<01:09,  2.19it/s]
qwen2.5-vl/pope/ricd/aokvqa/popular/seed1:  95%|█████████▍| 2849/3000 [31:37<01:05,  2.29it/s]
qwen2.5-vl/pope/ricd/aokvqa/popular/seed1:  95%|█████████▌| 2850/3000 [31:37<01:03,  2.37it/s]
qwen2.5-vl/pope/ricd/aokvqa/popular/seed1:  95%|█████████▌| 2851/3000 [31:38<01:11,  2.08it/s]
qwen2.5-vl/pope/ricd/aokvqa/popular/seed1:  95%|█████████▌| 2852/3000 [31:38<01:16,  1.93it/s]
qwen2.5-vl/pope/ricd/aokvqa/popular/seed1:  95%|█████████▌| 2853/3000 [31:39<01:20,  1.83it/s]
qwen2.5-vl/pope/ricd/aokvqa/popular/seed1:  95%|█████████▌| 2854/3000 [31:40<01:22,  1.76it/s]
qwen2.5-vl/pope/ricd/aokvqa/popular/seed1:  95%|█████████▌| 2855/3000 [31:40<01:24,  1.72it/s]
qwen2.5-vl/pope/ricd/aokvqa/popular/seed1:  95%|█████████▌| 2856/3000 [31:41<01:25,  1.68it/s]
qwen2.5-vl/pope/ricd/aokvqa/popular/seed1:  95%|█████████▌| 2857/3000 [31:42<01:30,  1.57it/s]
qwen2.5-vl/pope/ricd/aokvqa/popular/seed1:  95%|█████████▌| 2858/3000 [31:42<01:34,  1.50it/s]
qwen2.5-vl/pope/ricd/aokvqa/popular/seed1:  95%|█████████▌| 2859/3000 [31:43<01:37,  1.45it/s]
qwen2.5-vl/pope/ricd/aokvqa/popular/seed1:  95%|█████████▌| 2860/3000 [31:44<01:38,  1.42it/s]
qwen2.5-vl/pope/ricd/aokvqa/popular/seed1:  95%|█████████▌| 2861/3000 [31:45<01:39,  1.40it/s]
qwen2.5-vl/pope/ricd/aokvqa/popular/seed1:  95%|█████████▌| 2862/3000 [31:45<01:38,  1.40it/s]
qwen2.5-vl/pope/ricd/aokvqa/popular/seed1:  95%|█████████▌| 2863/3000 [31:46<01:33,  1.46it/s]
qwen2.5-vl/pope/ricd/aokvqa/popular/seed1:  95%|█████████▌| 2864/3000 [31:47<01:30,  1.51it/s]
qwen2.5-vl/pope/ricd/aokvqa/popular/seed1:  96%|█████████▌| 2865/3000 [31:47<01:27,  1.54it/s]
qwen2.5-vl/pope/ricd/aokvqa/popular/seed1:  96%|█████████▌| 2866/3000 [31:48<01:25,  1.57it/s]
qwen2.5-vl/pope/ricd/aokvqa/popular/seed1:  96%|█████████▌| 2867/3000 [31:48<01:23,  1.59it/s]
qwen2.5-vl/pope/ricd/aokvqa/popular/seed1:  96%|█████████▌| 2868/3000 [31:49<01:22,  1.61it/s]
qwen2.5-vl/pope/ricd/aokvqa/popular/seed1:  96%|█████████▌| 2869/3000 [31:50<01:21,  1.61it/s]
qwen2.5-vl/pope/ricd/aokvqa/popular/seed1:  96%|█████████▌| 2870/3000 [31:50<01:20,  1.62it/s]
qwen2.5-vl/pope/ricd/aokvqa/popular/seed1:  96%|█████████▌| 2871/3000 [31:51<01:19,  1.62it/s]
qwen2.5-vl/pope/ricd/aokvqa/popular/seed1:  96%|█████████▌| 2872/3000 [31:51<01:19,  1.62it/s]
qwen2.5-vl/pope/ricd/aokvqa/popular/seed1:  96%|█████████▌| 2873/3000 [31:52<01:18,  1.62it/s]
qwen2.5-vl/pope/ricd/aokvqa/popular/seed1:  96%|█████████▌| 2874/3000 [31:53<01:17,  1.62it/s]
qwen2.5-vl/pope/ricd/aokvqa/popular/seed1:  96%|█████████▌| 2875/3000 [31:53<01:17,  1.62it/s]
qwen2.5-vl/pope/ricd/aokvqa/popular/seed1:  96%|█████████▌| 2876/3000 [31:54<01:16,  1.62it/s]
qwen2.5-vl/pope/ricd/aokvqa/popular/seed1:  96%|█████████▌| 2877/3000 [31:55<01:15,  1.62it/s]
qwen2.5-vl/pope/ricd/aokvqa/popular/seed1:  96%|█████████▌| 2878/3000 [31:55<01:15,  1.63it/s]
qwen2.5-vl/pope/ricd/aokvqa/popular/seed1:  96%|█████████▌| 2879/3000 [31:56<01:14,  1.63it/s]
qwen2.5-vl/pope/ricd/aokvqa/popular/seed1:  96%|█████████▌| 2880/3000 [31:56<01:13,  1.62it/s]
qwen2.5-vl/pope/ricd/aokvqa/popular/seed1:  96%|█████████▌| 2881/3000 [31:57<01:13,  1.62it/s]
qwen2.5-vl/pope/ricd/aokvqa/popular/seed1:  96%|█████████▌| 2882/3000 [31:58<01:12,  1.62it/s]
qwen2.5-vl/pope/ricd/aokvqa/popular/seed1:  96%|█████████▌| 2883/3000 [31:58<01:12,  1.61it/s]
qwen2.5-vl/pope/ricd/aokvqa/popular/seed1:  96%|█████████▌| 2884/3000 [31:59<01:11,  1.61it/s]
qwen2.5-vl/pope/ricd/aokvqa/popular/seed1:  96%|█████████▌| 2885/3000 [31:59<01:11,  1.61it/s]
qwen2.5-vl/pope/ricd/aokvqa/popular/seed1:  96%|█████████▌| 2886/3000 [32:00<01:10,  1.61it/s]
qwen2.5-vl/pope/ricd/aokvqa/popular/seed1:  96%|█████████▌| 2887/3000 [32:01<01:13,  1.53it/s]
qwen2.5-vl/pope/ricd/aokvqa/popular/seed1:  96%|█████████▋| 2888/3000 [32:02<01:15,  1.48it/s]
qwen2.5-vl/pope/ricd/aokvqa/popular/seed1:  96%|█████████▋| 2889/3000 [32:02<01:16,  1.44it/s]
qwen2.5-vl/pope/ricd/aokvqa/popular/seed1:  96%|█████████▋| 2890/3000 [32:03<01:17,  1.41it/s]
qwen2.5-vl/pope/ricd/aokvqa/popular/seed1:  96%|█████████▋| 2891/3000 [32:04<01:18,  1.40it/s]
qwen2.5-vl/pope/ricd/aokvqa/popular/seed1:  96%|█████████▋| 2892/3000 [32:05<01:18,  1.38it/s]
qwen2.5-vl/pope/ricd/aokvqa/popular/seed1:  96%|█████████▋| 2893/3000 [32:05<01:17,  1.37it/s]
qwen2.5-vl/pope/ricd/aokvqa/popular/seed1:  96%|█████████▋| 2894/3000 [32:06<01:17,  1.37it/s]
qwen2.5-vl/pope/ricd/aokvqa/popular/seed1:  96%|█████████▋| 2895/3000 [32:07<01:16,  1.36it/s]
qwen2.5-vl/pope/ricd/aokvqa/popular/seed1:  97%|█████████▋| 2896/3000 [32:07<01:16,  1.36it/s]
qwen2.5-vl/pope/ricd/aokvqa/popular/seed1:  97%|█████████▋| 2897/3000 [32:08<01:15,  1.36it/s]
qwen2.5-vl/pope/ricd/aokvqa/popular/seed1:  97%|█████████▋| 2898/3000 [32:09<01:15,  1.36it/s]
qwen2.5-vl/pope/ricd/aokvqa/popular/seed1:  97%|█████████▋| 2899/3000 [32:10<01:09,  1.46it/s]
qwen2.5-vl/pope/ricd/aokvqa/popular/seed1:  97%|█████████▋| 2900/3000 [32:10<01:05,  1.54it/s]
qwen2.5-vl/pope/ricd/aokvqa/popular/seed1:  97%|█████████▋| 2901/3000 [32:11<01:02,  1.59it/s]
qwen2.5-vl/pope/ricd/aokvqa/popular/seed1:  97%|█████████▋| 2902/3000 [32:11<00:59,  1.64it/s]
qwen2.5-vl/pope/ricd/aokvqa/popular/seed1:  97%|█████████▋| 2903/3000 [32:12<00:57,  1.68it/s]
qwen2.5-vl/pope/ricd/aokvqa/popular/seed1:  97%|█████████▋| 2904/3000 [32:12<00:56,  1.71it/s]
qwen2.5-vl/pope/ricd/aokvqa/popular/seed1:  97%|█████████▋| 2905/3000 [32:13<00:55,  1.72it/s]
qwen2.5-vl/pope/ricd/aokvqa/popular/seed1:  97%|█████████▋| 2906/3000 [32:13<00:54,  1.73it/s]
qwen2.5-vl/pope/ricd/aokvqa/popular/seed1:  97%|█████████▋| 2907/3000 [32:14<00:53,  1.74it/s]
qwen2.5-vl/pope/ricd/aokvqa/popular/seed1:  97%|█████████▋| 2908/3000 [32:15<00:52,  1.74it/s]
qwen2.5-vl/pope/ricd/aokvqa/popular/seed1:  97%|█████████▋| 2909/3000 [32:15<00:52,  1.74it/s]
qwen2.5-vl/pope/ricd/aokvqa/popular/seed1:  97%|█████████▋| 2910/3000 [32:16<00:52,  1.71it/s]
qwen2.5-vl/pope/ricd/aokvqa/popular/seed1:  97%|█████████▋| 2911/3000 [32:17<00:57,  1.56it/s]
qwen2.5-vl/pope/ricd/aokvqa/popular/seed1:  97%|█████████▋| 2912/3000 [32:17<01:00,  1.46it/s]
qwen2.5-vl/pope/ricd/aokvqa/popular/seed1:  97%|█████████▋| 2913/3000 [32:18<01:01,  1.41it/s]
qwen2.5-vl/pope/ricd/aokvqa/popular/seed1:  97%|█████████▋| 2914/3000 [32:19<01:02,  1.38it/s]
qwen2.5-vl/pope/ricd/aokvqa/popular/seed1:  97%|█████████▋| 2915/3000 [32:20<01:01,  1.37it/s]
qwen2.5-vl/pope/ricd/aokvqa/popular/seed1:  97%|█████████▋| 2916/3000 [32:20<01:01,  1.37it/s]
qwen2.5-vl/pope/ricd/aokvqa/popular/seed1:  97%|█████████▋| 2917/3000 [32:21<01:00,  1.36it/s]
qwen2.5-vl/pope/ricd/aokvqa/popular/seed1:  97%|█████████▋| 2918/3000 [32:22<01:00,  1.36it/s]
qwen2.5-vl/pope/ricd/aokvqa/popular/seed1:  97%|█████████▋| 2919/3000 [32:23<00:59,  1.36it/s]
qwen2.5-vl/pope/ricd/aokvqa/popular/seed1:  97%|█████████▋| 2920/3000 [32:23<00:58,  1.36it/s]
qwen2.5-vl/pope/ricd/aokvqa/popular/seed1:  97%|█████████▋| 2921/3000 [32:24<00:57,  1.36it/s]
qwen2.5-vl/pope/ricd/aokvqa/popular/seed1:  97%|█████████▋| 2922/3000 [32:25<00:57,  1.36it/s]
qwen2.5-vl/pope/ricd/aokvqa/popular/seed1:  97%|█████████▋| 2923/3000 [32:26<00:56,  1.37it/s]
qwen2.5-vl/pope/ricd/aokvqa/popular/seed1:  97%|█████████▋| 2924/3000 [32:26<00:55,  1.37it/s]
qwen2.5-vl/pope/ricd/aokvqa/popular/seed1:  98%|█████████▊| 2925/3000 [32:27<00:54,  1.37it/s]
qwen2.5-vl/pope/ricd/aokvqa/popular/seed1:  98%|█████████▊| 2926/3000 [32:28<00:53,  1.38it/s]
qwen2.5-vl/pope/ricd/aokvqa/popular/seed1:  98%|█████████▊| 2927/3000 [32:28<00:52,  1.38it/s]
qwen2.5-vl/pope/ricd/aokvqa/popular/seed1:  98%|█████████▊| 2928/3000 [32:29<00:52,  1.38it/s]
qwen2.5-vl/pope/ricd/aokvqa/popular/seed1:  98%|█████████▊| 2929/3000 [32:30<00:49,  1.44it/s]
qwen2.5-vl/pope/ricd/aokvqa/popular/seed1:  98%|█████████▊| 2930/3000 [32:30<00:46,  1.49it/s]
qwen2.5-vl/pope/ricd/aokvqa/popular/seed1:  98%|█████████▊| 2931/3000 [32:31<00:45,  1.53it/s]
qwen2.5-vl/pope/ricd/aokvqa/popular/seed1:  98%|█████████▊| 2932/3000 [32:32<00:43,  1.55it/s]
qwen2.5-vl/pope/ricd/aokvqa/popular/seed1:  98%|█████████▊| 2933/3000 [32:32<00:42,  1.57it/s]
qwen2.5-vl/pope/ricd/aokvqa/popular/seed1:  98%|█████████▊| 2934/3000 [32:33<00:41,  1.58it/s]
qwen2.5-vl/pope/ricd/aokvqa/popular/seed1:  98%|█████████▊| 2935/3000 [32:33<00:40,  1.59it/s]
qwen2.5-vl/pope/ricd/aokvqa/popular/seed1:  98%|█████████▊| 2936/3000 [32:34<00:40,  1.60it/s]
qwen2.5-vl/pope/ricd/aokvqa/popular/seed1:  98%|█████████▊| 2937/3000 [32:35<00:39,  1.61it/s]
qwen2.5-vl/pope/ricd/aokvqa/popular/seed1:  98%|█████████▊| 2938/3000 [32:35<00:38,  1.61it/s]
qwen2.5-vl/pope/ricd/aokvqa/popular/seed1:  98%|█████████▊| 2939/3000 [32:36<00:37,  1.62it/s]
qwen2.5-vl/pope/ricd/aokvqa/popular/seed1:  98%|█████████▊| 2940/3000 [32:37<00:37,  1.61it/s]
qwen2.5-vl/pope/ricd/aokvqa/popular/seed1:  98%|█████████▊| 2941/3000 [32:37<00:36,  1.62it/s]
qwen2.5-vl/pope/ricd/aokvqa/popular/seed1:  98%|█████████▊| 2942/3000 [32:38<00:35,  1.62it/s]
qwen2.5-vl/pope/ricd/aokvqa/popular/seed1:  98%|█████████▊| 2943/3000 [32:38<00:35,  1.62it/s]
qwen2.5-vl/pope/ricd/aokvqa/popular/seed1:  98%|█████████▊| 2944/3000 [32:39<00:34,  1.61it/s]
qwen2.5-vl/pope/ricd/aokvqa/popular/seed1:  98%|█████████▊| 2945/3000 [32:40<00:34,  1.61it/s]
qwen2.5-vl/pope/ricd/aokvqa/popular/seed1:  98%|█████████▊| 2946/3000 [32:40<00:33,  1.61it/s]
qwen2.5-vl/pope/ricd/aokvqa/popular/seed1:  98%|█████████▊| 2947/3000 [32:41<00:36,  1.46it/s]
qwen2.5-vl/pope/ricd/aokvqa/popular/seed1:  98%|█████████▊| 2948/3000 [32:42<00:38,  1.36it/s]
qwen2.5-vl/pope/ricd/aokvqa/popular/seed1:  98%|█████████▊| 2949/3000 [32:43<00:38,  1.31it/s]
qwen2.5-vl/pope/ricd/aokvqa/popular/seed1:  98%|█████████▊| 2950/3000 [32:44<00:39,  1.27it/s]
qwen2.5-vl/pope/ricd/aokvqa/popular/seed1:  98%|█████████▊| 2951/3000 [32:44<00:39,  1.25it/s]
qwen2.5-vl/pope/ricd/aokvqa/popular/seed1:  98%|█████████▊| 2952/3000 [32:45<00:38,  1.24it/s]
qwen2.5-vl/pope/ricd/aokvqa/popular/seed1:  98%|█████████▊| 2953/3000 [32:46<00:36,  1.27it/s]
qwen2.5-vl/pope/ricd/aokvqa/popular/seed1:  98%|█████████▊| 2954/3000 [32:47<00:35,  1.30it/s]
qwen2.5-vl/pope/ricd/aokvqa/popular/seed1:  98%|█████████▊| 2955/3000 [32:47<00:34,  1.31it/s]
qwen2.5-vl/pope/ricd/aokvqa/popular/seed1:  99%|█████████▊| 2956/3000 [32:48<00:33,  1.33it/s]
qwen2.5-vl/pope/ricd/aokvqa/popular/seed1:  99%|█████████▊| 2957/3000 [32:49<00:32,  1.34it/s]
qwen2.5-vl/pope/ricd/aokvqa/popular/seed1:  99%|█████████▊| 2958/3000 [32:50<00:31,  1.34it/s]
qwen2.5-vl/pope/ricd/aokvqa/popular/seed1:  99%|█████████▊| 2959/3000 [32:51<00:32,  1.26it/s]
qwen2.5-vl/pope/ricd/aokvqa/popular/seed1:  99%|█████████▊| 2960/3000 [32:52<00:33,  1.21it/s]
qwen2.5-vl/pope/ricd/aokvqa/popular/seed1:  99%|█████████▊| 2961/3000 [32:52<00:33,  1.17it/s]
qwen2.5-vl/pope/ricd/aokvqa/popular/seed1:  99%|█████████▊| 2962/3000 [32:53<00:33,  1.15it/s]
qwen2.5-vl/pope/ricd/aokvqa/popular/seed1:  99%|█████████▉| 2963/3000 [32:54<00:32,  1.14it/s]
qwen2.5-vl/pope/ricd/aokvqa/popular/seed1:  99%|█████████▉| 2964/3000 [32:55<00:31,  1.13it/s]
qwen2.5-vl/pope/ricd/aokvqa/popular/seed1:  99%|█████████▉| 2965/3000 [32:56<00:28,  1.24it/s]
qwen2.5-vl/pope/ricd/aokvqa/popular/seed1:  99%|█████████▉| 2966/3000 [32:56<00:25,  1.33it/s]
qwen2.5-vl/pope/ricd/aokvqa/popular/seed1:  99%|█████████▉| 2967/3000 [32:57<00:23,  1.41it/s]
qwen2.5-vl/pope/ricd/aokvqa/popular/seed1:  99%|█████████▉| 2968/3000 [32:58<00:21,  1.46it/s]
qwen2.5-vl/pope/ricd/aokvqa/popular/seed1:  99%|█████████▉| 2969/3000 [32:58<00:20,  1.50it/s]
qwen2.5-vl/pope/ricd/aokvqa/popular/seed1:  99%|█████████▉| 2970/3000 [32:59<00:19,  1.53it/s]
qwen2.5-vl/pope/ricd/aokvqa/popular/seed1:  99%|█████████▉| 2971/3000 [32:59<00:18,  1.56it/s]
qwen2.5-vl/pope/ricd/aokvqa/popular/seed1:  99%|█████████▉| 2972/3000 [33:00<00:17,  1.57it/s]
qwen2.5-vl/pope/ricd/aokvqa/popular/seed1:  99%|█████████▉| 2973/3000 [33:01<00:16,  1.59it/s]
qwen2.5-vl/pope/ricd/aokvqa/popular/seed1:  99%|█████████▉| 2974/3000 [33:01<00:16,  1.60it/s]
qwen2.5-vl/pope/ricd/aokvqa/popular/seed1:  99%|█████████▉| 2975/3000 [33:02<00:15,  1.61it/s]
qwen2.5-vl/pope/ricd/aokvqa/popular/seed1:  99%|█████████▉| 2976/3000 [33:03<00:14,  1.62it/s]
qwen2.5-vl/pope/ricd/aokvqa/popular/seed1:  99%|█████████▉| 2977/3000 [33:03<00:12,  1.82it/s]
qwen2.5-vl/pope/ricd/aokvqa/popular/seed1:  99%|█████████▉| 2978/3000 [33:03<00:10,  2.00it/s]
qwen2.5-vl/pope/ricd/aokvqa/popular/seed1:  99%|█████████▉| 2979/3000 [33:04<00:09,  2.14it/s]
qwen2.5-vl/pope/ricd/aokvqa/popular/seed1:  99%|█████████▉| 2980/3000 [33:04<00:08,  2.25it/s]
qwen2.5-vl/pope/ricd/aokvqa/popular/seed1:  99%|█████████▉| 2981/3000 [33:05<00:08,  2.34it/s]
qwen2.5-vl/pope/ricd/aokvqa/popular/seed1:  99%|█████████▉| 2982/3000 [33:05<00:07,  2.40it/s]
qwen2.5-vl/pope/ricd/aokvqa/popular/seed1:  99%|█████████▉| 2983/3000 [33:06<00:08,  1.95it/s]
qwen2.5-vl/pope/ricd/aokvqa/popular/seed1:  99%|█████████▉| 2984/3000 [33:06<00:09,  1.72it/s]
qwen2.5-vl/pope/ricd/aokvqa/popular/seed1: 100%|█████████▉| 2985/3000 [33:07<00:09,  1.59it/s]
qwen2.5-vl/pope/ricd/aokvqa/popular/seed1: 100%|█████████▉| 2986/3000 [33:08<00:09,  1.51it/s]
qwen2.5-vl/pope/ricd/aokvqa/popular/seed1: 100%|█████████▉| 2987/3000 [33:09<00:08,  1.47it/s]
qwen2.5-vl/pope/ricd/aokvqa/popular/seed1: 100%|█████████▉| 2988/3000 [33:09<00:08,  1.44it/s]
qwen2.5-vl/pope/ricd/aokvqa/popular/seed1: 100%|█████████▉| 2989/3000 [33:10<00:06,  1.67it/s]
qwen2.5-vl/pope/ricd/aokvqa/popular/seed1: 100%|█████████▉| 2990/3000 [33:10<00:05,  1.88it/s]
qwen2.5-vl/pope/ricd/aokvqa/popular/seed1: 100%|█████████▉| 2991/3000 [33:10<00:04,  2.07it/s]
qwen2.5-vl/pope/ricd/aokvqa/popular/seed1: 100%|█████████▉| 2992/3000 [33:11<00:03,  2.22it/s]
qwen2.5-vl/pope/ricd/aokvqa/popular/seed1: 100%|█████████▉| 2993/3000 [33:11<00:02,  2.35it/s]
qwen2.5-vl/pope/ricd/aokvqa/popular/seed1: 100%|█████████▉| 2994/3000 [33:12<00:02,  2.44it/s]
qwen2.5-vl/pope/ricd/aokvqa/popular/seed1: 100%|█████████▉| 2995/3000 [33:12<00:02,  2.02it/s]
qwen2.5-vl/pope/ricd/aokvqa/popular/seed1: 100%|█████████▉| 2996/3000 [33:13<00:02,  1.80it/s]
qwen2.5-vl/pope/ricd/aokvqa/popular/seed1: 100%|█████████▉| 2997/3000 [33:14<00:01,  1.67it/s]
qwen2.5-vl/pope/ricd/aokvqa/popular/seed1: 100%|█████████▉| 2998/3000 [33:14<00:01,  1.59it/s]
qwen2.5-vl/pope/ricd/aokvqa/popular/seed1: 100%|█████████▉| 2999/3000 [33:15<00:00,  1.54it/s]
qwen2.5-vl/pope/ricd/aokvqa/popular/seed1: 100%|██████████| 3000/3000 [33:16<00:00,  1.51it/s]
qwen2.5-vl/pope/ricd/aokvqa/popular/seed1: 100%|██████████| 3000/3000 [33:16<00:00,  1.50it/s]
{
  "protocol_version": "qwen2.5-vl-ricd-clean-random-lambda-l15-v1",
  "benchmark": "pope",
  "model": "qwen2.5-vl",
  "method": "ricd",
  "dataset": "aokvqa",
  "setting": "popular",
  "seed": 1,
  "generation": {
    "do_sample": false,
    "temperature": 1.0,
    "top_p": 1.0,
    "top_k": null,
    "max_new_tokens": 32,
    "use_cache": false
  },
  "ricd": {
    "lambda_l": 1.5,
    "lambda_s": 1.0,
    "tau_l": 1.0,
    "tau_v": 1.0,
    "top_k_proxy": 10,
    "apc_mode": "relative_max",
    "theta_apc": 0.3,
    "selection_status": "predeclared_clean_lambda_l_sweep_l15"
  },
  "metrics": {
    "agla_official_compatible": {
      "total": 3000,
      "correct": 2630,
      "tp": 1274,
      "fp": 144,
      "tn": 1356,
      "fn": 226,
      "unknown_predictions": 0,
      "ambiguous_contains_both": 0,
      "accuracy": 87.66666666666667,
      "precision": 89.84485190409028,
      "recall": 84.93333333333334,
      "f1": 87.32008224811516,
      "yes_ratio": 47.266666666666666
    },
    "strict_first_token": {
      "total": 3000,
      "correct": 2630,
      "tp": 1274,
      "fp": 144,
      "tn": 1356,
      "fn": 226,
      "unknown_predictions": 0,
      "ambiguous_contains_both": 0,
      "accuracy": 87.66666666666667,
      "precision": 89.84485190409028,
      "recall": 84.93333333333334,
      "f1": 87.32008224811516,
      "yes_ratio": 47.266666666666666
    }
  }
}
[2026-08-26 00:37:54] DONE Qwen RiCD fixed l15 aokvqa popular
[2026-08-26 00:37:54] START Qwen RiCD fixed l15 gqa popular
{
  "protocol_version": "qwen2.5-vl-ricd-clean-random-lambda-l15-v1",
  "model": "qwen2.5-vl",
  "benchmark": "pope",
  "method": "ricd",
  "dataset": "gqa",
  "setting": "popular",
  "seed": 1,
  "samples": 3000,
  "image_root": "/root/autodl-tmp/gqa/images",
  "completed": 0,
  "job_dir": "/root/autodl-tmp/CCR-master/outputs/qwen2_5_vl_ricd_clean_fixed_l15_popular_v1/qwen2.5-vl/pope/ricd/gqa/popular/seed1",
  "config_path": "/root/autodl-tmp/CCR-master/configs/qwen_clean_random_lambda_l_sweep/l15.json",
  "generation": {
    "do_sample": false,
    "temperature": 1.0,
    "top_p": 1.0,
    "top_k": null,
    "max_new_tokens": 32,
    "use_cache": false
  }
}
/root/autodl-tmp/qwen25vl_env/lib/python3.10/site-packages/transformers/utils/hub.py:106: FutureWarning: Using `TRANSFORMERS_CACHE` is deprecated and will be removed in v5 of Transformers. Use `HF_HOME` instead.
  warnings.warn(
/root/miniconda3/lib/python3.10/site-packages/torchvision/datapoints/__init__.py:12: UserWarning: The torchvision.datapoints and torchvision.transforms.v2 namespaces are still Beta. While we do not expect major breaking changes, some APIs may still change according to user feedback. Please submit any feedback you may have in this issue: https://github.com/pytorch/vision/issues/6753, and you can also check out https://github.com/pytorch/vision/issues/7319 to learn more about the APIs that we suspect might involve future changes. You can silence this warning by calling torchvision.disable_beta_transforms_warning().
  warnings.warn(_BETA_TRANSFORMS_WARNING)
/root/miniconda3/lib/python3.10/site-packages/torchvision/transforms/v2/__init__.py:54: UserWarning: The torchvision.datapoints and torchvision.transforms.v2 namespaces are still Beta. While we do not expect major breaking changes, some APIs may still change according to user feedback. Please submit any feedback you may have in this issue: https://github.com/pytorch/vision/issues/6753, and you can also check out https://github.com/pytorch/vision/issues/7319 to learn more about the APIs that we suspect might involve future changes. You can silence this warning by calling torchvision.disable_beta_transforms_warning().
  warnings.warn(_BETA_TRANSFORMS_WARNING)
[Qwen2.5-VL] Loading Qwen/Qwen2.5-VL-7B-Instruct...
  Using Qwen2_5_VLForConditionalGeneration
Using a slow image processor as `use_fast` is unset and a slow processor was saved with this model. `use_fast=True` will be the default behavior in v4.48, even if the model was saved with a slow processor. This will result in minor differences in outputs. You'll still be able to use a slow processor with `use_fast=False`.

Loading checkpoint shards:   0%|          | 0/5 [00:00<?, ?it/s]
Loading checkpoint shards:  20%|██        | 1/5 [00:04<00:16,  4.14s/it]
Loading checkpoint shards:  40%|████      | 2/5 [00:07<00:11,  3.74s/it]
Loading checkpoint shards:  60%|██████    | 3/5 [00:11<00:07,  3.63s/it]
Loading checkpoint shards:  80%|████████  | 4/5 [00:14<00:03,  3.57s/it]
Loading checkpoint shards: 100%|██████████| 5/5 [00:15<00:00,  2.68s/it]
Loading checkpoint shards: 100%|██████████| 5/5 [00:15<00:00,  3.14s/it]
[Qwen2.5-VL] Loaded. vocab=152064

qwen2.5-vl/pope/ricd/gqa/popular/seed1:   0%|          | 0/3000 [00:00<?, ?it/s]
qwen2.5-vl/pope/ricd/gqa/popular/seed1:   0%|          | 1/3000 [00:01<1:07:51,  1.36s/it]
qwen2.5-vl/pope/ricd/gqa/popular/seed1:   0%|          | 2/3000 [00:01<44:48,  1.11it/s]  
qwen2.5-vl/pope/ricd/gqa/popular/seed1:   0%|          | 3/3000 [00:02<37:29,  1.33it/s]
qwen2.5-vl/pope/ricd/gqa/popular/seed1:   0%|          | 4/3000 [00:03<33:56,  1.47it/s]
qwen2.5-vl/pope/ricd/gqa/popular/seed1:   0%|          | 5/3000 [00:03<32:03,  1.56it/s]
qwen2.5-vl/pope/ricd/gqa/popular/seed1:   0%|          | 6/3000 [00:04<30:46,  1.62it/s]
qwen2.5-vl/pope/ricd/gqa/popular/seed1:   0%|          | 7/3000 [00:04<27:03,  1.84it/s]
qwen2.5-vl/pope/ricd/gqa/popular/seed1:   0%|          | 8/3000 [00:04<24:34,  2.03it/s]
qwen2.5-vl/pope/ricd/gqa/popular/seed1:   0%|          | 9/3000 [00:05<22:56,  2.17it/s]
qwen2.5-vl/pope/ricd/gqa/popular/seed1:   0%|          | 10/3000 [00:05<21:53,  2.28it/s]
qwen2.5-vl/pope/ricd/gqa/popular/seed1:   0%|          | 11/3000 [00:06<21:10,  2.35it/s]
qwen2.5-vl/pope/ricd/gqa/popular/seed1:   0%|          | 12/3000 [00:06<20:37,  2.41it/s]
qwen2.5-vl/pope/ricd/gqa/popular/seed1:   0%|          | 13/3000 [00:06<20:09,  2.47it/s]
qwen2.5-vl/pope/ricd/gqa/popular/seed1:   0%|          | 14/3000 [00:07<19:44,  2.52it/s]
qwen2.5-vl/pope/ricd/gqa/popular/seed1:   0%|          | 15/3000 [00:07<19:23,  2.56it/s]
qwen2.5-vl/pope/ricd/gqa/popular/seed1:   1%|          | 16/3000 [00:08<19:12,  2.59it/s]
qwen2.5-vl/pope/ricd/gqa/popular/seed1:   1%|          | 17/3000 [00:08<19:06,  2.60it/s]
qwen2.5-vl/pope/ricd/gqa/popular/seed1:   1%|          | 18/3000 [00:08<18:58,  2.62it/s]
qwen2.5-vl/pope/ricd/gqa/popular/seed1:   1%|          | 19/3000 [00:09<21:49,  2.28it/s]
qwen2.5-vl/pope/ricd/gqa/popular/seed1:   1%|          | 20/3000 [00:09<23:49,  2.08it/s]
qwen2.5-vl/pope/ricd/gqa/popular/seed1:   1%|          | 21/3000 [00:10<25:10,  1.97it/s]
qwen2.5-vl/pope/ricd/gqa/popular/seed1:   1%|          | 22/3000 [00:11<26:08,  1.90it/s]
qwen2.5-vl/pope/ricd/gqa/popular/seed1:   1%|          | 23/3000 [00:11<26:49,  1.85it/s]
qwen2.5-vl/pope/ricd/gqa/popular/seed1:   1%|          | 24/3000 [00:12<27:14,  1.82it/s]
qwen2.5-vl/pope/ricd/gqa/popular/seed1:   1%|          | 25/3000 [00:12<27:31,  1.80it/s]
qwen2.5-vl/pope/ricd/gqa/popular/seed1:   1%|          | 26/3000 [00:13<27:42,  1.79it/s]
qwen2.5-vl/pope/ricd/gqa/popular/seed1:   1%|          | 27/3000 [00:13<27:48,  1.78it/s]
qwen2.5-vl/pope/ricd/gqa/popular/seed1:   1%|          | 28/3000 [00:14<27:55,  1.77it/s]
qwen2.5-vl/pope/ricd/gqa/popular/seed1:   1%|          | 29/3000 [00:15<28:04,  1.76it/s]
qwen2.5-vl/pope/ricd/gqa/popular/seed1:   1%|          | 30/3000 [00:15<28:07,  1.76it/s]
qwen2.5-vl/pope/ricd/gqa/popular/seed1:   1%|          | 31/3000 [00:16<25:30,  1.94it/s]
qwen2.5-vl/pope/ricd/gqa/popular/seed1:   1%|          | 32/3000 [00:16<23:37,  2.09it/s]
qwen2.5-vl/pope/ricd/gqa/popular/seed1:   1%|          | 33/3000 [00:16<22:17,  2.22it/s]
qwen2.5-vl/pope/ricd/gqa/popular/seed1:   1%|          | 34/3000 [00:17<21:22,  2.31it/s]
qwen2.5-vl/pope/ricd/gqa/popular/seed1:   1%|          | 35/3000 [00:17<20:41,  2.39it/s]
qwen2.5-vl/pope/ricd/gqa/popular/seed1:   1%|          | 36/3000 [00:18<20:15,  2.44it/s]
qwen2.5-vl/pope/ricd/gqa/popular/seed1:   1%|          | 37/3000 [00:18<19:52,  2.48it/s]
qwen2.5-vl/pope/ricd/gqa/popular/seed1:   1%|▏         | 38/3000 [00:18<19:40,  2.51it/s]
qwen2.5-vl/pope/ricd/gqa/popular/seed1:   1%|▏         | 39/3000 [00:19<19:32,  2.53it/s]
qwen2.5-vl/pope/ricd/gqa/popular/seed1:   1%|▏         | 40/3000 [00:19<19:28,  2.53it/s]
qwen2.5-vl/pope/ricd/gqa/popular/seed1:   1%|▏         | 41/3000 [00:19<19:21,  2.55it/s]
qwen2.5-vl/pope/ricd/gqa/popular/seed1:   1%|▏         | 42/3000 [00:20<19:14,  2.56it/s]
qwen2.5-vl/pope/ricd/gqa/popular/seed1:   1%|▏         | 43/3000 [00:20<19:09,  2.57it/s]
qwen2.5-vl/pope/ricd/gqa/popular/seed1:   1%|▏         | 44/3000 [00:21<19:04,  2.58it/s]
qwen2.5-vl/pope/ricd/gqa/popular/seed1:   2%|▏         | 45/3000 [00:21<19:05,  2.58it/s]
qwen2.5-vl/pope/ricd/gqa/popular/seed1:   2%|▏         | 46/3000 [00:21<19:06,  2.58it/s]
qwen2.5-vl/pope/ricd/gqa/popular/seed1:   2%|▏         | 47/3000 [00:22<19:10,  2.57it/s]
qwen2.5-vl/pope/ricd/gqa/popular/seed1:   2%|▏         | 48/3000 [00:22<19:09,  2.57it/s]
qwen2.5-vl/pope/ricd/gqa/popular/seed1:   2%|▏         | 49/3000 [00:23<21:51,  2.25it/s]
qwen2.5-vl/pope/ricd/gqa/popular/seed1:   2%|▏         | 50/3000 [00:23<23:42,  2.07it/s]
qwen2.5-vl/pope/ricd/gqa/popular/seed1:   2%|▏         | 51/3000 [00:24<25:16,  1.94it/s]
qwen2.5-vl/pope/ricd/gqa/popular/seed1:   2%|▏         | 52/3000 [00:24<26:02,  1.89it/s]
qwen2.5-vl/pope/ricd/gqa/popular/seed1:   2%|▏         | 53/3000 [00:25<26:33,  1.85it/s]
qwen2.5-vl/pope/ricd/gqa/popular/seed1:   2%|▏         | 54/3000 [00:26<26:53,  1.83it/s]
qwen2.5-vl/pope/ricd/gqa/popular/seed1:   2%|▏         | 55/3000 [00:26<27:24,  1.79it/s]
qwen2.5-vl/pope/ricd/gqa/popular/seed1:   2%|▏         | 56/3000 [00:27<27:21,  1.79it/s]
qwen2.5-vl/pope/ricd/gqa/popular/seed1:   2%|▏         | 57/3000 [00:27<27:23,  1.79it/s]
qwen2.5-vl/pope/ricd/gqa/popular/seed1:   2%|▏         | 58/3000 [00:28<27:24,  1.79it/s]
qwen2.5-vl/pope/ricd/gqa/popular/seed1:   2%|▏         | 59/3000 [00:28<27:24,  1.79it/s]
qwen2.5-vl/pope/ricd/gqa/popular/seed1:   2%|▏         | 60/3000 [00:29<27:27,  1.78it/s]
qwen2.5-vl/pope/ricd/gqa/popular/seed1:   2%|▏         | 61/3000 [00:29<24:48,  1.97it/s]
qwen2.5-vl/pope/ricd/gqa/popular/seed1:   2%|▏         | 62/3000 [00:30<22:59,  2.13it/s]
qwen2.5-vl/pope/ricd/gqa/popular/seed1:   2%|▏         | 63/3000 [00:30<21:46,  2.25it/s]
qwen2.5-vl/pope/ricd/gqa/popular/seed1:   2%|▏         | 64/3000 [00:31<20:52,  2.34it/s]
qwen2.5-vl/pope/ricd/gqa/popular/seed1:   2%|▏         | 65/3000 [00:31<20:14,  2.42it/s]
qwen2.5-vl/pope/ricd/gqa/popular/seed1:   2%|▏         | 66/3000 [00:31<19:47,  2.47it/s]
qwen2.5-vl/pope/ricd/gqa/popular/seed1:   2%|▏         | 67/3000 [00:32<22:32,  2.17it/s]
qwen2.5-vl/pope/ricd/gqa/popular/seed1:   2%|▏         | 68/3000 [00:32<24:31,  1.99it/s]
qwen2.5-vl/pope/ricd/gqa/popular/seed1:   2%|▏         | 69/3000 [00:33<25:41,  1.90it/s]
qwen2.5-vl/pope/ricd/gqa/popular/seed1:   2%|▏         | 70/3000 [00:34<26:36,  1.83it/s]
qwen2.5-vl/pope/ricd/gqa/popular/seed1:   2%|▏         | 71/3000 [00:34<27:11,  1.80it/s]
qwen2.5-vl/pope/ricd/gqa/popular/seed1:   2%|▏         | 72/3000 [00:35<27:33,  1.77it/s]
qwen2.5-vl/pope/ricd/gqa/popular/seed1:   2%|▏         | 73/3000 [00:35<24:52,  1.96it/s]
qwen2.5-vl/pope/ricd/gqa/popular/seed1:   2%|▏         | 74/3000 [00:36<22:59,  2.12it/s]
qwen2.5-vl/pope/ricd/gqa/popular/seed1:   2%|▎         | 75/3000 [00:36<21:44,  2.24it/s]
qwen2.5-vl/pope/ricd/gqa/popular/seed1:   3%|▎         | 76/3000 [00:36<20:51,  2.34it/s]
qwen2.5-vl/pope/ricd/gqa/popular/seed1:   3%|▎         | 77/3000 [00:37<20:15,  2.40it/s]
qwen2.5-vl/pope/ricd/gqa/popular/seed1:   3%|▎         | 78/3000 [00:37<19:52,  2.45it/s]
qwen2.5-vl/pope/ricd/gqa/popular/seed1:   3%|▎         | 79/3000 [00:38<19:27,  2.50it/s]
qwen2.5-vl/pope/ricd/gqa/popular/seed1:   3%|▎         | 80/3000 [00:38<19:25,  2.50it/s]
qwen2.5-vl/pope/ricd/gqa/popular/seed1:   3%|▎         | 81/3000 [00:38<19:34,  2.48it/s]
qwen2.5-vl/pope/ricd/gqa/popular/seed1:   3%|▎         | 82/3000 [00:39<19:17,  2.52it/s]
qwen2.5-vl/pope/ricd/gqa/popular/seed1:   3%|▎         | 83/3000 [00:39<19:04,  2.55it/s]
qwen2.5-vl/pope/ricd/gqa/popular/seed1:   3%|▎         | 84/3000 [00:39<18:56,  2.56it/s]
qwen2.5-vl/pope/ricd/gqa/popular/seed1:   3%|▎         | 85/3000 [00:40<18:52,  2.57it/s]
qwen2.5-vl/pope/ricd/gqa/popular/seed1:   3%|▎         | 86/3000 [00:40<18:48,  2.58it/s]
qwen2.5-vl/pope/ricd/gqa/popular/seed1:   3%|▎         | 87/3000 [00:41<18:46,  2.59it/s]
qwen2.5-vl/pope/ricd/gqa/popular/seed1:   3%|▎         | 88/3000 [00:41<18:43,  2.59it/s]
qwen2.5-vl/pope/ricd/gqa/popular/seed1:   3%|▎         | 89/3000 [00:41<18:40,  2.60it/s]
qwen2.5-vl/pope/ricd/gqa/popular/seed1:   3%|▎         | 90/3000 [00:42<18:37,  2.60it/s]
qwen2.5-vl/pope/ricd/gqa/popular/seed1:   3%|▎         | 91/3000 [00:42<21:16,  2.28it/s]
qwen2.5-vl/pope/ricd/gqa/popular/seed1:   3%|▎         | 92/3000 [00:43<23:07,  2.10it/s]
qwen2.5-vl/pope/ricd/gqa/popular/seed1:   3%|▎         | 93/3000 [00:43<24:23,  1.99it/s]
qwen2.5-vl/pope/ricd/gqa/popular/seed1:   3%|▎         | 94/3000 [00:44<25:14,  1.92it/s]
qwen2.5-vl/pope/ricd/gqa/popular/seed1:   3%|▎         | 95/3000 [00:45<25:56,  1.87it/s]
qwen2.5-vl/pope/ricd/gqa/popular/seed1:   3%|▎         | 96/3000 [00:45<26:24,  1.83it/s]
qwen2.5-vl/pope/ricd/gqa/popular/seed1:   3%|▎         | 97/3000 [00:46<34:13,  1.41it/s]
qwen2.5-vl/pope/ricd/gqa/popular/seed1:   3%|▎         | 98/3000 [00:47<39:09,  1.24it/s]
qwen2.5-vl/pope/ricd/gqa/popular/seed1:   3%|▎         | 99/3000 [00:48<42:37,  1.13it/s]
qwen2.5-vl/pope/ricd/gqa/popular/seed1:   3%|▎         | 100/3000 [00:49<45:56,  1.05it/s]
qwen2.5-vl/pope/ricd/gqa/popular/seed1:   3%|▎         | 101/3000 [00:51<47:41,  1.01it/s]
qwen2.5-vl/pope/ricd/gqa/popular/seed1:   3%|▎         | 102/3000 [00:52<48:35,  1.01s/it]
qwen2.5-vl/pope/ricd/gqa/popular/seed1:   3%|▎         | 103/3000 [00:52<42:14,  1.14it/s]
qwen2.5-vl/pope/ricd/gqa/popular/seed1:   3%|▎         | 104/3000 [00:53<37:46,  1.28it/s]
qwen2.5-vl/pope/ricd/gqa/popular/seed1:   4%|▎         | 105/3000 [00:53<34:40,  1.39it/s]
qwen2.5-vl/pope/ricd/gqa/popular/seed1:   4%|▎         | 106/3000 [00:54<32:49,  1.47it/s]
qwen2.5-vl/pope/ricd/gqa/popular/seed1:   4%|▎         | 107/3000 [00:54<31:12,  1.54it/s]
qwen2.5-vl/pope/ricd/gqa/popular/seed1:   4%|▎         | 108/3000 [00:55<30:06,  1.60it/s]
qwen2.5-vl/pope/ricd/gqa/popular/seed1:   4%|▎         | 109/3000 [00:55<26:35,  1.81it/s]
qwen2.5-vl/pope/ricd/gqa/popular/seed1:   4%|▎         | 110/3000 [00:56<24:11,  1.99it/s]
qwen2.5-vl/pope/ricd/gqa/popular/seed1:   4%|▎         | 111/3000 [00:56<22:30,  2.14it/s]
qwen2.5-vl/pope/ricd/gqa/popular/seed1:   4%|▎         | 112/3000 [00:57<21:21,  2.25it/s]
qwen2.5-vl/pope/ricd/gqa/popular/seed1:   4%|▍         | 113/3000 [00:57<20:33,  2.34it/s]
qwen2.5-vl/pope/ricd/gqa/popular/seed1:   4%|▍         | 114/3000 [00:57<20:13,  2.38it/s]
qwen2.5-vl/pope/ricd/gqa/popular/seed1:   4%|▍         | 115/3000 [00:58<20:51,  2.31it/s]
qwen2.5-vl/pope/ricd/gqa/popular/seed1:   4%|▍         | 116/3000 [00:58<20:01,  2.40it/s]
qwen2.5-vl/pope/ricd/gqa/popular/seed1:   4%|▍         | 117/3000 [00:59<19:23,  2.48it/s]
qwen2.5-vl/pope/ricd/gqa/popular/seed1:   4%|▍         | 118/3000 [00:59<19:02,  2.52it/s]
qwen2.5-vl/pope/ricd/gqa/popular/seed1:   4%|▍         | 119/3000 [00:59<18:54,  2.54it/s]
qwen2.5-vl/pope/ricd/gqa/popular/seed1:   4%|▍         | 120/3000 [01:00<18:50,  2.55it/s]
qwen2.5-vl/pope/ricd/gqa/popular/seed1:   4%|▍         | 121/3000 [01:00<21:47,  2.20it/s]
qwen2.5-vl/pope/ricd/gqa/popular/seed1:   4%|▍         | 122/3000 [01:01<23:51,  2.01it/s]
qwen2.5-vl/pope/ricd/gqa/popular/seed1:   4%|▍         | 123/3000 [01:02<25:17,  1.90it/s]
qwen2.5-vl/pope/ricd/gqa/popular/seed1:   4%|▍         | 124/3000 [01:02<26:14,  1.83it/s]
qwen2.5-vl/pope/ricd/gqa/popular/seed1:   4%|▍         | 125/3000 [01:03<26:57,  1.78it/s]
qwen2.5-vl/pope/ricd/gqa/popular/seed1:   4%|▍         | 126/3000 [01:03<27:26,  1.75it/s]
qwen2.5-vl/pope/ricd/gqa/popular/seed1:   4%|▍         | 127/3000 [01:04<24:56,  1.92it/s]
qwen2.5-vl/pope/ricd/gqa/popular/seed1:   4%|▍         | 128/3000 [01:04<23:06,  2.07it/s]
qwen2.5-vl/pope/ricd/gqa/popular/seed1:   4%|▍         | 129/3000 [01:05<22:13,  2.15it/s]
qwen2.5-vl/pope/ricd/gqa/popular/seed1:   4%|▍         | 130/3000 [01:05<21:10,  2.26it/s]
qwen2.5-vl/pope/ricd/gqa/popular/seed1:   4%|▍         | 131/3000 [01:05<20:22,  2.35it/s]
qwen2.5-vl/pope/ricd/gqa/popular/seed1:   4%|▍         | 132/3000 [01:06<19:48,  2.41it/s]
qwen2.5-vl/pope/ricd/gqa/popular/seed1:   4%|▍         | 133/3000 [01:06<19:26,  2.46it/s]
qwen2.5-vl/pope/ricd/gqa/popular/seed1:   4%|▍         | 134/3000 [01:06<19:10,  2.49it/s]
qwen2.5-vl/pope/ricd/gqa/popular/seed1:   4%|▍         | 135/3000 [01:07<19:00,  2.51it/s]
qwen2.5-vl/pope/ricd/gqa/popular/seed1:   5%|▍         | 136/3000 [01:07<18:51,  2.53it/s]
qwen2.5-vl/pope/ricd/gqa/popular/seed1:   5%|▍         | 137/3000 [01:08<18:44,  2.55it/s]
qwen2.5-vl/pope/ricd/gqa/popular/seed1:   5%|▍         | 138/3000 [01:08<18:40,  2.55it/s]
qwen2.5-vl/pope/ricd/gqa/popular/seed1:   5%|▍         | 139/3000 [01:08<18:40,  2.55it/s]
qwen2.5-vl/pope/ricd/gqa/popular/seed1:   5%|▍         | 140/3000 [01:09<18:41,  2.55it/s]
qwen2.5-vl/pope/ricd/gqa/popular/seed1:   5%|▍         | 141/3000 [01:09<18:38,  2.56it/s]
qwen2.5-vl/pope/ricd/gqa/popular/seed1:   5%|▍         | 142/3000 [01:10<18:36,  2.56it/s]
qwen2.5-vl/pope/ricd/gqa/popular/seed1:   5%|▍         | 143/3000 [01:10<18:37,  2.56it/s]
qwen2.5-vl/pope/ricd/gqa/popular/seed1:   5%|▍         | 144/3000 [01:10<18:41,  2.55it/s]
qwen2.5-vl/pope/ricd/gqa/popular/seed1:   5%|▍         | 145/3000 [01:11<23:34,  2.02it/s]
qwen2.5-vl/pope/ricd/gqa/popular/seed1:   5%|▍         | 146/3000 [01:12<26:57,  1.76it/s]
qwen2.5-vl/pope/ricd/gqa/popular/seed1:   5%|▍         | 147/3000 [01:13<29:21,  1.62it/s]
qwen2.5-vl/pope/ricd/gqa/popular/seed1:   5%|▍         | 148/3000 [01:13<30:58,  1.53it/s]
qwen2.5-vl/pope/ricd/gqa/popular/seed1:   5%|▍         | 149/3000 [01:14<32:06,  1.48it/s]
qwen2.5-vl/pope/ricd/gqa/popular/seed1:   5%|▌         | 150/3000 [01:15<32:55,  1.44it/s]
qwen2.5-vl/pope/ricd/gqa/popular/seed1:   5%|▌         | 151/3000 [01:15<28:37,  1.66it/s]
qwen2.5-vl/pope/ricd/gqa/popular/seed1:   5%|▌         | 152/3000 [01:16<25:36,  1.85it/s]
qwen2.5-vl/pope/ricd/gqa/popular/seed1:   5%|▌         | 153/3000 [01:16<23:27,  2.02it/s]
qwen2.5-vl/pope/ricd/gqa/popular/seed1:   5%|▌         | 154/3000 [01:16<21:58,  2.16it/s]
qwen2.5-vl/pope/ricd/gqa/popular/seed1:   5%|▌         | 155/3000 [01:17<20:54,  2.27it/s]
qwen2.5-vl/pope/ricd/gqa/popular/seed1:   5%|▌         | 156/3000 [01:17<20:11,  2.35it/s]
qwen2.5-vl/pope/ricd/gqa/popular/seed1:   5%|▌         | 157/3000 [01:18<19:42,  2.40it/s]
qwen2.5-vl/pope/ricd/gqa/popular/seed1:   5%|▌         | 158/3000 [01:18<19:18,  2.45it/s]
qwen2.5-vl/pope/ricd/gqa/popular/seed1:   5%|▌         | 159/3000 [01:18<19:01,  2.49it/s]
qwen2.5-vl/pope/ricd/gqa/popular/seed1:   5%|▌         | 160/3000 [01:19<18:46,  2.52it/s]
qwen2.5-vl/pope/ricd/gqa/popular/seed1:   5%|▌         | 161/3000 [01:19<18:36,  2.54it/s]
qwen2.5-vl/pope/ricd/gqa/popular/seed1:   5%|▌         | 162/3000 [01:19<18:28,  2.56it/s]
qwen2.5-vl/pope/ricd/gqa/popular/seed1:   5%|▌         | 163/3000 [01:20<18:22,  2.57it/s]
qwen2.5-vl/pope/ricd/gqa/popular/seed1:   5%|▌         | 164/3000 [01:20<18:18,  2.58it/s]
qwen2.5-vl/pope/ricd/gqa/popular/seed1:   6%|▌         | 165/3000 [01:21<18:15,  2.59it/s]
qwen2.5-vl/pope/ricd/gqa/popular/seed1:   6%|▌         | 166/3000 [01:21<18:14,  2.59it/s]
qwen2.5-vl/pope/ricd/gqa/popular/seed1:   6%|▌         | 167/3000 [01:21<18:14,  2.59it/s]
qwen2.5-vl/pope/ricd/gqa/popular/seed1:   6%|▌         | 168/3000 [01:22<18:18,  2.58it/s]
qwen2.5-vl/pope/ricd/gqa/popular/seed1:   6%|▌         | 169/3000 [01:22<20:53,  2.26it/s]
qwen2.5-vl/pope/ricd/gqa/popular/seed1:   6%|▌         | 170/3000 [01:23<22:45,  2.07it/s]
qwen2.5-vl/pope/ricd/gqa/popular/seed1:   6%|▌         | 171/3000 [01:23<24:00,  1.96it/s]
qwen2.5-vl/pope/ricd/gqa/popular/seed1:   6%|▌         | 172/3000 [01:24<24:51,  1.90it/s]
qwen2.5-vl/pope/ricd/gqa/popular/seed1:   6%|▌         | 173/3000 [01:25<25:25,  1.85it/s]
qwen2.5-vl/pope/ricd/gqa/popular/seed1:   6%|▌         | 174/3000 [01:25<25:49,  1.82it/s]
qwen2.5-vl/pope/ricd/gqa/popular/seed1:   6%|▌         | 175/3000 [01:26<23:31,  2.00it/s]
qwen2.5-vl/pope/ricd/gqa/popular/seed1:   6%|▌         | 176/3000 [01:26<21:55,  2.15it/s]
qwen2.5-vl/pope/ricd/gqa/popular/seed1:   6%|▌         | 177/3000 [01:26<20:51,  2.26it/s]
qwen2.5-vl/pope/ricd/gqa/popular/seed1:   6%|▌         | 178/3000 [01:27<20:04,  2.34it/s]
qwen2.5-vl/pope/ricd/gqa/popular/seed1:   6%|▌         | 179/3000 [01:27<19:33,  2.40it/s]
qwen2.5-vl/pope/ricd/gqa/popular/seed1:   6%|▌         | 180/3000 [01:28<19:08,  2.46it/s]
qwen2.5-vl/pope/ricd/gqa/popular/seed1:   6%|▌         | 181/3000 [01:28<18:50,  2.49it/s]
qwen2.5-vl/pope/ricd/gqa/popular/seed1:   6%|▌         | 182/3000 [01:28<18:37,  2.52it/s]
qwen2.5-vl/pope/ricd/gqa/popular/seed1:   6%|▌         | 183/3000 [01:29<18:26,  2.55it/s]
qwen2.5-vl/pope/ricd/gqa/popular/seed1:   6%|▌         | 184/3000 [01:29<18:19,  2.56it/s]
qwen2.5-vl/pope/ricd/gqa/popular/seed1:   6%|▌         | 185/3000 [01:29<18:15,  2.57it/s]
qwen2.5-vl/pope/ricd/gqa/popular/seed1:   6%|▌         | 186/3000 [01:30<18:11,  2.58it/s]
qwen2.5-vl/pope/ricd/gqa/popular/seed1:   6%|▌         | 187/3000 [01:30<20:37,  2.27it/s]
qwen2.5-vl/pope/ricd/gqa/popular/seed1:   6%|▋         | 188/3000 [01:31<22:24,  2.09it/s]
qwen2.5-vl/pope/ricd/gqa/popular/seed1:   6%|▋         | 189/3000 [01:32<23:35,  1.99it/s]
qwen2.5-vl/pope/ricd/gqa/popular/seed1:   6%|▋         | 190/3000 [01:32<24:19,  1.93it/s]
qwen2.5-vl/pope/ricd/gqa/popular/seed1:   6%|▋         | 191/3000 [01:33<24:41,  1.90it/s]
qwen2.5-vl/pope/ricd/gqa/popular/seed1:   6%|▋         | 192/3000 [01:33<24:59,  1.87it/s]
qwen2.5-vl/pope/ricd/gqa/popular/seed1:   6%|▋         | 193/3000 [01:34<27:14,  1.72it/s]
qwen2.5-vl/pope/ricd/gqa/popular/seed1:   6%|▋         | 194/3000 [01:35<28:51,  1.62it/s]
qwen2.5-vl/pope/ricd/gqa/popular/seed1:   6%|▋         | 195/3000 [01:35<29:54,  1.56it/s]
qwen2.5-vl/pope/ricd/gqa/popular/seed1:   7%|▋         | 196/3000 [01:36<30:44,  1.52it/s]
qwen2.5-vl/pope/ricd/gqa/popular/seed1:   7%|▋         | 197/3000 [01:37<31:17,  1.49it/s]
qwen2.5-vl/pope/ricd/gqa/popular/seed1:   7%|▋         | 198/3000 [01:37<31:43,  1.47it/s]
qwen2.5-vl/pope/ricd/gqa/popular/seed1:   7%|▋         | 199/3000 [01:38<30:03,  1.55it/s]
qwen2.5-vl/pope/ricd/gqa/popular/seed1:   7%|▋         | 200/3000 [01:38<28:54,  1.61it/s]
qwen2.5-vl/pope/ricd/gqa/popular/seed1:   7%|▋         | 201/3000 [01:39<28:07,  1.66it/s]
qwen2.5-vl/pope/ricd/gqa/popular/seed1:   7%|▋         | 202/3000 [01:40<27:36,  1.69it/s]
qwen2.5-vl/pope/ricd/gqa/popular/seed1:   7%|▋         | 203/3000 [01:40<27:11,  1.71it/s]
qwen2.5-vl/pope/ricd/gqa/popular/seed1:   7%|▋         | 204/3000 [01:41<26:56,  1.73it/s]
qwen2.5-vl/pope/ricd/gqa/popular/seed1:   7%|▋         | 205/3000 [01:41<26:43,  1.74it/s]
qwen2.5-vl/pope/ricd/gqa/popular/seed1:   7%|▋         | 206/3000 [01:42<26:32,  1.75it/s]
qwen2.5-vl/pope/ricd/gqa/popular/seed1:   7%|▋         | 207/3000 [01:42<26:23,  1.76it/s]
qwen2.5-vl/pope/ricd/gqa/popular/seed1:   7%|▋         | 208/3000 [01:43<26:17,  1.77it/s]
qwen2.5-vl/pope/ricd/gqa/popular/seed1:   7%|▋         | 209/3000 [01:44<26:14,  1.77it/s]
qwen2.5-vl/pope/ricd/gqa/popular/seed1:   7%|▋         | 210/3000 [01:44<26:18,  1.77it/s]
qwen2.5-vl/pope/ricd/gqa/popular/seed1:   7%|▋         | 211/3000 [01:45<26:18,  1.77it/s]
qwen2.5-vl/pope/ricd/gqa/popular/seed1:   7%|▋         | 212/3000 [01:45<26:19,  1.76it/s]
qwen2.5-vl/pope/ricd/gqa/popular/seed1:   7%|▋         | 213/3000 [01:46<26:19,  1.76it/s]
qwen2.5-vl/pope/ricd/gqa/popular/seed1:   7%|▋         | 214/3000 [01:46<26:20,  1.76it/s]
qwen2.5-vl/pope/ricd/gqa/popular/seed1:   7%|▋         | 215/3000 [01:47<26:19,  1.76it/s]
qwen2.5-vl/pope/ricd/gqa/popular/seed1:   7%|▋         | 216/3000 [01:48<26:18,  1.76it/s]
qwen2.5-vl/pope/ricd/gqa/popular/seed1:   7%|▋         | 217/3000 [01:48<26:16,  1.77it/s]
qwen2.5-vl/pope/ricd/gqa/popular/seed1:   7%|▋         | 218/3000 [01:49<26:16,  1.76it/s]
qwen2.5-vl/pope/ricd/gqa/popular/seed1:   7%|▋         | 219/3000 [01:49<26:15,  1.77it/s]
qwen2.5-vl/pope/ricd/gqa/popular/seed1:   7%|▋         | 220/3000 [01:50<26:16,  1.76it/s]
qwen2.5-vl/pope/ricd/gqa/popular/seed1:   7%|▋         | 221/3000 [01:50<26:16,  1.76it/s]
qwen2.5-vl/pope/ricd/gqa/popular/seed1:   7%|▋         | 222/3000 [01:51<26:15,  1.76it/s]
qwen2.5-vl/pope/ricd/gqa/popular/seed1:   7%|▋         | 223/3000 [01:52<35:24,  1.31it/s]
qwen2.5-vl/pope/ricd/gqa/popular/seed1:   7%|▋         | 224/3000 [01:53<41:29,  1.11it/s]
qwen2.5-vl/pope/ricd/gqa/popular/seed1:   8%|▊         | 225/3000 [01:55<45:48,  1.01it/s]
qwen2.5-vl/pope/ricd/gqa/popular/seed1:   8%|▊         | 226/3000 [01:56<48:58,  1.06s/it]
qwen2.5-vl/pope/ricd/gqa/popular/seed1:   8%|▊         | 227/3000 [01:57<51:12,  1.11s/it]
qwen2.5-vl/pope/ricd/gqa/popular/seed1:   8%|▊         | 228/3000 [01:58<52:43,  1.14s/it]
qwen2.5-vl/pope/ricd/gqa/popular/seed1:   8%|▊         | 229/3000 [01:59<42:05,  1.10it/s]
qwen2.5-vl/pope/ricd/gqa/popular/seed1:   8%|▊         | 230/3000 [01:59<34:39,  1.33it/s]
qwen2.5-vl/pope/ricd/gqa/popular/seed1:   8%|▊         | 231/3000 [01:59<29:27,  1.57it/s]
qwen2.5-vl/pope/ricd/gqa/popular/seed1:   8%|▊         | 232/3000 [02:00<25:47,  1.79it/s]
qwen2.5-vl/pope/ricd/gqa/popular/seed1:   8%|▊         | 233/3000 [02:00<23:13,  1.99it/s]
qwen2.5-vl/pope/ricd/gqa/popular/seed1:   8%|▊         | 234/3000 [02:00<21:23,  2.15it/s]
qwen2.5-vl/pope/ricd/gqa/popular/seed1:   8%|▊         | 235/3000 [02:01<22:49,  2.02it/s]
qwen2.5-vl/pope/ricd/gqa/popular/seed1:   8%|▊         | 236/3000 [02:02<23:48,  1.94it/s]
qwen2.5-vl/pope/ricd/gqa/popular/seed1:   8%|▊         | 237/3000 [02:02<24:28,  1.88it/s]
qwen2.5-vl/pope/ricd/gqa/popular/seed1:   8%|▊         | 238/3000 [02:03<24:59,  1.84it/s]
qwen2.5-vl/pope/ricd/gqa/popular/seed1:   8%|▊         | 239/3000 [02:03<25:19,  1.82it/s]
qwen2.5-vl/pope/ricd/gqa/popular/seed1:   8%|▊         | 240/3000 [02:04<25:29,  1.80it/s]
qwen2.5-vl/pope/ricd/gqa/popular/seed1:   8%|▊         | 241/3000 [02:04<25:56,  1.77it/s]
qwen2.5-vl/pope/ricd/gqa/popular/seed1:   8%|▊         | 242/3000 [02:05<26:13,  1.75it/s]
qwen2.5-vl/pope/ricd/gqa/popular/seed1:   8%|▊         | 243/3000 [02:06<26:29,  1.73it/s]
qwen2.5-vl/pope/ricd/gqa/popular/seed1:   8%|▊         | 244/3000 [02:06<26:38,  1.72it/s]
qwen2.5-vl/pope/ricd/gqa/popular/seed1:   8%|▊         | 245/3000 [02:07<26:50,  1.71it/s]
qwen2.5-vl/pope/ricd/gqa/popular/seed1:   8%|▊         | 246/3000 [02:07<26:58,  1.70it/s]
qwen2.5-vl/pope/ricd/gqa/popular/seed1:   8%|▊         | 247/3000 [02:08<23:44,  1.93it/s]
qwen2.5-vl/pope/ricd/gqa/popular/seed1:   8%|▊         | 248/3000 [02:08<21:31,  2.13it/s]
qwen2.5-vl/pope/ricd/gqa/popular/seed1:   8%|▊         | 249/3000 [02:08<19:54,  2.30it/s]
qwen2.5-vl/pope/ricd/gqa/popular/seed1:   8%|▊         | 250/3000 [02:09<18:47,  2.44it/s]
qwen2.5-vl/pope/ricd/gqa/popular/seed1:   8%|▊         | 251/3000 [02:09<18:01,  2.54it/s]
qwen2.5-vl/pope/ricd/gqa/popular/seed1:   8%|▊         | 252/3000 [02:10<17:28,  2.62it/s]
qwen2.5-vl/pope/ricd/gqa/popular/seed1:   8%|▊         | 253/3000 [02:10<19:57,  2.29it/s]
qwen2.5-vl/pope/ricd/gqa/popular/seed1:   8%|▊         | 254/3000 [02:11<21:43,  2.11it/s]
qwen2.5-vl/pope/ricd/gqa/popular/seed1:   8%|▊         | 255/3000 [02:11<22:56,  1.99it/s]
qwen2.5-vl/pope/ricd/gqa/popular/seed1:   9%|▊         | 256/3000 [02:12<23:47,  1.92it/s]
qwen2.5-vl/pope/ricd/gqa/popular/seed1:   9%|▊         | 257/3000 [02:12<24:23,  1.87it/s]
qwen2.5-vl/pope/ricd/gqa/popular/seed1:   9%|▊         | 258/3000 [02:13<24:49,  1.84it/s]
qwen2.5-vl/pope/ricd/gqa/popular/seed1:   9%|▊         | 259/3000 [02:13<25:05,  1.82it/s]
qwen2.5-vl/pope/ricd/gqa/popular/seed1:   9%|▊         | 260/3000 [02:14<25:15,  1.81it/s]
qwen2.5-vl/pope/ricd/gqa/popular/seed1:   9%|▊         | 261/3000 [02:15<25:27,  1.79it/s]
qwen2.5-vl/pope/ricd/gqa/popular/seed1:   9%|▊         | 262/3000 [02:15<25:30,  1.79it/s]
qwen2.5-vl/pope/ricd/gqa/popular/seed1:   9%|▉         | 263/3000 [02:16<25:38,  1.78it/s]
qwen2.5-vl/pope/ricd/gqa/popular/seed1:   9%|▉         | 264/3000 [02:16<25:44,  1.77it/s]
qwen2.5-vl/pope/ricd/gqa/popular/seed1:   9%|▉         | 265/3000 [02:17<23:18,  1.96it/s]
qwen2.5-vl/pope/ricd/gqa/popular/seed1:   9%|▉         | 266/3000 [02:17<21:35,  2.11it/s]
qwen2.5-vl/pope/ricd/gqa/popular/seed1:   9%|▉         | 267/3000 [02:17<20:22,  2.24it/s]
qwen2.5-vl/pope/ricd/gqa/popular/seed1:   9%|▉         | 268/3000 [02:18<19:33,  2.33it/s]
qwen2.5-vl/pope/ricd/gqa/popular/seed1:   9%|▉         | 269/3000 [02:18<18:59,  2.40it/s]
qwen2.5-vl/pope/ricd/gqa/popular/seed1:   9%|▉         | 270/3000 [02:19<18:37,  2.44it/s]
qwen2.5-vl/pope/ricd/gqa/popular/seed1:   9%|▉         | 271/3000 [02:19<23:02,  1.97it/s]
qwen2.5-vl/pope/ricd/gqa/popular/seed1:   9%|▉         | 272/3000 [02:20<26:08,  1.74it/s]
qwen2.5-vl/pope/ricd/gqa/popular/seed1:   9%|▉         | 273/3000 [02:21<28:19,  1.60it/s]
qwen2.5-vl/pope/ricd/gqa/popular/seed1:   9%|▉         | 274/3000 [02:22<29:47,  1.53it/s]
qwen2.5-vl/pope/ricd/gqa/popular/seed1:   9%|▉         | 275/3000 [02:22<30:50,  1.47it/s]
qwen2.5-vl/pope/ricd/gqa/popular/seed1:   9%|▉         | 276/3000 [02:23<31:55,  1.42it/s]
qwen2.5-vl/pope/ricd/gqa/popular/seed1:   9%|▉         | 277/3000 [02:23<27:50,  1.63it/s]
qwen2.5-vl/pope/ricd/gqa/popular/seed1:   9%|▉         | 278/3000 [02:24<25:02,  1.81it/s]
qwen2.5-vl/pope/ricd/gqa/popular/seed1:   9%|▉         | 279/3000 [02:24<23:07,  1.96it/s]
qwen2.5-vl/pope/ricd/gqa/popular/seed1:   9%|▉         | 280/3000 [02:25<21:50,  2.08it/s]
qwen2.5-vl/pope/ricd/gqa/popular/seed1:   9%|▉         | 281/3000 [02:25<20:44,  2.19it/s]
qwen2.5-vl/pope/ricd/gqa/popular/seed1:   9%|▉         | 282/3000 [02:26<19:45,  2.29it/s]
qwen2.5-vl/pope/ricd/gqa/popular/seed1:   9%|▉         | 283/3000 [02:26<19:06,  2.37it/s]
qwen2.5-vl/pope/ricd/gqa/popular/seed1:   9%|▉         | 284/3000 [02:26<18:39,  2.43it/s]
qwen2.5-vl/pope/ricd/gqa/popular/seed1:  10%|▉         | 285/3000 [02:27<18:17,  2.47it/s]
qwen2.5-vl/pope/ricd/gqa/popular/seed1:  10%|▉         | 286/3000 [02:27<18:03,  2.51it/s]
qwen2.5-vl/pope/ricd/gqa/popular/seed1:  10%|▉         | 287/3000 [02:27<17:54,  2.52it/s]
qwen2.5-vl/pope/ricd/gqa/popular/seed1:  10%|▉         | 288/3000 [02:28<17:49,  2.54it/s]
qwen2.5-vl/pope/ricd/gqa/popular/seed1:  10%|▉         | 289/3000 [02:28<17:44,  2.55it/s]
qwen2.5-vl/pope/ricd/gqa/popular/seed1:  10%|▉         | 290/3000 [02:29<17:41,  2.55it/s]
qwen2.5-vl/pope/ricd/gqa/popular/seed1:  10%|▉         | 291/3000 [02:29<17:37,  2.56it/s]
qwen2.5-vl/pope/ricd/gqa/popular/seed1:  10%|▉         | 292/3000 [02:29<17:35,  2.57it/s]
qwen2.5-vl/pope/ricd/gqa/popular/seed1:  10%|▉         | 293/3000 [02:30<17:32,  2.57it/s]
qwen2.5-vl/pope/ricd/gqa/popular/seed1:  10%|▉         | 294/3000 [02:30<17:30,  2.58it/s]
qwen2.5-vl/pope/ricd/gqa/popular/seed1:  10%|▉         | 295/3000 [02:31<17:25,  2.59it/s]
qwen2.5-vl/pope/ricd/gqa/popular/seed1:  10%|▉         | 296/3000 [02:31<17:22,  2.59it/s]
qwen2.5-vl/pope/ricd/gqa/popular/seed1:  10%|▉         | 297/3000 [02:31<17:21,  2.60it/s]
qwen2.5-vl/pope/ricd/gqa/popular/seed1:  10%|▉         | 298/3000 [02:32<17:24,  2.59it/s]
qwen2.5-vl/pope/ricd/gqa/popular/seed1:  10%|▉         | 299/3000 [02:32<17:24,  2.59it/s]
qwen2.5-vl/pope/ricd/gqa/popular/seed1:  10%|█         | 300/3000 [02:32<17:20,  2.59it/s]
qwen2.5-vl/pope/ricd/gqa/popular/seed1:  10%|█         | 301/3000 [02:33<19:47,  2.27it/s]
qwen2.5-vl/pope/ricd/gqa/popular/seed1:  10%|█         | 302/3000 [02:34<21:32,  2.09it/s]
qwen2.5-vl/pope/ricd/gqa/popular/seed1:  10%|█         | 303/3000 [02:34<22:45,  1.98it/s]
qwen2.5-vl/pope/ricd/gqa/popular/seed1:  10%|█         | 304/3000 [02:35<23:40,  1.90it/s]
qwen2.5-vl/pope/ricd/gqa/popular/seed1:  10%|█         | 305/3000 [02:35<24:16,  1.85it/s]
qwen2.5-vl/pope/ricd/gqa/popular/seed1:  10%|█         | 306/3000 [02:36<24:48,  1.81it/s]
qwen2.5-vl/pope/ricd/gqa/popular/seed1:  10%|█         | 307/3000 [02:36<25:03,  1.79it/s]
qwen2.5-vl/pope/ricd/gqa/popular/seed1:  10%|█         | 308/3000 [02:37<25:18,  1.77it/s]
qwen2.5-vl/pope/ricd/gqa/popular/seed1:  10%|█         | 309/3000 [02:38<25:23,  1.77it/s]
qwen2.5-vl/pope/ricd/gqa/popular/seed1:  10%|█         | 310/3000 [02:38<25:27,  1.76it/s]
qwen2.5-vl/pope/ricd/gqa/popular/seed1:  10%|█         | 311/3000 [02:39<25:27,  1.76it/s]
qwen2.5-vl/pope/ricd/gqa/popular/seed1:  10%|█         | 312/3000 [02:39<25:36,  1.75it/s]
qwen2.5-vl/pope/ricd/gqa/popular/seed1:  10%|█         | 313/3000 [02:40<23:09,  1.93it/s]
qwen2.5-vl/pope/ricd/gqa/popular/seed1:  10%|█         | 314/3000 [02:40<21:29,  2.08it/s]
qwen2.5-vl/pope/ricd/gqa/popular/seed1:  10%|█         | 315/3000 [02:41<20:22,  2.20it/s]
qwen2.5-vl/pope/ricd/gqa/popular/seed1:  11%|█         | 316/3000 [02:41<19:32,  2.29it/s]
qwen2.5-vl/pope/ricd/gqa/popular/seed1:  11%|█         | 317/3000 [02:41<18:59,  2.36it/s]
qwen2.5-vl/pope/ricd/gqa/popular/seed1:  11%|█         | 318/3000 [02:42<18:34,  2.41it/s]
qwen2.5-vl/pope/ricd/gqa/popular/seed1:  11%|█         | 319/3000 [02:42<21:10,  2.11it/s]
qwen2.5-vl/pope/ricd/gqa/popular/seed1:  11%|█         | 320/3000 [02:43<22:31,  1.98it/s]
qwen2.5-vl/pope/ricd/gqa/popular/seed1:  11%|█         | 321/3000 [02:43<23:27,  1.90it/s]
qwen2.5-vl/pope/ricd/gqa/popular/seed1:  11%|█         | 322/3000 [02:44<24:17,  1.84it/s]
qwen2.5-vl/pope/ricd/gqa/popular/seed1:  11%|█         | 323/3000 [02:45<24:37,  1.81it/s]
qwen2.5-vl/pope/ricd/gqa/popular/seed1:  11%|█         | 324/3000 [02:45<24:54,  1.79it/s]
qwen2.5-vl/pope/ricd/gqa/popular/seed1:  11%|█         | 325/3000 [02:46<22:37,  1.97it/s]
qwen2.5-vl/pope/ricd/gqa/popular/seed1:  11%|█         | 326/3000 [02:46<21:00,  2.12it/s]
qwen2.5-vl/pope/ricd/gqa/popular/seed1:  11%|█         | 327/3000 [02:46<19:55,  2.24it/s]
qwen2.5-vl/pope/ricd/gqa/popular/seed1:  11%|█         | 328/3000 [02:47<19:17,  2.31it/s]
qwen2.5-vl/pope/ricd/gqa/popular/seed1:  11%|█         | 329/3000 [02:47<18:40,  2.38it/s]
qwen2.5-vl/pope/ricd/gqa/popular/seed1:  11%|█         | 330/3000 [02:48<18:15,  2.44it/s]
qwen2.5-vl/pope/ricd/gqa/popular/seed1:  11%|█         | 331/3000 [02:48<20:19,  2.19it/s]
qwen2.5-vl/pope/ricd/gqa/popular/seed1:  11%|█         | 332/3000 [02:49<21:52,  2.03it/s]
qwen2.5-vl/pope/ricd/gqa/popular/seed1:  11%|█         | 333/3000 [02:49<22:58,  1.93it/s]
qwen2.5-vl/pope/ricd/gqa/popular/seed1:  11%|█         | 334/3000 [02:50<23:39,  1.88it/s]
qwen2.5-vl/pope/ricd/gqa/popular/seed1:  11%|█         | 335/3000 [02:50<24:07,  1.84it/s]
qwen2.5-vl/pope/ricd/gqa/popular/seed1:  11%|█         | 336/3000 [02:51<24:31,  1.81it/s]
qwen2.5-vl/pope/ricd/gqa/popular/seed1:  11%|█         | 337/3000 [02:52<24:42,  1.80it/s]
qwen2.5-vl/pope/ricd/gqa/popular/seed1:  11%|█▏        | 338/3000 [02:52<24:51,  1.79it/s]
qwen2.5-vl/pope/ricd/gqa/popular/seed1:  11%|█▏        | 339/3000 [02:53<25:01,  1.77it/s]
qwen2.5-vl/pope/ricd/gqa/popular/seed1:  11%|█▏        | 340/3000 [02:53<25:05,  1.77it/s]
qwen2.5-vl/pope/ricd/gqa/popular/seed1:  11%|█▏        | 341/3000 [02:54<25:10,  1.76it/s]
qwen2.5-vl/pope/ricd/gqa/popular/seed1:  11%|█▏        | 342/3000 [02:54<25:15,  1.75it/s]
qwen2.5-vl/pope/ricd/gqa/popular/seed1:  11%|█▏        | 343/3000 [02:55<22:42,  1.95it/s]
qwen2.5-vl/pope/ricd/gqa/popular/seed1:  11%|█▏        | 344/3000 [02:55<20:56,  2.11it/s]
qwen2.5-vl/pope/ricd/gqa/popular/seed1:  12%|█▏        | 345/3000 [02:56<19:41,  2.25it/s]
qwen2.5-vl/pope/ricd/gqa/popular/seed1:  12%|█▏        | 346/3000 [02:56<18:50,  2.35it/s]
qwen2.5-vl/pope/ricd/gqa/popular/seed1:  12%|█▏        | 347/3000 [02:56<18:11,  2.43it/s]
qwen2.5-vl/pope/ricd/gqa/popular/seed1:  12%|█▏        | 348/3000 [02:57<17:43,  2.49it/s]
qwen2.5-vl/pope/ricd/gqa/popular/seed1:  12%|█▏        | 349/3000 [02:57<20:00,  2.21it/s]
qwen2.5-vl/pope/ricd/gqa/popular/seed1:  12%|█▏        | 350/3000 [02:58<21:33,  2.05it/s]
qwen2.5-vl/pope/ricd/gqa/popular/seed1:  12%|█▏        | 351/3000 [02:58<22:37,  1.95it/s]
qwen2.5-vl/pope/ricd/gqa/popular/seed1:  12%|█▏        | 352/3000 [02:59<23:27,  1.88it/s]
qwen2.5-vl/pope/ricd/gqa/popular/seed1:  12%|█▏        | 353/3000 [03:00<23:59,  1.84it/s]
qwen2.5-vl/pope/ricd/gqa/popular/seed1:  12%|█▏        | 354/3000 [03:00<24:17,  1.82it/s]
qwen2.5-vl/pope/ricd/gqa/popular/seed1:  12%|█▏        | 355/3000 [03:01<24:26,  1.80it/s]
qwen2.5-vl/pope/ricd/gqa/popular/seed1:  12%|█▏        | 356/3000 [03:01<24:33,  1.79it/s]
qwen2.5-vl/pope/ricd/gqa/popular/seed1:  12%|█▏        | 357/3000 [03:02<24:39,  1.79it/s]
qwen2.5-vl/pope/ricd/gqa/popular/seed1:  12%|█▏        | 358/3000 [03:02<24:44,  1.78it/s]
qwen2.5-vl/pope/ricd/gqa/popular/seed1:  12%|█▏        | 359/3000 [03:03<24:48,  1.77it/s]
qwen2.5-vl/pope/ricd/gqa/popular/seed1:  12%|█▏        | 360/3000 [03:04<24:53,  1.77it/s]
qwen2.5-vl/pope/ricd/gqa/popular/seed1:  12%|█▏        | 361/3000 [03:04<27:04,  1.62it/s]
qwen2.5-vl/pope/ricd/gqa/popular/seed1:  12%|█▏        | 362/3000 [03:05<28:34,  1.54it/s]
qwen2.5-vl/pope/ricd/gqa/popular/seed1:  12%|█▏        | 363/3000 [03:06<29:38,  1.48it/s]
qwen2.5-vl/pope/ricd/gqa/popular/seed1:  12%|█▏        | 364/3000 [03:06<30:20,  1.45it/s]
qwen2.5-vl/pope/ricd/gqa/popular/seed1:  12%|█▏        | 365/3000 [03:07<30:52,  1.42it/s]
qwen2.5-vl/pope/ricd/gqa/popular/seed1:  12%|█▏        | 366/3000 [03:08<31:10,  1.41it/s]
qwen2.5-vl/pope/ricd/gqa/popular/seed1:  12%|█▏        | 367/3000 [03:08<29:20,  1.50it/s]
qwen2.5-vl/pope/ricd/gqa/popular/seed1:  12%|█▏        | 368/3000 [03:09<28:01,  1.56it/s]
qwen2.5-vl/pope/ricd/gqa/popular/seed1:  12%|█▏        | 369/3000 [03:10<27:06,  1.62it/s]
qwen2.5-vl/pope/ricd/gqa/popular/seed1:  12%|█▏        | 370/3000 [03:10<26:27,  1.66it/s]
qwen2.5-vl/pope/ricd/gqa/popular/seed1:  12%|█▏        | 371/3000 [03:11<26:02,  1.68it/s]
qwen2.5-vl/pope/ricd/gqa/popular/seed1:  12%|█▏        | 372/3000 [03:11<25:38,  1.71it/s]
qwen2.5-vl/pope/ricd/gqa/popular/seed1:  12%|█▏        | 373/3000 [03:12<25:22,  1.73it/s]
qwen2.5-vl/pope/ricd/gqa/popular/seed1:  12%|█▏        | 374/3000 [03:12<25:10,  1.74it/s]
qwen2.5-vl/pope/ricd/gqa/popular/seed1:  12%|█▎        | 375/3000 [03:13<25:02,  1.75it/s]
qwen2.5-vl/pope/ricd/gqa/popular/seed1:  13%|█▎        | 376/3000 [03:14<24:55,  1.75it/s]
qwen2.5-vl/pope/ricd/gqa/popular/seed1:  13%|█▎        | 377/3000 [03:14<24:50,  1.76it/s]
qwen2.5-vl/pope/ricd/gqa/popular/seed1:  13%|█▎        | 378/3000 [03:15<24:47,  1.76it/s]
qwen2.5-vl/pope/ricd/gqa/popular/seed1:  13%|█▎        | 379/3000 [03:17<43:12,  1.01it/s]
qwen2.5-vl/pope/ricd/gqa/popular/seed1:  13%|█▎        | 380/3000 [03:19<55:53,  1.28s/it]
qwen2.5-vl/pope/ricd/gqa/popular/seed1:  13%|█▎        | 381/3000 [03:21<1:04:52,  1.49s/it]
qwen2.5-vl/pope/ricd/gqa/popular/seed1:  13%|█▎        | 382/3000 [03:23<1:11:06,  1.63s/it]
qwen2.5-vl/pope/ricd/gqa/popular/seed1:  13%|█▎        | 383/3000 [03:25<1:15:21,  1.73s/it]
qwen2.5-vl/pope/ricd/gqa/popular/seed1:  13%|█▎        | 384/3000 [03:26<1:18:19,  1.80s/it]
qwen2.5-vl/pope/ricd/gqa/popular/seed1:  13%|█▎        | 385/3000 [03:27<1:02:13,  1.43s/it]
qwen2.5-vl/pope/ricd/gqa/popular/seed1:  13%|█▎        | 386/3000 [03:28<50:55,  1.17s/it]  
qwen2.5-vl/pope/ricd/gqa/popular/seed1:  13%|█▎        | 387/3000 [03:28<43:02,  1.01it/s]
qwen2.5-vl/pope/ricd/gqa/popular/seed1:  13%|█▎        | 388/3000 [03:29<37:28,  1.16it/s]
qwen2.5-vl/pope/ricd/gqa/popular/seed1:  13%|█▎        | 389/3000 [03:29<33:35,  1.30it/s]
qwen2.5-vl/pope/ricd/gqa/popular/seed1:  13%|█▎        | 390/3000 [03:30<30:51,  1.41it/s]
qwen2.5-vl/pope/ricd/gqa/popular/seed1:  13%|█▎        | 391/3000 [03:30<29:00,  1.50it/s]
qwen2.5-vl/pope/ricd/gqa/popular/seed1:  13%|█▎        | 392/3000 [03:31<27:39,  1.57it/s]
qwen2.5-vl/pope/ricd/gqa/popular/seed1:  13%|█▎        | 393/3000 [03:32<26:43,  1.63it/s]
qwen2.5-vl/pope/ricd/gqa/popular/seed1:  13%|█▎        | 394/3000 [03:32<26:02,  1.67it/s]
qwen2.5-vl/pope/ricd/gqa/popular/seed1:  13%|█▎        | 395/3000 [03:33<25:35,  1.70it/s]
qwen2.5-vl/pope/ricd/gqa/popular/seed1:  13%|█▎        | 396/3000 [03:33<25:15,  1.72it/s]
qwen2.5-vl/pope/ricd/gqa/popular/seed1:  13%|█▎        | 397/3000 [03:34<22:39,  1.91it/s]
qwen2.5-vl/pope/ricd/gqa/popular/seed1:  13%|█▎        | 398/3000 [03:34<20:50,  2.08it/s]
qwen2.5-vl/pope/ricd/gqa/popular/seed1:  13%|█▎        | 399/3000 [03:34<19:35,  2.21it/s]
qwen2.5-vl/pope/ricd/gqa/popular/seed1:  13%|█▎        | 400/3000 [03:35<18:42,  2.32it/s]
qwen2.5-vl/pope/ricd/gqa/popular/seed1:  13%|█▎        | 401/3000 [03:35<18:04,  2.40it/s]
qwen2.5-vl/pope/ricd/gqa/popular/seed1:  13%|█▎        | 402/3000 [03:36<17:37,  2.46it/s]
qwen2.5-vl/pope/ricd/gqa/popular/seed1:  13%|█▎        | 403/3000 [03:38<38:01,  1.14it/s]
qwen2.5-vl/pope/ricd/gqa/popular/seed1:  13%|█▎        | 404/3000 [03:39<52:01,  1.20s/it]
qwen2.5-vl/pope/ricd/gqa/popular/seed1:  14%|█▎        | 405/3000 [03:41<1:01:49,  1.43s/it]
qwen2.5-vl/pope/ricd/gqa/popular/seed1:  14%|█▎        | 406/3000 [03:43<1:08:39,  1.59s/it]
qwen2.5-vl/pope/ricd/gqa/popular/seed1:  14%|█▎        | 407/3000 [03:45<1:13:27,  1.70s/it]
qwen2.5-vl/pope/ricd/gqa/popular/seed1:  14%|█▎        | 408/3000 [03:47<1:16:52,  1.78s/it]
qwen2.5-vl/pope/ricd/gqa/popular/seed1:  14%|█▎        | 409/3000 [03:48<1:01:08,  1.42s/it]
qwen2.5-vl/pope/ricd/gqa/popular/seed1:  14%|█▎        | 410/3000 [03:48<50:05,  1.16s/it]  
qwen2.5-vl/pope/ricd/gqa/popular/seed1:  14%|█▎        | 411/3000 [03:49<42:23,  1.02it/s]
qwen2.5-vl/pope/ricd/gqa/popular/seed1:  14%|█▎        | 412/3000 [03:50<36:59,  1.17it/s]
qwen2.5-vl/pope/ricd/gqa/popular/seed1:  14%|█▍        | 413/3000 [03:50<33:13,  1.30it/s]
qwen2.5-vl/pope/ricd/gqa/popular/seed1:  14%|█▍        | 414/3000 [03:51<30:34,  1.41it/s]
qwen2.5-vl/pope/ricd/gqa/popular/seed1:  14%|█▍        | 415/3000 [03:51<28:41,  1.50it/s]
qwen2.5-vl/pope/ricd/gqa/popular/seed1:  14%|█▍        | 416/3000 [03:52<27:23,  1.57it/s]
qwen2.5-vl/pope/ricd/gqa/popular/seed1:  14%|█▍        | 417/3000 [03:52<26:45,  1.61it/s]
qwen2.5-vl/pope/ricd/gqa/popular/seed1:  14%|█▍        | 418/3000 [03:53<25:59,  1.66it/s]
qwen2.5-vl/pope/ricd/gqa/popular/seed1:  14%|█▍        | 419/3000 [03:54<25:29,  1.69it/s]
qwen2.5-vl/pope/ricd/gqa/popular/seed1:  14%|█▍        | 420/3000 [03:54<25:07,  1.71it/s]
qwen2.5-vl/pope/ricd/gqa/popular/seed1:  14%|█▍        | 421/3000 [03:55<26:53,  1.60it/s]
qwen2.5-vl/pope/ricd/gqa/popular/seed1:  14%|█▍        | 422/3000 [03:56<28:06,  1.53it/s]
qwen2.5-vl/pope/ricd/gqa/popular/seed1:  14%|█▍        | 423/3000 [03:56<28:59,  1.48it/s]
qwen2.5-vl/pope/ricd/gqa/popular/seed1:  14%|█▍        | 424/3000 [03:57<29:37,  1.45it/s]
qwen2.5-vl/pope/ricd/gqa/popular/seed1:  14%|█▍        | 425/3000 [03:58<30:01,  1.43it/s]
qwen2.5-vl/pope/ricd/gqa/popular/seed1:  14%|█▍        | 426/3000 [03:58<30:18,  1.42it/s]
qwen2.5-vl/pope/ricd/gqa/popular/seed1:  14%|█▍        | 427/3000 [03:59<26:08,  1.64it/s]
qwen2.5-vl/pope/ricd/gqa/popular/seed1:  14%|█▍        | 428/3000 [03:59<23:12,  1.85it/s]
qwen2.5-vl/pope/ricd/gqa/popular/seed1:  14%|█▍        | 429/3000 [04:00<21:10,  2.02it/s]
qwen2.5-vl/pope/ricd/gqa/popular/seed1:  14%|█▍        | 430/3000 [04:00<19:44,  2.17it/s]
qwen2.5-vl/pope/ricd/gqa/popular/seed1:  14%|█▍        | 431/3000 [04:00<19:04,  2.25it/s]
qwen2.5-vl/pope/ricd/gqa/popular/seed1:  14%|█▍        | 432/3000 [04:01<18:23,  2.33it/s]
qwen2.5-vl/pope/ricd/gqa/popular/seed1:  14%|█▍        | 433/3000 [04:01<20:08,  2.12it/s]
qwen2.5-vl/pope/ricd/gqa/popular/seed1:  14%|█▍        | 434/3000 [04:02<21:19,  2.01it/s]
qwen2.5-vl/pope/ricd/gqa/popular/seed1:  14%|█▍        | 435/3000 [04:03<22:11,  1.93it/s]
qwen2.5-vl/pope/ricd/gqa/popular/seed1:  15%|█▍        | 436/3000 [04:03<22:46,  1.88it/s]
qwen2.5-vl/pope/ricd/gqa/popular/seed1:  15%|█▍        | 437/3000 [04:04<23:39,  1.81it/s]
qwen2.5-vl/pope/ricd/gqa/popular/seed1:  15%|█▍        | 438/3000 [04:04<23:55,  1.78it/s]
qwen2.5-vl/pope/ricd/gqa/popular/seed1:  15%|█▍        | 439/3000 [04:05<21:43,  1.96it/s]
qwen2.5-vl/pope/ricd/gqa/popular/seed1:  15%|█▍        | 440/3000 [04:05<20:08,  2.12it/s]
qwen2.5-vl/pope/ricd/gqa/popular/seed1:  15%|█▍        | 441/3000 [04:05<18:59,  2.25it/s]
qwen2.5-vl/pope/ricd/gqa/popular/seed1:  15%|█▍        | 442/3000 [04:06<18:11,  2.34it/s]
qwen2.5-vl/pope/ricd/gqa/popular/seed1:  15%|█▍        | 443/3000 [04:06<17:38,  2.42it/s]
qwen2.5-vl/pope/ricd/gqa/popular/seed1:  15%|█▍        | 444/3000 [04:07<17:15,  2.47it/s]
qwen2.5-vl/pope/ricd/gqa/popular/seed1:  15%|█▍        | 445/3000 [04:07<17:07,  2.49it/s]
qwen2.5-vl/pope/ricd/gqa/popular/seed1:  15%|█▍        | 446/3000 [04:07<17:01,  2.50it/s]
qwen2.5-vl/pope/ricd/gqa/popular/seed1:  15%|█▍        | 447/3000 [04:08<16:54,  2.52it/s]
qwen2.5-vl/pope/ricd/gqa/popular/seed1:  15%|█▍        | 448/3000 [04:08<16:47,  2.53it/s]
qwen2.5-vl/pope/ricd/gqa/popular/seed1:  15%|█▍        | 449/3000 [04:09<16:44,  2.54it/s]
qwen2.5-vl/pope/ricd/gqa/popular/seed1:  15%|█▌        | 450/3000 [04:09<16:42,  2.54it/s]
qwen2.5-vl/pope/ricd/gqa/popular/seed1:  15%|█▌        | 451/3000 [04:09<16:37,  2.55it/s]
qwen2.5-vl/pope/ricd/gqa/popular/seed1:  15%|█▌        | 452/3000 [04:10<16:33,  2.57it/s]
qwen2.5-vl/pope/ricd/gqa/popular/seed1:  15%|█▌        | 453/3000 [04:10<16:31,  2.57it/s]
qwen2.5-vl/pope/ricd/gqa/popular/seed1:  15%|█▌        | 454/3000 [04:10<16:34,  2.56it/s]
qwen2.5-vl/pope/ricd/gqa/popular/seed1:  15%|█▌        | 455/3000 [04:11<16:32,  2.56it/s]
qwen2.5-vl/pope/ricd/gqa/popular/seed1:  15%|█▌        | 456/3000 [04:11<16:30,  2.57it/s]
qwen2.5-vl/pope/ricd/gqa/popular/seed1:  15%|█▌        | 457/3000 [04:12<16:46,  2.53it/s]
qwen2.5-vl/pope/ricd/gqa/popular/seed1:  15%|█▌        | 458/3000 [04:12<16:54,  2.50it/s]
qwen2.5-vl/pope/ricd/gqa/popular/seed1:  15%|█▌        | 459/3000 [04:12<16:43,  2.53it/s]
qwen2.5-vl/pope/ricd/gqa/popular/seed1:  15%|█▌        | 460/3000 [04:13<16:38,  2.54it/s]
qwen2.5-vl/pope/ricd/gqa/popular/seed1:  15%|█▌        | 461/3000 [04:13<16:52,  2.51it/s]
qwen2.5-vl/pope/ricd/gqa/popular/seed1:  15%|█▌        | 462/3000 [04:14<17:07,  2.47it/s]
qwen2.5-vl/pope/ricd/gqa/popular/seed1:  15%|█▌        | 463/3000 [04:14<19:14,  2.20it/s]
qwen2.5-vl/pope/ricd/gqa/popular/seed1:  15%|█▌        | 464/3000 [04:15<20:44,  2.04it/s]
qwen2.5-vl/pope/ricd/gqa/popular/seed1:  16%|█▌        | 465/3000 [04:15<21:41,  1.95it/s]
qwen2.5-vl/pope/ricd/gqa/popular/seed1:  16%|█▌        | 466/3000 [04:16<22:22,  1.89it/s]
qwen2.5-vl/pope/ricd/gqa/popular/seed1:  16%|█▌        | 467/3000 [04:17<22:55,  1.84it/s]
qwen2.5-vl/pope/ricd/gqa/popular/seed1:  16%|█▌        | 468/3000 [04:17<23:21,  1.81it/s]
qwen2.5-vl/pope/ricd/gqa/popular/seed1:  16%|█▌        | 469/3000 [04:18<21:17,  1.98it/s]
qwen2.5-vl/pope/ricd/gqa/popular/seed1:  16%|█▌        | 470/3000 [04:18<19:44,  2.14it/s]
qwen2.5-vl/pope/ricd/gqa/popular/seed1:  16%|█▌        | 471/3000 [04:18<18:41,  2.26it/s]
qwen2.5-vl/pope/ricd/gqa/popular/seed1:  16%|█▌        | 472/3000 [04:19<17:57,  2.35it/s]
qwen2.5-vl/pope/ricd/gqa/popular/seed1:  16%|█▌        | 473/3000 [04:19<18:39,  2.26it/s]
qwen2.5-vl/pope/ricd/gqa/popular/seed1:  16%|█▌        | 474/3000 [04:20<18:45,  2.24it/s]
qwen2.5-vl/pope/ricd/gqa/popular/seed1:  16%|█▌        | 475/3000 [04:20<18:01,  2.33it/s]
qwen2.5-vl/pope/ricd/gqa/popular/seed1:  16%|█▌        | 476/3000 [04:20<17:33,  2.40it/s]
qwen2.5-vl/pope/ricd/gqa/popular/seed1:  16%|█▌        | 477/3000 [04:21<17:14,  2.44it/s]
qwen2.5-vl/pope/ricd/gqa/popular/seed1:  16%|█▌        | 478/3000 [04:21<16:59,  2.47it/s]
qwen2.5-vl/pope/ricd/gqa/popular/seed1:  16%|█▌        | 479/3000 [04:22<16:50,  2.49it/s]
qwen2.5-vl/pope/ricd/gqa/popular/seed1:  16%|█▌        | 480/3000 [04:22<16:40,  2.52it/s]
qwen2.5-vl/pope/ricd/gqa/popular/seed1:  16%|█▌        | 481/3000 [04:23<18:50,  2.23it/s]
qwen2.5-vl/pope/ricd/gqa/popular/seed1:  16%|█▌        | 482/3000 [04:23<20:22,  2.06it/s]
qwen2.5-vl/pope/ricd/gqa/popular/seed1:  16%|█▌        | 483/3000 [04:24<21:27,  1.95it/s]
qwen2.5-vl/pope/ricd/gqa/popular/seed1:  16%|█▌        | 484/3000 [04:24<22:12,  1.89it/s]
qwen2.5-vl/pope/ricd/gqa/popular/seed1:  16%|█▌        | 485/3000 [04:25<22:42,  1.85it/s]
qwen2.5-vl/pope/ricd/gqa/popular/seed1:  16%|█▌        | 486/3000 [04:25<23:01,  1.82it/s]
qwen2.5-vl/pope/ricd/gqa/popular/seed1:  16%|█▌        | 487/3000 [04:26<20:40,  2.03it/s]
qwen2.5-vl/pope/ricd/gqa/popular/seed1:  16%|█▋        | 488/3000 [04:26<19:08,  2.19it/s]
qwen2.5-vl/pope/ricd/gqa/popular/seed1:  16%|█▋        | 489/3000 [04:26<18:00,  2.32it/s]
qwen2.5-vl/pope/ricd/gqa/popular/seed1:  16%|█▋        | 490/3000 [04:27<17:14,  2.43it/s]
qwen2.5-vl/pope/ricd/gqa/popular/seed1:  16%|█▋        | 491/3000 [04:27<16:36,  2.52it/s]
qwen2.5-vl/pope/ricd/gqa/popular/seed1:  16%|█▋        | 492/3000 [04:28<16:11,  2.58it/s]
qwen2.5-vl/pope/ricd/gqa/popular/seed1:  16%|█▋        | 493/3000 [04:28<19:33,  2.14it/s]
qwen2.5-vl/pope/ricd/gqa/popular/seed1:  16%|█▋        | 494/3000 [04:29<21:54,  1.91it/s]
qwen2.5-vl/pope/ricd/gqa/popular/seed1:  16%|█▋        | 495/3000 [04:30<23:34,  1.77it/s]
qwen2.5-vl/pope/ricd/gqa/popular/seed1:  17%|█▋        | 496/3000 [04:30<24:43,  1.69it/s]
qwen2.5-vl/pope/ricd/gqa/popular/seed1:  17%|█▋        | 497/3000 [04:31<25:31,  1.63it/s]
qwen2.5-vl/pope/ricd/gqa/popular/seed1:  17%|█▋        | 498/3000 [04:32<26:07,  1.60it/s]
qwen2.5-vl/pope/ricd/gqa/popular/seed1:  17%|█▋        | 499/3000 [04:32<25:21,  1.64it/s]
qwen2.5-vl/pope/ricd/gqa/popular/seed1:  17%|█▋        | 500/3000 [04:33<24:51,  1.68it/s]
qwen2.5-vl/pope/ricd/gqa/popular/seed1:  17%|█▋        | 501/3000 [04:33<24:28,  1.70it/s]
qwen2.5-vl/pope/ricd/gqa/popular/seed1:  17%|█▋        | 502/3000 [04:34<24:10,  1.72it/s]
qwen2.5-vl/pope/ricd/gqa/popular/seed1:  17%|█▋        | 503/3000 [04:34<23:59,  1.73it/s]
qwen2.5-vl/pope/ricd/gqa/popular/seed1:  17%|█▋        | 504/3000 [04:35<23:50,  1.75it/s]
qwen2.5-vl/pope/ricd/gqa/popular/seed1:  17%|█▋        | 505/3000 [04:35<23:45,  1.75it/s]
qwen2.5-vl/pope/ricd/gqa/popular/seed1:  17%|█▋        | 506/3000 [04:36<23:46,  1.75it/s]
qwen2.5-vl/pope/ricd/gqa/popular/seed1:  17%|█▋        | 507/3000 [04:37<23:42,  1.75it/s]
qwen2.5-vl/pope/ricd/gqa/popular/seed1:  17%|█▋        | 508/3000 [04:37<23:40,  1.75it/s]
qwen2.5-vl/pope/ricd/gqa/popular/seed1:  17%|█▋        | 509/3000 [04:38<23:40,  1.75it/s]
qwen2.5-vl/pope/ricd/gqa/popular/seed1:  17%|█▋        | 510/3000 [04:38<23:39,  1.75it/s]
qwen2.5-vl/pope/ricd/gqa/popular/seed1:  17%|█▋        | 511/3000 [04:39<21:23,  1.94it/s]
qwen2.5-vl/pope/ricd/gqa/popular/seed1:  17%|█▋        | 512/3000 [04:39<19:44,  2.10it/s]
qwen2.5-vl/pope/ricd/gqa/popular/seed1:  17%|█▋        | 513/3000 [04:39<18:38,  2.22it/s]
qwen2.5-vl/pope/ricd/gqa/popular/seed1:  17%|█▋        | 514/3000 [04:40<17:51,  2.32it/s]
qwen2.5-vl/pope/ricd/gqa/popular/seed1:  17%|█▋        | 515/3000 [04:40<17:18,  2.39it/s]
qwen2.5-vl/pope/ricd/gqa/popular/seed1:  17%|█▋        | 516/3000 [04:41<16:59,  2.44it/s]
qwen2.5-vl/pope/ricd/gqa/popular/seed1:  17%|█▋        | 517/3000 [04:41<18:58,  2.18it/s]
qwen2.5-vl/pope/ricd/gqa/popular/seed1:  17%|█▋        | 518/3000 [04:42<20:22,  2.03it/s]
qwen2.5-vl/pope/ricd/gqa/popular/seed1:  17%|█▋        | 519/3000 [04:42<21:19,  1.94it/s]
qwen2.5-vl/pope/ricd/gqa/popular/seed1:  17%|█▋        | 520/3000 [04:43<21:58,  1.88it/s]
qwen2.5-vl/pope/ricd/gqa/popular/seed1:  17%|█▋        | 521/3000 [04:44<22:25,  1.84it/s]
qwen2.5-vl/pope/ricd/gqa/popular/seed1:  17%|█▋        | 522/3000 [04:44<22:45,  1.81it/s]
qwen2.5-vl/pope/ricd/gqa/popular/seed1:  17%|█▋        | 523/3000 [04:45<22:58,  1.80it/s]
qwen2.5-vl/pope/ricd/gqa/popular/seed1:  17%|█▋        | 524/3000 [04:45<23:06,  1.79it/s]
qwen2.5-vl/pope/ricd/gqa/popular/seed1:  18%|█▊        | 525/3000 [04:46<23:14,  1.77it/s]
qwen2.5-vl/pope/ricd/gqa/popular/seed1:  18%|█▊        | 526/3000 [04:46<23:19,  1.77it/s]
qwen2.5-vl/pope/ricd/gqa/popular/seed1:  18%|█▊        | 527/3000 [04:47<23:23,  1.76it/s]
qwen2.5-vl/pope/ricd/gqa/popular/seed1:  18%|█▊        | 528/3000 [04:47<23:23,  1.76it/s]
qwen2.5-vl/pope/ricd/gqa/popular/seed1:  18%|█▊        | 529/3000 [04:48<23:28,  1.75it/s]
qwen2.5-vl/pope/ricd/gqa/popular/seed1:  18%|█▊        | 530/3000 [04:49<23:38,  1.74it/s]
qwen2.5-vl/pope/ricd/gqa/popular/seed1:  18%|█▊        | 531/3000 [04:49<23:45,  1.73it/s]
qwen2.5-vl/pope/ricd/gqa/popular/seed1:  18%|█▊        | 532/3000 [04:50<23:45,  1.73it/s]
qwen2.5-vl/pope/ricd/gqa/popular/seed1:  18%|█▊        | 533/3000 [04:50<23:44,  1.73it/s]
qwen2.5-vl/pope/ricd/gqa/popular/seed1:  18%|█▊        | 534/3000 [04:51<23:46,  1.73it/s]
qwen2.5-vl/pope/ricd/gqa/popular/seed1:  18%|█▊        | 535/3000 [04:52<23:46,  1.73it/s]
qwen2.5-vl/pope/ricd/gqa/popular/seed1:  18%|█▊        | 536/3000 [04:52<23:46,  1.73it/s]
qwen2.5-vl/pope/ricd/gqa/popular/seed1:  18%|█▊        | 537/3000 [04:53<23:47,  1.73it/s]
qwen2.5-vl/pope/ricd/gqa/popular/seed1:  18%|█▊        | 538/3000 [04:53<23:45,  1.73it/s]
qwen2.5-vl/pope/ricd/gqa/popular/seed1:  18%|█▊        | 539/3000 [04:54<23:44,  1.73it/s]
qwen2.5-vl/pope/ricd/gqa/popular/seed1:  18%|█▊        | 540/3000 [04:54<23:42,  1.73it/s]
qwen2.5-vl/pope/ricd/gqa/popular/seed1:  18%|█▊        | 541/3000 [04:55<21:24,  1.91it/s]
qwen2.5-vl/pope/ricd/gqa/popular/seed1:  18%|█▊        | 542/3000 [04:55<19:43,  2.08it/s]
qwen2.5-vl/pope/ricd/gqa/popular/seed1:  18%|█▊        | 543/3000 [04:56<18:33,  2.21it/s]
qwen2.5-vl/pope/ricd/gqa/popular/seed1:  18%|█▊        | 544/3000 [04:56<17:45,  2.31it/s]
qwen2.5-vl/pope/ricd/gqa/popular/seed1:  18%|█▊        | 545/3000 [04:56<17:10,  2.38it/s]
qwen2.5-vl/pope/ricd/gqa/popular/seed1:  18%|█▊        | 546/3000 [04:57<16:47,  2.44it/s]
qwen2.5-vl/pope/ricd/gqa/popular/seed1:  18%|█▊        | 547/3000 [04:58<20:43,  1.97it/s]
qwen2.5-vl/pope/ricd/gqa/popular/seed1:  18%|█▊        | 548/3000 [04:58<23:26,  1.74it/s]
qwen2.5-vl/pope/ricd/gqa/popular/seed1:  18%|█▊        | 549/3000 [04:59<25:21,  1.61it/s]
qwen2.5-vl/pope/ricd/gqa/popular/seed1:  18%|█▊        | 550/3000 [05:00<26:50,  1.52it/s]
qwen2.5-vl/pope/ricd/gqa/popular/seed1:  18%|█▊        | 551/3000 [05:00<27:51,  1.47it/s]
qwen2.5-vl/pope/ricd/gqa/popular/seed1:  18%|█▊        | 552/3000 [05:01<28:22,  1.44it/s]
qwen2.5-vl/pope/ricd/gqa/popular/seed1:  18%|█▊        | 553/3000 [05:02<26:48,  1.52it/s]
qwen2.5-vl/pope/ricd/gqa/popular/seed1:  18%|█▊        | 554/3000 [05:02<25:44,  1.58it/s]
qwen2.5-vl/pope/ricd/gqa/popular/seed1:  18%|█▊        | 555/3000 [05:03<24:57,  1.63it/s]
qwen2.5-vl/pope/ricd/gqa/popular/seed1:  19%|█▊        | 556/3000 [05:03<24:26,  1.67it/s]
qwen2.5-vl/pope/ricd/gqa/popular/seed1:  19%|█▊        | 557/3000 [05:04<24:02,  1.69it/s]
qwen2.5-vl/pope/ricd/gqa/popular/seed1:  19%|█▊        | 558/3000 [05:05<23:48,  1.71it/s]
qwen2.5-vl/pope/ricd/gqa/popular/seed1:  19%|█▊        | 559/3000 [05:05<23:37,  1.72it/s]
qwen2.5-vl/pope/ricd/gqa/popular/seed1:  19%|█▊        | 560/3000 [05:06<23:31,  1.73it/s]
qwen2.5-vl/pope/ricd/gqa/popular/seed1:  19%|█▊        | 561/3000 [05:06<23:27,  1.73it/s]
qwen2.5-vl/pope/ricd/gqa/popular/seed1:  19%|█▊        | 562/3000 [05:07<23:22,  1.74it/s]
qwen2.5-vl/pope/ricd/gqa/popular/seed1:  19%|█▉        | 563/3000 [05:07<23:18,  1.74it/s]
qwen2.5-vl/pope/ricd/gqa/popular/seed1:  19%|█▉        | 564/3000 [05:08<23:15,  1.75it/s]
qwen2.5-vl/pope/ricd/gqa/popular/seed1:  19%|█▉        | 565/3000 [05:09<23:15,  1.75it/s]
qwen2.5-vl/pope/ricd/gqa/popular/seed1:  19%|█▉        | 566/3000 [05:09<23:11,  1.75it/s]
qwen2.5-vl/pope/ricd/gqa/popular/seed1:  19%|█▉        | 567/3000 [05:10<23:08,  1.75it/s]
qwen2.5-vl/pope/ricd/gqa/popular/seed1:  19%|█▉        | 568/3000 [05:10<23:06,  1.75it/s]
qwen2.5-vl/pope/ricd/gqa/popular/seed1:  19%|█▉        | 569/3000 [05:11<23:05,  1.75it/s]
qwen2.5-vl/pope/ricd/gqa/popular/seed1:  19%|█▉        | 570/3000 [05:11<23:00,  1.76it/s]
qwen2.5-vl/pope/ricd/gqa/popular/seed1:  19%|█▉        | 571/3000 [05:13<31:03,  1.30it/s]
qwen2.5-vl/pope/ricd/gqa/popular/seed1:  19%|█▉        | 572/3000 [05:14<36:31,  1.11it/s]
qwen2.5-vl/pope/ricd/gqa/popular/seed1:  19%|█▉        | 573/3000 [05:15<40:19,  1.00it/s]
qwen2.5-vl/pope/ricd/gqa/popular/seed1:  19%|█▉        | 574/3000 [05:16<43:04,  1.07s/it]
qwen2.5-vl/pope/ricd/gqa/popular/seed1:  19%|█▉        | 575/3000 [05:18<44:50,  1.11s/it]
qwen2.5-vl/pope/ricd/gqa/popular/seed1:  19%|█▉        | 576/3000 [05:19<46:04,  1.14s/it]
qwen2.5-vl/pope/ricd/gqa/popular/seed1:  19%|█▉        | 577/3000 [05:19<39:04,  1.03it/s]
qwen2.5-vl/pope/ricd/gqa/popular/seed1:  19%|█▉        | 578/3000 [05:20<34:08,  1.18it/s]
qwen2.5-vl/pope/ricd/gqa/popular/seed1:  19%|█▉        | 579/3000 [05:20<30:27,  1.33it/s]
qwen2.5-vl/pope/ricd/gqa/popular/seed1:  19%|█▉        | 580/3000 [05:21<27:50,  1.45it/s]
qwen2.5-vl/pope/ricd/gqa/popular/seed1:  19%|█▉        | 581/3000 [05:22<26:03,  1.55it/s]
qwen2.5-vl/pope/ricd/gqa/popular/seed1:  19%|█▉        | 582/3000 [05:22<24:49,  1.62it/s]
qwen2.5-vl/pope/ricd/gqa/popular/seed1:  19%|█▉        | 583/3000 [05:23<23:59,  1.68it/s]
qwen2.5-vl/pope/ricd/gqa/popular/seed1:  19%|█▉        | 584/3000 [05:23<23:31,  1.71it/s]
qwen2.5-vl/pope/ricd/gqa/popular/seed1:  20%|█▉        | 585/3000 [05:24<23:34,  1.71it/s]
qwen2.5-vl/pope/ricd/gqa/popular/seed1:  20%|█▉        | 586/3000 [05:24<23:26,  1.72it/s]
qwen2.5-vl/pope/ricd/gqa/popular/seed1:  20%|█▉        | 587/3000 [05:25<23:25,  1.72it/s]
qwen2.5-vl/pope/ricd/gqa/popular/seed1:  20%|█▉        | 588/3000 [05:25<23:13,  1.73it/s]
qwen2.5-vl/pope/ricd/gqa/popular/seed1:  20%|█▉        | 589/3000 [05:26<23:10,  1.73it/s]
qwen2.5-vl/pope/ricd/gqa/popular/seed1:  20%|█▉        | 590/3000 [05:27<23:13,  1.73it/s]
qwen2.5-vl/pope/ricd/gqa/popular/seed1:  20%|█▉        | 591/3000 [05:27<23:11,  1.73it/s]
qwen2.5-vl/pope/ricd/gqa/popular/seed1:  20%|█▉        | 592/3000 [05:28<23:11,  1.73it/s]
qwen2.5-vl/pope/ricd/gqa/popular/seed1:  20%|█▉        | 593/3000 [05:28<23:18,  1.72it/s]
qwen2.5-vl/pope/ricd/gqa/popular/seed1:  20%|█▉        | 594/3000 [05:29<23:17,  1.72it/s]
qwen2.5-vl/pope/ricd/gqa/popular/seed1:  20%|█▉        | 595/3000 [05:29<20:53,  1.92it/s]
qwen2.5-vl/pope/ricd/gqa/popular/seed1:  20%|█▉        | 596/3000 [05:30<19:16,  2.08it/s]
qwen2.5-vl/pope/ricd/gqa/popular/seed1:  20%|█▉        | 597/3000 [05:30<18:04,  2.22it/s]
qwen2.5-vl/pope/ricd/gqa/popular/seed1:  20%|█▉        | 598/3000 [05:30<17:13,  2.32it/s]
qwen2.5-vl/pope/ricd/gqa/popular/seed1:  20%|█▉        | 599/3000 [05:31<16:37,  2.41it/s]
qwen2.5-vl/pope/ricd/gqa/popular/seed1:  20%|██        | 600/3000 [05:31<16:11,  2.47it/s]
qwen2.5-vl/pope/ricd/gqa/popular/seed1:  20%|██        | 601/3000 [05:32<18:04,  2.21it/s]
qwen2.5-vl/pope/ricd/gqa/popular/seed1:  20%|██        | 602/3000 [05:32<19:20,  2.07it/s]
qwen2.5-vl/pope/ricd/gqa/popular/seed1:  20%|██        | 603/3000 [05:33<20:14,  1.97it/s]
qwen2.5-vl/pope/ricd/gqa/popular/seed1:  20%|██        | 604/3000 [05:33<20:51,  1.91it/s]
qwen2.5-vl/pope/ricd/gqa/popular/seed1:  20%|██        | 605/3000 [05:34<21:25,  1.86it/s]
qwen2.5-vl/pope/ricd/gqa/popular/seed1:  20%|██        | 606/3000 [05:35<21:46,  1.83it/s]
qwen2.5-vl/pope/ricd/gqa/popular/seed1:  20%|██        | 607/3000 [05:35<21:58,  1.81it/s]
qwen2.5-vl/pope/ricd/gqa/popular/seed1:  20%|██        | 608/3000 [05:36<22:08,  1.80it/s]
qwen2.5-vl/pope/ricd/gqa/popular/seed1:  20%|██        | 609/3000 [05:36<22:15,  1.79it/s]
qwen2.5-vl/pope/ricd/gqa/popular/seed1:  20%|██        | 610/3000 [05:37<22:21,  1.78it/s]
qwen2.5-vl/pope/ricd/gqa/popular/seed1:  20%|██        | 611/3000 [05:37<22:21,  1.78it/s]
qwen2.5-vl/pope/ricd/gqa/popular/seed1:  20%|██        | 612/3000 [05:38<22:21,  1.78it/s]
qwen2.5-vl/pope/ricd/gqa/popular/seed1:  20%|██        | 613/3000 [05:38<20:12,  1.97it/s]
qwen2.5-vl/pope/ricd/gqa/popular/seed1:  20%|██        | 614/3000 [05:39<18:44,  2.12it/s]
qwen2.5-vl/pope/ricd/gqa/popular/seed1:  20%|██        | 615/3000 [05:39<17:42,  2.25it/s]
qwen2.5-vl/pope/ricd/gqa/popular/seed1:  21%|██        | 616/3000 [05:40<16:57,  2.34it/s]
qwen2.5-vl/pope/ricd/gqa/popular/seed1:  21%|██        | 617/3000 [05:40<16:25,  2.42it/s]
qwen2.5-vl/pope/ricd/gqa/popular/seed1:  21%|██        | 618/3000 [05:40<16:03,  2.47it/s]
qwen2.5-vl/pope/ricd/gqa/popular/seed1:  21%|██        | 619/3000 [05:41<17:55,  2.21it/s]
qwen2.5-vl/pope/ricd/gqa/popular/seed1:  21%|██        | 620/3000 [05:41<19:15,  2.06it/s]
qwen2.5-vl/pope/ricd/gqa/popular/seed1:  21%|██        | 621/3000 [05:42<20:12,  1.96it/s]
qwen2.5-vl/pope/ricd/gqa/popular/seed1:  21%|██        | 622/3000 [05:43<20:52,  1.90it/s]
qwen2.5-vl/pope/ricd/gqa/popular/seed1:  21%|██        | 623/3000 [05:43<21:19,  1.86it/s]
qwen2.5-vl/pope/ricd/gqa/popular/seed1:  21%|██        | 624/3000 [05:44<21:35,  1.83it/s]
qwen2.5-vl/pope/ricd/gqa/popular/seed1:  21%|██        | 625/3000 [05:44<19:38,  2.01it/s]
qwen2.5-vl/pope/ricd/gqa/popular/seed1:  21%|██        | 626/3000 [05:44<18:16,  2.17it/s]
qwen2.5-vl/pope/ricd/gqa/popular/seed1:  21%|██        | 627/3000 [05:45<17:19,  2.28it/s]
qwen2.5-vl/pope/ricd/gqa/popular/seed1:  21%|██        | 628/3000 [05:45<16:42,  2.37it/s]
qwen2.5-vl/pope/ricd/gqa/popular/seed1:  21%|██        | 629/3000 [05:46<16:14,  2.43it/s]
qwen2.5-vl/pope/ricd/gqa/popular/seed1:  21%|██        | 630/3000 [05:46<15:55,  2.48it/s]
qwen2.5-vl/pope/ricd/gqa/popular/seed1:  21%|██        | 631/3000 [05:47<19:45,  2.00it/s]
qwen2.5-vl/pope/ricd/gqa/popular/seed1:  21%|██        | 632/3000 [05:47<22:25,  1.76it/s]
qwen2.5-vl/pope/ricd/gqa/popular/seed1:  21%|██        | 633/3000 [05:48<23:31,  1.68it/s]
qwen2.5-vl/pope/ricd/gqa/popular/seed1:  21%|██        | 634/3000 [05:49<25:00,  1.58it/s]
qwen2.5-vl/pope/ricd/gqa/popular/seed1:  21%|██        | 635/3000 [05:50<26:05,  1.51it/s]
qwen2.5-vl/pope/ricd/gqa/popular/seed1:  21%|██        | 636/3000 [05:50<26:50,  1.47it/s]
qwen2.5-vl/pope/ricd/gqa/popular/seed1:  21%|██        | 637/3000 [05:51<23:21,  1.69it/s]
qwen2.5-vl/pope/ricd/gqa/popular/seed1:  21%|██▏       | 638/3000 [05:51<20:55,  1.88it/s]
qwen2.5-vl/pope/ricd/gqa/popular/seed1:  21%|██▏       | 639/3000 [05:51<19:12,  2.05it/s]
qwen2.5-vl/pope/ricd/gqa/popular/seed1:  21%|██▏       | 640/3000 [05:52<18:00,  2.18it/s]
qwen2.5-vl/pope/ricd/gqa/popular/seed1:  21%|██▏       | 641/3000 [05:52<17:10,  2.29it/s]
qwen2.5-vl/pope/ricd/gqa/popular/seed1:  21%|██▏       | 642/3000 [05:53<16:31,  2.38it/s]
qwen2.5-vl/pope/ricd/gqa/popular/seed1:  21%|██▏       | 643/3000 [05:53<18:16,  2.15it/s]
qwen2.5-vl/pope/ricd/gqa/popular/seed1:  21%|██▏       | 644/3000 [05:54<19:29,  2.01it/s]
qwen2.5-vl/pope/ricd/gqa/popular/seed1:  22%|██▏       | 645/3000 [05:54<20:20,  1.93it/s]
qwen2.5-vl/pope/ricd/gqa/popular/seed1:  22%|██▏       | 646/3000 [05:55<20:52,  1.88it/s]
qwen2.5-vl/pope/ricd/gqa/popular/seed1:  22%|██▏       | 647/3000 [05:55<21:16,  1.84it/s]
qwen2.5-vl/pope/ricd/gqa/popular/seed1:  22%|██▏       | 648/3000 [05:56<21:32,  1.82it/s]
qwen2.5-vl/pope/ricd/gqa/popular/seed1:  22%|██▏       | 649/3000 [05:57<21:45,  1.80it/s]
qwen2.5-vl/pope/ricd/gqa/popular/seed1:  22%|██▏       | 650/3000 [05:57<22:03,  1.78it/s]
qwen2.5-vl/pope/ricd/gqa/popular/seed1:  22%|██▏       | 651/3000 [05:58<22:09,  1.77it/s]
qwen2.5-vl/pope/ricd/gqa/popular/seed1:  22%|██▏       | 652/3000 [05:58<22:12,  1.76it/s]
qwen2.5-vl/pope/ricd/gqa/popular/seed1:  22%|██▏       | 653/3000 [05:59<22:13,  1.76it/s]
qwen2.5-vl/pope/ricd/gqa/popular/seed1:  22%|██▏       | 654/3000 [05:59<22:12,  1.76it/s]
qwen2.5-vl/pope/ricd/gqa/popular/seed1:  22%|██▏       | 655/3000 [06:00<19:47,  1.98it/s]
qwen2.5-vl/pope/ricd/gqa/popular/seed1:  22%|██▏       | 656/3000 [06:00<18:02,  2.17it/s]
qwen2.5-vl/pope/ricd/gqa/popular/seed1:  22%|██▏       | 657/3000 [06:01<16:49,  2.32it/s]
qwen2.5-vl/pope/ricd/gqa/popular/seed1:  22%|██▏       | 658/3000 [06:01<15:57,  2.45it/s]
qwen2.5-vl/pope/ricd/gqa/popular/seed1:  22%|██▏       | 659/3000 [06:01<15:21,  2.54it/s]
qwen2.5-vl/pope/ricd/gqa/popular/seed1:  22%|██▏       | 660/3000 [06:02<14:55,  2.61it/s]
qwen2.5-vl/pope/ricd/gqa/popular/seed1:  22%|██▏       | 661/3000 [06:02<14:57,  2.61it/s]
qwen2.5-vl/pope/ricd/gqa/popular/seed1:  22%|██▏       | 662/3000 [06:02<15:00,  2.60it/s]
qwen2.5-vl/pope/ricd/gqa/popular/seed1:  22%|██▏       | 663/3000 [06:03<15:01,  2.59it/s]
qwen2.5-vl/pope/ricd/gqa/popular/seed1:  22%|██▏       | 664/3000 [06:03<15:02,  2.59it/s]
qwen2.5-vl/pope/ricd/gqa/popular/seed1:  22%|██▏       | 665/3000 [06:04<15:06,  2.58it/s]
qwen2.5-vl/pope/ricd/gqa/popular/seed1:  22%|██▏       | 666/3000 [06:04<15:07,  2.57it/s]
qwen2.5-vl/pope/ricd/gqa/popular/seed1:  22%|██▏       | 667/3000 [06:05<17:14,  2.26it/s]
qwen2.5-vl/pope/ricd/gqa/popular/seed1:  22%|██▏       | 668/3000 [06:05<18:43,  2.08it/s]
qwen2.5-vl/pope/ricd/gqa/popular/seed1:  22%|██▏       | 669/3000 [06:06<19:40,  1.97it/s]
qwen2.5-vl/pope/ricd/gqa/popular/seed1:  22%|██▏       | 670/3000 [06:06<20:25,  1.90it/s]
qwen2.5-vl/pope/ricd/gqa/popular/seed1:  22%|██▏       | 671/3000 [06:07<20:54,  1.86it/s]
qwen2.5-vl/pope/ricd/gqa/popular/seed1:  22%|██▏       | 672/3000 [06:07<21:13,  1.83it/s]
qwen2.5-vl/pope/ricd/gqa/popular/seed1:  22%|██▏       | 673/3000 [06:08<19:24,  2.00it/s]
qwen2.5-vl/pope/ricd/gqa/popular/seed1:  22%|██▏       | 674/3000 [06:08<18:05,  2.14it/s]
qwen2.5-vl/pope/ricd/gqa/popular/seed1:  22%|██▎       | 675/3000 [06:09<17:11,  2.25it/s]
qwen2.5-vl/pope/ricd/gqa/popular/seed1:  23%|██▎       | 676/3000 [06:09<16:31,  2.34it/s]
qwen2.5-vl/pope/ricd/gqa/popular/seed1:  23%|██▎       | 677/3000 [06:09<16:05,  2.40it/s]
qwen2.5-vl/pope/ricd/gqa/popular/seed1:  23%|██▎       | 678/3000 [06:10<15:46,  2.45it/s]
qwen2.5-vl/pope/ricd/gqa/popular/seed1:  23%|██▎       | 679/3000 [06:10<15:32,  2.49it/s]
qwen2.5-vl/pope/ricd/gqa/popular/seed1:  23%|██▎       | 680/3000 [06:10<15:20,  2.52it/s]
qwen2.5-vl/pope/ricd/gqa/popular/seed1:  23%|██▎       | 681/3000 [06:11<15:15,  2.53it/s]
qwen2.5-vl/pope/ricd/gqa/popular/seed1:  23%|██▎       | 682/3000 [06:11<15:09,  2.55it/s]
qwen2.5-vl/pope/ricd/gqa/popular/seed1:  23%|██▎       | 683/3000 [06:12<15:06,  2.55it/s]
qwen2.5-vl/pope/ricd/gqa/popular/seed1:  23%|██▎       | 684/3000 [06:12<15:01,  2.57it/s]
qwen2.5-vl/pope/ricd/gqa/popular/seed1:  23%|██▎       | 685/3000 [06:13<17:05,  2.26it/s]
qwen2.5-vl/pope/ricd/gqa/popular/seed1:  23%|██▎       | 686/3000 [06:13<18:33,  2.08it/s]
qwen2.5-vl/pope/ricd/gqa/popular/seed1:  23%|██▎       | 687/3000 [06:14<19:36,  1.97it/s]
qwen2.5-vl/pope/ricd/gqa/popular/seed1:  23%|██▎       | 688/3000 [06:14<20:18,  1.90it/s]
qwen2.5-vl/pope/ricd/gqa/popular/seed1:  23%|██▎       | 689/3000 [06:15<20:44,  1.86it/s]
qwen2.5-vl/pope/ricd/gqa/popular/seed1:  23%|██▎       | 690/3000 [06:15<21:05,  1.83it/s]
qwen2.5-vl/pope/ricd/gqa/popular/seed1:  23%|██▎       | 691/3000 [06:16<21:16,  1.81it/s]
qwen2.5-vl/pope/ricd/gqa/popular/seed1:  23%|██▎       | 692/3000 [06:17<21:30,  1.79it/s]
qwen2.5-vl/pope/ricd/gqa/popular/seed1:  23%|██▎       | 693/3000 [06:17<21:35,  1.78it/s]
qwen2.5-vl/pope/ricd/gqa/popular/seed1:  23%|██▎       | 694/3000 [06:18<21:41,  1.77it/s]
qwen2.5-vl/pope/ricd/gqa/popular/seed1:  23%|██▎       | 695/3000 [06:18<21:45,  1.77it/s]
qwen2.5-vl/pope/ricd/gqa/popular/seed1:  23%|██▎       | 696/3000 [06:19<21:48,  1.76it/s]
qwen2.5-vl/pope/ricd/gqa/popular/seed1:  23%|██▎       | 697/3000 [06:21<42:42,  1.11s/it]
qwen2.5-vl/pope/ricd/gqa/popular/seed1:  23%|██▎       | 698/3000 [06:23<55:36,  1.45s/it]
qwen2.5-vl/pope/ricd/gqa/popular/seed1:  23%|██▎       | 699/3000 [06:26<1:04:45,  1.69s/it]
qwen2.5-vl/pope/ricd/gqa/popular/seed1:  23%|██▎       | 700/3000 [06:28<1:11:03,  1.85s/it]
qwen2.5-vl/pope/ricd/gqa/popular/seed1:  23%|██▎       | 701/3000 [06:30<1:15:22,  1.97s/it]
qwen2.5-vl/pope/ricd/gqa/popular/seed1:  23%|██▎       | 702/3000 [06:32<1:18:12,  2.04s/it]
qwen2.5-vl/pope/ricd/gqa/popular/seed1:  23%|██▎       | 703/3000 [06:33<1:01:19,  1.60s/it]
qwen2.5-vl/pope/ricd/gqa/popular/seed1:  23%|██▎       | 704/3000 [06:34<49:23,  1.29s/it]  
qwen2.5-vl/pope/ricd/gqa/popular/seed1:  24%|██▎       | 705/3000 [06:34<41:08,  1.08s/it]
qwen2.5-vl/pope/ricd/gqa/popular/seed1:  24%|██▎       | 706/3000 [06:35<35:20,  1.08it/s]
qwen2.5-vl/pope/ricd/gqa/popular/seed1:  24%|██▎       | 707/3000 [06:35<31:14,  1.22it/s]
qwen2.5-vl/pope/ricd/gqa/popular/seed1:  24%|██▎       | 708/3000 [06:36<28:23,  1.35it/s]
qwen2.5-vl/pope/ricd/gqa/popular/seed1:  24%|██▎       | 709/3000 [06:36<23:36,  1.62it/s]
qwen2.5-vl/pope/ricd/gqa/popular/seed1:  24%|██▎       | 710/3000 [06:36<20:17,  1.88it/s]
qwen2.5-vl/pope/ricd/gqa/popular/seed1:  24%|██▎       | 711/3000 [06:37<17:54,  2.13it/s]
qwen2.5-vl/pope/ricd/gqa/popular/seed1:  24%|██▎       | 712/3000 [06:37<16:11,  2.35it/s]
qwen2.5-vl/pope/ricd/gqa/popular/seed1:  24%|██▍       | 713/3000 [06:37<15:00,  2.54it/s]
qwen2.5-vl/pope/ricd/gqa/popular/seed1:  24%|██▍       | 714/3000 [06:38<14:11,  2.69it/s]
qwen2.5-vl/pope/ricd/gqa/popular/seed1:  24%|██▍       | 715/3000 [06:38<16:42,  2.28it/s]
qwen2.5-vl/pope/ricd/gqa/popular/seed1:  24%|██▍       | 716/3000 [06:39<18:30,  2.06it/s]
qwen2.5-vl/pope/ricd/gqa/popular/seed1:  24%|██▍       | 717/3000 [06:40<19:47,  1.92it/s]
qwen2.5-vl/pope/ricd/gqa/popular/seed1:  24%|██▍       | 718/3000 [06:40<20:40,  1.84it/s]
qwen2.5-vl/pope/ricd/gqa/popular/seed1:  24%|██▍       | 719/3000 [06:41<21:15,  1.79it/s]
qwen2.5-vl/pope/ricd/gqa/popular/seed1:  24%|██▍       | 720/3000 [06:41<21:41,  1.75it/s]
qwen2.5-vl/pope/ricd/gqa/popular/seed1:  24%|██▍       | 721/3000 [06:42<21:49,  1.74it/s]
qwen2.5-vl/pope/ricd/gqa/popular/seed1:  24%|██▍       | 722/3000 [06:43<21:56,  1.73it/s]
qwen2.5-vl/pope/ricd/gqa/popular/seed1:  24%|██▍       | 723/3000 [06:43<21:58,  1.73it/s]
qwen2.5-vl/pope/ricd/gqa/popular/seed1:  24%|██▍       | 724/3000 [06:44<22:02,  1.72it/s]
qwen2.5-vl/pope/ricd/gqa/popular/seed1:  24%|██▍       | 725/3000 [06:44<22:02,  1.72it/s]
qwen2.5-vl/pope/ricd/gqa/popular/seed1:  24%|██▍       | 726/3000 [06:45<22:04,  1.72it/s]
qwen2.5-vl/pope/ricd/gqa/popular/seed1:  24%|██▍       | 727/3000 [06:47<44:31,  1.18s/it]
qwen2.5-vl/pope/ricd/gqa/popular/seed1:  24%|██▍       | 728/3000 [06:50<58:54,  1.56s/it]
qwen2.5-vl/pope/ricd/gqa/popular/seed1:  24%|██▍       | 729/3000 [06:52<1:09:11,  1.83s/it]
qwen2.5-vl/pope/ricd/gqa/popular/seed1:  24%|██▍       | 730/3000 [06:55<1:16:28,  2.02s/it]
qwen2.5-vl/pope/ricd/gqa/popular/seed1:  24%|██▍       | 731/3000 [06:57<1:21:33,  2.16s/it]
qwen2.5-vl/pope/ricd/gqa/popular/seed1:  24%|██▍       | 732/3000 [07:00<1:24:43,  2.24s/it]
qwen2.5-vl/pope/ricd/gqa/popular/seed1:  24%|██▍       | 733/3000 [07:00<1:05:38,  1.74s/it]
qwen2.5-vl/pope/ricd/gqa/popular/seed1:  24%|██▍       | 734/3000 [07:01<52:17,  1.38s/it]  
qwen2.5-vl/pope/ricd/gqa/popular/seed1:  24%|██▍       | 735/3000 [07:01<43:00,  1.14s/it]
qwen2.5-vl/pope/ricd/gqa/popular/seed1:  25%|██▍       | 736/3000 [07:02<36:37,  1.03it/s]
qwen2.5-vl/pope/ricd/gqa/popular/seed1:  25%|██▍       | 737/3000 [07:03<31:57,  1.18it/s]
qwen2.5-vl/pope/ricd/gqa/popular/seed1:  25%|██▍       | 738/3000 [07:03<28:45,  1.31it/s]
qwen2.5-vl/pope/ricd/gqa/popular/seed1:  25%|██▍       | 739/3000 [07:04<26:33,  1.42it/s]
qwen2.5-vl/pope/ricd/gqa/popular/seed1:  25%|██▍       | 740/3000 [07:04<24:58,  1.51it/s]
qwen2.5-vl/pope/ricd/gqa/popular/seed1:  25%|██▍       | 741/3000 [07:05<23:50,  1.58it/s]
qwen2.5-vl/pope/ricd/gqa/popular/seed1:  25%|██▍       | 742/3000 [07:05<23:04,  1.63it/s]
qwen2.5-vl/pope/ricd/gqa/popular/seed1:  25%|██▍       | 743/3000 [07:06<22:31,  1.67it/s]
qwen2.5-vl/pope/ricd/gqa/popular/seed1:  25%|██▍       | 744/3000 [07:06<22:06,  1.70it/s]
qwen2.5-vl/pope/ricd/gqa/popular/seed1:  25%|██▍       | 745/3000 [07:07<19:50,  1.89it/s]
qwen2.5-vl/pope/ricd/gqa/popular/seed1:  25%|██▍       | 746/3000 [07:07<18:13,  2.06it/s]
qwen2.5-vl/pope/ricd/gqa/popular/seed1:  25%|██▍       | 747/3000 [07:08<17:05,  2.20it/s]
qwen2.5-vl/pope/ricd/gqa/popular/seed1:  25%|██▍       | 748/3000 [07:08<16:19,  2.30it/s]
qwen2.5-vl/pope/ricd/gqa/popular/seed1:  25%|██▍       | 749/3000 [07:08<15:45,  2.38it/s]
qwen2.5-vl/pope/ricd/gqa/popular/seed1:  25%|██▌       | 750/3000 [07:09<15:20,  2.44it/s]
qwen2.5-vl/pope/ricd/gqa/popular/seed1:  25%|██▌       | 751/3000 [07:09<17:06,  2.19it/s]
qwen2.5-vl/pope/ricd/gqa/popular/seed1:  25%|██▌       | 752/3000 [07:10<18:19,  2.04it/s]
qwen2.5-vl/pope/ricd/gqa/popular/seed1:  25%|██▌       | 753/3000 [07:10<19:08,  1.96it/s]
qwen2.5-vl/pope/ricd/gqa/popular/seed1:  25%|██▌       | 754/3000 [07:11<19:43,  1.90it/s]
qwen2.5-vl/pope/ricd/gqa/popular/seed1:  25%|██▌       | 755/3000 [07:12<20:06,  1.86it/s]
qwen2.5-vl/pope/ricd/gqa/popular/seed1:  25%|██▌       | 756/3000 [07:12<20:24,  1.83it/s]
qwen2.5-vl/pope/ricd/gqa/popular/seed1:  25%|██▌       | 757/3000 [07:13<18:29,  2.02it/s]
qwen2.5-vl/pope/ricd/gqa/popular/seed1:  25%|██▌       | 758/3000 [07:13<17:08,  2.18it/s]
qwen2.5-vl/pope/ricd/gqa/popular/seed1:  25%|██▌       | 759/3000 [07:13<16:14,  2.30it/s]
qwen2.5-vl/pope/ricd/gqa/popular/seed1:  25%|██▌       | 760/3000 [07:14<15:32,  2.40it/s]
qwen2.5-vl/pope/ricd/gqa/popular/seed1:  25%|██▌       | 761/3000 [07:14<15:05,  2.47it/s]
qwen2.5-vl/pope/ricd/gqa/popular/seed1:  25%|██▌       | 762/3000 [07:14<14:47,  2.52it/s]
qwen2.5-vl/pope/ricd/gqa/popular/seed1:  25%|██▌       | 763/3000 [07:15<16:42,  2.23it/s]
qwen2.5-vl/pope/ricd/gqa/popular/seed1:  25%|██▌       | 764/3000 [07:16<18:02,  2.07it/s]
qwen2.5-vl/pope/ricd/gqa/popular/seed1:  26%|██▌       | 765/3000 [07:16<18:57,  1.96it/s]
qwen2.5-vl/pope/ricd/gqa/popular/seed1:  26%|██▌       | 766/3000 [07:17<19:35,  1.90it/s]
qwen2.5-vl/pope/ricd/gqa/popular/seed1:  26%|██▌       | 767/3000 [07:17<20:02,  1.86it/s]
qwen2.5-vl/pope/ricd/gqa/popular/seed1:  26%|██▌       | 768/3000 [07:18<20:21,  1.83it/s]
qwen2.5-vl/pope/ricd/gqa/popular/seed1:  26%|██▌       | 769/3000 [07:18<20:34,  1.81it/s]
qwen2.5-vl/pope/ricd/gqa/popular/seed1:  26%|██▌       | 770/3000 [07:19<20:45,  1.79it/s]
qwen2.5-vl/pope/ricd/gqa/popular/seed1:  26%|██▌       | 771/3000 [07:20<20:51,  1.78it/s]
qwen2.5-vl/pope/ricd/gqa/popular/seed1:  26%|██▌       | 772/3000 [07:20<20:55,  1.77it/s]
qwen2.5-vl/pope/ricd/gqa/popular/seed1:  26%|██▌       | 773/3000 [07:21<20:53,  1.78it/s]
qwen2.5-vl/pope/ricd/gqa/popular/seed1:  26%|██▌       | 774/3000 [07:21<20:52,  1.78it/s]
qwen2.5-vl/pope/ricd/gqa/popular/seed1:  26%|██▌       | 775/3000 [07:22<18:50,  1.97it/s]
qwen2.5-vl/pope/ricd/gqa/popular/seed1:  26%|██▌       | 776/3000 [07:22<17:27,  2.12it/s]
qwen2.5-vl/pope/ricd/gqa/popular/seed1:  26%|██▌       | 777/3000 [07:22<16:32,  2.24it/s]
qwen2.5-vl/pope/ricd/gqa/popular/seed1:  26%|██▌       | 778/3000 [07:23<15:51,  2.33it/s]
qwen2.5-vl/pope/ricd/gqa/popular/seed1:  26%|██▌       | 779/3000 [07:23<15:25,  2.40it/s]
qwen2.5-vl/pope/ricd/gqa/popular/seed1:  26%|██▌       | 780/3000 [07:24<15:06,  2.45it/s]
qwen2.5-vl/pope/ricd/gqa/popular/seed1:  26%|██▌       | 781/3000 [07:24<16:50,  2.20it/s]
qwen2.5-vl/pope/ricd/gqa/popular/seed1:  26%|██▌       | 782/3000 [07:25<18:05,  2.04it/s]
qwen2.5-vl/pope/ricd/gqa/popular/seed1:  26%|██▌       | 783/3000 [07:25<18:57,  1.95it/s]
qwen2.5-vl/pope/ricd/gqa/popular/seed1:  26%|██▌       | 784/3000 [07:26<19:33,  1.89it/s]
qwen2.5-vl/pope/ricd/gqa/popular/seed1:  26%|██▌       | 785/3000 [07:26<20:00,  1.84it/s]
qwen2.5-vl/pope/ricd/gqa/popular/seed1:  26%|██▌       | 786/3000 [07:27<20:17,  1.82it/s]
qwen2.5-vl/pope/ricd/gqa/popular/seed1:  26%|██▌       | 787/3000 [07:28<20:29,  1.80it/s]
qwen2.5-vl/pope/ricd/gqa/popular/seed1:  26%|██▋       | 788/3000 [07:28<20:36,  1.79it/s]
qwen2.5-vl/pope/ricd/gqa/popular/seed1:  26%|██▋       | 789/3000 [07:29<20:41,  1.78it/s]
qwen2.5-vl/pope/ricd/gqa/popular/seed1:  26%|██▋       | 790/3000 [07:29<20:45,  1.77it/s]
qwen2.5-vl/pope/ricd/gqa/popular/seed1:  26%|██▋       | 791/3000 [07:30<20:49,  1.77it/s]
qwen2.5-vl/pope/ricd/gqa/popular/seed1:  26%|██▋       | 792/3000 [07:30<20:50,  1.77it/s]
qwen2.5-vl/pope/ricd/gqa/popular/seed1:  26%|██▋       | 793/3000 [07:31<20:47,  1.77it/s]
qwen2.5-vl/pope/ricd/gqa/popular/seed1:  26%|██▋       | 794/3000 [07:32<20:45,  1.77it/s]
qwen2.5-vl/pope/ricd/gqa/popular/seed1:  26%|██▋       | 795/3000 [07:32<20:43,  1.77it/s]
qwen2.5-vl/pope/ricd/gqa/popular/seed1:  27%|██▋       | 796/3000 [07:33<20:44,  1.77it/s]
qwen2.5-vl/pope/ricd/gqa/popular/seed1:  27%|██▋       | 797/3000 [07:33<20:49,  1.76it/s]
qwen2.5-vl/pope/ricd/gqa/popular/seed1:  27%|██▋       | 798/3000 [07:34<20:50,  1.76it/s]
qwen2.5-vl/pope/ricd/gqa/popular/seed1:  27%|██▋       | 799/3000 [07:34<18:51,  1.94it/s]
qwen2.5-vl/pope/ricd/gqa/popular/seed1:  27%|██▋       | 800/3000 [07:35<17:28,  2.10it/s]
qwen2.5-vl/pope/ricd/gqa/popular/seed1:  27%|██▋       | 801/3000 [07:35<16:30,  2.22it/s]
qwen2.5-vl/pope/ricd/gqa/popular/seed1:  27%|██▋       | 802/3000 [07:35<15:50,  2.31it/s]
qwen2.5-vl/pope/ricd/gqa/popular/seed1:  27%|██▋       | 803/3000 [07:36<15:22,  2.38it/s]
qwen2.5-vl/pope/ricd/gqa/popular/seed1:  27%|██▋       | 804/3000 [07:36<15:00,  2.44it/s]
qwen2.5-vl/pope/ricd/gqa/popular/seed1:  27%|██▋       | 805/3000 [07:37<16:45,  2.18it/s]
qwen2.5-vl/pope/ricd/gqa/popular/seed1:  27%|██▋       | 806/3000 [07:37<18:00,  2.03it/s]
qwen2.5-vl/pope/ricd/gqa/popular/seed1:  27%|██▋       | 807/3000 [07:38<18:50,  1.94it/s]
qwen2.5-vl/pope/ricd/gqa/popular/seed1:  27%|██▋       | 808/3000 [07:38<19:26,  1.88it/s]
qwen2.5-vl/pope/ricd/gqa/popular/seed1:  27%|██▋       | 809/3000 [07:39<19:54,  1.83it/s]
qwen2.5-vl/pope/ricd/gqa/popular/seed1:  27%|██▋       | 810/3000 [07:40<20:10,  1.81it/s]
qwen2.5-vl/pope/ricd/gqa/popular/seed1:  27%|██▋       | 811/3000 [07:40<20:20,  1.79it/s]
qwen2.5-vl/pope/ricd/gqa/popular/seed1:  27%|██▋       | 812/3000 [07:41<20:26,  1.78it/s]
qwen2.5-vl/pope/ricd/gqa/popular/seed1:  27%|██▋       | 813/3000 [07:41<20:32,  1.77it/s]
qwen2.5-vl/pope/ricd/gqa/popular/seed1:  27%|██▋       | 814/3000 [07:42<20:36,  1.77it/s]
qwen2.5-vl/pope/ricd/gqa/popular/seed1:  27%|██▋       | 815/3000 [07:42<20:35,  1.77it/s]
qwen2.5-vl/pope/ricd/gqa/popular/seed1:  27%|██▋       | 816/3000 [07:43<20:33,  1.77it/s]
qwen2.5-vl/pope/ricd/gqa/popular/seed1:  27%|██▋       | 817/3000 [07:43<18:36,  1.96it/s]
qwen2.5-vl/pope/ricd/gqa/popular/seed1:  27%|██▋       | 818/3000 [07:44<17:14,  2.11it/s]
qwen2.5-vl/pope/ricd/gqa/popular/seed1:  27%|██▋       | 819/3000 [07:44<16:17,  2.23it/s]
qwen2.5-vl/pope/ricd/gqa/popular/seed1:  27%|██▋       | 820/3000 [07:44<15:39,  2.32it/s]
qwen2.5-vl/pope/ricd/gqa/popular/seed1:  27%|██▋       | 821/3000 [07:45<15:11,  2.39it/s]
qwen2.5-vl/pope/ricd/gqa/popular/seed1:  27%|██▋       | 822/3000 [07:45<14:52,  2.44it/s]
qwen2.5-vl/pope/ricd/gqa/popular/seed1:  27%|██▋       | 823/3000 [07:46<14:40,  2.47it/s]
qwen2.5-vl/pope/ricd/gqa/popular/seed1:  27%|██▋       | 824/3000 [07:46<14:29,  2.50it/s]
qwen2.5-vl/pope/ricd/gqa/popular/seed1:  28%|██▊       | 825/3000 [07:46<14:23,  2.52it/s]
qwen2.5-vl/pope/ricd/gqa/popular/seed1:  28%|██▊       | 826/3000 [07:47<14:19,  2.53it/s]
qwen2.5-vl/pope/ricd/gqa/popular/seed1:  28%|██▊       | 827/3000 [07:47<14:17,  2.53it/s]
qwen2.5-vl/pope/ricd/gqa/popular/seed1:  28%|██▊       | 828/3000 [07:48<14:15,  2.54it/s]
qwen2.5-vl/pope/ricd/gqa/popular/seed1:  28%|██▊       | 829/3000 [07:48<14:11,  2.55it/s]
qwen2.5-vl/pope/ricd/gqa/popular/seed1:  28%|██▊       | 830/3000 [07:48<14:08,  2.56it/s]
qwen2.5-vl/pope/ricd/gqa/popular/seed1:  28%|██▊       | 831/3000 [07:49<14:07,  2.56it/s]
qwen2.5-vl/pope/ricd/gqa/popular/seed1:  28%|██▊       | 832/3000 [07:49<14:04,  2.57it/s]
qwen2.5-vl/pope/ricd/gqa/popular/seed1:  28%|██▊       | 833/3000 [07:50<14:02,  2.57it/s]
qwen2.5-vl/pope/ricd/gqa/popular/seed1:  28%|██▊       | 834/3000 [07:50<13:59,  2.58it/s]
qwen2.5-vl/pope/ricd/gqa/popular/seed1:  28%|██▊       | 835/3000 [07:51<16:56,  2.13it/s]
qwen2.5-vl/pope/ricd/gqa/popular/seed1:  28%|██▊       | 836/3000 [07:51<18:59,  1.90it/s]
qwen2.5-vl/pope/ricd/gqa/popular/seed1:  28%|██▊       | 837/3000 [07:52<20:24,  1.77it/s]
qwen2.5-vl/pope/ricd/gqa/popular/seed1:  28%|██▊       | 838/3000 [07:53<21:22,  1.69it/s]
qwen2.5-vl/pope/ricd/gqa/popular/seed1:  28%|██▊       | 839/3000 [07:53<22:12,  1.62it/s]
qwen2.5-vl/pope/ricd/gqa/popular/seed1:  28%|██▊       | 840/3000 [07:54<22:37,  1.59it/s]
qwen2.5-vl/pope/ricd/gqa/popular/seed1:  28%|██▊       | 841/3000 [07:54<19:57,  1.80it/s]
qwen2.5-vl/pope/ricd/gqa/popular/seed1:  28%|██▊       | 842/3000 [07:55<18:06,  1.99it/s]
qwen2.5-vl/pope/ricd/gqa/popular/seed1:  28%|██▊       | 843/3000 [07:55<16:47,  2.14it/s]
qwen2.5-vl/pope/ricd/gqa/popular/seed1:  28%|██▊       | 844/3000 [07:55<15:51,  2.27it/s]
qwen2.5-vl/pope/ricd/gqa/popular/seed1:  28%|██▊       | 845/3000 [07:56<15:13,  2.36it/s]
qwen2.5-vl/pope/ricd/gqa/popular/seed1:  28%|██▊       | 846/3000 [07:56<14:46,  2.43it/s]
qwen2.5-vl/pope/ricd/gqa/popular/seed1:  28%|██▊       | 847/3000 [07:57<16:27,  2.18it/s]
qwen2.5-vl/pope/ricd/gqa/popular/seed1:  28%|██▊       | 848/3000 [07:57<17:36,  2.04it/s]
qwen2.5-vl/pope/ricd/gqa/popular/seed1:  28%|██▊       | 849/3000 [07:58<18:26,  1.94it/s]
qwen2.5-vl/pope/ricd/gqa/popular/seed1:  28%|██▊       | 850/3000 [07:58<19:00,  1.89it/s]
qwen2.5-vl/pope/ricd/gqa/popular/seed1:  28%|██▊       | 851/3000 [07:59<19:22,  1.85it/s]
qwen2.5-vl/pope/ricd/gqa/popular/seed1:  28%|██▊       | 852/3000 [08:00<19:40,  1.82it/s]
qwen2.5-vl/pope/ricd/gqa/popular/seed1:  28%|██▊       | 853/3000 [08:00<19:50,  1.80it/s]
qwen2.5-vl/pope/ricd/gqa/popular/seed1:  28%|██▊       | 854/3000 [08:01<19:59,  1.79it/s]
qwen2.5-vl/pope/ricd/gqa/popular/seed1:  28%|██▊       | 855/3000 [08:01<20:03,  1.78it/s]
qwen2.5-vl/pope/ricd/gqa/popular/seed1:  29%|██▊       | 856/3000 [08:02<20:07,  1.78it/s]
qwen2.5-vl/pope/ricd/gqa/popular/seed1:  29%|██▊       | 857/3000 [08:02<20:18,  1.76it/s]
qwen2.5-vl/pope/ricd/gqa/popular/seed1:  29%|██▊       | 858/3000 [08:03<20:18,  1.76it/s]
qwen2.5-vl/pope/ricd/gqa/popular/seed1:  29%|██▊       | 859/3000 [08:04<20:38,  1.73it/s]
qwen2.5-vl/pope/ricd/gqa/popular/seed1:  29%|██▊       | 860/3000 [08:04<20:30,  1.74it/s]
qwen2.5-vl/pope/ricd/gqa/popular/seed1:  29%|██▊       | 861/3000 [08:05<20:30,  1.74it/s]
qwen2.5-vl/pope/ricd/gqa/popular/seed1:  29%|██▊       | 862/3000 [08:05<20:29,  1.74it/s]
qwen2.5-vl/pope/ricd/gqa/popular/seed1:  29%|██▉       | 863/3000 [08:06<20:28,  1.74it/s]
qwen2.5-vl/pope/ricd/gqa/popular/seed1:  29%|██▉       | 864/3000 [08:06<20:26,  1.74it/s]
qwen2.5-vl/pope/ricd/gqa/popular/seed1:  29%|██▉       | 865/3000 [08:07<18:28,  1.93it/s]
qwen2.5-vl/pope/ricd/gqa/popular/seed1:  29%|██▉       | 866/3000 [08:07<17:06,  2.08it/s]
qwen2.5-vl/pope/ricd/gqa/popular/seed1:  29%|██▉       | 867/3000 [08:08<16:09,  2.20it/s]
qwen2.5-vl/pope/ricd/gqa/popular/seed1:  29%|██▉       | 868/3000 [08:08<15:29,  2.29it/s]
qwen2.5-vl/pope/ricd/gqa/popular/seed1:  29%|██▉       | 869/3000 [08:08<15:01,  2.36it/s]
qwen2.5-vl/pope/ricd/gqa/popular/seed1:  29%|██▉       | 870/3000 [08:09<14:36,  2.43it/s]
qwen2.5-vl/pope/ricd/gqa/popular/seed1:  29%|██▉       | 871/3000 [08:09<16:14,  2.19it/s]
qwen2.5-vl/pope/ricd/gqa/popular/seed1:  29%|██▉       | 872/3000 [08:10<17:22,  2.04it/s]
qwen2.5-vl/pope/ricd/gqa/popular/seed1:  29%|██▉       | 873/3000 [08:11<18:11,  1.95it/s]
qwen2.5-vl/pope/ricd/gqa/popular/seed1:  29%|██▉       | 874/3000 [08:11<18:43,  1.89it/s]
qwen2.5-vl/pope/ricd/gqa/popular/seed1:  29%|██▉       | 875/3000 [08:12<19:10,  1.85it/s]
qwen2.5-vl/pope/ricd/gqa/popular/seed1:  29%|██▉       | 876/3000 [08:12<19:29,  1.82it/s]
qwen2.5-vl/pope/ricd/gqa/popular/seed1:  29%|██▉       | 877/3000 [08:13<17:40,  2.00it/s]
qwen2.5-vl/pope/ricd/gqa/popular/seed1:  29%|██▉       | 878/3000 [08:13<16:23,  2.16it/s]
qwen2.5-vl/pope/ricd/gqa/popular/seed1:  29%|██▉       | 879/3000 [08:13<15:30,  2.28it/s]
qwen2.5-vl/pope/ricd/gqa/popular/seed1:  29%|██▉       | 880/3000 [08:14<14:52,  2.37it/s]
qwen2.5-vl/pope/ricd/gqa/popular/seed1:  29%|██▉       | 881/3000 [08:14<14:27,  2.44it/s]
qwen2.5-vl/pope/ricd/gqa/popular/seed1:  29%|██▉       | 882/3000 [08:15<14:10,  2.49it/s]
qwen2.5-vl/pope/ricd/gqa/popular/seed1:  29%|██▉       | 883/3000 [08:15<15:59,  2.21it/s]
qwen2.5-vl/pope/ricd/gqa/popular/seed1:  29%|██▉       | 884/3000 [08:16<17:17,  2.04it/s]
qwen2.5-vl/pope/ricd/gqa/popular/seed1:  30%|██▉       | 885/3000 [08:16<18:07,  1.94it/s]
qwen2.5-vl/pope/ricd/gqa/popular/seed1:  30%|██▉       | 886/3000 [08:17<18:41,  1.89it/s]
qwen2.5-vl/pope/ricd/gqa/popular/seed1:  30%|██▉       | 887/3000 [08:17<19:05,  1.84it/s]
qwen2.5-vl/pope/ricd/gqa/popular/seed1:  30%|██▉       | 888/3000 [08:18<19:22,  1.82it/s]
qwen2.5-vl/pope/ricd/gqa/popular/seed1:  30%|██▉       | 889/3000 [08:19<19:35,  1.80it/s]
qwen2.5-vl/pope/ricd/gqa/popular/seed1:  30%|██▉       | 890/3000 [08:19<19:43,  1.78it/s]
qwen2.5-vl/pope/ricd/gqa/popular/seed1:  30%|██▉       | 891/3000 [08:20<19:48,  1.77it/s]
qwen2.5-vl/pope/ricd/gqa/popular/seed1:  30%|██▉       | 892/3000 [08:20<19:54,  1.76it/s]
qwen2.5-vl/pope/ricd/gqa/popular/seed1:  30%|██▉       | 893/3000 [08:21<19:59,  1.76it/s]
qwen2.5-vl/pope/ricd/gqa/popular/seed1:  30%|██▉       | 894/3000 [08:21<20:04,  1.75it/s]
qwen2.5-vl/pope/ricd/gqa/popular/seed1:  30%|██▉       | 895/3000 [08:22<20:04,  1.75it/s]
qwen2.5-vl/pope/ricd/gqa/popular/seed1:  30%|██▉       | 896/3000 [08:23<20:06,  1.74it/s]
qwen2.5-vl/pope/ricd/gqa/popular/seed1:  30%|██▉       | 897/3000 [08:23<20:02,  1.75it/s]
qwen2.5-vl/pope/ricd/gqa/popular/seed1:  30%|██▉       | 898/3000 [08:24<20:01,  1.75it/s]
qwen2.5-vl/pope/ricd/gqa/popular/seed1:  30%|██▉       | 899/3000 [08:24<20:00,  1.75it/s]
qwen2.5-vl/pope/ricd/gqa/popular/seed1:  30%|███       | 900/3000 [08:25<19:59,  1.75it/s]
qwen2.5-vl/pope/ricd/gqa/popular/seed1:  30%|███       | 901/3000 [08:25<17:55,  1.95it/s]
qwen2.5-vl/pope/ricd/gqa/popular/seed1:  30%|███       | 902/3000 [08:26<16:27,  2.13it/s]
qwen2.5-vl/pope/ricd/gqa/popular/seed1:  30%|███       | 903/3000 [08:26<15:25,  2.26it/s]
qwen2.5-vl/pope/ricd/gqa/popular/seed1:  30%|███       | 904/3000 [08:26<14:44,  2.37it/s]
qwen2.5-vl/pope/ricd/gqa/popular/seed1:  30%|███       | 905/3000 [08:27<14:16,  2.44it/s]
qwen2.5-vl/pope/ricd/gqa/popular/seed1:  30%|███       | 906/3000 [08:27<13:57,  2.50it/s]
qwen2.5-vl/pope/ricd/gqa/popular/seed1:  30%|███       | 907/3000 [08:28<15:45,  2.21it/s]
qwen2.5-vl/pope/ricd/gqa/popular/seed1:  30%|███       | 908/3000 [08:28<16:58,  2.05it/s]
qwen2.5-vl/pope/ricd/gqa/popular/seed1:  30%|███       | 909/3000 [08:29<17:49,  1.95it/s]
qwen2.5-vl/pope/ricd/gqa/popular/seed1:  30%|███       | 910/3000 [08:29<18:26,  1.89it/s]
qwen2.5-vl/pope/ricd/gqa/popular/seed1:  30%|███       | 911/3000 [08:30<18:53,  1.84it/s]
qwen2.5-vl/pope/ricd/gqa/popular/seed1:  30%|███       | 912/3000 [08:31<19:07,  1.82it/s]
qwen2.5-vl/pope/ricd/gqa/popular/seed1:  30%|███       | 913/3000 [08:31<17:10,  2.02it/s]
qwen2.5-vl/pope/ricd/gqa/popular/seed1:  30%|███       | 914/3000 [08:31<15:51,  2.19it/s]
qwen2.5-vl/pope/ricd/gqa/popular/seed1:  30%|███       | 915/3000 [08:32<14:55,  2.33it/s]
qwen2.5-vl/pope/ricd/gqa/popular/seed1:  31%|███       | 916/3000 [08:32<14:11,  2.45it/s]
qwen2.5-vl/pope/ricd/gqa/popular/seed1:  31%|███       | 917/3000 [08:32<13:43,  2.53it/s]
qwen2.5-vl/pope/ricd/gqa/popular/seed1:  31%|███       | 918/3000 [08:33<13:25,  2.58it/s]
qwen2.5-vl/pope/ricd/gqa/popular/seed1:  31%|███       | 919/3000 [08:33<15:15,  2.27it/s]
qwen2.5-vl/pope/ricd/gqa/popular/seed1:  31%|███       | 920/3000 [08:34<16:32,  2.09it/s]
qwen2.5-vl/pope/ricd/gqa/popular/seed1:  31%|███       | 921/3000 [08:34<17:26,  1.99it/s]
qwen2.5-vl/pope/ricd/gqa/popular/seed1:  31%|███       | 922/3000 [08:35<18:07,  1.91it/s]
qwen2.5-vl/pope/ricd/gqa/popular/seed1:  31%|███       | 923/3000 [08:36<18:38,  1.86it/s]
qwen2.5-vl/pope/ricd/gqa/popular/seed1:  31%|███       | 924/3000 [08:36<18:57,  1.83it/s]
qwen2.5-vl/pope/ricd/gqa/popular/seed1:  31%|███       | 925/3000 [08:36<17:16,  2.00it/s]
qwen2.5-vl/pope/ricd/gqa/popular/seed1:  31%|███       | 926/3000 [08:37<16:07,  2.14it/s]
qwen2.5-vl/pope/ricd/gqa/popular/seed1:  31%|███       | 927/3000 [08:37<15:18,  2.26it/s]
qwen2.5-vl/pope/ricd/gqa/popular/seed1:  31%|███       | 928/3000 [08:38<14:45,  2.34it/s]
qwen2.5-vl/pope/ricd/gqa/popular/seed1:  31%|███       | 929/3000 [08:38<14:18,  2.41it/s]
qwen2.5-vl/pope/ricd/gqa/popular/seed1:  31%|███       | 930/3000 [08:38<14:01,  2.46it/s]
qwen2.5-vl/pope/ricd/gqa/popular/seed1:  31%|███       | 931/3000 [08:39<13:50,  2.49it/s]
qwen2.5-vl/pope/ricd/gqa/popular/seed1:  31%|███       | 932/3000 [08:39<13:41,  2.52it/s]
qwen2.5-vl/pope/ricd/gqa/popular/seed1:  31%|███       | 933/3000 [08:40<13:31,  2.55it/s]
qwen2.5-vl/pope/ricd/gqa/popular/seed1:  31%|███       | 934/3000 [08:40<13:26,  2.56it/s]
qwen2.5-vl/pope/ricd/gqa/popular/seed1:  31%|███       | 935/3000 [08:40<13:22,  2.57it/s]
qwen2.5-vl/pope/ricd/gqa/popular/seed1:  31%|███       | 936/3000 [08:41<13:21,  2.58it/s]
qwen2.5-vl/pope/ricd/gqa/popular/seed1:  31%|███       | 937/3000 [08:41<13:04,  2.63it/s]
qwen2.5-vl/pope/ricd/gqa/popular/seed1:  31%|███▏      | 938/3000 [08:41<12:55,  2.66it/s]
qwen2.5-vl/pope/ricd/gqa/popular/seed1:  31%|███▏      | 939/3000 [08:42<12:47,  2.69it/s]
qwen2.5-vl/pope/ricd/gqa/popular/seed1:  31%|███▏      | 940/3000 [08:42<12:43,  2.70it/s]
qwen2.5-vl/pope/ricd/gqa/popular/seed1:  31%|███▏      | 941/3000 [08:43<12:35,  2.72it/s]
qwen2.5-vl/pope/ricd/gqa/popular/seed1:  31%|███▏      | 942/3000 [08:43<12:35,  2.73it/s]
qwen2.5-vl/pope/ricd/gqa/popular/seed1:  31%|███▏      | 943/3000 [08:44<14:40,  2.34it/s]
qwen2.5-vl/pope/ricd/gqa/popular/seed1:  31%|███▏      | 944/3000 [08:44<16:05,  2.13it/s]
qwen2.5-vl/pope/ricd/gqa/popular/seed1:  32%|███▏      | 945/3000 [08:45<17:02,  2.01it/s]
qwen2.5-vl/pope/ricd/gqa/popular/seed1:  32%|███▏      | 946/3000 [08:45<17:44,  1.93it/s]
qwen2.5-vl/pope/ricd/gqa/popular/seed1:  32%|███▏      | 947/3000 [08:46<18:15,  1.87it/s]
qwen2.5-vl/pope/ricd/gqa/popular/seed1:  32%|███▏      | 948/3000 [08:46<18:38,  1.83it/s]
qwen2.5-vl/pope/ricd/gqa/popular/seed1:  32%|███▏      | 949/3000 [08:47<17:01,  2.01it/s]
qwen2.5-vl/pope/ricd/gqa/popular/seed1:  32%|███▏      | 950/3000 [08:47<15:54,  2.15it/s]
qwen2.5-vl/pope/ricd/gqa/popular/seed1:  32%|███▏      | 951/3000 [08:48<15:03,  2.27it/s]
qwen2.5-vl/pope/ricd/gqa/popular/seed1:  32%|███▏      | 952/3000 [08:48<14:31,  2.35it/s]
qwen2.5-vl/pope/ricd/gqa/popular/seed1:  32%|███▏      | 953/3000 [08:48<14:08,  2.41it/s]
qwen2.5-vl/pope/ricd/gqa/popular/seed1:  32%|███▏      | 954/3000 [08:49<13:51,  2.46it/s]
qwen2.5-vl/pope/ricd/gqa/popular/seed1:  32%|███▏      | 955/3000 [08:49<13:35,  2.51it/s]
qwen2.5-vl/pope/ricd/gqa/popular/seed1:  32%|███▏      | 956/3000 [08:49<13:26,  2.53it/s]
qwen2.5-vl/pope/ricd/gqa/popular/seed1:  32%|███▏      | 957/3000 [08:50<13:22,  2.55it/s]
qwen2.5-vl/pope/ricd/gqa/popular/seed1:  32%|███▏      | 958/3000 [08:50<13:14,  2.57it/s]
qwen2.5-vl/pope/ricd/gqa/popular/seed1:  32%|███▏      | 959/3000 [08:51<13:09,  2.59it/s]
qwen2.5-vl/pope/ricd/gqa/popular/seed1:  32%|███▏      | 960/3000 [08:51<13:05,  2.60it/s]
qwen2.5-vl/pope/ricd/gqa/popular/seed1:  32%|███▏      | 961/3000 [08:52<15:04,  2.25it/s]
qwen2.5-vl/pope/ricd/gqa/popular/seed1:  32%|███▏      | 962/3000 [08:52<16:29,  2.06it/s]
qwen2.5-vl/pope/ricd/gqa/popular/seed1:  32%|███▏      | 963/3000 [08:53<17:29,  1.94it/s]
qwen2.5-vl/pope/ricd/gqa/popular/seed1:  32%|███▏      | 964/3000 [08:53<18:12,  1.86it/s]
qwen2.5-vl/pope/ricd/gqa/popular/seed1:  32%|███▏      | 965/3000 [08:54<18:39,  1.82it/s]
qwen2.5-vl/pope/ricd/gqa/popular/seed1:  32%|███▏      | 966/3000 [08:54<19:04,  1.78it/s]
qwen2.5-vl/pope/ricd/gqa/popular/seed1:  32%|███▏      | 967/3000 [08:55<17:17,  1.96it/s]
qwen2.5-vl/pope/ricd/gqa/popular/seed1:  32%|███▏      | 968/3000 [08:55<16:02,  2.11it/s]
qwen2.5-vl/pope/ricd/gqa/popular/seed1:  32%|███▏      | 969/3000 [08:56<15:09,  2.23it/s]
qwen2.5-vl/pope/ricd/gqa/popular/seed1:  32%|███▏      | 970/3000 [08:56<14:31,  2.33it/s]
qwen2.5-vl/pope/ricd/gqa/popular/seed1:  32%|███▏      | 971/3000 [08:56<14:05,  2.40it/s]
qwen2.5-vl/pope/ricd/gqa/popular/seed1:  32%|███▏      | 972/3000 [08:57<13:47,  2.45it/s]
qwen2.5-vl/pope/ricd/gqa/popular/seed1:  32%|███▏      | 973/3000 [08:57<13:33,  2.49it/s]
qwen2.5-vl/pope/ricd/gqa/popular/seed1:  32%|███▏      | 974/3000 [08:58<13:26,  2.51it/s]
qwen2.5-vl/pope/ricd/gqa/popular/seed1:  32%|███▎      | 975/3000 [08:58<13:19,  2.53it/s]
qwen2.5-vl/pope/ricd/gqa/popular/seed1:  33%|███▎      | 976/3000 [08:58<13:13,  2.55it/s]
qwen2.5-vl/pope/ricd/gqa/popular/seed1:  33%|███▎      | 977/3000 [08:59<13:08,  2.57it/s]
qwen2.5-vl/pope/ricd/gqa/popular/seed1:  33%|███▎      | 978/3000 [08:59<13:04,  2.58it/s]
qwen2.5-vl/pope/ricd/gqa/popular/seed1:  33%|███▎      | 979/3000 [08:59<12:50,  2.62it/s]
qwen2.5-vl/pope/ricd/gqa/popular/seed1:  33%|███▎      | 980/3000 [09:00<12:37,  2.67it/s]
qwen2.5-vl/pope/ricd/gqa/popular/seed1:  33%|███▎      | 981/3000 [09:00<12:25,  2.71it/s]
qwen2.5-vl/pope/ricd/gqa/popular/seed1:  33%|███▎      | 982/3000 [09:01<12:16,  2.74it/s]
qwen2.5-vl/pope/ricd/gqa/popular/seed1:  33%|███▎      | 983/3000 [09:01<12:17,  2.74it/s]
qwen2.5-vl/pope/ricd/gqa/popular/seed1:  33%|███▎      | 984/3000 [09:01<12:14,  2.74it/s]
qwen2.5-vl/pope/ricd/gqa/popular/seed1:  33%|███▎      | 985/3000 [09:02<14:18,  2.35it/s]
qwen2.5-vl/pope/ricd/gqa/popular/seed1:  33%|███▎      | 986/3000 [09:02<15:40,  2.14it/s]
qwen2.5-vl/pope/ricd/gqa/popular/seed1:  33%|███▎      | 987/3000 [09:03<16:37,  2.02it/s]
qwen2.5-vl/pope/ricd/gqa/popular/seed1:  33%|███▎      | 988/3000 [09:04<17:18,  1.94it/s]
qwen2.5-vl/pope/ricd/gqa/popular/seed1:  33%|███▎      | 989/3000 [09:04<17:48,  1.88it/s]
qwen2.5-vl/pope/ricd/gqa/popular/seed1:  33%|███▎      | 990/3000 [09:05<18:08,  1.85it/s]
qwen2.5-vl/pope/ricd/gqa/popular/seed1:  33%|███▎      | 991/3000 [09:05<16:32,  2.02it/s]
qwen2.5-vl/pope/ricd/gqa/popular/seed1:  33%|███▎      | 992/3000 [09:05<15:28,  2.16it/s]
qwen2.5-vl/pope/ricd/gqa/popular/seed1:  33%|███▎      | 993/3000 [09:06<14:44,  2.27it/s]
qwen2.5-vl/pope/ricd/gqa/popular/seed1:  33%|███▎      | 994/3000 [09:06<14:14,  2.35it/s]
qwen2.5-vl/pope/ricd/gqa/popular/seed1:  33%|███▎      | 995/3000 [09:07<13:48,  2.42it/s]
qwen2.5-vl/pope/ricd/gqa/popular/seed1:  33%|███▎      | 996/3000 [09:07<13:29,  2.47it/s]
qwen2.5-vl/pope/ricd/gqa/popular/seed1:  33%|███▎      | 997/3000 [09:08<15:05,  2.21it/s]
qwen2.5-vl/pope/ricd/gqa/popular/seed1:  33%|███▎      | 998/3000 [09:08<16:11,  2.06it/s]
qwen2.5-vl/pope/ricd/gqa/popular/seed1:  33%|███▎      | 999/3000 [09:09<16:58,  1.96it/s]
qwen2.5-vl/pope/ricd/gqa/popular/seed1:  33%|███▎      | 1000/3000 [09:09<17:34,  1.90it/s]
qwen2.5-vl/pope/ricd/gqa/popular/seed1:  33%|███▎      | 1001/3000 [09:10<17:57,  1.85it/s]
qwen2.5-vl/pope/ricd/gqa/popular/seed1:  33%|███▎      | 1002/3000 [09:10<18:14,  1.83it/s]
qwen2.5-vl/pope/ricd/gqa/popular/seed1:  33%|███▎      | 1003/3000 [09:12<25:16,  1.32it/s]
qwen2.5-vl/pope/ricd/gqa/popular/seed1:  33%|███▎      | 1004/3000 [09:13<29:52,  1.11it/s]
qwen2.5-vl/pope/ricd/gqa/popular/seed1:  34%|███▎      | 1005/3000 [09:14<33:02,  1.01it/s]
qwen2.5-vl/pope/ricd/gqa/popular/seed1:  34%|███▎      | 1006/3000 [09:15<35:13,  1.06s/it]
qwen2.5-vl/pope/ricd/gqa/popular/seed1:  34%|███▎      | 1007/3000 [09:17<36:47,  1.11s/it]
qwen2.5-vl/pope/ricd/gqa/popular/seed1:  34%|███▎      | 1008/3000 [09:18<37:53,  1.14s/it]
qwen2.5-vl/pope/ricd/gqa/popular/seed1:  34%|███▎      | 1009/3000 [09:18<30:21,  1.09it/s]
qwen2.5-vl/pope/ricd/gqa/popular/seed1:  34%|███▎      | 1010/3000 [09:19<29:34,  1.12it/s]
qwen2.5-vl/pope/ricd/gqa/popular/seed1:  34%|███▎      | 1011/3000 [09:19<24:32,  1.35it/s]
qwen2.5-vl/pope/ricd/gqa/popular/seed1:  34%|███▎      | 1012/3000 [09:20<20:59,  1.58it/s]
qwen2.5-vl/pope/ricd/gqa/popular/seed1:  34%|███▍      | 1013/3000 [09:20<18:34,  1.78it/s]
qwen2.5-vl/pope/ricd/gqa/popular/seed1:  34%|███▍      | 1014/3000 [09:21<16:51,  1.96it/s]
qwen2.5-vl/pope/ricd/gqa/popular/seed1:  34%|███▍      | 1015/3000 [09:21<15:37,  2.12it/s]
qwen2.5-vl/pope/ricd/gqa/popular/seed1:  34%|███▍      | 1016/3000 [09:21<14:46,  2.24it/s]
qwen2.5-vl/pope/ricd/gqa/popular/seed1:  34%|███▍      | 1017/3000 [09:22<14:10,  2.33it/s]
qwen2.5-vl/pope/ricd/gqa/popular/seed1:  34%|███▍      | 1018/3000 [09:22<13:45,  2.40it/s]
qwen2.5-vl/pope/ricd/gqa/popular/seed1:  34%|███▍      | 1019/3000 [09:22<13:25,  2.46it/s]
qwen2.5-vl/pope/ricd/gqa/popular/seed1:  34%|███▍      | 1020/3000 [09:23<13:12,  2.50it/s]
qwen2.5-vl/pope/ricd/gqa/popular/seed1:  34%|███▍      | 1021/3000 [09:23<12:51,  2.57it/s]
qwen2.5-vl/pope/ricd/gqa/popular/seed1:  34%|███▍      | 1022/3000 [09:24<12:34,  2.62it/s]
qwen2.5-vl/pope/ricd/gqa/popular/seed1:  34%|███▍      | 1023/3000 [09:24<12:21,  2.67it/s]
qwen2.5-vl/pope/ricd/gqa/popular/seed1:  34%|███▍      | 1024/3000 [09:24<12:11,  2.70it/s]
qwen2.5-vl/pope/ricd/gqa/popular/seed1:  34%|███▍      | 1025/3000 [09:25<12:04,  2.73it/s]
qwen2.5-vl/pope/ricd/gqa/popular/seed1:  34%|███▍      | 1026/3000 [09:25<11:59,  2.74it/s]
qwen2.5-vl/pope/ricd/gqa/popular/seed1:  34%|███▍      | 1027/3000 [09:26<14:00,  2.35it/s]
qwen2.5-vl/pope/ricd/gqa/popular/seed1:  34%|███▍      | 1028/3000 [09:26<15:22,  2.14it/s]
qwen2.5-vl/pope/ricd/gqa/popular/seed1:  34%|███▍      | 1029/3000 [09:27<16:20,  2.01it/s]
qwen2.5-vl/pope/ricd/gqa/popular/seed1:  34%|███▍      | 1030/3000 [09:27<16:58,  1.93it/s]
qwen2.5-vl/pope/ricd/gqa/popular/seed1:  34%|███▍      | 1031/3000 [09:28<17:29,  1.88it/s]
qwen2.5-vl/pope/ricd/gqa/popular/seed1:  34%|███▍      | 1032/3000 [09:28<17:46,  1.84it/s]
qwen2.5-vl/pope/ricd/gqa/popular/seed1:  34%|███▍      | 1033/3000 [09:29<18:05,  1.81it/s]
qwen2.5-vl/pope/ricd/gqa/popular/seed1:  34%|███▍      | 1034/3000 [09:30<18:31,  1.77it/s]
qwen2.5-vl/pope/ricd/gqa/popular/seed1:  34%|███▍      | 1035/3000 [09:30<18:40,  1.75it/s]
qwen2.5-vl/pope/ricd/gqa/popular/seed1:  35%|███▍      | 1036/3000 [09:31<18:52,  1.73it/s]
qwen2.5-vl/pope/ricd/gqa/popular/seed1:  35%|███▍      | 1037/3000 [09:31<19:02,  1.72it/s]
qwen2.5-vl/pope/ricd/gqa/popular/seed1:  35%|███▍      | 1038/3000 [09:32<19:08,  1.71it/s]
qwen2.5-vl/pope/ricd/gqa/popular/seed1:  35%|███▍      | 1039/3000 [09:32<17:09,  1.90it/s]
qwen2.5-vl/pope/ricd/gqa/popular/seed1:  35%|███▍      | 1040/3000 [09:33<15:47,  2.07it/s]
qwen2.5-vl/pope/ricd/gqa/popular/seed1:  35%|███▍      | 1041/3000 [09:33<14:50,  2.20it/s]
qwen2.5-vl/pope/ricd/gqa/popular/seed1:  35%|███▍      | 1042/3000 [09:33<14:10,  2.30it/s]
qwen2.5-vl/pope/ricd/gqa/popular/seed1:  35%|███▍      | 1043/3000 [09:34<13:42,  2.38it/s]
qwen2.5-vl/pope/ricd/gqa/popular/seed1:  35%|███▍      | 1044/3000 [09:34<13:24,  2.43it/s]
qwen2.5-vl/pope/ricd/gqa/popular/seed1:  35%|███▍      | 1045/3000 [09:35<13:08,  2.48it/s]
qwen2.5-vl/pope/ricd/gqa/popular/seed1:  35%|███▍      | 1046/3000 [09:35<12:58,  2.51it/s]
qwen2.5-vl/pope/ricd/gqa/popular/seed1:  35%|███▍      | 1047/3000 [09:35<12:49,  2.54it/s]
qwen2.5-vl/pope/ricd/gqa/popular/seed1:  35%|███▍      | 1048/3000 [09:36<12:43,  2.56it/s]
qwen2.5-vl/pope/ricd/gqa/popular/seed1:  35%|███▍      | 1049/3000 [09:36<12:39,  2.57it/s]
qwen2.5-vl/pope/ricd/gqa/popular/seed1:  35%|███▌      | 1050/3000 [09:37<12:37,  2.57it/s]
qwen2.5-vl/pope/ricd/gqa/popular/seed1:  35%|███▌      | 1051/3000 [09:37<12:34,  2.58it/s]
qwen2.5-vl/pope/ricd/gqa/popular/seed1:  35%|███▌      | 1052/3000 [09:37<12:34,  2.58it/s]
qwen2.5-vl/pope/ricd/gqa/popular/seed1:  35%|███▌      | 1053/3000 [09:38<12:33,  2.58it/s]
qwen2.5-vl/pope/ricd/gqa/popular/seed1:  35%|███▌      | 1054/3000 [09:38<12:34,  2.58it/s]
qwen2.5-vl/pope/ricd/gqa/popular/seed1:  35%|███▌      | 1055/3000 [09:38<12:35,  2.58it/s]
qwen2.5-vl/pope/ricd/gqa/popular/seed1:  35%|███▌      | 1056/3000 [09:39<12:36,  2.57it/s]
qwen2.5-vl/pope/ricd/gqa/popular/seed1:  35%|███▌      | 1057/3000 [09:39<14:19,  2.26it/s]
qwen2.5-vl/pope/ricd/gqa/popular/seed1:  35%|███▌      | 1058/3000 [09:40<15:31,  2.09it/s]
qwen2.5-vl/pope/ricd/gqa/popular/seed1:  35%|███▌      | 1059/3000 [09:41<16:23,  1.97it/s]
qwen2.5-vl/pope/ricd/gqa/popular/seed1:  35%|███▌      | 1060/3000 [09:41<16:58,  1.90it/s]
qwen2.5-vl/pope/ricd/gqa/popular/seed1:  35%|███▌      | 1061/3000 [09:42<17:22,  1.86it/s]
qwen2.5-vl/pope/ricd/gqa/popular/seed1:  35%|███▌      | 1062/3000 [09:42<17:37,  1.83it/s]
qwen2.5-vl/pope/ricd/gqa/popular/seed1:  35%|███▌      | 1063/3000 [09:43<17:51,  1.81it/s]
qwen2.5-vl/pope/ricd/gqa/popular/seed1:  35%|███▌      | 1064/3000 [09:43<17:56,  1.80it/s]
qwen2.5-vl/pope/ricd/gqa/popular/seed1:  36%|███▌      | 1065/3000 [09:44<18:00,  1.79it/s]
qwen2.5-vl/pope/ricd/gqa/popular/seed1:  36%|███▌      | 1066/3000 [09:45<18:17,  1.76it/s]
qwen2.5-vl/pope/ricd/gqa/popular/seed1:  36%|███▌      | 1067/3000 [09:45<18:17,  1.76it/s]
qwen2.5-vl/pope/ricd/gqa/popular/seed1:  36%|███▌      | 1068/3000 [09:46<18:17,  1.76it/s]
qwen2.5-vl/pope/ricd/gqa/popular/seed1:  36%|███▌      | 1069/3000 [09:46<16:33,  1.94it/s]
qwen2.5-vl/pope/ricd/gqa/popular/seed1:  36%|███▌      | 1070/3000 [09:46<15:20,  2.10it/s]
qwen2.5-vl/pope/ricd/gqa/popular/seed1:  36%|███▌      | 1071/3000 [09:47<14:28,  2.22it/s]
qwen2.5-vl/pope/ricd/gqa/popular/seed1:  36%|███▌      | 1072/3000 [09:47<13:54,  2.31it/s]
qwen2.5-vl/pope/ricd/gqa/popular/seed1:  36%|███▌      | 1073/3000 [09:48<13:26,  2.39it/s]
qwen2.5-vl/pope/ricd/gqa/popular/seed1:  36%|███▌      | 1074/3000 [09:48<13:05,  2.45it/s]
qwen2.5-vl/pope/ricd/gqa/popular/seed1:  36%|███▌      | 1075/3000 [09:49<14:36,  2.20it/s]
qwen2.5-vl/pope/ricd/gqa/popular/seed1:  36%|███▌      | 1076/3000 [09:49<15:42,  2.04it/s]
qwen2.5-vl/pope/ricd/gqa/popular/seed1:  36%|███▌      | 1077/3000 [09:50<16:29,  1.94it/s]
qwen2.5-vl/pope/ricd/gqa/popular/seed1:  36%|███▌      | 1078/3000 [09:50<17:00,  1.88it/s]
qwen2.5-vl/pope/ricd/gqa/popular/seed1:  36%|███▌      | 1079/3000 [09:51<17:21,  1.84it/s]
qwen2.5-vl/pope/ricd/gqa/popular/seed1:  36%|███▌      | 1080/3000 [09:51<17:37,  1.82it/s]
qwen2.5-vl/pope/ricd/gqa/popular/seed1:  36%|███▌      | 1081/3000 [09:52<16:06,  1.99it/s]
qwen2.5-vl/pope/ricd/gqa/popular/seed1:  36%|███▌      | 1082/3000 [09:52<15:01,  2.13it/s]
qwen2.5-vl/pope/ricd/gqa/popular/seed1:  36%|███▌      | 1083/3000 [09:53<14:12,  2.25it/s]
qwen2.5-vl/pope/ricd/gqa/popular/seed1:  36%|███▌      | 1084/3000 [09:53<13:40,  2.33it/s]
qwen2.5-vl/pope/ricd/gqa/popular/seed1:  36%|███▌      | 1085/3000 [09:53<13:17,  2.40it/s]
qwen2.5-vl/pope/ricd/gqa/popular/seed1:  36%|███▌      | 1086/3000 [09:54<13:01,  2.45it/s]
qwen2.5-vl/pope/ricd/gqa/popular/seed1:  36%|███▌      | 1087/3000 [09:54<14:32,  2.19it/s]
qwen2.5-vl/pope/ricd/gqa/popular/seed1:  36%|███▋      | 1088/3000 [09:55<15:37,  2.04it/s]
qwen2.5-vl/pope/ricd/gqa/popular/seed1:  36%|███▋      | 1089/3000 [09:55<16:22,  1.94it/s]
qwen2.5-vl/pope/ricd/gqa/popular/seed1:  36%|███▋      | 1090/3000 [09:56<16:51,  1.89it/s]
qwen2.5-vl/pope/ricd/gqa/popular/seed1:  36%|███▋      | 1091/3000 [09:57<17:10,  1.85it/s]
qwen2.5-vl/pope/ricd/gqa/popular/seed1:  36%|███▋      | 1092/3000 [09:57<17:24,  1.83it/s]
qwen2.5-vl/pope/ricd/gqa/popular/seed1:  36%|███▋      | 1093/3000 [09:58<15:53,  2.00it/s]
qwen2.5-vl/pope/ricd/gqa/popular/seed1:  36%|███▋      | 1094/3000 [09:58<14:48,  2.15it/s]
qwen2.5-vl/pope/ricd/gqa/popular/seed1:  36%|███▋      | 1095/3000 [09:58<14:04,  2.26it/s]
qwen2.5-vl/pope/ricd/gqa/popular/seed1:  37%|███▋      | 1096/3000 [09:59<13:33,  2.34it/s]
qwen2.5-vl/pope/ricd/gqa/popular/seed1:  37%|███▋      | 1097/3000 [09:59<13:10,  2.41it/s]
qwen2.5-vl/pope/ricd/gqa/popular/seed1:  37%|███▋      | 1098/3000 [10:00<12:52,  2.46it/s]
qwen2.5-vl/pope/ricd/gqa/popular/seed1:  37%|███▋      | 1099/3000 [10:00<14:23,  2.20it/s]
qwen2.5-vl/pope/ricd/gqa/popular/seed1:  37%|███▋      | 1100/3000 [10:01<15:27,  2.05it/s]
qwen2.5-vl/pope/ricd/gqa/popular/seed1:  37%|███▋      | 1101/3000 [10:01<16:14,  1.95it/s]
qwen2.5-vl/pope/ricd/gqa/popular/seed1:  37%|███▋      | 1102/3000 [10:02<16:49,  1.88it/s]
qwen2.5-vl/pope/ricd/gqa/popular/seed1:  37%|███▋      | 1103/3000 [10:02<17:11,  1.84it/s]
qwen2.5-vl/pope/ricd/gqa/popular/seed1:  37%|███▋      | 1104/3000 [10:03<17:25,  1.81it/s]
qwen2.5-vl/pope/ricd/gqa/popular/seed1:  37%|███▋      | 1105/3000 [10:04<17:37,  1.79it/s]
qwen2.5-vl/pope/ricd/gqa/popular/seed1:  37%|███▋      | 1106/3000 [10:04<17:45,  1.78it/s]
qwen2.5-vl/pope/ricd/gqa/popular/seed1:  37%|███▋      | 1107/3000 [10:05<17:52,  1.76it/s]
qwen2.5-vl/pope/ricd/gqa/popular/seed1:  37%|███▋      | 1108/3000 [10:05<17:57,  1.76it/s]
qwen2.5-vl/pope/ricd/gqa/popular/seed1:  37%|███▋      | 1109/3000 [10:06<18:00,  1.75it/s]
qwen2.5-vl/pope/ricd/gqa/popular/seed1:  37%|███▋      | 1110/3000 [10:06<17:58,  1.75it/s]
qwen2.5-vl/pope/ricd/gqa/popular/seed1:  37%|███▋      | 1111/3000 [10:07<16:17,  1.93it/s]
qwen2.5-vl/pope/ricd/gqa/popular/seed1:  37%|███▋      | 1112/3000 [10:07<15:02,  2.09it/s]
qwen2.5-vl/pope/ricd/gqa/popular/seed1:  37%|███▋      | 1113/3000 [10:08<14:08,  2.22it/s]
qwen2.5-vl/pope/ricd/gqa/popular/seed1:  37%|███▋      | 1114/3000 [10:08<13:33,  2.32it/s]
qwen2.5-vl/pope/ricd/gqa/popular/seed1:  37%|███▋      | 1115/3000 [10:08<13:08,  2.39it/s]
qwen2.5-vl/pope/ricd/gqa/popular/seed1:  37%|███▋      | 1116/3000 [10:09<12:51,  2.44it/s]
qwen2.5-vl/pope/ricd/gqa/popular/seed1:  37%|███▋      | 1117/3000 [10:09<14:21,  2.18it/s]
qwen2.5-vl/pope/ricd/gqa/popular/seed1:  37%|███▋      | 1118/3000 [10:10<15:23,  2.04it/s]
qwen2.5-vl/pope/ricd/gqa/popular/seed1:  37%|███▋      | 1119/3000 [10:10<16:06,  1.95it/s]
qwen2.5-vl/pope/ricd/gqa/popular/seed1:  37%|███▋      | 1120/3000 [10:11<16:35,  1.89it/s]
qwen2.5-vl/pope/ricd/gqa/popular/seed1:  37%|███▋      | 1121/3000 [10:12<16:56,  1.85it/s]
qwen2.5-vl/pope/ricd/gqa/popular/seed1:  37%|███▋      | 1122/3000 [10:12<17:13,  1.82it/s]
qwen2.5-vl/pope/ricd/gqa/popular/seed1:  37%|███▋      | 1123/3000 [10:13<18:59,  1.65it/s]
qwen2.5-vl/pope/ricd/gqa/popular/seed1:  37%|███▋      | 1124/3000 [10:14<20:09,  1.55it/s]
qwen2.5-vl/pope/ricd/gqa/popular/seed1:  38%|███▊      | 1125/3000 [10:14<20:54,  1.49it/s]
qwen2.5-vl/pope/ricd/gqa/popular/seed1:  38%|███▊      | 1126/3000 [10:15<21:30,  1.45it/s]
qwen2.5-vl/pope/ricd/gqa/popular/seed1:  38%|███▊      | 1127/3000 [10:16<21:52,  1.43it/s]
qwen2.5-vl/pope/ricd/gqa/popular/seed1:  38%|███▊      | 1128/3000 [10:17<22:09,  1.41it/s]
qwen2.5-vl/pope/ricd/gqa/popular/seed1:  38%|███▊      | 1129/3000 [10:17<19:05,  1.63it/s]
qwen2.5-vl/pope/ricd/gqa/popular/seed1:  38%|███▊      | 1130/3000 [10:17<16:56,  1.84it/s]
qwen2.5-vl/pope/ricd/gqa/popular/seed1:  38%|███▊      | 1131/3000 [10:18<15:28,  2.01it/s]
qwen2.5-vl/pope/ricd/gqa/popular/seed1:  38%|███▊      | 1132/3000 [10:18<14:25,  2.16it/s]
qwen2.5-vl/pope/ricd/gqa/popular/seed1:  38%|███▊      | 1133/3000 [10:18<13:42,  2.27it/s]
qwen2.5-vl/pope/ricd/gqa/popular/seed1:  38%|███▊      | 1134/3000 [10:19<13:09,  2.36it/s]
qwen2.5-vl/pope/ricd/gqa/popular/seed1:  38%|███▊      | 1135/3000 [10:19<14:27,  2.15it/s]
qwen2.5-vl/pope/ricd/gqa/popular/seed1:  38%|███▊      | 1136/3000 [10:20<15:20,  2.02it/s]
qwen2.5-vl/pope/ricd/gqa/popular/seed1:  38%|███▊      | 1137/3000 [10:21<16:00,  1.94it/s]
qwen2.5-vl/pope/ricd/gqa/popular/seed1:  38%|███▊      | 1138/3000 [10:21<16:26,  1.89it/s]
qwen2.5-vl/pope/ricd/gqa/popular/seed1:  38%|███▊      | 1139/3000 [10:22<16:45,  1.85it/s]
qwen2.5-vl/pope/ricd/gqa/popular/seed1:  38%|███▊      | 1140/3000 [10:22<16:59,  1.82it/s]
qwen2.5-vl/pope/ricd/gqa/popular/seed1:  38%|███▊      | 1141/3000 [10:23<17:09,  1.81it/s]
qwen2.5-vl/pope/ricd/gqa/popular/seed1:  38%|███▊      | 1142/3000 [10:23<17:19,  1.79it/s]
qwen2.5-vl/pope/ricd/gqa/popular/seed1:  38%|███▊      | 1143/3000 [10:24<17:24,  1.78it/s]
qwen2.5-vl/pope/ricd/gqa/popular/seed1:  38%|███▊      | 1144/3000 [10:24<17:27,  1.77it/s]
qwen2.5-vl/pope/ricd/gqa/popular/seed1:  38%|███▊      | 1145/3000 [10:25<17:28,  1.77it/s]
qwen2.5-vl/pope/ricd/gqa/popular/seed1:  38%|███▊      | 1146/3000 [10:26<17:29,  1.77it/s]
qwen2.5-vl/pope/ricd/gqa/popular/seed1:  38%|███▊      | 1147/3000 [10:26<17:28,  1.77it/s]
qwen2.5-vl/pope/ricd/gqa/popular/seed1:  38%|███▊      | 1148/3000 [10:27<17:30,  1.76it/s]
qwen2.5-vl/pope/ricd/gqa/popular/seed1:  38%|███▊      | 1149/3000 [10:27<17:30,  1.76it/s]
qwen2.5-vl/pope/ricd/gqa/popular/seed1:  38%|███▊      | 1150/3000 [10:28<17:31,  1.76it/s]
qwen2.5-vl/pope/ricd/gqa/popular/seed1:  38%|███▊      | 1151/3000 [10:28<17:27,  1.77it/s]
qwen2.5-vl/pope/ricd/gqa/popular/seed1:  38%|███▊      | 1152/3000 [10:29<17:25,  1.77it/s]
qwen2.5-vl/pope/ricd/gqa/popular/seed1:  38%|███▊      | 1153/3000 [10:30<17:24,  1.77it/s]
qwen2.5-vl/pope/ricd/gqa/popular/seed1:  38%|███▊      | 1154/3000 [10:30<17:26,  1.76it/s]
qwen2.5-vl/pope/ricd/gqa/popular/seed1:  38%|███▊      | 1155/3000 [10:31<17:27,  1.76it/s]
qwen2.5-vl/pope/ricd/gqa/popular/seed1:  39%|███▊      | 1156/3000 [10:31<17:26,  1.76it/s]
qwen2.5-vl/pope/ricd/gqa/popular/seed1:  39%|███▊      | 1157/3000 [10:32<17:24,  1.77it/s]
qwen2.5-vl/pope/ricd/gqa/popular/seed1:  39%|███▊      | 1158/3000 [10:32<17:21,  1.77it/s]
qwen2.5-vl/pope/ricd/gqa/popular/seed1:  39%|███▊      | 1159/3000 [10:33<17:22,  1.77it/s]
qwen2.5-vl/pope/ricd/gqa/popular/seed1:  39%|███▊      | 1160/3000 [10:34<17:21,  1.77it/s]
qwen2.5-vl/pope/ricd/gqa/popular/seed1:  39%|███▊      | 1161/3000 [10:34<17:20,  1.77it/s]
qwen2.5-vl/pope/ricd/gqa/popular/seed1:  39%|███▊      | 1162/3000 [10:35<17:20,  1.77it/s]
qwen2.5-vl/pope/ricd/gqa/popular/seed1:  39%|███▉      | 1163/3000 [10:35<17:23,  1.76it/s]
qwen2.5-vl/pope/ricd/gqa/popular/seed1:  39%|███▉      | 1164/3000 [10:36<17:23,  1.76it/s]
qwen2.5-vl/pope/ricd/gqa/popular/seed1:  39%|███▉      | 1165/3000 [10:36<17:19,  1.77it/s]
qwen2.5-vl/pope/ricd/gqa/popular/seed1:  39%|███▉      | 1166/3000 [10:37<17:16,  1.77it/s]
qwen2.5-vl/pope/ricd/gqa/popular/seed1:  39%|███▉      | 1167/3000 [10:38<17:15,  1.77it/s]
qwen2.5-vl/pope/ricd/gqa/popular/seed1:  39%|███▉      | 1168/3000 [10:38<17:15,  1.77it/s]
qwen2.5-vl/pope/ricd/gqa/popular/seed1:  39%|███▉      | 1169/3000 [10:39<17:15,  1.77it/s]
qwen2.5-vl/pope/ricd/gqa/popular/seed1:  39%|███▉      | 1170/3000 [10:39<17:14,  1.77it/s]
qwen2.5-vl/pope/ricd/gqa/popular/seed1:  39%|███▉      | 1171/3000 [10:40<17:13,  1.77it/s]
qwen2.5-vl/pope/ricd/gqa/popular/seed1:  39%|███▉      | 1172/3000 [10:40<17:12,  1.77it/s]
qwen2.5-vl/pope/ricd/gqa/popular/seed1:  39%|███▉      | 1173/3000 [10:41<17:11,  1.77it/s]
qwen2.5-vl/pope/ricd/gqa/popular/seed1:  39%|███▉      | 1174/3000 [10:41<17:10,  1.77it/s]
qwen2.5-vl/pope/ricd/gqa/popular/seed1:  39%|███▉      | 1175/3000 [10:42<17:09,  1.77it/s]
qwen2.5-vl/pope/ricd/gqa/popular/seed1:  39%|███▉      | 1176/3000 [10:43<17:09,  1.77it/s]
qwen2.5-vl/pope/ricd/gqa/popular/seed1:  39%|███▉      | 1177/3000 [10:43<17:08,  1.77it/s]
qwen2.5-vl/pope/ricd/gqa/popular/seed1:  39%|███▉      | 1178/3000 [10:44<17:09,  1.77it/s]
qwen2.5-vl/pope/ricd/gqa/popular/seed1:  39%|███▉      | 1179/3000 [10:44<17:08,  1.77it/s]
qwen2.5-vl/pope/ricd/gqa/popular/seed1:  39%|███▉      | 1180/3000 [10:45<17:08,  1.77it/s]
qwen2.5-vl/pope/ricd/gqa/popular/seed1:  39%|███▉      | 1181/3000 [10:45<17:09,  1.77it/s]
qwen2.5-vl/pope/ricd/gqa/popular/seed1:  39%|███▉      | 1182/3000 [10:46<17:11,  1.76it/s]
qwen2.5-vl/pope/ricd/gqa/popular/seed1:  39%|███▉      | 1183/3000 [10:46<15:31,  1.95it/s]
qwen2.5-vl/pope/ricd/gqa/popular/seed1:  39%|███▉      | 1184/3000 [10:47<14:21,  2.11it/s]
qwen2.5-vl/pope/ricd/gqa/popular/seed1:  40%|███▉      | 1185/3000 [10:47<13:30,  2.24it/s]
qwen2.5-vl/pope/ricd/gqa/popular/seed1:  40%|███▉      | 1186/3000 [10:48<12:55,  2.34it/s]
qwen2.5-vl/pope/ricd/gqa/popular/seed1:  40%|███▉      | 1187/3000 [10:48<12:30,  2.41it/s]
qwen2.5-vl/pope/ricd/gqa/popular/seed1:  40%|███▉      | 1188/3000 [10:48<12:14,  2.47it/s]
qwen2.5-vl/pope/ricd/gqa/popular/seed1:  40%|███▉      | 1189/3000 [10:49<14:56,  2.02it/s]
qwen2.5-vl/pope/ricd/gqa/popular/seed1:  40%|███▉      | 1190/3000 [10:50<16:48,  1.79it/s]
qwen2.5-vl/pope/ricd/gqa/popular/seed1:  40%|███▉      | 1191/3000 [10:50<18:07,  1.66it/s]
qwen2.5-vl/pope/ricd/gqa/popular/seed1:  40%|███▉      | 1192/3000 [10:51<19:02,  1.58it/s]
qwen2.5-vl/pope/ricd/gqa/popular/seed1:  40%|███▉      | 1193/3000 [10:52<19:43,  1.53it/s]
qwen2.5-vl/pope/ricd/gqa/popular/seed1:  40%|███▉      | 1194/3000 [10:53<20:14,  1.49it/s]
qwen2.5-vl/pope/ricd/gqa/popular/seed1:  40%|███▉      | 1195/3000 [10:53<19:16,  1.56it/s]
qwen2.5-vl/pope/ricd/gqa/popular/seed1:  40%|███▉      | 1196/3000 [10:54<18:33,  1.62it/s]
qwen2.5-vl/pope/ricd/gqa/popular/seed1:  40%|███▉      | 1197/3000 [10:54<18:05,  1.66it/s]
qwen2.5-vl/pope/ricd/gqa/popular/seed1:  40%|███▉      | 1198/3000 [10:55<17:43,  1.69it/s]
qwen2.5-vl/pope/ricd/gqa/popular/seed1:  40%|███▉      | 1199/3000 [10:55<17:29,  1.72it/s]
qwen2.5-vl/pope/ricd/gqa/popular/seed1:  40%|████      | 1200/3000 [10:56<17:20,  1.73it/s]
qwen2.5-vl/pope/ricd/gqa/popular/seed1:  40%|████      | 1201/3000 [10:57<17:16,  1.74it/s]
qwen2.5-vl/pope/ricd/gqa/popular/seed1:  40%|████      | 1202/3000 [10:57<17:12,  1.74it/s]
qwen2.5-vl/pope/ricd/gqa/popular/seed1:  40%|████      | 1203/3000 [10:58<17:09,  1.75it/s]
qwen2.5-vl/pope/ricd/gqa/popular/seed1:  40%|████      | 1204/3000 [10:58<17:08,  1.75it/s]
qwen2.5-vl/pope/ricd/gqa/popular/seed1:  40%|████      | 1205/3000 [10:59<17:05,  1.75it/s]
qwen2.5-vl/pope/ricd/gqa/popular/seed1:  40%|████      | 1206/3000 [10:59<17:04,  1.75it/s]
qwen2.5-vl/pope/ricd/gqa/popular/seed1:  40%|████      | 1207/3000 [11:00<17:05,  1.75it/s]
qwen2.5-vl/pope/ricd/gqa/popular/seed1:  40%|████      | 1208/3000 [11:01<17:05,  1.75it/s]
qwen2.5-vl/pope/ricd/gqa/popular/seed1:  40%|████      | 1209/3000 [11:01<17:04,  1.75it/s]
qwen2.5-vl/pope/ricd/gqa/popular/seed1:  40%|████      | 1210/3000 [11:02<17:02,  1.75it/s]
qwen2.5-vl/pope/ricd/gqa/popular/seed1:  40%|████      | 1211/3000 [11:02<17:02,  1.75it/s]
qwen2.5-vl/pope/ricd/gqa/popular/seed1:  40%|████      | 1212/3000 [11:03<17:01,  1.75it/s]
qwen2.5-vl/pope/ricd/gqa/popular/seed1:  40%|████      | 1213/3000 [11:04<22:55,  1.30it/s]
qwen2.5-vl/pope/ricd/gqa/popular/seed1:  40%|████      | 1214/3000 [11:05<26:54,  1.11it/s]
qwen2.5-vl/pope/ricd/gqa/popular/seed1:  40%|████      | 1215/3000 [11:06<29:38,  1.00it/s]
qwen2.5-vl/pope/ricd/gqa/popular/seed1:  41%|████      | 1216/3000 [11:08<31:41,  1.07s/it]
qwen2.5-vl/pope/ricd/gqa/popular/seed1:  41%|████      | 1217/3000 [11:09<33:03,  1.11s/it]
qwen2.5-vl/pope/ricd/gqa/popular/seed1:  41%|████      | 1218/3000 [11:10<34:04,  1.15s/it]
qwen2.5-vl/pope/ricd/gqa/popular/seed1:  41%|████      | 1219/3000 [11:11<27:11,  1.09it/s]
qwen2.5-vl/pope/ricd/gqa/popular/seed1:  41%|████      | 1220/3000 [11:11<22:22,  1.33it/s]
qwen2.5-vl/pope/ricd/gqa/popular/seed1:  41%|████      | 1221/3000 [11:11<18:59,  1.56it/s]
qwen2.5-vl/pope/ricd/gqa/popular/seed1:  41%|████      | 1222/3000 [11:12<16:37,  1.78it/s]
qwen2.5-vl/pope/ricd/gqa/popular/seed1:  41%|████      | 1223/3000 [11:12<14:56,  1.98it/s]
qwen2.5-vl/pope/ricd/gqa/popular/seed1:  41%|████      | 1224/3000 [11:12<13:48,  2.14it/s]
qwen2.5-vl/pope/ricd/gqa/popular/seed1:  41%|████      | 1225/3000 [11:13<14:42,  2.01it/s]
qwen2.5-vl/pope/ricd/gqa/popular/seed1:  41%|████      | 1226/3000 [11:14<15:20,  1.93it/s]
qwen2.5-vl/pope/ricd/gqa/popular/seed1:  41%|████      | 1227/3000 [11:14<15:47,  1.87it/s]
qwen2.5-vl/pope/ricd/gqa/popular/seed1:  41%|████      | 1228/3000 [11:15<16:05,  1.83it/s]
qwen2.5-vl/pope/ricd/gqa/popular/seed1:  41%|████      | 1229/3000 [11:15<16:18,  1.81it/s]
qwen2.5-vl/pope/ricd/gqa/popular/seed1:  41%|████      | 1230/3000 [11:16<16:27,  1.79it/s]
qwen2.5-vl/pope/ricd/gqa/popular/seed1:  41%|████      | 1231/3000 [11:16<16:40,  1.77it/s]
qwen2.5-vl/pope/ricd/gqa/popular/seed1:  41%|████      | 1232/3000 [11:17<16:48,  1.75it/s]
qwen2.5-vl/pope/ricd/gqa/popular/seed1:  41%|████      | 1233/3000 [11:18<16:54,  1.74it/s]
qwen2.5-vl/pope/ricd/gqa/popular/seed1:  41%|████      | 1234/3000 [11:18<16:58,  1.73it/s]
qwen2.5-vl/pope/ricd/gqa/popular/seed1:  41%|████      | 1235/3000 [11:19<17:03,  1.72it/s]
qwen2.5-vl/pope/ricd/gqa/popular/seed1:  41%|████      | 1236/3000 [11:19<17:07,  1.72it/s]
qwen2.5-vl/pope/ricd/gqa/popular/seed1:  41%|████      | 1237/3000 [11:20<16:57,  1.73it/s]
qwen2.5-vl/pope/ricd/gqa/popular/seed1:  41%|████▏     | 1238/3000 [11:20<16:50,  1.74it/s]
qwen2.5-vl/pope/ricd/gqa/popular/seed1:  41%|████▏     | 1239/3000 [11:21<16:46,  1.75it/s]
qwen2.5-vl/pope/ricd/gqa/popular/seed1:  41%|████▏     | 1240/3000 [11:22<16:45,  1.75it/s]
qwen2.5-vl/pope/ricd/gqa/popular/seed1:  41%|████▏     | 1241/3000 [11:22<16:44,  1.75it/s]
qwen2.5-vl/pope/ricd/gqa/popular/seed1:  41%|████▏     | 1242/3000 [11:23<16:41,  1.76it/s]
qwen2.5-vl/pope/ricd/gqa/popular/seed1:  41%|████▏     | 1243/3000 [11:23<16:59,  1.72it/s]
qwen2.5-vl/pope/ricd/gqa/popular/seed1:  41%|████▏     | 1244/3000 [11:24<17:12,  1.70it/s]
qwen2.5-vl/pope/ricd/gqa/popular/seed1:  42%|████▏     | 1245/3000 [11:25<17:23,  1.68it/s]
qwen2.5-vl/pope/ricd/gqa/popular/seed1:  42%|████▏     | 1246/3000 [11:25<17:29,  1.67it/s]
qwen2.5-vl/pope/ricd/gqa/popular/seed1:  42%|████▏     | 1247/3000 [11:26<17:32,  1.67it/s]
qwen2.5-vl/pope/ricd/gqa/popular/seed1:  42%|████▏     | 1248/3000 [11:26<17:34,  1.66it/s]
qwen2.5-vl/pope/ricd/gqa/popular/seed1:  42%|████▏     | 1249/3000 [11:27<15:42,  1.86it/s]
qwen2.5-vl/pope/ricd/gqa/popular/seed1:  42%|████▏     | 1250/3000 [11:27<14:17,  2.04it/s]
qwen2.5-vl/pope/ricd/gqa/popular/seed1:  42%|████▏     | 1251/3000 [11:27<13:17,  2.19it/s]
qwen2.5-vl/pope/ricd/gqa/popular/seed1:  42%|████▏     | 1252/3000 [11:28<12:35,  2.31it/s]
qwen2.5-vl/pope/ricd/gqa/popular/seed1:  42%|████▏     | 1253/3000 [11:28<12:04,  2.41it/s]
qwen2.5-vl/pope/ricd/gqa/popular/seed1:  42%|████▏     | 1254/3000 [11:29<11:42,  2.48it/s]
qwen2.5-vl/pope/ricd/gqa/popular/seed1:  42%|████▏     | 1255/3000 [11:29<13:09,  2.21it/s]
qwen2.5-vl/pope/ricd/gqa/popular/seed1:  42%|████▏     | 1256/3000 [11:30<14:12,  2.05it/s]
qwen2.5-vl/pope/ricd/gqa/popular/seed1:  42%|████▏     | 1257/3000 [11:30<14:57,  1.94it/s]
qwen2.5-vl/pope/ricd/gqa/popular/seed1:  42%|████▏     | 1258/3000 [11:31<15:28,  1.88it/s]
qwen2.5-vl/pope/ricd/gqa/popular/seed1:  42%|████▏     | 1259/3000 [11:31<15:49,  1.83it/s]
qwen2.5-vl/pope/ricd/gqa/popular/seed1:  42%|████▏     | 1260/3000 [11:32<16:05,  1.80it/s]
qwen2.5-vl/pope/ricd/gqa/popular/seed1:  42%|████▏     | 1261/3000 [11:34<29:27,  1.02s/it]
qwen2.5-vl/pope/ricd/gqa/popular/seed1:  42%|████▏     | 1262/3000 [11:36<37:57,  1.31s/it]
qwen2.5-vl/pope/ricd/gqa/popular/seed1:  42%|████▏     | 1263/3000 [11:38<43:48,  1.51s/it]
qwen2.5-vl/pope/ricd/gqa/popular/seed1:  42%|████▏     | 1264/3000 [11:40<47:49,  1.65s/it]
qwen2.5-vl/pope/ricd/gqa/popular/seed1:  42%|████▏     | 1265/3000 [11:42<50:36,  1.75s/it]
qwen2.5-vl/pope/ricd/gqa/popular/seed1:  42%|████▏     | 1266/3000 [11:44<52:34,  1.82s/it]
qwen2.5-vl/pope/ricd/gqa/popular/seed1:  42%|████▏     | 1267/3000 [11:44<39:06,  1.35s/it]
qwen2.5-vl/pope/ricd/gqa/popular/seed1:  42%|████▏     | 1268/3000 [11:45<29:40,  1.03s/it]
qwen2.5-vl/pope/ricd/gqa/popular/seed1:  42%|████▏     | 1269/3000 [11:45<23:05,  1.25it/s]
qwen2.5-vl/pope/ricd/gqa/popular/seed1:  42%|████▏     | 1270/3000 [11:45<18:28,  1.56it/s]
qwen2.5-vl/pope/ricd/gqa/popular/seed1:  42%|████▏     | 1271/3000 [11:45<15:14,  1.89it/s]
qwen2.5-vl/pope/ricd/gqa/popular/seed1:  42%|████▏     | 1272/3000 [11:46<12:57,  2.22it/s]
qwen2.5-vl/pope/ricd/gqa/popular/seed1:  42%|████▏     | 1273/3000 [11:46<12:25,  2.32it/s]
qwen2.5-vl/pope/ricd/gqa/popular/seed1:  42%|████▏     | 1274/3000 [11:46<12:02,  2.39it/s]
qwen2.5-vl/pope/ricd/gqa/popular/seed1:  42%|████▎     | 1275/3000 [11:47<11:49,  2.43it/s]
qwen2.5-vl/pope/ricd/gqa/popular/seed1:  43%|████▎     | 1276/3000 [11:47<11:37,  2.47it/s]
qwen2.5-vl/pope/ricd/gqa/popular/seed1:  43%|████▎     | 1277/3000 [11:48<11:29,  2.50it/s]
qwen2.5-vl/pope/ricd/gqa/popular/seed1:  43%|████▎     | 1278/3000 [11:48<11:24,  2.52it/s]
qwen2.5-vl/pope/ricd/gqa/popular/seed1:  43%|████▎     | 1279/3000 [11:48<11:19,  2.53it/s]
qwen2.5-vl/pope/ricd/gqa/popular/seed1:  43%|████▎     | 1280/3000 [11:49<11:16,  2.54it/s]
qwen2.5-vl/pope/ricd/gqa/popular/seed1:  43%|████▎     | 1281/3000 [11:49<11:15,  2.54it/s]
qwen2.5-vl/pope/ricd/gqa/popular/seed1:  43%|████▎     | 1282/3000 [11:50<11:15,  2.54it/s]
qwen2.5-vl/pope/ricd/gqa/popular/seed1:  43%|████▎     | 1283/3000 [11:50<11:11,  2.56it/s]
qwen2.5-vl/pope/ricd/gqa/popular/seed1:  43%|████▎     | 1284/3000 [11:50<11:10,  2.56it/s]
qwen2.5-vl/pope/ricd/gqa/popular/seed1:  43%|████▎     | 1285/3000 [11:51<12:43,  2.25it/s]
qwen2.5-vl/pope/ricd/gqa/popular/seed1:  43%|████▎     | 1286/3000 [11:51<13:44,  2.08it/s]
qwen2.5-vl/pope/ricd/gqa/popular/seed1:  43%|████▎     | 1287/3000 [11:52<14:26,  1.98it/s]
qwen2.5-vl/pope/ricd/gqa/popular/seed1:  43%|████▎     | 1288/3000 [11:53<14:56,  1.91it/s]
qwen2.5-vl/pope/ricd/gqa/popular/seed1:  43%|████▎     | 1289/3000 [11:53<15:20,  1.86it/s]
qwen2.5-vl/pope/ricd/gqa/popular/seed1:  43%|████▎     | 1290/3000 [11:54<15:35,  1.83it/s]
qwen2.5-vl/pope/ricd/gqa/popular/seed1:  43%|████▎     | 1291/3000 [11:54<15:49,  1.80it/s]
qwen2.5-vl/pope/ricd/gqa/popular/seed1:  43%|████▎     | 1292/3000 [11:55<15:57,  1.78it/s]
qwen2.5-vl/pope/ricd/gqa/popular/seed1:  43%|████▎     | 1293/3000 [11:55<16:01,  1.78it/s]
qwen2.5-vl/pope/ricd/gqa/popular/seed1:  43%|████▎     | 1294/3000 [11:56<16:06,  1.77it/s]
qwen2.5-vl/pope/ricd/gqa/popular/seed1:  43%|████▎     | 1295/3000 [11:57<16:06,  1.76it/s]
qwen2.5-vl/pope/ricd/gqa/popular/seed1:  43%|████▎     | 1296/3000 [11:57<16:09,  1.76it/s]
qwen2.5-vl/pope/ricd/gqa/popular/seed1:  43%|████▎     | 1297/3000 [11:58<17:29,  1.62it/s]
qwen2.5-vl/pope/ricd/gqa/popular/seed1:  43%|████▎     | 1298/3000 [11:59<18:28,  1.54it/s]
qwen2.5-vl/pope/ricd/gqa/popular/seed1:  43%|████▎     | 1299/3000 [11:59<19:08,  1.48it/s]
qwen2.5-vl/pope/ricd/gqa/popular/seed1:  43%|████▎     | 1300/3000 [12:00<19:33,  1.45it/s]
qwen2.5-vl/pope/ricd/gqa/popular/seed1:  43%|████▎     | 1301/3000 [12:01<19:53,  1.42it/s]
qwen2.5-vl/pope/ricd/gqa/popular/seed1:  43%|████▎     | 1302/3000 [12:02<20:06,  1.41it/s]
qwen2.5-vl/pope/ricd/gqa/popular/seed1:  43%|████▎     | 1303/3000 [12:02<17:24,  1.62it/s]
qwen2.5-vl/pope/ricd/gqa/popular/seed1:  43%|████▎     | 1304/3000 [12:02<15:27,  1.83it/s]
qwen2.5-vl/pope/ricd/gqa/popular/seed1:  44%|████▎     | 1305/3000 [12:03<14:04,  2.01it/s]
qwen2.5-vl/pope/ricd/gqa/popular/seed1:  44%|████▎     | 1306/3000 [12:03<13:09,  2.15it/s]
qwen2.5-vl/pope/ricd/gqa/popular/seed1:  44%|████▎     | 1307/3000 [12:04<12:27,  2.26it/s]
qwen2.5-vl/pope/ricd/gqa/popular/seed1:  44%|████▎     | 1308/3000 [12:04<11:59,  2.35it/s]
qwen2.5-vl/pope/ricd/gqa/popular/seed1:  44%|████▎     | 1309/3000 [12:04<13:14,  2.13it/s]
qwen2.5-vl/pope/ricd/gqa/popular/seed1:  44%|████▎     | 1310/3000 [12:05<14:05,  2.00it/s]
qwen2.5-vl/pope/ricd/gqa/popular/seed1:  44%|████▎     | 1311/3000 [12:06<14:42,  1.91it/s]
qwen2.5-vl/pope/ricd/gqa/popular/seed1:  44%|████▎     | 1312/3000 [12:06<15:06,  1.86it/s]
qwen2.5-vl/pope/ricd/gqa/popular/seed1:  44%|████▍     | 1313/3000 [12:07<15:23,  1.83it/s]
qwen2.5-vl/pope/ricd/gqa/popular/seed1:  44%|████▍     | 1314/3000 [12:07<15:34,  1.80it/s]
qwen2.5-vl/pope/ricd/gqa/popular/seed1:  44%|████▍     | 1315/3000 [12:08<14:13,  1.97it/s]
qwen2.5-vl/pope/ricd/gqa/popular/seed1:  44%|████▍     | 1316/3000 [12:08<13:14,  2.12it/s]
qwen2.5-vl/pope/ricd/gqa/popular/seed1:  44%|████▍     | 1317/3000 [12:09<12:31,  2.24it/s]
qwen2.5-vl/pope/ricd/gqa/popular/seed1:  44%|████▍     | 1318/3000 [12:09<12:01,  2.33it/s]
qwen2.5-vl/pope/ricd/gqa/popular/seed1:  44%|████▍     | 1319/3000 [12:09<11:40,  2.40it/s]
qwen2.5-vl/pope/ricd/gqa/popular/seed1:  44%|████▍     | 1320/3000 [12:10<11:26,  2.45it/s]
qwen2.5-vl/pope/ricd/gqa/popular/seed1:  44%|████▍     | 1321/3000 [12:10<11:04,  2.53it/s]
qwen2.5-vl/pope/ricd/gqa/popular/seed1:  44%|████▍     | 1322/3000 [12:10<10:49,  2.58it/s]
qwen2.5-vl/pope/ricd/gqa/popular/seed1:  44%|████▍     | 1323/3000 [12:11<10:37,  2.63it/s]
qwen2.5-vl/pope/ricd/gqa/popular/seed1:  44%|████▍     | 1324/3000 [12:11<10:29,  2.66it/s]
qwen2.5-vl/pope/ricd/gqa/popular/seed1:  44%|████▍     | 1325/3000 [12:12<10:23,  2.69it/s]
qwen2.5-vl/pope/ricd/gqa/popular/seed1:  44%|████▍     | 1326/3000 [12:12<10:18,  2.71it/s]
qwen2.5-vl/pope/ricd/gqa/popular/seed1:  44%|████▍     | 1327/3000 [12:14<28:32,  1.02s/it]
qwen2.5-vl/pope/ricd/gqa/popular/seed1:  44%|████▍     | 1328/3000 [12:17<40:36,  1.46s/it]
qwen2.5-vl/pope/ricd/gqa/popular/seed1:  44%|████▍     | 1329/3000 [12:19<48:59,  1.76s/it]
qwen2.5-vl/pope/ricd/gqa/popular/seed1:  44%|████▍     | 1330/3000 [12:22<54:56,  1.97s/it]
qwen2.5-vl/pope/ricd/gqa/popular/seed1:  44%|████▍     | 1331/3000 [12:24<58:58,  2.12s/it]
qwen2.5-vl/pope/ricd/gqa/popular/seed1:  44%|████▍     | 1332/3000 [12:27<1:01:50,  2.22s/it]
qwen2.5-vl/pope/ricd/gqa/popular/seed1:  44%|████▍     | 1333/3000 [12:27<47:59,  1.73s/it]  
qwen2.5-vl/pope/ricd/gqa/popular/seed1:  44%|████▍     | 1334/3000 [12:28<38:21,  1.38s/it]
qwen2.5-vl/pope/ricd/gqa/popular/seed1:  44%|████▍     | 1335/3000 [12:28<31:34,  1.14s/it]
qwen2.5-vl/pope/ricd/gqa/popular/seed1:  45%|████▍     | 1336/3000 [12:29<26:47,  1.03it/s]
qwen2.5-vl/pope/ricd/gqa/popular/seed1:  45%|████▍     | 1337/3000 [12:30<23:29,  1.18it/s]
qwen2.5-vl/pope/ricd/gqa/popular/seed1:  45%|████▍     | 1338/3000 [12:30<21:08,  1.31it/s]
qwen2.5-vl/pope/ricd/gqa/popular/seed1:  45%|████▍     | 1339/3000 [12:31<24:58,  1.11it/s]
qwen2.5-vl/pope/ricd/gqa/popular/seed1:  45%|████▍     | 1340/3000 [12:33<27:35,  1.00it/s]
qwen2.5-vl/pope/ricd/gqa/popular/seed1:  45%|████▍     | 1341/3000 [12:34<29:29,  1.07s/it]
qwen2.5-vl/pope/ricd/gqa/popular/seed1:  45%|████▍     | 1342/3000 [12:35<30:46,  1.11s/it]
qwen2.5-vl/pope/ricd/gqa/popular/seed1:  45%|████▍     | 1343/3000 [12:36<31:39,  1.15s/it]
qwen2.5-vl/pope/ricd/gqa/popular/seed1:  45%|████▍     | 1344/3000 [12:38<32:15,  1.17s/it]
qwen2.5-vl/pope/ricd/gqa/popular/seed1:  45%|████▍     | 1345/3000 [12:38<27:14,  1.01it/s]
qwen2.5-vl/pope/ricd/gqa/popular/seed1:  45%|████▍     | 1346/3000 [12:39<23:43,  1.16it/s]
qwen2.5-vl/pope/ricd/gqa/popular/seed1:  45%|████▍     | 1347/3000 [12:39<21:15,  1.30it/s]
qwen2.5-vl/pope/ricd/gqa/popular/seed1:  45%|████▍     | 1348/3000 [12:40<19:34,  1.41it/s]
qwen2.5-vl/pope/ricd/gqa/popular/seed1:  45%|████▍     | 1349/3000 [12:40<18:27,  1.49it/s]
qwen2.5-vl/pope/ricd/gqa/popular/seed1:  45%|████▌     | 1350/3000 [12:41<17:39,  1.56it/s]
qwen2.5-vl/pope/ricd/gqa/popular/seed1:  45%|████▌     | 1351/3000 [12:41<15:34,  1.77it/s]
qwen2.5-vl/pope/ricd/gqa/popular/seed1:  45%|████▌     | 1352/3000 [12:42<14:04,  1.95it/s]
qwen2.5-vl/pope/ricd/gqa/popular/seed1:  45%|████▌     | 1353/3000 [12:42<13:02,  2.11it/s]
qwen2.5-vl/pope/ricd/gqa/popular/seed1:  45%|████▌     | 1354/3000 [12:42<12:19,  2.23it/s]
qwen2.5-vl/pope/ricd/gqa/popular/seed1:  45%|████▌     | 1355/3000 [12:43<11:49,  2.32it/s]
qwen2.5-vl/pope/ricd/gqa/popular/seed1:  45%|████▌     | 1356/3000 [12:43<11:26,  2.39it/s]
qwen2.5-vl/pope/ricd/gqa/popular/seed1:  45%|████▌     | 1357/3000 [12:44<11:10,  2.45it/s]
qwen2.5-vl/pope/ricd/gqa/popular/seed1:  45%|████▌     | 1358/3000 [12:44<11:01,  2.48it/s]
qwen2.5-vl/pope/ricd/gqa/popular/seed1:  45%|████▌     | 1359/3000 [12:44<10:51,  2.52it/s]
qwen2.5-vl/pope/ricd/gqa/popular/seed1:  45%|████▌     | 1360/3000 [12:45<10:44,  2.54it/s]
qwen2.5-vl/pope/ricd/gqa/popular/seed1:  45%|████▌     | 1361/3000 [12:45<10:39,  2.56it/s]
qwen2.5-vl/pope/ricd/gqa/popular/seed1:  45%|████▌     | 1362/3000 [12:46<10:35,  2.58it/s]
qwen2.5-vl/pope/ricd/gqa/popular/seed1:  45%|████▌     | 1363/3000 [12:46<12:04,  2.26it/s]
qwen2.5-vl/pope/ricd/gqa/popular/seed1:  45%|████▌     | 1364/3000 [12:47<13:05,  2.08it/s]
qwen2.5-vl/pope/ricd/gqa/popular/seed1:  46%|████▌     | 1365/3000 [12:47<13:49,  1.97it/s]
qwen2.5-vl/pope/ricd/gqa/popular/seed1:  46%|████▌     | 1366/3000 [12:48<14:20,  1.90it/s]
qwen2.5-vl/pope/ricd/gqa/popular/seed1:  46%|████▌     | 1367/3000 [12:48<14:40,  1.85it/s]
qwen2.5-vl/pope/ricd/gqa/popular/seed1:  46%|████▌     | 1368/3000 [12:49<15:13,  1.79it/s]
qwen2.5-vl/pope/ricd/gqa/popular/seed1:  46%|████▌     | 1369/3000 [12:49<14:00,  1.94it/s]
qwen2.5-vl/pope/ricd/gqa/popular/seed1:  46%|████▌     | 1370/3000 [12:50<13:08,  2.07it/s]
qwen2.5-vl/pope/ricd/gqa/popular/seed1:  46%|████▌     | 1371/3000 [12:50<12:31,  2.17it/s]
qwen2.5-vl/pope/ricd/gqa/popular/seed1:  46%|████▌     | 1372/3000 [12:51<12:05,  2.24it/s]
qwen2.5-vl/pope/ricd/gqa/popular/seed1:  46%|████▌     | 1373/3000 [12:51<11:43,  2.31it/s]
qwen2.5-vl/pope/ricd/gqa/popular/seed1:  46%|████▌     | 1374/3000 [12:51<11:23,  2.38it/s]
qwen2.5-vl/pope/ricd/gqa/popular/seed1:  46%|████▌     | 1375/3000 [12:52<12:35,  2.15it/s]
qwen2.5-vl/pope/ricd/gqa/popular/seed1:  46%|████▌     | 1376/3000 [12:53<13:25,  2.02it/s]
qwen2.5-vl/pope/ricd/gqa/popular/seed1:  46%|████▌     | 1377/3000 [12:53<14:00,  1.93it/s]
qwen2.5-vl/pope/ricd/gqa/popular/seed1:  46%|████▌     | 1378/3000 [12:54<14:24,  1.88it/s]
qwen2.5-vl/pope/ricd/gqa/popular/seed1:  46%|████▌     | 1379/3000 [12:54<14:40,  1.84it/s]
qwen2.5-vl/pope/ricd/gqa/popular/seed1:  46%|████▌     | 1380/3000 [12:55<14:53,  1.81it/s]
qwen2.5-vl/pope/ricd/gqa/popular/seed1:  46%|████▌     | 1381/3000 [12:56<20:17,  1.33it/s]
qwen2.5-vl/pope/ricd/gqa/popular/seed1:  46%|████▌     | 1382/3000 [12:57<24:03,  1.12it/s]
qwen2.5-vl/pope/ricd/gqa/popular/seed1:  46%|████▌     | 1383/3000 [12:59<26:42,  1.01it/s]
qwen2.5-vl/pope/ricd/gqa/popular/seed1:  46%|████▌     | 1384/3000 [13:00<28:33,  1.06s/it]
qwen2.5-vl/pope/ricd/gqa/popular/seed1:  46%|████▌     | 1385/3000 [13:01<29:49,  1.11s/it]
qwen2.5-vl/pope/ricd/gqa/popular/seed1:  46%|████▌     | 1386/3000 [13:02<30:42,  1.14s/it]
qwen2.5-vl/pope/ricd/gqa/popular/seed1:  46%|████▌     | 1387/3000 [13:03<26:05,  1.03it/s]
qwen2.5-vl/pope/ricd/gqa/popular/seed1:  46%|████▋     | 1388/3000 [13:03<22:50,  1.18it/s]
qwen2.5-vl/pope/ricd/gqa/popular/seed1:  46%|████▋     | 1389/3000 [13:04<20:35,  1.30it/s]
qwen2.5-vl/pope/ricd/gqa/popular/seed1:  46%|████▋     | 1390/3000 [13:04<19:00,  1.41it/s]
qwen2.5-vl/pope/ricd/gqa/popular/seed1:  46%|████▋     | 1391/3000 [13:05<17:49,  1.50it/s]
qwen2.5-vl/pope/ricd/gqa/popular/seed1:  46%|████▋     | 1392/3000 [13:06<17:00,  1.58it/s]
qwen2.5-vl/pope/ricd/gqa/popular/seed1:  46%|████▋     | 1393/3000 [13:06<14:58,  1.79it/s]
qwen2.5-vl/pope/ricd/gqa/popular/seed1:  46%|████▋     | 1394/3000 [13:06<13:34,  1.97it/s]
qwen2.5-vl/pope/ricd/gqa/popular/seed1:  46%|████▋     | 1395/3000 [13:07<12:37,  2.12it/s]
qwen2.5-vl/pope/ricd/gqa/popular/seed1:  47%|████▋     | 1396/3000 [13:07<11:56,  2.24it/s]
qwen2.5-vl/pope/ricd/gqa/popular/seed1:  47%|████▋     | 1397/3000 [13:08<11:28,  2.33it/s]
qwen2.5-vl/pope/ricd/gqa/popular/seed1:  47%|████▋     | 1398/3000 [13:08<11:09,  2.39it/s]
qwen2.5-vl/pope/ricd/gqa/popular/seed1:  47%|████▋     | 1399/3000 [13:09<14:32,  1.83it/s]
qwen2.5-vl/pope/ricd/gqa/popular/seed1:  47%|████▋     | 1400/3000 [13:09<13:15,  2.01it/s]
qwen2.5-vl/pope/ricd/gqa/popular/seed1:  47%|████▋     | 1401/3000 [13:10<12:21,  2.16it/s]
qwen2.5-vl/pope/ricd/gqa/popular/seed1:  47%|████▋     | 1402/3000 [13:10<11:46,  2.26it/s]
qwen2.5-vl/pope/ricd/gqa/popular/seed1:  47%|████▋     | 1403/3000 [13:10<11:19,  2.35it/s]
qwen2.5-vl/pope/ricd/gqa/popular/seed1:  47%|████▋     | 1404/3000 [13:11<10:59,  2.42it/s]
qwen2.5-vl/pope/ricd/gqa/popular/seed1:  47%|████▋     | 1405/3000 [13:11<10:44,  2.47it/s]
qwen2.5-vl/pope/ricd/gqa/popular/seed1:  47%|████▋     | 1406/3000 [13:11<10:34,  2.51it/s]
qwen2.5-vl/pope/ricd/gqa/popular/seed1:  47%|████▋     | 1407/3000 [13:12<10:27,  2.54it/s]
qwen2.5-vl/pope/ricd/gqa/popular/seed1:  47%|████▋     | 1408/3000 [13:12<10:22,  2.56it/s]
qwen2.5-vl/pope/ricd/gqa/popular/seed1:  47%|████▋     | 1409/3000 [13:13<10:18,  2.57it/s]
qwen2.5-vl/pope/ricd/gqa/popular/seed1:  47%|████▋     | 1410/3000 [13:13<10:15,  2.58it/s]
qwen2.5-vl/pope/ricd/gqa/popular/seed1:  47%|████▋     | 1411/3000 [13:13<10:14,  2.59it/s]
qwen2.5-vl/pope/ricd/gqa/popular/seed1:  47%|████▋     | 1412/3000 [13:14<10:12,  2.59it/s]
qwen2.5-vl/pope/ricd/gqa/popular/seed1:  47%|████▋     | 1413/3000 [13:14<10:13,  2.59it/s]
qwen2.5-vl/pope/ricd/gqa/popular/seed1:  47%|████▋     | 1414/3000 [13:15<10:13,  2.58it/s]
qwen2.5-vl/pope/ricd/gqa/popular/seed1:  47%|████▋     | 1415/3000 [13:15<10:15,  2.58it/s]
qwen2.5-vl/pope/ricd/gqa/popular/seed1:  47%|████▋     | 1416/3000 [13:15<10:12,  2.59it/s]
qwen2.5-vl/pope/ricd/gqa/popular/seed1:  47%|████▋     | 1417/3000 [13:16<11:37,  2.27it/s]
qwen2.5-vl/pope/ricd/gqa/popular/seed1:  47%|████▋     | 1418/3000 [13:16<12:35,  2.09it/s]
qwen2.5-vl/pope/ricd/gqa/popular/seed1:  47%|████▋     | 1419/3000 [13:17<13:16,  1.99it/s]
qwen2.5-vl/pope/ricd/gqa/popular/seed1:  47%|████▋     | 1420/3000 [13:18<13:45,  1.91it/s]
qwen2.5-vl/pope/ricd/gqa/popular/seed1:  47%|████▋     | 1421/3000 [13:18<14:07,  1.86it/s]
qwen2.5-vl/pope/ricd/gqa/popular/seed1:  47%|████▋     | 1422/3000 [13:19<14:22,  1.83it/s]
qwen2.5-vl/pope/ricd/gqa/popular/seed1:  47%|████▋     | 1423/3000 [13:19<12:58,  2.03it/s]
qwen2.5-vl/pope/ricd/gqa/popular/seed1:  47%|████▋     | 1424/3000 [13:19<12:00,  2.19it/s]
qwen2.5-vl/pope/ricd/gqa/popular/seed1:  48%|████▊     | 1425/3000 [13:20<11:15,  2.33it/s]
qwen2.5-vl/pope/ricd/gqa/popular/seed1:  48%|████▊     | 1426/3000 [13:20<10:44,  2.44it/s]
qwen2.5-vl/pope/ricd/gqa/popular/seed1:  48%|████▊     | 1427/3000 [13:21<10:27,  2.51it/s]
qwen2.5-vl/pope/ricd/gqa/popular/seed1:  48%|████▊     | 1428/3000 [13:21<10:10,  2.57it/s]
qwen2.5-vl/pope/ricd/gqa/popular/seed1:  48%|████▊     | 1429/3000 [13:21<10:09,  2.58it/s]
qwen2.5-vl/pope/ricd/gqa/popular/seed1:  48%|████▊     | 1430/3000 [13:22<10:10,  2.57it/s]
qwen2.5-vl/pope/ricd/gqa/popular/seed1:  48%|████▊     | 1431/3000 [13:22<10:11,  2.57it/s]
qwen2.5-vl/pope/ricd/gqa/popular/seed1:  48%|████▊     | 1432/3000 [13:22<10:12,  2.56it/s]
qwen2.5-vl/pope/ricd/gqa/popular/seed1:  48%|████▊     | 1433/3000 [13:23<10:11,  2.56it/s]
qwen2.5-vl/pope/ricd/gqa/popular/seed1:  48%|████▊     | 1434/3000 [13:23<10:09,  2.57it/s]
qwen2.5-vl/pope/ricd/gqa/popular/seed1:  48%|████▊     | 1435/3000 [13:24<11:32,  2.26it/s]
qwen2.5-vl/pope/ricd/gqa/popular/seed1:  48%|████▊     | 1436/3000 [13:24<12:28,  2.09it/s]
qwen2.5-vl/pope/ricd/gqa/popular/seed1:  48%|████▊     | 1437/3000 [13:25<13:09,  1.98it/s]
qwen2.5-vl/pope/ricd/gqa/popular/seed1:  48%|████▊     | 1438/3000 [13:26<13:36,  1.91it/s]
qwen2.5-vl/pope/ricd/gqa/popular/seed1:  48%|████▊     | 1439/3000 [13:26<13:54,  1.87it/s]
qwen2.5-vl/pope/ricd/gqa/popular/seed1:  48%|████▊     | 1440/3000 [13:27<14:13,  1.83it/s]
qwen2.5-vl/pope/ricd/gqa/popular/seed1:  48%|████▊     | 1441/3000 [13:27<14:35,  1.78it/s]
qwen2.5-vl/pope/ricd/gqa/popular/seed1:  48%|████▊     | 1442/3000 [13:28<14:44,  1.76it/s]
qwen2.5-vl/pope/ricd/gqa/popular/seed1:  48%|████▊     | 1443/3000 [13:28<14:53,  1.74it/s]
qwen2.5-vl/pope/ricd/gqa/popular/seed1:  48%|████▊     | 1444/3000 [13:29<14:59,  1.73it/s]
qwen2.5-vl/pope/ricd/gqa/popular/seed1:  48%|████▊     | 1445/3000 [13:30<14:54,  1.74it/s]
qwen2.5-vl/pope/ricd/gqa/popular/seed1:  48%|████▊     | 1446/3000 [13:30<14:47,  1.75it/s]
qwen2.5-vl/pope/ricd/gqa/popular/seed1:  48%|████▊     | 1447/3000 [13:31<13:18,  1.94it/s]
qwen2.5-vl/pope/ricd/gqa/popular/seed1:  48%|████▊     | 1448/3000 [13:31<12:19,  2.10it/s]
qwen2.5-vl/pope/ricd/gqa/popular/seed1:  48%|████▊     | 1449/3000 [13:31<11:34,  2.23it/s]
qwen2.5-vl/pope/ricd/gqa/popular/seed1:  48%|████▊     | 1450/3000 [13:32<11:06,  2.33it/s]
qwen2.5-vl/pope/ricd/gqa/popular/seed1:  48%|████▊     | 1451/3000 [13:32<10:45,  2.40it/s]
qwen2.5-vl/pope/ricd/gqa/popular/seed1:  48%|████▊     | 1452/3000 [13:32<10:31,  2.45it/s]
qwen2.5-vl/pope/ricd/gqa/popular/seed1:  48%|████▊     | 1453/3000 [13:33<10:21,  2.49it/s]
qwen2.5-vl/pope/ricd/gqa/popular/seed1:  48%|████▊     | 1454/3000 [13:33<10:14,  2.52it/s]
qwen2.5-vl/pope/ricd/gqa/popular/seed1:  48%|████▊     | 1455/3000 [13:34<10:08,  2.54it/s]
qwen2.5-vl/pope/ricd/gqa/popular/seed1:  49%|████▊     | 1456/3000 [13:34<10:03,  2.56it/s]
qwen2.5-vl/pope/ricd/gqa/popular/seed1:  49%|████▊     | 1457/3000 [13:34<09:58,  2.58it/s]
qwen2.5-vl/pope/ricd/gqa/popular/seed1:  49%|████▊     | 1458/3000 [13:35<09:56,  2.58it/s]
qwen2.5-vl/pope/ricd/gqa/popular/seed1:  49%|████▊     | 1459/3000 [13:35<09:56,  2.58it/s]
qwen2.5-vl/pope/ricd/gqa/popular/seed1:  49%|████▊     | 1460/3000 [13:36<09:55,  2.59it/s]
qwen2.5-vl/pope/ricd/gqa/popular/seed1:  49%|████▊     | 1461/3000 [13:36<09:54,  2.59it/s]
qwen2.5-vl/pope/ricd/gqa/popular/seed1:  49%|████▊     | 1462/3000 [13:36<09:54,  2.59it/s]
qwen2.5-vl/pope/ricd/gqa/popular/seed1:  49%|████▉     | 1463/3000 [13:37<09:53,  2.59it/s]
qwen2.5-vl/pope/ricd/gqa/popular/seed1:  49%|████▉     | 1464/3000 [13:37<09:52,  2.59it/s]
qwen2.5-vl/pope/ricd/gqa/popular/seed1:  49%|████▉     | 1465/3000 [13:40<25:42,  1.01s/it]
qwen2.5-vl/pope/ricd/gqa/popular/seed1:  49%|████▉     | 1466/3000 [13:42<36:47,  1.44s/it]
qwen2.5-vl/pope/ricd/gqa/popular/seed1:  49%|████▉     | 1467/3000 [13:44<44:31,  1.74s/it]
qwen2.5-vl/pope/ricd/gqa/popular/seed1:  49%|████▉     | 1468/3000 [13:47<49:57,  1.96s/it]
qwen2.5-vl/pope/ricd/gqa/popular/seed1:  49%|████▉     | 1469/3000 [13:49<53:56,  2.11s/it]
qwen2.5-vl/pope/ricd/gqa/popular/seed1:  49%|████▉     | 1470/3000 [13:52<56:31,  2.22s/it]
qwen2.5-vl/pope/ricd/gqa/popular/seed1:  49%|████▉     | 1471/3000 [13:52<42:31,  1.67s/it]
qwen2.5-vl/pope/ricd/gqa/popular/seed1:  49%|████▉     | 1472/3000 [13:53<32:42,  1.28s/it]
qwen2.5-vl/pope/ricd/gqa/popular/seed1:  49%|████▉     | 1473/3000 [13:53<25:49,  1.01s/it]
qwen2.5-vl/pope/ricd/gqa/popular/seed1:  49%|████▉     | 1474/3000 [13:53<21:00,  1.21it/s]
qwen2.5-vl/pope/ricd/gqa/popular/seed1:  49%|████▉     | 1475/3000 [13:54<17:41,  1.44it/s]
qwen2.5-vl/pope/ricd/gqa/popular/seed1:  49%|████▉     | 1476/3000 [13:54<15:20,  1.66it/s]
qwen2.5-vl/pope/ricd/gqa/popular/seed1:  49%|████▉     | 1477/3000 [13:55<15:22,  1.65it/s]
qwen2.5-vl/pope/ricd/gqa/popular/seed1:  49%|████▉     | 1478/3000 [13:55<15:21,  1.65it/s]
qwen2.5-vl/pope/ricd/gqa/popular/seed1:  49%|████▉     | 1479/3000 [13:56<15:19,  1.65it/s]
qwen2.5-vl/pope/ricd/gqa/popular/seed1:  49%|████▉     | 1480/3000 [13:57<15:17,  1.66it/s]
qwen2.5-vl/pope/ricd/gqa/popular/seed1:  49%|████▉     | 1481/3000 [13:57<15:16,  1.66it/s]
qwen2.5-vl/pope/ricd/gqa/popular/seed1:  49%|████▉     | 1482/3000 [13:58<15:15,  1.66it/s]
qwen2.5-vl/pope/ricd/gqa/popular/seed1:  49%|████▉     | 1483/3000 [13:59<16:10,  1.56it/s]
qwen2.5-vl/pope/ricd/gqa/popular/seed1:  49%|████▉     | 1484/3000 [13:59<16:47,  1.50it/s]
qwen2.5-vl/pope/ricd/gqa/popular/seed1:  50%|████▉     | 1485/3000 [14:00<17:15,  1.46it/s]
qwen2.5-vl/pope/ricd/gqa/popular/seed1:  50%|████▉     | 1486/3000 [14:01<17:31,  1.44it/s]
qwen2.5-vl/pope/ricd/gqa/popular/seed1:  50%|████▉     | 1487/3000 [14:01<17:41,  1.43it/s]
qwen2.5-vl/pope/ricd/gqa/popular/seed1:  50%|████▉     | 1488/3000 [14:02<17:49,  1.41it/s]
qwen2.5-vl/pope/ricd/gqa/popular/seed1:  50%|████▉     | 1489/3000 [14:03<16:45,  1.50it/s]
qwen2.5-vl/pope/ricd/gqa/popular/seed1:  50%|████▉     | 1490/3000 [14:03<16:02,  1.57it/s]
qwen2.5-vl/pope/ricd/gqa/popular/seed1:  50%|████▉     | 1491/3000 [14:04<15:30,  1.62it/s]
qwen2.5-vl/pope/ricd/gqa/popular/seed1:  50%|████▉     | 1492/3000 [14:04<15:07,  1.66it/s]
qwen2.5-vl/pope/ricd/gqa/popular/seed1:  50%|████▉     | 1493/3000 [14:05<14:49,  1.69it/s]
qwen2.5-vl/pope/ricd/gqa/popular/seed1:  50%|████▉     | 1494/3000 [14:06<14:37,  1.72it/s]
qwen2.5-vl/pope/ricd/gqa/popular/seed1:  50%|████▉     | 1495/3000 [14:06<13:10,  1.90it/s]
qwen2.5-vl/pope/ricd/gqa/popular/seed1:  50%|████▉     | 1496/3000 [14:06<12:05,  2.07it/s]
qwen2.5-vl/pope/ricd/gqa/popular/seed1:  50%|████▉     | 1497/3000 [14:07<11:21,  2.20it/s]
qwen2.5-vl/pope/ricd/gqa/popular/seed1:  50%|████▉     | 1498/3000 [14:07<10:51,  2.31it/s]
qwen2.5-vl/pope/ricd/gqa/popular/seed1:  50%|████▉     | 1499/3000 [14:07<10:28,  2.39it/s]
qwen2.5-vl/pope/ricd/gqa/popular/seed1:  50%|█████     | 1500/3000 [14:08<10:14,  2.44it/s]
qwen2.5-vl/pope/ricd/gqa/popular/seed1:  50%|█████     | 1501/3000 [14:08<09:51,  2.53it/s]
qwen2.5-vl/pope/ricd/gqa/popular/seed1:  50%|█████     | 1502/3000 [14:09<09:38,  2.59it/s]
qwen2.5-vl/pope/ricd/gqa/popular/seed1:  50%|█████     | 1503/3000 [14:09<09:29,  2.63it/s]
qwen2.5-vl/pope/ricd/gqa/popular/seed1:  50%|█████     | 1504/3000 [14:09<09:21,  2.67it/s]
qwen2.5-vl/pope/ricd/gqa/popular/seed1:  50%|█████     | 1505/3000 [14:10<09:15,  2.69it/s]
qwen2.5-vl/pope/ricd/gqa/popular/seed1:  50%|█████     | 1506/3000 [14:10<09:10,  2.71it/s]
qwen2.5-vl/pope/ricd/gqa/popular/seed1:  50%|█████     | 1507/3000 [14:10<09:17,  2.68it/s]
qwen2.5-vl/pope/ricd/gqa/popular/seed1:  50%|█████     | 1508/3000 [14:11<09:22,  2.65it/s]
qwen2.5-vl/pope/ricd/gqa/popular/seed1:  50%|█████     | 1509/3000 [14:11<09:25,  2.64it/s]
qwen2.5-vl/pope/ricd/gqa/popular/seed1:  50%|█████     | 1510/3000 [14:12<09:26,  2.63it/s]
qwen2.5-vl/pope/ricd/gqa/popular/seed1:  50%|█████     | 1511/3000 [14:12<09:27,  2.62it/s]
qwen2.5-vl/pope/ricd/gqa/popular/seed1:  50%|█████     | 1512/3000 [14:12<09:30,  2.61it/s]
qwen2.5-vl/pope/ricd/gqa/popular/seed1:  50%|█████     | 1513/3000 [14:13<08:59,  2.76it/s]
qwen2.5-vl/pope/ricd/gqa/popular/seed1:  50%|█████     | 1514/3000 [14:13<08:35,  2.88it/s]
qwen2.5-vl/pope/ricd/gqa/popular/seed1:  50%|█████     | 1515/3000 [14:13<08:18,  2.98it/s]
qwen2.5-vl/pope/ricd/gqa/popular/seed1:  51%|█████     | 1516/3000 [14:14<08:09,  3.03it/s]
qwen2.5-vl/pope/ricd/gqa/popular/seed1:  51%|█████     | 1517/3000 [14:14<08:02,  3.07it/s]
qwen2.5-vl/pope/ricd/gqa/popular/seed1:  51%|█████     | 1518/3000 [14:14<07:56,  3.11it/s]
qwen2.5-vl/pope/ricd/gqa/popular/seed1:  51%|█████     | 1519/3000 [14:15<08:25,  2.93it/s]
qwen2.5-vl/pope/ricd/gqa/popular/seed1:  51%|█████     | 1520/3000 [14:15<08:44,  2.82it/s]
qwen2.5-vl/pope/ricd/gqa/popular/seed1:  51%|█████     | 1521/3000 [14:15<08:58,  2.75it/s]
qwen2.5-vl/pope/ricd/gqa/popular/seed1:  51%|█████     | 1522/3000 [14:16<09:05,  2.71it/s]
qwen2.5-vl/pope/ricd/gqa/popular/seed1:  51%|█████     | 1523/3000 [14:16<09:10,  2.68it/s]
qwen2.5-vl/pope/ricd/gqa/popular/seed1:  51%|█████     | 1524/3000 [14:17<09:13,  2.66it/s]
qwen2.5-vl/pope/ricd/gqa/popular/seed1:  51%|█████     | 1525/3000 [14:17<10:36,  2.32it/s]
qwen2.5-vl/pope/ricd/gqa/popular/seed1:  51%|█████     | 1526/3000 [14:18<11:33,  2.12it/s]
qwen2.5-vl/pope/ricd/gqa/popular/seed1:  51%|█████     | 1527/3000 [14:18<12:14,  2.01it/s]
qwen2.5-vl/pope/ricd/gqa/popular/seed1:  51%|█████     | 1528/3000 [14:19<12:42,  1.93it/s]
qwen2.5-vl/pope/ricd/gqa/popular/seed1:  51%|█████     | 1529/3000 [14:19<13:02,  1.88it/s]
qwen2.5-vl/pope/ricd/gqa/popular/seed1:  51%|█████     | 1530/3000 [14:20<13:17,  1.84it/s]
qwen2.5-vl/pope/ricd/gqa/popular/seed1:  51%|█████     | 1531/3000 [14:20<13:25,  1.82it/s]
qwen2.5-vl/pope/ricd/gqa/popular/seed1:  51%|█████     | 1532/3000 [14:21<13:30,  1.81it/s]
qwen2.5-vl/pope/ricd/gqa/popular/seed1:  51%|█████     | 1533/3000 [14:22<13:34,  1.80it/s]
qwen2.5-vl/pope/ricd/gqa/popular/seed1:  51%|█████     | 1534/3000 [14:22<13:37,  1.79it/s]
qwen2.5-vl/pope/ricd/gqa/popular/seed1:  51%|█████     | 1535/3000 [14:23<13:39,  1.79it/s]
qwen2.5-vl/pope/ricd/gqa/popular/seed1:  51%|█████     | 1536/3000 [14:23<13:40,  1.78it/s]
qwen2.5-vl/pope/ricd/gqa/popular/seed1:  51%|█████     | 1537/3000 [14:24<12:21,  1.97it/s]
qwen2.5-vl/pope/ricd/gqa/popular/seed1:  51%|█████▏    | 1538/3000 [14:24<11:26,  2.13it/s]
qwen2.5-vl/pope/ricd/gqa/popular/seed1:  51%|█████▏    | 1539/3000 [14:24<10:47,  2.26it/s]
qwen2.5-vl/pope/ricd/gqa/popular/seed1:  51%|█████▏    | 1540/3000 [14:25<10:20,  2.35it/s]
qwen2.5-vl/pope/ricd/gqa/popular/seed1:  51%|█████▏    | 1541/3000 [14:25<10:03,  2.42it/s]
qwen2.5-vl/pope/ricd/gqa/popular/seed1:  51%|█████▏    | 1542/3000 [14:26<09:54,  2.45it/s]
qwen2.5-vl/pope/ricd/gqa/popular/seed1:  51%|█████▏    | 1543/3000 [14:26<09:45,  2.49it/s]
qwen2.5-vl/pope/ricd/gqa/popular/seed1:  51%|█████▏    | 1544/3000 [14:26<09:36,  2.52it/s]
qwen2.5-vl/pope/ricd/gqa/popular/seed1:  52%|█████▏    | 1545/3000 [14:27<09:31,  2.54it/s]
qwen2.5-vl/pope/ricd/gqa/popular/seed1:  52%|█████▏    | 1546/3000 [14:27<09:28,  2.56it/s]
qwen2.5-vl/pope/ricd/gqa/popular/seed1:  52%|█████▏    | 1547/3000 [14:28<09:24,  2.57it/s]
qwen2.5-vl/pope/ricd/gqa/popular/seed1:  52%|█████▏    | 1548/3000 [14:28<09:21,  2.59it/s]
qwen2.5-vl/pope/ricd/gqa/popular/seed1:  52%|█████▏    | 1549/3000 [14:28<09:23,  2.58it/s]
qwen2.5-vl/pope/ricd/gqa/popular/seed1:  52%|█████▏    | 1550/3000 [14:29<09:27,  2.56it/s]
qwen2.5-vl/pope/ricd/gqa/popular/seed1:  52%|█████▏    | 1551/3000 [14:29<09:30,  2.54it/s]
qwen2.5-vl/pope/ricd/gqa/popular/seed1:  52%|█████▏    | 1552/3000 [14:29<09:30,  2.54it/s]
qwen2.5-vl/pope/ricd/gqa/popular/seed1:  52%|█████▏    | 1553/3000 [14:30<09:28,  2.55it/s]
qwen2.5-vl/pope/ricd/gqa/popular/seed1:  52%|█████▏    | 1554/3000 [14:30<09:26,  2.55it/s]
qwen2.5-vl/pope/ricd/gqa/popular/seed1:  52%|█████▏    | 1555/3000 [14:31<09:25,  2.55it/s]
qwen2.5-vl/pope/ricd/gqa/popular/seed1:  52%|█████▏    | 1556/3000 [14:31<09:24,  2.56it/s]
qwen2.5-vl/pope/ricd/gqa/popular/seed1:  52%|█████▏    | 1557/3000 [14:31<09:25,  2.55it/s]
qwen2.5-vl/pope/ricd/gqa/popular/seed1:  52%|█████▏    | 1558/3000 [14:32<09:26,  2.54it/s]
qwen2.5-vl/pope/ricd/gqa/popular/seed1:  52%|█████▏    | 1559/3000 [14:32<09:26,  2.55it/s]
qwen2.5-vl/pope/ricd/gqa/popular/seed1:  52%|█████▏    | 1560/3000 [14:33<09:26,  2.54it/s]
qwen2.5-vl/pope/ricd/gqa/popular/seed1:  52%|█████▏    | 1561/3000 [14:33<10:45,  2.23it/s]
qwen2.5-vl/pope/ricd/gqa/popular/seed1:  52%|█████▏    | 1562/3000 [14:34<11:40,  2.05it/s]
qwen2.5-vl/pope/ricd/gqa/popular/seed1:  52%|█████▏    | 1563/3000 [14:34<12:18,  1.95it/s]
qwen2.5-vl/pope/ricd/gqa/popular/seed1:  52%|█████▏    | 1564/3000 [14:35<12:45,  1.88it/s]
qwen2.5-vl/pope/ricd/gqa/popular/seed1:  52%|█████▏    | 1565/3000 [14:35<13:02,  1.83it/s]
qwen2.5-vl/pope/ricd/gqa/popular/seed1:  52%|█████▏    | 1566/3000 [14:36<13:13,  1.81it/s]
qwen2.5-vl/pope/ricd/gqa/popular/seed1:  52%|█████▏    | 1567/3000 [14:36<12:02,  1.98it/s]
qwen2.5-vl/pope/ricd/gqa/popular/seed1:  52%|█████▏    | 1568/3000 [14:37<11:12,  2.13it/s]
qwen2.5-vl/pope/ricd/gqa/popular/seed1:  52%|█████▏    | 1569/3000 [14:37<10:36,  2.25it/s]
qwen2.5-vl/pope/ricd/gqa/popular/seed1:  52%|█████▏    | 1570/3000 [14:38<10:10,  2.34it/s]
qwen2.5-vl/pope/ricd/gqa/popular/seed1:  52%|█████▏    | 1571/3000 [14:38<09:51,  2.42it/s]
qwen2.5-vl/pope/ricd/gqa/popular/seed1:  52%|█████▏    | 1572/3000 [14:38<09:38,  2.47it/s]
qwen2.5-vl/pope/ricd/gqa/popular/seed1:  52%|█████▏    | 1573/3000 [14:39<11:59,  1.98it/s]
qwen2.5-vl/pope/ricd/gqa/popular/seed1:  52%|█████▏    | 1574/3000 [14:40<13:35,  1.75it/s]
qwen2.5-vl/pope/ricd/gqa/popular/seed1:  52%|█████▎    | 1575/3000 [14:41<14:43,  1.61it/s]
qwen2.5-vl/pope/ricd/gqa/popular/seed1:  53%|█████▎    | 1576/3000 [14:41<15:29,  1.53it/s]
qwen2.5-vl/pope/ricd/gqa/popular/seed1:  53%|█████▎    | 1577/3000 [14:42<16:03,  1.48it/s]
qwen2.5-vl/pope/ricd/gqa/popular/seed1:  53%|█████▎    | 1578/3000 [14:43<16:24,  1.44it/s]
qwen2.5-vl/pope/ricd/gqa/popular/seed1:  53%|█████▎    | 1579/3000 [14:43<13:39,  1.73it/s]
qwen2.5-vl/pope/ricd/gqa/popular/seed1:  53%|█████▎    | 1580/3000 [14:43<11:42,  2.02it/s]
qwen2.5-vl/pope/ricd/gqa/popular/seed1:  53%|█████▎    | 1581/3000 [14:44<10:19,  2.29it/s]
qwen2.5-vl/pope/ricd/gqa/popular/seed1:  53%|█████▎    | 1582/3000 [14:44<09:21,  2.53it/s]
qwen2.5-vl/pope/ricd/gqa/popular/seed1:  53%|█████▎    | 1583/3000 [14:44<08:40,  2.72it/s]
qwen2.5-vl/pope/ricd/gqa/popular/seed1:  53%|█████▎    | 1584/3000 [14:45<08:12,  2.88it/s]
qwen2.5-vl/pope/ricd/gqa/popular/seed1:  53%|█████▎    | 1585/3000 [14:45<08:27,  2.79it/s]
qwen2.5-vl/pope/ricd/gqa/popular/seed1:  53%|█████▎    | 1586/3000 [14:45<08:37,  2.73it/s]
qwen2.5-vl/pope/ricd/gqa/popular/seed1:  53%|█████▎    | 1587/3000 [14:46<08:46,  2.68it/s]
qwen2.5-vl/pope/ricd/gqa/popular/seed1:  53%|█████▎    | 1588/3000 [14:46<08:53,  2.65it/s]
qwen2.5-vl/pope/ricd/gqa/popular/seed1:  53%|█████▎    | 1589/3000 [14:47<08:58,  2.62it/s]
qwen2.5-vl/pope/ricd/gqa/popular/seed1:  53%|█████▎    | 1590/3000 [14:47<09:01,  2.60it/s]
qwen2.5-vl/pope/ricd/gqa/popular/seed1:  53%|█████▎    | 1591/3000 [14:47<10:19,  2.28it/s]
qwen2.5-vl/pope/ricd/gqa/popular/seed1:  53%|█████▎    | 1592/3000 [14:48<11:15,  2.09it/s]
qwen2.5-vl/pope/ricd/gqa/popular/seed1:  53%|█████▎    | 1593/3000 [14:49<11:54,  1.97it/s]
qwen2.5-vl/pope/ricd/gqa/popular/seed1:  53%|█████▎    | 1594/3000 [14:49<12:20,  1.90it/s]
qwen2.5-vl/pope/ricd/gqa/popular/seed1:  53%|█████▎    | 1595/3000 [14:50<12:38,  1.85it/s]
qwen2.5-vl/pope/ricd/gqa/popular/seed1:  53%|█████▎    | 1596/3000 [14:50<12:50,  1.82it/s]
qwen2.5-vl/pope/ricd/gqa/popular/seed1:  53%|█████▎    | 1597/3000 [14:51<12:58,  1.80it/s]
qwen2.5-vl/pope/ricd/gqa/popular/seed1:  53%|█████▎    | 1598/3000 [14:51<13:04,  1.79it/s]
qwen2.5-vl/pope/ricd/gqa/popular/seed1:  53%|█████▎    | 1599/3000 [14:52<13:08,  1.78it/s]
qwen2.5-vl/pope/ricd/gqa/popular/seed1:  53%|█████▎    | 1600/3000 [14:53<13:11,  1.77it/s]
qwen2.5-vl/pope/ricd/gqa/popular/seed1:  53%|█████▎    | 1601/3000 [14:53<13:12,  1.77it/s]
qwen2.5-vl/pope/ricd/gqa/popular/seed1:  53%|█████▎    | 1602/3000 [14:54<13:13,  1.76it/s]
qwen2.5-vl/pope/ricd/gqa/popular/seed1:  53%|█████▎    | 1603/3000 [14:54<11:58,  1.94it/s]
qwen2.5-vl/pope/ricd/gqa/popular/seed1:  53%|█████▎    | 1604/3000 [14:55<11:03,  2.10it/s]
qwen2.5-vl/pope/ricd/gqa/popular/seed1:  54%|█████▎    | 1605/3000 [14:55<10:24,  2.23it/s]
qwen2.5-vl/pope/ricd/gqa/popular/seed1:  54%|█████▎    | 1606/3000 [14:55<09:57,  2.33it/s]
qwen2.5-vl/pope/ricd/gqa/popular/seed1:  54%|█████▎    | 1607/3000 [14:56<09:38,  2.41it/s]
qwen2.5-vl/pope/ricd/gqa/popular/seed1:  54%|█████▎    | 1608/3000 [14:56<09:24,  2.47it/s]
qwen2.5-vl/pope/ricd/gqa/popular/seed1:  54%|█████▎    | 1609/3000 [14:57<10:36,  2.19it/s]
qwen2.5-vl/pope/ricd/gqa/popular/seed1:  54%|█████▎    | 1610/3000 [14:57<11:29,  2.02it/s]
qwen2.5-vl/pope/ricd/gqa/popular/seed1:  54%|█████▎    | 1611/3000 [14:58<12:05,  1.92it/s]
qwen2.5-vl/pope/ricd/gqa/popular/seed1:  54%|█████▎    | 1612/3000 [14:58<12:32,  1.85it/s]
qwen2.5-vl/pope/ricd/gqa/popular/seed1:  54%|█████▍    | 1613/3000 [14:59<12:49,  1.80it/s]
qwen2.5-vl/pope/ricd/gqa/popular/seed1:  54%|█████▍    | 1614/3000 [15:00<13:01,  1.77it/s]
qwen2.5-vl/pope/ricd/gqa/popular/seed1:  54%|█████▍    | 1615/3000 [15:00<11:35,  1.99it/s]
qwen2.5-vl/pope/ricd/gqa/popular/seed1:  54%|█████▍    | 1616/3000 [15:00<10:38,  2.17it/s]
qwen2.5-vl/pope/ricd/gqa/popular/seed1:  54%|█████▍    | 1617/3000 [15:01<09:56,  2.32it/s]
qwen2.5-vl/pope/ricd/gqa/popular/seed1:  54%|█████▍    | 1618/3000 [15:01<09:27,  2.43it/s]
qwen2.5-vl/pope/ricd/gqa/popular/seed1:  54%|█████▍    | 1619/3000 [15:01<09:02,  2.55it/s]
qwen2.5-vl/pope/ricd/gqa/popular/seed1:  54%|█████▍    | 1620/3000 [15:02<08:45,  2.63it/s]
qwen2.5-vl/pope/ricd/gqa/popular/seed1:  54%|█████▍    | 1621/3000 [15:02<09:56,  2.31it/s]
qwen2.5-vl/pope/ricd/gqa/popular/seed1:  54%|█████▍    | 1622/3000 [15:03<10:45,  2.13it/s]
qwen2.5-vl/pope/ricd/gqa/popular/seed1:  54%|█████▍    | 1623/3000 [15:03<11:20,  2.02it/s]
qwen2.5-vl/pope/ricd/gqa/popular/seed1:  54%|█████▍    | 1624/3000 [15:04<11:46,  1.95it/s]
qwen2.5-vl/pope/ricd/gqa/popular/seed1:  54%|█████▍    | 1625/3000 [15:04<12:02,  1.90it/s]
qwen2.5-vl/pope/ricd/gqa/popular/seed1:  54%|█████▍    | 1626/3000 [15:05<12:13,  1.87it/s]
qwen2.5-vl/pope/ricd/gqa/popular/seed1:  54%|█████▍    | 1627/3000 [15:08<26:24,  1.15s/it]
qwen2.5-vl/pope/ricd/gqa/popular/seed1:  54%|█████▍    | 1628/3000 [15:10<35:42,  1.56s/it]
qwen2.5-vl/pope/ricd/gqa/popular/seed1:  54%|█████▍    | 1629/3000 [15:13<42:13,  1.85s/it]
qwen2.5-vl/pope/ricd/gqa/popular/seed1:  54%|█████▍    | 1630/3000 [15:15<46:52,  2.05s/it]
qwen2.5-vl/pope/ricd/gqa/popular/seed1:  54%|█████▍    | 1631/3000 [15:18<50:07,  2.20s/it]
qwen2.5-vl/pope/ricd/gqa/popular/seed1:  54%|█████▍    | 1632/3000 [15:20<52:19,  2.29s/it]
qwen2.5-vl/pope/ricd/gqa/popular/seed1:  54%|█████▍    | 1633/3000 [15:21<40:29,  1.78s/it]
qwen2.5-vl/pope/ricd/gqa/popular/seed1:  54%|█████▍    | 1634/3000 [15:21<32:12,  1.41s/it]
qwen2.5-vl/pope/ricd/gqa/popular/seed1:  55%|█████▍    | 1635/3000 [15:22<26:24,  1.16s/it]
qwen2.5-vl/pope/ricd/gqa/popular/seed1:  55%|█████▍    | 1636/3000 [15:23<22:21,  1.02it/s]
qwen2.5-vl/pope/ricd/gqa/popular/seed1:  55%|█████▍    | 1637/3000 [15:23<19:31,  1.16it/s]
qwen2.5-vl/pope/ricd/gqa/popular/seed1:  55%|█████▍    | 1638/3000 [15:24<17:31,  1.30it/s]
qwen2.5-vl/pope/ricd/gqa/popular/seed1:  55%|█████▍    | 1639/3000 [15:24<16:07,  1.41it/s]
qwen2.5-vl/pope/ricd/gqa/popular/seed1:  55%|█████▍    | 1640/3000 [15:25<15:08,  1.50it/s]
qwen2.5-vl/pope/ricd/gqa/popular/seed1:  55%|█████▍    | 1641/3000 [15:25<14:26,  1.57it/s]
qwen2.5-vl/pope/ricd/gqa/popular/seed1:  55%|█████▍    | 1642/3000 [15:26<13:58,  1.62it/s]
qwen2.5-vl/pope/ricd/gqa/popular/seed1:  55%|█████▍    | 1643/3000 [15:27<13:37,  1.66it/s]
qwen2.5-vl/pope/ricd/gqa/popular/seed1:  55%|█████▍    | 1644/3000 [15:27<13:24,  1.69it/s]
qwen2.5-vl/pope/ricd/gqa/popular/seed1:  55%|█████▍    | 1645/3000 [15:28<14:17,  1.58it/s]
qwen2.5-vl/pope/ricd/gqa/popular/seed1:  55%|█████▍    | 1646/3000 [15:29<14:52,  1.52it/s]
qwen2.5-vl/pope/ricd/gqa/popular/seed1:  55%|█████▍    | 1647/3000 [15:29<15:15,  1.48it/s]
qwen2.5-vl/pope/ricd/gqa/popular/seed1:  55%|█████▍    | 1648/3000 [15:30<15:33,  1.45it/s]
qwen2.5-vl/pope/ricd/gqa/popular/seed1:  55%|█████▍    | 1649/3000 [15:31<15:44,  1.43it/s]
qwen2.5-vl/pope/ricd/gqa/popular/seed1:  55%|█████▌    | 1650/3000 [15:31<15:56,  1.41it/s]
qwen2.5-vl/pope/ricd/gqa/popular/seed1:  55%|█████▌    | 1651/3000 [15:32<15:00,  1.50it/s]
qwen2.5-vl/pope/ricd/gqa/popular/seed1:  55%|█████▌    | 1652/3000 [15:33<14:19,  1.57it/s]
qwen2.5-vl/pope/ricd/gqa/popular/seed1:  55%|█████▌    | 1653/3000 [15:33<13:52,  1.62it/s]
qwen2.5-vl/pope/ricd/gqa/popular/seed1:  55%|█████▌    | 1654/3000 [15:34<13:32,  1.66it/s]
qwen2.5-vl/pope/ricd/gqa/popular/seed1:  55%|█████▌    | 1655/3000 [15:34<13:18,  1.68it/s]
qwen2.5-vl/pope/ricd/gqa/popular/seed1:  55%|█████▌    | 1656/3000 [15:35<13:09,  1.70it/s]
qwen2.5-vl/pope/ricd/gqa/popular/seed1:  55%|█████▌    | 1657/3000 [15:35<13:01,  1.72it/s]
qwen2.5-vl/pope/ricd/gqa/popular/seed1:  55%|█████▌    | 1658/3000 [15:36<12:54,  1.73it/s]
qwen2.5-vl/pope/ricd/gqa/popular/seed1:  55%|█████▌    | 1659/3000 [15:37<12:52,  1.74it/s]
qwen2.5-vl/pope/ricd/gqa/popular/seed1:  55%|█████▌    | 1660/3000 [15:37<13:01,  1.72it/s]
qwen2.5-vl/pope/ricd/gqa/popular/seed1:  55%|█████▌    | 1661/3000 [15:38<13:04,  1.71it/s]
qwen2.5-vl/pope/ricd/gqa/popular/seed1:  55%|█████▌    | 1662/3000 [15:38<12:58,  1.72it/s]
qwen2.5-vl/pope/ricd/gqa/popular/seed1:  55%|█████▌    | 1663/3000 [15:39<12:55,  1.72it/s]
qwen2.5-vl/pope/ricd/gqa/popular/seed1:  55%|█████▌    | 1664/3000 [15:39<12:50,  1.73it/s]
qwen2.5-vl/pope/ricd/gqa/popular/seed1:  56%|█████▌    | 1665/3000 [15:40<12:46,  1.74it/s]
qwen2.5-vl/pope/ricd/gqa/popular/seed1:  56%|█████▌    | 1666/3000 [15:41<12:43,  1.75it/s]
qwen2.5-vl/pope/ricd/gqa/popular/seed1:  56%|█████▌    | 1667/3000 [15:41<12:40,  1.75it/s]
qwen2.5-vl/pope/ricd/gqa/popular/seed1:  56%|█████▌    | 1668/3000 [15:42<12:37,  1.76it/s]
qwen2.5-vl/pope/ricd/gqa/popular/seed1:  56%|█████▌    | 1669/3000 [15:42<11:23,  1.95it/s]
qwen2.5-vl/pope/ricd/gqa/popular/seed1:  56%|█████▌    | 1670/3000 [15:43<10:32,  2.10it/s]
qwen2.5-vl/pope/ricd/gqa/popular/seed1:  56%|█████▌    | 1671/3000 [15:43<09:58,  2.22it/s]
qwen2.5-vl/pope/ricd/gqa/popular/seed1:  56%|█████▌    | 1672/3000 [15:43<09:34,  2.31it/s]
qwen2.5-vl/pope/ricd/gqa/popular/seed1:  56%|█████▌    | 1673/3000 [15:44<09:20,  2.37it/s]
qwen2.5-vl/pope/ricd/gqa/popular/seed1:  56%|█████▌    | 1674/3000 [15:44<09:05,  2.43it/s]
qwen2.5-vl/pope/ricd/gqa/popular/seed1:  56%|█████▌    | 1675/3000 [15:44<08:56,  2.47it/s]
qwen2.5-vl/pope/ricd/gqa/popular/seed1:  56%|█████▌    | 1676/3000 [15:45<08:48,  2.50it/s]
qwen2.5-vl/pope/ricd/gqa/popular/seed1:  56%|█████▌    | 1677/3000 [15:45<08:43,  2.53it/s]
qwen2.5-vl/pope/ricd/gqa/popular/seed1:  56%|█████▌    | 1678/3000 [15:46<08:41,  2.53it/s]
qwen2.5-vl/pope/ricd/gqa/popular/seed1:  56%|█████▌    | 1679/3000 [15:46<08:39,  2.54it/s]
qwen2.5-vl/pope/ricd/gqa/popular/seed1:  56%|█████▌    | 1680/3000 [15:46<08:36,  2.56it/s]
qwen2.5-vl/pope/ricd/gqa/popular/seed1:  56%|█████▌    | 1681/3000 [15:47<08:34,  2.56it/s]
qwen2.5-vl/pope/ricd/gqa/popular/seed1:  56%|█████▌    | 1682/3000 [15:47<08:31,  2.57it/s]
qwen2.5-vl/pope/ricd/gqa/popular/seed1:  56%|█████▌    | 1683/3000 [15:48<08:31,  2.57it/s]
qwen2.5-vl/pope/ricd/gqa/popular/seed1:  56%|█████▌    | 1684/3000 [15:48<08:30,  2.58it/s]
qwen2.5-vl/pope/ricd/gqa/popular/seed1:  56%|█████▌    | 1685/3000 [15:48<08:28,  2.59it/s]
qwen2.5-vl/pope/ricd/gqa/popular/seed1:  56%|█████▌    | 1686/3000 [15:49<08:29,  2.58it/s]
qwen2.5-vl/pope/ricd/gqa/popular/seed1:  56%|█████▌    | 1687/3000 [15:49<08:31,  2.57it/s]
qwen2.5-vl/pope/ricd/gqa/popular/seed1:  56%|█████▋    | 1688/3000 [15:50<08:32,  2.56it/s]
qwen2.5-vl/pope/ricd/gqa/popular/seed1:  56%|█████▋    | 1689/3000 [15:50<08:31,  2.57it/s]
qwen2.5-vl/pope/ricd/gqa/popular/seed1:  56%|█████▋    | 1690/3000 [15:50<08:29,  2.57it/s]
qwen2.5-vl/pope/ricd/gqa/popular/seed1:  56%|█████▋    | 1691/3000 [15:51<08:29,  2.57it/s]
qwen2.5-vl/pope/ricd/gqa/popular/seed1:  56%|█████▋    | 1692/3000 [15:51<08:27,  2.58it/s]
qwen2.5-vl/pope/ricd/gqa/popular/seed1:  56%|█████▋    | 1693/3000 [15:51<08:16,  2.63it/s]
qwen2.5-vl/pope/ricd/gqa/popular/seed1:  56%|█████▋    | 1694/3000 [15:52<08:09,  2.67it/s]
qwen2.5-vl/pope/ricd/gqa/popular/seed1:  56%|█████▋    | 1695/3000 [15:52<08:03,  2.70it/s]
qwen2.5-vl/pope/ricd/gqa/popular/seed1:  57%|█████▋    | 1696/3000 [15:53<08:00,  2.72it/s]
qwen2.5-vl/pope/ricd/gqa/popular/seed1:  57%|█████▋    | 1697/3000 [15:53<07:58,  2.72it/s]
qwen2.5-vl/pope/ricd/gqa/popular/seed1:  57%|█████▋    | 1698/3000 [15:53<07:53,  2.75it/s]
qwen2.5-vl/pope/ricd/gqa/popular/seed1:  57%|█████▋    | 1699/3000 [15:54<08:00,  2.71it/s]
qwen2.5-vl/pope/ricd/gqa/popular/seed1:  57%|█████▋    | 1700/3000 [15:54<08:04,  2.68it/s]
qwen2.5-vl/pope/ricd/gqa/popular/seed1:  57%|█████▋    | 1701/3000 [15:54<08:08,  2.66it/s]
qwen2.5-vl/pope/ricd/gqa/popular/seed1:  57%|█████▋    | 1702/3000 [15:55<08:09,  2.65it/s]
qwen2.5-vl/pope/ricd/gqa/popular/seed1:  57%|█████▋    | 1703/3000 [15:55<08:11,  2.64it/s]
qwen2.5-vl/pope/ricd/gqa/popular/seed1:  57%|█████▋    | 1704/3000 [15:56<08:15,  2.62it/s]
qwen2.5-vl/pope/ricd/gqa/popular/seed1:  57%|█████▋    | 1705/3000 [15:56<09:26,  2.29it/s]
qwen2.5-vl/pope/ricd/gqa/popular/seed1:  57%|█████▋    | 1706/3000 [15:57<10:15,  2.10it/s]
qwen2.5-vl/pope/ricd/gqa/popular/seed1:  57%|█████▋    | 1707/3000 [15:57<10:51,  1.98it/s]
qwen2.5-vl/pope/ricd/gqa/popular/seed1:  57%|█████▋    | 1708/3000 [15:58<11:17,  1.91it/s]
qwen2.5-vl/pope/ricd/gqa/popular/seed1:  57%|█████▋    | 1709/3000 [15:58<11:33,  1.86it/s]
qwen2.5-vl/pope/ricd/gqa/popular/seed1:  57%|█████▋    | 1710/3000 [15:59<11:45,  1.83it/s]
qwen2.5-vl/pope/ricd/gqa/popular/seed1:  57%|█████▋    | 1711/3000 [15:59<10:25,  2.06it/s]
qwen2.5-vl/pope/ricd/gqa/popular/seed1:  57%|█████▋    | 1712/3000 [16:00<09:30,  2.26it/s]
qwen2.5-vl/pope/ricd/gqa/popular/seed1:  57%|█████▋    | 1713/3000 [16:00<08:51,  2.42it/s]
qwen2.5-vl/pope/ricd/gqa/popular/seed1:  57%|█████▋    | 1714/3000 [16:00<08:23,  2.56it/s]
qwen2.5-vl/pope/ricd/gqa/popular/seed1:  57%|█████▋    | 1715/3000 [16:01<08:04,  2.65it/s]
qwen2.5-vl/pope/ricd/gqa/popular/seed1:  57%|█████▋    | 1716/3000 [16:01<07:51,  2.72it/s]
qwen2.5-vl/pope/ricd/gqa/popular/seed1:  57%|█████▋    | 1717/3000 [16:02<09:08,  2.34it/s]
qwen2.5-vl/pope/ricd/gqa/popular/seed1:  57%|█████▋    | 1718/3000 [16:02<10:02,  2.13it/s]
qwen2.5-vl/pope/ricd/gqa/popular/seed1:  57%|█████▋    | 1719/3000 [16:03<10:40,  2.00it/s]
qwen2.5-vl/pope/ricd/gqa/popular/seed1:  57%|█████▋    | 1720/3000 [16:03<11:05,  1.92it/s]
qwen2.5-vl/pope/ricd/gqa/popular/seed1:  57%|█████▋    | 1721/3000 [16:04<11:22,  1.87it/s]
qwen2.5-vl/pope/ricd/gqa/popular/seed1:  57%|█████▋    | 1722/3000 [16:04<11:33,  1.84it/s]
qwen2.5-vl/pope/ricd/gqa/popular/seed1:  57%|█████▋    | 1723/3000 [16:05<11:41,  1.82it/s]
qwen2.5-vl/pope/ricd/gqa/popular/seed1:  57%|█████▋    | 1724/3000 [16:06<11:49,  1.80it/s]
qwen2.5-vl/pope/ricd/gqa/popular/seed1:  57%|█████▊    | 1725/3000 [16:06<11:53,  1.79it/s]
qwen2.5-vl/pope/ricd/gqa/popular/seed1:  58%|█████▊    | 1726/3000 [16:07<11:55,  1.78it/s]
qwen2.5-vl/pope/ricd/gqa/popular/seed1:  58%|█████▊    | 1727/3000 [16:07<11:58,  1.77it/s]
qwen2.5-vl/pope/ricd/gqa/popular/seed1:  58%|█████▊    | 1728/3000 [16:08<12:00,  1.77it/s]
qwen2.5-vl/pope/ricd/gqa/popular/seed1:  58%|█████▊    | 1729/3000 [16:08<10:50,  1.95it/s]
qwen2.5-vl/pope/ricd/gqa/popular/seed1:  58%|█████▊    | 1730/3000 [16:09<10:02,  2.11it/s]
qwen2.5-vl/pope/ricd/gqa/popular/seed1:  58%|█████▊    | 1731/3000 [16:09<09:28,  2.23it/s]
qwen2.5-vl/pope/ricd/gqa/popular/seed1:  58%|█████▊    | 1732/3000 [16:09<09:04,  2.33it/s]
qwen2.5-vl/pope/ricd/gqa/popular/seed1:  58%|█████▊    | 1733/3000 [16:10<08:48,  2.40it/s]
qwen2.5-vl/pope/ricd/gqa/popular/seed1:  58%|█████▊    | 1734/3000 [16:10<08:36,  2.45it/s]
qwen2.5-vl/pope/ricd/gqa/popular/seed1:  58%|█████▊    | 1735/3000 [16:11<09:36,  2.20it/s]
qwen2.5-vl/pope/ricd/gqa/popular/seed1:  58%|█████▊    | 1736/3000 [16:11<10:18,  2.04it/s]
qwen2.5-vl/pope/ricd/gqa/popular/seed1:  58%|█████▊    | 1737/3000 [16:12<10:48,  1.95it/s]
qwen2.5-vl/pope/ricd/gqa/popular/seed1:  58%|█████▊    | 1738/3000 [16:12<11:07,  1.89it/s]
qwen2.5-vl/pope/ricd/gqa/popular/seed1:  58%|█████▊    | 1739/3000 [16:13<11:20,  1.85it/s]
qwen2.5-vl/pope/ricd/gqa/popular/seed1:  58%|█████▊    | 1740/3000 [16:14<11:28,  1.83it/s]
qwen2.5-vl/pope/ricd/gqa/popular/seed1:  58%|█████▊    | 1741/3000 [16:14<10:16,  2.04it/s]
qwen2.5-vl/pope/ricd/gqa/popular/seed1:  58%|█████▊    | 1742/3000 [16:14<09:26,  2.22it/s]
qwen2.5-vl/pope/ricd/gqa/popular/seed1:  58%|█████▊    | 1743/3000 [16:15<08:51,  2.37it/s]
qwen2.5-vl/pope/ricd/gqa/popular/seed1:  58%|█████▊    | 1744/3000 [16:15<08:26,  2.48it/s]
qwen2.5-vl/pope/ricd/gqa/popular/seed1:  58%|█████▊    | 1745/3000 [16:15<08:09,  2.56it/s]
qwen2.5-vl/pope/ricd/gqa/popular/seed1:  58%|█████▊    | 1746/3000 [16:16<07:56,  2.63it/s]
qwen2.5-vl/pope/ricd/gqa/popular/seed1:  58%|█████▊    | 1747/3000 [16:16<07:57,  2.62it/s]
qwen2.5-vl/pope/ricd/gqa/popular/seed1:  58%|█████▊    | 1748/3000 [16:16<07:58,  2.62it/s]
qwen2.5-vl/pope/ricd/gqa/popular/seed1:  58%|█████▊    | 1749/3000 [16:17<07:58,  2.61it/s]
qwen2.5-vl/pope/ricd/gqa/popular/seed1:  58%|█████▊    | 1750/3000 [16:17<08:00,  2.60it/s]
qwen2.5-vl/pope/ricd/gqa/popular/seed1:  58%|█████▊    | 1751/3000 [16:18<08:01,  2.59it/s]
qwen2.5-vl/pope/ricd/gqa/popular/seed1:  58%|█████▊    | 1752/3000 [16:18<08:00,  2.60it/s]
qwen2.5-vl/pope/ricd/gqa/popular/seed1:  58%|█████▊    | 1753/3000 [16:18<08:01,  2.59it/s]
qwen2.5-vl/pope/ricd/gqa/popular/seed1:  58%|█████▊    | 1754/3000 [16:19<08:02,  2.58it/s]
qwen2.5-vl/pope/ricd/gqa/popular/seed1:  58%|█████▊    | 1755/3000 [16:19<08:02,  2.58it/s]
qwen2.5-vl/pope/ricd/gqa/popular/seed1:  59%|█████▊    | 1756/3000 [16:20<08:00,  2.59it/s]
qwen2.5-vl/pope/ricd/gqa/popular/seed1:  59%|█████▊    | 1757/3000 [16:20<07:59,  2.59it/s]
qwen2.5-vl/pope/ricd/gqa/popular/seed1:  59%|█████▊    | 1758/3000 [16:20<08:00,  2.59it/s]
qwen2.5-vl/pope/ricd/gqa/popular/seed1:  59%|█████▊    | 1759/3000 [16:21<09:07,  2.27it/s]
qwen2.5-vl/pope/ricd/gqa/popular/seed1:  59%|█████▊    | 1760/3000 [16:21<09:54,  2.09it/s]
qwen2.5-vl/pope/ricd/gqa/popular/seed1:  59%|█████▊    | 1761/3000 [16:22<10:26,  1.98it/s]
qwen2.5-vl/pope/ricd/gqa/popular/seed1:  59%|█████▊    | 1762/3000 [16:23<10:51,  1.90it/s]
qwen2.5-vl/pope/ricd/gqa/popular/seed1:  59%|█████▉    | 1763/3000 [16:23<11:05,  1.86it/s]
qwen2.5-vl/pope/ricd/gqa/popular/seed1:  59%|█████▉    | 1764/3000 [16:24<11:15,  1.83it/s]
qwen2.5-vl/pope/ricd/gqa/popular/seed1:  59%|█████▉    | 1765/3000 [16:24<11:20,  1.81it/s]
qwen2.5-vl/pope/ricd/gqa/popular/seed1:  59%|█████▉    | 1766/3000 [16:25<11:24,  1.80it/s]
qwen2.5-vl/pope/ricd/gqa/popular/seed1:  59%|█████▉    | 1767/3000 [16:25<11:29,  1.79it/s]
qwen2.5-vl/pope/ricd/gqa/popular/seed1:  59%|█████▉    | 1768/3000 [16:26<11:31,  1.78it/s]
qwen2.5-vl/pope/ricd/gqa/popular/seed1:  59%|█████▉    | 1769/3000 [16:27<11:34,  1.77it/s]
qwen2.5-vl/pope/ricd/gqa/popular/seed1:  59%|█████▉    | 1770/3000 [16:27<11:35,  1.77it/s]
qwen2.5-vl/pope/ricd/gqa/popular/seed1:  59%|█████▉    | 1771/3000 [16:28<11:35,  1.77it/s]
qwen2.5-vl/pope/ricd/gqa/popular/seed1:  59%|█████▉    | 1772/3000 [16:28<11:36,  1.76it/s]
qwen2.5-vl/pope/ricd/gqa/popular/seed1:  59%|█████▉    | 1773/3000 [16:29<11:37,  1.76it/s]
qwen2.5-vl/pope/ricd/gqa/popular/seed1:  59%|█████▉    | 1774/3000 [16:29<11:37,  1.76it/s]
qwen2.5-vl/pope/ricd/gqa/popular/seed1:  59%|█████▉    | 1775/3000 [16:30<11:38,  1.75it/s]
qwen2.5-vl/pope/ricd/gqa/popular/seed1:  59%|█████▉    | 1776/3000 [16:31<11:37,  1.76it/s]
qwen2.5-vl/pope/ricd/gqa/popular/seed1:  59%|█████▉    | 1777/3000 [16:31<10:29,  1.94it/s]
qwen2.5-vl/pope/ricd/gqa/popular/seed1:  59%|█████▉    | 1778/3000 [16:31<09:42,  2.10it/s]
qwen2.5-vl/pope/ricd/gqa/popular/seed1:  59%|█████▉    | 1779/3000 [16:32<09:07,  2.23it/s]
qwen2.5-vl/pope/ricd/gqa/popular/seed1:  59%|█████▉    | 1780/3000 [16:32<08:42,  2.34it/s]
qwen2.5-vl/pope/ricd/gqa/popular/seed1:  59%|█████▉    | 1781/3000 [16:32<08:25,  2.41it/s]
qwen2.5-vl/pope/ricd/gqa/popular/seed1:  59%|█████▉    | 1782/3000 [16:33<08:12,  2.47it/s]
qwen2.5-vl/pope/ricd/gqa/popular/seed1:  59%|█████▉    | 1783/3000 [16:33<08:05,  2.51it/s]
qwen2.5-vl/pope/ricd/gqa/popular/seed1:  59%|█████▉    | 1784/3000 [16:34<08:01,  2.52it/s]
qwen2.5-vl/pope/ricd/gqa/popular/seed1:  60%|█████▉    | 1785/3000 [16:34<07:58,  2.54it/s]
qwen2.5-vl/pope/ricd/gqa/popular/seed1:  60%|█████▉    | 1786/3000 [16:34<07:54,  2.56it/s]
qwen2.5-vl/pope/ricd/gqa/popular/seed1:  60%|█████▉    | 1787/3000 [16:35<07:52,  2.57it/s]
qwen2.5-vl/pope/ricd/gqa/popular/seed1:  60%|█████▉    | 1788/3000 [16:35<07:50,  2.58it/s]
qwen2.5-vl/pope/ricd/gqa/popular/seed1:  60%|█████▉    | 1789/3000 [16:36<07:45,  2.60it/s]
qwen2.5-vl/pope/ricd/gqa/popular/seed1:  60%|█████▉    | 1790/3000 [16:36<07:42,  2.62it/s]
qwen2.5-vl/pope/ricd/gqa/popular/seed1:  60%|█████▉    | 1791/3000 [16:36<07:40,  2.63it/s]
qwen2.5-vl/pope/ricd/gqa/popular/seed1:  60%|█████▉    | 1792/3000 [16:37<07:38,  2.63it/s]
qwen2.5-vl/pope/ricd/gqa/popular/seed1:  60%|█████▉    | 1793/3000 [16:37<07:37,  2.64it/s]
qwen2.5-vl/pope/ricd/gqa/popular/seed1:  60%|█████▉    | 1794/3000 [16:37<07:36,  2.64it/s]
qwen2.5-vl/pope/ricd/gqa/popular/seed1:  60%|█████▉    | 1795/3000 [16:38<08:45,  2.29it/s]
qwen2.5-vl/pope/ricd/gqa/popular/seed1:  60%|█████▉    | 1796/3000 [16:39<09:35,  2.09it/s]
qwen2.5-vl/pope/ricd/gqa/popular/seed1:  60%|█████▉    | 1797/3000 [16:39<10:07,  1.98it/s]
qwen2.5-vl/pope/ricd/gqa/popular/seed1:  60%|█████▉    | 1798/3000 [16:40<10:29,  1.91it/s]
qwen2.5-vl/pope/ricd/gqa/popular/seed1:  60%|█████▉    | 1799/3000 [16:40<10:44,  1.86it/s]
qwen2.5-vl/pope/ricd/gqa/popular/seed1:  60%|██████    | 1800/3000 [16:41<10:57,  1.82it/s]
qwen2.5-vl/pope/ricd/gqa/popular/seed1:  60%|██████    | 1801/3000 [16:41<11:05,  1.80it/s]
qwen2.5-vl/pope/ricd/gqa/popular/seed1:  60%|██████    | 1802/3000 [16:42<11:11,  1.78it/s]
qwen2.5-vl/pope/ricd/gqa/popular/seed1:  60%|██████    | 1803/3000 [16:43<11:14,  1.77it/s]
qwen2.5-vl/pope/ricd/gqa/popular/seed1:  60%|██████    | 1804/3000 [16:43<11:16,  1.77it/s]
qwen2.5-vl/pope/ricd/gqa/popular/seed1:  60%|██████    | 1805/3000 [16:44<11:18,  1.76it/s]
qwen2.5-vl/pope/ricd/gqa/popular/seed1:  60%|██████    | 1806/3000 [16:44<11:18,  1.76it/s]
qwen2.5-vl/pope/ricd/gqa/popular/seed1:  60%|██████    | 1807/3000 [16:46<20:05,  1.01s/it]
qwen2.5-vl/pope/ricd/gqa/popular/seed1:  60%|██████    | 1808/3000 [16:48<25:50,  1.30s/it]
qwen2.5-vl/pope/ricd/gqa/popular/seed1:  60%|██████    | 1809/3000 [16:50<29:51,  1.50s/it]
qwen2.5-vl/pope/ricd/gqa/popular/seed1:  60%|██████    | 1810/3000 [16:52<32:39,  1.65s/it]
qwen2.5-vl/pope/ricd/gqa/popular/seed1:  60%|██████    | 1811/3000 [16:54<34:47,  1.76s/it]
qwen2.5-vl/pope/ricd/gqa/popular/seed1:  60%|██████    | 1812/3000 [16:56<36:06,  1.82s/it]
qwen2.5-vl/pope/ricd/gqa/popular/seed1:  60%|██████    | 1813/3000 [16:57<28:38,  1.45s/it]
qwen2.5-vl/pope/ricd/gqa/popular/seed1:  60%|██████    | 1814/3000 [16:57<23:22,  1.18s/it]
qwen2.5-vl/pope/ricd/gqa/popular/seed1:  60%|██████    | 1815/3000 [16:58<19:41,  1.00it/s]
qwen2.5-vl/pope/ricd/gqa/popular/seed1:  61%|██████    | 1816/3000 [16:59<17:06,  1.15it/s]
qwen2.5-vl/pope/ricd/gqa/popular/seed1:  61%|██████    | 1817/3000 [16:59<15:21,  1.28it/s]
qwen2.5-vl/pope/ricd/gqa/popular/seed1:  61%|██████    | 1818/3000 [17:00<14:07,  1.39it/s]
qwen2.5-vl/pope/ricd/gqa/popular/seed1:  61%|██████    | 1819/3000 [17:00<12:11,  1.61it/s]
qwen2.5-vl/pope/ricd/gqa/popular/seed1:  61%|██████    | 1820/3000 [17:00<10:48,  1.82it/s]
qwen2.5-vl/pope/ricd/gqa/popular/seed1:  61%|██████    | 1821/3000 [17:01<09:50,  2.00it/s]
qwen2.5-vl/pope/ricd/gqa/popular/seed1:  61%|██████    | 1822/3000 [17:01<09:11,  2.14it/s]
qwen2.5-vl/pope/ricd/gqa/popular/seed1:  61%|██████    | 1823/3000 [17:02<08:43,  2.25it/s]
qwen2.5-vl/pope/ricd/gqa/popular/seed1:  61%|██████    | 1824/3000 [17:02<08:21,  2.34it/s]
qwen2.5-vl/pope/ricd/gqa/popular/seed1:  61%|██████    | 1825/3000 [17:02<08:00,  2.45it/s]
qwen2.5-vl/pope/ricd/gqa/popular/seed1:  61%|██████    | 1826/3000 [17:03<07:44,  2.53it/s]
qwen2.5-vl/pope/ricd/gqa/popular/seed1:  61%|██████    | 1827/3000 [17:03<07:33,  2.59it/s]
qwen2.5-vl/pope/ricd/gqa/popular/seed1:  61%|██████    | 1828/3000 [17:03<07:24,  2.63it/s]
qwen2.5-vl/pope/ricd/gqa/popular/seed1:  61%|██████    | 1829/3000 [17:04<07:19,  2.67it/s]
qwen2.5-vl/pope/ricd/gqa/popular/seed1:  61%|██████    | 1830/3000 [17:04<07:14,  2.69it/s]
qwen2.5-vl/pope/ricd/gqa/popular/seed1:  61%|██████    | 1831/3000 [17:05<09:14,  2.11it/s]
qwen2.5-vl/pope/ricd/gqa/popular/seed1:  61%|██████    | 1832/3000 [17:06<10:37,  1.83it/s]
qwen2.5-vl/pope/ricd/gqa/popular/seed1:  61%|██████    | 1833/3000 [17:06<11:34,  1.68it/s]
qwen2.5-vl/pope/ricd/gqa/popular/seed1:  61%|██████    | 1834/3000 [17:07<12:15,  1.58it/s]
qwen2.5-vl/pope/ricd/gqa/popular/seed1:  61%|██████    | 1835/3000 [17:08<12:43,  1.53it/s]
qwen2.5-vl/pope/ricd/gqa/popular/seed1:  61%|██████    | 1836/3000 [17:08<13:00,  1.49it/s]
qwen2.5-vl/pope/ricd/gqa/popular/seed1:  61%|██████    | 1837/3000 [17:09<11:19,  1.71it/s]
qwen2.5-vl/pope/ricd/gqa/popular/seed1:  61%|██████▏   | 1838/3000 [17:09<10:08,  1.91it/s]
qwen2.5-vl/pope/ricd/gqa/popular/seed1:  61%|██████▏   | 1839/3000 [17:10<09:19,  2.08it/s]
qwen2.5-vl/pope/ricd/gqa/popular/seed1:  61%|██████▏   | 1840/3000 [17:10<08:44,  2.21it/s]
qwen2.5-vl/pope/ricd/gqa/popular/seed1:  61%|██████▏   | 1841/3000 [17:10<08:20,  2.32it/s]
qwen2.5-vl/pope/ricd/gqa/popular/seed1:  61%|██████▏   | 1842/3000 [17:11<08:04,  2.39it/s]
qwen2.5-vl/pope/ricd/gqa/popular/seed1:  61%|██████▏   | 1843/3000 [17:11<08:56,  2.16it/s]
qwen2.5-vl/pope/ricd/gqa/popular/seed1:  61%|██████▏   | 1844/3000 [17:12<09:34,  2.01it/s]
qwen2.5-vl/pope/ricd/gqa/popular/seed1:  62%|██████▏   | 1845/3000 [17:12<09:58,  1.93it/s]
qwen2.5-vl/pope/ricd/gqa/popular/seed1:  62%|██████▏   | 1846/3000 [17:13<10:15,  1.87it/s]
qwen2.5-vl/pope/ricd/gqa/popular/seed1:  62%|██████▏   | 1847/3000 [17:14<10:28,  1.84it/s]
qwen2.5-vl/pope/ricd/gqa/popular/seed1:  62%|██████▏   | 1848/3000 [17:14<10:37,  1.81it/s]
qwen2.5-vl/pope/ricd/gqa/popular/seed1:  62%|██████▏   | 1849/3000 [17:15<09:41,  1.98it/s]
qwen2.5-vl/pope/ricd/gqa/popular/seed1:  62%|██████▏   | 1850/3000 [17:15<09:02,  2.12it/s]
qwen2.5-vl/pope/ricd/gqa/popular/seed1:  62%|██████▏   | 1851/3000 [17:15<08:34,  2.23it/s]
qwen2.5-vl/pope/ricd/gqa/popular/seed1:  62%|██████▏   | 1852/3000 [17:16<08:14,  2.32it/s]
qwen2.5-vl/pope/ricd/gqa/popular/seed1:  62%|██████▏   | 1853/3000 [17:16<08:00,  2.39it/s]
qwen2.5-vl/pope/ricd/gqa/popular/seed1:  62%|██████▏   | 1854/3000 [17:17<07:51,  2.43it/s]
qwen2.5-vl/pope/ricd/gqa/popular/seed1:  62%|██████▏   | 1855/3000 [17:17<07:45,  2.46it/s]
qwen2.5-vl/pope/ricd/gqa/popular/seed1:  62%|██████▏   | 1856/3000 [17:17<07:40,  2.48it/s]
qwen2.5-vl/pope/ricd/gqa/popular/seed1:  62%|██████▏   | 1857/3000 [17:18<07:37,  2.50it/s]
qwen2.5-vl/pope/ricd/gqa/popular/seed1:  62%|██████▏   | 1858/3000 [17:18<07:34,  2.51it/s]
qwen2.5-vl/pope/ricd/gqa/popular/seed1:  62%|██████▏   | 1859/3000 [17:19<07:31,  2.53it/s]
qwen2.5-vl/pope/ricd/gqa/popular/seed1:  62%|██████▏   | 1860/3000 [17:19<07:29,  2.54it/s]
qwen2.5-vl/pope/ricd/gqa/popular/seed1:  62%|██████▏   | 1861/3000 [17:19<07:27,  2.54it/s]
qwen2.5-vl/pope/ricd/gqa/popular/seed1:  62%|██████▏   | 1862/3000 [17:20<07:27,  2.54it/s]
qwen2.5-vl/pope/ricd/gqa/popular/seed1:  62%|██████▏   | 1863/3000 [17:20<07:26,  2.55it/s]
qwen2.5-vl/pope/ricd/gqa/popular/seed1:  62%|██████▏   | 1864/3000 [17:20<07:25,  2.55it/s]
qwen2.5-vl/pope/ricd/gqa/popular/seed1:  62%|██████▏   | 1865/3000 [17:21<07:23,  2.56it/s]
qwen2.5-vl/pope/ricd/gqa/popular/seed1:  62%|██████▏   | 1866/3000 [17:21<07:21,  2.57it/s]
qwen2.5-vl/pope/ricd/gqa/popular/seed1:  62%|██████▏   | 1867/3000 [17:22<07:19,  2.58it/s]
qwen2.5-vl/pope/ricd/gqa/popular/seed1:  62%|██████▏   | 1868/3000 [17:22<07:18,  2.58it/s]
qwen2.5-vl/pope/ricd/gqa/popular/seed1:  62%|██████▏   | 1869/3000 [17:22<07:19,  2.58it/s]
qwen2.5-vl/pope/ricd/gqa/popular/seed1:  62%|██████▏   | 1870/3000 [17:23<07:19,  2.57it/s]
qwen2.5-vl/pope/ricd/gqa/popular/seed1:  62%|██████▏   | 1871/3000 [17:23<07:18,  2.58it/s]
qwen2.5-vl/pope/ricd/gqa/popular/seed1:  62%|██████▏   | 1872/3000 [17:24<07:17,  2.58it/s]
qwen2.5-vl/pope/ricd/gqa/popular/seed1:  62%|██████▏   | 1873/3000 [17:24<07:18,  2.57it/s]
qwen2.5-vl/pope/ricd/gqa/popular/seed1:  62%|██████▏   | 1874/3000 [17:24<07:18,  2.56it/s]
qwen2.5-vl/pope/ricd/gqa/popular/seed1:  62%|██████▎   | 1875/3000 [17:25<07:17,  2.57it/s]
qwen2.5-vl/pope/ricd/gqa/popular/seed1:  63%|██████▎   | 1876/3000 [17:25<07:18,  2.57it/s]
qwen2.5-vl/pope/ricd/gqa/popular/seed1:  63%|██████▎   | 1877/3000 [17:26<07:41,  2.43it/s]
qwen2.5-vl/pope/ricd/gqa/popular/seed1:  63%|██████▎   | 1878/3000 [17:26<07:33,  2.48it/s]
qwen2.5-vl/pope/ricd/gqa/popular/seed1:  63%|██████▎   | 1879/3000 [17:27<08:36,  2.17it/s]
qwen2.5-vl/pope/ricd/gqa/popular/seed1:  63%|██████▎   | 1880/3000 [17:27<09:35,  1.95it/s]
qwen2.5-vl/pope/ricd/gqa/popular/seed1:  63%|██████▎   | 1881/3000 [17:28<09:53,  1.89it/s]
qwen2.5-vl/pope/ricd/gqa/popular/seed1:  63%|██████▎   | 1882/3000 [17:28<10:05,  1.85it/s]
qwen2.5-vl/pope/ricd/gqa/popular/seed1:  63%|██████▎   | 1883/3000 [17:29<10:12,  1.82it/s]
qwen2.5-vl/pope/ricd/gqa/popular/seed1:  63%|██████▎   | 1884/3000 [17:29<10:17,  1.81it/s]
qwen2.5-vl/pope/ricd/gqa/popular/seed1:  63%|██████▎   | 1885/3000 [17:30<09:20,  1.99it/s]
qwen2.5-vl/pope/ricd/gqa/popular/seed1:  63%|██████▎   | 1886/3000 [17:30<08:44,  2.13it/s]
qwen2.5-vl/pope/ricd/gqa/popular/seed1:  63%|██████▎   | 1887/3000 [17:31<08:14,  2.25it/s]
qwen2.5-vl/pope/ricd/gqa/popular/seed1:  63%|██████▎   | 1888/3000 [17:31<07:54,  2.34it/s]
qwen2.5-vl/pope/ricd/gqa/popular/seed1:  63%|██████▎   | 1889/3000 [17:31<07:40,  2.42it/s]
qwen2.5-vl/pope/ricd/gqa/popular/seed1:  63%|██████▎   | 1890/3000 [17:32<07:29,  2.47it/s]
qwen2.5-vl/pope/ricd/gqa/popular/seed1:  63%|██████▎   | 1891/3000 [17:33<09:18,  1.99it/s]
qwen2.5-vl/pope/ricd/gqa/popular/seed1:  63%|██████▎   | 1892/3000 [17:33<10:34,  1.75it/s]
qwen2.5-vl/pope/ricd/gqa/popular/seed1:  63%|██████▎   | 1893/3000 [17:34<11:29,  1.61it/s]
qwen2.5-vl/pope/ricd/gqa/popular/seed1:  63%|██████▎   | 1894/3000 [17:35<12:06,  1.52it/s]
qwen2.5-vl/pope/ricd/gqa/popular/seed1:  63%|██████▎   | 1895/3000 [17:35<12:31,  1.47it/s]
qwen2.5-vl/pope/ricd/gqa/popular/seed1:  63%|██████▎   | 1896/3000 [17:36<12:47,  1.44it/s]
qwen2.5-vl/pope/ricd/gqa/popular/seed1:  63%|██████▎   | 1897/3000 [17:37<12:16,  1.50it/s]
qwen2.5-vl/pope/ricd/gqa/popular/seed1:  63%|██████▎   | 1898/3000 [17:37<11:55,  1.54it/s]
qwen2.5-vl/pope/ricd/gqa/popular/seed1:  63%|██████▎   | 1899/3000 [17:38<11:40,  1.57it/s]
qwen2.5-vl/pope/ricd/gqa/popular/seed1:  63%|██████▎   | 1900/3000 [17:39<11:30,  1.59it/s]
qwen2.5-vl/pope/ricd/gqa/popular/seed1:  63%|██████▎   | 1901/3000 [17:39<11:22,  1.61it/s]
qwen2.5-vl/pope/ricd/gqa/popular/seed1:  63%|██████▎   | 1902/3000 [17:40<11:16,  1.62it/s]
qwen2.5-vl/pope/ricd/gqa/popular/seed1:  63%|██████▎   | 1903/3000 [17:40<10:02,  1.82it/s]
qwen2.5-vl/pope/ricd/gqa/popular/seed1:  63%|██████▎   | 1904/3000 [17:41<09:08,  2.00it/s]
qwen2.5-vl/pope/ricd/gqa/popular/seed1:  64%|██████▎   | 1905/3000 [17:41<08:30,  2.15it/s]
qwen2.5-vl/pope/ricd/gqa/popular/seed1:  64%|██████▎   | 1906/3000 [17:41<08:03,  2.26it/s]
qwen2.5-vl/pope/ricd/gqa/popular/seed1:  64%|██████▎   | 1907/3000 [17:42<07:44,  2.35it/s]
qwen2.5-vl/pope/ricd/gqa/popular/seed1:  64%|██████▎   | 1908/3000 [17:42<07:30,  2.42it/s]
qwen2.5-vl/pope/ricd/gqa/popular/seed1:  64%|██████▎   | 1909/3000 [17:43<07:20,  2.48it/s]
qwen2.5-vl/pope/ricd/gqa/popular/seed1:  64%|██████▎   | 1910/3000 [17:43<07:11,  2.53it/s]
qwen2.5-vl/pope/ricd/gqa/popular/seed1:  64%|██████▎   | 1911/3000 [17:43<07:05,  2.56it/s]
qwen2.5-vl/pope/ricd/gqa/popular/seed1:  64%|██████▎   | 1912/3000 [17:44<07:01,  2.58it/s]
qwen2.5-vl/pope/ricd/gqa/popular/seed1:  64%|██████▍   | 1913/3000 [17:44<06:57,  2.60it/s]
qwen2.5-vl/pope/ricd/gqa/popular/seed1:  64%|██████▍   | 1914/3000 [17:44<06:55,  2.61it/s]
qwen2.5-vl/pope/ricd/gqa/popular/seed1:  64%|██████▍   | 1915/3000 [17:45<06:54,  2.62it/s]
qwen2.5-vl/pope/ricd/gqa/popular/seed1:  64%|██████▍   | 1916/3000 [17:45<06:54,  2.61it/s]
qwen2.5-vl/pope/ricd/gqa/popular/seed1:  64%|██████▍   | 1917/3000 [17:46<06:54,  2.61it/s]
qwen2.5-vl/pope/ricd/gqa/popular/seed1:  64%|██████▍   | 1918/3000 [17:46<06:54,  2.61it/s]
qwen2.5-vl/pope/ricd/gqa/popular/seed1:  64%|██████▍   | 1919/3000 [17:46<06:54,  2.61it/s]
qwen2.5-vl/pope/ricd/gqa/popular/seed1:  64%|██████▍   | 1920/3000 [17:47<06:55,  2.60it/s]
qwen2.5-vl/pope/ricd/gqa/popular/seed1:  64%|██████▍   | 1921/3000 [17:47<07:53,  2.28it/s]
qwen2.5-vl/pope/ricd/gqa/popular/seed1:  64%|██████▍   | 1922/3000 [17:48<08:33,  2.10it/s]
qwen2.5-vl/pope/ricd/gqa/popular/seed1:  64%|██████▍   | 1923/3000 [17:48<09:02,  1.99it/s]
qwen2.5-vl/pope/ricd/gqa/popular/seed1:  64%|██████▍   | 1924/3000 [17:49<09:21,  1.92it/s]
qwen2.5-vl/pope/ricd/gqa/popular/seed1:  64%|██████▍   | 1925/3000 [17:50<09:34,  1.87it/s]
qwen2.5-vl/pope/ricd/gqa/popular/seed1:  64%|██████▍   | 1926/3000 [17:50<09:43,  1.84it/s]
qwen2.5-vl/pope/ricd/gqa/popular/seed1:  64%|██████▍   | 1927/3000 [17:51<09:50,  1.82it/s]
qwen2.5-vl/pope/ricd/gqa/popular/seed1:  64%|██████▍   | 1928/3000 [17:51<09:54,  1.80it/s]
qwen2.5-vl/pope/ricd/gqa/popular/seed1:  64%|██████▍   | 1929/3000 [17:52<09:58,  1.79it/s]
qwen2.5-vl/pope/ricd/gqa/popular/seed1:  64%|██████▍   | 1930/3000 [17:52<09:59,  1.79it/s]
qwen2.5-vl/pope/ricd/gqa/popular/seed1:  64%|██████▍   | 1931/3000 [17:53<09:59,  1.78it/s]
qwen2.5-vl/pope/ricd/gqa/popular/seed1:  64%|██████▍   | 1932/3000 [17:54<09:59,  1.78it/s]
qwen2.5-vl/pope/ricd/gqa/popular/seed1:  64%|██████▍   | 1933/3000 [17:54<10:50,  1.64it/s]
qwen2.5-vl/pope/ricd/gqa/popular/seed1:  64%|██████▍   | 1934/3000 [17:55<11:02,  1.61it/s]
qwen2.5-vl/pope/ricd/gqa/popular/seed1:  64%|██████▍   | 1935/3000 [17:56<12:44,  1.39it/s]
qwen2.5-vl/pope/ricd/gqa/popular/seed1:  65%|██████▍   | 1936/3000 [17:57<12:45,  1.39it/s]
qwen2.5-vl/pope/ricd/gqa/popular/seed1:  65%|██████▍   | 1937/3000 [17:57<12:46,  1.39it/s]
qwen2.5-vl/pope/ricd/gqa/popular/seed1:  65%|██████▍   | 1938/3000 [17:58<12:47,  1.38it/s]
qwen2.5-vl/pope/ricd/gqa/popular/seed1:  65%|██████▍   | 1939/3000 [17:59<12:02,  1.47it/s]
qwen2.5-vl/pope/ricd/gqa/popular/seed1:  65%|██████▍   | 1940/3000 [17:59<11:30,  1.53it/s]
qwen2.5-vl/pope/ricd/gqa/popular/seed1:  65%|██████▍   | 1941/3000 [18:00<11:06,  1.59it/s]
qwen2.5-vl/pope/ricd/gqa/popular/seed1:  65%|██████▍   | 1942/3000 [18:00<10:49,  1.63it/s]
qwen2.5-vl/pope/ricd/gqa/popular/seed1:  65%|██████▍   | 1943/3000 [18:01<10:38,  1.66it/s]
qwen2.5-vl/pope/ricd/gqa/popular/seed1:  65%|██████▍   | 1944/3000 [18:01<10:30,  1.68it/s]
qwen2.5-vl/pope/ricd/gqa/popular/seed1:  65%|██████▍   | 1945/3000 [18:02<10:24,  1.69it/s]
qwen2.5-vl/pope/ricd/gqa/popular/seed1:  65%|██████▍   | 1946/3000 [18:03<10:20,  1.70it/s]
qwen2.5-vl/pope/ricd/gqa/popular/seed1:  65%|██████▍   | 1947/3000 [18:03<10:18,  1.70it/s]
qwen2.5-vl/pope/ricd/gqa/popular/seed1:  65%|██████▍   | 1948/3000 [18:04<10:16,  1.71it/s]
qwen2.5-vl/pope/ricd/gqa/popular/seed1:  65%|██████▍   | 1949/3000 [18:04<10:14,  1.71it/s]
qwen2.5-vl/pope/ricd/gqa/popular/seed1:  65%|██████▌   | 1950/3000 [18:05<10:14,  1.71it/s]
qwen2.5-vl/pope/ricd/gqa/popular/seed1:  65%|██████▌   | 1951/3000 [18:06<10:08,  1.72it/s]
qwen2.5-vl/pope/ricd/gqa/popular/seed1:  65%|██████▌   | 1952/3000 [18:06<10:01,  1.74it/s]
qwen2.5-vl/pope/ricd/gqa/popular/seed1:  65%|██████▌   | 1953/3000 [18:07<09:57,  1.75it/s]
qwen2.5-vl/pope/ricd/gqa/popular/seed1:  65%|██████▌   | 1954/3000 [18:07<09:54,  1.76it/s]
qwen2.5-vl/pope/ricd/gqa/popular/seed1:  65%|██████▌   | 1955/3000 [18:08<09:52,  1.76it/s]
qwen2.5-vl/pope/ricd/gqa/popular/seed1:  65%|██████▌   | 1956/3000 [18:08<09:52,  1.76it/s]
qwen2.5-vl/pope/ricd/gqa/popular/seed1:  65%|██████▌   | 1957/3000 [18:09<08:54,  1.95it/s]
qwen2.5-vl/pope/ricd/gqa/popular/seed1:  65%|██████▌   | 1958/3000 [18:09<08:13,  2.11it/s]
qwen2.5-vl/pope/ricd/gqa/popular/seed1:  65%|██████▌   | 1959/3000 [18:10<07:45,  2.24it/s]
qwen2.5-vl/pope/ricd/gqa/popular/seed1:  65%|██████▌   | 1960/3000 [18:10<07:25,  2.34it/s]
qwen2.5-vl/pope/ricd/gqa/popular/seed1:  65%|██████▌   | 1961/3000 [18:10<07:12,  2.40it/s]
qwen2.5-vl/pope/ricd/gqa/popular/seed1:  65%|██████▌   | 1962/3000 [18:11<07:02,  2.46it/s]
qwen2.5-vl/pope/ricd/gqa/popular/seed1:  65%|██████▌   | 1963/3000 [18:11<06:47,  2.55it/s]
qwen2.5-vl/pope/ricd/gqa/popular/seed1:  65%|██████▌   | 1964/3000 [18:11<06:37,  2.61it/s]
qwen2.5-vl/pope/ricd/gqa/popular/seed1:  66%|██████▌   | 1965/3000 [18:12<06:30,  2.65it/s]
qwen2.5-vl/pope/ricd/gqa/popular/seed1:  66%|██████▌   | 1966/3000 [18:12<06:25,  2.68it/s]
qwen2.5-vl/pope/ricd/gqa/popular/seed1:  66%|██████▌   | 1967/3000 [18:12<06:22,  2.70it/s]
qwen2.5-vl/pope/ricd/gqa/popular/seed1:  66%|██████▌   | 1968/3000 [18:13<06:19,  2.72it/s]
qwen2.5-vl/pope/ricd/gqa/popular/seed1:  66%|██████▌   | 1969/3000 [18:13<07:21,  2.34it/s]
qwen2.5-vl/pope/ricd/gqa/popular/seed1:  66%|██████▌   | 1970/3000 [18:14<08:03,  2.13it/s]
qwen2.5-vl/pope/ricd/gqa/popular/seed1:  66%|██████▌   | 1971/3000 [18:15<08:33,  2.00it/s]
qwen2.5-vl/pope/ricd/gqa/popular/seed1:  66%|██████▌   | 1972/3000 [18:15<08:54,  1.92it/s]
qwen2.5-vl/pope/ricd/gqa/popular/seed1:  66%|██████▌   | 1973/3000 [18:16<09:08,  1.87it/s]
qwen2.5-vl/pope/ricd/gqa/popular/seed1:  66%|██████▌   | 1974/3000 [18:16<09:17,  1.84it/s]
qwen2.5-vl/pope/ricd/gqa/popular/seed1:  66%|██████▌   | 1975/3000 [18:17<08:20,  2.05it/s]
qwen2.5-vl/pope/ricd/gqa/popular/seed1:  66%|██████▌   | 1976/3000 [18:17<07:39,  2.23it/s]
qwen2.5-vl/pope/ricd/gqa/popular/seed1:  66%|██████▌   | 1977/3000 [18:17<07:11,  2.37it/s]
qwen2.5-vl/pope/ricd/gqa/popular/seed1:  66%|██████▌   | 1978/3000 [18:18<06:51,  2.48it/s]
qwen2.5-vl/pope/ricd/gqa/popular/seed1:  66%|██████▌   | 1979/3000 [18:18<06:39,  2.55it/s]
qwen2.5-vl/pope/ricd/gqa/popular/seed1:  66%|██████▌   | 1980/3000 [18:18<06:31,  2.60it/s]
qwen2.5-vl/pope/ricd/gqa/popular/seed1:  66%|██████▌   | 1981/3000 [18:19<06:33,  2.59it/s]
qwen2.5-vl/pope/ricd/gqa/popular/seed1:  66%|██████▌   | 1982/3000 [18:19<06:32,  2.59it/s]
qwen2.5-vl/pope/ricd/gqa/popular/seed1:  66%|██████▌   | 1983/3000 [18:20<06:33,  2.59it/s]
qwen2.5-vl/pope/ricd/gqa/popular/seed1:  66%|██████▌   | 1984/3000 [18:20<06:33,  2.58it/s]
qwen2.5-vl/pope/ricd/gqa/popular/seed1:  66%|██████▌   | 1985/3000 [18:20<06:31,  2.59it/s]
qwen2.5-vl/pope/ricd/gqa/popular/seed1:  66%|██████▌   | 1986/3000 [18:21<06:32,  2.59it/s]
qwen2.5-vl/pope/ricd/gqa/popular/seed1:  66%|██████▌   | 1987/3000 [18:21<06:31,  2.59it/s]
qwen2.5-vl/pope/ricd/gqa/popular/seed1:  66%|██████▋   | 1988/3000 [18:22<06:29,  2.60it/s]
qwen2.5-vl/pope/ricd/gqa/popular/seed1:  66%|██████▋   | 1989/3000 [18:22<06:28,  2.60it/s]
qwen2.5-vl/pope/ricd/gqa/popular/seed1:  66%|██████▋   | 1990/3000 [18:22<06:29,  2.60it/s]
qwen2.5-vl/pope/ricd/gqa/popular/seed1:  66%|██████▋   | 1991/3000 [18:23<06:30,  2.59it/s]
qwen2.5-vl/pope/ricd/gqa/popular/seed1:  66%|██████▋   | 1992/3000 [18:23<06:29,  2.59it/s]
qwen2.5-vl/pope/ricd/gqa/popular/seed1:  66%|██████▋   | 1993/3000 [18:24<07:23,  2.27it/s]
qwen2.5-vl/pope/ricd/gqa/popular/seed1:  66%|██████▋   | 1994/3000 [18:24<08:01,  2.09it/s]
qwen2.5-vl/pope/ricd/gqa/popular/seed1:  66%|██████▋   | 1995/3000 [18:25<08:29,  1.97it/s]
qwen2.5-vl/pope/ricd/gqa/popular/seed1:  67%|██████▋   | 1996/3000 [18:25<08:46,  1.91it/s]
qwen2.5-vl/pope/ricd/gqa/popular/seed1:  67%|██████▋   | 1997/3000 [18:26<08:57,  1.87it/s]
qwen2.5-vl/pope/ricd/gqa/popular/seed1:  67%|██████▋   | 1998/3000 [18:26<09:05,  1.84it/s]
qwen2.5-vl/pope/ricd/gqa/popular/seed1:  67%|██████▋   | 1999/3000 [18:27<08:16,  2.02it/s]
qwen2.5-vl/pope/ricd/gqa/popular/seed1:  67%|██████▋   | 2000/3000 [18:27<07:42,  2.16it/s]
qwen2.5-vl/pope/ricd/gqa/popular/seed1:  67%|██████▋   | 2001/3000 [18:28<07:19,  2.27it/s]
qwen2.5-vl/pope/ricd/gqa/popular/seed1:  67%|██████▋   | 2002/3000 [18:28<07:02,  2.36it/s]
qwen2.5-vl/pope/ricd/gqa/popular/seed1:  67%|██████▋   | 2003/3000 [18:28<06:51,  2.42it/s]
qwen2.5-vl/pope/ricd/gqa/popular/seed1:  67%|██████▋   | 2004/3000 [18:29<06:45,  2.46it/s]
qwen2.5-vl/pope/ricd/gqa/popular/seed1:  67%|██████▋   | 2005/3000 [18:29<06:33,  2.53it/s]
qwen2.5-vl/pope/ricd/gqa/popular/seed1:  67%|██████▋   | 2006/3000 [18:30<06:24,  2.58it/s]
qwen2.5-vl/pope/ricd/gqa/popular/seed1:  67%|██████▋   | 2007/3000 [18:30<06:15,  2.64it/s]
qwen2.5-vl/pope/ricd/gqa/popular/seed1:  67%|██████▋   | 2008/3000 [18:30<06:11,  2.67it/s]
qwen2.5-vl/pope/ricd/gqa/popular/seed1:  67%|██████▋   | 2009/3000 [18:31<06:06,  2.71it/s]
qwen2.5-vl/pope/ricd/gqa/popular/seed1:  67%|██████▋   | 2010/3000 [18:31<06:02,  2.73it/s]
qwen2.5-vl/pope/ricd/gqa/popular/seed1:  67%|██████▋   | 2011/3000 [18:32<07:02,  2.34it/s]
qwen2.5-vl/pope/ricd/gqa/popular/seed1:  67%|██████▋   | 2012/3000 [18:32<07:43,  2.13it/s]
qwen2.5-vl/pope/ricd/gqa/popular/seed1:  67%|██████▋   | 2013/3000 [18:33<08:12,  2.00it/s]
qwen2.5-vl/pope/ricd/gqa/popular/seed1:  67%|██████▋   | 2014/3000 [18:33<08:31,  1.93it/s]
qwen2.5-vl/pope/ricd/gqa/popular/seed1:  67%|██████▋   | 2015/3000 [18:34<08:44,  1.88it/s]
qwen2.5-vl/pope/ricd/gqa/popular/seed1:  67%|██████▋   | 2016/3000 [18:34<08:53,  1.85it/s]
qwen2.5-vl/pope/ricd/gqa/popular/seed1:  67%|██████▋   | 2017/3000 [18:35<08:05,  2.02it/s]
qwen2.5-vl/pope/ricd/gqa/popular/seed1:  67%|██████▋   | 2018/3000 [18:35<07:32,  2.17it/s]
qwen2.5-vl/pope/ricd/gqa/popular/seed1:  67%|██████▋   | 2019/3000 [18:35<07:09,  2.28it/s]
qwen2.5-vl/pope/ricd/gqa/popular/seed1:  67%|██████▋   | 2020/3000 [18:36<06:53,  2.37it/s]
qwen2.5-vl/pope/ricd/gqa/popular/seed1:  67%|██████▋   | 2021/3000 [18:36<06:41,  2.44it/s]
qwen2.5-vl/pope/ricd/gqa/popular/seed1:  67%|██████▋   | 2022/3000 [18:37<06:32,  2.49it/s]
qwen2.5-vl/pope/ricd/gqa/popular/seed1:  67%|██████▋   | 2023/3000 [18:37<06:20,  2.57it/s]
qwen2.5-vl/pope/ricd/gqa/popular/seed1:  67%|██████▋   | 2024/3000 [18:37<06:11,  2.63it/s]
qwen2.5-vl/pope/ricd/gqa/popular/seed1:  68%|██████▊   | 2025/3000 [18:38<06:05,  2.66it/s]
qwen2.5-vl/pope/ricd/gqa/popular/seed1:  68%|██████▊   | 2026/3000 [18:38<06:01,  2.69it/s]
qwen2.5-vl/pope/ricd/gqa/popular/seed1:  68%|██████▊   | 2027/3000 [18:38<05:57,  2.72it/s]
qwen2.5-vl/pope/ricd/gqa/popular/seed1:  68%|██████▊   | 2028/3000 [18:39<05:54,  2.74it/s]
qwen2.5-vl/pope/ricd/gqa/popular/seed1:  68%|██████▊   | 2029/3000 [18:40<07:37,  2.12it/s]
qwen2.5-vl/pope/ricd/gqa/popular/seed1:  68%|██████▊   | 2030/3000 [18:40<08:49,  1.83it/s]
qwen2.5-vl/pope/ricd/gqa/popular/seed1:  68%|██████▊   | 2031/3000 [18:41<09:39,  1.67it/s]
qwen2.5-vl/pope/ricd/gqa/popular/seed1:  68%|██████▊   | 2032/3000 [18:42<10:13,  1.58it/s]
qwen2.5-vl/pope/ricd/gqa/popular/seed1:  68%|██████▊   | 2033/3000 [18:42<10:38,  1.51it/s]
qwen2.5-vl/pope/ricd/gqa/popular/seed1:  68%|██████▊   | 2034/3000 [18:43<10:55,  1.47it/s]
qwen2.5-vl/pope/ricd/gqa/popular/seed1:  68%|██████▊   | 2035/3000 [18:44<09:29,  1.69it/s]
qwen2.5-vl/pope/ricd/gqa/popular/seed1:  68%|██████▊   | 2036/3000 [18:44<08:29,  1.89it/s]
qwen2.5-vl/pope/ricd/gqa/popular/seed1:  68%|██████▊   | 2037/3000 [18:44<07:48,  2.06it/s]
qwen2.5-vl/pope/ricd/gqa/popular/seed1:  68%|██████▊   | 2038/3000 [18:45<07:19,  2.19it/s]
qwen2.5-vl/pope/ricd/gqa/popular/seed1:  68%|██████▊   | 2039/3000 [18:45<06:58,  2.30it/s]
qwen2.5-vl/pope/ricd/gqa/popular/seed1:  68%|██████▊   | 2040/3000 [18:45<06:43,  2.38it/s]
qwen2.5-vl/pope/ricd/gqa/popular/seed1:  68%|██████▊   | 2041/3000 [18:46<06:33,  2.44it/s]
qwen2.5-vl/pope/ricd/gqa/popular/seed1:  68%|██████▊   | 2042/3000 [18:46<06:27,  2.47it/s]
qwen2.5-vl/pope/ricd/gqa/popular/seed1:  68%|██████▊   | 2043/3000 [18:47<06:22,  2.50it/s]
qwen2.5-vl/pope/ricd/gqa/popular/seed1:  68%|██████▊   | 2044/3000 [18:47<06:19,  2.52it/s]
qwen2.5-vl/pope/ricd/gqa/popular/seed1:  68%|██████▊   | 2045/3000 [18:47<06:19,  2.52it/s]
qwen2.5-vl/pope/ricd/gqa/popular/seed1:  68%|██████▊   | 2046/3000 [18:48<06:19,  2.51it/s]
qwen2.5-vl/pope/ricd/gqa/popular/seed1:  68%|██████▊   | 2047/3000 [18:48<07:11,  2.21it/s]
qwen2.5-vl/pope/ricd/gqa/popular/seed1:  68%|██████▊   | 2048/3000 [18:49<07:46,  2.04it/s]
qwen2.5-vl/pope/ricd/gqa/popular/seed1:  68%|██████▊   | 2049/3000 [18:50<08:10,  1.94it/s]
qwen2.5-vl/pope/ricd/gqa/popular/seed1:  68%|██████▊   | 2050/3000 [18:50<08:27,  1.87it/s]
qwen2.5-vl/pope/ricd/gqa/popular/seed1:  68%|██████▊   | 2051/3000 [18:51<08:40,  1.82it/s]
qwen2.5-vl/pope/ricd/gqa/popular/seed1:  68%|██████▊   | 2052/3000 [18:51<08:49,  1.79it/s]
qwen2.5-vl/pope/ricd/gqa/popular/seed1:  68%|██████▊   | 2053/3000 [18:52<09:05,  1.74it/s]
qwen2.5-vl/pope/ricd/gqa/popular/seed1:  68%|██████▊   | 2054/3000 [18:53<09:19,  1.69it/s]
qwen2.5-vl/pope/ricd/gqa/popular/seed1:  68%|██████▊   | 2055/3000 [18:53<09:25,  1.67it/s]
qwen2.5-vl/pope/ricd/gqa/popular/seed1:  69%|██████▊   | 2056/3000 [18:54<09:37,  1.63it/s]
qwen2.5-vl/pope/ricd/gqa/popular/seed1:  69%|██████▊   | 2057/3000 [18:54<09:44,  1.61it/s]
qwen2.5-vl/pope/ricd/gqa/popular/seed1:  69%|██████▊   | 2058/3000 [18:55<09:42,  1.62it/s]
qwen2.5-vl/pope/ricd/gqa/popular/seed1:  69%|██████▊   | 2059/3000 [18:56<09:29,  1.65it/s]
qwen2.5-vl/pope/ricd/gqa/popular/seed1:  69%|██████▊   | 2060/3000 [18:56<09:19,  1.68it/s]
qwen2.5-vl/pope/ricd/gqa/popular/seed1:  69%|██████▊   | 2061/3000 [18:57<09:12,  1.70it/s]
qwen2.5-vl/pope/ricd/gqa/popular/seed1:  69%|██████▊   | 2062/3000 [18:57<09:07,  1.71it/s]
qwen2.5-vl/pope/ricd/gqa/popular/seed1:  69%|██████▉   | 2063/3000 [18:58<09:04,  1.72it/s]
qwen2.5-vl/pope/ricd/gqa/popular/seed1:  69%|██████▉   | 2064/3000 [18:58<09:01,  1.73it/s]
qwen2.5-vl/pope/ricd/gqa/popular/seed1:  69%|██████▉   | 2065/3000 [18:59<08:07,  1.92it/s]
qwen2.5-vl/pope/ricd/gqa/popular/seed1:  69%|██████▉   | 2066/3000 [18:59<07:29,  2.08it/s]
qwen2.5-vl/pope/ricd/gqa/popular/seed1:  69%|██████▉   | 2067/3000 [19:00<07:03,  2.20it/s]
qwen2.5-vl/pope/ricd/gqa/popular/seed1:  69%|██████▉   | 2068/3000 [19:00<06:43,  2.31it/s]
qwen2.5-vl/pope/ricd/gqa/popular/seed1:  69%|██████▉   | 2069/3000 [19:00<06:35,  2.35it/s]
qwen2.5-vl/pope/ricd/gqa/popular/seed1:  69%|██████▉   | 2070/3000 [19:01<06:29,  2.39it/s]
qwen2.5-vl/pope/ricd/gqa/popular/seed1:  69%|██████▉   | 2071/3000 [19:01<07:27,  2.08it/s]
qwen2.5-vl/pope/ricd/gqa/popular/seed1:  69%|██████▉   | 2072/3000 [19:02<08:08,  1.90it/s]
qwen2.5-vl/pope/ricd/gqa/popular/seed1:  69%|██████▉   | 2073/3000 [19:03<08:37,  1.79it/s]
qwen2.5-vl/pope/ricd/gqa/popular/seed1:  69%|██████▉   | 2074/3000 [19:03<08:51,  1.74it/s]
qwen2.5-vl/pope/ricd/gqa/popular/seed1:  69%|██████▉   | 2075/3000 [19:04<08:59,  1.71it/s]
qwen2.5-vl/pope/ricd/gqa/popular/seed1:  69%|██████▉   | 2076/3000 [19:05<09:06,  1.69it/s]
qwen2.5-vl/pope/ricd/gqa/popular/seed1:  69%|██████▉   | 2077/3000 [19:05<09:46,  1.57it/s]
qwen2.5-vl/pope/ricd/gqa/popular/seed1:  69%|██████▉   | 2078/3000 [19:06<10:13,  1.50it/s]
qwen2.5-vl/pope/ricd/gqa/popular/seed1:  69%|██████▉   | 2079/3000 [19:07<10:30,  1.46it/s]
qwen2.5-vl/pope/ricd/gqa/popular/seed1:  69%|██████▉   | 2080/3000 [19:07<10:41,  1.43it/s]
qwen2.5-vl/pope/ricd/gqa/popular/seed1:  69%|██████▉   | 2081/3000 [19:08<10:50,  1.41it/s]
qwen2.5-vl/pope/ricd/gqa/popular/seed1:  69%|██████▉   | 2082/3000 [19:09<10:56,  1.40it/s]
qwen2.5-vl/pope/ricd/gqa/popular/seed1:  69%|██████▉   | 2083/3000 [19:09<09:26,  1.62it/s]
qwen2.5-vl/pope/ricd/gqa/popular/seed1:  69%|██████▉   | 2084/3000 [19:10<08:23,  1.82it/s]
qwen2.5-vl/pope/ricd/gqa/popular/seed1:  70%|██████▉   | 2085/3000 [19:10<07:37,  2.00it/s]
qwen2.5-vl/pope/ricd/gqa/popular/seed1:  70%|██████▉   | 2086/3000 [19:10<07:06,  2.14it/s]
qwen2.5-vl/pope/ricd/gqa/popular/seed1:  70%|██████▉   | 2087/3000 [19:11<06:45,  2.25it/s]
qwen2.5-vl/pope/ricd/gqa/popular/seed1:  70%|██████▉   | 2088/3000 [19:11<06:30,  2.34it/s]
qwen2.5-vl/pope/ricd/gqa/popular/seed1:  70%|██████▉   | 2089/3000 [19:12<07:07,  2.13it/s]
qwen2.5-vl/pope/ricd/gqa/popular/seed1:  70%|██████▉   | 2090/3000 [19:12<07:32,  2.01it/s]
qwen2.5-vl/pope/ricd/gqa/popular/seed1:  70%|██████▉   | 2091/3000 [19:13<07:52,  1.93it/s]
qwen2.5-vl/pope/ricd/gqa/popular/seed1:  70%|██████▉   | 2092/3000 [19:14<08:04,  1.87it/s]
qwen2.5-vl/pope/ricd/gqa/popular/seed1:  70%|██████▉   | 2093/3000 [19:14<08:15,  1.83it/s]
qwen2.5-vl/pope/ricd/gqa/popular/seed1:  70%|██████▉   | 2094/3000 [19:15<08:22,  1.80it/s]
qwen2.5-vl/pope/ricd/gqa/popular/seed1:  70%|██████▉   | 2095/3000 [19:15<07:45,  1.94it/s]
qwen2.5-vl/pope/ricd/gqa/popular/seed1:  70%|██████▉   | 2096/3000 [19:15<07:11,  2.10it/s]
qwen2.5-vl/pope/ricd/gqa/popular/seed1:  70%|██████▉   | 2097/3000 [19:16<06:46,  2.22it/s]
qwen2.5-vl/pope/ricd/gqa/popular/seed1:  70%|██████▉   | 2098/3000 [19:16<06:30,  2.31it/s]
qwen2.5-vl/pope/ricd/gqa/popular/seed1:  70%|██████▉   | 2099/3000 [19:17<06:16,  2.39it/s]
qwen2.5-vl/pope/ricd/gqa/popular/seed1:  70%|███████   | 2100/3000 [19:17<06:08,  2.44it/s]
qwen2.5-vl/pope/ricd/gqa/popular/seed1:  70%|███████   | 2101/3000 [19:18<06:50,  2.19it/s]
qwen2.5-vl/pope/ricd/gqa/popular/seed1:  70%|███████   | 2102/3000 [19:18<07:20,  2.04it/s]
qwen2.5-vl/pope/ricd/gqa/popular/seed1:  70%|███████   | 2103/3000 [19:19<07:41,  1.95it/s]
qwen2.5-vl/pope/ricd/gqa/popular/seed1:  70%|███████   | 2104/3000 [19:19<07:55,  1.89it/s]
qwen2.5-vl/pope/ricd/gqa/popular/seed1:  70%|███████   | 2105/3000 [19:20<08:05,  1.84it/s]
qwen2.5-vl/pope/ricd/gqa/popular/seed1:  70%|███████   | 2106/3000 [19:20<08:10,  1.82it/s]
qwen2.5-vl/pope/ricd/gqa/popular/seed1:  70%|███████   | 2107/3000 [19:21<08:13,  1.81it/s]
qwen2.5-vl/pope/ricd/gqa/popular/seed1:  70%|███████   | 2108/3000 [19:22<08:16,  1.80it/s]
qwen2.5-vl/pope/ricd/gqa/popular/seed1:  70%|███████   | 2109/3000 [19:22<08:18,  1.79it/s]
qwen2.5-vl/pope/ricd/gqa/popular/seed1:  70%|███████   | 2110/3000 [19:23<08:17,  1.79it/s]
qwen2.5-vl/pope/ricd/gqa/popular/seed1:  70%|███████   | 2111/3000 [19:23<08:17,  1.79it/s]
qwen2.5-vl/pope/ricd/gqa/popular/seed1:  70%|███████   | 2112/3000 [19:24<08:17,  1.79it/s]
qwen2.5-vl/pope/ricd/gqa/popular/seed1:  70%|███████   | 2113/3000 [19:24<07:30,  1.97it/s]
qwen2.5-vl/pope/ricd/gqa/popular/seed1:  70%|███████   | 2114/3000 [19:25<06:58,  2.12it/s]
qwen2.5-vl/pope/ricd/gqa/popular/seed1:  70%|███████   | 2115/3000 [19:25<06:35,  2.24it/s]
qwen2.5-vl/pope/ricd/gqa/popular/seed1:  71%|███████   | 2116/3000 [19:25<06:19,  2.33it/s]
qwen2.5-vl/pope/ricd/gqa/popular/seed1:  71%|███████   | 2117/3000 [19:26<06:07,  2.40it/s]
qwen2.5-vl/pope/ricd/gqa/popular/seed1:  71%|███████   | 2118/3000 [19:26<05:58,  2.46it/s]
qwen2.5-vl/pope/ricd/gqa/popular/seed1:  71%|███████   | 2119/3000 [19:27<05:52,  2.50it/s]
qwen2.5-vl/pope/ricd/gqa/popular/seed1:  71%|███████   | 2120/3000 [19:27<05:49,  2.52it/s]
qwen2.5-vl/pope/ricd/gqa/popular/seed1:  71%|███████   | 2121/3000 [19:27<05:46,  2.54it/s]
qwen2.5-vl/pope/ricd/gqa/popular/seed1:  71%|███████   | 2122/3000 [19:28<05:43,  2.55it/s]
qwen2.5-vl/pope/ricd/gqa/popular/seed1:  71%|███████   | 2123/3000 [19:28<05:42,  2.56it/s]
qwen2.5-vl/pope/ricd/gqa/popular/seed1:  71%|███████   | 2124/3000 [19:28<05:41,  2.56it/s]
qwen2.5-vl/pope/ricd/gqa/popular/seed1:  71%|███████   | 2125/3000 [19:29<05:40,  2.57it/s]
qwen2.5-vl/pope/ricd/gqa/popular/seed1:  71%|███████   | 2126/3000 [19:29<05:38,  2.58it/s]
qwen2.5-vl/pope/ricd/gqa/popular/seed1:  71%|███████   | 2127/3000 [19:30<05:38,  2.58it/s]
qwen2.5-vl/pope/ricd/gqa/popular/seed1:  71%|███████   | 2128/3000 [19:30<05:37,  2.58it/s]
qwen2.5-vl/pope/ricd/gqa/popular/seed1:  71%|███████   | 2129/3000 [19:30<05:35,  2.59it/s]
qwen2.5-vl/pope/ricd/gqa/popular/seed1:  71%|███████   | 2130/3000 [19:31<05:34,  2.60it/s]
qwen2.5-vl/pope/ricd/gqa/popular/seed1:  71%|███████   | 2131/3000 [19:33<13:53,  1.04it/s]
qwen2.5-vl/pope/ricd/gqa/popular/seed1:  71%|███████   | 2132/3000 [19:35<19:09,  1.32s/it]
qwen2.5-vl/pope/ricd/gqa/popular/seed1:  71%|███████   | 2133/3000 [19:37<22:36,  1.56s/it]
qwen2.5-vl/pope/ricd/gqa/popular/seed1:  71%|███████   | 2134/3000 [19:40<25:01,  1.73s/it]
qwen2.5-vl/pope/ricd/gqa/popular/seed1:  71%|███████   | 2135/3000 [19:42<26:41,  1.85s/it]
qwen2.5-vl/pope/ricd/gqa/popular/seed1:  71%|███████   | 2136/3000 [19:44<27:53,  1.94s/it]
qwen2.5-vl/pope/ricd/gqa/popular/seed1:  71%|███████   | 2137/3000 [19:44<21:58,  1.53s/it]
qwen2.5-vl/pope/ricd/gqa/popular/seed1:  71%|███████▏  | 2138/3000 [19:45<17:47,  1.24s/it]
qwen2.5-vl/pope/ricd/gqa/popular/seed1:  71%|███████▏  | 2139/3000 [19:45<14:52,  1.04s/it]
qwen2.5-vl/pope/ricd/gqa/popular/seed1:  71%|███████▏  | 2140/3000 [19:46<12:50,  1.12it/s]
qwen2.5-vl/pope/ricd/gqa/popular/seed1:  71%|███████▏  | 2141/3000 [19:47<11:23,  1.26it/s]
qwen2.5-vl/pope/ricd/gqa/popular/seed1:  71%|███████▏  | 2142/3000 [19:47<10:23,  1.38it/s]
qwen2.5-vl/pope/ricd/gqa/popular/seed1:  71%|███████▏  | 2143/3000 [19:48<09:41,  1.47it/s]
qwen2.5-vl/pope/ricd/gqa/popular/seed1:  71%|███████▏  | 2144/3000 [19:48<09:11,  1.55it/s]
qwen2.5-vl/pope/ricd/gqa/popular/seed1:  72%|███████▏  | 2145/3000 [19:49<08:50,  1.61it/s]
qwen2.5-vl/pope/ricd/gqa/popular/seed1:  72%|███████▏  | 2146/3000 [19:49<08:35,  1.66it/s]
qwen2.5-vl/pope/ricd/gqa/popular/seed1:  72%|███████▏  | 2147/3000 [19:50<08:27,  1.68it/s]
qwen2.5-vl/pope/ricd/gqa/popular/seed1:  72%|███████▏  | 2148/3000 [19:51<08:20,  1.70it/s]
qwen2.5-vl/pope/ricd/gqa/popular/seed1:  72%|███████▏  | 2149/3000 [19:51<08:15,  1.72it/s]
qwen2.5-vl/pope/ricd/gqa/popular/seed1:  72%|███████▏  | 2150/3000 [19:52<08:11,  1.73it/s]
qwen2.5-vl/pope/ricd/gqa/popular/seed1:  72%|███████▏  | 2151/3000 [19:52<08:08,  1.74it/s]
qwen2.5-vl/pope/ricd/gqa/popular/seed1:  72%|███████▏  | 2152/3000 [19:53<08:05,  1.75it/s]
qwen2.5-vl/pope/ricd/gqa/popular/seed1:  72%|███████▏  | 2153/3000 [19:53<08:03,  1.75it/s]
qwen2.5-vl/pope/ricd/gqa/popular/seed1:  72%|███████▏  | 2154/3000 [19:54<08:02,  1.75it/s]
qwen2.5-vl/pope/ricd/gqa/popular/seed1:  72%|███████▏  | 2155/3000 [19:57<16:14,  1.15s/it]
qwen2.5-vl/pope/ricd/gqa/popular/seed1:  72%|███████▏  | 2156/3000 [19:59<21:45,  1.55s/it]
qwen2.5-vl/pope/ricd/gqa/popular/seed1:  72%|███████▏  | 2157/3000 [20:01<25:35,  1.82s/it]
qwen2.5-vl/pope/ricd/gqa/popular/seed1:  72%|███████▏  | 2158/3000 [20:04<28:15,  2.01s/it]
qwen2.5-vl/pope/ricd/gqa/popular/seed1:  72%|███████▏  | 2159/3000 [20:06<30:07,  2.15s/it]
qwen2.5-vl/pope/ricd/gqa/popular/seed1:  72%|███████▏  | 2160/3000 [20:09<31:18,  2.24s/it]
qwen2.5-vl/pope/ricd/gqa/popular/seed1:  72%|███████▏  | 2161/3000 [20:09<23:30,  1.68s/it]
qwen2.5-vl/pope/ricd/gqa/popular/seed1:  72%|███████▏  | 2162/3000 [20:10<18:04,  1.29s/it]
qwen2.5-vl/pope/ricd/gqa/popular/seed1:  72%|███████▏  | 2163/3000 [20:10<14:16,  1.02s/it]
qwen2.5-vl/pope/ricd/gqa/popular/seed1:  72%|███████▏  | 2164/3000 [20:10<11:36,  1.20it/s]
qwen2.5-vl/pope/ricd/gqa/popular/seed1:  72%|███████▏  | 2165/3000 [20:11<09:43,  1.43it/s]
qwen2.5-vl/pope/ricd/gqa/popular/seed1:  72%|███████▏  | 2166/3000 [20:11<08:25,  1.65it/s]
qwen2.5-vl/pope/ricd/gqa/popular/seed1:  72%|███████▏  | 2167/3000 [20:12<08:15,  1.68it/s]
qwen2.5-vl/pope/ricd/gqa/popular/seed1:  72%|███████▏  | 2168/3000 [20:12<08:09,  1.70it/s]
qwen2.5-vl/pope/ricd/gqa/popular/seed1:  72%|███████▏  | 2169/3000 [20:13<08:04,  1.72it/s]
qwen2.5-vl/pope/ricd/gqa/popular/seed1:  72%|███████▏  | 2170/3000 [20:13<08:01,  1.72it/s]
qwen2.5-vl/pope/ricd/gqa/popular/seed1:  72%|███████▏  | 2171/3000 [20:14<07:57,  1.74it/s]
qwen2.5-vl/pope/ricd/gqa/popular/seed1:  72%|███████▏  | 2172/3000 [20:15<07:56,  1.74it/s]
qwen2.5-vl/pope/ricd/gqa/popular/seed1:  72%|███████▏  | 2173/3000 [20:15<08:17,  1.66it/s]
qwen2.5-vl/pope/ricd/gqa/popular/seed1:  72%|███████▏  | 2174/3000 [20:16<08:31,  1.62it/s]
qwen2.5-vl/pope/ricd/gqa/popular/seed1:  72%|███████▎  | 2175/3000 [20:17<08:39,  1.59it/s]
qwen2.5-vl/pope/ricd/gqa/popular/seed1:  73%|███████▎  | 2176/3000 [20:17<08:44,  1.57it/s]
qwen2.5-vl/pope/ricd/gqa/popular/seed1:  73%|███████▎  | 2177/3000 [20:18<08:47,  1.56it/s]
qwen2.5-vl/pope/ricd/gqa/popular/seed1:  73%|███████▎  | 2178/3000 [20:18<08:50,  1.55it/s]
qwen2.5-vl/pope/ricd/gqa/popular/seed1:  73%|███████▎  | 2179/3000 [20:19<07:45,  1.76it/s]
qwen2.5-vl/pope/ricd/gqa/popular/seed1:  73%|███████▎  | 2180/3000 [20:19<06:59,  1.95it/s]
qwen2.5-vl/pope/ricd/gqa/popular/seed1:  73%|███████▎  | 2181/3000 [20:20<06:28,  2.11it/s]
qwen2.5-vl/pope/ricd/gqa/popular/seed1:  73%|███████▎  | 2182/3000 [20:20<06:06,  2.23it/s]
qwen2.5-vl/pope/ricd/gqa/popular/seed1:  73%|███████▎  | 2183/3000 [20:20<05:50,  2.33it/s]
qwen2.5-vl/pope/ricd/gqa/popular/seed1:  73%|███████▎  | 2184/3000 [20:21<05:38,  2.41it/s]
qwen2.5-vl/pope/ricd/gqa/popular/seed1:  73%|███████▎  | 2185/3000 [20:21<05:30,  2.47it/s]
qwen2.5-vl/pope/ricd/gqa/popular/seed1:  73%|███████▎  | 2186/3000 [20:22<05:24,  2.51it/s]
qwen2.5-vl/pope/ricd/gqa/popular/seed1:  73%|███████▎  | 2187/3000 [20:22<05:20,  2.54it/s]
qwen2.5-vl/pope/ricd/gqa/popular/seed1:  73%|███████▎  | 2188/3000 [20:22<05:17,  2.56it/s]
qwen2.5-vl/pope/ricd/gqa/popular/seed1:  73%|███████▎  | 2189/3000 [20:23<05:15,  2.57it/s]
qwen2.5-vl/pope/ricd/gqa/popular/seed1:  73%|███████▎  | 2190/3000 [20:23<05:13,  2.58it/s]
qwen2.5-vl/pope/ricd/gqa/popular/seed1:  73%|███████▎  | 2191/3000 [20:24<05:56,  2.27it/s]
qwen2.5-vl/pope/ricd/gqa/popular/seed1:  73%|███████▎  | 2192/3000 [20:24<06:25,  2.10it/s]
qwen2.5-vl/pope/ricd/gqa/popular/seed1:  73%|███████▎  | 2193/3000 [20:25<06:46,  1.98it/s]
qwen2.5-vl/pope/ricd/gqa/popular/seed1:  73%|███████▎  | 2194/3000 [20:25<07:02,  1.91it/s]
qwen2.5-vl/pope/ricd/gqa/popular/seed1:  73%|███████▎  | 2195/3000 [20:26<07:13,  1.86it/s]
qwen2.5-vl/pope/ricd/gqa/popular/seed1:  73%|███████▎  | 2196/3000 [20:27<07:20,  1.82it/s]
qwen2.5-vl/pope/ricd/gqa/popular/seed1:  73%|███████▎  | 2197/3000 [20:27<06:42,  2.00it/s]
qwen2.5-vl/pope/ricd/gqa/popular/seed1:  73%|███████▎  | 2198/3000 [20:27<06:15,  2.14it/s]
qwen2.5-vl/pope/ricd/gqa/popular/seed1:  73%|███████▎  | 2199/3000 [20:28<05:55,  2.25it/s]
qwen2.5-vl/pope/ricd/gqa/popular/seed1:  73%|███████▎  | 2200/3000 [20:28<05:42,  2.34it/s]
qwen2.5-vl/pope/ricd/gqa/popular/seed1:  73%|███████▎  | 2201/3000 [20:28<05:32,  2.41it/s]
qwen2.5-vl/pope/ricd/gqa/popular/seed1:  73%|███████▎  | 2202/3000 [20:29<05:24,  2.46it/s]
qwen2.5-vl/pope/ricd/gqa/popular/seed1:  73%|███████▎  | 2203/3000 [20:29<05:04,  2.62it/s]
qwen2.5-vl/pope/ricd/gqa/popular/seed1:  73%|███████▎  | 2204/3000 [20:29<04:49,  2.75it/s]
qwen2.5-vl/pope/ricd/gqa/popular/seed1:  74%|███████▎  | 2205/3000 [20:30<04:38,  2.85it/s]
qwen2.5-vl/pope/ricd/gqa/popular/seed1:  74%|███████▎  | 2206/3000 [20:30<04:30,  2.93it/s]
qwen2.5-vl/pope/ricd/gqa/popular/seed1:  74%|███████▎  | 2207/3000 [20:30<04:25,  2.99it/s]
qwen2.5-vl/pope/ricd/gqa/popular/seed1:  74%|███████▎  | 2208/3000 [20:31<04:21,  3.02it/s]
qwen2.5-vl/pope/ricd/gqa/popular/seed1:  74%|███████▎  | 2209/3000 [20:31<05:18,  2.48it/s]
qwen2.5-vl/pope/ricd/gqa/popular/seed1:  74%|███████▎  | 2210/3000 [20:32<05:57,  2.21it/s]
qwen2.5-vl/pope/ricd/gqa/popular/seed1:  74%|███████▎  | 2211/3000 [20:32<06:24,  2.05it/s]
qwen2.5-vl/pope/ricd/gqa/popular/seed1:  74%|███████▎  | 2212/3000 [20:33<06:43,  1.96it/s]
qwen2.5-vl/pope/ricd/gqa/popular/seed1:  74%|███████▍  | 2213/3000 [20:34<06:56,  1.89it/s]
qwen2.5-vl/pope/ricd/gqa/popular/seed1:  74%|███████▍  | 2214/3000 [20:34<07:05,  1.85it/s]
qwen2.5-vl/pope/ricd/gqa/popular/seed1:  74%|███████▍  | 2215/3000 [20:35<07:45,  1.69it/s]
qwen2.5-vl/pope/ricd/gqa/popular/seed1:  74%|███████▍  | 2216/3000 [20:36<08:14,  1.59it/s]
qwen2.5-vl/pope/ricd/gqa/popular/seed1:  74%|███████▍  | 2217/3000 [20:36<08:33,  1.52it/s]
qwen2.5-vl/pope/ricd/gqa/popular/seed1:  74%|███████▍  | 2218/3000 [20:37<08:46,  1.49it/s]
qwen2.5-vl/pope/ricd/gqa/popular/seed1:  74%|███████▍  | 2219/3000 [20:38<08:55,  1.46it/s]
qwen2.5-vl/pope/ricd/gqa/popular/seed1:  74%|███████▍  | 2220/3000 [20:38<09:02,  1.44it/s]
qwen2.5-vl/pope/ricd/gqa/popular/seed1:  74%|███████▍  | 2221/3000 [20:39<08:32,  1.52it/s]
qwen2.5-vl/pope/ricd/gqa/popular/seed1:  74%|███████▍  | 2222/3000 [20:40<08:12,  1.58it/s]
qwen2.5-vl/pope/ricd/gqa/popular/seed1:  74%|███████▍  | 2223/3000 [20:40<07:58,  1.63it/s]
qwen2.5-vl/pope/ricd/gqa/popular/seed1:  74%|███████▍  | 2224/3000 [20:41<07:47,  1.66it/s]
qwen2.5-vl/pope/ricd/gqa/popular/seed1:  74%|███████▍  | 2225/3000 [20:41<07:39,  1.69it/s]
qwen2.5-vl/pope/ricd/gqa/popular/seed1:  74%|███████▍  | 2226/3000 [20:42<07:35,  1.70it/s]
qwen2.5-vl/pope/ricd/gqa/popular/seed1:  74%|███████▍  | 2227/3000 [20:42<07:30,  1.71it/s]
qwen2.5-vl/pope/ricd/gqa/popular/seed1:  74%|███████▍  | 2228/3000 [20:43<07:27,  1.73it/s]
qwen2.5-vl/pope/ricd/gqa/popular/seed1:  74%|███████▍  | 2229/3000 [20:44<07:24,  1.74it/s]
qwen2.5-vl/pope/ricd/gqa/popular/seed1:  74%|███████▍  | 2230/3000 [20:44<07:21,  1.74it/s]
qwen2.5-vl/pope/ricd/gqa/popular/seed1:  74%|███████▍  | 2231/3000 [20:45<07:19,  1.75it/s]
qwen2.5-vl/pope/ricd/gqa/popular/seed1:  74%|███████▍  | 2232/3000 [20:45<07:18,  1.75it/s]
qwen2.5-vl/pope/ricd/gqa/popular/seed1:  74%|███████▍  | 2233/3000 [20:46<06:35,  1.94it/s]
qwen2.5-vl/pope/ricd/gqa/popular/seed1:  74%|███████▍  | 2234/3000 [20:46<06:06,  2.09it/s]
qwen2.5-vl/pope/ricd/gqa/popular/seed1:  74%|███████▍  | 2235/3000 [20:47<05:46,  2.21it/s]
qwen2.5-vl/pope/ricd/gqa/popular/seed1:  75%|███████▍  | 2236/3000 [20:47<05:31,  2.31it/s]
qwen2.5-vl/pope/ricd/gqa/popular/seed1:  75%|███████▍  | 2237/3000 [20:47<05:21,  2.37it/s]
qwen2.5-vl/pope/ricd/gqa/popular/seed1:  75%|███████▍  | 2238/3000 [20:48<05:13,  2.43it/s]
qwen2.5-vl/pope/ricd/gqa/popular/seed1:  75%|███████▍  | 2239/3000 [20:48<05:49,  2.18it/s]
qwen2.5-vl/pope/ricd/gqa/popular/seed1:  75%|███████▍  | 2240/3000 [20:49<06:14,  2.03it/s]
qwen2.5-vl/pope/ricd/gqa/popular/seed1:  75%|███████▍  | 2241/3000 [20:49<06:31,  1.94it/s]
qwen2.5-vl/pope/ricd/gqa/popular/seed1:  75%|███████▍  | 2242/3000 [20:50<06:43,  1.88it/s]
qwen2.5-vl/pope/ricd/gqa/popular/seed1:  75%|███████▍  | 2243/3000 [20:51<06:50,  1.84it/s]
qwen2.5-vl/pope/ricd/gqa/popular/seed1:  75%|███████▍  | 2244/3000 [20:51<06:55,  1.82it/s]
qwen2.5-vl/pope/ricd/gqa/popular/seed1:  75%|███████▍  | 2245/3000 [20:52<07:01,  1.79it/s]
qwen2.5-vl/pope/ricd/gqa/popular/seed1:  75%|███████▍  | 2246/3000 [20:52<07:06,  1.77it/s]
qwen2.5-vl/pope/ricd/gqa/popular/seed1:  75%|███████▍  | 2247/3000 [20:53<07:10,  1.75it/s]
qwen2.5-vl/pope/ricd/gqa/popular/seed1:  75%|███████▍  | 2248/3000 [20:53<07:13,  1.73it/s]
qwen2.5-vl/pope/ricd/gqa/popular/seed1:  75%|███████▍  | 2249/3000 [20:54<07:16,  1.72it/s]
qwen2.5-vl/pope/ricd/gqa/popular/seed1:  75%|███████▌  | 2250/3000 [20:55<07:17,  1.72it/s]
qwen2.5-vl/pope/ricd/gqa/popular/seed1:  75%|███████▌  | 2251/3000 [20:56<09:47,  1.28it/s]
qwen2.5-vl/pope/ricd/gqa/popular/seed1:  75%|███████▌  | 2252/3000 [20:57<11:26,  1.09it/s]
qwen2.5-vl/pope/ricd/gqa/popular/seed1:  75%|███████▌  | 2253/3000 [20:58<12:34,  1.01s/it]
qwen2.5-vl/pope/ricd/gqa/popular/seed1:  75%|███████▌  | 2254/3000 [21:00<13:23,  1.08s/it]
qwen2.5-vl/pope/ricd/gqa/popular/seed1:  75%|███████▌  | 2255/3000 [21:01<13:54,  1.12s/it]
qwen2.5-vl/pope/ricd/gqa/popular/seed1:  75%|███████▌  | 2256/3000 [21:02<14:16,  1.15s/it]
qwen2.5-vl/pope/ricd/gqa/popular/seed1:  75%|███████▌  | 2257/3000 [21:02<11:41,  1.06it/s]
qwen2.5-vl/pope/ricd/gqa/popular/seed1:  75%|███████▌  | 2258/3000 [21:03<09:51,  1.26it/s]
qwen2.5-vl/pope/ricd/gqa/popular/seed1:  75%|███████▌  | 2259/3000 [21:03<08:23,  1.47it/s]
qwen2.5-vl/pope/ricd/gqa/popular/seed1:  75%|███████▌  | 2260/3000 [21:04<07:21,  1.68it/s]
qwen2.5-vl/pope/ricd/gqa/popular/seed1:  75%|███████▌  | 2261/3000 [21:04<06:44,  1.83it/s]
qwen2.5-vl/pope/ricd/gqa/popular/seed1:  75%|███████▌  | 2262/3000 [21:05<06:18,  1.95it/s]
qwen2.5-vl/pope/ricd/gqa/popular/seed1:  75%|███████▌  | 2263/3000 [21:05<06:34,  1.87it/s]
qwen2.5-vl/pope/ricd/gqa/popular/seed1:  75%|███████▌  | 2264/3000 [21:06<06:40,  1.84it/s]
qwen2.5-vl/pope/ricd/gqa/popular/seed1:  76%|███████▌  | 2265/3000 [21:06<06:52,  1.78it/s]
qwen2.5-vl/pope/ricd/gqa/popular/seed1:  76%|███████▌  | 2266/3000 [21:07<07:00,  1.75it/s]
qwen2.5-vl/pope/ricd/gqa/popular/seed1:  76%|███████▌  | 2267/3000 [21:08<07:03,  1.73it/s]
qwen2.5-vl/pope/ricd/gqa/popular/seed1:  76%|███████▌  | 2268/3000 [21:08<07:05,  1.72it/s]
qwen2.5-vl/pope/ricd/gqa/popular/seed1:  76%|███████▌  | 2269/3000 [21:09<07:06,  1.71it/s]
qwen2.5-vl/pope/ricd/gqa/popular/seed1:  76%|███████▌  | 2270/3000 [21:09<07:03,  1.73it/s]
qwen2.5-vl/pope/ricd/gqa/popular/seed1:  76%|███████▌  | 2271/3000 [21:10<06:59,  1.74it/s]
qwen2.5-vl/pope/ricd/gqa/popular/seed1:  76%|███████▌  | 2272/3000 [21:10<06:56,  1.75it/s]
qwen2.5-vl/pope/ricd/gqa/popular/seed1:  76%|███████▌  | 2273/3000 [21:11<06:55,  1.75it/s]
qwen2.5-vl/pope/ricd/gqa/popular/seed1:  76%|███████▌  | 2274/3000 [21:12<06:54,  1.75it/s]
qwen2.5-vl/pope/ricd/gqa/popular/seed1:  76%|███████▌  | 2275/3000 [21:12<06:53,  1.75it/s]
qwen2.5-vl/pope/ricd/gqa/popular/seed1:  76%|███████▌  | 2276/3000 [21:13<06:53,  1.75it/s]
qwen2.5-vl/pope/ricd/gqa/popular/seed1:  76%|███████▌  | 2277/3000 [21:13<06:51,  1.75it/s]
qwen2.5-vl/pope/ricd/gqa/popular/seed1:  76%|███████▌  | 2278/3000 [21:14<06:52,  1.75it/s]
qwen2.5-vl/pope/ricd/gqa/popular/seed1:  76%|███████▌  | 2279/3000 [21:14<06:51,  1.75it/s]
qwen2.5-vl/pope/ricd/gqa/popular/seed1:  76%|███████▌  | 2280/3000 [21:15<06:50,  1.75it/s]
qwen2.5-vl/pope/ricd/gqa/popular/seed1:  76%|███████▌  | 2281/3000 [21:16<06:50,  1.75it/s]
qwen2.5-vl/pope/ricd/gqa/popular/seed1:  76%|███████▌  | 2282/3000 [21:16<06:48,  1.76it/s]
qwen2.5-vl/pope/ricd/gqa/popular/seed1:  76%|███████▌  | 2283/3000 [21:17<06:46,  1.76it/s]
qwen2.5-vl/pope/ricd/gqa/popular/seed1:  76%|███████▌  | 2284/3000 [21:17<06:45,  1.76it/s]
qwen2.5-vl/pope/ricd/gqa/popular/seed1:  76%|███████▌  | 2285/3000 [21:18<06:44,  1.77it/s]
qwen2.5-vl/pope/ricd/gqa/popular/seed1:  76%|███████▌  | 2286/3000 [21:18<06:45,  1.76it/s]
qwen2.5-vl/pope/ricd/gqa/popular/seed1:  76%|███████▌  | 2287/3000 [21:19<06:45,  1.76it/s]
qwen2.5-vl/pope/ricd/gqa/popular/seed1:  76%|███████▋  | 2288/3000 [21:20<06:45,  1.76it/s]
qwen2.5-vl/pope/ricd/gqa/popular/seed1:  76%|███████▋  | 2289/3000 [21:20<06:44,  1.76it/s]
qwen2.5-vl/pope/ricd/gqa/popular/seed1:  76%|███████▋  | 2290/3000 [21:21<06:43,  1.76it/s]
qwen2.5-vl/pope/ricd/gqa/popular/seed1:  76%|███████▋  | 2291/3000 [21:21<06:42,  1.76it/s]
qwen2.5-vl/pope/ricd/gqa/popular/seed1:  76%|███████▋  | 2292/3000 [21:22<06:41,  1.76it/s]
qwen2.5-vl/pope/ricd/gqa/popular/seed1:  76%|███████▋  | 2293/3000 [21:22<06:02,  1.95it/s]
qwen2.5-vl/pope/ricd/gqa/popular/seed1:  76%|███████▋  | 2294/3000 [21:23<05:35,  2.10it/s]
qwen2.5-vl/pope/ricd/gqa/popular/seed1:  76%|███████▋  | 2295/3000 [21:23<05:16,  2.23it/s]
qwen2.5-vl/pope/ricd/gqa/popular/seed1:  77%|███████▋  | 2296/3000 [21:23<05:02,  2.33it/s]
qwen2.5-vl/pope/ricd/gqa/popular/seed1:  77%|███████▋  | 2297/3000 [21:24<04:53,  2.40it/s]
qwen2.5-vl/pope/ricd/gqa/popular/seed1:  77%|███████▋  | 2298/3000 [21:24<04:45,  2.46it/s]
qwen2.5-vl/pope/ricd/gqa/popular/seed1:  77%|███████▋  | 2299/3000 [21:25<05:18,  2.20it/s]
qwen2.5-vl/pope/ricd/gqa/popular/seed1:  77%|███████▋  | 2300/3000 [21:25<05:41,  2.05it/s]
qwen2.5-vl/pope/ricd/gqa/popular/seed1:  77%|███████▋  | 2301/3000 [21:26<05:57,  1.96it/s]
qwen2.5-vl/pope/ricd/gqa/popular/seed1:  77%|███████▋  | 2302/3000 [21:26<06:08,  1.90it/s]
qwen2.5-vl/pope/ricd/gqa/popular/seed1:  77%|███████▋  | 2303/3000 [21:27<06:16,  1.85it/s]
qwen2.5-vl/pope/ricd/gqa/popular/seed1:  77%|███████▋  | 2304/3000 [21:27<06:21,  1.83it/s]
qwen2.5-vl/pope/ricd/gqa/popular/seed1:  77%|███████▋  | 2305/3000 [21:28<06:56,  1.67it/s]
qwen2.5-vl/pope/ricd/gqa/popular/seed1:  77%|███████▋  | 2306/3000 [21:29<07:19,  1.58it/s]
qwen2.5-vl/pope/ricd/gqa/popular/seed1:  77%|███████▋  | 2307/3000 [21:30<07:37,  1.52it/s]
qwen2.5-vl/pope/ricd/gqa/popular/seed1:  77%|███████▋  | 2308/3000 [21:30<07:49,  1.47it/s]
qwen2.5-vl/pope/ricd/gqa/popular/seed1:  77%|███████▋  | 2309/3000 [21:31<07:58,  1.45it/s]
qwen2.5-vl/pope/ricd/gqa/popular/seed1:  77%|███████▋  | 2310/3000 [21:32<08:03,  1.43it/s]
qwen2.5-vl/pope/ricd/gqa/popular/seed1:  77%|███████▋  | 2311/3000 [21:32<07:35,  1.51it/s]
qwen2.5-vl/pope/ricd/gqa/popular/seed1:  77%|███████▋  | 2312/3000 [21:33<07:15,  1.58it/s]
qwen2.5-vl/pope/ricd/gqa/popular/seed1:  77%|███████▋  | 2313/3000 [21:34<07:00,  1.63it/s]
qwen2.5-vl/pope/ricd/gqa/popular/seed1:  77%|███████▋  | 2314/3000 [21:34<06:50,  1.67it/s]
qwen2.5-vl/pope/ricd/gqa/popular/seed1:  77%|███████▋  | 2315/3000 [21:35<06:43,  1.70it/s]
qwen2.5-vl/pope/ricd/gqa/popular/seed1:  77%|███████▋  | 2316/3000 [21:35<06:38,  1.72it/s]
qwen2.5-vl/pope/ricd/gqa/popular/seed1:  77%|███████▋  | 2317/3000 [21:36<06:34,  1.73it/s]
qwen2.5-vl/pope/ricd/gqa/popular/seed1:  77%|███████▋  | 2318/3000 [21:36<06:31,  1.74it/s]
qwen2.5-vl/pope/ricd/gqa/popular/seed1:  77%|███████▋  | 2319/3000 [21:37<06:29,  1.75it/s]
qwen2.5-vl/pope/ricd/gqa/popular/seed1:  77%|███████▋  | 2320/3000 [21:37<06:28,  1.75it/s]
qwen2.5-vl/pope/ricd/gqa/popular/seed1:  77%|███████▋  | 2321/3000 [21:38<06:27,  1.75it/s]
qwen2.5-vl/pope/ricd/gqa/popular/seed1:  77%|███████▋  | 2322/3000 [21:39<06:26,  1.76it/s]
qwen2.5-vl/pope/ricd/gqa/popular/seed1:  77%|███████▋  | 2323/3000 [21:39<06:24,  1.76it/s]
qwen2.5-vl/pope/ricd/gqa/popular/seed1:  77%|███████▋  | 2324/3000 [21:40<06:22,  1.77it/s]
qwen2.5-vl/pope/ricd/gqa/popular/seed1:  78%|███████▊  | 2325/3000 [21:40<06:20,  1.77it/s]
qwen2.5-vl/pope/ricd/gqa/popular/seed1:  78%|███████▊  | 2326/3000 [21:41<06:19,  1.78it/s]
qwen2.5-vl/pope/ricd/gqa/popular/seed1:  78%|███████▊  | 2327/3000 [21:41<06:18,  1.78it/s]
qwen2.5-vl/pope/ricd/gqa/popular/seed1:  78%|███████▊  | 2328/3000 [21:42<06:18,  1.78it/s]
qwen2.5-vl/pope/ricd/gqa/popular/seed1:  78%|███████▊  | 2329/3000 [21:44<12:41,  1.13s/it]
qwen2.5-vl/pope/ricd/gqa/popular/seed1:  78%|███████▊  | 2330/3000 [21:47<17:07,  1.53s/it]
qwen2.5-vl/pope/ricd/gqa/popular/seed1:  78%|███████▊  | 2331/3000 [21:49<20:11,  1.81s/it]
qwen2.5-vl/pope/ricd/gqa/popular/seed1:  78%|███████▊  | 2332/3000 [21:52<22:18,  2.00s/it]
qwen2.5-vl/pope/ricd/gqa/popular/seed1:  78%|███████▊  | 2333/3000 [21:54<23:44,  2.14s/it]
qwen2.5-vl/pope/ricd/gqa/popular/seed1:  78%|███████▊  | 2334/3000 [21:57<24:47,  2.23s/it]
qwen2.5-vl/pope/ricd/gqa/popular/seed1:  78%|███████▊  | 2335/3000 [21:57<18:36,  1.68s/it]
qwen2.5-vl/pope/ricd/gqa/popular/seed1:  78%|███████▊  | 2336/3000 [21:57<14:17,  1.29s/it]
qwen2.5-vl/pope/ricd/gqa/popular/seed1:  78%|███████▊  | 2337/3000 [21:58<11:15,  1.02s/it]
qwen2.5-vl/pope/ricd/gqa/popular/seed1:  78%|███████▊  | 2338/3000 [21:58<09:08,  1.21it/s]
qwen2.5-vl/pope/ricd/gqa/popular/seed1:  78%|███████▊  | 2339/3000 [21:59<07:40,  1.44it/s]
qwen2.5-vl/pope/ricd/gqa/popular/seed1:  78%|███████▊  | 2340/3000 [21:59<06:37,  1.66it/s]
qwen2.5-vl/pope/ricd/gqa/popular/seed1:  78%|███████▊  | 2341/3000 [21:59<05:54,  1.86it/s]
qwen2.5-vl/pope/ricd/gqa/popular/seed1:  78%|███████▊  | 2342/3000 [22:00<05:24,  2.03it/s]
qwen2.5-vl/pope/ricd/gqa/popular/seed1:  78%|███████▊  | 2343/3000 [22:00<05:02,  2.17it/s]
qwen2.5-vl/pope/ricd/gqa/popular/seed1:  78%|███████▊  | 2344/3000 [22:01<04:46,  2.29it/s]
qwen2.5-vl/pope/ricd/gqa/popular/seed1:  78%|███████▊  | 2345/3000 [22:01<04:36,  2.37it/s]
qwen2.5-vl/pope/ricd/gqa/popular/seed1:  78%|███████▊  | 2346/3000 [22:01<04:29,  2.43it/s]
qwen2.5-vl/pope/ricd/gqa/popular/seed1:  78%|███████▊  | 2347/3000 [22:02<05:00,  2.18it/s]
qwen2.5-vl/pope/ricd/gqa/popular/seed1:  78%|███████▊  | 2348/3000 [22:02<05:20,  2.03it/s]
qwen2.5-vl/pope/ricd/gqa/popular/seed1:  78%|███████▊  | 2349/3000 [22:03<05:35,  1.94it/s]
qwen2.5-vl/pope/ricd/gqa/popular/seed1:  78%|███████▊  | 2350/3000 [22:04<05:44,  1.88it/s]
qwen2.5-vl/pope/ricd/gqa/popular/seed1:  78%|███████▊  | 2351/3000 [22:04<05:51,  1.85it/s]
qwen2.5-vl/pope/ricd/gqa/popular/seed1:  78%|███████▊  | 2352/3000 [22:05<05:54,  1.83it/s]
qwen2.5-vl/pope/ricd/gqa/popular/seed1:  78%|███████▊  | 2353/3000 [22:05<05:57,  1.81it/s]
qwen2.5-vl/pope/ricd/gqa/popular/seed1:  78%|███████▊  | 2354/3000 [22:06<05:58,  1.80it/s]
qwen2.5-vl/pope/ricd/gqa/popular/seed1:  78%|███████▊  | 2355/3000 [22:06<05:59,  1.79it/s]
qwen2.5-vl/pope/ricd/gqa/popular/seed1:  79%|███████▊  | 2356/3000 [22:07<06:01,  1.78it/s]
qwen2.5-vl/pope/ricd/gqa/popular/seed1:  79%|███████▊  | 2357/3000 [22:08<06:02,  1.77it/s]
qwen2.5-vl/pope/ricd/gqa/popular/seed1:  79%|███████▊  | 2358/3000 [22:08<06:03,  1.77it/s]
qwen2.5-vl/pope/ricd/gqa/popular/seed1:  79%|███████▊  | 2359/3000 [22:09<05:27,  1.96it/s]
qwen2.5-vl/pope/ricd/gqa/popular/seed1:  79%|███████▊  | 2360/3000 [22:09<05:03,  2.11it/s]
qwen2.5-vl/pope/ricd/gqa/popular/seed1:  79%|███████▊  | 2361/3000 [22:09<04:46,  2.23it/s]
qwen2.5-vl/pope/ricd/gqa/popular/seed1:  79%|███████▊  | 2362/3000 [22:10<04:34,  2.33it/s]
qwen2.5-vl/pope/ricd/gqa/popular/seed1:  79%|███████▉  | 2363/3000 [22:10<04:25,  2.40it/s]
qwen2.5-vl/pope/ricd/gqa/popular/seed1:  79%|███████▉  | 2364/3000 [22:10<04:18,  2.46it/s]
qwen2.5-vl/pope/ricd/gqa/popular/seed1:  79%|███████▉  | 2365/3000 [22:11<04:14,  2.49it/s]
qwen2.5-vl/pope/ricd/gqa/popular/seed1:  79%|███████▉  | 2366/3000 [22:11<04:11,  2.52it/s]
qwen2.5-vl/pope/ricd/gqa/popular/seed1:  79%|███████▉  | 2367/3000 [22:12<04:09,  2.54it/s]
qwen2.5-vl/pope/ricd/gqa/popular/seed1:  79%|███████▉  | 2368/3000 [22:12<04:07,  2.55it/s]
qwen2.5-vl/pope/ricd/gqa/popular/seed1:  79%|███████▉  | 2369/3000 [22:12<04:06,  2.56it/s]
qwen2.5-vl/pope/ricd/gqa/popular/seed1:  79%|███████▉  | 2370/3000 [22:13<04:05,  2.57it/s]
qwen2.5-vl/pope/ricd/gqa/popular/seed1:  79%|███████▉  | 2371/3000 [22:13<04:41,  2.24it/s]
qwen2.5-vl/pope/ricd/gqa/popular/seed1:  79%|███████▉  | 2372/3000 [22:14<05:07,  2.04it/s]
qwen2.5-vl/pope/ricd/gqa/popular/seed1:  79%|███████▉  | 2373/3000 [22:15<05:24,  1.93it/s]
qwen2.5-vl/pope/ricd/gqa/popular/seed1:  79%|███████▉  | 2374/3000 [22:15<05:36,  1.86it/s]
qwen2.5-vl/pope/ricd/gqa/popular/seed1:  79%|███████▉  | 2375/3000 [22:16<05:44,  1.81it/s]
qwen2.5-vl/pope/ricd/gqa/popular/seed1:  79%|███████▉  | 2376/3000 [22:16<05:49,  1.79it/s]
qwen2.5-vl/pope/ricd/gqa/popular/seed1:  79%|███████▉  | 2377/3000 [22:17<05:15,  1.97it/s]
qwen2.5-vl/pope/ricd/gqa/popular/seed1:  79%|███████▉  | 2378/3000 [22:17<04:51,  2.13it/s]
qwen2.5-vl/pope/ricd/gqa/popular/seed1:  79%|███████▉  | 2379/3000 [22:17<04:35,  2.26it/s]
qwen2.5-vl/pope/ricd/gqa/popular/seed1:  79%|███████▉  | 2380/3000 [22:18<04:23,  2.35it/s]
qwen2.5-vl/pope/ricd/gqa/popular/seed1:  79%|███████▉  | 2381/3000 [22:18<04:14,  2.43it/s]
qwen2.5-vl/pope/ricd/gqa/popular/seed1:  79%|███████▉  | 2382/3000 [22:19<04:09,  2.47it/s]
qwen2.5-vl/pope/ricd/gqa/popular/seed1:  79%|███████▉  | 2383/3000 [22:19<04:06,  2.50it/s]
qwen2.5-vl/pope/ricd/gqa/popular/seed1:  79%|███████▉  | 2384/3000 [22:19<04:03,  2.53it/s]
qwen2.5-vl/pope/ricd/gqa/popular/seed1:  80%|███████▉  | 2385/3000 [22:20<04:01,  2.55it/s]
qwen2.5-vl/pope/ricd/gqa/popular/seed1:  80%|███████▉  | 2386/3000 [22:20<03:59,  2.56it/s]
qwen2.5-vl/pope/ricd/gqa/popular/seed1:  80%|███████▉  | 2387/3000 [22:21<03:58,  2.57it/s]
qwen2.5-vl/pope/ricd/gqa/popular/seed1:  80%|███████▉  | 2388/3000 [22:21<03:58,  2.57it/s]
qwen2.5-vl/pope/ricd/gqa/popular/seed1:  80%|███████▉  | 2389/3000 [22:21<04:33,  2.24it/s]
qwen2.5-vl/pope/ricd/gqa/popular/seed1:  80%|███████▉  | 2390/3000 [22:22<04:57,  2.05it/s]
qwen2.5-vl/pope/ricd/gqa/popular/seed1:  80%|███████▉  | 2391/3000 [22:23<05:15,  1.93it/s]
qwen2.5-vl/pope/ricd/gqa/popular/seed1:  80%|███████▉  | 2392/3000 [22:23<05:26,  1.86it/s]
qwen2.5-vl/pope/ricd/gqa/popular/seed1:  80%|███████▉  | 2393/3000 [22:24<05:34,  1.81it/s]
qwen2.5-vl/pope/ricd/gqa/popular/seed1:  80%|███████▉  | 2394/3000 [22:24<05:40,  1.78it/s]
qwen2.5-vl/pope/ricd/gqa/popular/seed1:  80%|███████▉  | 2395/3000 [22:25<06:10,  1.63it/s]
qwen2.5-vl/pope/ricd/gqa/popular/seed1:  80%|███████▉  | 2396/3000 [22:26<06:31,  1.54it/s]
qwen2.5-vl/pope/ricd/gqa/popular/seed1:  80%|███████▉  | 2397/3000 [22:27<06:45,  1.49it/s]
qwen2.5-vl/pope/ricd/gqa/popular/seed1:  80%|███████▉  | 2398/3000 [22:27<06:54,  1.45it/s]
qwen2.5-vl/pope/ricd/gqa/popular/seed1:  80%|███████▉  | 2399/3000 [22:28<07:00,  1.43it/s]
qwen2.5-vl/pope/ricd/gqa/popular/seed1:  80%|████████  | 2400/3000 [22:29<07:04,  1.41it/s]
qwen2.5-vl/pope/ricd/gqa/popular/seed1:  80%|████████  | 2401/3000 [22:29<06:38,  1.50it/s]
qwen2.5-vl/pope/ricd/gqa/popular/seed1:  80%|████████  | 2402/3000 [22:30<06:19,  1.57it/s]
qwen2.5-vl/pope/ricd/gqa/popular/seed1:  80%|████████  | 2403/3000 [22:30<06:08,  1.62it/s]
qwen2.5-vl/pope/ricd/gqa/popular/seed1:  80%|████████  | 2404/3000 [22:31<05:59,  1.66it/s]
qwen2.5-vl/pope/ricd/gqa/popular/seed1:  80%|████████  | 2405/3000 [22:32<05:52,  1.69it/s]
qwen2.5-vl/pope/ricd/gqa/popular/seed1:  80%|████████  | 2406/3000 [22:32<05:47,  1.71it/s]
qwen2.5-vl/pope/ricd/gqa/popular/seed1:  80%|████████  | 2407/3000 [22:33<05:11,  1.90it/s]
qwen2.5-vl/pope/ricd/gqa/popular/seed1:  80%|████████  | 2408/3000 [22:33<04:46,  2.07it/s]
qwen2.5-vl/pope/ricd/gqa/popular/seed1:  80%|████████  | 2409/3000 [22:33<04:27,  2.21it/s]
qwen2.5-vl/pope/ricd/gqa/popular/seed1:  80%|████████  | 2410/3000 [22:34<04:15,  2.31it/s]
qwen2.5-vl/pope/ricd/gqa/popular/seed1:  80%|████████  | 2411/3000 [22:34<04:07,  2.38it/s]
qwen2.5-vl/pope/ricd/gqa/popular/seed1:  80%|████████  | 2412/3000 [22:35<04:00,  2.45it/s]
qwen2.5-vl/pope/ricd/gqa/popular/seed1:  80%|████████  | 2413/3000 [22:35<04:28,  2.19it/s]
qwen2.5-vl/pope/ricd/gqa/popular/seed1:  80%|████████  | 2414/3000 [22:36<04:49,  2.02it/s]
qwen2.5-vl/pope/ricd/gqa/popular/seed1:  80%|████████  | 2415/3000 [22:36<05:03,  1.93it/s]
qwen2.5-vl/pope/ricd/gqa/popular/seed1:  81%|████████  | 2416/3000 [22:37<05:13,  1.87it/s]
qwen2.5-vl/pope/ricd/gqa/popular/seed1:  81%|████████  | 2417/3000 [22:37<05:20,  1.82it/s]
qwen2.5-vl/pope/ricd/gqa/popular/seed1:  81%|████████  | 2418/3000 [22:38<05:27,  1.78it/s]
qwen2.5-vl/pope/ricd/gqa/popular/seed1:  81%|████████  | 2419/3000 [22:43<18:39,  1.93s/it]
qwen2.5-vl/pope/ricd/gqa/popular/seed1:  81%|████████  | 2420/3000 [22:48<26:54,  2.78s/it]
qwen2.5-vl/pope/ricd/gqa/popular/seed1:  81%|████████  | 2421/3000 [22:55<39:42,  4.12s/it]
qwen2.5-vl/pope/ricd/gqa/popular/seed1:  81%|████████  | 2422/3000 [23:00<41:31,  4.31s/it]
qwen2.5-vl/pope/ricd/gqa/popular/seed1:  81%|████████  | 2423/3000 [23:05<42:45,  4.45s/it]
qwen2.5-vl/pope/ricd/gqa/popular/seed1:  81%|████████  | 2424/3000 [23:09<43:40,  4.55s/it]
qwen2.5-vl/pope/ricd/gqa/popular/seed1:  81%|████████  | 2425/3000 [23:10<32:09,  3.36s/it]
qwen2.5-vl/pope/ricd/gqa/popular/seed1:  81%|████████  | 2426/3000 [23:11<24:06,  2.52s/it]
qwen2.5-vl/pope/ricd/gqa/popular/seed1:  81%|████████  | 2427/3000 [23:11<18:29,  1.94s/it]
qwen2.5-vl/pope/ricd/gqa/popular/seed1:  81%|████████  | 2428/3000 [23:12<14:33,  1.53s/it]
qwen2.5-vl/pope/ricd/gqa/popular/seed1:  81%|████████  | 2429/3000 [23:12<11:46,  1.24s/it]
qwen2.5-vl/pope/ricd/gqa/popular/seed1:  81%|████████  | 2430/3000 [23:13<09:50,  1.04s/it]
qwen2.5-vl/pope/ricd/gqa/popular/seed1:  81%|████████  | 2431/3000 [23:13<08:28,  1.12it/s]
qwen2.5-vl/pope/ricd/gqa/popular/seed1:  81%|████████  | 2432/3000 [23:14<07:32,  1.25it/s]
qwen2.5-vl/pope/ricd/gqa/popular/seed1:  81%|████████  | 2433/3000 [23:15<06:53,  1.37it/s]
qwen2.5-vl/pope/ricd/gqa/popular/seed1:  81%|████████  | 2434/3000 [23:15<06:26,  1.47it/s]
qwen2.5-vl/pope/ricd/gqa/popular/seed1:  81%|████████  | 2435/3000 [23:16<06:06,  1.54it/s]
qwen2.5-vl/pope/ricd/gqa/popular/seed1:  81%|████████  | 2436/3000 [23:16<05:52,  1.60it/s]
qwen2.5-vl/pope/ricd/gqa/popular/seed1:  81%|████████  | 2437/3000 [23:17<05:10,  1.81it/s]
qwen2.5-vl/pope/ricd/gqa/popular/seed1:  81%|████████▏ | 2438/3000 [23:17<04:41,  2.00it/s]
qwen2.5-vl/pope/ricd/gqa/popular/seed1:  81%|████████▏ | 2439/3000 [23:17<04:20,  2.15it/s]
qwen2.5-vl/pope/ricd/gqa/popular/seed1:  81%|████████▏ | 2440/3000 [23:18<04:06,  2.27it/s]
qwen2.5-vl/pope/ricd/gqa/popular/seed1:  81%|████████▏ | 2441/3000 [23:18<03:55,  2.37it/s]
qwen2.5-vl/pope/ricd/gqa/popular/seed1:  81%|████████▏ | 2442/3000 [23:19<03:48,  2.44it/s]
qwen2.5-vl/pope/ricd/gqa/popular/seed1:  81%|████████▏ | 2443/3000 [23:19<04:13,  2.20it/s]
qwen2.5-vl/pope/ricd/gqa/popular/seed1:  81%|████████▏ | 2444/3000 [23:20<04:31,  2.05it/s]
qwen2.5-vl/pope/ricd/gqa/popular/seed1:  82%|████████▏ | 2445/3000 [23:20<04:44,  1.95it/s]
qwen2.5-vl/pope/ricd/gqa/popular/seed1:  82%|████████▏ | 2446/3000 [23:21<04:52,  1.89it/s]
qwen2.5-vl/pope/ricd/gqa/popular/seed1:  82%|████████▏ | 2447/3000 [23:21<04:58,  1.85it/s]
qwen2.5-vl/pope/ricd/gqa/popular/seed1:  82%|████████▏ | 2448/3000 [23:22<05:02,  1.83it/s]
qwen2.5-vl/pope/ricd/gqa/popular/seed1:  82%|████████▏ | 2449/3000 [23:22<05:04,  1.81it/s]
qwen2.5-vl/pope/ricd/gqa/popular/seed1:  82%|████████▏ | 2450/3000 [23:23<05:05,  1.80it/s]
qwen2.5-vl/pope/ricd/gqa/popular/seed1:  82%|████████▏ | 2451/3000 [23:24<05:06,  1.79it/s]
qwen2.5-vl/pope/ricd/gqa/popular/seed1:  82%|████████▏ | 2452/3000 [23:24<05:07,  1.78it/s]
qwen2.5-vl/pope/ricd/gqa/popular/seed1:  82%|████████▏ | 2453/3000 [23:25<05:08,  1.77it/s]
qwen2.5-vl/pope/ricd/gqa/popular/seed1:  82%|████████▏ | 2454/3000 [23:25<05:09,  1.76it/s]
qwen2.5-vl/pope/ricd/gqa/popular/seed1:  82%|████████▏ | 2455/3000 [23:26<04:39,  1.95it/s]
qwen2.5-vl/pope/ricd/gqa/popular/seed1:  82%|████████▏ | 2456/3000 [23:26<04:17,  2.11it/s]
qwen2.5-vl/pope/ricd/gqa/popular/seed1:  82%|████████▏ | 2457/3000 [23:26<04:02,  2.24it/s]
qwen2.5-vl/pope/ricd/gqa/popular/seed1:  82%|████████▏ | 2458/3000 [23:27<03:51,  2.34it/s]
qwen2.5-vl/pope/ricd/gqa/popular/seed1:  82%|████████▏ | 2459/3000 [23:27<03:44,  2.41it/s]
qwen2.5-vl/pope/ricd/gqa/popular/seed1:  82%|████████▏ | 2460/3000 [23:28<03:38,  2.47it/s]
qwen2.5-vl/pope/ricd/gqa/popular/seed1:  82%|████████▏ | 2461/3000 [23:28<04:19,  2.08it/s]
qwen2.5-vl/pope/ricd/gqa/popular/seed1:  82%|████████▏ | 2462/3000 [23:29<04:47,  1.87it/s]
qwen2.5-vl/pope/ricd/gqa/popular/seed1:  82%|████████▏ | 2463/3000 [23:30<05:07,  1.75it/s]
qwen2.5-vl/pope/ricd/gqa/popular/seed1:  82%|████████▏ | 2464/3000 [23:30<05:20,  1.67it/s]
qwen2.5-vl/pope/ricd/gqa/popular/seed1:  82%|████████▏ | 2465/3000 [23:31<05:29,  1.62it/s]
qwen2.5-vl/pope/ricd/gqa/popular/seed1:  82%|████████▏ | 2466/3000 [23:32<05:35,  1.59it/s]
qwen2.5-vl/pope/ricd/gqa/popular/seed1:  82%|████████▏ | 2467/3000 [23:32<05:25,  1.64it/s]
qwen2.5-vl/pope/ricd/gqa/popular/seed1:  82%|████████▏ | 2468/3000 [23:33<05:18,  1.67it/s]
qwen2.5-vl/pope/ricd/gqa/popular/seed1:  82%|████████▏ | 2469/3000 [23:33<05:12,  1.70it/s]
qwen2.5-vl/pope/ricd/gqa/popular/seed1:  82%|████████▏ | 2470/3000 [23:34<05:07,  1.72it/s]
qwen2.5-vl/pope/ricd/gqa/popular/seed1:  82%|████████▏ | 2471/3000 [23:34<05:04,  1.74it/s]
qwen2.5-vl/pope/ricd/gqa/popular/seed1:  82%|████████▏ | 2472/3000 [23:35<05:01,  1.75it/s]
qwen2.5-vl/pope/ricd/gqa/popular/seed1:  82%|████████▏ | 2473/3000 [23:36<05:00,  1.75it/s]
qwen2.5-vl/pope/ricd/gqa/popular/seed1:  82%|████████▏ | 2474/3000 [23:36<04:59,  1.75it/s]
qwen2.5-vl/pope/ricd/gqa/popular/seed1:  82%|████████▎ | 2475/3000 [23:37<04:58,  1.76it/s]
qwen2.5-vl/pope/ricd/gqa/popular/seed1:  83%|████████▎ | 2476/3000 [23:37<04:58,  1.76it/s]
qwen2.5-vl/pope/ricd/gqa/popular/seed1:  83%|████████▎ | 2477/3000 [23:38<04:57,  1.76it/s]
qwen2.5-vl/pope/ricd/gqa/popular/seed1:  83%|████████▎ | 2478/3000 [23:38<04:56,  1.76it/s]
qwen2.5-vl/pope/ricd/gqa/popular/seed1:  83%|████████▎ | 2479/3000 [23:39<04:56,  1.76it/s]
qwen2.5-vl/pope/ricd/gqa/popular/seed1:  83%|████████▎ | 2480/3000 [23:40<04:55,  1.76it/s]
qwen2.5-vl/pope/ricd/gqa/popular/seed1:  83%|████████▎ | 2481/3000 [23:40<04:55,  1.76it/s]
qwen2.5-vl/pope/ricd/gqa/popular/seed1:  83%|████████▎ | 2482/3000 [23:41<04:55,  1.75it/s]
qwen2.5-vl/pope/ricd/gqa/popular/seed1:  83%|████████▎ | 2483/3000 [23:41<04:54,  1.76it/s]
qwen2.5-vl/pope/ricd/gqa/popular/seed1:  83%|████████▎ | 2484/3000 [23:42<04:53,  1.76it/s]
qwen2.5-vl/pope/ricd/gqa/popular/seed1:  83%|████████▎ | 2485/3000 [23:42<04:24,  1.95it/s]
qwen2.5-vl/pope/ricd/gqa/popular/seed1:  83%|████████▎ | 2486/3000 [23:43<04:03,  2.11it/s]
qwen2.5-vl/pope/ricd/gqa/popular/seed1:  83%|████████▎ | 2487/3000 [23:43<03:49,  2.24it/s]
qwen2.5-vl/pope/ricd/gqa/popular/seed1:  83%|████████▎ | 2488/3000 [23:43<03:39,  2.34it/s]
qwen2.5-vl/pope/ricd/gqa/popular/seed1:  83%|████████▎ | 2489/3000 [23:44<03:32,  2.41it/s]
qwen2.5-vl/pope/ricd/gqa/popular/seed1:  83%|████████▎ | 2490/3000 [23:44<03:26,  2.47it/s]
qwen2.5-vl/pope/ricd/gqa/popular/seed1:  83%|████████▎ | 2491/3000 [23:45<03:55,  2.16it/s]
qwen2.5-vl/pope/ricd/gqa/popular/seed1:  83%|████████▎ | 2492/3000 [23:45<04:15,  1.99it/s]
qwen2.5-vl/pope/ricd/gqa/popular/seed1:  83%|████████▎ | 2493/3000 [23:46<04:30,  1.88it/s]
qwen2.5-vl/pope/ricd/gqa/popular/seed1:  83%|████████▎ | 2494/3000 [23:47<04:40,  1.80it/s]
qwen2.5-vl/pope/ricd/gqa/popular/seed1:  83%|████████▎ | 2495/3000 [23:47<04:47,  1.75it/s]
qwen2.5-vl/pope/ricd/gqa/popular/seed1:  83%|████████▎ | 2496/3000 [23:48<04:52,  1.72it/s]
qwen2.5-vl/pope/ricd/gqa/popular/seed1:  83%|████████▎ | 2497/3000 [23:48<04:50,  1.73it/s]
qwen2.5-vl/pope/ricd/gqa/popular/seed1:  83%|████████▎ | 2498/3000 [23:49<04:48,  1.74it/s]
qwen2.5-vl/pope/ricd/gqa/popular/seed1:  83%|████████▎ | 2499/3000 [23:49<04:46,  1.75it/s]
qwen2.5-vl/pope/ricd/gqa/popular/seed1:  83%|████████▎ | 2500/3000 [23:50<04:45,  1.75it/s]
qwen2.5-vl/pope/ricd/gqa/popular/seed1:  83%|████████▎ | 2501/3000 [23:51<04:44,  1.76it/s]
qwen2.5-vl/pope/ricd/gqa/popular/seed1:  83%|████████▎ | 2502/3000 [23:51<04:43,  1.76it/s]
qwen2.5-vl/pope/ricd/gqa/popular/seed1:  83%|████████▎ | 2503/3000 [23:53<07:34,  1.09it/s]
qwen2.5-vl/pope/ricd/gqa/popular/seed1:  83%|████████▎ | 2504/3000 [23:55<09:25,  1.14s/it]
qwen2.5-vl/pope/ricd/gqa/popular/seed1:  84%|████████▎ | 2505/3000 [23:56<10:41,  1.30s/it]
qwen2.5-vl/pope/ricd/gqa/popular/seed1:  84%|████████▎ | 2506/3000 [23:58<11:35,  1.41s/it]
qwen2.5-vl/pope/ricd/gqa/popular/seed1:  84%|████████▎ | 2507/3000 [24:00<12:12,  1.49s/it]
qwen2.5-vl/pope/ricd/gqa/popular/seed1:  84%|████████▎ | 2508/3000 [24:01<12:40,  1.55s/it]
qwen2.5-vl/pope/ricd/gqa/popular/seed1:  84%|████████▎ | 2509/3000 [24:02<10:14,  1.25s/it]
qwen2.5-vl/pope/ricd/gqa/popular/seed1:  84%|████████▎ | 2510/3000 [24:02<08:32,  1.05s/it]
qwen2.5-vl/pope/ricd/gqa/popular/seed1:  84%|████████▎ | 2511/3000 [24:03<07:21,  1.11it/s]
qwen2.5-vl/pope/ricd/gqa/popular/seed1:  84%|████████▎ | 2512/3000 [24:03<06:31,  1.25it/s]
qwen2.5-vl/pope/ricd/gqa/popular/seed1:  84%|████████▍ | 2513/3000 [24:04<05:56,  1.37it/s]
qwen2.5-vl/pope/ricd/gqa/popular/seed1:  84%|████████▍ | 2514/3000 [24:05<05:32,  1.46it/s]
qwen2.5-vl/pope/ricd/gqa/popular/seed1:  84%|████████▍ | 2515/3000 [24:05<04:48,  1.68it/s]
qwen2.5-vl/pope/ricd/gqa/popular/seed1:  84%|████████▍ | 2516/3000 [24:05<04:16,  1.88it/s]
qwen2.5-vl/pope/ricd/gqa/popular/seed1:  84%|████████▍ | 2517/3000 [24:06<03:54,  2.06it/s]
qwen2.5-vl/pope/ricd/gqa/popular/seed1:  84%|████████▍ | 2518/3000 [24:06<03:39,  2.20it/s]
qwen2.5-vl/pope/ricd/gqa/popular/seed1:  84%|████████▍ | 2519/3000 [24:07<03:28,  2.31it/s]
qwen2.5-vl/pope/ricd/gqa/popular/seed1:  84%|████████▍ | 2520/3000 [24:07<03:21,  2.38it/s]
qwen2.5-vl/pope/ricd/gqa/popular/seed1:  84%|████████▍ | 2521/3000 [24:07<03:42,  2.15it/s]
qwen2.5-vl/pope/ricd/gqa/popular/seed1:  84%|████████▍ | 2522/3000 [24:08<03:56,  2.02it/s]
qwen2.5-vl/pope/ricd/gqa/popular/seed1:  84%|████████▍ | 2523/3000 [24:09<04:07,  1.93it/s]
qwen2.5-vl/pope/ricd/gqa/popular/seed1:  84%|████████▍ | 2524/3000 [24:09<04:14,  1.87it/s]
qwen2.5-vl/pope/ricd/gqa/popular/seed1:  84%|████████▍ | 2525/3000 [24:10<04:18,  1.84it/s]
qwen2.5-vl/pope/ricd/gqa/popular/seed1:  84%|████████▍ | 2526/3000 [24:10<04:21,  1.81it/s]
qwen2.5-vl/pope/ricd/gqa/popular/seed1:  84%|████████▍ | 2527/3000 [24:11<04:23,  1.79it/s]
qwen2.5-vl/pope/ricd/gqa/popular/seed1:  84%|████████▍ | 2528/3000 [24:11<04:24,  1.78it/s]
qwen2.5-vl/pope/ricd/gqa/popular/seed1:  84%|████████▍ | 2529/3000 [24:12<04:24,  1.78it/s]
qwen2.5-vl/pope/ricd/gqa/popular/seed1:  84%|████████▍ | 2530/3000 [24:13<04:25,  1.77it/s]
qwen2.5-vl/pope/ricd/gqa/popular/seed1:  84%|████████▍ | 2531/3000 [24:13<04:25,  1.77it/s]
qwen2.5-vl/pope/ricd/gqa/popular/seed1:  84%|████████▍ | 2532/3000 [24:14<04:25,  1.76it/s]
qwen2.5-vl/pope/ricd/gqa/popular/seed1:  84%|████████▍ | 2533/3000 [24:14<04:25,  1.76it/s]
qwen2.5-vl/pope/ricd/gqa/popular/seed1:  84%|████████▍ | 2534/3000 [24:15<04:25,  1.76it/s]
qwen2.5-vl/pope/ricd/gqa/popular/seed1:  84%|████████▍ | 2535/3000 [24:15<04:24,  1.76it/s]
qwen2.5-vl/pope/ricd/gqa/popular/seed1:  85%|████████▍ | 2536/3000 [24:16<04:23,  1.76it/s]
qwen2.5-vl/pope/ricd/gqa/popular/seed1:  85%|████████▍ | 2537/3000 [24:17<04:22,  1.77it/s]
qwen2.5-vl/pope/ricd/gqa/popular/seed1:  85%|████████▍ | 2538/3000 [24:17<04:21,  1.77it/s]
qwen2.5-vl/pope/ricd/gqa/popular/seed1:  85%|████████▍ | 2539/3000 [24:18<03:57,  1.94it/s]
qwen2.5-vl/pope/ricd/gqa/popular/seed1:  85%|████████▍ | 2540/3000 [24:18<03:39,  2.10it/s]
qwen2.5-vl/pope/ricd/gqa/popular/seed1:  85%|████████▍ | 2541/3000 [24:18<03:26,  2.22it/s]
qwen2.5-vl/pope/ricd/gqa/popular/seed1:  85%|████████▍ | 2542/3000 [24:19<03:17,  2.32it/s]
qwen2.5-vl/pope/ricd/gqa/popular/seed1:  85%|████████▍ | 2543/3000 [24:19<03:11,  2.39it/s]
qwen2.5-vl/pope/ricd/gqa/popular/seed1:  85%|████████▍ | 2544/3000 [24:19<03:05,  2.46it/s]
qwen2.5-vl/pope/ricd/gqa/popular/seed1:  85%|████████▍ | 2545/3000 [24:20<02:59,  2.54it/s]
qwen2.5-vl/pope/ricd/gqa/popular/seed1:  85%|████████▍ | 2546/3000 [24:20<02:55,  2.59it/s]
qwen2.5-vl/pope/ricd/gqa/popular/seed1:  85%|████████▍ | 2547/3000 [24:21<02:51,  2.64it/s]
qwen2.5-vl/pope/ricd/gqa/popular/seed1:  85%|████████▍ | 2548/3000 [24:21<02:49,  2.67it/s]
qwen2.5-vl/pope/ricd/gqa/popular/seed1:  85%|████████▍ | 2549/3000 [24:21<02:47,  2.70it/s]
qwen2.5-vl/pope/ricd/gqa/popular/seed1:  85%|████████▌ | 2550/3000 [24:22<02:45,  2.72it/s]
qwen2.5-vl/pope/ricd/gqa/popular/seed1:  85%|████████▌ | 2551/3000 [24:22<03:12,  2.33it/s]
qwen2.5-vl/pope/ricd/gqa/popular/seed1:  85%|████████▌ | 2552/3000 [24:23<03:30,  2.12it/s]
qwen2.5-vl/pope/ricd/gqa/popular/seed1:  85%|████████▌ | 2553/3000 [24:23<03:43,  2.00it/s]
qwen2.5-vl/pope/ricd/gqa/popular/seed1:  85%|████████▌ | 2554/3000 [24:24<03:52,  1.92it/s]
qwen2.5-vl/pope/ricd/gqa/popular/seed1:  85%|████████▌ | 2555/3000 [24:24<03:57,  1.87it/s]
qwen2.5-vl/pope/ricd/gqa/popular/seed1:  85%|████████▌ | 2556/3000 [24:25<04:01,  1.84it/s]
qwen2.5-vl/pope/ricd/gqa/popular/seed1:  85%|████████▌ | 2557/3000 [24:26<04:04,  1.81it/s]
qwen2.5-vl/pope/ricd/gqa/popular/seed1:  85%|████████▌ | 2558/3000 [24:26<04:06,  1.79it/s]
qwen2.5-vl/pope/ricd/gqa/popular/seed1:  85%|████████▌ | 2559/3000 [24:27<04:06,  1.79it/s]
qwen2.5-vl/pope/ricd/gqa/popular/seed1:  85%|████████▌ | 2560/3000 [24:27<04:06,  1.78it/s]
qwen2.5-vl/pope/ricd/gqa/popular/seed1:  85%|████████▌ | 2561/3000 [24:28<04:06,  1.78it/s]
qwen2.5-vl/pope/ricd/gqa/popular/seed1:  85%|████████▌ | 2562/3000 [24:28<04:07,  1.77it/s]
qwen2.5-vl/pope/ricd/gqa/popular/seed1:  85%|████████▌ | 2563/3000 [24:29<03:43,  1.96it/s]
qwen2.5-vl/pope/ricd/gqa/popular/seed1:  85%|████████▌ | 2564/3000 [24:29<03:26,  2.11it/s]
qwen2.5-vl/pope/ricd/gqa/popular/seed1:  86%|████████▌ | 2565/3000 [24:30<03:14,  2.24it/s]
qwen2.5-vl/pope/ricd/gqa/popular/seed1:  86%|████████▌ | 2566/3000 [24:30<03:05,  2.34it/s]
qwen2.5-vl/pope/ricd/gqa/popular/seed1:  86%|████████▌ | 2567/3000 [24:30<02:59,  2.41it/s]
qwen2.5-vl/pope/ricd/gqa/popular/seed1:  86%|████████▌ | 2568/3000 [24:31<02:54,  2.47it/s]
qwen2.5-vl/pope/ricd/gqa/popular/seed1:  86%|████████▌ | 2569/3000 [24:31<02:51,  2.52it/s]
qwen2.5-vl/pope/ricd/gqa/popular/seed1:  86%|████████▌ | 2570/3000 [24:32<02:48,  2.55it/s]
qwen2.5-vl/pope/ricd/gqa/popular/seed1:  86%|████████▌ | 2571/3000 [24:32<02:45,  2.59it/s]
qwen2.5-vl/pope/ricd/gqa/popular/seed1:  86%|████████▌ | 2572/3000 [24:32<02:43,  2.62it/s]
qwen2.5-vl/pope/ricd/gqa/popular/seed1:  86%|████████▌ | 2573/3000 [24:33<02:42,  2.63it/s]
qwen2.5-vl/pope/ricd/gqa/popular/seed1:  86%|████████▌ | 2574/3000 [24:33<02:42,  2.63it/s]
qwen2.5-vl/pope/ricd/gqa/popular/seed1:  86%|████████▌ | 2575/3000 [24:34<03:05,  2.29it/s]
qwen2.5-vl/pope/ricd/gqa/popular/seed1:  86%|████████▌ | 2576/3000 [24:34<03:22,  2.10it/s]
qwen2.5-vl/pope/ricd/gqa/popular/seed1:  86%|████████▌ | 2577/3000 [24:35<03:33,  1.99it/s]
qwen2.5-vl/pope/ricd/gqa/popular/seed1:  86%|████████▌ | 2578/3000 [24:35<03:40,  1.91it/s]
qwen2.5-vl/pope/ricd/gqa/popular/seed1:  86%|████████▌ | 2579/3000 [24:36<03:45,  1.87it/s]
qwen2.5-vl/pope/ricd/gqa/popular/seed1:  86%|████████▌ | 2580/3000 [24:36<03:48,  1.83it/s]
qwen2.5-vl/pope/ricd/gqa/popular/seed1:  86%|████████▌ | 2581/3000 [24:38<05:19,  1.31it/s]
qwen2.5-vl/pope/ricd/gqa/popular/seed1:  86%|████████▌ | 2582/3000 [24:39<06:17,  1.11it/s]
qwen2.5-vl/pope/ricd/gqa/popular/seed1:  86%|████████▌ | 2583/3000 [24:40<06:56,  1.00it/s]
qwen2.5-vl/pope/ricd/gqa/popular/seed1:  86%|████████▌ | 2584/3000 [24:41<07:23,  1.07s/it]
qwen2.5-vl/pope/ricd/gqa/popular/seed1:  86%|████████▌ | 2585/3000 [24:43<07:42,  1.11s/it]
qwen2.5-vl/pope/ricd/gqa/popular/seed1:  86%|████████▌ | 2586/3000 [24:44<07:55,  1.15s/it]
qwen2.5-vl/pope/ricd/gqa/popular/seed1:  86%|████████▌ | 2587/3000 [24:44<06:42,  1.03it/s]
qwen2.5-vl/pope/ricd/gqa/popular/seed1:  86%|████████▋ | 2588/3000 [24:45<05:51,  1.17it/s]
qwen2.5-vl/pope/ricd/gqa/popular/seed1:  86%|████████▋ | 2589/3000 [24:46<05:15,  1.30it/s]
qwen2.5-vl/pope/ricd/gqa/popular/seed1:  86%|████████▋ | 2590/3000 [24:46<04:49,  1.42it/s]
qwen2.5-vl/pope/ricd/gqa/popular/seed1:  86%|████████▋ | 2591/3000 [24:47<04:31,  1.51it/s]
qwen2.5-vl/pope/ricd/gqa/popular/seed1:  86%|████████▋ | 2592/3000 [24:47<04:19,  1.57it/s]
qwen2.5-vl/pope/ricd/gqa/popular/seed1:  86%|████████▋ | 2593/3000 [24:48<03:48,  1.78it/s]
qwen2.5-vl/pope/ricd/gqa/popular/seed1:  86%|████████▋ | 2594/3000 [24:48<03:26,  1.97it/s]
qwen2.5-vl/pope/ricd/gqa/popular/seed1:  86%|████████▋ | 2595/3000 [24:48<03:09,  2.13it/s]
qwen2.5-vl/pope/ricd/gqa/popular/seed1:  87%|████████▋ | 2596/3000 [24:49<02:58,  2.27it/s]
qwen2.5-vl/pope/ricd/gqa/popular/seed1:  87%|████████▋ | 2597/3000 [24:49<02:49,  2.37it/s]
qwen2.5-vl/pope/ricd/gqa/popular/seed1:  87%|████████▋ | 2598/3000 [24:50<02:43,  2.46it/s]
qwen2.5-vl/pope/ricd/gqa/popular/seed1:  87%|████████▋ | 2599/3000 [24:50<02:40,  2.50it/s]
qwen2.5-vl/pope/ricd/gqa/popular/seed1:  87%|████████▋ | 2600/3000 [24:50<02:47,  2.38it/s]
qwen2.5-vl/pope/ricd/gqa/popular/seed1:  87%|████████▋ | 2601/3000 [24:51<02:45,  2.40it/s]
qwen2.5-vl/pope/ricd/gqa/popular/seed1:  87%|████████▋ | 2602/3000 [24:51<02:44,  2.41it/s]
qwen2.5-vl/pope/ricd/gqa/popular/seed1:  87%|████████▋ | 2603/3000 [24:52<02:43,  2.42it/s]
qwen2.5-vl/pope/ricd/gqa/popular/seed1:  87%|████████▋ | 2604/3000 [24:52<02:43,  2.43it/s]
qwen2.5-vl/pope/ricd/gqa/popular/seed1:  87%|████████▋ | 2605/3000 [24:53<03:26,  1.91it/s]
qwen2.5-vl/pope/ricd/gqa/popular/seed1:  87%|████████▋ | 2606/3000 [24:54<03:50,  1.71it/s]
qwen2.5-vl/pope/ricd/gqa/popular/seed1:  87%|████████▋ | 2607/3000 [24:54<04:06,  1.60it/s]
qwen2.5-vl/pope/ricd/gqa/popular/seed1:  87%|████████▋ | 2608/3000 [24:55<04:17,  1.52it/s]
qwen2.5-vl/pope/ricd/gqa/popular/seed1:  87%|████████▋ | 2609/3000 [24:56<04:25,  1.47it/s]
qwen2.5-vl/pope/ricd/gqa/popular/seed1:  87%|████████▋ | 2610/3000 [24:56<04:31,  1.44it/s]
qwen2.5-vl/pope/ricd/gqa/popular/seed1:  87%|████████▋ | 2611/3000 [24:57<03:54,  1.66it/s]
qwen2.5-vl/pope/ricd/gqa/popular/seed1:  87%|████████▋ | 2612/3000 [24:57<03:28,  1.86it/s]
qwen2.5-vl/pope/ricd/gqa/popular/seed1:  87%|████████▋ | 2613/3000 [24:58<03:10,  2.03it/s]
qwen2.5-vl/pope/ricd/gqa/popular/seed1:  87%|████████▋ | 2614/3000 [24:58<02:57,  2.17it/s]
qwen2.5-vl/pope/ricd/gqa/popular/seed1:  87%|████████▋ | 2615/3000 [24:58<02:48,  2.29it/s]
qwen2.5-vl/pope/ricd/gqa/popular/seed1:  87%|████████▋ | 2616/3000 [24:59<02:41,  2.37it/s]
qwen2.5-vl/pope/ricd/gqa/popular/seed1:  87%|████████▋ | 2617/3000 [24:59<02:37,  2.43it/s]
qwen2.5-vl/pope/ricd/gqa/popular/seed1:  87%|████████▋ | 2618/3000 [25:00<02:34,  2.47it/s]
qwen2.5-vl/pope/ricd/gqa/popular/seed1:  87%|████████▋ | 2619/3000 [25:00<02:32,  2.50it/s]
qwen2.5-vl/pope/ricd/gqa/popular/seed1:  87%|████████▋ | 2620/3000 [25:00<02:30,  2.53it/s]
qwen2.5-vl/pope/ricd/gqa/popular/seed1:  87%|████████▋ | 2621/3000 [25:01<02:28,  2.56it/s]
qwen2.5-vl/pope/ricd/gqa/popular/seed1:  87%|████████▋ | 2622/3000 [25:01<02:26,  2.57it/s]
qwen2.5-vl/pope/ricd/gqa/popular/seed1:  87%|████████▋ | 2623/3000 [25:02<02:46,  2.27it/s]
qwen2.5-vl/pope/ricd/gqa/popular/seed1:  87%|████████▋ | 2624/3000 [25:02<03:00,  2.09it/s]
qwen2.5-vl/pope/ricd/gqa/popular/seed1:  88%|████████▊ | 2625/3000 [25:03<03:09,  1.97it/s]
qwen2.5-vl/pope/ricd/gqa/popular/seed1:  88%|████████▊ | 2626/3000 [25:03<03:16,  1.90it/s]
qwen2.5-vl/pope/ricd/gqa/popular/seed1:  88%|████████▊ | 2627/3000 [25:04<03:21,  1.85it/s]
qwen2.5-vl/pope/ricd/gqa/popular/seed1:  88%|████████▊ | 2628/3000 [25:04<03:23,  1.82it/s]
qwen2.5-vl/pope/ricd/gqa/popular/seed1:  88%|████████▊ | 2629/3000 [25:05<03:05,  2.00it/s]
qwen2.5-vl/pope/ricd/gqa/popular/seed1:  88%|████████▊ | 2630/3000 [25:05<02:52,  2.15it/s]
qwen2.5-vl/pope/ricd/gqa/popular/seed1:  88%|████████▊ | 2631/3000 [25:06<02:43,  2.26it/s]
qwen2.5-vl/pope/ricd/gqa/popular/seed1:  88%|████████▊ | 2632/3000 [25:06<02:36,  2.36it/s]
qwen2.5-vl/pope/ricd/gqa/popular/seed1:  88%|████████▊ | 2633/3000 [25:06<02:31,  2.42it/s]
qwen2.5-vl/pope/ricd/gqa/popular/seed1:  88%|████████▊ | 2634/3000 [25:07<02:28,  2.47it/s]
qwen2.5-vl/pope/ricd/gqa/popular/seed1:  88%|████████▊ | 2635/3000 [25:07<02:26,  2.50it/s]
qwen2.5-vl/pope/ricd/gqa/popular/seed1:  88%|████████▊ | 2636/3000 [25:08<02:24,  2.52it/s]
qwen2.5-vl/pope/ricd/gqa/popular/seed1:  88%|████████▊ | 2637/3000 [25:08<02:23,  2.53it/s]
qwen2.5-vl/pope/ricd/gqa/popular/seed1:  88%|████████▊ | 2638/3000 [25:08<02:22,  2.55it/s]
qwen2.5-vl/pope/ricd/gqa/popular/seed1:  88%|████████▊ | 2639/3000 [25:09<02:21,  2.56it/s]
qwen2.5-vl/pope/ricd/gqa/popular/seed1:  88%|████████▊ | 2640/3000 [25:09<02:20,  2.56it/s]
qwen2.5-vl/pope/ricd/gqa/popular/seed1:  88%|████████▊ | 2641/3000 [25:10<02:39,  2.25it/s]
qwen2.5-vl/pope/ricd/gqa/popular/seed1:  88%|████████▊ | 2642/3000 [25:10<02:52,  2.07it/s]
qwen2.5-vl/pope/ricd/gqa/popular/seed1:  88%|████████▊ | 2643/3000 [25:11<03:01,  1.97it/s]
qwen2.5-vl/pope/ricd/gqa/popular/seed1:  88%|████████▊ | 2644/3000 [25:11<03:06,  1.91it/s]
qwen2.5-vl/pope/ricd/gqa/popular/seed1:  88%|████████▊ | 2645/3000 [25:12<03:10,  1.86it/s]
qwen2.5-vl/pope/ricd/gqa/popular/seed1:  88%|████████▊ | 2646/3000 [25:13<03:13,  1.83it/s]
qwen2.5-vl/pope/ricd/gqa/popular/seed1:  88%|████████▊ | 2647/3000 [25:13<02:55,  2.01it/s]
qwen2.5-vl/pope/ricd/gqa/popular/seed1:  88%|████████▊ | 2648/3000 [25:13<02:43,  2.15it/s]
qwen2.5-vl/pope/ricd/gqa/popular/seed1:  88%|████████▊ | 2649/3000 [25:14<02:35,  2.26it/s]
qwen2.5-vl/pope/ricd/gqa/popular/seed1:  88%|████████▊ | 2650/3000 [25:14<02:28,  2.35it/s]
qwen2.5-vl/pope/ricd/gqa/popular/seed1:  88%|████████▊ | 2651/3000 [25:14<02:24,  2.42it/s]
qwen2.5-vl/pope/ricd/gqa/popular/seed1:  88%|████████▊ | 2652/3000 [25:15<02:21,  2.47it/s]
qwen2.5-vl/pope/ricd/gqa/popular/seed1:  88%|████████▊ | 2653/3000 [25:15<02:17,  2.52it/s]
qwen2.5-vl/pope/ricd/gqa/popular/seed1:  88%|████████▊ | 2654/3000 [25:16<02:15,  2.56it/s]
qwen2.5-vl/pope/ricd/gqa/popular/seed1:  88%|████████▊ | 2655/3000 [25:16<02:13,  2.58it/s]
qwen2.5-vl/pope/ricd/gqa/popular/seed1:  89%|████████▊ | 2656/3000 [25:16<02:12,  2.60it/s]
qwen2.5-vl/pope/ricd/gqa/popular/seed1:  89%|████████▊ | 2657/3000 [25:17<02:11,  2.62it/s]
qwen2.5-vl/pope/ricd/gqa/popular/seed1:  89%|████████▊ | 2658/3000 [25:17<02:10,  2.63it/s]
qwen2.5-vl/pope/ricd/gqa/popular/seed1:  89%|████████▊ | 2659/3000 [25:18<02:42,  2.10it/s]
qwen2.5-vl/pope/ricd/gqa/popular/seed1:  89%|████████▊ | 2660/3000 [25:19<03:04,  1.84it/s]
qwen2.5-vl/pope/ricd/gqa/popular/seed1:  89%|████████▊ | 2661/3000 [25:19<03:19,  1.70it/s]
qwen2.5-vl/pope/ricd/gqa/popular/seed1:  89%|████████▊ | 2662/3000 [25:20<03:30,  1.61it/s]
qwen2.5-vl/pope/ricd/gqa/popular/seed1:  89%|████████▉ | 2663/3000 [25:21<03:36,  1.55it/s]
qwen2.5-vl/pope/ricd/gqa/popular/seed1:  89%|████████▉ | 2664/3000 [25:21<03:41,  1.52it/s]
qwen2.5-vl/pope/ricd/gqa/popular/seed1:  89%|████████▉ | 2665/3000 [25:25<08:43,  1.56s/it]
qwen2.5-vl/pope/ricd/gqa/popular/seed1:  89%|████████▉ | 2666/3000 [25:27<10:05,  1.81s/it]
qwen2.5-vl/pope/ricd/gqa/popular/seed1:  89%|████████▉ | 2667/3000 [25:30<11:02,  1.99s/it]
qwen2.5-vl/pope/ricd/gqa/popular/seed1:  89%|████████▉ | 2668/3000 [25:32<11:40,  2.11s/it]
qwen2.5-vl/pope/ricd/gqa/popular/seed1:  89%|████████▉ | 2669/3000 [25:35<12:06,  2.19s/it]
qwen2.5-vl/pope/ricd/gqa/popular/seed1:  89%|████████▉ | 2670/3000 [25:37<12:24,  2.26s/it]
qwen2.5-vl/pope/ricd/gqa/popular/seed1:  89%|████████▉ | 2671/3000 [25:38<09:35,  1.75s/it]
qwen2.5-vl/pope/ricd/gqa/popular/seed1:  89%|████████▉ | 2672/3000 [25:38<07:37,  1.40s/it]
qwen2.5-vl/pope/ricd/gqa/popular/seed1:  89%|████████▉ | 2673/3000 [25:39<06:14,  1.15s/it]
qwen2.5-vl/pope/ricd/gqa/popular/seed1:  89%|████████▉ | 2674/3000 [25:39<05:16,  1.03it/s]
qwen2.5-vl/pope/ricd/gqa/popular/seed1:  89%|████████▉ | 2675/3000 [25:40<04:35,  1.18it/s]
qwen2.5-vl/pope/ricd/gqa/popular/seed1:  89%|████████▉ | 2676/3000 [25:40<04:06,  1.31it/s]
qwen2.5-vl/pope/ricd/gqa/popular/seed1:  89%|████████▉ | 2677/3000 [25:41<04:02,  1.33it/s]
qwen2.5-vl/pope/ricd/gqa/popular/seed1:  89%|████████▉ | 2678/3000 [25:42<03:58,  1.35it/s]
qwen2.5-vl/pope/ricd/gqa/popular/seed1:  89%|████████▉ | 2679/3000 [25:42<03:55,  1.36it/s]
qwen2.5-vl/pope/ricd/gqa/popular/seed1:  89%|████████▉ | 2680/3000 [25:43<03:53,  1.37it/s]
qwen2.5-vl/pope/ricd/gqa/popular/seed1:  89%|████████▉ | 2681/3000 [25:44<03:52,  1.37it/s]
qwen2.5-vl/pope/ricd/gqa/popular/seed1:  89%|████████▉ | 2682/3000 [25:45<03:51,  1.38it/s]
qwen2.5-vl/pope/ricd/gqa/popular/seed1:  89%|████████▉ | 2683/3000 [25:45<03:34,  1.47it/s]
qwen2.5-vl/pope/ricd/gqa/popular/seed1:  89%|████████▉ | 2684/3000 [25:46<03:23,  1.55it/s]
qwen2.5-vl/pope/ricd/gqa/popular/seed1:  90%|████████▉ | 2685/3000 [25:46<03:15,  1.61it/s]
qwen2.5-vl/pope/ricd/gqa/popular/seed1:  90%|████████▉ | 2686/3000 [25:47<03:09,  1.66it/s]
qwen2.5-vl/pope/ricd/gqa/popular/seed1:  90%|████████▉ | 2687/3000 [25:47<03:05,  1.69it/s]
qwen2.5-vl/pope/ricd/gqa/popular/seed1:  90%|████████▉ | 2688/3000 [25:48<03:02,  1.71it/s]
qwen2.5-vl/pope/ricd/gqa/popular/seed1:  90%|████████▉ | 2689/3000 [25:48<02:42,  1.91it/s]
qwen2.5-vl/pope/ricd/gqa/popular/seed1:  90%|████████▉ | 2690/3000 [25:49<02:28,  2.08it/s]
qwen2.5-vl/pope/ricd/gqa/popular/seed1:  90%|████████▉ | 2691/3000 [25:49<02:19,  2.22it/s]
qwen2.5-vl/pope/ricd/gqa/popular/seed1:  90%|████████▉ | 2692/3000 [25:50<02:12,  2.32it/s]
qwen2.5-vl/pope/ricd/gqa/popular/seed1:  90%|████████▉ | 2693/3000 [25:50<02:07,  2.40it/s]
qwen2.5-vl/pope/ricd/gqa/popular/seed1:  90%|████████▉ | 2694/3000 [25:50<02:04,  2.46it/s]
qwen2.5-vl/pope/ricd/gqa/popular/seed1:  90%|████████▉ | 2695/3000 [25:52<04:33,  1.11it/s]
qwen2.5-vl/pope/ricd/gqa/popular/seed1:  90%|████████▉ | 2696/3000 [25:54<06:09,  1.22s/it]
qwen2.5-vl/pope/ricd/gqa/popular/seed1:  90%|████████▉ | 2697/3000 [25:56<07:16,  1.44s/it]
qwen2.5-vl/pope/ricd/gqa/popular/seed1:  90%|████████▉ | 2698/3000 [25:58<08:11,  1.63s/it]
qwen2.5-vl/pope/ricd/gqa/popular/seed1:  90%|████████▉ | 2699/3000 [26:00<08:44,  1.74s/it]
qwen2.5-vl/pope/ricd/gqa/popular/seed1:  90%|█████████ | 2700/3000 [26:02<09:03,  1.81s/it]
qwen2.5-vl/pope/ricd/gqa/popular/seed1:  90%|█████████ | 2701/3000 [26:03<07:10,  1.44s/it]
qwen2.5-vl/pope/ricd/gqa/popular/seed1:  90%|█████████ | 2702/3000 [26:03<05:51,  1.18s/it]
qwen2.5-vl/pope/ricd/gqa/popular/seed1:  90%|█████████ | 2703/3000 [26:04<04:55,  1.00it/s]
qwen2.5-vl/pope/ricd/gqa/popular/seed1:  90%|█████████ | 2704/3000 [26:05<04:17,  1.15it/s]
qwen2.5-vl/pope/ricd/gqa/popular/seed1:  90%|█████████ | 2705/3000 [26:05<03:50,  1.28it/s]
qwen2.5-vl/pope/ricd/gqa/popular/seed1:  90%|█████████ | 2706/3000 [26:06<03:31,  1.39it/s]
qwen2.5-vl/pope/ricd/gqa/popular/seed1:  90%|█████████ | 2707/3000 [26:06<03:17,  1.48it/s]
qwen2.5-vl/pope/ricd/gqa/popular/seed1:  90%|█████████ | 2708/3000 [26:07<03:08,  1.55it/s]
qwen2.5-vl/pope/ricd/gqa/popular/seed1:  90%|█████████ | 2709/3000 [26:08<03:01,  1.60it/s]
qwen2.5-vl/pope/ricd/gqa/popular/seed1:  90%|█████████ | 2710/3000 [26:08<02:56,  1.65it/s]
qwen2.5-vl/pope/ricd/gqa/popular/seed1:  90%|█████████ | 2711/3000 [26:09<02:52,  1.67it/s]
qwen2.5-vl/pope/ricd/gqa/popular/seed1:  90%|█████████ | 2712/3000 [26:09<02:49,  1.70it/s]
qwen2.5-vl/pope/ricd/gqa/popular/seed1:  90%|█████████ | 2713/3000 [26:10<02:31,  1.89it/s]
qwen2.5-vl/pope/ricd/gqa/popular/seed1:  90%|█████████ | 2714/3000 [26:10<02:19,  2.06it/s]
qwen2.5-vl/pope/ricd/gqa/popular/seed1:  90%|█████████ | 2715/3000 [26:10<02:09,  2.20it/s]
qwen2.5-vl/pope/ricd/gqa/popular/seed1:  91%|█████████ | 2716/3000 [26:11<02:03,  2.30it/s]
qwen2.5-vl/pope/ricd/gqa/popular/seed1:  91%|█████████ | 2717/3000 [26:11<01:58,  2.39it/s]
qwen2.5-vl/pope/ricd/gqa/popular/seed1:  91%|█████████ | 2718/3000 [26:12<01:55,  2.44it/s]
qwen2.5-vl/pope/ricd/gqa/popular/seed1:  91%|█████████ | 2719/3000 [26:12<01:53,  2.47it/s]
qwen2.5-vl/pope/ricd/gqa/popular/seed1:  91%|█████████ | 2720/3000 [26:12<01:52,  2.50it/s]
qwen2.5-vl/pope/ricd/gqa/popular/seed1:  91%|█████████ | 2721/3000 [26:13<01:50,  2.52it/s]
qwen2.5-vl/pope/ricd/gqa/popular/seed1:  91%|█████████ | 2722/3000 [26:13<01:49,  2.54it/s]
qwen2.5-vl/pope/ricd/gqa/popular/seed1:  91%|█████████ | 2723/3000 [26:13<01:48,  2.55it/s]
qwen2.5-vl/pope/ricd/gqa/popular/seed1:  91%|█████████ | 2724/3000 [26:14<01:47,  2.57it/s]
qwen2.5-vl/pope/ricd/gqa/popular/seed1:  91%|█████████ | 2725/3000 [26:14<02:01,  2.26it/s]
qwen2.5-vl/pope/ricd/gqa/popular/seed1:  91%|█████████ | 2726/3000 [26:15<02:11,  2.09it/s]
qwen2.5-vl/pope/ricd/gqa/popular/seed1:  91%|█████████ | 2727/3000 [26:16<02:19,  1.96it/s]
qwen2.5-vl/pope/ricd/gqa/popular/seed1:  91%|█████████ | 2728/3000 [26:16<02:23,  1.89it/s]
qwen2.5-vl/pope/ricd/gqa/popular/seed1:  91%|█████████ | 2729/3000 [26:17<02:26,  1.85it/s]
qwen2.5-vl/pope/ricd/gqa/popular/seed1:  91%|█████████ | 2730/3000 [26:17<02:28,  1.82it/s]
qwen2.5-vl/pope/ricd/gqa/popular/seed1:  91%|█████████ | 2731/3000 [26:18<02:29,  1.80it/s]
qwen2.5-vl/pope/ricd/gqa/popular/seed1:  91%|█████████ | 2732/3000 [26:18<02:30,  1.78it/s]
qwen2.5-vl/pope/ricd/gqa/popular/seed1:  91%|█████████ | 2733/3000 [26:19<02:30,  1.77it/s]
qwen2.5-vl/pope/ricd/gqa/popular/seed1:  91%|█████████ | 2734/3000 [26:20<02:31,  1.76it/s]
qwen2.5-vl/pope/ricd/gqa/popular/seed1:  91%|█████████ | 2735/3000 [26:20<02:31,  1.75it/s]
qwen2.5-vl/pope/ricd/gqa/popular/seed1:  91%|█████████ | 2736/3000 [26:21<02:30,  1.75it/s]
qwen2.5-vl/pope/ricd/gqa/popular/seed1:  91%|█████████ | 2737/3000 [26:21<02:15,  1.94it/s]
qwen2.5-vl/pope/ricd/gqa/popular/seed1:  91%|█████████▏| 2738/3000 [26:22<02:05,  2.09it/s]
qwen2.5-vl/pope/ricd/gqa/popular/seed1:  91%|█████████▏| 2739/3000 [26:22<01:57,  2.22it/s]
qwen2.5-vl/pope/ricd/gqa/popular/seed1:  91%|█████████▏| 2740/3000 [26:22<01:52,  2.32it/s]
qwen2.5-vl/pope/ricd/gqa/popular/seed1:  91%|█████████▏| 2741/3000 [26:23<01:48,  2.39it/s]
qwen2.5-vl/pope/ricd/gqa/popular/seed1:  91%|█████████▏| 2742/3000 [26:23<01:45,  2.44it/s]
qwen2.5-vl/pope/ricd/gqa/popular/seed1:  91%|█████████▏| 2743/3000 [26:24<01:57,  2.19it/s]
qwen2.5-vl/pope/ricd/gqa/popular/seed1:  91%|█████████▏| 2744/3000 [26:24<02:06,  2.03it/s]
qwen2.5-vl/pope/ricd/gqa/popular/seed1:  92%|█████████▏| 2745/3000 [26:25<02:11,  1.94it/s]
qwen2.5-vl/pope/ricd/gqa/popular/seed1:  92%|█████████▏| 2746/3000 [26:25<02:15,  1.88it/s]
qwen2.5-vl/pope/ricd/gqa/popular/seed1:  92%|█████████▏| 2747/3000 [26:26<02:17,  1.84it/s]
qwen2.5-vl/pope/ricd/gqa/popular/seed1:  92%|█████████▏| 2748/3000 [26:26<02:18,  1.82it/s]
qwen2.5-vl/pope/ricd/gqa/popular/seed1:  92%|█████████▏| 2749/3000 [26:27<02:19,  1.80it/s]
qwen2.5-vl/pope/ricd/gqa/popular/seed1:  92%|█████████▏| 2750/3000 [26:28<02:20,  1.78it/s]
qwen2.5-vl/pope/ricd/gqa/popular/seed1:  92%|█████████▏| 2751/3000 [26:28<02:20,  1.77it/s]
qwen2.5-vl/pope/ricd/gqa/popular/seed1:  92%|█████████▏| 2752/3000 [26:29<02:20,  1.76it/s]
qwen2.5-vl/pope/ricd/gqa/popular/seed1:  92%|█████████▏| 2753/3000 [26:29<02:20,  1.76it/s]
qwen2.5-vl/pope/ricd/gqa/popular/seed1:  92%|█████████▏| 2754/3000 [26:30<02:19,  1.76it/s]
qwen2.5-vl/pope/ricd/gqa/popular/seed1:  92%|█████████▏| 2755/3000 [26:30<02:06,  1.94it/s]
qwen2.5-vl/pope/ricd/gqa/popular/seed1:  92%|█████████▏| 2756/3000 [26:31<01:56,  2.10it/s]
qwen2.5-vl/pope/ricd/gqa/popular/seed1:  92%|█████████▏| 2757/3000 [26:31<01:49,  2.23it/s]
qwen2.5-vl/pope/ricd/gqa/popular/seed1:  92%|█████████▏| 2758/3000 [26:31<01:44,  2.33it/s]
qwen2.5-vl/pope/ricd/gqa/popular/seed1:  92%|█████████▏| 2759/3000 [26:32<01:40,  2.40it/s]
qwen2.5-vl/pope/ricd/gqa/popular/seed1:  92%|█████████▏| 2760/3000 [26:32<01:38,  2.45it/s]
qwen2.5-vl/pope/ricd/gqa/popular/seed1:  92%|█████████▏| 2761/3000 [26:33<01:50,  2.17it/s]
qwen2.5-vl/pope/ricd/gqa/popular/seed1:  92%|█████████▏| 2762/3000 [26:33<01:58,  2.00it/s]
qwen2.5-vl/pope/ricd/gqa/popular/seed1:  92%|█████████▏| 2763/3000 [26:34<02:04,  1.90it/s]
qwen2.5-vl/pope/ricd/gqa/popular/seed1:  92%|█████████▏| 2764/3000 [26:35<02:08,  1.84it/s]
qwen2.5-vl/pope/ricd/gqa/popular/seed1:  92%|█████████▏| 2765/3000 [26:35<02:10,  1.80it/s]
qwen2.5-vl/pope/ricd/gqa/popular/seed1:  92%|█████████▏| 2766/3000 [26:36<02:12,  1.77it/s]
qwen2.5-vl/pope/ricd/gqa/popular/seed1:  92%|█████████▏| 2767/3000 [26:36<02:11,  1.77it/s]
qwen2.5-vl/pope/ricd/gqa/popular/seed1:  92%|█████████▏| 2768/3000 [26:37<02:11,  1.77it/s]
qwen2.5-vl/pope/ricd/gqa/popular/seed1:  92%|█████████▏| 2769/3000 [26:37<02:10,  1.77it/s]
qwen2.5-vl/pope/ricd/gqa/popular/seed1:  92%|█████████▏| 2770/3000 [26:38<02:10,  1.76it/s]
qwen2.5-vl/pope/ricd/gqa/popular/seed1:  92%|█████████▏| 2771/3000 [26:39<02:10,  1.76it/s]
qwen2.5-vl/pope/ricd/gqa/popular/seed1:  92%|█████████▏| 2772/3000 [26:39<02:09,  1.76it/s]
qwen2.5-vl/pope/ricd/gqa/popular/seed1:  92%|█████████▏| 2773/3000 [26:40<02:09,  1.75it/s]
qwen2.5-vl/pope/ricd/gqa/popular/seed1:  92%|█████████▏| 2774/3000 [26:40<02:09,  1.75it/s]
qwen2.5-vl/pope/ricd/gqa/popular/seed1:  92%|█████████▎| 2775/3000 [26:41<02:08,  1.75it/s]
qwen2.5-vl/pope/ricd/gqa/popular/seed1:  93%|█████████▎| 2776/3000 [26:41<02:08,  1.75it/s]
qwen2.5-vl/pope/ricd/gqa/popular/seed1:  93%|█████████▎| 2777/3000 [26:42<02:07,  1.75it/s]
qwen2.5-vl/pope/ricd/gqa/popular/seed1:  93%|█████████▎| 2778/3000 [26:43<02:06,  1.75it/s]
qwen2.5-vl/pope/ricd/gqa/popular/seed1:  93%|█████████▎| 2779/3000 [26:43<02:07,  1.73it/s]
qwen2.5-vl/pope/ricd/gqa/popular/seed1:  93%|█████████▎| 2780/3000 [26:44<02:07,  1.73it/s]
qwen2.5-vl/pope/ricd/gqa/popular/seed1:  93%|█████████▎| 2781/3000 [26:44<02:06,  1.72it/s]
qwen2.5-vl/pope/ricd/gqa/popular/seed1:  93%|█████████▎| 2782/3000 [26:45<02:06,  1.72it/s]
qwen2.5-vl/pope/ricd/gqa/popular/seed1:  93%|█████████▎| 2783/3000 [26:46<02:06,  1.72it/s]
qwen2.5-vl/pope/ricd/gqa/popular/seed1:  93%|█████████▎| 2784/3000 [26:46<02:05,  1.72it/s]
qwen2.5-vl/pope/ricd/gqa/popular/seed1:  93%|█████████▎| 2785/3000 [26:46<01:52,  1.91it/s]
qwen2.5-vl/pope/ricd/gqa/popular/seed1:  93%|█████████▎| 2786/3000 [26:47<01:43,  2.07it/s]
qwen2.5-vl/pope/ricd/gqa/popular/seed1:  93%|█████████▎| 2787/3000 [26:47<01:37,  2.19it/s]
qwen2.5-vl/pope/ricd/gqa/popular/seed1:  93%|█████████▎| 2788/3000 [26:48<01:32,  2.30it/s]
qwen2.5-vl/pope/ricd/gqa/popular/seed1:  93%|█████████▎| 2789/3000 [26:48<01:28,  2.38it/s]
qwen2.5-vl/pope/ricd/gqa/popular/seed1:  93%|█████████▎| 2790/3000 [26:48<01:26,  2.43it/s]
qwen2.5-vl/pope/ricd/gqa/popular/seed1:  93%|█████████▎| 2791/3000 [26:49<01:24,  2.47it/s]
qwen2.5-vl/pope/ricd/gqa/popular/seed1:  93%|█████████▎| 2792/3000 [26:49<01:23,  2.49it/s]
qwen2.5-vl/pope/ricd/gqa/popular/seed1:  93%|█████████▎| 2793/3000 [26:50<01:22,  2.51it/s]
qwen2.5-vl/pope/ricd/gqa/popular/seed1:  93%|█████████▎| 2794/3000 [26:50<01:21,  2.54it/s]
qwen2.5-vl/pope/ricd/gqa/popular/seed1:  93%|█████████▎| 2795/3000 [26:50<01:20,  2.55it/s]
qwen2.5-vl/pope/ricd/gqa/popular/seed1:  93%|█████████▎| 2796/3000 [26:51<01:19,  2.55it/s]
qwen2.5-vl/pope/ricd/gqa/popular/seed1:  93%|█████████▎| 2797/3000 [26:51<01:30,  2.24it/s]
qwen2.5-vl/pope/ricd/gqa/popular/seed1:  93%|█████████▎| 2798/3000 [26:52<01:37,  2.08it/s]
qwen2.5-vl/pope/ricd/gqa/popular/seed1:  93%|█████████▎| 2799/3000 [26:52<01:41,  1.97it/s]
qwen2.5-vl/pope/ricd/gqa/popular/seed1:  93%|█████████▎| 2800/3000 [26:53<01:44,  1.91it/s]
qwen2.5-vl/pope/ricd/gqa/popular/seed1:  93%|█████████▎| 2801/3000 [26:54<01:46,  1.87it/s]
qwen2.5-vl/pope/ricd/gqa/popular/seed1:  93%|█████████▎| 2802/3000 [26:54<01:47,  1.85it/s]
qwen2.5-vl/pope/ricd/gqa/popular/seed1:  93%|█████████▎| 2803/3000 [26:55<01:48,  1.81it/s]
qwen2.5-vl/pope/ricd/gqa/popular/seed1:  93%|█████████▎| 2804/3000 [26:55<01:49,  1.79it/s]
qwen2.5-vl/pope/ricd/gqa/popular/seed1:  94%|█████████▎| 2805/3000 [26:56<01:50,  1.77it/s]
qwen2.5-vl/pope/ricd/gqa/popular/seed1:  94%|█████████▎| 2806/3000 [26:56<01:50,  1.76it/s]
qwen2.5-vl/pope/ricd/gqa/popular/seed1:  94%|█████████▎| 2807/3000 [26:57<01:50,  1.75it/s]
qwen2.5-vl/pope/ricd/gqa/popular/seed1:  94%|█████████▎| 2808/3000 [26:58<01:50,  1.74it/s]
qwen2.5-vl/pope/ricd/gqa/popular/seed1:  94%|█████████▎| 2809/3000 [26:58<01:49,  1.74it/s]
qwen2.5-vl/pope/ricd/gqa/popular/seed1:  94%|█████████▎| 2810/3000 [26:59<01:49,  1.74it/s]
qwen2.5-vl/pope/ricd/gqa/popular/seed1:  94%|█████████▎| 2811/3000 [26:59<01:48,  1.74it/s]
qwen2.5-vl/pope/ricd/gqa/popular/seed1:  94%|█████████▎| 2812/3000 [27:00<01:48,  1.74it/s]
qwen2.5-vl/pope/ricd/gqa/popular/seed1:  94%|█████████▍| 2813/3000 [27:01<01:47,  1.74it/s]
qwen2.5-vl/pope/ricd/gqa/popular/seed1:  94%|█████████▍| 2814/3000 [27:01<01:47,  1.74it/s]
qwen2.5-vl/pope/ricd/gqa/popular/seed1:  94%|█████████▍| 2815/3000 [27:02<01:45,  1.75it/s]
qwen2.5-vl/pope/ricd/gqa/popular/seed1:  94%|█████████▍| 2816/3000 [27:02<01:44,  1.76it/s]
qwen2.5-vl/pope/ricd/gqa/popular/seed1:  94%|█████████▍| 2817/3000 [27:03<01:43,  1.76it/s]
qwen2.5-vl/pope/ricd/gqa/popular/seed1:  94%|█████████▍| 2818/3000 [27:03<01:43,  1.76it/s]
qwen2.5-vl/pope/ricd/gqa/popular/seed1:  94%|█████████▍| 2819/3000 [27:04<01:42,  1.76it/s]
qwen2.5-vl/pope/ricd/gqa/popular/seed1:  94%|█████████▍| 2820/3000 [27:04<01:42,  1.76it/s]
qwen2.5-vl/pope/ricd/gqa/popular/seed1:  94%|█████████▍| 2821/3000 [27:05<01:31,  1.95it/s]
qwen2.5-vl/pope/ricd/gqa/popular/seed1:  94%|█████████▍| 2822/3000 [27:05<01:24,  2.11it/s]
qwen2.5-vl/pope/ricd/gqa/popular/seed1:  94%|█████████▍| 2823/3000 [27:06<01:19,  2.23it/s]
qwen2.5-vl/pope/ricd/gqa/popular/seed1:  94%|█████████▍| 2824/3000 [27:06<01:15,  2.33it/s]
qwen2.5-vl/pope/ricd/gqa/popular/seed1:  94%|█████████▍| 2825/3000 [27:06<01:12,  2.40it/s]
qwen2.5-vl/pope/ricd/gqa/popular/seed1:  94%|█████████▍| 2826/3000 [27:07<01:10,  2.46it/s]
qwen2.5-vl/pope/ricd/gqa/popular/seed1:  94%|█████████▍| 2827/3000 [27:07<01:09,  2.49it/s]
qwen2.5-vl/pope/ricd/gqa/popular/seed1:  94%|█████████▍| 2828/3000 [27:08<01:08,  2.52it/s]
qwen2.5-vl/pope/ricd/gqa/popular/seed1:  94%|█████████▍| 2829/3000 [27:08<01:07,  2.55it/s]
qwen2.5-vl/pope/ricd/gqa/popular/seed1:  94%|█████████▍| 2830/3000 [27:08<01:06,  2.56it/s]
qwen2.5-vl/pope/ricd/gqa/popular/seed1:  94%|█████████▍| 2831/3000 [27:09<01:05,  2.56it/s]
qwen2.5-vl/pope/ricd/gqa/popular/seed1:  94%|█████████▍| 2832/3000 [27:09<01:05,  2.57it/s]
qwen2.5-vl/pope/ricd/gqa/popular/seed1:  94%|█████████▍| 2833/3000 [27:09<01:04,  2.58it/s]
qwen2.5-vl/pope/ricd/gqa/popular/seed1:  94%|█████████▍| 2834/3000 [27:10<01:04,  2.58it/s]
qwen2.5-vl/pope/ricd/gqa/popular/seed1:  94%|█████████▍| 2835/3000 [27:10<01:03,  2.59it/s]
qwen2.5-vl/pope/ricd/gqa/popular/seed1:  95%|█████████▍| 2836/3000 [27:11<01:03,  2.60it/s]
qwen2.5-vl/pope/ricd/gqa/popular/seed1:  95%|█████████▍| 2837/3000 [27:11<01:02,  2.60it/s]
qwen2.5-vl/pope/ricd/gqa/popular/seed1:  95%|█████████▍| 2838/3000 [27:11<01:02,  2.60it/s]
qwen2.5-vl/pope/ricd/gqa/popular/seed1:  95%|█████████▍| 2839/3000 [27:12<01:18,  2.05it/s]
qwen2.5-vl/pope/ricd/gqa/popular/seed1:  95%|█████████▍| 2840/3000 [27:13<01:29,  1.79it/s]
qwen2.5-vl/pope/ricd/gqa/popular/seed1:  95%|█████████▍| 2841/3000 [27:14<01:36,  1.64it/s]
qwen2.5-vl/pope/ricd/gqa/popular/seed1:  95%|█████████▍| 2842/3000 [27:14<01:42,  1.55it/s]
qwen2.5-vl/pope/ricd/gqa/popular/seed1:  95%|█████████▍| 2843/3000 [27:15<01:45,  1.49it/s]
qwen2.5-vl/pope/ricd/gqa/popular/seed1:  95%|█████████▍| 2844/3000 [27:16<01:47,  1.45it/s]
qwen2.5-vl/pope/ricd/gqa/popular/seed1:  95%|█████████▍| 2845/3000 [27:16<01:41,  1.53it/s]
qwen2.5-vl/pope/ricd/gqa/popular/seed1:  95%|█████████▍| 2846/3000 [27:17<01:36,  1.59it/s]
qwen2.5-vl/pope/ricd/gqa/popular/seed1:  95%|█████████▍| 2847/3000 [27:18<01:33,  1.64it/s]
qwen2.5-vl/pope/ricd/gqa/popular/seed1:  95%|█████████▍| 2848/3000 [27:18<01:31,  1.67it/s]
qwen2.5-vl/pope/ricd/gqa/popular/seed1:  95%|█████████▍| 2849/3000 [27:19<01:29,  1.69it/s]
qwen2.5-vl/pope/ricd/gqa/popular/seed1:  95%|█████████▌| 2850/3000 [27:19<01:27,  1.71it/s]
qwen2.5-vl/pope/ricd/gqa/popular/seed1:  95%|█████████▌| 2851/3000 [27:20<01:18,  1.90it/s]
qwen2.5-vl/pope/ricd/gqa/popular/seed1:  95%|█████████▌| 2852/3000 [27:20<01:11,  2.07it/s]
qwen2.5-vl/pope/ricd/gqa/popular/seed1:  95%|█████████▌| 2853/3000 [27:20<01:06,  2.20it/s]
qwen2.5-vl/pope/ricd/gqa/popular/seed1:  95%|█████████▌| 2854/3000 [27:21<01:03,  2.30it/s]
qwen2.5-vl/pope/ricd/gqa/popular/seed1:  95%|█████████▌| 2855/3000 [27:21<01:00,  2.39it/s]
qwen2.5-vl/pope/ricd/gqa/popular/seed1:  95%|█████████▌| 2856/3000 [27:22<00:58,  2.45it/s]
qwen2.5-vl/pope/ricd/gqa/popular/seed1:  95%|█████████▌| 2857/3000 [27:22<00:57,  2.49it/s]
qwen2.5-vl/pope/ricd/gqa/popular/seed1:  95%|█████████▌| 2858/3000 [27:22<00:56,  2.53it/s]
qwen2.5-vl/pope/ricd/gqa/popular/seed1:  95%|█████████▌| 2859/3000 [27:23<00:55,  2.55it/s]
qwen2.5-vl/pope/ricd/gqa/popular/seed1:  95%|█████████▌| 2860/3000 [27:23<00:54,  2.56it/s]
qwen2.5-vl/pope/ricd/gqa/popular/seed1:  95%|█████████▌| 2861/3000 [27:23<00:54,  2.56it/s]
qwen2.5-vl/pope/ricd/gqa/popular/seed1:  95%|█████████▌| 2862/3000 [27:24<00:53,  2.56it/s]
qwen2.5-vl/pope/ricd/gqa/popular/seed1:  95%|█████████▌| 2863/3000 [27:24<00:53,  2.57it/s]
qwen2.5-vl/pope/ricd/gqa/popular/seed1:  95%|█████████▌| 2864/3000 [27:25<00:52,  2.57it/s]
qwen2.5-vl/pope/ricd/gqa/popular/seed1:  96%|█████████▌| 2865/3000 [27:25<00:52,  2.57it/s]
qwen2.5-vl/pope/ricd/gqa/popular/seed1:  96%|█████████▌| 2866/3000 [27:25<00:52,  2.57it/s]
qwen2.5-vl/pope/ricd/gqa/popular/seed1:  96%|█████████▌| 2867/3000 [27:26<00:51,  2.57it/s]
qwen2.5-vl/pope/ricd/gqa/popular/seed1:  96%|█████████▌| 2868/3000 [27:26<00:51,  2.58it/s]
qwen2.5-vl/pope/ricd/gqa/popular/seed1:  96%|█████████▌| 2869/3000 [27:27<01:03,  2.05it/s]
qwen2.5-vl/pope/ricd/gqa/popular/seed1:  96%|█████████▌| 2870/3000 [27:28<01:13,  1.78it/s]
qwen2.5-vl/pope/ricd/gqa/popular/seed1:  96%|█████████▌| 2871/3000 [27:28<01:18,  1.64it/s]
qwen2.5-vl/pope/ricd/gqa/popular/seed1:  96%|█████████▌| 2872/3000 [27:29<01:22,  1.55it/s]
qwen2.5-vl/pope/ricd/gqa/popular/seed1:  96%|█████████▌| 2873/3000 [27:30<01:25,  1.49it/s]
qwen2.5-vl/pope/ricd/gqa/popular/seed1:  96%|█████████▌| 2874/3000 [27:31<01:26,  1.45it/s]
qwen2.5-vl/pope/ricd/gqa/popular/seed1:  96%|█████████▌| 2875/3000 [27:31<01:14,  1.67it/s]
qwen2.5-vl/pope/ricd/gqa/popular/seed1:  96%|█████████▌| 2876/3000 [27:31<01:06,  1.86it/s]
qwen2.5-vl/pope/ricd/gqa/popular/seed1:  96%|█████████▌| 2877/3000 [27:32<01:00,  2.04it/s]
qwen2.5-vl/pope/ricd/gqa/popular/seed1:  96%|█████████▌| 2878/3000 [27:32<00:56,  2.18it/s]
qwen2.5-vl/pope/ricd/gqa/popular/seed1:  96%|█████████▌| 2879/3000 [27:32<00:52,  2.29it/s]
qwen2.5-vl/pope/ricd/gqa/popular/seed1:  96%|█████████▌| 2880/3000 [27:33<00:50,  2.38it/s]
qwen2.5-vl/pope/ricd/gqa/popular/seed1:  96%|█████████▌| 2881/3000 [27:33<00:48,  2.45it/s]
qwen2.5-vl/pope/ricd/gqa/popular/seed1:  96%|█████████▌| 2882/3000 [27:34<00:47,  2.49it/s]
qwen2.5-vl/pope/ricd/gqa/popular/seed1:  96%|█████████▌| 2883/3000 [27:34<00:46,  2.53it/s]
qwen2.5-vl/pope/ricd/gqa/popular/seed1:  96%|█████████▌| 2884/3000 [27:34<00:45,  2.55it/s]
qwen2.5-vl/pope/ricd/gqa/popular/seed1:  96%|█████████▌| 2885/3000 [27:35<00:44,  2.56it/s]
qwen2.5-vl/pope/ricd/gqa/popular/seed1:  96%|█████████▌| 2886/3000 [27:35<00:44,  2.57it/s]
qwen2.5-vl/pope/ricd/gqa/popular/seed1:  96%|█████████▌| 2887/3000 [27:36<00:50,  2.26it/s]
qwen2.5-vl/pope/ricd/gqa/popular/seed1:  96%|█████████▋| 2888/3000 [27:36<00:53,  2.08it/s]
qwen2.5-vl/pope/ricd/gqa/popular/seed1:  96%|█████████▋| 2889/3000 [27:37<00:56,  1.97it/s]
qwen2.5-vl/pope/ricd/gqa/popular/seed1:  96%|█████████▋| 2890/3000 [27:37<00:57,  1.90it/s]
qwen2.5-vl/pope/ricd/gqa/popular/seed1:  96%|█████████▋| 2891/3000 [27:38<00:58,  1.85it/s]
qwen2.5-vl/pope/ricd/gqa/popular/seed1:  96%|█████████▋| 2892/3000 [27:39<00:59,  1.82it/s]
qwen2.5-vl/pope/ricd/gqa/popular/seed1:  96%|█████████▋| 2893/3000 [27:39<00:59,  1.80it/s]
qwen2.5-vl/pope/ricd/gqa/popular/seed1:  96%|█████████▋| 2894/3000 [27:40<00:59,  1.79it/s]
qwen2.5-vl/pope/ricd/gqa/popular/seed1:  96%|█████████▋| 2895/3000 [27:40<00:59,  1.78it/s]
qwen2.5-vl/pope/ricd/gqa/popular/seed1:  97%|█████████▋| 2896/3000 [27:41<00:58,  1.77it/s]
qwen2.5-vl/pope/ricd/gqa/popular/seed1:  97%|█████████▋| 2897/3000 [27:41<00:58,  1.77it/s]
qwen2.5-vl/pope/ricd/gqa/popular/seed1:  97%|█████████▋| 2898/3000 [27:42<00:57,  1.76it/s]
qwen2.5-vl/pope/ricd/gqa/popular/seed1:  97%|█████████▋| 2899/3000 [27:42<00:51,  1.95it/s]
qwen2.5-vl/pope/ricd/gqa/popular/seed1:  97%|█████████▋| 2900/3000 [27:43<00:47,  2.11it/s]
qwen2.5-vl/pope/ricd/gqa/popular/seed1:  97%|█████████▋| 2901/3000 [27:43<00:44,  2.24it/s]
qwen2.5-vl/pope/ricd/gqa/popular/seed1:  97%|█████████▋| 2902/3000 [27:44<00:41,  2.34it/s]
qwen2.5-vl/pope/ricd/gqa/popular/seed1:  97%|█████████▋| 2903/3000 [27:44<00:40,  2.42it/s]
qwen2.5-vl/pope/ricd/gqa/popular/seed1:  97%|█████████▋| 2904/3000 [27:44<00:38,  2.48it/s]
qwen2.5-vl/pope/ricd/gqa/popular/seed1:  97%|█████████▋| 2905/3000 [27:45<00:43,  2.20it/s]
qwen2.5-vl/pope/ricd/gqa/popular/seed1:  97%|█████████▋| 2906/3000 [27:45<00:45,  2.05it/s]
qwen2.5-vl/pope/ricd/gqa/popular/seed1:  97%|█████████▋| 2907/3000 [27:46<00:47,  1.95it/s]
qwen2.5-vl/pope/ricd/gqa/popular/seed1:  97%|█████████▋| 2908/3000 [27:47<00:48,  1.89it/s]
qwen2.5-vl/pope/ricd/gqa/popular/seed1:  97%|█████████▋| 2909/3000 [27:47<00:49,  1.85it/s]
qwen2.5-vl/pope/ricd/gqa/popular/seed1:  97%|█████████▋| 2910/3000 [27:48<00:49,  1.82it/s]
qwen2.5-vl/pope/ricd/gqa/popular/seed1:  97%|█████████▋| 2911/3000 [27:48<00:44,  2.00it/s]
qwen2.5-vl/pope/ricd/gqa/popular/seed1:  97%|█████████▋| 2912/3000 [27:48<00:41,  2.15it/s]
qwen2.5-vl/pope/ricd/gqa/popular/seed1:  97%|█████████▋| 2913/3000 [27:49<00:38,  2.26it/s]
qwen2.5-vl/pope/ricd/gqa/popular/seed1:  97%|█████████▋| 2914/3000 [27:49<00:36,  2.35it/s]
qwen2.5-vl/pope/ricd/gqa/popular/seed1:  97%|█████████▋| 2915/3000 [27:50<00:35,  2.42it/s]
qwen2.5-vl/pope/ricd/gqa/popular/seed1:  97%|█████████▋| 2916/3000 [27:50<00:34,  2.47it/s]
qwen2.5-vl/pope/ricd/gqa/popular/seed1:  97%|█████████▋| 2917/3000 [27:50<00:33,  2.51it/s]
qwen2.5-vl/pope/ricd/gqa/popular/seed1:  97%|█████████▋| 2918/3000 [27:51<00:32,  2.53it/s]
qwen2.5-vl/pope/ricd/gqa/popular/seed1:  97%|█████████▋| 2919/3000 [27:51<00:31,  2.55it/s]
qwen2.5-vl/pope/ricd/gqa/popular/seed1:  97%|█████████▋| 2920/3000 [27:52<00:31,  2.56it/s]
qwen2.5-vl/pope/ricd/gqa/popular/seed1:  97%|█████████▋| 2921/3000 [27:52<00:30,  2.57it/s]
qwen2.5-vl/pope/ricd/gqa/popular/seed1:  97%|█████████▋| 2922/3000 [27:52<00:30,  2.58it/s]
qwen2.5-vl/pope/ricd/gqa/popular/seed1:  97%|█████████▋| 2923/3000 [27:53<00:34,  2.26it/s]
qwen2.5-vl/pope/ricd/gqa/popular/seed1:  97%|█████████▋| 2924/3000 [27:53<00:36,  2.09it/s]
qwen2.5-vl/pope/ricd/gqa/popular/seed1:  98%|█████████▊| 2925/3000 [27:54<00:37,  1.98it/s]
qwen2.5-vl/pope/ricd/gqa/popular/seed1:  98%|█████████▊| 2926/3000 [27:55<00:38,  1.92it/s]
qwen2.5-vl/pope/ricd/gqa/popular/seed1:  98%|█████████▊| 2927/3000 [27:55<00:39,  1.86it/s]
qwen2.5-vl/pope/ricd/gqa/popular/seed1:  98%|█████████▊| 2928/3000 [27:56<00:39,  1.83it/s]
qwen2.5-vl/pope/ricd/gqa/popular/seed1:  98%|█████████▊| 2929/3000 [27:56<00:39,  1.80it/s]
qwen2.5-vl/pope/ricd/gqa/popular/seed1:  98%|█████████▊| 2930/3000 [27:57<00:39,  1.79it/s]
qwen2.5-vl/pope/ricd/gqa/popular/seed1:  98%|█████████▊| 2931/3000 [27:57<00:38,  1.78it/s]
qwen2.5-vl/pope/ricd/gqa/popular/seed1:  98%|█████████▊| 2932/3000 [27:58<00:38,  1.77it/s]
qwen2.5-vl/pope/ricd/gqa/popular/seed1:  98%|█████████▊| 2933/3000 [27:59<00:37,  1.76it/s]
qwen2.5-vl/pope/ricd/gqa/popular/seed1:  98%|█████████▊| 2934/3000 [27:59<00:37,  1.76it/s]
qwen2.5-vl/pope/ricd/gqa/popular/seed1:  98%|█████████▊| 2935/3000 [28:00<00:32,  1.98it/s]
qwen2.5-vl/pope/ricd/gqa/popular/seed1:  98%|█████████▊| 2936/3000 [28:00<00:29,  2.16it/s]
qwen2.5-vl/pope/ricd/gqa/popular/seed1:  98%|█████████▊| 2937/3000 [28:00<00:27,  2.32it/s]
qwen2.5-vl/pope/ricd/gqa/popular/seed1:  98%|█████████▊| 2938/3000 [28:01<00:25,  2.42it/s]
qwen2.5-vl/pope/ricd/gqa/popular/seed1:  98%|█████████▊| 2939/3000 [28:01<00:24,  2.52it/s]
qwen2.5-vl/pope/ricd/gqa/popular/seed1:  98%|█████████▊| 2940/3000 [28:01<00:23,  2.59it/s]
qwen2.5-vl/pope/ricd/gqa/popular/seed1:  98%|█████████▊| 2941/3000 [28:02<00:22,  2.58it/s]
qwen2.5-vl/pope/ricd/gqa/popular/seed1:  98%|█████████▊| 2942/3000 [28:02<00:22,  2.58it/s]
qwen2.5-vl/pope/ricd/gqa/popular/seed1:  98%|█████████▊| 2943/3000 [28:03<00:22,  2.59it/s]
qwen2.5-vl/pope/ricd/gqa/popular/seed1:  98%|█████████▊| 2944/3000 [28:03<00:21,  2.58it/s]
qwen2.5-vl/pope/ricd/gqa/popular/seed1:  98%|█████████▊| 2945/3000 [28:03<00:21,  2.58it/s]
qwen2.5-vl/pope/ricd/gqa/popular/seed1:  98%|█████████▊| 2946/3000 [28:04<00:20,  2.58it/s]
qwen2.5-vl/pope/ricd/gqa/popular/seed1:  98%|█████████▊| 2947/3000 [28:04<00:20,  2.62it/s]
qwen2.5-vl/pope/ricd/gqa/popular/seed1:  98%|█████████▊| 2948/3000 [28:04<00:19,  2.66it/s]
qwen2.5-vl/pope/ricd/gqa/popular/seed1:  98%|█████████▊| 2949/3000 [28:05<00:19,  2.67it/s]
qwen2.5-vl/pope/ricd/gqa/popular/seed1:  98%|█████████▊| 2950/3000 [28:05<00:18,  2.70it/s]
qwen2.5-vl/pope/ricd/gqa/popular/seed1:  98%|█████████▊| 2951/3000 [28:05<00:17,  2.73it/s]
qwen2.5-vl/pope/ricd/gqa/popular/seed1:  98%|█████████▊| 2952/3000 [28:06<00:17,  2.75it/s]
qwen2.5-vl/pope/ricd/gqa/popular/seed1:  98%|█████████▊| 2953/3000 [28:06<00:19,  2.36it/s]
qwen2.5-vl/pope/ricd/gqa/popular/seed1:  98%|█████████▊| 2954/3000 [28:07<00:21,  2.15it/s]
qwen2.5-vl/pope/ricd/gqa/popular/seed1:  98%|█████████▊| 2955/3000 [28:08<00:22,  2.01it/s]
qwen2.5-vl/pope/ricd/gqa/popular/seed1:  99%|█████████▊| 2956/3000 [28:08<00:22,  1.93it/s]
qwen2.5-vl/pope/ricd/gqa/popular/seed1:  99%|█████████▊| 2957/3000 [28:09<00:23,  1.87it/s]
qwen2.5-vl/pope/ricd/gqa/popular/seed1:  99%|█████████▊| 2958/3000 [28:09<00:22,  1.83it/s]
qwen2.5-vl/pope/ricd/gqa/popular/seed1:  99%|█████████▊| 2959/3000 [28:10<00:20,  2.01it/s]
qwen2.5-vl/pope/ricd/gqa/popular/seed1:  99%|█████████▊| 2960/3000 [28:10<00:18,  2.15it/s]
qwen2.5-vl/pope/ricd/gqa/popular/seed1:  99%|█████████▊| 2961/3000 [28:10<00:17,  2.26it/s]
qwen2.5-vl/pope/ricd/gqa/popular/seed1:  99%|█████████▊| 2962/3000 [28:11<00:16,  2.34it/s]
qwen2.5-vl/pope/ricd/gqa/popular/seed1:  99%|█████████▉| 2963/3000 [28:11<00:15,  2.38it/s]
qwen2.5-vl/pope/ricd/gqa/popular/seed1:  99%|█████████▉| 2964/3000 [28:12<00:14,  2.43it/s]
qwen2.5-vl/pope/ricd/gqa/popular/seed1:  99%|█████████▉| 2965/3000 [28:14<00:36,  1.03s/it]
qwen2.5-vl/pope/ricd/gqa/popular/seed1:  99%|█████████▉| 2966/3000 [28:16<00:49,  1.44s/it]
qwen2.5-vl/pope/ricd/gqa/popular/seed1:  99%|█████████▉| 2967/3000 [28:19<00:56,  1.73s/it]
qwen2.5-vl/pope/ricd/gqa/popular/seed1:  99%|█████████▉| 2968/3000 [28:21<01:01,  1.93s/it]
qwen2.5-vl/pope/ricd/gqa/popular/seed1:  99%|█████████▉| 2969/3000 [28:24<01:04,  2.07s/it]
qwen2.5-vl/pope/ricd/gqa/popular/seed1:  99%|█████████▉| 2970/3000 [28:26<01:05,  2.17s/it]
qwen2.5-vl/pope/ricd/gqa/popular/seed1:  99%|█████████▉| 2971/3000 [28:27<00:48,  1.69s/it]
qwen2.5-vl/pope/ricd/gqa/popular/seed1:  99%|█████████▉| 2972/3000 [28:27<00:37,  1.35s/it]
qwen2.5-vl/pope/ricd/gqa/popular/seed1:  99%|█████████▉| 2973/3000 [28:28<00:30,  1.12s/it]
qwen2.5-vl/pope/ricd/gqa/popular/seed1:  99%|█████████▉| 2974/3000 [28:28<00:24,  1.05it/s]
qwen2.5-vl/pope/ricd/gqa/popular/seed1:  99%|█████████▉| 2975/3000 [28:29<00:20,  1.19it/s]
qwen2.5-vl/pope/ricd/gqa/popular/seed1:  99%|█████████▉| 2976/3000 [28:29<00:18,  1.32it/s]
qwen2.5-vl/pope/ricd/gqa/popular/seed1:  99%|█████████▉| 2977/3000 [28:30<00:16,  1.42it/s]
qwen2.5-vl/pope/ricd/gqa/popular/seed1:  99%|█████████▉| 2978/3000 [28:31<00:14,  1.51it/s]
qwen2.5-vl/pope/ricd/gqa/popular/seed1:  99%|█████████▉| 2979/3000 [28:31<00:13,  1.57it/s]
qwen2.5-vl/pope/ricd/gqa/popular/seed1:  99%|█████████▉| 2980/3000 [28:32<00:12,  1.62it/s]
qwen2.5-vl/pope/ricd/gqa/popular/seed1:  99%|█████████▉| 2981/3000 [28:32<00:11,  1.65it/s]
qwen2.5-vl/pope/ricd/gqa/popular/seed1:  99%|█████████▉| 2982/3000 [28:33<00:10,  1.69it/s]
qwen2.5-vl/pope/ricd/gqa/popular/seed1:  99%|█████████▉| 2983/3000 [28:33<00:09,  1.71it/s]
qwen2.5-vl/pope/ricd/gqa/popular/seed1:  99%|█████████▉| 2984/3000 [28:34<00:09,  1.72it/s]
qwen2.5-vl/pope/ricd/gqa/popular/seed1: 100%|█████████▉| 2985/3000 [28:35<00:08,  1.73it/s]
qwen2.5-vl/pope/ricd/gqa/popular/seed1: 100%|█████████▉| 2986/3000 [28:35<00:08,  1.74it/s]
qwen2.5-vl/pope/ricd/gqa/popular/seed1: 100%|█████████▉| 2987/3000 [28:36<00:07,  1.74it/s]
qwen2.5-vl/pope/ricd/gqa/popular/seed1: 100%|█████████▉| 2988/3000 [28:36<00:06,  1.74it/s]
qwen2.5-vl/pope/ricd/gqa/popular/seed1: 100%|█████████▉| 2989/3000 [28:37<00:05,  1.93it/s]
qwen2.5-vl/pope/ricd/gqa/popular/seed1: 100%|█████████▉| 2990/3000 [28:37<00:04,  2.09it/s]
qwen2.5-vl/pope/ricd/gqa/popular/seed1: 100%|█████████▉| 2991/3000 [28:38<00:04,  2.22it/s]
qwen2.5-vl/pope/ricd/gqa/popular/seed1: 100%|█████████▉| 2992/3000 [28:38<00:03,  2.32it/s]
qwen2.5-vl/pope/ricd/gqa/popular/seed1: 100%|█████████▉| 2993/3000 [28:38<00:02,  2.40it/s]
qwen2.5-vl/pope/ricd/gqa/popular/seed1: 100%|█████████▉| 2994/3000 [28:39<00:02,  2.46it/s]
qwen2.5-vl/pope/ricd/gqa/popular/seed1: 100%|█████████▉| 2995/3000 [28:39<00:02,  2.21it/s]
qwen2.5-vl/pope/ricd/gqa/popular/seed1: 100%|█████████▉| 2996/3000 [28:40<00:01,  2.06it/s]
qwen2.5-vl/pope/ricd/gqa/popular/seed1: 100%|█████████▉| 2997/3000 [28:40<00:01,  1.96it/s]
qwen2.5-vl/pope/ricd/gqa/popular/seed1: 100%|█████████▉| 2998/3000 [28:41<00:01,  1.90it/s]
qwen2.5-vl/pope/ricd/gqa/popular/seed1: 100%|█████████▉| 2999/3000 [28:41<00:00,  1.86it/s]
qwen2.5-vl/pope/ricd/gqa/popular/seed1: 100%|██████████| 3000/3000 [28:42<00:00,  1.83it/s]
qwen2.5-vl/pope/ricd/gqa/popular/seed1: 100%|██████████| 3000/3000 [28:42<00:00,  1.74it/s]
{
  "protocol_version": "qwen2.5-vl-ricd-clean-random-lambda-l15-v1",
  "benchmark": "pope",
  "model": "qwen2.5-vl",
  "method": "ricd",
  "dataset": "gqa",
  "setting": "popular",
  "seed": 1,
  "generation": {
    "do_sample": false,
    "temperature": 1.0,
    "top_p": 1.0,
    "top_k": null,
    "max_new_tokens": 32,
    "use_cache": false
  },
  "ricd": {
    "lambda_l": 1.5,
    "lambda_s": 1.0,
    "tau_l": 1.0,
    "tau_v": 1.0,
    "top_k_proxy": 10,
    "apc_mode": "relative_max",
    "theta_apc": 0.3,
    "selection_status": "predeclared_clean_lambda_l_sweep_l15"
  },
  "metrics": {
    "agla_official_compatible": {
      "total": 3000,
      "correct": 2580,
      "tp": 1290,
      "fp": 210,
      "tn": 1290,
      "fn": 210,
      "unknown_predictions": 0,
      "ambiguous_contains_both": 0,
      "accuracy": 86.0,
      "precision": 86.0,
      "recall": 86.0,
      "f1": 85.99999999999999,
      "yes_ratio": 50.0
    },
    "strict_first_token": {
      "total": 3000,
      "correct": 2580,
      "tp": 1290,
      "fp": 210,
      "tn": 1290,
      "fn": 210,
      "unknown_predictions": 9,
      "ambiguous_contains_both": 0,
      "accuracy": 86.0,
      "precision": 86.0,
      "recall": 86.0,
      "f1": 85.99999999999999,
      "yes_ratio": 50.0
    }
  }
}
[2026-08-26 01:07:04] DONE Qwen RiCD fixed l15 gqa popular
[2026-08-26 01:07:04] ALL_DONE popular
